id,vernacularName,language,locality,countryCode,source,lexicon,contributor,created
89413,Brahmana kenda,und,"","",http://www.ubio.org/browser/details.php?namebankID=4713581,Malayalam,Ken-ichi Ueda,2012-11-11T02:41:38Z
89413,Brahmana kendai,und,"","",http://www.ubio.org/browser/details.php?namebankID=4713582,Malayalam,Ken-ichi Ueda,2012-11-11T02:41:38Z
369989,Rudraspushpam,und,India,IN,Integrated Taxonomic Information System website at https://www.itis.gov/,Malayalam,Chandan Pandey,2014-09-11T18:28:08Z
20978,ഉഭയജീവി,und,"Kerala, IN","",,Malayalam,John E. Christensen,2017-12-01T10:21:03Z
355675,നട്ടെല്ലുള്ള ജീവികൾ,und,"","",,Malayalam,John E. Christensen,2017-12-06T09:25:34Z
211194,ട്രക്കിയോഫൈറ്റ്,und,"","",,Malayalam,John E. Christensen,2017-12-24T13:21:36Z
311249,ശേവാലം,und,"","",,Malayalam,John E. Christensen,2018-01-01T10:07:03Z
43343,സുമാത്രൻ കാണ്ടാമൃഗം,und,"","",,Malayalam,Bobby McCabe,2018-01-29T01:26:41Z
196615,അടവാലൻ തിരണ്ടി,und,"","",,Malayalam,John E. Christensen,2018-02-04T16:25:17Z
47144,നായ,und,"","",,Malayalam,John E. Christensen,2018-02-16T15:48:31Z
61905,လဗင်ဒါပင်,und,"","",,Malayalam,John E. Christensen,2018-05-09T07:37:37Z
26433,വയനാടൻ കരിയിലത്തവള,und,"","",,Malayalam,Bobby McCabe,2018-05-14T02:18:57Z
82096,മഗ്നോലിയ,und,"","",,Malayalam,John E. Christensen,2018-06-30T18:32:19Z
47375,കോണിഫർ,und,"","",,Malayalam,John E. Christensen,2018-08-12T07:05:56Z
58321,സാപ്പിൻഡേസീ,und,"","",,Malayalam,John E. Christensen,2018-10-29T16:57:13Z
805392,Ada kodien,und,"","",,Malayalam,Kai-Philipp Schablewski,2018-12-03T00:25:23Z
36982,അരണ,und,"","",,Malayalam,John E. Christensen,2018-12-06T10:01:35Z
114891,ഉടുമ്പ്,und,"","",,Malayalam,John E. Christensen,2019-01-03T07:20:39Z
7006,വാത്ത,und,"","",,Malayalam,John E. Christensen,2019-01-04T08:38:28Z
4950,ആർഡിയ,und,"","",,Malayalam,John E. Christensen,2019-01-13T08:45:47Z
45933,അണ്ണാൻ (കുടുംബം),und,"","",,Malayalam,John E. Christensen,2019-01-14T09:20:38Z
4756,ടർക്കി കഴുകൻ,und,"","",,Malayalam,John E. Christensen,2019-01-23T10:06:16Z
63597,Balala,und,"","",http://www.catalogueoflife.org/annual-checklist/details/species/id/10076469/common/66382,Malayalam,Wich’yanan (Jay) Limparungpatthanakij,2019-02-27T00:35:45Z
103436,Balala,und,"","",http://www.catalogueoflife.org/annual-checklist/details/species/id/10076421/common/67088,Malayalam,,2019-02-27T00:35:46Z
94231,Balala,und,"","",http://www.catalogueoflife.org/annual-checklist/details/species/id/10073015/common/106558,Malayalam,Wich’yanan (Jay) Limparungpatthanakij,2019-02-27T00:35:46Z
84964,ഹെലിക്കോണിയ,und,"","",,Malayalam,John E. Christensen,2019-03-31T13:49:12Z
82814,താമര,und,"","",,Malayalam,John E. Christensen,2019-05-05T10:46:37Z
43444,മകാക്,und,"","",,Malayalam,John E. Christensen,2019-05-08T12:16:04Z
904682,Kattu Thumba,und,"Kerala, IN","",,Malayalam,harshithjv,2019-06-30T18:57:22Z
160294,കുടകം,und,"","",,Malayalam,harshithjv,2019-07-14T10:59:08Z
160294,കുടഞ്ഞാല്‍,und,"","",,Malayalam,harshithjv,2019-07-14T10:59:33Z
122835,Chempakizhanna,und,"","",,Malayalam,harshithjv,2019-07-14T12:34:13Z
934078,Suryamani,und,"","",,Malayalam,Lera Miles,2019-09-07T23:44:58Z
72281,പെലർഗോണിയം,und,"","",,Malayalam,John E. Christensen,2019-10-26T07:10:00Z
505478,കോഴി,und,"","",,Malayalam,John E. Christensen,2019-12-18T08:44:14Z
851911,kazhanchi,und,"","",https://www.inaturalist.org/taxon_names/1364811/edit,Malayalam,,2020-04-05T22:18:34Z
134200,ഗരുഡശലഭം,und,"Kerala, IN","",,Malayalam,Firos AK,2020-04-19T07:57:55Z
548323,ബുദ്ധമയൂരി,und,"","",,Malayalam,Firos AK,2020-04-19T08:19:14Z
51581,വിറവാലൻ,und,"","",,Malayalam,Manoj Karingamadathil,2020-04-19T18:00:49Z
210213,വരയൻ വാൾവാലൻ,und,"","",,Malayalam,Manoj Karingamadathil,2020-04-19T18:03:54Z
699812,നീലഗിരി പാപ്പാത്തി,und,"Kerala, IN","",,Malayalam,Firos AK,2020-04-21T15:08:49Z
518640,പുള്ളിമാരൻ,und,"Kerala, IN","",,Malayalam,Firos AK,2020-04-21T15:38:08Z
124872,താരകനീലി,und,"Kerala, IN","",,Malayalam,Firos AK,2020-05-03T18:19:13Z
787042,കണ്ണാന്തളി,und,"Kerala, IN","",,Malayalam,Firos AK,2020-05-23T17:58:34Z
526556,നീർനായ (ഉപകുടുംബം),und,"","",,Malayalam,John E. Christensen,2020-06-07T11:45:01Z
1076093,Scheru-valli-caniram,und,"","",,Malayalam,Kitty Maurey,2020-07-16T13:03:51Z
1076093,Cherukanniram,und,"","",,Malayalam,Kitty Maurey,2020-07-16T13:04:26Z
30264,കാട്ടുപാമ്പ്,und,"","",,Malayalam,Kitty Maurey,2020-10-08T14:34:48Z
1148606,Shirukodala,und,"","",,Malayalam,Kitty Maurey,2020-11-04T23:35:33Z
1148606,Pungeri,und,"","",,Malayalam,Kitty Maurey,2020-11-04T23:35:50Z
1148606,Kalrudraksham,und,"","",,Malayalam,Kitty Maurey,2020-11-04T23:36:06Z
1148606,Punkara,und,"","",,Malayalam,Kitty Maurey,2020-11-04T23:36:20Z
1148606,Pungari,und,"","",,Malayalam,Kitty Maurey,2020-11-04T23:36:35Z
56943,Choora,und,"","",http://www.catalogueoflife.org/annual-checklist/details/species/id/10072945/common/258400,Malayalam,Wojciech Duda,2020-12-17T09:09:55Z
188560,Choora,und,"","",http://www.catalogueoflife.org/annual-checklist/details/species/id/10072981/common/159706,Malayalam,,2020-12-17T09:09:55Z
120615,Choora,und,"","",http://www.catalogueoflife.org/annual-checklist/details/species/id/10072938/common/160732,Malayalam,Donald Davesne,2020-12-17T09:09:56Z
28868,Chera ചേര,und,"","",,Malayalam,Pranav Chandra Bose,2021-01-21T05:16:22Z
82231,പാറ്റ,und,"","",,Malayalam,Pranav Chandra Bose,2021-02-04T12:28:10Z
143383,വിലാസിനി,und,"","",,Malayalam,Pranav Chandra Bose,2021-02-05T16:14:56Z
119291,തുമ്പ,und,"Kerala, IN","",,Malayalam,Pranav Chandra Bose,2021-02-12T13:45:05Z
158007,മഞ്ചാടി,und,"","",,Malayalam,Pranav Chandra Bose,2021-02-13T10:06:32Z
178810,നത്തോലി,und,"","",,Malayalam,Pranav Chandra Bose,2021-02-14T15:23:54Z
5268,ചക്കിപ്പരുന്ത്,und,"","",,Malayalam,Pranav Chandra Bose,2021-02-19T16:34:20Z
119450,എറിക്കേസീ,und,"","",,Malayalam,John E. Christensen,2021-02-26T15:14:39Z
100604,കരിമീൻ,und,"","",,Malayalam,Pranav Chandra Bose,2021-03-06T05:16:32Z
93987,കരിപ്പിടി,und,"","",,Malayalam,Pranav Chandra Bose,2021-03-06T05:24:27Z
94389,മാനത്തുകണ്ണി,und,"","",,Malayalam,Pranav Chandra Bose,2021-03-06T05:27:15Z
93987,കല്ലേമുട്ടി,und,"","",,Malayalam,Pranav Chandra Bose,2021-03-06T05:28:15Z
97280,വരാൽ,und,"","",,Malayalam,Pranav Chandra Bose,2021-03-06T14:38:35Z
106401,വെള്ളക്കൂരി,und,"","",,Malayalam,Pranav Chandra Bose,2021-03-06T14:41:18Z
287316,മരമുല്ല,und,"","",,Malayalam,Pranav Chandra Bose,2021-03-06T15:54:14Z
193609,വയൽച്ചുളളി [vayalchulli],und,"","",,Malayalam,harshithjv,2021-04-03T05:47:00Z
925714,മരപ്പട്ടി Marappatti,und,"","",,Malayalam,Pranav Chandra Bose,2021-04-09T11:36:24Z
37551,Kaattarana കാട്ടരണ,und,"","",,Malayalam,Pranav Chandra Bose,2021-04-11T16:45:06Z
32810,മരയോന്ത്,und,"","",,Malayalam,Pranav Chandra Bose,2021-04-11T16:47:00Z
31270,കാട്ടുപച്ചയോന്ത്,und,"","",,Malayalam,Pranav Chandra Bose,2021-04-11T16:51:29Z
39415,Udumbu -ഉടുമ്പ്,und,"","",,Malayalam,Pranav Chandra Bose,2021-04-11T16:57:09Z
51940,Palli -പല്ലി,und,"","",,Malayalam,Pranav Chandra Bose,2021-04-11T16:59:44Z
31408,Paarayonthu-പാറയോന്ത്,und,"","",,Malayalam,Pranav Chandra Bose,2021-04-11T17:05:40Z
4647,Kaayalpullu കായൽ പുള്ള്,und,"","",,Malayalam,Pranav Chandra Bose,2021-04-12T04:33:14Z
8031,കാവതിക്കാക്ക,und,"","",,Malayalam,Navaneeth Sini George,2021-04-30T05:06:01Z
8026,ബലിക്കാക്ക,und,"","",,Malayalam,Navaneeth Sini George,2021-04-30T05:09:14Z
602392,വടക്കൻ ചിലുചിലുപ്പൻ,und,"","",,Malayalam,Navaneeth Sini George,2021-04-30T05:13:46Z
793241,തെക്കൻ ചിലുചിലുപ്പൻ,und,"","",,Malayalam,Navaneeth Sini George,2021-04-30T05:17:09Z
558540,ബാണാസുര ചിലുചിലുപ്പൻ,und,"","",,Malayalam,Navaneeth Sini George,2021-04-30T05:21:08Z
117055,വില്ലോ കുരുവി,und,"","",,Malayalam,Navaneeth Sini George,2021-04-30T05:28:40Z
4993,കുളക്കൊക്ക്,und,"","",,Malayalam,Navaneeth Sini George,2021-04-30T05:33:06Z
4990,ചീന കുളക്കൊക്ക്,und,"","",,Malayalam,Navaneeth Sini George,2021-04-30T05:34:25Z
5062,ചേരക്കോഴി,und,"","",,Malayalam,Navaneeth Sini George,2021-04-30T05:35:49Z
497004,ചെറിയ നീർക്കാക്ക,und,"","",,Malayalam,Navaneeth Sini George,2021-04-30T05:41:13Z
4264,കിന്നരി നീർക്കാക്ക,und,"","",,Malayalam,Navaneeth Sini George,2021-04-30T05:42:31Z
4270,വലിയ നീർക്കാക്ക,und,"","",,Malayalam,Navaneeth Sini George,2021-04-30T05:45:17Z
20969,ഉപ്പൂപ്പൻ,und,"","",,Malayalam,Navaneeth Sini George,2021-04-30T05:49:05Z
20800,തീക്കാക്ക,und,"","",,Malayalam,Navaneeth Sini George,2021-04-30T05:50:38Z
5536,മലമുഴക്കി,und,"","",,Malayalam,Navaneeth Sini George,2021-04-30T05:54:31Z
5555,പാണ്ടൻ വേഴാമ്പൽ,und,"","",,Malayalam,Navaneeth Sini George,2021-04-30T05:55:36Z
5538,കോഴി വേഴാമ്പൽ,und,"","",,Malayalam,Navaneeth Sini George,2021-04-30T05:57:19Z
5540,നാട്ടുവേഴാമ്പൽ,und,"","",,Malayalam,Navaneeth Sini George,2021-04-30T05:58:20Z
59848,ചൂളക്കാക്ക,und,"","",,Malayalam,Navaneeth Sini George,2021-04-30T06:00:40Z
14388,കാവി,und,"","",,Malayalam,Navaneeth Sini George,2021-04-30T06:02:50Z
2293,കാട്ടു പനങ്കാക്ക,und,"","",,Malayalam,Navaneeth Sini George,2021-04-30T06:04:25Z
979665,പനങ്കാക്ക,und,"","",,Malayalam,Navaneeth Sini George,2021-04-30T06:07:22Z
2266,യൂറോപ്യൻ പനങ്കാക്ക,und,"","",,Malayalam,Navaneeth Sini George,2021-04-30T06:08:42Z
4616,ഞണ്ടുണ്ണി,und,"","",,Malayalam,Navaneeth Sini George,2021-04-30T06:13:08Z
19687,മാക്കാച്ചിക്കാട,und,"","",,Malayalam,Navaneeth Sini George,2021-04-30T06:14:18Z
20445,വെള്ളിമൂങ്ങ,und,"","",,Malayalam,Navaneeth Sini George,2021-04-30T06:16:03Z
11901,വയൽക്കോതിക്കത്രിക,und,"","",,Malayalam,Navaneeth Sini George,2021-04-30T06:18:07Z
102886,കാനക്കത്രിക,und,"","",,Malayalam,Navaneeth Sini George,2021-04-30T06:21:13Z
204519,മീൻകൊത്തിച്ചാത്തൻ,und,"","",,Malayalam,Navaneeth Sini George,2021-05-02T12:10:05Z
2366,കാക്കമീൻകൊത്തി,und,"","",,Malayalam,Navaneeth Sini George,2021-05-02T12:11:46Z
2599,ചെറിയ മീൻകൊത്തി,und,"","",,Malayalam,Navaneeth Sini George,2021-05-02T12:13:15Z
850880,മേനിപ്പൊന്മാൻ,und,"","",,Malayalam,Navaneeth Sini George,2021-05-02T12:14:55Z
2562,പൊടിപ്പൊന്മാൻ,und,"","",,Malayalam,Navaneeth Sini George,2021-05-02T12:16:51Z
2662,പുള്ളിമീൻകൊത്തി,und,"","",,Malayalam,Navaneeth Sini George,2021-05-02T12:18:02Z
2353,കരിന്തലയൻ മീൻകൊത്തി,und,"","",,Malayalam,Navaneeth Sini George,2021-05-02T12:19:10Z
2212,വലിയ വേലിത്തത്ത,und,"","",,Malayalam,Navaneeth Sini George,2021-05-02T12:21:17Z
2229,നാട്ടുവേലിത്തത്ത,und,"","",,Malayalam,Navaneeth Sini George,2021-05-02T12:22:32Z
2208,ചെന്തലയൻ വേലിത്തത്ത,und,"","",,Malayalam,Navaneeth Sini George,2021-05-02T12:23:38Z
2250,കാട്ടുവേലിത്തത്ത,und,"","",,Malayalam,Navaneeth Sini George,2021-05-02T12:25:07Z
2245,നീലക്കവിളൻ വേലിത്തത്ത,und,"","",,Malayalam,Navaneeth Sini George,2021-05-02T12:26:37Z
2191,യൂറോപ്യൻ വേലിത്തത്ത,und,"","",,Malayalam,Navaneeth Sini George,2021-05-02T12:28:49Z
204541,നീലകണ്ഠൻ വേലിത്തത്ത,und,"","",,Malayalam,Navaneeth Sini George,2021-05-02T12:30:10Z
6535,കൊമ്പൻ ശരപ്പക്ഷി,und,"","",,Malayalam,Navaneeth Sini George,2021-05-02T12:32:08Z
984765,അപൂർവ മാരൻ,und,"","",,Malayalam,Firos AK,2021-06-21T17:11:45Z
362633,വെള്ളി മാരൻ,und,"","",,Malayalam,Firos AK,2021-06-21T17:13:06Z
125061,നാഗശലഭം (സർപ്പമുഖി),und,"","",,Malayalam,Firos AK,2021-06-21T17:15:13Z
349264,ഇരുവരയൻ ആട്ടക്കാരി,und,"","",,Malayalam,Firos AK,2021-07-01T00:21:37Z
149287,വെള്ളിവാലൻ,und,"","",,Malayalam,Firos AK,2021-07-01T00:29:38Z
145543,കുറുനരിപ്പച്ച,und,"","",,Malayalam,Firos AK,2021-07-09T13:11:00Z
52188,Makara-sravu,und,"","",http://www.catalogueoflife.org/annual-checklist/details/species/id/10065883/common/332071,Malayalam,,2021-07-13T18:52:38Z
52188,Thimingala sura,und,"","",http://www.catalogueoflife.org/annual-checklist/details/species/id/10065883/common/332054,Malayalam,,2021-07-13T18:52:57Z
52188,Vybedu,und,"","",http://www.catalogueoflife.org/annual-checklist/details/species/id/10065883/common/332040,Malayalam,,2021-07-13T18:53:07Z
52188,തിമിംഗല സ്റാവ്,und,"","",http://www.catalogueoflife.org/annual-checklist/details/species/id/10065883/common/332016,Malayalam,,2021-07-13T18:53:18Z
52188,പുള്ളി ഉടുന്വു,und,"","",http://www.catalogueoflife.org/annual-checklist/details/species/id/10065883/common/332015,Malayalam,,2021-07-13T18:53:27Z
52188,മകര സ്റാവ്,und,"","",http://www.catalogueoflife.org/annual-checklist/details/species/id/10065883/common/332014,Malayalam,,2021-07-13T18:53:42Z
94203,മകര സ്റാവ്,und,"","",http://www.catalogueoflife.org/annual-checklist/details/species/id/10077954/common/225794,Malayalam,,2021-07-13T18:53:42Z
100111,Kolamin,und,"","",http://www.catalogueoflife.org/annual-checklist/details/species/id/10073135/common/42173,Malayalam,Victor HOYEAU,2021-07-15T12:17:02Z
100116,Kolamin,und,"","",http://www.catalogueoflife.org/annual-checklist/details/species/id/10073140/common/41972,Malayalam,,2021-07-15T12:17:02Z
100146,Kolamin,und,"","",http://www.catalogueoflife.org/annual-checklist/details/species/id/10073169/common/40764,Malayalam,,2021-07-15T12:17:02Z
96990,Kolamin,und,"","",http://www.catalogueoflife.org/annual-checklist/details/species/id/10073038/common/61275,Malayalam,,2021-07-15T12:17:02Z
100111,Varaya kalawa,und,"","",http://www.catalogueoflife.org/annual-checklist/details/species/id/10073135/common/42137,Malayalam,Victor HOYEAU,2021-07-15T12:17:31Z
96990,കലവ മീന്,und,"","",http://www.catalogueoflife.org/annual-checklist/details/species/id/10073038/common/61218,Malayalam,,2021-07-15T12:17:46Z
100111,കലവ മീന്,und,"","",http://www.catalogueoflife.org/annual-checklist/details/species/id/10073135/common/42119,Malayalam,Victor HOYEAU,2021-07-15T12:17:47Z
100116,കലവ മീന്,und,"","",http://www.catalogueoflife.org/annual-checklist/details/species/id/10073140/common/41938,Malayalam,,2021-07-15T12:17:47Z
100146,കലവ മീന്,und,"","",http://www.catalogueoflife.org/annual-checklist/details/species/id/10073169/common/40716,Malayalam,,2021-07-15T12:17:47Z
100111,കൊലമീന്,und,"","",http://www.catalogueoflife.org/annual-checklist/details/species/id/10073135/common/42118,Malayalam,Victor HOYEAU,2021-07-15T12:18:12Z
100116,കൊലമീന്,und,"","",http://www.catalogueoflife.org/annual-checklist/details/species/id/10073140/common/41937,Malayalam,,2021-07-15T12:18:12Z
100146,കൊലമീന്,und,"","",http://www.catalogueoflife.org/annual-checklist/details/species/id/10073169/common/40715,Malayalam,,2021-07-15T12:18:13Z
100111,വരയന് കലവ,und,"","",http://www.catalogueoflife.org/annual-checklist/details/species/id/10073135/common/42116,Malayalam,Victor HOYEAU,2021-07-15T12:18:35Z
94389,Choottan,und,"","",http://www.catalogueoflife.org/annual-checklist/details/species/id/10062244/common/156862,Malayalam,,2021-07-15T12:47:58Z
94389,Manattukanni,und,"","",http://www.catalogueoflife.org/annual-checklist/details/species/id/10062244/common/156854,Malayalam,,2021-07-15T12:48:07Z
94389,Varayan poonjan,und,"","",http://www.catalogueoflife.org/annual-checklist/details/species/id/10062244/common/156839,Malayalam,,2021-07-15T12:48:16Z
94389,ചൂട്ടന്,und,"","",http://www.catalogueoflife.org/annual-checklist/details/species/id/10062244/common/156837,Malayalam,,2021-07-15T12:48:39Z
94389,മാനത്ത് കണ്ണി,und,"","",http://www.catalogueoflife.org/annual-checklist/details/species/id/10062244/common/156836,Malayalam,,2021-07-15T12:48:48Z
94389,വരയന് പൂഞ്ഞാന്,und,"","",http://www.catalogueoflife.org/annual-checklist/details/species/id/10062244/common/156835,Malayalam,,2021-07-15T12:49:00Z
107889,Kolathile-meen,und,"","",http://www.catalogueoflife.org/annual-checklist/details/species/id/10067864/common/96893,Malayalam,JIN Pin-Tsen,2021-07-15T15:02:31Z
107889,Thilapia,und,"","",http://www.catalogueoflife.org/annual-checklist/details/species/id/10067864/common/96859,Malayalam,JIN Pin-Tsen,2021-07-15T15:02:40Z
107889,തിലാപി,und,"","",http://www.catalogueoflife.org/annual-checklist/details/species/id/10067864/common/96934,Malayalam,JIN Pin-Tsen,2021-07-15T15:03:05Z
107889,തിലോപ്പി,und,"","",http://www.catalogueoflife.org/annual-checklist/details/species/id/10067864/common/96935,Malayalam,JIN Pin-Tsen,2021-07-15T15:03:14Z
97274,Puli vaka,und,"","",http://www.catalogueoflife.org/annual-checklist/details/species/id/10070074/common/128849,Malayalam,,2021-07-15T15:16:58Z
97274,Vaaka varaal,und,"","",http://www.catalogueoflife.org/annual-checklist/details/species/id/10070074/common/128839,Malayalam,,2021-07-15T15:17:07Z
97274,പുലി വാക,und,"","",http://www.catalogueoflife.org/annual-checklist/details/species/id/10070074/common/128838,Malayalam,,2021-07-15T15:17:16Z
97274,പുള്ളി വാക,und,"","",http://www.catalogueoflife.org/annual-checklist/details/species/id/10070074/common/128837,Malayalam,,2021-07-15T15:17:24Z
97274,വാക വരാല്,und,"","",http://www.catalogueoflife.org/annual-checklist/details/species/id/10070074/common/128836,Malayalam,,2021-07-15T15:17:33Z
97273,Bral,und,"","",http://www.catalogueoflife.org/annual-checklist/details/species/id/10070070/common/128889,Malayalam,,2021-07-15T15:41:16Z
97273,Chaeru veraal,und,"","",http://www.catalogueoflife.org/annual-checklist/details/species/id/10070070/common/128886,Malayalam,,2021-07-15T15:41:23Z
97273,Curuva,und,"","",http://www.catalogueoflife.org/annual-checklist/details/species/id/10070070/common/128940,Malayalam,,2021-07-15T15:41:30Z
97273,Vral,und,"","",http://www.catalogueoflife.org/annual-checklist/details/species/id/10070070/common/128871,Malayalam,,2021-07-15T15:41:38Z
97273,ചേറു മീന്,und,"","",http://www.catalogueoflife.org/annual-checklist/details/species/id/10070070/common/128904,Malayalam,,2021-07-15T15:41:48Z
97273,ബ്രാല്,und,"","",http://www.catalogueoflife.org/annual-checklist/details/species/id/10070070/common/128903,Malayalam,,2021-07-15T15:41:57Z
199156,മഞ്ഞളി,und,"","",,Malayalam,Firos AK,2021-07-15T17:30:41Z
461307,റോസിലി,und,"","",,Malayalam,Firos AK,2021-07-15T17:31:52Z
736045,പാവാടക്കാരി,und,"","",,Malayalam,Firos AK,2021-07-15T17:33:07Z
319698,വെങ്കണനീലി,und,"","",,Malayalam,Firos AK,2021-07-15T17:34:03Z
124655,വിഷ്ണുശലഭം,und,"","",,Malayalam,Firos AK,2021-07-15T17:35:37Z
51996,ഇലയമ്പൻ,und,"","",,Malayalam,Firos AK,2021-07-15T17:36:49Z
52188,Pulli udoombu,und,"","",,Malayalam,Zane Roskoph,2021-07-19T11:41:29Z
52188,മകരസ്രാവ്,und,"","",,Malayalam,Zane Roskoph,2021-07-19T11:42:22Z
52188,വ്യബിടു,und,"","",,Malayalam,Zane Roskoph,2021-07-19T11:43:00Z
101508,Valiya sravu,und,"","",http://www.catalogueoflife.org/annual-checklist/details/species/id/10055566/common/46256,Malayalam,,2021-07-19T11:59:27Z
101508,Voliya sravu,und,"","",http://www.catalogueoflife.org/annual-checklist/details/species/id/10055566/common/46255,Malayalam,,2021-07-19T11:59:34Z
101508,വലിയ സ്രാവ്,und,"","",,Malayalam,Zane Roskoph,2021-07-19T11:59:58Z
115010,Attu vaalay,und,"","",http://www.catalogueoflife.org/annual-checklist/details/species/id/10081706/common/102902,Malayalam,,2021-07-19T15:59:30Z
115010,Attu-valai,und,"","",http://www.catalogueoflife.org/annual-checklist/details/species/id/10081706/common/102900,Malayalam,,2021-07-19T15:59:37Z
115010,Attuvaala,und,"","",http://www.catalogueoflife.org/annual-checklist/details/species/id/10081706/common/102901,Malayalam,,2021-07-19T15:59:45Z
115010,Pozha wallah,und,"","",http://www.catalogueoflife.org/annual-checklist/details/species/id/10081706/common/102854,Malayalam,,2021-07-19T15:59:52Z
115010,Wallah,und,"","",,Malayalam,Zane Roskoph,2021-07-19T16:00:18Z
115010,ആട്ടു വാലി,und,"","",http://www.catalogueoflife.org/annual-checklist/details/species/id/10081706/common/102811,Malayalam,,2021-07-19T16:00:27Z
115010,ആറ്റുവാള,und,"","",http://www.catalogueoflife.org/annual-checklist/details/species/id/10081706/common/102810,Malayalam,,2021-07-19T16:00:38Z
115010,പുഴ വാള,und,"","",http://www.catalogueoflife.org/annual-checklist/details/species/id/10081706/common/102809,Malayalam,,2021-07-19T16:00:44Z
115010,പൊഴവാള്ള,und,"","",,Malayalam,Zane Roskoph,2021-07-19T16:01:15Z
115010,വാള,und,"","",,Malayalam,Zane Roskoph,2021-07-19T16:01:34Z
115010,വാള്ള,und,"","",,Malayalam,Zane Roskoph,2021-07-19T16:01:52Z
48066,Chetta sravu,und,"","",http://www.catalogueoflife.org/annual-checklist/details/species/id/10055533/common/343589,Malayalam,,2021-07-20T15:13:11Z
48066,Kahnakodi,und,"","",http://www.catalogueoflife.org/annual-checklist/details/species/id/10055533/common/343575,Malayalam,,2021-07-20T15:13:16Z
48066,Kannan kodi,und,"","",http://www.catalogueoflife.org/annual-checklist/details/species/id/10055533/common/343571,Malayalam,,2021-07-20T15:13:25Z
48066,കഞ്ഞകൊടി,und,"","",http://www.catalogueoflife.org/annual-checklist/details/species/id/10055533/common/343603,Malayalam,,2021-07-20T15:13:31Z
48066,കണകോടി,und,"","",,Malayalam,Zane Roskoph,2021-07-20T15:13:51Z
48066,കണ്ണന് കൊടി,und,"","",http://www.catalogueoflife.org/annual-checklist/details/species/id/10055533/common/343601,Malayalam,,2021-07-20T15:14:02Z
112961,കണ്ണന് കൊടി,und,"","",http://www.catalogueoflife.org/annual-checklist/details/species/id/10055540/common/158023,Malayalam,,2021-07-20T15:14:03Z
105635,കൊയ്ത,und,"","",http://www.catalogueoflife.org/annual-checklist/details/species/id/10061554/common/87161,Malayalam,,2021-07-20T17:16:58Z
105636,കൊയ്ത,und,"","",http://www.catalogueoflife.org/annual-checklist/details/species/id/10061555/common/87159,Malayalam,,2021-07-20T17:16:59Z
112257,കൊയ്ത,und,"","",http://www.catalogueoflife.org/annual-checklist/details/species/id/10061884/common/26757,Malayalam,,2021-07-20T17:17:00Z
103418,കൊയ്ത,und,"","",http://www.catalogueoflife.org/annual-checklist/details/species/id/10061537/common/340677,Malayalam,,2021-07-20T17:17:00Z
114226,Atu kendai,und,"","",http://www.catalogueoflife.org/annual-checklist/details/species/id/10061232/common/93617,Malayalam,,2021-07-27T13:43:45Z
114226,Katta,und,"","",,Malayalam,Zane Roskoph,2021-07-27T13:44:17Z
114226,Kuyil,und,"","",http://www.catalogueoflife.org/annual-checklist/details/species/id/10061232/common/93597,Malayalam,,2021-07-27T13:44:27Z
114226,Meruval,und,"","",http://www.catalogueoflife.org/annual-checklist/details/species/id/10061232/common/93592,Malayalam,,2021-07-27T13:44:39Z
114231,Meruval,und,"","",http://www.catalogueoflife.org/annual-checklist/details/species/id/10061246/common/93438,Malayalam,,2021-07-27T13:44:40Z
114226,കറ്റ,und,"","",http://www.catalogueoflife.org/annual-checklist/details/species/id/10061232/common/93611,Malayalam,,2021-07-27T13:44:49Z
114226,കുയില്,und,"","",http://www.catalogueoflife.org/annual-checklist/details/species/id/10061232/common/93612,Malayalam,,2021-07-27T13:44:58Z
114231,Yel kadantha,und,"","",http://www.catalogueoflife.org/annual-checklist/details/species/id/10061246/common/93410,Malayalam,,2021-07-27T14:09:48Z
114231,മഹസീര്,und,"","",,Malayalam,Zane Roskoph,2021-07-27T14:10:16Z
114231,മെറുവള്,und,"","",,Malayalam,Zane Roskoph,2021-07-27T14:10:43Z
114231,യെല് കടന്ത,und,"","",,Malayalam,Zane Roskoph,2021-07-27T14:11:01Z
103181,Kooral,und,"","",http://www.catalogueoflife.org/annual-checklist/details/species/id/10059698/common/136836,Malayalam,,2021-07-27T14:15:54Z
114231,Kooral,und,"","",http://www.catalogueoflife.org/annual-checklist/details/species/id/10061246/common/93452,Malayalam,,2021-07-27T14:15:54Z
465777,Kooral,und,"","",http://www.catalogueoflife.org/annual-checklist/details/species/id/10072576/common/230350,Malayalam,Wich’yanan (Jay) Limparungpatthanakij,2021-07-27T14:15:54Z
52509,ചൂളം,und,"","",http://www.catalogueoflife.org/annual-checklist/details/species/id/10076321/common/200307,Malayalam,,2021-07-27T15:55:04Z
52508,ചൂളം,und,"","",http://www.catalogueoflife.org/annual-checklist/details/species/id/10076322/common/200204,Malayalam,,2021-07-27T15:55:05Z
113980,ചൂളം,und,"","",http://www.catalogueoflife.org/annual-checklist/details/species/id/10076599/common/94209,Malayalam,,2021-07-27T15:55:05Z
52508,ചുളം,und,"","",,Malayalam,Zane Roskoph,2021-07-27T15:55:20Z
52509,Chulam,und,"","",http://www.catalogueoflife.org/annual-checklist/details/species/id/10076321/common/200296,Malayalam,,2021-07-27T15:55:32Z
52508,Chulam,und,"","",http://www.catalogueoflife.org/annual-checklist/details/species/id/10076322/common/200260,Malayalam,,2021-07-27T15:55:33Z
113980,Chulam,und,"","",http://www.catalogueoflife.org/annual-checklist/details/species/id/10076599/common/94188,Malayalam,,2021-07-27T15:55:33Z
57743,Karatti,und,"","",http://www.catalogueoflife.org/annual-checklist/details/species/id/10084932/common/228049,Malayalam,,2021-07-27T16:33:08Z
154282,Karatti,und,"","",http://www.catalogueoflife.org/annual-checklist/details/species/id/10084940/common/227963,Malayalam,,2021-07-27T16:33:09Z
142086,Karatti,und,"","",http://www.catalogueoflife.org/annual-checklist/details/species/id/10085185/common/175472,Malayalam,,2021-07-27T16:33:09Z
57743,കരട്ടി,und,"","",http://www.catalogueoflife.org/annual-checklist/details/species/id/10084932/common/227994,Malayalam,,2021-07-27T16:33:21Z
154282,കരട്ടി,und,"","",http://www.catalogueoflife.org/annual-checklist/details/species/id/10084940/common/227938,Malayalam,,2021-07-27T16:33:21Z
57743,കരറ്റി,und,"","",http://www.catalogueoflife.org/annual-checklist/details/species/id/10084932/common/227993,Malayalam,,2021-07-27T16:33:34Z
154282,കരറ്റി,und,"","",http://www.catalogueoflife.org/annual-checklist/details/species/id/10084940/common/227937,Malayalam,,2021-07-27T16:33:34Z
142086,കരറ്റി,und,"","",http://www.catalogueoflife.org/annual-checklist/details/species/id/10085185/common/175479,Malayalam,,2021-07-27T16:33:35Z
94016,Vayittukadiyan,und,"","",http://www.catalogueoflife.org/annual-checklist/details/species/id/10076137/common/200121,Malayalam,,2021-07-27T16:58:17Z
98856,Vayittukadiyan,und,"","",http://www.catalogueoflife.org/annual-checklist/details/species/id/10076306/common/174579,Malayalam,,2021-07-27T16:58:17Z
102080,Vayittukadiyan,und,"","",http://www.catalogueoflife.org/annual-checklist/details/species/id/10076392/common/58655,Malayalam,lwnrngr,2021-07-27T16:58:17Z
102898,Vayittukadiyan,und,"","",http://www.catalogueoflife.org/annual-checklist/details/species/id/10076407/common/200574,Malayalam,,2021-07-27T16:58:18Z
102080,വായിട്ടുക്കടിയന്,und,"","",http://www.catalogueoflife.org/annual-checklist/details/species/id/10076392/common/58645,Malayalam,lwnrngr,2021-07-27T16:58:28Z
102898,വായിട്ടുക്കടിയന്,und,"","",http://www.catalogueoflife.org/annual-checklist/details/species/id/10076407/common/200571,Malayalam,,2021-07-27T16:58:29Z
94016,വായിട്ടുക്കടിയന്,und,"","",http://www.catalogueoflife.org/annual-checklist/details/species/id/10076137/common/200118,Malayalam,,2021-07-27T16:58:29Z
98856,വായിട്ടുക്കടിയന്,und,"","",http://www.catalogueoflife.org/annual-checklist/details/species/id/10076306/common/174578,Malayalam,,2021-07-27T16:58:29Z
94016,വൈട്ടുകദിയന്,und,"","",http://www.catalogueoflife.org/annual-checklist/details/species/id/10076137/common/200117,Malayalam,,2021-07-27T16:58:39Z
98856,വൈട്ടുകദിയന്,und,"","",http://www.catalogueoflife.org/annual-checklist/details/species/id/10076306/common/174577,Malayalam,,2021-07-27T16:58:39Z
102080,വൈട്ടുകദിയന്,und,"","",http://www.catalogueoflife.org/annual-checklist/details/species/id/10076392/common/58644,Malayalam,lwnrngr,2021-07-27T16:58:39Z
102898,വൈട്ടുകദിയന്,und,"","",http://www.catalogueoflife.org/annual-checklist/details/species/id/10076407/common/200570,Malayalam,,2021-07-27T16:58:40Z
121705,Karutha-kotti,und,"","",http://www.catalogueoflife.org/annual-checklist/details/species/id/10066673/common/54213,Malayalam,,2021-07-27T17:34:23Z
132410,Neythala,und,"","",http://www.catalogueoflife.org/annual-checklist/details/species/id/10066664/common/54428,Malayalam,,2021-07-27T17:34:31Z
121705,Neythala,und,"","",http://www.catalogueoflife.org/annual-checklist/details/species/id/10066673/common/54206,Malayalam,,2021-07-27T17:34:31Z
121705,Pala,und,"","",,Malayalam,Zane Roskoph,2021-07-27T17:34:47Z
121705,കറുതാ കൊട്ടി,und,"","",,Malayalam,Zane Roskoph,2021-07-27T17:35:05Z
121705,കറൂത്ത കൊറ്റി,und,"","",http://www.catalogueoflife.org/annual-checklist/details/species/id/10066673/common/54201,Malayalam,,2021-07-27T17:35:13Z
121705,നെയ് ത്തള,und,"","",,Malayalam,Zane Roskoph,2021-07-27T17:35:34Z
132410,നെയ്തല,und,"","",http://www.catalogueoflife.org/annual-checklist/details/species/id/10066664/common/54416,Malayalam,,2021-07-27T17:35:44Z
121705,നെയ്തല,und,"","",http://www.catalogueoflife.org/annual-checklist/details/species/id/10066673/common/54198,Malayalam,,2021-07-27T17:35:44Z
121705,പല,und,"","",http://www.catalogueoflife.org/annual-checklist/details/species/id/10066673/common/54197,Malayalam,,2021-07-27T17:35:56Z
47617,പല,und,"","",http://www.catalogueoflife.org/annual-checklist/details/species/id/10066684/common/143445,Malayalam,,2021-07-27T17:35:56Z
132409,പല,und,"","",http://www.catalogueoflife.org/annual-checklist/details/species/id/10066660/common/54660,Malayalam,,2021-07-27T17:35:56Z
121193,പല,und,"","",http://www.catalogueoflife.org/annual-checklist/details/species/id/10066662/common/54540,Malayalam,,2021-07-27T17:35:56Z
132410,പല,und,"","",http://www.catalogueoflife.org/annual-checklist/details/species/id/10066664/common/54415,Malayalam,,2021-07-27T17:35:57Z
132409,പാള,und,"","",http://www.catalogueoflife.org/annual-checklist/details/species/id/10066660/common/54659,Malayalam,,2021-07-27T17:36:08Z
121193,പാള,und,"","",http://www.catalogueoflife.org/annual-checklist/details/species/id/10066662/common/54539,Malayalam,,2021-07-27T17:36:09Z
132410,പാള,und,"","",http://www.catalogueoflife.org/annual-checklist/details/species/id/10066664/common/54414,Malayalam,,2021-07-27T17:36:09Z
121705,പാള,und,"","",http://www.catalogueoflife.org/annual-checklist/details/species/id/10066673/common/54195,Malayalam,,2021-07-27T17:36:09Z
47617,പാള,und,"","",http://www.catalogueoflife.org/annual-checklist/details/species/id/10066684/common/143444,Malayalam,,2021-07-27T17:36:09Z
135283,Varipad,und,"","",http://www.catalogueoflife.org/annual-checklist/details/species/id/10066658/common/54767,Malayalam,,2021-07-27T18:09:11Z
135283,വരിപട്,und,"","",,Malayalam,Zane Roskoph,2021-07-27T18:09:27Z
135283,വരിപ്പാട്,und,"","",http://www.catalogueoflife.org/annual-checklist/details/species/id/10066658/common/54765,Malayalam,,2021-07-27T18:09:42Z
63597,Pongan,und,"","",,Malayalam,Zane Roskoph,2021-07-27T19:28:52Z
63597,പൊങന്,und,"","",http://www.catalogueoflife.org/annual-checklist/details/species/id/10076469/common/36303,Malayalam,Wich’yanan (Jay) Limparungpatthanakij,2021-07-27T19:29:02Z
63597,പൊങ്ങന്,und,"","",http://www.catalogueoflife.org/annual-checklist/details/species/id/10076469/common/36304,Malayalam,Wich’yanan (Jay) Limparungpatthanakij,2021-07-27T19:29:12Z
63597,ബലള,und,"","",,Malayalam,Zane Roskoph,2021-07-27T19:29:31Z
103436,ബലാല,und,"","",http://www.catalogueoflife.org/annual-checklist/details/species/id/10076421/common/191126,Malayalam,,2021-07-27T19:29:43Z
63597,ബലാല,und,"","",http://www.catalogueoflife.org/annual-checklist/details/species/id/10076469/common/36301,Malayalam,Wich’yanan (Jay) Limparungpatthanakij,2021-07-27T19:29:44Z
424818,Churiyan,und,"","",http://www.catalogueoflife.org/annual-checklist/details/species/id/10066720/common/55469,Malayalam,,2021-07-28T13:19:12Z
424818,ചുരിയന്,und,"","",http://www.catalogueoflife.org/annual-checklist/details/species/id/10066720/common/55438,Malayalam,,2021-07-28T13:19:27Z
132410,Pala,und,"","",,Malayalam,Zane Roskoph,2021-07-28T15:01:39Z
132410,നെയ് ത്തള,und,"","",,Malayalam,Zane Roskoph,2021-07-28T15:02:03Z
49639,Chencheerachammam,und,"","",http://www.catalogueoflife.org/annual-checklist/details/species/id/10073047/common/60782,Malayalam,,2021-07-29T00:45:10Z
97004,Chencheerachammam,und,"","",http://www.catalogueoflife.org/annual-checklist/details/species/id/10073054/common/60544,Malayalam,,2021-07-29T00:45:11Z
114930,Chencheerachammam,und,"","",http://www.catalogueoflife.org/annual-checklist/details/species/id/10073505/common/202532,Malayalam,Donald Davesne,2021-07-29T00:45:11Z
49639,ചെഞ്ചീര ചമ്മം,und,"","",http://www.catalogueoflife.org/annual-checklist/details/species/id/10073047/common/60691,Malayalam,,2021-07-29T00:45:22Z
97004,ചെഞ്ചീര ചമ്മം,und,"","",http://www.catalogueoflife.org/annual-checklist/details/species/id/10073054/common/60440,Malayalam,,2021-07-29T00:45:22Z
114930,ചെഞ്ചീര ചമ്മം,und,"","",http://www.catalogueoflife.org/annual-checklist/details/species/id/10073505/common/202445,Malayalam,Donald Davesne,2021-07-29T00:45:22Z
114930,ചെന് ചേരചാമ്മാം,und,"","",http://www.catalogueoflife.org/annual-checklist/details/species/id/10073505/common/202444,Malayalam,Donald Davesne,2021-07-29T00:45:33Z
49639,ചെന് ചേരചാമ്മാം,und,"","",,Malayalam,Zane Roskoph,2021-07-29T00:47:16Z
47516,റെയിൻബോ ട്രൗട്ട്,und,"","",,Malayalam,Zane Roskoph,2021-07-29T23:23:31Z
53669,Choppu-pallan,und,"","",http://www.catalogueoflife.org/annual-checklist/details/species/id/10084948/common/235508,Malayalam,,2021-07-30T11:37:11Z
53669,Valan-karatti,und,"","",http://www.catalogueoflife.org/annual-checklist/details/species/id/10084948/common/235469,Malayalam,,2021-07-30T11:37:18Z
53669,ചോപ്പു പല്ലന്,und,"","",http://www.catalogueoflife.org/annual-checklist/details/species/id/10084948/common/235466,Malayalam,,2021-07-30T11:37:28Z
53669,ചോപ്പുപല്ലന്,und,"","",http://www.catalogueoflife.org/annual-checklist/details/species/id/10084948/common/235465,Malayalam,,2021-07-30T11:37:42Z
53669,വാലന് കരട്ടി,und,"","",http://www.catalogueoflife.org/annual-checklist/details/species/id/10084948/common/235464,Malayalam,,2021-07-30T11:37:49Z
53669,വാളന് കരട്ടി,und,"","",,Malayalam,Zane Roskoph,2021-07-30T11:38:04Z
41970,ജാഗ്വാർ,und,"","",,Malayalam,Zane Roskoph,2021-07-30T12:10:34Z
41972,മേഘപ്പുലി,und,"","",,Malayalam,Zane Roskoph,2021-07-30T12:56:59Z
50873,വെള്ളസ്രാവ്,und,"","",,Malayalam,Zane Roskoph,2021-07-30T14:02:28Z
84996,ബുൾ ഷാർക്ക്,und,"","",,Malayalam,Zane Roskoph,2021-07-30T14:49:58Z
95478,Mannunni,und,"","",http://www.catalogueoflife.org/annual-checklist/details/species/id/10073793/common/115135,Malayalam,,2021-07-30T15:29:25Z
614347,Mannunni,und,"","",http://www.catalogueoflife.org/annual-checklist/details/species/id/10073805/common/115085,Malayalam,,2021-07-30T15:29:25Z
196645,Mannunni,und,"","",http://www.catalogueoflife.org/annual-checklist/details/species/id/10075226/common/192732,Malayalam,,2021-07-30T15:29:26Z
179875,Mannunni,und,"","",http://www.catalogueoflife.org/annual-checklist/details/species/id/10075227/common/192705,Malayalam,,2021-07-30T15:29:26Z
179875,മണ്ണുണ്ണി,und,"","",http://www.catalogueoflife.org/annual-checklist/details/species/id/10075227/common/192694,Malayalam,,2021-07-30T15:29:30Z
614347,മന്നുണ്ണി,und,"","",http://www.catalogueoflife.org/annual-checklist/details/species/id/10073805/common/115081,Malayalam,,2021-07-30T15:29:41Z
196645,മന്നുണ്ണി,und,"","",http://www.catalogueoflife.org/annual-checklist/details/species/id/10075226/common/192721,Malayalam,,2021-07-30T15:29:41Z
179875,മന്നുണ്ണി,und,"","",http://www.catalogueoflife.org/annual-checklist/details/species/id/10075227/common/192693,Malayalam,,2021-07-30T15:29:41Z
95478,മന്നുണ്ണി,und,"","",http://www.catalogueoflife.org/annual-checklist/details/species/id/10073793/common/115127,Malayalam,,2021-07-30T15:29:42Z
102087,നിഹൊള,und,"","",,Malayalam,Zane Roskoph,2021-07-30T15:52:49Z
113200,Nihola,und,"","",http://www.catalogueoflife.org/annual-checklist/details/species/id/10076553/common/152108,Malayalam,,2021-07-30T15:53:04Z
113980,Nihola,und,"","",http://www.catalogueoflife.org/annual-checklist/details/species/id/10076599/common/94144,Malayalam,,2021-07-30T15:53:04Z
113201,Nihola,und,"","",http://www.catalogueoflife.org/annual-checklist/details/species/id/10076554/common/152087,Malayalam,,2021-07-30T15:53:04Z
113985,Nihola,und,"","",http://www.catalogueoflife.org/annual-checklist/details/species/id/10076605/common/93956,Malayalam,,2021-07-30T15:53:05Z
113207,Nihola,und,"","",http://www.catalogueoflife.org/annual-checklist/details/species/id/10076560/common/152007,Malayalam,,2021-07-30T15:53:05Z
102025,Nihola,und,"","",http://www.catalogueoflife.org/annual-checklist/details/species/id/10076325/common/59583,Malayalam,,2021-07-30T15:53:05Z
58467,Nihola,und,"","",http://www.catalogueoflife.org/annual-checklist/details/species/id/10076606/common/93894,Malayalam,,2021-07-30T15:53:06Z
113209,Nihola,und,"","",http://www.catalogueoflife.org/annual-checklist/details/species/id/10076562/common/151955,Malayalam,Donald Davesne,2021-07-30T15:53:06Z
102045,Nihola,und,"","",http://www.catalogueoflife.org/annual-checklist/details/species/id/10076351/common/59252,Malayalam,Wich’yanan (Jay) Limparungpatthanakij,2021-07-30T15:53:07Z
67963,Nihola,und,"","",http://www.catalogueoflife.org/annual-checklist/details/species/id/10076593/common/94310,Malayalam,,2021-07-30T15:53:07Z
102087,Nihola,und,"","",http://www.catalogueoflife.org/annual-checklist/details/species/id/10076399/common/58594,Malayalam,,2021-07-30T15:53:07Z
113978,Nihola,und,"","",http://www.catalogueoflife.org/annual-checklist/details/species/id/10076596/common/94238,Malayalam,,2021-07-30T15:53:07Z
113200,നിഹോള,und,"","",http://www.catalogueoflife.org/annual-checklist/details/species/id/10076553/common/152102,Malayalam,,2021-07-30T15:53:28Z
113980,നിഹോള,und,"","",http://www.catalogueoflife.org/annual-checklist/details/species/id/10076599/common/94206,Malayalam,,2021-07-30T15:53:28Z
113201,നിഹോള,und,"","",http://www.catalogueoflife.org/annual-checklist/details/species/id/10076554/common/152097,Malayalam,,2021-07-30T15:53:29Z
113985,നിഹോള,und,"","",http://www.catalogueoflife.org/annual-checklist/details/species/id/10076605/common/93989,Malayalam,,2021-07-30T15:53:29Z
113207,നിഹോള,und,"","",http://www.catalogueoflife.org/annual-checklist/details/species/id/10076560/common/151994,Malayalam,,2021-07-30T15:53:32Z
102025,നിഹോള,und,"","",http://www.catalogueoflife.org/annual-checklist/details/species/id/10076325/common/59576,Malayalam,,2021-07-30T15:53:33Z
58467,നിഹോള,und,"","",http://www.catalogueoflife.org/annual-checklist/details/species/id/10076606/common/93931,Malayalam,,2021-07-30T15:53:33Z
113209,നിഹോള,und,"","",http://www.catalogueoflife.org/annual-checklist/details/species/id/10076562/common/151936,Malayalam,Donald Davesne,2021-07-30T15:53:34Z
102045,നിഹോള,und,"","",http://www.catalogueoflife.org/annual-checklist/details/species/id/10076351/common/59225,Malayalam,Wich’yanan (Jay) Limparungpatthanakij,2021-07-30T15:53:34Z
67963,നിഹോള,und,"","",http://www.catalogueoflife.org/annual-checklist/details/species/id/10076593/common/94281,Malayalam,,2021-07-30T15:53:35Z
102087,നിഹോള,und,"","",http://www.catalogueoflife.org/annual-checklist/details/species/id/10076399/common/58604,Malayalam,,2021-07-30T15:53:35Z
113978,നിഹോള,und,"","",http://www.catalogueoflife.org/annual-checklist/details/species/id/10076596/common/94226,Malayalam,,2021-07-30T15:53:35Z
123269,Alakan,und,"","",http://www.catalogueoflife.org/annual-checklist/details/species/id/10066657/common/54927,Malayalam,,2021-07-30T18:43:39Z
123269,അലകന്,und,"","",http://www.catalogueoflife.org/annual-checklist/details/species/id/10066657/common/54903,Malayalam,,2021-07-30T18:43:45Z
123269,ആളകന്,und,"","",http://www.catalogueoflife.org/annual-checklist/details/species/id/10066657/common/54902,Malayalam,,2021-07-30T18:43:50Z
83884,Vellakkaratti,und,"","",http://www.catalogueoflife.org/annual-checklist/details/species/id/10084953/common/180609,Malayalam,Wich’yanan (Jay) Limparungpatthanakij,2021-07-30T19:22:10Z
83884,വെള്ളക്കരട്ടി,und,"","",http://www.catalogueoflife.org/annual-checklist/details/species/id/10084953/common/180685,Malayalam,Wich’yanan (Jay) Limparungpatthanakij,2021-07-30T19:22:16Z
52456,Neelachammam,und,"","",http://www.catalogueoflife.org/annual-checklist/details/species/id/10073036/common/61418,Malayalam,,2021-08-01T00:05:23Z
52456,നീല ച്ചമ്മം,und,"","",http://www.catalogueoflife.org/annual-checklist/details/species/id/10073036/common/61376,Malayalam,,2021-08-01T00:05:41Z
52456,നേലചാമ്മാം,und,"","",http://www.catalogueoflife.org/annual-checklist/details/species/id/10073036/common/61374,Malayalam,,2021-08-01T00:05:54Z
42007,പൂമ,und,"","",,Malayalam,Zane Roskoph,2021-08-01T01:08:21Z
67182,ഗാർഡിനേഴ്‌സ് തവള,und,"","",,Malayalam,Zane Roskoph,2021-08-01T15:05:19Z
539233,ആൽഡബ്ര ജയന്റ് ടോർടോയിസ്,und,"","",,Malayalam,Zane Roskoph,2021-08-01T16:51:24Z
123749,കെർമോഡ് കരടി,und,"","",,Malayalam,Zane Roskoph,2021-08-02T00:41:17Z
35172,ഇൻലാൻഡ് തായ്പാൻ,und,"","",,Malayalam,Zane Roskoph,2021-08-02T14:29:18Z
30472,രാജവെമ്പാല,und,"","",,Malayalam,Zane Roskoph,2021-08-02T18:29:22Z
112325,ഏഷ്യൻ ആരോവന,und,"","",,Malayalam,Zane Roskoph,2021-08-03T13:35:16Z
52188,തിമിംഗല സ്രാവ്,und,"","",,Malayalam,Zane Roskoph,2021-08-03T14:02:15Z
52451,Kankettiyar,und,"","",http://www.catalogueoflife.org/annual-checklist/details/species/id/10066695/common/8276,Malayalam,,2021-08-03T16:15:31Z
52451,Karukkan,und,"","",http://www.catalogueoflife.org/annual-checklist/details/species/id/10066695/common/8275,Malayalam,,2021-08-03T16:15:43Z
121658,Karukkan,und,"","",http://www.catalogueoflife.org/annual-checklist/details/species/id/10066705/common/7926,Malayalam,,2021-08-03T16:15:43Z
106624,Karukkan,und,"","",http://www.catalogueoflife.org/annual-checklist/details/species/id/10066706/common/7803,Malayalam,,2021-08-03T16:15:44Z
52451,കണ്⁮കെട്ടിയന്,und,"","",http://www.catalogueoflife.org/annual-checklist/details/species/id/10066695/common/8328,Malayalam,,2021-08-03T16:15:49Z
121658,കറുക്കന്,und,"","",http://www.catalogueoflife.org/annual-checklist/details/species/id/10066705/common/7854,Malayalam,,2021-08-03T16:16:10Z
106624,കറുക്കന്,und,"","",http://www.catalogueoflife.org/annual-checklist/details/species/id/10066706/common/7755,Malayalam,,2021-08-03T16:16:10Z
52451,കറുക്കന്,und,"","",http://www.catalogueoflife.org/annual-checklist/details/species/id/10066695/common/8326,Malayalam,,2021-08-03T16:16:11Z
52451,കന്കിട്ടിയര്,und,"","",,Malayalam,Zane Roskoph,2021-08-03T16:16:23Z
106624,കറൂക്കന്,und,"","",http://www.catalogueoflife.org/annual-checklist/details/species/id/10066706/common/7837,Malayalam,,2021-08-03T16:16:36Z
52451,കറൂക്കന്,und,"","",http://www.catalogueoflife.org/annual-checklist/details/species/id/10066695/common/8325,Malayalam,,2021-08-03T16:16:36Z
121658,കറൂക്കന്,und,"","",http://www.catalogueoflife.org/annual-checklist/details/species/id/10066705/common/7853,Malayalam,,2021-08-03T16:16:36Z
468044,കവര്,und,"","",,Malayalam,Zane Roskoph,2021-08-05T17:31:27Z
47301,വയലറ്റ് ഗോബി,und,"","",,Malayalam,Zane Roskoph,2021-08-06T11:54:55Z
331121,വടുകപ്പുളി നാരകം,und,"","",,Malayalam,Zane Roskoph,2021-08-10T12:24:41Z
123356,ഗണപതിനാരകം,und,"","",,Malayalam,Zane Roskoph,2021-08-10T12:43:20Z
765432,സിട്രസ് ജൂനോസ്,und,"","",,Malayalam,Zane Roskoph,2021-08-10T13:14:37Z
47916,അമ്പിളിക്കണ്ണൻ,und,"","",,Malayalam,Zane Roskoph,2021-08-10T13:29:31Z
4555,ഐവറി ഗൾ,und,"","",,Malayalam,Zane Roskoph,2021-08-11T12:21:59Z
41644,ധ്രുവക്കരടി,und,"","",,Malayalam,Zane Roskoph,2021-08-11T16:53:08Z
18941,കീ,und,"","",,Malayalam,Zane Roskoph,2021-08-12T14:39:44Z
98511,Kodiyan-nhola,und,"","",http://www.catalogueoflife.org/annual-checklist/details/species/id/10076293/common/142077,Malayalam,,2021-08-12T16:02:27Z
52323,Kodiyan-nhola,und,"","",http://www.catalogueoflife.org/annual-checklist/details/species/id/10076294/common/142038,Malayalam,,2021-08-12T16:02:27Z
52323,കൊടിയന് ഞൊള,und,"","",,Malayalam,Zane Roskoph,2021-08-12T16:03:00Z
52323,കൊടിയന് ഞോള,und,"","",http://www.catalogueoflife.org/annual-checklist/details/species/id/10076294/common/142054,Malayalam,,2021-08-12T16:03:10Z
41955,ചീറ്റപ്പുലി,und,"","",,Malayalam,Zane Roskoph,2021-08-13T12:14:41Z
41553,നീലത്തിമിംഗലം,und,"","",,Malayalam,Zane Roskoph,2021-08-15T15:09:05Z
41553,നീലതിമിംഗലം,und,"","",,Malayalam,Zane Roskoph,2021-08-15T15:09:23Z
115040,Kolaan,und,"","",http://www.catalogueoflife.org/annual-checklist/details/species/id/10055273/common/224179,Malayalam,,2021-08-23T12:14:47Z
103148,Kolaan,und,"","",http://www.catalogueoflife.org/annual-checklist/details/species/id/10055110/common/32665,Malayalam,Wich’yanan (Jay) Limparungpatthanakij,2021-08-23T12:14:47Z
103153,Kolaan,und,"","",http://www.catalogueoflife.org/annual-checklist/details/species/id/10055130/common/32408,Malayalam,,2021-08-23T12:14:48Z
115248,Kolaan,und,"","",http://www.catalogueoflife.org/annual-checklist/details/species/id/10055162/common/174320,Malayalam,,2021-08-23T12:14:48Z
51477,കോലാന്,und,"","",http://www.catalogueoflife.org/annual-checklist/details/species/id/10084806/common/187390,Malayalam,,2021-08-23T12:15:01Z
103153,കോലാന്,und,"","",http://www.catalogueoflife.org/annual-checklist/details/species/id/10055130/common/32401,Malayalam,,2021-08-23T12:15:02Z
115248,കോലാന്,und,"","",http://www.catalogueoflife.org/annual-checklist/details/species/id/10055162/common/174305,Malayalam,,2021-08-23T12:15:02Z
115040,കോലാന്,und,"","",http://www.catalogueoflife.org/annual-checklist/details/species/id/10055273/common/224197,Malayalam,,2021-08-23T12:15:02Z
102807,കോലാന്,und,"","",http://www.catalogueoflife.org/annual-checklist/details/species/id/10084715/common/205087,Malayalam,,2021-08-23T12:15:02Z
615228,കോലാന്,und,"","",http://www.catalogueoflife.org/annual-checklist/details/species/id/10055097/common/32780,Malayalam,,2021-08-23T12:15:03Z
103268,കോലാന്,und,"","",http://www.catalogueoflife.org/annual-checklist/details/species/id/10084776/common/73633,Malayalam,Wich’yanan (Jay) Limparungpatthanakij,2021-08-23T12:15:03Z
103148,കോലാന്,und,"","",http://www.catalogueoflife.org/annual-checklist/details/species/id/10055110/common/32645,Malayalam,Wich’yanan (Jay) Limparungpatthanakij,2021-08-23T12:15:03Z
41964,സിംഹം,und,"","",,Malayalam,Zane Roskoph,2021-08-24T12:26:39Z
74831,ഹിമപ്പുലി,und,"","",,Malayalam,Zane Roskoph,2021-08-25T11:53:09Z
30630,സോണോറൻ കോറൽ സ്നേക്ക്,und,"","",,Malayalam,Zane Roskoph,2021-08-25T15:11:45Z
130796,സൈബീരിയൻ കടുവ,und,"","",,Malayalam,Zane Roskoph,2021-08-26T14:36:31Z
41967,കടുവ,und,"","",,Malayalam,Zane Roskoph,2021-08-26T16:12:57Z
130799,സുമാത്രൻ കടുവ,und,"","",,Malayalam,Zane Roskoph,2021-08-26T17:01:07Z
130799,ബാലി കടുവ,und,"","",,Malayalam,Zane Roskoph,2021-08-26T17:52:31Z
130799,ജാവൻ കടുവ,und,"","",,Malayalam,Zane Roskoph,2021-08-27T11:42:40Z
130793,ബംഗാൾ കടുവ,und,"","",,Malayalam,Zane Roskoph,2021-08-27T12:31:36Z
130793,റോയൽ ബംഗാൾ കടുവ,und,"","",,Malayalam,Zane Roskoph,2021-08-27T12:31:53Z
130793,മലയൻ കടുവ,und,"","",,Malayalam,Zane Roskoph,2021-08-27T13:54:42Z
130793,ഇൻഡോചൈനീസ്‌ കടുവ,und,"","",,Malayalam,Zane Roskoph,2021-08-27T14:11:08Z
130793,ഇൻഡോചൈന കടുവ,und,"","",,Malayalam,Zane Roskoph,2021-08-27T14:11:29Z
130796,കാസ്പിയൻ കടുവ,und,"","",,Malayalam,Zane Roskoph,2021-08-27T15:42:21Z
31519,മുള്ളൻ ചെകുത്താൻ,und,"","",,Malayalam,Zane Roskoph,2021-08-27T17:38:58Z
123525,Malanhi,und,"","",http://www.catalogueoflife.org/annual-checklist/details/species/id/10053625/common/122915,Malayalam,,2021-08-29T11:55:47Z
49364,Malanhi,und,"","",http://www.catalogueoflife.org/annual-checklist/details/species/id/10053643/common/122732,Malayalam,,2021-08-29T11:55:47Z
116737,Malanhi,und,"","",http://www.catalogueoflife.org/annual-checklist/details/species/id/10053663/common/122537,Malayalam,,2021-08-29T11:55:48Z
120979,Malanhi,und,"","",http://www.catalogueoflife.org/annual-checklist/details/species/id/10053681/common/122339,Malayalam,,2021-08-29T11:55:48Z
617656,Malanhi,und,"","",http://www.catalogueoflife.org/annual-checklist/details/species/id/10053589/common/123187,Malayalam,,2021-08-29T11:55:48Z
617698,Malanhi,und,"","",http://www.catalogueoflife.org/annual-checklist/details/species/id/10053715/common/121739,Malayalam,,2021-08-29T11:55:48Z
54441,Malanhi,und,"","",http://www.catalogueoflife.org/annual-checklist/details/species/id/10053590/common/123241,Malayalam,,2021-08-29T11:55:49Z
123525,മലഞ്ഞി,und,"","",http://www.catalogueoflife.org/annual-checklist/details/species/id/10053625/common/122886,Malayalam,,2021-08-29T11:56:09Z
49364,മലഞ്ഞി,und,"","",http://www.catalogueoflife.org/annual-checklist/details/species/id/10053643/common/122716,Malayalam,,2021-08-29T11:56:10Z
116737,മലഞ്ഞി,und,"","",http://www.catalogueoflife.org/annual-checklist/details/species/id/10053663/common/122524,Malayalam,,2021-08-29T11:56:10Z
120979,മലഞ്ഞി,und,"","",http://www.catalogueoflife.org/annual-checklist/details/species/id/10053681/common/122314,Malayalam,,2021-08-29T11:56:10Z
617656,മലഞ്ഞി,und,"","",http://www.catalogueoflife.org/annual-checklist/details/species/id/10053589/common/123177,Malayalam,,2021-08-29T11:56:10Z
617698,മലഞ്ഞി,und,"","",http://www.catalogueoflife.org/annual-checklist/details/species/id/10053715/common/121726,Malayalam,,2021-08-29T11:56:11Z
54441,മലഞ്ഞി,und,"","",http://www.catalogueoflife.org/annual-checklist/details/species/id/10053590/common/123203,Malayalam,,2021-08-29T11:56:11Z
116737,മാലഞി,und,"","",http://www.catalogueoflife.org/annual-checklist/details/species/id/10053663/common/122523,Malayalam,,2021-08-29T11:56:26Z
120979,മാലഞി,und,"","",http://www.catalogueoflife.org/annual-checklist/details/species/id/10053681/common/122313,Malayalam,,2021-08-29T11:56:26Z
617698,മാലഞി,und,"","",http://www.catalogueoflife.org/annual-checklist/details/species/id/10053715/common/121727,Malayalam,,2021-08-29T11:56:27Z
617656,മാലഞി,und,"","",http://www.catalogueoflife.org/annual-checklist/details/species/id/10053589/common/123176,Malayalam,,2021-08-29T11:56:27Z
617729,മാലഞി,und,"","",http://www.catalogueoflife.org/annual-checklist/details/species/id/10053760/common/147077,Malayalam,,2021-08-29T11:56:27Z
54441,മാലഞി,und,"","",http://www.catalogueoflife.org/annual-checklist/details/species/id/10053590/common/123202,Malayalam,,2021-08-29T11:56:27Z
123525,മാലഞി,und,"","",http://www.catalogueoflife.org/annual-checklist/details/species/id/10053625/common/122885,Malayalam,,2021-08-29T11:56:28Z
47228,കുലുവെല്,und,"","",http://www.catalogueoflife.org/annual-checklist/details/species/id/10069953/common/132443,Malayalam,,2021-08-29T13:27:57Z
153280,കുലുവെല്,und,"","",http://www.catalogueoflife.org/annual-checklist/details/species/id/10069945/common/133214,Malayalam,Wich’yanan (Jay) Limparungpatthanakij,2021-08-29T13:27:57Z
123690,കുലുവെല്,und,"","",http://www.catalogueoflife.org/annual-checklist/details/species/id/10069948/common/132661,Malayalam,,2021-08-29T13:27:58Z
153280,കുളുവേല്,und,"","",http://www.catalogueoflife.org/annual-checklist/details/species/id/10069945/common/133213,Malayalam,Wich’yanan (Jay) Limparungpatthanakij,2021-08-29T13:28:10Z
153280,പാറ,und,"","",,Malayalam,Zane Roskoph,2021-08-29T13:28:27Z
123690,Kuluvel,und,"","",http://www.catalogueoflife.org/annual-checklist/details/species/id/10069948/common/132759,Malayalam,,2021-08-29T13:31:58Z
47228,Kuluvel,und,"","",http://www.catalogueoflife.org/annual-checklist/details/species/id/10069953/common/132325,Malayalam,,2021-08-29T13:31:59Z
153280,Kuluvel,und,"","",http://www.catalogueoflife.org/annual-checklist/details/species/id/10069945/common/133289,Malayalam,Wich’yanan (Jay) Limparungpatthanakij,2021-08-29T13:31:59Z
47280,ചവരാലി,und,"","","Philips TK, Moretto P (2025) Revision of the genus _Pseudopedaria_ Felsche, 1904, with descriptions of three new species and a subspecies from Central Africa (Coleoptera: Scarabaeinae: Coprini). Catharsius La Revue (N.S.) 5: 1–26. doi:10.5281/zenodo.17036002.",Malayalam,,2021-09-12T20:54:03Z
47280,Chavarali,und,"","","Philips TK, Moretto P (2025) Revision of the genus _Pseudopedaria_ Felsche, 1904, with descriptions of three new species and a subspecies from Central Africa (Coleoptera: Scarabaeinae: Coprini). Catharsius La Revue (N.S.) 5: 1–26. doi:10.5281/zenodo.17036002.",Malayalam,,2021-09-12T20:54:39Z
196837,മണക്കം,und,"","","Philips TK, Moretto P (2025) Revision of the genus _Pseudopedaria_ Felsche, 1904, with descriptions of three new species and a subspecies from Central Africa (Coleoptera: Scarabaeinae: Coprini). Catharsius La Revue (N.S.) 5: 1–26. doi:10.5281/zenodo.17036002.",Malayalam,,2021-09-12T23:11:09Z
121673,മണക്കം,und,"","","Philips TK, Moretto P (2025) Revision of the genus _Pseudopedaria_ Felsche, 1904, with descriptions of three new species and a subspecies from Central Africa (Coleoptera: Scarabaeinae: Coprini). Catharsius La Revue (N.S.) 5: 1–26. doi:10.5281/zenodo.17036002.",Malayalam,,2021-09-12T23:11:10Z
368557,മണക്കം,und,"","","Philips TK, Moretto P (2025) Revision of the genus _Pseudopedaria_ Felsche, 1904, with descriptions of three new species and a subspecies from Central Africa (Coleoptera: Scarabaeinae: Coprini). Catharsius La Revue (N.S.) 5: 1–26. doi:10.5281/zenodo.17036002.",Malayalam,,2021-09-12T23:11:10Z
123346,മണക്കം,und,"","","Philips TK, Moretto P (2025) Revision of the genus _Pseudopedaria_ Felsche, 1904, with descriptions of three new species and a subspecies from Central Africa (Coleoptera: Scarabaeinae: Coprini). Catharsius La Revue (N.S.) 5: 1–26. doi:10.5281/zenodo.17036002.",Malayalam,,2021-09-12T23:11:10Z
119432,മണക്കം,und,"","","Philips TK, Moretto P (2025) Revision of the genus _Pseudopedaria_ Felsche, 1904, with descriptions of three new species and a subspecies from Central Africa (Coleoptera: Scarabaeinae: Coprini). Catharsius La Revue (N.S.) 5: 1–26. doi:10.5281/zenodo.17036002.",Malayalam,,2021-09-12T23:11:11Z
196838,മണക്കം,und,"","","Philips TK, Moretto P (2025) Revision of the genus _Pseudopedaria_ Felsche, 1904, with descriptions of three new species and a subspecies from Central Africa (Coleoptera: Scarabaeinae: Coprini). Catharsius La Revue (N.S.) 5: 1–26. doi:10.5281/zenodo.17036002.",Malayalam,Victor HOYEAU,2021-09-12T23:11:11Z
325734,മണക്കം,und,"","","Philips TK, Moretto P (2025) Revision of the genus _Pseudopedaria_ Felsche, 1904, with descriptions of three new species and a subspecies from Central Africa (Coleoptera: Scarabaeinae: Coprini). Catharsius La Revue (N.S.) 5: 1–26. doi:10.5281/zenodo.17036002.",Malayalam,,2021-09-12T23:11:11Z
180170,മണക്കം,und,"","","Philips TK, Moretto P (2025) Revision of the genus _Pseudopedaria_ Felsche, 1904, with descriptions of three new species and a subspecies from Central Africa (Coleoptera: Scarabaeinae: Coprini). Catharsius La Revue (N.S.) 5: 1–26. doi:10.5281/zenodo.17036002.",Malayalam,Victor HOYEAU,2021-09-12T23:11:12Z
119432,Manakkam,und,"","","Philips TK, Moretto P (2025) Revision of the genus _Pseudopedaria_ Felsche, 1904, with descriptions of three new species and a subspecies from Central Africa (Coleoptera: Scarabaeinae: Coprini). Catharsius La Revue (N.S.) 5: 1–26. doi:10.5281/zenodo.17036002.",Malayalam,,2021-09-12T23:12:08Z
196838,Manakkam,und,"","","Philips TK, Moretto P (2025) Revision of the genus _Pseudopedaria_ Felsche, 1904, with descriptions of three new species and a subspecies from Central Africa (Coleoptera: Scarabaeinae: Coprini). Catharsius La Revue (N.S.) 5: 1–26. doi:10.5281/zenodo.17036002.",Malayalam,Victor HOYEAU,2021-09-12T23:12:08Z
325734,Manakkam,und,"","","Philips TK, Moretto P (2025) Revision of the genus _Pseudopedaria_ Felsche, 1904, with descriptions of three new species and a subspecies from Central Africa (Coleoptera: Scarabaeinae: Coprini). Catharsius La Revue (N.S.) 5: 1–26. doi:10.5281/zenodo.17036002.",Malayalam,,2021-09-12T23:12:08Z
180170,Manakkam,und,"","","Philips TK, Moretto P (2025) Revision of the genus _Pseudopedaria_ Felsche, 1904, with descriptions of three new species and a subspecies from Central Africa (Coleoptera: Scarabaeinae: Coprini). Catharsius La Revue (N.S.) 5: 1–26. doi:10.5281/zenodo.17036002.",Malayalam,Victor HOYEAU,2021-09-12T23:12:09Z
196837,Manakkam,und,"","","Philips TK, Moretto P (2025) Revision of the genus _Pseudopedaria_ Felsche, 1904, with descriptions of three new species and a subspecies from Central Africa (Coleoptera: Scarabaeinae: Coprini). Catharsius La Revue (N.S.) 5: 1–26. doi:10.5281/zenodo.17036002.",Malayalam,,2021-09-12T23:12:09Z
121673,Manakkam,und,"","","Philips TK, Moretto P (2025) Revision of the genus _Pseudopedaria_ Felsche, 1904, with descriptions of three new species and a subspecies from Central Africa (Coleoptera: Scarabaeinae: Coprini). Catharsius La Revue (N.S.) 5: 1–26. doi:10.5281/zenodo.17036002.",Malayalam,,2021-09-12T23:12:09Z
368557,Manakkam,und,"","","Philips TK, Moretto P (2025) Revision of the genus _Pseudopedaria_ Felsche, 1904, with descriptions of three new species and a subspecies from Central Africa (Coleoptera: Scarabaeinae: Coprini). Catharsius La Revue (N.S.) 5: 1–26. doi:10.5281/zenodo.17036002.",Malayalam,,2021-09-12T23:12:09Z
123346,Manakkam,und,"","","Philips TK, Moretto P (2025) Revision of the genus _Pseudopedaria_ Felsche, 1904, with descriptions of three new species and a subspecies from Central Africa (Coleoptera: Scarabaeinae: Coprini). Catharsius La Revue (N.S.) 5: 1–26. doi:10.5281/zenodo.17036002.",Malayalam,,2021-09-12T23:12:10Z
119717,പചാക്കൊട്ടി,und,"","","Philips TK, Moretto P (2025) Revision of the genus _Pseudopedaria_ Felsche, 1904, with descriptions of three new species and a subspecies from Central Africa (Coleoptera: Scarabaeinae: Coprini). Catharsius La Revue (N.S.) 5: 1–26. doi:10.5281/zenodo.17036002.",Malayalam,,2021-09-13T13:03:38Z
119717,പച്ചക്കോട്ടി,und,"","","Philips TK, Moretto P (2025) Revision of the genus _Pseudopedaria_ Felsche, 1904, with descriptions of three new species and a subspecies from Central Africa (Coleoptera: Scarabaeinae: Coprini). Catharsius La Revue (N.S.) 5: 1–26. doi:10.5281/zenodo.17036002.",Malayalam,,2021-09-13T13:03:46Z
119717,Pachakkotti,und,"","","Philips TK, Moretto P (2025) Revision of the genus _Pseudopedaria_ Felsche, 1904, with descriptions of three new species and a subspecies from Central Africa (Coleoptera: Scarabaeinae: Coprini). Catharsius La Revue (N.S.) 5: 1–26. doi:10.5281/zenodo.17036002.",Malayalam,,2021-09-13T13:04:00Z
446125,കക്കാടന്,und,"","","Philips TK, Moretto P (2025) Revision of the genus _Pseudopedaria_ Felsche, 1904, with descriptions of three new species and a subspecies from Central Africa (Coleoptera: Scarabaeinae: Coprini). Catharsius La Revue (N.S.) 5: 1–26. doi:10.5281/zenodo.17036002.",Malayalam,,2021-09-15T00:22:37Z
196701,കക്കാടന്,und,"","","Philips TK, Moretto P (2025) Revision of the genus _Pseudopedaria_ Felsche, 1904, with descriptions of three new species and a subspecies from Central Africa (Coleoptera: Scarabaeinae: Coprini). Catharsius La Revue (N.S.) 5: 1–26. doi:10.5281/zenodo.17036002.",Malayalam,,2021-09-15T00:22:38Z
196709,കക്കാടന്,und,"","","Philips TK, Moretto P (2025) Revision of the genus _Pseudopedaria_ Felsche, 1904, with descriptions of three new species and a subspecies from Central Africa (Coleoptera: Scarabaeinae: Coprini). Catharsius La Revue (N.S.) 5: 1–26. doi:10.5281/zenodo.17036002.",Malayalam,Clinton Duffy,2021-09-15T00:22:38Z
446006,കക്കാടന്,und,"","","Philips TK, Moretto P (2025) Revision of the genus _Pseudopedaria_ Felsche, 1904, with descriptions of three new species and a subspecies from Central Africa (Coleoptera: Scarabaeinae: Coprini). Catharsius La Revue (N.S.) 5: 1–26. doi:10.5281/zenodo.17036002.",Malayalam,,2021-09-15T00:22:38Z
446009,കക്കാടന്,und,"","","Philips TK, Moretto P (2025) Revision of the genus _Pseudopedaria_ Felsche, 1904, with descriptions of three new species and a subspecies from Central Africa (Coleoptera: Scarabaeinae: Coprini). Catharsius La Revue (N.S.) 5: 1–26. doi:10.5281/zenodo.17036002.",Malayalam,,2021-09-15T00:22:39Z
196709,കാക്കടന്,und,"","",,Malayalam,Zane Roskoph,2021-09-15T00:23:01Z
196709,മണ്ടിന്,und,"","","Philips TK, Moretto P (2025) Revision of the genus _Pseudopedaria_ Felsche, 1904, with descriptions of three new species and a subspecies from Central Africa (Coleoptera: Scarabaeinae: Coprini). Catharsius La Revue (N.S.) 5: 1–26. doi:10.5281/zenodo.17036002.",Malayalam,Clinton Duffy,2021-09-15T00:23:15Z
446009,മണ്ടിന്,und,"","","Philips TK, Moretto P (2025) Revision of the genus _Pseudopedaria_ Felsche, 1904, with descriptions of three new species and a subspecies from Central Africa (Coleoptera: Scarabaeinae: Coprini). Catharsius La Revue (N.S.) 5: 1–26. doi:10.5281/zenodo.17036002.",Malayalam,,2021-09-15T00:23:16Z
196701,മണ്ടിന്,und,"","","Philips TK, Moretto P (2025) Revision of the genus _Pseudopedaria_ Felsche, 1904, with descriptions of three new species and a subspecies from Central Africa (Coleoptera: Scarabaeinae: Coprini). Catharsius La Revue (N.S.) 5: 1–26. doi:10.5281/zenodo.17036002.",Malayalam,,2021-09-15T00:23:16Z
446462,മണ്ടിന്,und,"","","Philips TK, Moretto P (2025) Revision of the genus _Pseudopedaria_ Felsche, 1904, with descriptions of three new species and a subspecies from Central Africa (Coleoptera: Scarabaeinae: Coprini). Catharsius La Revue (N.S.) 5: 1–26. doi:10.5281/zenodo.17036002.",Malayalam,Clinton Duffy,2021-09-15T00:23:16Z
196701,മണ്ടിയന്,und,"","","Philips TK, Moretto P (2025) Revision of the genus _Pseudopedaria_ Felsche, 1904, with descriptions of three new species and a subspecies from Central Africa (Coleoptera: Scarabaeinae: Coprini). Catharsius La Revue (N.S.) 5: 1–26. doi:10.5281/zenodo.17036002.",Malayalam,,2021-09-15T00:23:28Z
446462,മണ്ടിയന്,und,"","","Philips TK, Moretto P (2025) Revision of the genus _Pseudopedaria_ Felsche, 1904, with descriptions of three new species and a subspecies from Central Africa (Coleoptera: Scarabaeinae: Coprini). Catharsius La Revue (N.S.) 5: 1–26. doi:10.5281/zenodo.17036002.",Malayalam,Clinton Duffy,2021-09-15T00:23:28Z
196709,മണ്ടിയന്,und,"","","Philips TK, Moretto P (2025) Revision of the genus _Pseudopedaria_ Felsche, 1904, with descriptions of three new species and a subspecies from Central Africa (Coleoptera: Scarabaeinae: Coprini). Catharsius La Revue (N.S.) 5: 1–26. doi:10.5281/zenodo.17036002.",Malayalam,Clinton Duffy,2021-09-15T00:23:29Z
446006,മണ്ടിയന്,und,"","","Philips TK, Moretto P (2025) Revision of the genus _Pseudopedaria_ Felsche, 1904, with descriptions of three new species and a subspecies from Central Africa (Coleoptera: Scarabaeinae: Coprini). Catharsius La Revue (N.S.) 5: 1–26. doi:10.5281/zenodo.17036002.",Malayalam,,2021-09-15T00:23:29Z
446009,മണ്ടിയന്,und,"","","Philips TK, Moretto P (2025) Revision of the genus _Pseudopedaria_ Felsche, 1904, with descriptions of three new species and a subspecies from Central Africa (Coleoptera: Scarabaeinae: Coprini). Catharsius La Revue (N.S.) 5: 1–26. doi:10.5281/zenodo.17036002.",Malayalam,,2021-09-15T00:23:29Z
446462,Mandian,und,"","","Philips TK, Moretto P (2025) Revision of the genus _Pseudopedaria_ Felsche, 1904, with descriptions of three new species and a subspecies from Central Africa (Coleoptera: Scarabaeinae: Coprini). Catharsius La Revue (N.S.) 5: 1–26. doi:10.5281/zenodo.17036002.",Malayalam,Clinton Duffy,2021-09-15T00:23:44Z
196709,Mandian,und,"","","Philips TK, Moretto P (2025) Revision of the genus _Pseudopedaria_ Felsche, 1904, with descriptions of three new species and a subspecies from Central Africa (Coleoptera: Scarabaeinae: Coprini). Catharsius La Revue (N.S.) 5: 1–26. doi:10.5281/zenodo.17036002.",Malayalam,Clinton Duffy,2021-09-15T00:23:45Z
446006,Mandian,und,"","","Philips TK, Moretto P (2025) Revision of the genus _Pseudopedaria_ Felsche, 1904, with descriptions of three new species and a subspecies from Central Africa (Coleoptera: Scarabaeinae: Coprini). Catharsius La Revue (N.S.) 5: 1–26. doi:10.5281/zenodo.17036002.",Malayalam,,2021-09-15T00:23:45Z
446009,Mandian,und,"","","Philips TK, Moretto P (2025) Revision of the genus _Pseudopedaria_ Felsche, 1904, with descriptions of three new species and a subspecies from Central Africa (Coleoptera: Scarabaeinae: Coprini). Catharsius La Revue (N.S.) 5: 1–26. doi:10.5281/zenodo.17036002.",Malayalam,,2021-09-15T00:23:45Z
196701,Mandian,und,"","","Philips TK, Moretto P (2025) Revision of the genus _Pseudopedaria_ Felsche, 1904, with descriptions of three new species and a subspecies from Central Africa (Coleoptera: Scarabaeinae: Coprini). Catharsius La Revue (N.S.) 5: 1–26. doi:10.5281/zenodo.17036002.",Malayalam,,2021-09-15T00:23:45Z
446006,Kakkadan,und,"","","Philips TK, Moretto P (2025) Revision of the genus _Pseudopedaria_ Felsche, 1904, with descriptions of three new species and a subspecies from Central Africa (Coleoptera: Scarabaeinae: Coprini). Catharsius La Revue (N.S.) 5: 1–26. doi:10.5281/zenodo.17036002.",Malayalam,,2021-09-15T00:23:56Z
446009,Kakkadan,und,"","","Philips TK, Moretto P (2025) Revision of the genus _Pseudopedaria_ Felsche, 1904, with descriptions of three new species and a subspecies from Central Africa (Coleoptera: Scarabaeinae: Coprini). Catharsius La Revue (N.S.) 5: 1–26. doi:10.5281/zenodo.17036002.",Malayalam,,2021-09-15T00:23:57Z
446125,Kakkadan,und,"","","Philips TK, Moretto P (2025) Revision of the genus _Pseudopedaria_ Felsche, 1904, with descriptions of three new species and a subspecies from Central Africa (Coleoptera: Scarabaeinae: Coprini). Catharsius La Revue (N.S.) 5: 1–26. doi:10.5281/zenodo.17036002.",Malayalam,,2021-09-15T00:23:57Z
196701,Kakkadan,und,"","","Philips TK, Moretto P (2025) Revision of the genus _Pseudopedaria_ Felsche, 1904, with descriptions of three new species and a subspecies from Central Africa (Coleoptera: Scarabaeinae: Coprini). Catharsius La Revue (N.S.) 5: 1–26. doi:10.5281/zenodo.17036002.",Malayalam,,2021-09-15T00:23:57Z
196709,Kakkadan,und,"","","Philips TK, Moretto P (2025) Revision of the genus _Pseudopedaria_ Felsche, 1904, with descriptions of three new species and a subspecies from Central Africa (Coleoptera: Scarabaeinae: Coprini). Catharsius La Revue (N.S.) 5: 1–26. doi:10.5281/zenodo.17036002.",Malayalam,Clinton Duffy,2021-09-15T00:23:58Z
194883,ബലാം,und,"","","Philips TK, Moretto P (2025) Revision of the genus _Pseudopedaria_ Felsche, 1904, with descriptions of three new species and a subspecies from Central Africa (Coleoptera: Scarabaeinae: Coprini). Catharsius La Revue (N.S.) 5: 1–26. doi:10.5281/zenodo.17036002.",Malayalam,,2021-09-18T15:30:22Z
194883,ബലം,und,"","",,Malayalam,Zane Roskoph,2021-09-18T15:30:42Z
194883,Balam,und,"","",,Malayalam,Zane Roskoph,2021-09-18T15:31:08Z
47257,ഐക്കുറ,und,"","","Philips TK, Moretto P (2025) Revision of the genus _Pseudopedaria_ Felsche, 1904, with descriptions of three new species and a subspecies from Central Africa (Coleoptera: Scarabaeinae: Coprini). Catharsius La Revue (N.S.) 5: 1–26. doi:10.5281/zenodo.17036002.",Malayalam,,2021-09-20T00:32:17Z
47257,ഒരിയ നെയ് മീന്,und,"","","Philips TK, Moretto P (2025) Revision of the genus _Pseudopedaria_ Felsche, 1904, with descriptions of three new species and a subspecies from Central Africa (Coleoptera: Scarabaeinae: Coprini). Catharsius La Revue (N.S.) 5: 1–26. doi:10.5281/zenodo.17036002.",Malayalam,,2021-09-20T00:32:28Z
47257,ഒരിയ മീന്,und,"","",,Malayalam,Zane Roskoph,2021-09-20T00:32:52Z
47257,അയക്കുര,und,"","",,Malayalam,Zane Roskoph,2021-09-20T00:33:12Z
132369,നെയ്മീന്,und,"","","Philips TK, Moretto P (2025) Revision of the genus _Pseudopedaria_ Felsche, 1904, with descriptions of three new species and a subspecies from Central Africa (Coleoptera: Scarabaeinae: Coprini). Catharsius La Revue (N.S.) 5: 1–26. doi:10.5281/zenodo.17036002.",Malayalam,,2021-09-20T00:33:32Z
188362,നെയ്മീന്,und,"","","Philips TK, Moretto P (2025) Revision of the genus _Pseudopedaria_ Felsche, 1904, with descriptions of three new species and a subspecies from Central Africa (Coleoptera: Scarabaeinae: Coprini). Catharsius La Revue (N.S.) 5: 1–26. doi:10.5281/zenodo.17036002.",Malayalam,Wich’yanan (Jay) Limparungpatthanakij,2021-09-20T00:33:33Z
429285,നെയ്മീന്,und,"","","Philips TK, Moretto P (2025) Revision of the genus _Pseudopedaria_ Felsche, 1904, with descriptions of three new species and a subspecies from Central Africa (Coleoptera: Scarabaeinae: Coprini). Catharsius La Revue (N.S.) 5: 1–26. doi:10.5281/zenodo.17036002.",Malayalam,,2021-09-20T00:33:33Z
131491,നെയ്മീന്,und,"","","Philips TK, Moretto P (2025) Revision of the genus _Pseudopedaria_ Felsche, 1904, with descriptions of three new species and a subspecies from Central Africa (Coleoptera: Scarabaeinae: Coprini). Catharsius La Revue (N.S.) 5: 1–26. doi:10.5281/zenodo.17036002.",Malayalam,,2021-09-20T00:33:33Z
47257,നെയ്മീന്,und,"","","Philips TK, Moretto P (2025) Revision of the genus _Pseudopedaria_ Felsche, 1904, with descriptions of three new species and a subspecies from Central Africa (Coleoptera: Scarabaeinae: Coprini). Catharsius La Revue (N.S.) 5: 1–26. doi:10.5281/zenodo.17036002.",Malayalam,,2021-09-20T00:33:34Z
47257,Oria-meen,und,"","","Philips TK, Moretto P (2025) Revision of the genus _Pseudopedaria_ Felsche, 1904, with descriptions of three new species and a subspecies from Central Africa (Coleoptera: Scarabaeinae: Coprini). Catharsius La Revue (N.S.) 5: 1–26. doi:10.5281/zenodo.17036002.",Malayalam,,2021-09-20T00:33:43Z
47257,Oria Neemeen,und,"","","Philips TK, Moretto P (2025) Revision of the genus _Pseudopedaria_ Felsche, 1904, with descriptions of three new species and a subspecies from Central Africa (Coleoptera: Scarabaeinae: Coprini). Catharsius La Revue (N.S.) 5: 1–26. doi:10.5281/zenodo.17036002.",Malayalam,,2021-09-20T00:33:52Z
47257,Ayakkura,und,"","","Philips TK, Moretto P (2025) Revision of the genus _Pseudopedaria_ Felsche, 1904, with descriptions of three new species and a subspecies from Central Africa (Coleoptera: Scarabaeinae: Coprini). Catharsius La Revue (N.S.) 5: 1–26. doi:10.5281/zenodo.17036002.",Malayalam,,2021-09-20T00:34:00Z
68025,കറുതാ ചാണ്ടി,und,"","","Philips TK, Moretto P (2025) Revision of the genus _Pseudopedaria_ Felsche, 1904, with descriptions of three new species and a subspecies from Central Africa (Coleoptera: Scarabaeinae: Coprini). Catharsius La Revue (N.S.) 5: 1–26. doi:10.5281/zenodo.17036002.",Malayalam,,2021-09-25T14:54:21Z
68025,കറൂത്ത ചണ്ടി,und,"","","Philips TK, Moretto P (2025) Revision of the genus _Pseudopedaria_ Felsche, 1904, with descriptions of three new species and a subspecies from Central Africa (Coleoptera: Scarabaeinae: Coprini). Catharsius La Revue (N.S.) 5: 1–26. doi:10.5281/zenodo.17036002.",Malayalam,,2021-09-25T14:54:30Z
68025,Karutha-chandi,und,"","","Philips TK, Moretto P (2025) Revision of the genus _Pseudopedaria_ Felsche, 1904, with descriptions of three new species and a subspecies from Central Africa (Coleoptera: Scarabaeinae: Coprini). Catharsius La Revue (N.S.) 5: 1–26. doi:10.5281/zenodo.17036002.",Malayalam,,2021-09-25T14:54:42Z
568993,മാസ്ക് 3,und,"","",,Malayalam,Firos AK,2021-11-16T16:56:39Z
369469,ഐവിരലിക്കോവ,und,"","",,Malayalam,Firos AK,2021-11-16T17:00:07Z
471636,കോല് കൊടിന്ദന്,und,"","","Philips TK, Moretto P (2025) Revision of the genus _Pseudopedaria_ Felsche, 1904, with descriptions of three new species and a subspecies from Central Africa (Coleoptera: Scarabaeinae: Coprini). Catharsius La Revue (N.S.) 5: 1–26. doi:10.5281/zenodo.17036002.",Malayalam,Wich’yanan (Jay) Limparungpatthanakij,2021-12-04T14:46:44Z
471636,കൊല് കൊടിണ്ടന്,und,"","",,Malayalam,Zane Roskoph,2021-12-04T14:47:11Z
471636,Kolkodindan,und,"","","Philips TK, Moretto P (2025) Revision of the genus _Pseudopedaria_ Felsche, 1904, with descriptions of three new species and a subspecies from Central Africa (Coleoptera: Scarabaeinae: Coprini). Catharsius La Revue (N.S.) 5: 1–26. doi:10.5281/zenodo.17036002.",Malayalam,Wich’yanan (Jay) Limparungpatthanakij,2021-12-04T14:47:22Z
93987,കറൂപ്പ്,und,"","","Philips TK, Moretto P (2025) Revision of the genus _Pseudopedaria_ Felsche, 1904, with descriptions of three new species and a subspecies from Central Africa (Coleoptera: Scarabaeinae: Coprini). Catharsius La Revue (N.S.) 5: 1–26. doi:10.5281/zenodo.17036002.",Malayalam,,2021-12-04T16:39:29Z
93987,കരിപിടി,und,"","","Philips TK, Moretto P (2025) Revision of the genus _Pseudopedaria_ Felsche, 1904, with descriptions of three new species and a subspecies from Central Africa (Coleoptera: Scarabaeinae: Coprini). Catharsius La Revue (N.S.) 5: 1–26. doi:10.5281/zenodo.17036002.",Malayalam,,2021-12-04T16:39:44Z
93987,Undecollee,und,"","","Philips TK, Moretto P (2025) Revision of the genus _Pseudopedaria_ Felsche, 1904, with descriptions of three new species and a subspecies from Central Africa (Coleoptera: Scarabaeinae: Coprini). Catharsius La Revue (N.S.) 5: 1–26. doi:10.5281/zenodo.17036002.",Malayalam,,2021-12-04T16:39:56Z
93987,Karooppu,und,"","","Philips TK, Moretto P (2025) Revision of the genus _Pseudopedaria_ Felsche, 1904, with descriptions of three new species and a subspecies from Central Africa (Coleoptera: Scarabaeinae: Coprini). Catharsius La Revue (N.S.) 5: 1–26. doi:10.5281/zenodo.17036002.",Malayalam,,2021-12-04T16:40:03Z
93987,Karippidi,und,"","","Philips TK, Moretto P (2025) Revision of the genus _Pseudopedaria_ Felsche, 1904, with descriptions of three new species and a subspecies from Central Africa (Coleoptera: Scarabaeinae: Coprini). Catharsius La Revue (N.S.) 5: 1–26. doi:10.5281/zenodo.17036002.",Malayalam,,2021-12-04T16:40:11Z
93987,Kallemutti,und,"","","Philips TK, Moretto P (2025) Revision of the genus _Pseudopedaria_ Felsche, 1904, with descriptions of three new species and a subspecies from Central Africa (Coleoptera: Scarabaeinae: Coprini). Catharsius La Revue (N.S.) 5: 1–26. doi:10.5281/zenodo.17036002.",Malayalam,,2021-12-04T16:40:22Z
93987,Antikallai,und,"","","Philips TK, Moretto P (2025) Revision of the genus _Pseudopedaria_ Felsche, 1904, with descriptions of three new species and a subspecies from Central Africa (Coleoptera: Scarabaeinae: Coprini). Catharsius La Revue (N.S.) 5: 1–26. doi:10.5281/zenodo.17036002.",Malayalam,,2021-12-04T16:40:28Z
122514,മഞ്ഞല് മണക്കം,und,"","",,Malayalam,Zane Roskoph,2021-12-06T00:40:30Z
122514,മഞ്ഞള് മണക്കം,und,"","","Philips TK, Moretto P (2025) Revision of the genus _Pseudopedaria_ Felsche, 1904, with descriptions of three new species and a subspecies from Central Africa (Coleoptera: Scarabaeinae: Coprini). Catharsius La Revue (N.S.) 5: 1–26. doi:10.5281/zenodo.17036002.",Malayalam,Donald Davesne,2021-12-06T00:40:59Z
122514,Manjalmanakkam,und,"","","Philips TK, Moretto P (2025) Revision of the genus _Pseudopedaria_ Felsche, 1904, with descriptions of three new species and a subspecies from Central Africa (Coleoptera: Scarabaeinae: Coprini). Catharsius La Revue (N.S.) 5: 1–26. doi:10.5281/zenodo.17036002.",Malayalam,Donald Davesne,2021-12-06T00:42:22Z
110385,ചുട്ടിച്ചി,und,"","","Philips TK, Moretto P (2025) Revision of the genus _Pseudopedaria_ Felsche, 1904, with descriptions of three new species and a subspecies from Central Africa (Coleoptera: Scarabaeinae: Coprini). Catharsius La Revue (N.S.) 5: 1–26. doi:10.5281/zenodo.17036002.",Malayalam,,2021-12-07T14:32:09Z
110385,Chuttichi,und,"","","Philips TK, Moretto P (2025) Revision of the genus _Pseudopedaria_ Felsche, 1904, with descriptions of three new species and a subspecies from Central Africa (Coleoptera: Scarabaeinae: Coprini). Catharsius La Revue (N.S.) 5: 1–26. doi:10.5281/zenodo.17036002.",Malayalam,,2021-12-07T14:32:22Z
57297,കൊന്വന്,und,"","","Philips TK, Moretto P (2025) Revision of the genus _Pseudopedaria_ Felsche, 1904, with descriptions of three new species and a subspecies from Central Africa (Coleoptera: Scarabaeinae: Coprini). Catharsius La Revue (N.S.) 5: 1–26. doi:10.5281/zenodo.17036002.",Malayalam,,2021-12-28T15:32:49Z
121661,കൊന്വന്,und,"","","Philips TK, Moretto P (2025) Revision of the genus _Pseudopedaria_ Felsche, 1904, with descriptions of three new species and a subspecies from Central Africa (Coleoptera: Scarabaeinae: Coprini). Catharsius La Revue (N.S.) 5: 1–26. doi:10.5281/zenodo.17036002.",Malayalam,,2021-12-28T15:32:49Z
121661,കൊന്പന്,und,"","",,Malayalam,Zane Roskoph,2021-12-28T15:33:24Z
121661,Komban,und,"","",,Malayalam,Zane Roskoph,2021-12-28T15:33:59Z
121661,താരതൊന്വ്,und,"","","Philips TK, Moretto P (2025) Revision of the genus _Pseudopedaria_ Felsche, 1904, with descriptions of three new species and a subspecies from Central Africa (Coleoptera: Scarabaeinae: Coprini). Catharsius La Revue (N.S.) 5: 1–26. doi:10.5281/zenodo.17036002.",Malayalam,,2021-12-28T15:34:11Z
121661,തരതൊന്പു,und,"","",,Malayalam,Zane Roskoph,2021-12-28T15:35:02Z
121661,Tharathombu,und,"","","Philips TK, Moretto P (2025) Revision of the genus _Pseudopedaria_ Felsche, 1904, with descriptions of three new species and a subspecies from Central Africa (Coleoptera: Scarabaeinae: Coprini). Catharsius La Revue (N.S.) 5: 1–26. doi:10.5281/zenodo.17036002.",Malayalam,,2021-12-28T15:35:14Z
6899,വലിയ ചൂളൻ എരണ്ട,und,"","",,Malayalam,Navaneeth Sini George,2022-01-28T04:13:10Z
6891,ചൂളൻ എരണ്ട,und,"","",,Malayalam,Navaneeth Sini George,2022-01-28T04:15:23Z
7008,കുറിത്തലയൻ വാത്ത്‌,und,"","",,Malayalam,Navaneeth Sini George,2022-01-28T04:17:22Z
7160,മുഴയൻ താറാവ്,und,"","",,Malayalam,Navaneeth Sini George,2022-01-28T04:19:10Z
7068,തങ്കത്താറാവ്,und,"","",,Malayalam,Navaneeth Sini George,2022-01-28T04:20:51Z
7128,പച്ച എരണ്ട,und,"","",,Malayalam,Navaneeth Sini George,2022-01-28T04:25:03Z
558429,വരി എരണ്ട,und,"","",,Malayalam,Navaneeth Sini George,2022-01-28T04:26:49Z
558438,കോരിച്ചുണ്ടൻ എരണ്ട,und,"","",,Malayalam,Navaneeth Sini George,2022-01-28T04:28:25Z
558439,ഗ്യാഡ്വാൾ,und,"","",,Malayalam,Navaneeth Sini George,2022-01-28T04:30:58Z
558441,ചന്ദനക്കുറി എരണ്ട,und,"","",,Malayalam,Navaneeth Sini George,2022-01-28T04:32:45Z
6925,പുള്ളിച്ചുണ്ടൻ താറാവ്,und,"","",,Malayalam,Navaneeth Sini George,2022-01-28T04:35:17Z
6933,വാലൻ എരണ്ട,und,"","",,Malayalam,Navaneeth Sini George,2022-01-28T04:37:10Z
6937,പട്ടക്കണ്ണൻ എരണ്ട,und,"","",,Malayalam,Navaneeth Sini George,2022-01-28T04:38:58Z
7045,ചെന്തലയൻ എരണ്ട,und,"","",,Malayalam,Navaneeth Sini George,2022-01-28T04:40:52Z
7055,വെള്ളക്കണ്ണി എരണ്ട,und,"","",,Malayalam,Navaneeth Sini George,2022-01-28T04:43:08Z
7046,കുടുമത്താറാവ്,und,"","",,Malayalam,Navaneeth Sini George,2022-01-28T04:44:33Z
1204,മയിൽ,und,"","",,Malayalam,Navaneeth Sini George,2022-01-28T04:46:36Z
1134,ചെമ്പൻ മുള്ളൻകോഴി,und,"","",,Malayalam,Navaneeth Sini George,2022-01-28T04:49:30Z
1138,പുള്ളി മുള്ളൻകോഴി,und,"","",,Malayalam,Navaneeth Sini George,2022-01-28T04:50:24Z
880,കാട്ടുകോഴി,und,"","",,Malayalam,Navaneeth Sini George,2022-01-28T04:52:08Z
505884,നീലമാറൻ കാട,und,"","",,Malayalam,Navaneeth Sini George,2022-01-28T04:55:05Z
803,കരിമാറൻകാട,und,"","",,Malayalam,Navaneeth Sini George,2022-01-28T04:56:49Z
728,പൊന്തവരിക്കാട,und,"","",,Malayalam,Navaneeth Sini George,2022-01-28T04:58:07Z
737,മേനിക്കാട,und,"","",,Malayalam,Navaneeth Sini George,2022-01-28T04:59:33Z
73222,വലിയ രാജഹംസം,und,"","",,Malayalam,Navaneeth Sini George,2022-01-28T05:00:43Z
4259,ചെറിയ രാജഹംസം,und,"","",,Malayalam,Navaneeth Sini George,2022-01-28T05:02:14Z
4237,മുങ്ങാങ്കോഴി,und,"","",,Malayalam,Navaneeth Sini George,2022-01-28T05:06:17Z
3042,മരപ്രാവ്,und,"","",,Malayalam,Navaneeth Sini George,2022-01-28T05:11:12Z
2927,ചെങ്ങാലിപ്രാവ്,und,"","",,Malayalam,Navaneeth Sini George,2022-01-28T05:12:36Z
2969,പൊട്ടൻ ചെങ്ങാലിപ്രാവ്,und,"","",,Malayalam,Navaneeth Sini George,2022-01-28T05:13:49Z
2935,ചെമ്പൻ ചെങ്ങാലിപ്രാവ്,und,"","",,Malayalam,Navaneeth Sini George,2022-01-28T05:14:43Z
508097,ഓമന പ്രാവ്,und,"","",,Malayalam,Navaneeth Sini George,2022-01-28T05:19:57Z
3394,മഞ്ഞവരിയൻ പ്രാവ്,und,"","",,Malayalam,Navaneeth Sini George,2022-01-28T05:21:14Z
201048,ചാരവരിയൻ പ്രാവ്,und,"","",,Malayalam,Navaneeth Sini George,2022-01-28T05:22:14Z
3352,മഞ്ഞക്കാലി പച്ചപ്രാവ്,und,"","",,Malayalam,Navaneeth Sini George,2022-01-28T05:24:39Z
3211,മേനി പ്രാവ്,und,"","",,Malayalam,Navaneeth Sini George,2022-01-28T05:25:48Z
3246,പൊകണ പ്രാവ്,und,"","",,Malayalam,Navaneeth Sini George,2022-01-28T05:26:58Z
117083,മണൽപ്രാവ്,und,"","",,Malayalam,Navaneeth Sini George,2022-01-28T05:29:08Z
144471,മരുക്കൊക്ക്,und,"","",,Malayalam,Navaneeth Sini George,2022-01-28T05:30:50Z
130,ചാട്ടക്കോഴി,und,"","",,Malayalam,Navaneeth Sini George,2022-01-28T05:32:37Z
1677,ഉപ്പൻ,und,"","",,Malayalam,Navaneeth Sini George,2022-01-28T05:37:09Z
1644,പുല്ലുപ്പൻ,und,"","",,Malayalam,Navaneeth Sini George,2022-01-28T05:37:59Z
513662,ചോരച്ചുണ്ടൻ,und,"","",,Malayalam,Navaneeth Sini George,2022-01-28T05:39:41Z
73193,പച്ചച്ചുണ്ടൻ,und,"","",,Malayalam,Navaneeth Sini George,2022-01-28T05:41:31Z
1788,ഉപ്പൻകുയിൽ,und,"","",,Malayalam,Navaneeth Sini George,2022-01-28T05:42:34Z
1789,കൊമ്പൻകുയിൽ,und,"","",,Malayalam,Navaneeth Sini George,2022-01-28T05:43:40Z
204510,നാട്ടുകുയിൽ,und,"","",,Malayalam,Navaneeth Sini George,2022-01-28T05:44:55Z
1827,ചെങ്കുയിൽ,und,"","",,Malayalam,Navaneeth Sini George,2022-01-28T05:45:53Z
96386,ചെറുകുയിൽ,und,"","",,Malayalam,Navaneeth Sini George,2022-01-28T05:47:17Z
339600,കാക്കത്തമ്പുരാട്ടിക്കുയിൽ,und,"","",,Malayalam,Navaneeth Sini George,2022-01-28T05:48:27Z
567164,വലിയ പേക്കുയിൽ,und,"","",,Malayalam,Navaneeth Sini George,2022-01-28T05:49:40Z
144575,പേക്കുയിൽ,und,"","",,Malayalam,Navaneeth Sini George,2022-01-28T05:50:35Z
1902,ചിന്നക്കുയിൽ,und,"","",,Malayalam,Navaneeth Sini George,2022-01-28T05:52:09Z
1904,വിഷുപ്പക്ഷി,und,"","",,Malayalam,Navaneeth Sini George,2022-01-28T05:54:12Z
1907,കുക്കൂ കുയിൽ,und,"","",,Malayalam,Navaneeth Sini George,2022-01-28T05:56:31Z
201064,ചെവിയൻ രാച്ചുക്ക്,und,"","",,Malayalam,Navaneeth Sini George,2022-01-28T05:58:08Z
19404,കാട്ടുരാച്ചുക്ക്,und,"","",,Malayalam,Navaneeth Sini George,2022-01-28T05:59:38Z
19509,രാചൗങ്ങൻ,und,"","",,Malayalam,Navaneeth Sini George,2022-01-28T06:00:58Z
19455,നാട്ടുരാച്ചുക്ക്,und,"","",,Malayalam,Navaneeth Sini George,2022-01-28T06:02:20Z
19466,ചുയിരാച്ചുക്ക്,und,"","",,Malayalam,Navaneeth Sini George,2022-01-28T06:03:35Z
6700,ചെറിയ മുൾവാലൻ ശരപ്പക്ഷി,und,"","",,Malayalam,Navaneeth Sini George,2022-01-28T06:05:13Z
6855,വലിയ മുൾവാലൻ ശരപ്പക്ഷി,und,"","",,Malayalam,Navaneeth Sini George,2022-01-28T06:06:16Z
144609,ചിത്രകൂടൻ ശരപ്പക്ഷി,und,"","",,Malayalam,Navaneeth Sini George,2022-01-28T06:07:22Z
6638,മലങ്കൂളൻ,und,"","",,Malayalam,Navaneeth Sini George,2022-01-28T06:11:09Z
144637,ഹിമാലയൻ ശരപ്പക്ഷി,und,"","",,Malayalam,Navaneeth Sini George,2022-01-28T06:12:19Z
6612,അമ്പലംചുറ്റി,und,"","",,Malayalam,Navaneeth Sini George,2022-01-28T06:13:47Z
6676,പനങ്കൂളൻ,und,"","",,Malayalam,Navaneeth Sini George,2022-01-28T06:14:43Z
792878,നീലമാറൻ കുളക്കോഴി,und,"","",,Malayalam,Navaneeth Sini George,2022-01-28T10:14:05Z
178,പുള്ളി നെല്ലിക്കോഴി,und,"","",,Malayalam,Navaneeth Sini George,2022-01-28T10:15:39Z
201282,പട്ടക്കോഴി,und,"","",,Malayalam,Navaneeth Sini George,2022-01-28T10:16:38Z
482,വെള്ളക്കൊക്കൻ കുളക്കോഴി,und,"","",,Malayalam,Navaneeth Sini George,2022-01-28T10:17:50Z
474332,നീലക്കോഴി,und,"","",,Malayalam,Navaneeth Sini George,2022-01-28T10:19:33Z
535,തീപ്പൊരിക്കണ്ണൻ,und,"","",,Malayalam,Navaneeth Sini George,2022-01-28T10:20:39Z
199,കുളക്കോഴി,und,"","",,Malayalam,Navaneeth Sini George,2022-01-28T10:22:12Z
266,തവിടൻ നെല്ലിക്കോഴി,und,"","",,Malayalam,Navaneeth Sini George,2022-01-28T10:23:19Z
508914,ചുകന്ന നെല്ലിക്കോഴി,und,"","",,Malayalam,Navaneeth Sini George,2022-01-28T10:24:14Z
508920,ചെറിയ നെല്ലിക്കോഴി,und,"","",,Malayalam,Navaneeth Sini George,2022-01-28T10:25:04Z
144482,വയൽക്കണ്ണൻ,und,"","",,Malayalam,Navaneeth Sini George,2022-01-28T10:26:44Z
4919,പെരുങ്കൊക്കൻ പ്ലോവർ,und,"","",,Malayalam,Navaneeth Sini George,2022-01-28T10:27:43Z
4835,പവിഴക്കാലി,und,"","",,Malayalam,Navaneeth Sini George,2022-01-28T10:28:45Z
4883,ആവോസെറ്റ്,und,"","",,Malayalam,Navaneeth Sini George,2022-01-28T10:29:50Z
4843,കടൽമണ്ണാത്തി,und,"","",,Malayalam,Navaneeth Sini George,2022-01-28T10:30:50Z
4892,ചാരമണൽക്കോഴി,und,"","",,Malayalam,Navaneeth Sini George,2022-01-28T10:32:12Z
4893,അമേരിക്കൻ പൊൻമണൽക്കോഴി,und,"","",,Malayalam,Navaneeth Sini George,2022-01-28T10:34:01Z
4896,പൊൻമണൽക്കോഴി,und,"","",,Malayalam,Navaneeth Sini George,2022-01-28T10:35:03Z
144484,മഞ്ഞക്കണ്ണി തിത്തിരി,und,"","",,Malayalam,Navaneeth Sini George,2022-01-28T10:36:01Z
4875,ചാരത്തലയൻ തിത്തിരി,und,"","",,Malayalam,Navaneeth Sini George,2022-01-28T10:36:56Z
4871,ചെങ്കണ്ണി തിത്തിരി,und,"","",,Malayalam,Navaneeth Sini George,2022-01-28T10:37:45Z
4858,തലേക്കെട്ടൻ തിത്തിരി,und,"","",,Malayalam,Navaneeth Sini George,2022-01-28T10:39:57Z
4860,വെള്ളവാലൻ തിത്തിരി,und,"","",,Malayalam,Navaneeth Sini George,2022-01-28T10:40:59Z
4801,വലിയ മോതിരക്കോഴി,und,"","",,Malayalam,Navaneeth Sini George,2022-01-28T10:46:45Z
3999,കാളിക്കാട,und,"","",,Malayalam,Navaneeth Sini George,2022-01-28T10:49:06Z
4589,വാലൻ താമരക്കോഴി,und,"","",,Malayalam,Navaneeth Sini George,2022-01-28T10:50:21Z
4576,നാടൻ താമരക്കോഴി,und,"","",,Malayalam,Navaneeth Sini George,2022-01-28T10:51:46Z
3901,തെറ്റിക്കൊക്കൻ,und,"","",,Malayalam,Navaneeth Sini George,2022-01-28T10:52:39Z
3896,വാൾക്കൊക്കൻ,und,"","",,Malayalam,Navaneeth Sini George,2022-01-28T10:53:24Z
3951,വരവാലൻ സ്നാപ്പ്,und,"","",,Malayalam,Navaneeth Sini George,2022-01-28T10:55:46Z
3947,പട്ടവാലൻ സ്നാപ്പ്,und,"","",,Malayalam,Navaneeth Sini George,2022-01-28T10:56:42Z
3938,കല്ലുരുട്ടിക്കാട,und,"","",,Malayalam,Navaneeth Sini George,2022-01-28T10:58:13Z
3852,കിഴക്കൻ നട്ട്,und,"","",,Malayalam,Navaneeth Sini George,2022-01-28T10:59:05Z
3845,ചെമ്പൻ നട്ട്,und,"","",,Malayalam,Navaneeth Sini George,2022-01-28T10:59:56Z
339593,ബഹുവർണ്ണൻ മണലൂതി,und,"","",,Malayalam,Navaneeth Sini George,2022-01-28T11:00:45Z
339594,വരയൻ മണലൂതി,und,"","",,Malayalam,Navaneeth Sini George,2022-01-28T11:02:05Z
3863,കടൽക്കാട,und,"","",,Malayalam,Navaneeth Sini George,2022-01-28T11:03:07Z
3837,ടെമ്മിങ്കി മണലൂതി,und,"","",,Malayalam,Navaneeth Sini George,2022-01-28T11:04:05Z
3848,വിരലൻ മണലൂതി,und,"","",,Malayalam,Navaneeth Sini George,2022-01-28T11:05:03Z
3849,തിരക്കാട,und,"","",,Malayalam,Navaneeth Sini George,2022-01-28T11:05:56Z
3857,ഡൺലിൻ,und,"","",,Malayalam,Navaneeth Sini George,2022-01-28T11:06:46Z
3838,കുരുവി മണലൂതി,und,"","",,Malayalam,Navaneeth Sini George,2022-01-28T11:07:50Z
339596,ഉണ്ടക്കണ്ണൻ മണലൂതി,und,"","",,Malayalam,Navaneeth Sini George,2022-01-28T11:08:55Z
3865,വരിമാറൻ മണലൂതി,und,"","",,Malayalam,Navaneeth Sini George,2022-01-28T11:11:07Z
3868,ചേർക്കാട,und,"","",,Malayalam,Navaneeth Sini George,2022-01-28T11:12:07Z
3873,കരിപ്പ്രാക്കാട,und,"","",,Malayalam,Navaneeth Sini George,2022-01-28T11:12:58Z
3911,ചെറുചുണ്ടൻകാട,und,"","",,Malayalam,Navaneeth Sini George,2022-01-28T11:19:25Z
3931,പ്രാക്കാട,und,"","",,Malayalam,Navaneeth Sini George,2022-01-28T11:20:25Z
3913,കാട്ടുചുണ്ടൻകാട,und,"","",,Malayalam,Navaneeth Sini George,2022-01-28T11:21:29Z
318836,വിശറിവാലൻ ചുണ്ടൻകാട,und,"","",,Malayalam,Navaneeth Sini George,2022-01-28T11:23:05Z
3921,മുൾവാലൻ ചുണ്ടൻകാട,und,"","",,Malayalam,Navaneeth Sini George,2022-01-28T11:23:52Z
3969,ടെറക് മണലൂതി,und,"","",,Malayalam,Navaneeth Sini George,2022-01-28T11:25:53Z
3959,പമ്പരക്കാട,und,"","",,Malayalam,Navaneeth Sini George,2022-01-28T11:26:42Z
3978,നീർക്കാട,und,"","",,Malayalam,Navaneeth Sini George,2022-01-28T11:28:36Z
3885,കരിമ്പൻ കാടക്കൊക്ക്,und,"","",,Malayalam,Navaneeth Sini George,2022-01-28T11:29:57Z
3882,പുള്ളിച്ചോരക്കാലി,und,"","",,Malayalam,Navaneeth Sini George,2022-01-28T11:31:17Z
3879,ചോരക്കാലി,und,"","",,Malayalam,Navaneeth Sini George,2022-01-28T11:32:00Z
3881,ചതുപ്പൻ,und,"","",,Malayalam,Navaneeth Sini George,2022-01-28T11:32:38Z
3878,പച്ചക്കാലി,und,"","",,Malayalam,Navaneeth Sini George,2022-01-28T11:33:55Z
3888,പുള്ളിക്കാടക്കൊക്ക്,und,"","",,Malayalam,Navaneeth Sini George,2022-01-28T11:34:39Z
20897,മഞ്ഞക്കാലിക്കാട,und,"","",,Malayalam,Navaneeth Sini George,2022-01-28T11:35:33Z
20867,പാഞ്ചാലിക്കാട,und,"","",,Malayalam,Navaneeth Sini George,2022-01-28T11:36:13Z
4599,തവിട്ടുചെമ്പൻ ചരൽക്കോഴി,und,"","",,Malayalam,Navaneeth Sini George,2022-01-28T11:37:29Z
4604,വാലൻ പെരുമീവൽക്കാട,und,"","",,Malayalam,Navaneeth Sini George,2022-01-28T11:38:38Z
4601,വലിയ മീവൽക്കാട,und,"","",,Malayalam,Navaneeth Sini George,2022-01-28T11:39:21Z
4602,ചെറിയ മീവൽക്കാട,und,"","",,Malayalam,Navaneeth Sini George,2022-01-28T11:40:04Z
144296,നരയൻ സ്കുവ,und,"","",,Malayalam,Navaneeth Sini George,2022-01-28T11:41:28Z
339921,തവിടൻ സ്കുവ,und,"","",,Malayalam,Navaneeth Sini George,2022-01-28T11:42:47Z
4491,കരണ്ടിവാലൻ സ്കുവ,und,"","",,Malayalam,Navaneeth Sini George,2022-01-28T11:43:44Z
4489,മുൾവാലൻ സ്കുവ,und,"","",,Malayalam,Navaneeth Sini George,2022-01-28T11:44:30Z
4494,കിറ്റിവെയ്ക്ക് കടൽക്കാക്ക,und,"","",,Malayalam,Navaneeth Sini George,2022-01-28T12:41:11Z
4571,സബീൻ കടൽക്കാക്ക,und,"","",,Malayalam,Navaneeth Sini George,2022-01-28T14:05:30Z
144501,സൂചീമുഖി കടൽക്കാക്ക,und,"","",,Malayalam,Navaneeth Sini George,2022-01-28T14:06:45Z
144510,ചെറിയ കടൽക്കാക്ക,und,"","",,Malayalam,Navaneeth Sini George,2022-01-28T14:07:37Z
144511,തവിട്ടുതലയൻ കടൽക്കാക്ക,und,"","",,Malayalam,Navaneeth Sini George,2022-01-28T14:08:41Z
144521,വലിയ കടൽക്കാക്ക,und,"","",,Malayalam,Navaneeth Sini George,2022-01-28T14:09:43Z
4389,കാസ്പിയൻ കടൽക്കാക്ക,und,"","",,Malayalam,Navaneeth Sini George,2022-01-28T14:11:42Z
515483,സ്റ്റപ്പ് കടൽക്കാക്ക,und,"","",,Malayalam,Navaneeth Sini George,2022-01-28T14:14:03Z
332965,ഹ്യുഗ്ലിനി കടൽക്കാക്ക,und,"","",,Malayalam,Navaneeth Sini George,2022-01-28T14:14:35Z
4535,തവിടൻ നോഡി ആള,und,"","",,Malayalam,Navaneeth Sini George,2022-01-28T14:15:54Z
4538,ചെറിയ നോഡി ആള,und,"","",,Malayalam,Navaneeth Sini George,2022-01-28T14:16:43Z
4566,വെൺ കടലാള,und,"","",,Malayalam,Navaneeth Sini George,2022-01-28T14:17:34Z
144527,തവിടൻ കടലാള,und,"","",,Malayalam,Navaneeth Sini George,2022-01-28T14:18:27Z
144525,കറുത്ത കടലാള,und,"","",,Malayalam,Navaneeth Sini George,2022-01-28T14:19:12Z
144529,ആളച്ചിന്നൻ,und,"","",,Malayalam,Navaneeth Sini George,2022-01-28T14:20:27Z
144536,പാത്തക്കൊക്കൻ ആള,und,"","",,Malayalam,Navaneeth Sini George,2022-01-28T14:21:35Z
144537,വലിയ ചെങ്കൊക്കൻ ആള,und,"","",,Malayalam,Navaneeth Sini George,2022-01-28T14:22:50Z
4512,ആളക്കറുപ്പൻ,und,"","",,Malayalam,Navaneeth Sini George,2022-01-28T14:23:41Z
4514,വെൺ‍ചിറകൻ കരി ആള,und,"","",,Malayalam,Navaneeth Sini George,2022-01-28T14:24:48Z
62148,കരി ആള,und,"","",,Malayalam,Navaneeth Sini George,2022-01-28T14:25:49Z
4436,വെൺ‍വാലൻ ആള,und,"","",,Malayalam,Navaneeth Sini George,2022-01-28T14:26:40Z
4453,പിടലികറുപ്പൻ ആള,und,"","",,Malayalam,Navaneeth Sini George,2022-01-28T14:27:51Z
4450,ചോരക്കാലി ആള,und,"","",,Malayalam,Navaneeth Sini George,2022-01-28T14:34:11Z
4461,കരിവയറൻ ആള,und,"","",,Malayalam,Navaneeth Sini George,2022-01-28T14:35:06Z
4428,പുഴ ആള,und,"","",,Malayalam,Navaneeth Sini George,2022-01-28T14:39:56Z
144540,വലിയ കടലാള,und,"","",,Malayalam,Navaneeth Sini George,2022-01-28T14:41:49Z
144543,ചെറിയ കടലാള,und,"","",,Malayalam,Navaneeth Sini George,2022-01-28T14:42:47Z
144541,കടലുണ്ടി ആള,und,"","",,Malayalam,Navaneeth Sini George,2022-01-28T14:43:47Z
4314,വെള്ളവാലൻ ഉറുമിവാലൻ,und,"","",,Malayalam,Navaneeth Sini George,2022-01-28T14:44:40Z
4317,ചെഞ്ചുണ്ടൻ ഉറുമിവാലൻ,und,"","",,Malayalam,Navaneeth Sini George,2022-01-28T14:45:49Z
4146,വിൽ‌സൺ‍ കാറ്റിളക്കി,und,"","",,Malayalam,Navaneeth Sini George,2022-01-28T14:47:01Z
4153,വെണ്മുഖി കാറ്റിളക്കി,und,"","",,Malayalam,Navaneeth Sini George,2022-01-28T14:49:24Z
4132,വലിയ കുഴൽമൂക്കൻ തിരവെട്ടി,und,"","",,Malayalam,Navaneeth Sini George,2022-01-28T14:50:28Z
509656,കോറി തിരവെട്ടി,und,"","",,Malayalam,Navaneeth Sini George,2022-01-28T14:51:14Z
4189,വരയൻ തിരവെട്ടി,und,"","",,Malayalam,Navaneeth Sini George,2022-01-28T14:52:16Z
475119,ചെങ്കാലൻ തിരവെട്ടി,und,"","",,Malayalam,Navaneeth Sini George,2022-01-28T14:53:12Z
475125,ആപ്പുവാലൻ തിരവെട്ടി,und,"","",,Malayalam,Navaneeth Sini George,2022-01-28T14:54:10Z
475116,കുറുവാലൻ തിരവെട്ടി,und,"","",,Malayalam,Navaneeth Sini George,2022-01-28T14:55:02Z
979927,ട്രോപ്പിക്കൽ തിരവെട്ടി,und,"","",,Malayalam,Navaneeth Sini George,2022-01-28T14:56:15Z
144444,പേർസ്യൻ തിരവെട്ടി,und,"","",,Malayalam,Navaneeth Sini George,2022-01-28T14:57:35Z
4775,ചേരാക്കൊക്കൻ,und,"","",,Malayalam,Navaneeth Sini George,2022-01-28T14:58:42Z
4736,കരിമ്പകം,und,"","",,Malayalam,Navaneeth Sini George,2022-01-28T14:59:33Z
4738,കന്യാസ്ത്രീകൊക്ക്,und,"","",,Malayalam,Navaneeth Sini George,2022-01-28T15:00:32Z
4733,വെൺ‍ബകം,und,"","",,Malayalam,Navaneeth Sini George,2022-01-28T15:01:18Z
4749,വയൽനായ്ക്കൻ,und,"","",,Malayalam,Navaneeth Sini George,2022-01-28T15:03:06Z
4743,വർണ്ണക്കൊക്ക്,und,"","",,Malayalam,Navaneeth Sini George,2022-01-28T15:04:02Z
4636,വലിയ കടൽക്കള്ളൻ,und,"","",,Malayalam,Navaneeth Sini George,2022-01-28T15:04:54Z
4635,ക്രിസ്തുമസ് കടൽക്കള്ളൻ,und,"","",,Malayalam,Navaneeth Sini George,2022-01-28T15:05:48Z
4634,ചിന്ന കടൽക്കള്ളൻ,und,"","",,Malayalam,Navaneeth Sini George,2022-01-28T15:07:05Z
3788,നീലമുഖി കടൽവാത്ത്‌,und,"","",,Malayalam,Navaneeth Sini George,2022-01-28T15:08:32Z
3793,ചെങ്കാലൻ കടൽവാത്ത്‌,und,"","",,Malayalam,Navaneeth Sini George,2022-01-28T15:09:17Z
4327,വെൺ കൊതുമ്പന്നം,und,"","",,Malayalam,Navaneeth Sini George,2022-01-28T15:15:04Z
4336,പുള്ളിച്ചുണ്ടൻ കൊതുമ്പന്നം,und,"","",,Malayalam,Navaneeth Sini George,2022-01-28T15:16:11Z
5033,പെരുങ്കൊച്ച,und,"","",,Malayalam,Navaneeth Sini George,2022-01-28T16:24:43Z
4954,ചാരമുണ്ടി,und,"","",,Malayalam,Navaneeth Sini George,2022-01-28T16:28:51Z
4951,ചായമുണ്ടി,und,"","",,Malayalam,Navaneeth Sini George,2022-01-28T16:29:42Z
144455,പെരുമുണ്ടി,und,"","",,Malayalam,Navaneeth Sini George,2022-01-28T16:30:43Z
558445,ചെറുമുണ്ടി,und,"","",,Malayalam,Navaneeth Sini George,2022-01-28T16:31:39Z
4943,ചിന്നമുണ്ടി,und,"","",,Malayalam,Navaneeth Sini George,2022-01-28T16:37:01Z
4935,തിരമുണ്ടി,und,"","",,Malayalam,Navaneeth Sini George,2022-01-28T16:37:53Z
62528,ചിന്നക്കൊക്ക്,und,"","",,Malayalam,Navaneeth Sini George,2022-01-28T16:40:19Z
5043,കാട്ടുകൊക്ക്,und,"","",,Malayalam,Navaneeth Sini George,2022-01-28T16:41:19Z
4981,പാതിരാക്കൊക്ക്,und,"","",,Malayalam,Navaneeth Sini George,2022-01-28T16:42:17Z
3756,ചെമ്പൻ അരിവാൾക്കൊക്കൻ,und,"","",,Malayalam,Navaneeth Sini George,2022-01-28T16:43:13Z
3738,വെള്ള അരിവാൾക്കൊക്കൻ,und,"","",,Malayalam,Navaneeth Sini George,2022-01-28T23:57:34Z
3763,ചെന്തലയൻ അരിവാൾക്കൊക്കൻ,und,"","",,Malayalam,Navaneeth Sini George,2022-01-28T23:58:41Z
3731,ചട്ടുകക്കൊക്കൻ,und,"","",,Malayalam,Navaneeth Sini George,2022-01-28T23:59:55Z
116999,താലിപ്പരുന്ത്,und,"","",,Malayalam,Navaneeth Sini George,2022-01-29T00:01:15Z
5275,വെള്ളി എറിയൻ,und,"","",,Malayalam,Navaneeth Sini George,2022-01-29T00:02:22Z
5361,തോട്ടിക്കഴുകൻ,und,"","",,Malayalam,Navaneeth Sini George,2022-01-29T00:03:35Z
144458,തേൻകൊതിച്ചിപ്പരുന്ത്,und,"","",,Malayalam,Navaneeth Sini George,2022-01-29T00:04:56Z
5325,വടക്കൻ തേൻകൊതിച്ചിപ്പരുന്ത്,und,"","",,Malayalam,Navaneeth Sini George,2022-01-29T00:05:57Z
5264,പ്രാപ്പരുന്ത്,und,"","",,Malayalam,Navaneeth Sini George,2022-01-29T00:07:38Z
5262,കിന്നരി പ്രാപ്പരുന്ത്,und,"","",,Malayalam,Navaneeth Sini George,2022-01-29T00:08:18Z
5420,കാതിലക്കഴുകൻ,und,"","",,Malayalam,Navaneeth Sini George,2022-01-29T00:09:19Z
5382,കരിങ്കഴുകൻ,und,"","",,Malayalam,Navaneeth Sini George,2022-01-29T00:10:29Z
5368,ചുട്ടിക്കഴുകൻ,und,"","",,Malayalam,Navaneeth Sini George,2022-01-29T00:11:35Z
5369,തവിട്ട്‌ കഴുകൻ,und,"","",,Malayalam,Navaneeth Sini George,2022-01-29T00:12:31Z
5367,ഹിമാലയൻ കഴുകൻ,und,"","",,Malayalam,Navaneeth Sini George,2022-01-29T00:13:45Z
5366,ജടായു,und,"","",,Malayalam,Navaneeth Sini George,2022-01-29T00:14:34Z
5158,ചുട്ടിപ്പരുന്ത്,und,"","",,Malayalam,Navaneeth Sini George,2022-01-29T00:15:23Z
5242,പാമ്പ് പരുന്ത്,und,"","",,Malayalam,Navaneeth Sini George,2022-01-29T00:16:38Z
73100,കിന്നരിപ്പരുന്ത്,und,"","",,Malayalam,Navaneeth Sini George,2022-01-29T00:18:19Z
339591,വലിയ കിന്നരിപ്പരുന്ത്,und,"","",,Malayalam,Navaneeth Sini George,2022-01-29T00:19:07Z
72995,ചെമ്പൻ എറിയൻ,und,"","",,Malayalam,Navaneeth Sini George,2022-01-29T00:20:00Z
367472,കരിമ്പരുന്ത്,und,"","",,Malayalam,Navaneeth Sini George,2022-01-29T00:20:46Z
201034,ചെറിയ പുള്ളിപ്പരുന്ത്,und,"","",,Malayalam,Navaneeth Sini George,2022-01-29T00:22:00Z
201035,വലിയ പുള്ളിപ്പരുന്ത്,und,"","",,Malayalam,Navaneeth Sini George,2022-01-29T00:23:19Z
5083,കായൽപ്പരുന്ത്,und,"","",,Malayalam,Navaneeth Sini George,2022-01-29T00:24:09Z
5154,വെള്ളക്കറുപ്പൻ പരുന്ത്,und,"","",,Malayalam,Navaneeth Sini George,2022-01-29T00:25:26Z
5071,രാജാപ്പരുന്ത്,und,"","",,Malayalam,Navaneeth Sini George,2022-01-29T00:26:24Z
144467,ബോണെല്ലിപ്പരുന്ത്,und,"","",,Malayalam,Navaneeth Sini George,2022-01-29T00:27:39Z
5375,വെള്ളക്കണ്ണിപ്പരുന്ത്,und,"","",,Malayalam,Navaneeth Sini George,2022-01-29T00:28:38Z
5173,കരിതപ്പി,und,"","",,Malayalam,Navaneeth Sini George,2022-01-29T00:29:45Z
979659,കിഴക്കൻ കരിതപ്പി,und,"","",,Malayalam,Navaneeth Sini George,2022-01-29T00:30:36Z
5178,മേടുതപ്പി,und,"","",,Malayalam,Navaneeth Sini George,2022-01-29T00:32:13Z
5169,വെള്ളക്കറുപ്പൻ മേടുതപ്പി,und,"","",,Malayalam,Navaneeth Sini George,2022-01-29T00:32:53Z
5167,മൊൻടാഗു മേടുതപ്പി,und,"","",,Malayalam,Navaneeth Sini George,2022-01-29T00:33:37Z
559064,വലിയ മേടുതപ്പി,und,"","",,Malayalam,Navaneeth Sini George,2022-01-29T00:34:51Z
5106,യൂറേഷ്യൻ പ്രാപ്പിടിയൻ,und,"","",,Malayalam,Navaneeth Sini George,2022-01-29T00:38:28Z
5406,കൃഷ്ണപ്പരുന്ത്,und,"","",,Malayalam,Navaneeth Sini George,2022-01-29T00:39:59Z
204472,പുൽപ്പരുന്ത്,und,"","",,Malayalam,Navaneeth Sini George,2022-01-29T00:43:32Z
73545,പുൽമൂങ്ങ,und,"","",,Malayalam,Navaneeth Sini George,2022-01-29T04:22:08Z
204559,ചെവിയൻ നത്ത്,und,"","",,Malayalam,Navaneeth Sini George,2022-01-29T04:25:18Z
20285,നരയൻ നത്ത്,und,"","",,Malayalam,Navaneeth Sini George,2022-01-29T04:26:10Z
20234,സൈരന്ധ്രി നത്ത്,und,"","",,Malayalam,Navaneeth Sini George,2022-01-29T04:27:35Z
72571,കൊമ്പൻമൂങ്ങ,und,"","",,Malayalam,Navaneeth Sini George,2022-01-29T04:29:18Z
20343,മീൻകൂമൻ,und,"","",,Malayalam,Navaneeth Sini George,2022-01-29T04:33:37Z
19871,ചെമ്പൻനത്ത്,und,"","",,Malayalam,Navaneeth Sini George,2022-01-29T04:35:48Z
20012,പുള്ളിനത്ത്,und,"","",,Malayalam,Navaneeth Sini George,2022-01-29T04:36:41Z
19943,കാലങ്കോഴി,und,"","",,Malayalam,Navaneeth Sini George,2022-01-29T04:38:09Z
19922,കൊല്ലിക്കുറവൻ,und,"","",,Malayalam,Navaneeth Sini George,2022-01-29T04:39:22Z
20315,പൂച്ചമൂങ്ങ,und,"","",,Malayalam,Navaneeth Sini George,2022-01-29T04:40:37Z
204550,പുള്ളുനത്ത്,und,"","",,Malayalam,Navaneeth Sini George,2022-01-29T04:43:38Z
367519,ആൽക്കിളി,und,"","",,Malayalam,Navaneeth Sini George,2022-01-29T04:59:09Z
367536,ചിന്നക്കുട്ടുറുവൻ,und,"","",,Malayalam,Navaneeth Sini George,2022-01-29T05:00:13Z
367521,ചെമ്പുകൊട്ടി,und,"","",,Malayalam,Navaneeth Sini George,2022-01-29T05:01:19Z
367535,ചെങ്കണ്ണൻ കുട്ടുറുവൻ,und,"","",,Malayalam,Navaneeth Sini George,2022-01-29T05:02:13Z
18448,കഴുത്തുപിരിയൻകിളി,und,"","",,Malayalam,Navaneeth Sini George,2022-01-29T05:44:29Z
17802,മരംകൊത്തിച്ചിന്നൻ,und,"","",,Malayalam,Navaneeth Sini George,2022-01-29T05:46:16Z
18481,ചിത്രാംഗൻ മരംകൊത്തി,und,"","",,Malayalam,Navaneeth Sini George,2022-01-29T05:48:27Z
792949,തണ്ടാൻ മരംകൊത്തി,und,"","",,Malayalam,Navaneeth Sini George,2022-01-29T05:49:17Z
792981,മറാഠാ മരംകൊത്തി,und,"","",,Malayalam,Navaneeth Sini George,2022-01-29T05:51:01Z
201081,വലിയ പൊന്നി മരംകൊത്തി,und,"","",,Malayalam,Navaneeth Sini George,2022-01-29T05:52:03Z
204504,ത്രിയംഗുലി മരംകൊത്തി,und,"","",,Malayalam,Navaneeth Sini George,2022-01-29T05:53:14Z
979697,നാട്ടുമരംകൊത്തി,und,"","",,Malayalam,Navaneeth Sini George,2022-01-29T05:55:24Z
18418,പാണ്ടൻ പൊന്നി മരംകൊത്തി,und,"","",,Malayalam,Navaneeth Sini George,2022-01-29T05:57:01Z
367550,ചെമ്പൻ മരംകൊത്തി,und,"","",,Malayalam,Navaneeth Sini George,2022-01-29T05:59:34Z
18337,മഞ്ഞപ്പിടലി മരംകൊത്തി,und,"","",,Malayalam,Navaneeth Sini George,2022-01-29T06:01:06Z
18300,മഞ്ഞക്കാഞ്ചി മരംകൊത്തി,und,"","",,Malayalam,Navaneeth Sini George,2022-01-29T06:01:55Z
17839,കാക്ക മരംകൊത്തി,und,"","",,Malayalam,Navaneeth Sini George,2022-01-29T06:04:02Z
59845,ചെറുവിറയൻപുള്ള്,und,"","",,Malayalam,Navaneeth Sini George,2022-01-29T06:06:26Z
472766,വിറയൻപുള്ള്,und,"","",,Malayalam,Navaneeth Sini George,2022-01-29T06:07:36Z
4670,ചെന്തലയൻ പുള്ള്,und,"","",,Malayalam,Navaneeth Sini George,2022-01-29T06:08:31Z
4686,ചെങ്കാലൻ പുള്ള്,und,"","",,Malayalam,Navaneeth Sini George,2022-01-29T06:09:16Z
4643,വരയൻ പുള്ള്‌,und,"","",,Malayalam,Navaneeth Sini George,2022-01-29T06:11:00Z
4662,ചെമ്പുള്ള്,und,"","",,Malayalam,Navaneeth Sini George,2022-01-29T06:11:50Z
18904,വൻതത്ത,und,"","",,Malayalam,Navaneeth Sini George,2022-01-29T06:24:23Z
18911,മോതിരത്തത്ത,und,"","",,Malayalam,Navaneeth Sini George,2022-01-29T06:25:13Z
68499,പൂന്തത്ത,und,"","",,Malayalam,Navaneeth Sini George,2022-01-29T06:26:57Z
18912,നീലത്തത്ത,und,"","",,Malayalam,Navaneeth Sini George,2022-01-29T06:28:07Z
18974,തത്തച്ചിന്നൻ,und,"","",,Malayalam,Navaneeth Sini George,2022-01-29T06:29:14Z
7852,തീച്ചിന്നൻ,und,"","",,Malayalam,Navaneeth Sini George,2022-01-29T06:31:18Z
717333,തീക്കുരുവി,und,"","",,Malayalam,Navaneeth Sini George,2022-01-29T06:32:34Z
7860,ചാരക്കുരുവി,und,"","",,Malayalam,Navaneeth Sini George,2022-01-29T06:33:18Z
7957,ചാരപ്പൂണ്ടൻ,und,"","",,Malayalam,Navaneeth Sini George,2022-01-29T06:35:06Z
201113,കരിന്തൊപ്പി,und,"","",,Malayalam,Navaneeth Sini George,2022-01-29T06:35:54Z
7875,മഞ്ഞക്കറുപ്പൻ,und,"","",,Malayalam,Navaneeth Sini George,2022-01-29T06:37:24Z
7867,ചീനമഞ്ഞക്കിളി,und,"","",,Malayalam,Navaneeth Sini George,2022-01-29T06:38:15Z
144733,ഇന്ത്യൻ മഞ്ഞക്കിളി,und,"","",,Malayalam,Navaneeth Sini George,2022-01-29T06:38:57Z
8079,ഇണകാത്തേവൻ,und,"","",,Malayalam,Navaneeth Sini George,2022-01-29T06:41:01Z
144718,അസുരക്കാടൻ,und,"","",,Malayalam,Navaneeth Sini George,2022-01-29T06:42:39Z
117122,അസുരത്താൻ,und,"","",,Malayalam,Navaneeth Sini George,2022-01-29T06:43:48Z
7847,അസുരപ്പൊട്ടൻ,und,"","",,Malayalam,Navaneeth Sini George,2022-01-29T06:44:34Z
7938,അയോറ,und,"","",,Malayalam,Navaneeth Sini George,2022-01-29T06:45:36Z
144736,ശ്വേതകണ്ഠൻ ആട്ടക്കാരൻ,und,"","",,Malayalam,Navaneeth Sini George,2022-01-29T06:46:32Z
8126,ആട്ടക്കാരൻ പാറ്റപിടിയൻ,und,"","",,Malayalam,Navaneeth Sini George,2022-01-29T06:48:14Z
8277,ആനറാഞ്ചി,und,"","",,Malayalam,Navaneeth Sini George,2022-01-29T07:00:24Z
8264,കാക്കത്തമ്പുരാൻ,und,"","",,Malayalam,Navaneeth Sini George,2022-01-29T07:01:22Z
8276,കാക്കരാജൻ,und,"","",,Malayalam,Navaneeth Sini George,2022-01-29T07:02:06Z
8265,ലളിതക്കാക്ക,und,"","",,Malayalam,Navaneeth Sini George,2022-01-29T07:03:00Z
8267,കിന്നരിക്കാക്ക,und,"","",,Malayalam,Navaneeth Sini George,2022-01-29T07:05:07Z
204502,കാടുമുഴക്കി,und,"","",,Malayalam,Navaneeth Sini George,2022-01-29T07:06:16Z
204523,വെൺനീലി,und,"","",,Malayalam,Navaneeth Sini George,2022-01-29T07:07:17Z
549464,നാകമോഹൻ,und,"","",,Malayalam,Navaneeth Sini George,2022-01-29T07:08:06Z
8305,ഓലേഞ്ഞാലി,und,"","",,Malayalam,Navaneeth Sini George,2022-01-29T07:16:32Z
8308,കാട്ടുഞ്ഞാലി,und,"","",,Malayalam,Navaneeth Sini George,2022-01-29T07:17:19Z
12042,അസുരച്ചിന്നൻ,und,"","",,Malayalam,Navaneeth Sini George,2022-01-29T07:18:29Z
12021,തവിടൻ ഷ്രൈക്ക്,und,"","",,Malayalam,Navaneeth Sini George,2022-01-29T07:20:08Z
12035,ചാരക്കുട്ടൻ ഷ്രൈക്ക്,und,"","",,Malayalam,Navaneeth Sini George,2022-01-29T07:21:33Z
12052,അസുരക്കിളി,und,"","",,Malayalam,Navaneeth Sini George,2022-01-29T07:22:14Z
339691,ചാരമരപ്പൊട്ടൻ,und,"","",,Malayalam,Navaneeth Sini George,2022-01-29T07:25:00Z
513970,പച്ചമരപ്പൊട്ടൻ,und,"","",,Malayalam,Navaneeth Sini George,2022-01-29T07:25:37Z
513968,പുള്ളിമരപ്പൊട്ടൻ,und,"","",,Malayalam,Navaneeth Sini George,2022-01-29T07:26:38Z
116875,ചാരത്തലയൻ പാറ്റപിടിയൻ,und,"","",,Malayalam,Navaneeth Sini George,2022-01-29T07:28:31Z
72495,ചെമ്പുവാലൻ വാനമ്പാടി,und,"","",,Malayalam,Navaneeth Sini George,2022-01-29T11:01:34Z
72839,കരിവയറൻ വാനമ്പാടി,und,"","",,Malayalam,Navaneeth Sini George,2022-01-29T11:12:23Z
558522,കൂട്ടപ്പാടി,und,"","",,Malayalam,Navaneeth Sini George,2022-01-29T16:31:07Z
7350,വാനമ്പാടിക്കിളി,und,"","",,Malayalam,Navaneeth Sini George,2022-01-29T16:31:57Z
7361,കൊമ്പൻ വാനമ്പാടി,und,"","",,Malayalam,Navaneeth Sini George,2022-01-29T16:32:44Z
15347,തുന്നാരൻ,und,"","",,Malayalam,Navaneeth Sini George,2022-01-29T16:34:00Z
7724,താലിക്കുരുവി,und,"","",,Malayalam,Navaneeth Sini George,2022-01-29T16:34:46Z
7727,ചെട്ടിക്കുരുവി,und,"","",,Malayalam,Navaneeth Sini George,2022-01-29T16:35:24Z
7711,കതിർവാലൻകുരുവി,und,"","",,Malayalam,Navaneeth Sini George,2022-01-29T16:36:20Z
7710,വയൽക്കുരുവി,und,"","",,Malayalam,Navaneeth Sini George,2022-01-29T16:37:04Z
7697,പോതപ്പൊട്ടൻ,und,"","",,Malayalam,Navaneeth Sini George,2022-01-29T16:37:56Z
7657,നെൽപ്പൊട്ടൻ,und,"","",,Malayalam,Navaneeth Sini George,2022-01-29T16:38:44Z
793194,പെരുങ്കൊക്കൻ കുരുവി,und,"","",,Malayalam,Navaneeth Sini George,2022-01-29T16:39:44Z
201178,മൂടിക്കാലൻ കുരുവി,und,"","",,Malayalam,Navaneeth Sini George,2022-01-29T16:40:34Z
201179,പൊന്തക്കുരുവി,und,"","",,Malayalam,Navaneeth Sini George,2022-01-29T16:41:45Z
116791,പാടക്കുരുവി,und,"","",,Malayalam,Navaneeth Sini George,2022-01-29T16:42:41Z
116797,ഈറ്റപൊളപ്പൻ,und,"","",,Malayalam,Navaneeth Sini George,2022-01-29T16:43:37Z
116806,കൈതക്കള്ളൻ,und,"","",,Malayalam,Navaneeth Sini George,2022-01-29T16:45:03Z
116941,പുൽക്കുരുവി,und,"","",,Malayalam,Navaneeth Sini George,2022-01-29T16:47:19Z
117215,പോതക്കിളി,und,"","",,Malayalam,Navaneeth Sini George,2022-01-29T16:48:30Z
1289494,മുള്ളൻ പുൽക്കുരുവി,und,"","",,Malayalam,Navaneeth Sini George,2022-01-29T16:49:43Z
11941,മണൽ കത്രിക,und,"","",,Malayalam,Navaneeth Sini George,2022-01-30T14:36:19Z
144790,തവിടൻ കത്രിക,und,"","",,Malayalam,Navaneeth Sini George,2022-01-30T14:37:27Z
11896,കമ്പിവാലൻ കത്രിക,und,"","",,Malayalam,Navaneeth Sini George,2022-01-30T14:42:11Z
144792,വരയൻ കത്രിക,und,"","",,Malayalam,Navaneeth Sini George,2022-01-30T14:43:52Z
144804,ചെറുവരയൻ കത്രിക,und,"","",,Malayalam,Navaneeth Sini George,2022-01-30T14:45:11Z
64705,വെള്ളക്കറുപ്പൻ കത്രിക,und,"","",,Malayalam,Navaneeth Sini George,2022-01-30T14:47:23Z
11876,വെള്ളിക്കറുപ്പൻ കത്രിക,und,"","",,Malayalam,Navaneeth Sini George,2022-01-30T14:48:09Z
793155,മണികണ്ഠൻ,und,"","",,Malayalam,Navaneeth Sini George,2022-01-30T14:50:55Z
14593,നാട്ടുബുൾബുൾ,und,"","",,Malayalam,Navaneeth Sini George,2022-01-30T14:51:52Z
14591,ഇരട്ടത്തലച്ചി ബുൾബുൾ,und,"","",,Malayalam,Navaneeth Sini George,2022-01-30T14:52:37Z
14613,മഞ്ഞത്താലി ബുൾബുൾ,und,"","",,Malayalam,Navaneeth Sini George,2022-01-30T14:53:40Z
14610,തവിടൻ ബുൾബുൾ,und,"","",,Malayalam,Navaneeth Sini George,2022-01-30T14:54:34Z
144909,കരിമ്പൻ കാട്ടുബുൾബുൾ,und,"","",,Malayalam,Navaneeth Sini George,2022-01-30T14:58:19Z
117028,മഞ്ഞപ്പുരികൻ ഇലക്കുരുവി,und,"","",,Malayalam,Navaneeth Sini George,2022-01-30T15:00:01Z
117026,ചെറുകൊക്കൻ ഇലക്കുരുവി,und,"","",,Malayalam,Navaneeth Sini George,2022-01-30T15:00:57Z
117175,സൂചീമുഖി ഇലക്കുരുവി,und,"","",,Malayalam,Navaneeth Sini George,2022-01-30T15:01:45Z
117005,മഞ്ഞ ഇലക്കുരുവി,und,"","",,Malayalam,Navaneeth Sini George,2022-01-30T15:03:04Z
117022,തവിടൻ ഇലക്കുരുവി,und,"","",,Malayalam,Navaneeth Sini George,2022-01-30T15:03:51Z
144925,കടുംപച്ചപ്പൊടിക്കുരുവി,und,"","",,Malayalam,Navaneeth Sini George,2022-01-30T15:06:06Z
117054,ഇളംപച്ചപ്പൊടിക്കുരുവി,und,"","",,Malayalam,Navaneeth Sini George,2022-01-30T15:07:09Z
117033,ചൂളൻ ഇലക്കുരുവി,und,"","",,Malayalam,Navaneeth Sini George,2022-01-30T15:07:59Z
117036,കുറിത്തലയൻ ഇലക്കുരുവി,und,"","",,Malayalam,Navaneeth Sini George,2022-01-30T15:08:55Z
15670,മഞ്ഞക്കണ്ണിച്ചിലപ്പൻ,und,"","",,Malayalam,Navaneeth Sini George,2022-01-30T15:13:33Z
980260,വെള്ളക്കണ്ണിക്കുരുവി,und,"","",,Malayalam,Navaneeth Sini George,2022-01-30T15:14:16Z
15608,ചിന്നച്ചിലപ്പൻ,und,"","",,Malayalam,Navaneeth Sini George,2022-01-30T15:15:35Z
1289446,പൊടിച്ചിലപ്പൻ,und,"","",,Malayalam,Navaneeth Sini George,2022-01-30T15:16:27Z
15270,ചോലക്കുടുവൻ,und,"","",,Malayalam,Navaneeth Sini George,2022-01-30T15:17:25Z
15093,പുള്ളിച്ചിലപ്പൻ,und,"","",,Malayalam,Navaneeth Sini George,2022-01-30T15:18:22Z
15118,കാനാച്ചിലപ്പൻ,und,"","",,Malayalam,Navaneeth Sini George,2022-01-30T15:19:08Z
602390,നീലഗിരി ചിലുചിലുപ്പൻ,und,"","",,Malayalam,Navaneeth Sini George,2022-01-30T15:21:25Z
604724,തമ്രോദരൻ ഗൌളിക്കിളി,und,"","",,Malayalam,Navaneeth Sini George,2022-01-30T15:28:52Z
14813,ഗൌളിക്കിളി,und,"","",,Malayalam,Navaneeth Sini George,2022-01-30T15:29:28Z
145092,കാട്ടുമൈന,und,"","",,Malayalam,Navaneeth Sini George,2022-01-30T15:30:18Z
14850,കാളിക്കിളി,und,"","",,Malayalam,Navaneeth Sini George,2022-01-30T15:31:38Z
145108,റോസ് മൈന,und,"","",,Malayalam,Navaneeth Sini George,2022-01-30T15:32:25Z
547201,ചെന്നീലിക്കാളി,und,"","",,Malayalam,Navaneeth Sini George,2022-01-30T15:33:15Z
512092,കരിന്തലച്ചിക്കാളി,und,"","",,Malayalam,Navaneeth Sini George,2022-01-30T15:34:05Z
145103,ചാരത്തലക്കാളി,und,"","",,Malayalam,Navaneeth Sini George,2022-01-30T15:34:55Z
145104,ഗരുഡൻ ചാരക്കാളി,und,"","",,Malayalam,Navaneeth Sini George,2022-01-30T15:35:39Z
204454,നാട്ടുമൈന,und,"","",,Malayalam,Navaneeth Sini George,2022-01-30T15:36:29Z
14869,കിന്നരിമൈന,und,"","",,Malayalam,Navaneeth Sini George,2022-01-30T15:37:34Z
512770,കോഴിക്കിളിപ്പൊന്നൻ,und,"","",,Malayalam,Navaneeth Sini George,2022-01-30T15:38:39Z
201195,കോഴിക്കിളി,und,"","",,Malayalam,Navaneeth Sini George,2022-01-30T15:39:17Z
201215,കുറിക്കണ്ണൻ കാട്ടുപുള്ള്,und,"","",,Malayalam,Navaneeth Sini George,2022-01-30T15:41:00Z
145085,കരിങ്കിളി,und,"","",,Malayalam,Navaneeth Sini George,2022-01-30T15:42:20Z
12776,പുരികപ്പുള്ള്,und,"","",,Malayalam,Navaneeth Sini George,2022-01-30T15:43:17Z
512431,തവിട്ടുപാറ്റപിടിയൻ,und,"","",,Malayalam,Navaneeth Sini George,2022-01-30T17:15:45Z
12976,മുത്തുപ്പിള്ള,und,"","",,Malayalam,Navaneeth Sini George,2022-01-30T17:16:44Z
145031,കൽമണ്ണാത്തി,und,"","",,Malayalam,Navaneeth Sini George,2022-01-30T17:17:59Z
204491,മണ്ണാത്തിപ്പുള്ള്,und,"","",,Malayalam,Navaneeth Sini George,2022-01-30T17:18:41Z
204490,ഷാമക്കിളി,und,"","",,Malayalam,Navaneeth Sini George,2022-01-30T17:19:34Z
558544,ചെമ്പുവയറൻ ചോലക്കിളി,und,"","",,Malayalam,Navaneeth Sini George,2022-01-30T17:20:30Z
558545,വെള്ളവയറൻ ചോലക്കിളി,und,"","",,Malayalam,Navaneeth Sini George,2022-01-30T17:21:10Z
793242,കാട്ടുനീലി,und,"","",,Malayalam,Navaneeth Sini George,2022-01-30T17:22:04Z
578349,നീലച്ചെമ്പൻ പാറ്റപിടിയൻ,und,"","",,Malayalam,Navaneeth Sini George,2022-01-30T17:22:48Z
979677,നീലക്കുരുവി,und,"","",,Malayalam,Navaneeth Sini George,2022-01-30T17:23:25Z
13258,ഇന്ദ്രനീലി പാറ്റപിടിയൻ,und,"","",,Malayalam,Navaneeth Sini George,2022-01-30T17:24:24Z
72846,നീലക്കിളി പാറ്റപിടിയൻ,und,"","",,Malayalam,Navaneeth Sini George,2022-01-30T17:25:13Z
72848,നീലമേനി പാറ്റപിടിയൻ,und,"","",,Malayalam,Navaneeth Sini George,2022-01-30T17:25:55Z
145059,നിലത്തൻ,und,"","",,Malayalam,Navaneeth Sini George,2022-01-30T17:26:44Z
13071,നീലകണ്ഠപ്പക്ഷി,und,"","",,Malayalam,Navaneeth Sini George,2022-01-30T17:27:58Z
13124,മഞ്ഞവാലൻ പാറ്റപിടിയൻ,und,"","",,Malayalam,Navaneeth Sini George,2022-01-30T17:29:13Z
13116,കരിഞ്ചെമ്പൻ പാറ്റപിടിയൻ,und,"","",,Malayalam,Navaneeth Sini George,2022-01-30T17:30:07Z
13114,കടുംനീലി പാറ്റപിടിയൻ,und,"","",,Malayalam,Navaneeth Sini George,2022-01-30T17:31:16Z
522881,ചെമ്പുവാലൻ പാറ്റപിടിയൻ,und,"","",,Malayalam,Navaneeth Sini George,2022-01-31T00:32:56Z
68519,ചെങ്കണ്ഠൻ പാറ്റപിടിയൻ,und,"","",,Malayalam,Navaneeth Sini George,2022-01-31T00:34:16Z
13120,കാശ്മീരി പാറ്റപിടിയൻ,und,"","",,Malayalam,Navaneeth Sini George,2022-01-31T00:35:00Z
13113,ചെമ്മാറൻ പാറ്റപിടിയൻ,und,"","",,Malayalam,Navaneeth Sini George,2022-01-31T00:35:41Z
13000,വിറവാലൻ കുരുവി,und,"","",,Malayalam,Navaneeth Sini George,2022-01-31T00:36:48Z
13140,ചെമ്പുവാലൻ പാറക്കിളി,und,"","",,Malayalam,Navaneeth Sini George,2022-01-31T00:37:51Z
13141,നീലപ്പാറക്കിളി,und,"","",,Malayalam,Navaneeth Sini George,2022-01-31T00:38:37Z
793262,മേനിപ്പാറക്കിളി,und,"","",,Malayalam,Navaneeth Sini George,2022-01-31T00:39:13Z
201193,ചരൽക്കുരുവി,und,"","",,Malayalam,Navaneeth Sini George,2022-01-31T00:40:35Z
12910,ചുറ്റീന്തൽക്കിളി,und,"","",,Malayalam,Navaneeth Sini George,2022-01-31T00:41:24Z
12822,വടക്കൻ നെന്മണിക്കുരുവി,und,"","",,Malayalam,Navaneeth Sini George,2022-01-31T00:42:30Z
12837,നെന്മണിക്കുരുവി,und,"","",,Malayalam,Navaneeth Sini George,2022-01-31T00:43:27Z
12842,മരുപ്പക്ഷി,und,"","",,Malayalam,Navaneeth Sini George,2022-01-31T00:44:11Z
12830,വെള്ളക്കറുപ്പൻ നെന്മണിക്കുരുവി,und,"","",,Malayalam,Navaneeth Sini George,2022-01-31T00:45:05Z
12831,പട്ടവാലൻ നെന്മണിക്കുരുവി,und,"","",,Malayalam,Navaneeth Sini George,2022-01-31T00:46:03Z
13380,ചെങ്കൊക്കൻ ഇത്തിക്കണ്ണിക്കുരുവി,und,"","",,Malayalam,Navaneeth Sini George,2022-01-31T04:42:45Z
204501,കരിഞ്ചുണ്ടൻ ഇത്തിക്കണ്ണിക്കുരുവി,und,"","",,Malayalam,Navaneeth Sini George,2022-01-31T04:43:23Z
145146,മഞ്ഞത്തേൻകിളി,und,"","",,Malayalam,Navaneeth Sini George,2022-01-31T04:45:06Z
145147,ചെറുതേൻകിളി,und,"","",,Malayalam,Navaneeth Sini George,2022-01-31T04:45:53Z
145203,കൊക്കൻ തേൻകിളി,und,"","",,Malayalam,Navaneeth Sini George,2022-01-31T04:48:12Z
202484,തേൻകിളിമാടൻ,und,"","",,Malayalam,Navaneeth Sini George,2022-01-31T04:48:53Z
12013,ലളിത,und,"","",,Malayalam,Navaneeth Sini George,2022-01-31T04:50:09Z
72667,നാട്ടിലക്കിളി,und,"","",,Malayalam,Navaneeth Sini George,2022-01-31T04:51:13Z
12007,കാട്ടിലക്കിളി,und,"","",,Malayalam,Navaneeth Sini George,2022-01-31T04:53:23Z
13794,ആറ്റക്കുരുവി,und,"","",,Malayalam,Navaneeth Sini George,2022-01-31T04:54:11Z
13790,കായലാറ്റ,und,"","",,Malayalam,Navaneeth Sini George,2022-01-31T04:54:49Z
145350,വയലാറ്റ,und,"","",,Malayalam,Navaneeth Sini George,2022-01-31T06:01:40Z
13893,ചുട്ടിയാറ്റ,und,"","",,Malayalam,Navaneeth Sini George,2022-01-31T06:03:08Z
13906,തോട്ടക്കാരൻ,und,"","",,Malayalam,Navaneeth Sini George,2022-01-31T06:03:53Z
13887,ആറ്റക്കറുപ്പൻ,und,"","",,Malayalam,Navaneeth Sini George,2022-01-31T06:04:41Z
979790,ആറ്റച്ചെമ്പൻ,und,"","",,Malayalam,Navaneeth Sini George,2022-01-31T06:05:50Z
13959,കുങ്കുമക്കുരുവി,und,"","",,Malayalam,Navaneeth Sini George,2022-01-31T06:07:10Z
13858,അങ്ങാടിക്കുരുവി,und,"","",,Malayalam,Navaneeth Sini George,2022-01-31T09:20:13Z
979724,മഞ്ഞത്താലി,und,"","",,Malayalam,Navaneeth Sini George,2022-01-31T09:21:12Z
145330,ഇളം പാറക്കുരുവി,und,"","",,Malayalam,Navaneeth Sini George,2022-01-31T09:22:17Z
14146,കാട്ടുവാലുകുലുക്കി,und,"","",,Malayalam,Navaneeth Sini George,2022-01-31T09:23:36Z
13688,വഴികുലുക്കി,und,"","",,Malayalam,Navaneeth Sini George,2022-01-31T09:24:28Z
204545,മഞ്ഞ വാലുകുലുക്കി,und,"","",,Malayalam,Navaneeth Sini George,2022-01-31T09:25:29Z
145207,കിഴക്കൻ മഞ്ഞ വാലുകുലുക്കി,und,"","",,Malayalam,Navaneeth Sini George,2022-01-31T09:26:07Z
13687,മഞ്ഞത്തലയൻ വാലുകുലുക്കി,und,"","",,Malayalam,Navaneeth Sini George,2022-01-31T09:26:48Z
558550,വലിയ വാലുകുലുക്കി,und,"","",,Malayalam,Navaneeth Sini George,2022-01-31T09:27:23Z
13695,വെള്ള വാലുകുലുക്കി,und,"","",,Malayalam,Navaneeth Sini George,2022-01-31T09:28:09Z
13726,വലിയ വരമ്പൻ,und,"","",,Malayalam,Navaneeth Sini George,2022-01-31T09:29:13Z
13709,വയൽവരമ്പൻ,und,"","",,Malayalam,Navaneeth Sini George,2022-01-31T09:30:39Z
204463,പാറനിരങ്ങൻ,und,"","",,Malayalam,Navaneeth Sini George,2022-01-31T09:35:29Z
13737,ബ്ലയ്ത്ത് വരമ്പൻ,und,"","",,Malayalam,Navaneeth Sini George,2022-01-31T09:39:14Z
13712,ചരൽവരമ്പൻ,und,"","",,Malayalam,Navaneeth Sini George,2022-01-31T09:39:56Z
13744,മലവരമ്പൻ,und,"","",,Malayalam,Navaneeth Sini George,2022-01-31T09:40:46Z
13711,മരവരമ്പൻ,und,"","",,Malayalam,Navaneeth Sini George,2022-01-31T09:43:06Z
13724,പച്ചവരമ്പൻ,und,"","",,Malayalam,Navaneeth Sini George,2022-01-31T09:43:46Z
13721,ചെങ്കണ്ഠൻ വരമ്പൻ,und,"","",,Malayalam,Navaneeth Sini George,2022-01-31T09:44:47Z
9639,റോസ്കുരുവി,und,"","",,Malayalam,Navaneeth Sini George,2022-01-31T09:45:32Z
793305,കൊമ്പൻ തിനക്കുരുവി,und,"","",,Malayalam,Navaneeth Sini George,2022-01-31T09:46:16Z
9203,കരിന്തലയൻ തിനക്കുരുവി,und,"","",,Malayalam,Navaneeth Sini George,2022-01-31T09:47:04Z
9215,ചെന്തലയൻ തിനക്കുരുവി,und,"","",,Malayalam,Navaneeth Sini George,2022-01-31T09:47:41Z
9198,ചെഞ്ചെവിയൻ തിനക്കുരുവി,und,"","",,Malayalam,Navaneeth Sini George,2022-01-31T09:49:00Z
9205,ചാരകണ്ഠൻ തിനക്കുരുവി,und,"","",,Malayalam,Navaneeth Sini George,2022-01-31T09:49:54Z
9212,മഞ്ഞമാറൻ തിനക്കുരുവി,und,"","",,Malayalam,Navaneeth Sini George,2022-01-31T09:52:35Z
9197,ചിന്ന തിനക്കുരുവി,und,"","",,Malayalam,Navaneeth Sini George,2022-01-31T09:53:16Z
103411,കാട്ടു വിരിച്ചിറകൻ,und,"","",,Malayalam,Navaneeth Sini George,2022-01-31T12:19:35Z
103415,ചതുപ്പ് വിരിച്ചിറകൻ,und,"","",,Malayalam,Navaneeth Sini George,2022-01-31T12:20:27Z
104421,തവിടൻ ചേരാചിറകൻ തുമ്പി,und,"","",,Malayalam,Navaneeth Sini George,2022-01-31T12:21:33Z
104428,കാട്ടു ചേരാച്ചിറകൻ,und,"","",,Malayalam,Navaneeth Sini George,2022-01-31T12:22:15Z
149502,പച്ച ചേരാച്ചിറകൻ,und,"","",,Malayalam,Navaneeth Sini George,2022-01-31T12:23:06Z
561020,മലബാർ ചേരാച്ചിറകൻ,und,"","",,Malayalam,Navaneeth Sini George,2022-01-31T12:24:17Z
104440,പുള്ളി വിരിച്ചിറകൻ,und,"","",,Malayalam,Navaneeth Sini George,2022-01-31T12:25:13Z
561021,കരിവരയൻ ചേരാച്ചിറകൻ,und,"","",,Malayalam,Navaneeth Sini George,2022-01-31T12:26:23Z
104447,നീലക്കണ്ണി ചേരാച്ചിറകൻ,und,"","",,Malayalam,Navaneeth Sini George,2022-01-31T12:31:08Z
104466,പച്ചവരയൻ ചേരാച്ചിറകൻ,und,"","",,Malayalam,Navaneeth Sini George,2022-01-31T12:34:16Z
1134988,കിരണി ചേരാച്ചിറകൻ,und,"","",,Malayalam,Navaneeth Sini George,2022-01-31T12:37:00Z
109709,പച്ചക്കണ്ണൻ ചേരാച്ചിറകൻ,und,"","",,Malayalam,Navaneeth Sini George,2022-01-31T12:38:53Z
561153,കുങ്കുമ നിഴൽത്തുമ്പി,und,"","",,Malayalam,Navaneeth Sini George,2022-01-31T12:40:57Z
110715,കൊമ്പൻ നിഴൽത്തുമ്പി,und,"","",,Malayalam,Navaneeth Sini George,2022-01-31T12:42:05Z
1350571,നീലക്കാലി നിഴൽത്തുമ്പി,und,"","",,Malayalam,Navaneeth Sini George,2022-01-31T12:43:55Z
110718,ആനമല നിഴൽത്തുമ്പി,und,"","",,Malayalam,Navaneeth Sini George,2022-01-31T12:45:03Z
110723,പുള്ളി നിഴൽത്തുമ്പി,und,"","",,Malayalam,Navaneeth Sini George,2022-01-31T12:47:05Z
110724,ചെറു നിഴൽത്തുമ്പി,und,"","",,Malayalam,Navaneeth Sini George,2022-01-31T12:47:42Z
561170,പർവ്വതവാസി നിഴൽത്തുമ്പി,und,"","",,Malayalam,Navaneeth Sini George,2022-01-31T12:49:32Z
1134324,നീലക്കഴുത്തൻ നിഴൽത്തുമ്പി,und,"","",,Malayalam,Navaneeth Sini George,2022-01-31T12:51:00Z
561174,പൊന്മുടി നിഴൽത്തുമ്പി,und,"","",,Malayalam,Navaneeth Sini George,2022-01-31T12:52:20Z
110729,അഗസ്ത്യമല നിഴൽത്തുമ്പി,und,"","",,Malayalam,Navaneeth Sini George,2022-01-31T12:55:36Z
110730,ചെമ്പൻ നിഴൽത്തുമ്പി,und,"","",,Malayalam,Navaneeth Sini George,2022-01-31T12:56:34Z
1250561,ചോല നിഴൽത്തുമ്പി,und,"","",,Malayalam,Navaneeth Sini George,2022-01-31T12:58:26Z
106974,പീലിത്തുമ്പി,und,"","",,Malayalam,Navaneeth Sini George,2022-01-31T12:59:29Z
114949,ചുട്ടിച്ചിറകൻ തണൽത്തുമ്പി,und,"","",,Malayalam,Navaneeth Sini George,2022-01-31T13:00:45Z
114951,ചെറിയ തണൽതുമ്പി,und,"","",,Malayalam,Navaneeth Sini George,2022-01-31T13:01:25Z
561337,കാട്ടു തണൽതുമ്പി,und,"","",,Malayalam,Navaneeth Sini George,2022-01-31T13:02:35Z
96476,മേഘവർണ്ണൻ,und,"","",,Malayalam,Navaneeth Sini George,2022-01-31T13:03:23Z
561358,നീർമാണിക്യൻ,und,"","",,Malayalam,Navaneeth Sini George,2022-01-31T13:03:56Z
561372,തവളക്കണ്ണൻ,und,"","",,Malayalam,Navaneeth Sini George,2022-01-31T13:06:16Z
99638,കരിമ്പൻ അരുവിയൻ,und,"","",,Malayalam,Navaneeth Sini George,2022-01-31T13:09:36Z
100732,തെക്കൻ അരുവിയൻ,und,"","",,Malayalam,Navaneeth Sini George,2022-01-31T13:11:55Z
100733,വടക്കൻ അരുവിയൻ,und,"","",,Malayalam,Navaneeth Sini George,2022-01-31T13:12:42Z
100735,ചെങ്കറുപ്പൻ അരുവിയൻ,und,"","",,Malayalam,Navaneeth Sini George,2022-01-31T13:13:20Z
96391,കാട്ടുമുളവാലൻ,und,"","",,Malayalam,Navaneeth Sini George,2022-01-31T13:16:08Z
96392,മലബാർ മുളവാലൻ,und,"","",,Malayalam,Navaneeth Sini George,2022-01-31T13:16:44Z
96393,വയനാടൻ മുളവാലൻ,und,"","",,Malayalam,Navaneeth Sini George,2022-01-31T13:17:31Z
98382,മഞ്ഞക്കാലി പാൽത്തുമ്പി,und,"","",,Malayalam,Navaneeth Sini George,2022-01-31T13:18:08Z
98384,ചെങ്കാലി പാൽത്തുമ്പി,und,"","",,Malayalam,Navaneeth Sini George,2022-01-31T13:19:05Z
99450,ചുട്ടിച്ചിറകൻ മുളവാലൻ,und,"","",,Malayalam,Navaneeth Sini George,2022-01-31T13:19:56Z
99451,കരിഞ്ചിറകൻ മുളവാലൻ,und,"","",,Malayalam,Navaneeth Sini George,2022-01-31T13:21:09Z
99782,ചെങ്കറുപ്പൻ മുളവാലൻ,und,"","",,Malayalam,Navaneeth Sini George,2022-01-31T13:21:51Z
99783,മഞ്ഞക്കറുപ്പൻ മുളവാലൻ,und,"","",,Malayalam,Navaneeth Sini George,2022-01-31T13:22:36Z
100421,പഴനി മുളവാലൻ,und,"","",,Malayalam,Navaneeth Sini George,2022-01-31T13:23:21Z
100422,നീലഗിരി മുളവാലൻ,und,"","",,Malayalam,Navaneeth Sini George,2022-01-31T13:23:56Z
100423,തെക്കൻ മുളവാലൻ,und,"","",,Malayalam,Navaneeth Sini George,2022-01-31T13:24:31Z
105514,വടക്കൻ മുളവാലൻ,und,"","",,Malayalam,Navaneeth Sini George,2022-01-31T13:25:11Z
107577,എണ്ണക്കറുപ്പൻ,und,"","",,Malayalam,Navaneeth Sini George,2022-01-31T13:25:50Z
109452,ചതുപ്പു മുളവാലൻ,und,"","",,Malayalam,Navaneeth Sini George,2022-01-31T13:26:26Z
110587,കരിഞ്ചെമ്പൻ മുളവാലൻ,und,"","",,Malayalam,Navaneeth Sini George,2022-01-31T13:28:02Z
93143,നീലച്ചിന്നൻ,und,"","",,Malayalam,Navaneeth Sini George,2022-01-31T13:32:07Z
93156,നീലച്ചുട്ടി,und,"","",,Malayalam,Navaneeth Sini George,2022-01-31T13:32:41Z
93551,പത്തി പുൽച്ചിന്നൻ,und,"","",,Malayalam,Navaneeth Sini George,2022-01-31T13:33:33Z
93556,വെള്ളപ്പുൽച്ചിന്നൻ,und,"","",,Malayalam,Navaneeth Sini George,2022-01-31T13:34:02Z
93558,നാട്ടുപുൽച്ചിന്നൻ,und,"","",,Malayalam,Navaneeth Sini George,2022-01-31T13:35:28Z
733494,കാട്ടുപുൽച്ചിന്നൻ,und,"","",,Malayalam,Navaneeth Sini George,2022-01-31T13:36:21Z
93900,ചെറുനീലിത്തുമ്പി,und,"","",,Malayalam,Navaneeth Sini George,2022-01-31T13:36:53Z
94510,അരുവിത്തുമ്പി,und,"","",,Malayalam,Navaneeth Sini George,2022-01-31T13:37:51Z
97057,കനൽവാലൻ ചതുപ്പൻ,und,"","",,Malayalam,Navaneeth Sini George,2022-01-31T13:38:27Z
990996,സിന്ധുദുർഗ് ചതുപ്പൻ,und,"","",,Malayalam,Navaneeth Sini George,2022-01-31T13:38:57Z
97060,നാട്ടുചതുപ്പൻ,und,"","",,Malayalam,Navaneeth Sini George,2022-01-31T13:40:04Z
97073,കരിമ്പച്ചചതുപ്പൻ,und,"","",,Malayalam,Navaneeth Sini George,2022-01-31T13:40:37Z
507491,തീച്ചതുപ്പൻ,und,"","",,Malayalam,Navaneeth Sini George,2022-01-31T13:41:09Z
561940,മഞ്ഞപ്പുൽമാണിക്യൻ,und,"","",,Malayalam,Navaneeth Sini George,2022-01-31T13:41:49Z
52053,നീല പുൽമാണിക്യൻ,und,"","",,Malayalam,Navaneeth Sini George,2022-01-31T13:42:19Z
106203,കരിയിലത്തുമ്പി,und,"","",,Malayalam,Navaneeth Sini George,2022-01-31T13:42:53Z
108420,ചുട്ടിവാലൻ താമരത്തുമ്പി,und,"","",,Malayalam,Navaneeth Sini George,2022-01-31T13:43:28Z
108421,മലയൻ താമരത്തുമ്പി,und,"","",,Malayalam,Navaneeth Sini George,2022-01-31T13:45:11Z
110779,കുറുവാലൻ പൂത്താലി,und,"","",,Malayalam,Navaneeth Sini George,2022-01-31T13:46:19Z
110793,ഇളനീലി പൂത്താലി,und,"","",,Malayalam,Navaneeth Sini George,2022-01-31T13:48:02Z
110820,മഞ്ഞവരയൻ പൂത്താലി,und,"","",,Malayalam,Navaneeth Sini George,2022-01-31T13:49:43Z
110829,കാട്ടുപൂത്താലി,und,"","",,Malayalam,Navaneeth Sini George,2022-01-31T13:50:44Z
110834,നാട്ടുപൂത്താലി,und,"","",,Malayalam,Navaneeth Sini George,2022-01-31T13:51:28Z
110843,ചെമ്മുഖപ്പൂത്താലി,und,"","",,Malayalam,Navaneeth Sini George,2022-01-31T13:52:12Z
93998,തുരുമ്പൻ രാജൻ,und,"","",,Malayalam,Navaneeth Sini George,2022-02-01T04:24:51Z
149183,ചോലരാജൻതുമ്പി,und,"","",,Malayalam,Navaneeth Sini George,2022-02-01T04:27:37Z
94041,തുരുമ്പൻ ചാത്തൻ,und,"","",,Malayalam,Navaneeth Sini George,2022-02-01T04:28:13Z
51467,മരതകരാജൻ,und,"","",,Malayalam,Navaneeth Sini George,2022-02-01T04:28:53Z
94042,നീലരാജൻതുമ്പി,und,"","",,Malayalam,Navaneeth Sini George,2022-02-01T04:30:24Z
94044,പീതാംബരൻതുമ്പി,und,"","",,Malayalam,Navaneeth Sini George,2022-02-01T04:31:52Z
94048,തവിട്ട്‍ രാജൻ,und,"","",,Malayalam,Navaneeth Sini George,2022-02-01T04:32:56Z
101930,സൂചിവാലൻ രാക്കൊതിച്ചി,und,"","",,Malayalam,Navaneeth Sini George,2022-02-01T04:33:43Z
506562,തത്തമ്മത്തുമ്പി,und,"","",,Malayalam,Navaneeth Sini George,2022-02-01T04:34:25Z
93207,പൊക്കൻ കടുവ,und,"","",,Malayalam,Navaneeth Sini George,2022-02-01T04:40:15Z
96236,ചതുരവാലൻ കടുവ,und,"","",,Malayalam,Navaneeth Sini George,2022-02-01T04:41:06Z
433314,പുള്ളി ചതുരവാലൻ കടുവ,und,"","",,Malayalam,Navaneeth Sini George,2022-02-01T04:42:48Z
991002,മഞ്ഞ വിശറിവാലൻ കടുവ,und,"","",,Malayalam,Navaneeth Sini George,2022-02-01T04:44:20Z
98837,വിശറിവാലൻ കടുവ,und,"","",,Malayalam,Navaneeth Sini George,2022-02-01T04:45:11Z
99130,സൈരന്ധ്രിക്കടുവ,und,"","",,Malayalam,Navaneeth Sini George,2022-02-01T04:46:00Z
101646,പുഴക്കടുവ,und,"","",,Malayalam,Navaneeth Sini George,2022-02-01T04:46:37Z
102427,കൊമ്പൻ ക‌‌‌ടുവ,und,"","",,Malayalam,Navaneeth Sini George,2022-02-01T04:47:46Z
103289,നാട്ടുകടുവ,und,"","",,Malayalam,Navaneeth Sini George,2022-02-01T04:48:31Z
1134286,നീലഗിരി നഖവാലൻ,und,"","",,Malayalam,Navaneeth Sini George,2022-02-01T04:49:09Z
105015,വയനാടൻ കടുവ,und,"","",,Malayalam,Navaneeth Sini George,2022-02-01T04:49:49Z
105432,പെരുവാലൻ കടുവ,und,"","",,Malayalam,Navaneeth Sini George,2022-02-01T04:50:24Z
1134283,കുറു നഖവാലൻ,und,"","",,Malayalam,Navaneeth Sini George,2022-02-01T04:51:49Z
105600,പുള്ളിവാലൻ ചോലക്കടുവ,und,"","",,Malayalam,Navaneeth Sini George,2022-02-01T04:52:23Z
1071417,മലബാർ പുള്ളിവാലൻ ചോലക്കടുവ,und,"","",,Malayalam,Navaneeth Sini George,2022-02-01T04:53:00Z
105781,കടുവാച്ചിന്നൻ,und,"","",,Malayalam,Navaneeth Sini George,2022-02-01T04:54:04Z
562629,വരയൻ നഖവാലൻ,und,"","",,Malayalam,Navaneeth Sini George,2022-02-01T04:56:08Z
107596,വടക്കൻ നഖവാലൻ,und,"","",,Malayalam,Navaneeth Sini George,2022-02-01T04:57:44Z
107596,Malabar Clawtail,und,"","",,Malayalam,Navaneeth Sini George,2022-02-01T04:58:39Z
108499,ചൂണ്ടവാലൻ കടുവ,und,"","",,Malayalam,Navaneeth Sini George,2022-02-01T05:00:30Z
97608,നീലഗിരി മലമുത്തൻ,und,"","",,Malayalam,Navaneeth Sini George,2022-02-01T05:01:21Z
97621,ആനമല മലമുത്തൻ,und,"","",,Malayalam,Navaneeth Sini George,2022-02-01T05:02:16Z
100225,പുള്ളി നീർക്കാവലൻ,und,"","",,Malayalam,Navaneeth Sini George,2022-02-01T06:10:40Z
100226,നാട്ടു നീർക്കാവലൻ,und,"","",,Malayalam,Navaneeth Sini George,2022-02-01T06:11:58Z
105019,കാട്ടു പെരുങ്കണ്ണൻ,und,"","",,Malayalam,Navaneeth Sini George,2022-02-01T06:12:47Z
105021,വഴക്കാളിപ്പെരുങ്കണ്ണൻ,und,"","",,Malayalam,Navaneeth Sini George,2022-02-01T06:13:30Z
105023,ആറ്റു പെരുങ്കണ്ണൻ,und,"","",,Malayalam,Navaneeth Sini George,2022-02-01T06:19:45Z
105025,നാട്ടു പെരുങ്കണ്ണൻ,und,"","",,Malayalam,Navaneeth Sini George,2022-02-01T06:20:24Z
105025,Coorg Torrent Hawk,und,"","",,Malayalam,Navaneeth Sini George,2022-02-01T06:20:58Z
105033,മാമലപ്പെരുങ്കണ്ണൻ,und,"","",,Malayalam,Navaneeth Sini George,2022-02-01T06:22:39Z
105035,ഇന്ത്യൻ പെരുങ്കണ്ണൻ,und,"","",,Malayalam,Navaneeth Sini George,2022-02-01T06:23:27Z
105036,ചൂടൻ പെരുങ്കണ്ണൻ,und,"","",,Malayalam,Navaneeth Sini George,2022-02-01T06:25:04Z
102487,കാട്ടു മരതകൻ,und,"","",,Malayalam,Navaneeth Sini George,2022-02-01T06:26:25Z
93195,മകുടിവാലൻ,und,"","",,Malayalam,Navaneeth Sini George,2022-02-01T06:42:00Z
93460,ചോപ്പൻ കുറുവാലൻ,und,"","",,Malayalam,Navaneeth Sini George,2022-02-01T06:43:01Z
95964,തവിട്ടുവെണ്ണിറൻ,und,"","",,Malayalam,Navaneeth Sini George,2022-02-01T06:44:00Z
95968,ചെറുവെണ്ണീറൻ,und,"","",,Malayalam,Navaneeth Sini George,2022-02-01T06:44:35Z
95995,ചങ്ങാതിത്തുമ്പി,und,"","",,Malayalam,Navaneeth Sini George,2022-02-01T06:45:09Z
96001,മതിൽത്തുമ്പി,und,"","",,Malayalam,Navaneeth Sini George,2022-02-01T06:46:01Z
1134275,ചെങ്കൽത്തുമ്പി,und,"","",,Malayalam,Navaneeth Sini George,2022-02-01T06:47:00Z
98623,കാട്ടുപതുങ്ങൻ,und,"","",,Malayalam,Navaneeth Sini George,2022-02-01T06:47:36Z
52055,വയൽത്തുമ്പി,und,"","",,Malayalam,Navaneeth Sini George,2022-02-01T06:48:33Z
99327,കരിനിലത്തൻ,und,"","",,Malayalam,Navaneeth Sini George,2022-02-01T06:49:27Z
99329,ചുട്ടിനിലത്തൻ,und,"","",,Malayalam,Navaneeth Sini George,2022-02-01T06:50:05Z
99331,നാട്ടുനിലത്തൻ,und,"","",,Malayalam,Navaneeth Sini George,2022-02-01T06:50:45Z
100223,തീക്കറുപ്പൻ,und,"","",,Malayalam,Navaneeth Sini George,2022-02-01T06:51:37Z
102995,പാണ്ടൻ പരുന്തൻ,und,"","",,Malayalam,Navaneeth Sini George,2022-02-01T06:52:19Z
1134273,നീലനീർത്തോഴൻ,und,"","",,Malayalam,Navaneeth Sini George,2022-02-01T06:52:59Z
103421,കരിമ്പൻ ചരൽമുത്തി,und,"","",,Malayalam,Navaneeth Sini George,2022-02-01T06:53:38Z
103422,പാണ്ടൻ കരിമുത്തൻ,und,"","",,Malayalam,Navaneeth Sini George,2022-02-01T06:54:16Z
104104,ചോരവാലൻതുമ്പി,und,"","",,Malayalam,Navaneeth Sini George,2022-02-01T06:54:50Z
104927,കുള്ളൻ വർണ്ണത്തുമ്പി,und,"","",,Malayalam,Navaneeth Sini George,2022-02-01T06:55:38Z
104994,പൊഴിത്തുമ്പി,und,"","",,Malayalam,Navaneeth Sini George,2022-02-01T06:57:16Z
107003,തുരുമ്പൻതുമ്പി,und,"","",,Malayalam,Navaneeth Sini George,2022-02-01T06:58:00Z
107004,പുൽത്തുരുമ്പൻ,und,"","",,Malayalam,Navaneeth Sini George,2022-02-01T06:58:36Z
107008,സ്വാമിത്തുമ്പി,und,"","",,Malayalam,Navaneeth Sini George,2022-02-01T06:59:08Z
107618,കാട്ടുപുള്ളൻ,und,"","",,Malayalam,Navaneeth Sini George,2022-02-01T06:59:42Z
107952,ചെന്തവിടൻ വ്യാളി,und,"","",,Malayalam,Navaneeth Sini George,2022-02-01T07:00:29Z
107955,നീലവ്യാളി,und,"","",,Malayalam,Navaneeth Sini George,2022-02-01T07:01:10Z
107964,ത്രിവർണ്ണൻ വ്യാളി,und,"","",,Malayalam,Navaneeth Sini George,2022-02-01T07:02:22Z
107971,പവിഴവാലൻ വ്യാളി,und,"","",,Malayalam,Navaneeth Sini George,2022-02-01T07:02:55Z
107974,പച്ചവ്യാളി,und,"","",,Malayalam,Navaneeth Sini George,2022-02-01T07:03:30Z
107979,ചെറുവ്യാളി,und,"","",,Malayalam,Navaneeth Sini George,2022-02-01T07:04:18Z
107981,നീലക്കറുപ്പൻ വ്യാളി,und,"","",,Malayalam,Navaneeth Sini George,2022-02-01T07:05:40Z
108300,നീലക്കുറുവാലൻ,und,"","",,Malayalam,Navaneeth Sini George,2022-02-01T07:06:14Z
108344,തുലാത്തുമ്പി,und,"","",,Malayalam,Navaneeth Sini George,2022-02-01T07:07:01Z
110195,പുള്ളിവാലൻതുമ്പി,und,"","",,Malayalam,Navaneeth Sini George,2022-02-01T07:07:41Z
111765,ചെമ്പൻതുമ്പി,und,"","",,Malayalam,Navaneeth Sini George,2022-02-01T07:08:16Z
111797,കരിനീലച്ചിറകൻ,und,"","",,Malayalam,Navaneeth Sini George,2022-02-01T07:09:53Z
82001,ഓണത്തുമ്പി,und,"","",,Malayalam,Navaneeth Sini George,2022-02-01T07:11:42Z
113507,കുങ്കുമച്ചിറകൻ,und,"","",,Malayalam,Navaneeth Sini George,2022-02-01T07:12:23Z
113946,കുള്ളൻതുമ്പി,und,"","",,Malayalam,Navaneeth Sini George,2022-02-01T07:16:05Z
114098,പവിഴവാലൻ,und,"","",,Malayalam,Navaneeth Sini George,2022-02-01T07:16:43Z
114309,ചെമ്പൻ പരുന്തൻ,und,"","",,Malayalam,Navaneeth Sini George,2022-02-01T07:17:23Z
114313,കരിമ്പൻ പരുന്തൻ,und,"","",,Malayalam,Navaneeth Sini George,2022-02-01T07:18:00Z
114466,സിന്ദൂരത്തുമ്പി,und,"","",,Malayalam,Navaneeth Sini George,2022-02-01T07:19:08Z
114476,കാർത്തുമ്പി,und,"","",,Malayalam,Navaneeth Sini George,2022-02-01T07:24:56Z
114485,ചോപ്പൻ പാറമുത്തി,und,"","",,Malayalam,Navaneeth Sini George,2022-02-01T07:25:39Z
114490,കാറ്റാടിത്തുമ്പി,und,"","",,Malayalam,Navaneeth Sini George,2022-02-01T07:26:22Z
114829,പാണ്ടൻ വയൽതെയ്യൻ,und,"","",,Malayalam,Navaneeth Sini George,2022-02-01T07:27:18Z
115299,നീരോട്ടക്കാരൻ,und,"","",,Malayalam,Navaneeth Sini George,2022-02-01T07:28:24Z
115299,Iridescent Stream Glider,und,"","",,Malayalam,Navaneeth Sini George,2022-02-01T07:28:55Z
115308,സൂചിവാലൻ സന്ധ്യാത്തുമ്പി,und,"","",,Malayalam,Navaneeth Sini George,2022-02-01T07:29:39Z
103312,നീലഗിരിക്കോമരം,und,"","",,Malayalam,Navaneeth Sini George,2022-02-01T07:33:03Z
733505,മിനാരക്കോമരം,und,"","",,Malayalam,Navaneeth Sini George,2022-02-01T07:40:28Z
562869,ഗോവൻ കോമരം,und,"","",,Malayalam,Navaneeth Sini George,2022-02-01T07:46:15Z
733508,ചിന്നൻ കോമരം,und,"","",,Malayalam,Navaneeth Sini George,2022-02-01T07:49:36Z
103323,കൊമ്പൻ കോമരം,und,"","",,Malayalam,Navaneeth Sini George,2022-02-01T07:54:29Z
733511,കാവിക്കോമരം,und,"","",,Malayalam,Navaneeth Sini George,2022-02-01T07:57:43Z
103326,തെക്കൻ കോമരം,und,"","",,Malayalam,Navaneeth Sini George,2022-02-01T07:58:20Z
105054,നിഴൽക്കോമരം,und,"","",,Malayalam,Navaneeth Sini George,2022-02-01T07:59:23Z
47930,ചേരാചിറകൻ തുമ്പികൾ,und,"","",,Malayalam,Navaneeth Sini George,2022-02-02T09:20:20Z
105252,മൂക്കനാരകന്,und,"","","Philips TK, Moretto P (2025) Revision of the genus _Pseudopedaria_ Felsche, 1904, with descriptions of three new species and a subspecies from Central Africa (Coleoptera: Scarabaeinae: Coprini). Catharsius La Revue (N.S.) 5: 1–26. doi:10.5281/zenodo.17036002.",Malayalam,Wich’yanan (Jay) Limparungpatthanakij,2022-03-09T23:22:33Z
105252,പന ആരകന്,und,"","","Philips TK, Moretto P (2025) Revision of the genus _Pseudopedaria_ Felsche, 1904, with descriptions of three new species and a subspecies from Central Africa (Coleoptera: Scarabaeinae: Coprini). Catharsius La Revue (N.S.) 5: 1–26. doi:10.5281/zenodo.17036002.",Malayalam,Wich’yanan (Jay) Limparungpatthanakij,2022-03-09T23:22:45Z
105252,Pana-arakan,und,"","","Philips TK, Moretto P (2025) Revision of the genus _Pseudopedaria_ Felsche, 1904, with descriptions of three new species and a subspecies from Central Africa (Coleoptera: Scarabaeinae: Coprini). Catharsius La Revue (N.S.) 5: 1–26. doi:10.5281/zenodo.17036002.",Malayalam,Wich’yanan (Jay) Limparungpatthanakij,2022-03-09T23:22:57Z
105252,Mookkanarkan,und,"","","Philips TK, Moretto P (2025) Revision of the genus _Pseudopedaria_ Felsche, 1904, with descriptions of three new species and a subspecies from Central Africa (Coleoptera: Scarabaeinae: Coprini). Catharsius La Revue (N.S.) 5: 1–26. doi:10.5281/zenodo.17036002.",Malayalam,Wich’yanan (Jay) Limparungpatthanakij,2022-03-09T23:23:14Z
105252,Mookkanarakan,und,"","","Philips TK, Moretto P (2025) Revision of the genus _Pseudopedaria_ Felsche, 1904, with descriptions of three new species and a subspecies from Central Africa (Coleoptera: Scarabaeinae: Coprini). Catharsius La Revue (N.S.) 5: 1–26. doi:10.5281/zenodo.17036002.",Malayalam,Wich’yanan (Jay) Limparungpatthanakij,2022-03-09T23:23:22Z
1316901,പിയ്ചാന് പൊലൊത മീന്,und,"","",https://www.inaturalist.org/taxon_names/2820138/edit,Malayalam,Kieran Hanrahan,2022-03-15T23:12:34Z
1316901,പേച്ചന്,und,"","",https://www.inaturalist.org/taxon_names/2820139/edit,Malayalam,Kieran Hanrahan,2022-03-15T23:12:35Z
1316901,Peychanpolotha-meen,und,"","",https://www.inaturalist.org/taxon_names/2820140/edit,Malayalam,Kieran Hanrahan,2022-03-15T23:12:35Z
1360116,Kuluvel,und,"","",http://www.catalogueoflife.org/annual-checklist/details/species/id/10069926/common/131324,Malayalam,,2022-03-16T05:01:04Z
1315685,പള്ളത്തി,und,"","",https://www.inaturalist.org/taxon_names/1216528/edit,Malayalam,,2022-03-16T05:26:25Z
1289691,കോഴിക്കാട,und,"","",https://www.inaturalist.org/taxon_names/2877312/edit,Malayalam,,2022-03-16T19:39:03Z
469472,ആപ്പിൾ,und,"","",,Malayalam,,2022-03-27T04:51:55Z
1289428,ചാരച്ചിലപ്പൻ,und,"","",https://www.inaturalist.org/taxon_names/2880550/edit,Malayalam,,2022-04-09T20:10:59Z
1289425,ചെഞ്ചിലപ്പൻ,und,"","",https://www.inaturalist.org/taxon_names/2880553/edit,Malayalam,,2022-04-09T20:30:27Z
1289501,കരിവാലൻ പുൽക്കുരുവി,und,"","",https://www.inaturalist.org/taxon_names/2879469/edit,Malayalam,Sam Gordon,2022-04-12T18:10:03Z
1289411,പതുങ്ങൻ ചിലപ്പൻ,und,"","",https://www.inaturalist.org/taxon_names/2526324/edit,Malayalam,,2022-04-13T07:45:58Z
1289423,കരിയിലക്കിളി,und,"","",https://www.inaturalist.org/taxon_names/2880551/edit,Malayalam,,2022-04-13T07:54:58Z
1289422,പൂത്താങ്കീരി,und,"","",https://www.inaturalist.org/taxon_names/2880552/edit,Malayalam,,2022-04-13T07:57:01Z
1289619,തവിടൻ കാറ്റിളക്കി,und,"","",https://www.inaturalist.org/taxon_names/2877796/edit,Malayalam,Cole Gaerber,2022-04-18T20:13:03Z
1289484,വെൺ‍താലിക്കുരുവി,und,"","",https://www.inaturalist.org/taxon_names/2880524/edit,Malayalam,carnifex,2022-04-18T20:58:20Z
1289479,കരിന്തലയൻ കുരുവി,und,"","",https://www.inaturalist.org/taxon_names/2880525/edit,Malayalam,,2022-04-18T21:00:07Z
110381,മകര സ്റാവ്,und,"","",http://www.catalogueoflife.org/annual-checklist/details/species/id/10077956/common/166452,Malayalam,Wich’yanan (Jay) Limparungpatthanakij,2022-04-27T02:08:40Z
202649,തേക്കില ശലഭം,und,"","",,Malayalam,Shiju Chacha,2022-05-10T09:37:27Z
52012,പിങ്കി,und,"","",,Malayalam,Shiju Chacha,2022-05-10T09:40:45Z
124866,വർണപളുങ്ക്,und,"","",,Malayalam,Shiju Chacha,2022-05-10T09:44:35Z
417343,പാറക പാണ്ടൻ,und,"","",,Malayalam,Shiju Chacha,2022-05-10T09:47:12Z
121909,കരിയാത്തൻ,und,"","",,Malayalam,Shiju Chacha,2022-05-10T09:55:32Z
205161,വരവേണി,und,"","",,Malayalam,Shiju Chacha,2022-05-10T09:58:14Z
202113,മുക്കുണം,und,"","",,Malayalam,Shiju Chacha,2022-05-10T10:01:09Z
495522,പാലമുണ്ടി,und,"","",,Malayalam,Shiju Chacha,2022-05-10T10:03:20Z
203104,മുത്തിലം,und,"","",,Malayalam,Shiju Chacha,2022-05-10T10:05:32Z
510161,പൊൻപാണ്ടൻ,und,"","",,Malayalam,Shiju Chacha,2022-05-10T10:11:28Z
52086,ഒറ്റപ്പുള്ളി വരയൻ,und,"","",,Malayalam,Shiju Chacha,2022-05-10T10:15:41Z
125275,ചോണവരയൻ,und,"","",,Malayalam,Shiju Chacha,2022-05-10T10:21:49Z
864770,ഇരട്ടപ്പുള്ളി വരയൻ,und,"","",,Malayalam,Shiju Chacha,2022-05-10T10:23:53Z
202268,പകൽമണി,und,"","",,Malayalam,Shiju Chacha,2022-05-10T10:27:06Z
205308,നീരദം,und,"","",,Malayalam,Shiju Chacha,2022-05-10T10:29:18Z
370855,സകലൻ,und,"","",,Malayalam,Shiju Chacha,2022-05-10T10:30:38Z
906092,എരികനൽ,und,"","",,Malayalam,Shiju Chacha,2022-05-10T10:34:01Z
337904,പുളിങ്ങാളി,und,"","",,Malayalam,Shiju Chacha,2022-05-10T10:36:03Z
204042,ആവണപ്രഭു,und,"","",,Malayalam,Shiju Chacha,2022-05-10T10:38:50Z
355559,അവതം,und,"","",,Malayalam,Shiju Chacha,2022-05-10T10:40:05Z
209608,ശതരൂപി,und,"","",,Malayalam,Shiju Chacha,2022-05-10T10:42:01Z
210205,ത്രിശങ്കു,und,"","",,Malayalam,Shiju Chacha,2022-05-10T11:15:12Z
121948,കൊറോണ,und,"","",,Malayalam,Shiju Chacha,2022-05-10T11:17:51Z
213715,ധ്രുവതാര,und,"","",,Malayalam,Shiju Chacha,2022-05-10T11:22:38Z
700785,മരതകറാണി,und,"","",,Malayalam,Shiju Chacha,2022-05-10T11:31:41Z
196588,തലക്കോൽക്കാരൻ,und,"","",,Malayalam,Shiju Chacha,2022-05-10T12:49:47Z
365790,കാട്ടുകമുക്,und,"","",,Malayalam,Shiju Chacha,2022-05-11T06:03:27Z
365790,കാനക്കമുക്,und,"","",,Malayalam,Shiju Chacha,2022-05-11T06:04:09Z
416414,വരമാലി,und,"","",,Malayalam,Shiju Chacha,2022-05-11T06:16:31Z
204809,പൂങ്കോഴിച്ചാത്തൻ,und,"","",,Malayalam,Shiju Chacha,2022-05-11T06:19:51Z
205591,ലില്ലിശലഭം,und,"","",,Malayalam,Shiju Chacha,2022-05-11T06:23:15Z
121837,തലയമ്പൻ,und,"","",,Malayalam,Shiju Chacha,2022-05-11T06:34:49Z
520028,കരിയമ്പൻ,und,"","",,Malayalam,Shiju Chacha,2022-05-11T06:36:22Z
202660,മാരമ്പൻ,und,"","",,Malayalam,Shiju Chacha,2022-05-11T07:03:10Z
112230,കൊയ്ത,und,"","",http://www.catalogueoflife.org/annual-checklist/details/species/id/10061794/common/2712,Malayalam,,2022-05-18T05:06:10Z
367969,രാഗിണി,und,"","",,Malayalam,Pranav Chandra Bose,2022-09-01T16:47:45Z
57774,ചുവന്ന ആൽഗ,und,"","",,Malayalam,John E. Christensen,2022-09-29T12:08:14Z
61374,njottanjodiyan,und,"","",,Malayalam,sunrise_again,2022-10-20T17:08:34Z
61374,ഞൊട്ടാഞൊടിയൻ,und,"","",,Malayalam,sunrise_again,2022-10-20T17:11:24Z
61374,mottaampuli,und,"","",,Malayalam,sunrise_again,2022-10-20T17:12:14Z
61374,മൊട്ടാമ്പുളി,und,"","",,Malayalam,sunrise_again,2022-10-20T17:12:50Z
48867,അരെക്കേസീ,und,"","",,Malayalam,John E. Christensen,2022-11-02T10:50:14Z
344962,"മുക്കാപ്പിരി mukkappiri, മുശുമുശുക്ക musumusukka",und,"","",,Malayalam,Chief RedEarth,2022-11-16T13:41:10Z
1,മൃഗങ്ങൾ,und,"","",,Malayalam,Yann Kemper,2022-11-18T04:44:27Z
344962,ചെങ്കുമ്മട്ടി cenkummatti,und,"Asia | Kerala, IN","",,Malayalam,Chief RedEarth,2022-11-19T04:50:18Z
48678,ഗോൾഡൻറോഡ്,und,"","",,Malayalam,John E. Christensen,2022-12-22T13:41:30Z
1438759,മൈലാഞ്ചികാരി,und,"","",https://www.inaturalist.org/taxon_names/2990561/edit,Malayalam,,2023-01-05T10:11:05Z
1441750,കാട്ടുമൂങ്ങ,und,"","",https://www.inaturalist.org/taxon_names/2878149/edit,Malayalam,,2023-01-14T20:02:06Z
71297,ഷൂബിൽ,und,"","",,Malayalam,John E. Christensen,2023-01-31T12:40:50Z
20526,ഒട്ടകപ്പക്ഷി,und,"","",,Malayalam,Johan Devos,2023-02-28T22:48:28Z
1455922,തവിടൻ പ്രാവ്,und,"","",https://www.inaturalist.org/taxon_names/2877336/edit,Malayalam,,2023-03-08T06:23:39Z
1455918,അരിപ്രാവ്,und,"","",https://www.inaturalist.org/taxon_names/2877333/edit,Malayalam,Raúl MT,2023-03-08T06:24:47Z
322878,ച്ചാമ്പ,und,"","",,Malayalam,Steven Kurniawidjaja,2023-03-16T22:33:00Z
41450,എലിയനേടി,und,"Kerala, IN","",,Malayalam,Sri Harsha K.M,2023-04-19T07:44:37Z
72030,കാംപ്സിസ് റാഡികൻസ്,und,"","",,Malayalam,John E. Christensen,2023-04-23T11:44:58Z
50151,അകാന്തസ്,und,"","",,Malayalam,John E. Christensen,2023-05-11T15:24:43Z
62344,ചൊറിത്തവള,und,"Kerala, IN","",,Malayalam,rushigal,2023-05-20T01:38:55Z
26555,തവിട്ട് മരത്തവള,und,"Kerala, IN","",,Malayalam,rushigal,2023-06-02T08:10:17Z
945235,നെയ്മേനി,und,"","",https://www.inaturalist.org/taxon_names/2990555/edit,Malayalam,,2023-09-07T20:20:15Z
1498313,മഞ്ഞവരയൻ വർണ്ണത്തുമ്പി,und,"","",https://www.inaturalist.org/taxon_names/2881741/edit,Malayalam,,2023-09-26T17:11:45Z
1290408,മുങ്ങാങ്കോഴി (ആൽബെസെൻസ്),und,"","",,Malayalam,Manoj Karingamadathil,2023-09-29T05:13:21Z
83492,തേക്കട,und,"","",,Malayalam,Adarsh Ajay,2023-10-01T12:52:20Z
1499163,വയനാടൻ തീകറുപ്പൻ,und,"","",,Malayalam,Manoj Karingamadathil,2023-10-02T14:03:49Z
72516,വെള്ളവയറൻ ശരപ്പക്ഷി,und,"","",https://www.inaturalist.org/taxon_names/2877406/edit,Malayalam,Raúl MT,2023-10-29T11:53:38Z
1505758,ചെറിയ മീൻപരുന്ത്,und,"","",https://www.inaturalist.org/taxon_names/2878080/edit,Malayalam,,2023-10-29T21:02:52Z
1505727,വലിയ മീൻപരുന്ത്,und,"","",https://www.inaturalist.org/taxon_names/2878081/edit,Malayalam,Sean Cozart,2023-10-29T21:05:56Z
1505653,വെള്ളവയറൻ കടൽപ്പരുന്ത്,und,"","",https://www.inaturalist.org/taxon_names/2878079/edit,Malayalam,,2023-10-29T21:08:09Z
1505622,കാസ്പിയൻ മണൽക്കോഴി,und,"","",https://www.inaturalist.org/taxon_names/2877585/edit,Malayalam,,2023-10-30T00:31:57Z
1505629,വലിയ മണൽക്കോഴി,und,"","",https://www.inaturalist.org/taxon_names/2877582/edit,Malayalam,Sean Cozart,2023-10-30T00:55:07Z
1505620,ചെറുമണൽക്കോഴി,und,"","",https://www.inaturalist.org/taxon_names/2877588/edit,Malayalam,Sean Cozart,2023-10-30T12:34:57Z
495192,മഞ്ഞച്ചിന്നൻ,und,"","",https://www.inaturalist.org/taxon_names/2880498/edit,Malayalam,,2023-10-30T23:12:20Z
1506391,ചാരത്തലയൻ ബുൾബുൾ,und,"","",https://www.inaturalist.org/taxon_names/2880479/edit,Malayalam,Donald Davesne,2023-10-31T17:58:00Z
34444,ചിതൽ പല്ലി,und,"","",,Malayalam,rushigal,2023-11-01T07:23:07Z
1316352,കൊയ്ത,und,"","",http://www.catalogueoflife.org/annual-checklist/details/species/id/10061553/common/2941,Malayalam,,2023-12-12T12:12:23Z
1439534,കങ്കാരു ഓന്ത്,und,"","",,Malayalam,rushigal,2024-01-26T02:35:03Z
1304708,മലബാർ ചോലമണ്ഡലി,und,"","",,Malayalam,rushigal,2024-02-11T13:01:06Z
1304809,ആനമല ചോലമണ്ഡലി,und,"","",,Malayalam,rushigal,2024-02-11T13:02:30Z
1304806,തിരുവിതാംകൂർ ചോലമണ്ഡലി,und,"","",,Malayalam,rushigal,2024-02-11T13:04:19Z
68666,നെല്ലി,und,"","",,Malayalam,Manoj Karingamadathil,2024-04-29T05:55:00Z
123003,പ്ലാവ്,und,"","",,Malayalam,Pranav Chandra Bose,2024-04-29T13:40:48Z
123003,പിലാവ്,und,"","",,Malayalam,Pranav Chandra Bose,2024-04-29T13:43:01Z
736621,രാമനാമപ്പച്ച,und,"Kerala, IN","",,Malayalam,Pranav Chandra Bose,2024-04-29T13:48:05Z
281371,മഴമരം,und,"","",,Malayalam,Pranav Chandra Bose,2024-05-02T04:37:56Z
188248,സാൽമോ മാക്രോസ്റ്റിഗ്മ,und,"","",https://www.inaturalist.org/taxon_names/2631534/edit,Malayalam,,2024-05-18T16:12:32Z
97054,കരിമ്പച്ചചതുപ്പൻ,und,"","",https://www.inaturalist.org/taxon_names/2881162/edit,Malayalam,,2024-06-03T19:07:00Z
369916,belutta-modela-mucca,und,"","",,Malayalam,Chris Thawley,2024-07-09T13:31:21Z
30429,പുള്ളി പവിഴപാമ്പ്,und,"","",,Malayalam,rushigal,2024-08-03T02:39:31Z
1545922,വടക്കൻ കങ്കാരു ഓന്ത്,und,"","",,Malayalam,rushigal,2024-08-24T11:47:44Z
1571748,ചവരാലി,und,"","","Philips TK, Moretto P (2025) Revision of the genus _Pseudopedaria_ Felsche, 1904, with descriptions of three new species and a subspecies from Central Africa (Coleoptera: Scarabaeinae: Coprini). Catharsius La Revue (N.S.) 5: 1–26. doi:10.5281/zenodo.17036002.",Malayalam,Donald Davesne,2024-09-05T22:01:02Z
1571748,ചാവരലി,und,"","",https://www.inaturalist.org/taxon_names/2674063/edit,Malayalam,Donald Davesne,2024-09-05T22:01:02Z
1571748,Chavarali,und,"","","Philips TK, Moretto P (2025) Revision of the genus _Pseudopedaria_ Felsche, 1904, with descriptions of three new species and a subspecies from Central Africa (Coleoptera: Scarabaeinae: Coprini). Catharsius La Revue (N.S.) 5: 1–26. doi:10.5281/zenodo.17036002.",Malayalam,Donald Davesne,2024-09-05T22:01:03Z
121659,ചവരാലി,und,"","","Philips TK, Moretto P (2025) Revision of the genus _Pseudopedaria_ Felsche, 1904, with descriptions of three new species and a subspecies from Central Africa (Coleoptera: Scarabaeinae: Coprini). Catharsius La Revue (N.S.) 5: 1–26. doi:10.5281/zenodo.17036002.",Malayalam,Donald Davesne,2024-09-05T23:21:46Z
121659,Chavarali,und,"","","Philips TK, Moretto P (2025) Revision of the genus _Pseudopedaria_ Felsche, 1904, with descriptions of three new species and a subspecies from Central Africa (Coleoptera: Scarabaeinae: Coprini). Catharsius La Revue (N.S.) 5: 1–26. doi:10.5281/zenodo.17036002.",Malayalam,Donald Davesne,2024-09-05T23:21:46Z
899569,നിലമ്പുന്ന,und,"Kerala, IN","",,Malayalam,Pranav Chandra Bose,2024-09-28T01:28:10Z
1582842,ബെസ്ര പ്രാപ്പിടിയൻ,und,"","",https://www.inaturalist.org/taxon_names/2878076/edit,Malayalam,Sean Cozart,2024-10-23T14:11:22Z
1578961,ചിന്നക്കൊച്ച,und,"","",https://www.inaturalist.org/taxon_names/2877840/edit,Malayalam,,2024-10-23T22:12:43Z
1583066,മഞ്ഞക്കൊച്ച,und,"","",https://www.inaturalist.org/taxon_names/2877838/edit,Malayalam,Nelly Semenova,2024-10-24T11:39:53Z
1583069,കരിങ്കൊച്ച,und,"","",https://www.inaturalist.org/taxon_names/2877842/edit,Malayalam,Nelly Semenova,2024-10-24T11:40:25Z
1583070,മഴക്കൊച്ച,und,"","",https://www.inaturalist.org/taxon_names/2877841/edit,Malayalam,Nelly Semenova,2024-10-24T11:40:40Z
1583224,പ്രാപ്പിടിയൻ,und,"","",https://www.inaturalist.org/taxon_names/2878075/edit,Malayalam,Nelly Semenova,2024-10-24T23:57:34Z
1582801,മലമ്പുള്ള്,und,"","",https://www.inaturalist.org/taxon_names/2878074/edit,Malayalam,Donald Davesne,2024-10-25T03:39:29Z
1583799,ചെമ്പൻപാടി,und,"","",https://www.inaturalist.org/taxon_names/2879432/edit,Malayalam,Victor HOYEAU,2024-10-26T21:04:14Z
1580336,ആറ്റുമണൽക്കോഴി,und,"","",https://www.inaturalist.org/taxon_names/2877598/edit,Malayalam,,2024-10-27T23:01:26Z
411086,കാലിമുണ്ടി,und,"","",https://www.inaturalist.org/taxon_names/2877855/edit,Malayalam,Sean Cozart,2024-11-03T09:37:29Z
1586473,നീലച്ചുണ്ടൻ ഇത്തിക്കണ്ണിക്കുരുവി,und,"","",https://www.inaturalist.org/taxon_names/2880906/edit,Malayalam,,2024-11-04T23:08:18Z
52299,കേതാലന്,und,"","",,Malayalam,Zane Roskoph,2024-12-01T19:00:51Z
52299,വൊരിമിയരു,und,"","",,Malayalam,Zane Roskoph,2024-12-01T19:02:26Z
52299,കല്ലം,und,"","",,Malayalam,Zane Roskoph,2024-12-01T19:05:34Z
52299,കല് വാരി,und,"","",,Malayalam,Zane Roskoph,2024-12-01T19:06:44Z
47230,കരിവളം പാര,und,"","",,Malayalam,Zane Roskoph,2024-12-28T15:44:34Z
47230,കരിവാലം പാര,und,"","",,Malayalam,Zane Roskoph,2024-12-28T15:45:17Z
47230,കടുങ്ങാപ്പാറ,und,"","",,Malayalam,Zane Roskoph,2024-12-28T15:49:43Z
47230,കടുകുപ്പാര,und,"","",,Malayalam,Zane Roskoph,2024-12-28T15:50:22Z
539608,നാൽവരയൻ കൊമ്പേറി,und,"","",,Malayalam,rushigal,2025-08-01T05:01:15Z
1641289,മഞ്ഞപ്പെരുങ്കണ്ണൻ,und,"","",https://www.inaturalist.org/taxon_names/2881696/edit,Malayalam,,2025-08-28T14:59:31Z
1649784,വെൺ കടലാള,und,"","",,Malayalam,Cyan Fox,2026-07-30T08:13:17Z
