id,vernacularName,language,locality,countryCode,source,lexicon,contributor,created
24473,Gripau llevador,ca,"","",,Catalan,carnifex,2011-05-05T06:15:16Z
24479,Granota pintada,ca,"Cataluña, ES","",,Catalan,Eduardo Martínez,2011-05-05T06:15:29Z
24045,Reineta meridional,ca,"Cataluña, ES","",,Catalan,Reiner Richter,2011-05-05T06:15:35Z
64372,Trito del Montseny,ca,"Cataluña, ES","",,Catalan,Eduardo Martínez,2011-05-05T06:16:31Z
64373,Tritó pirinenc,ca,"Cataluña, ES","",,Catalan,Victor HOYEAU,2011-05-05T06:16:31Z
64377,Tritó palmat,ca,"Cataluña, ES","",,Catalan,Eduardo Martínez,2011-05-05T06:16:35Z
27712,tritó verd,ca,"Cataluña, ES","",,Catalan,Eduardo Martínez,2011-05-05T06:16:40Z
25311,Gripau d'esperons,ca,"Cataluña, ES","",,Catalan,Xavier Béjar,2011-09-10T02:31:04Z
66331,Granota Verda Ibèrica,ca,"Cataluña, ES","",,Catalan,Xavier Béjar,2011-09-10T02:32:56Z
78974,Sàlvia de prat,ca,"","",,Catalan,Xavier Béjar,2011-09-10T02:42:38Z
8349,Gralla de bec vermell,ca,"Cataluña, ES","",,Catalan,Xavier Béjar,2011-09-10T02:45:13Z
50868,Alzina surera,ca,"","",,Catalan,Xavier Béjar,2011-09-10T02:47:38Z
57418,Segell de Salomó,ca,"","",,Catalan,Xavier Béjar,2011-09-10T02:49:18Z
51606,Lliri de neu,ca,"","",,Catalan,Xavier Béjar,2011-09-10T02:49:42Z
35900,Lluert,ca,"Cataluña, ES","",,Catalan,Xavier Béjar,2011-09-10T02:50:24Z
52821,milfulles,ca,"","",,Catalan,Xavier Béjar,2011-09-10T02:54:30Z
19898,Gamarús,ca,"Cataluña, ES","",,Catalan,Xavier Béjar,2011-09-10T02:56:02Z
48715,Reig bord,ca,"","",,Catalan,Xavier Béjar,2011-09-10T02:56:51Z
20969,Puput,ca,"Cataluña, ES","",,Catalan,Xavier Béjar,2011-09-10T02:57:24Z
56136,Primavera,ca,"","",,Catalan,Xavier Béjar,2011-09-10T02:58:57Z
24473,Tòtil,ca,"Cataluña, ES","",,Catalan,Xavier Béjar,2011-09-10T03:02:12Z
13094,Pit-roig,ca,"Cataluña, ES","",,Catalan,Xavier Béjar,2011-09-10T03:03:13Z
48685,boga,ca,"","",,Catalan,Xavier Béjar,2011-09-10T03:06:11Z
48685,balca,ca,"","",,Catalan,Xavier Béjar,2011-09-10T03:06:25Z
56099,Búgula,ca,"","",,Catalan,Xavier Béjar,2011-09-10T03:10:04Z
43128,Llebre europea,ca,"Cataluña, ES","",,Catalan,Xavier Béjar,2011-09-10T03:10:24Z
59318,pentecosta,ca,"","",,Catalan,Xavier Béjar,2011-09-10T08:26:16Z
50717,Epipactis de fulla gran,ca,"","",,Catalan,Xavier Béjar,2011-09-10T08:26:47Z
53785,Fumària,ca,"","",,Catalan,Xavier Béjar,2011-09-10T08:34:44Z
55976,Canabassa,ca,"","",,Catalan,Xavier Béjar,2011-09-10T08:36:54Z
55976,Cànem bord,ca,"","",,Catalan,Xavier Béjar,2011-09-10T08:37:10Z
12716,Merla,ca,"Cataluña, ES","",,Catalan,Xavier Béjar,2011-09-10T08:41:33Z
13851,Pardal xarrec,ca,"Cataluña, ES","",,Catalan,Xavier Béjar,2011-09-10T08:43:12Z
41850,LLúdriga,ca,"Cataluña, ES","",,Catalan,Xavier Béjar,2011-09-10T08:45:08Z
51147,arç blanc,ca,"","",,Catalan,Xavier Béjar,2011-09-10T08:45:54Z
47570,Àlber,ca,"","",,Catalan,Xavier Béjar,2011-09-10T08:46:23Z
55876,ortiga blanca,ca,"","",,Catalan,Xavier Béjar,2011-09-10T08:47:31Z
51884,ortiga,ca,"","",,Catalan,Xavier Béjar,2011-09-10T08:48:02Z
55882,heura,ca,"Cataluña, ES","",,Catalan,Xavier Béjar,2011-09-10T08:50:46Z
55885,Xuclamel atlàntic,ca,"","",,Catalan,Xavier Béjar,2011-09-10T08:51:57Z
55884,Gavarra,ca,"","",,Catalan,Xavier Béjar,2011-09-10T08:52:45Z
54639,platantera de muntanya,ca,"","",,Catalan,Xavier Béjar,2011-09-10T08:53:53Z
7106,ànec mandarí,ca,"Cataluña, ES","",,Catalan,Xavier Béjar,2012-01-23T20:15:38Z
4954,Bernat pescaire,ca,"Cataluña, ES","",,Catalan,Xavier Béjar,2012-02-12T23:06:13Z
51221,Cranc roig americà,ca,"Cataluña, ES","",,Catalan,Xavier Béjar,2012-02-12T23:08:32Z
4237,Cabusset,ca,"Cataluña, ES","",,Catalan,Xavier Béjar,2012-02-12T23:09:09Z
4857,Fredeluga,ca,"Cataluña, ES","",,Catalan,Xavier Béjar,2012-02-12T23:09:39Z
9398,Cardina,ca,"","",,Catalan,Xavier Béjar,2012-02-12T23:10:11Z
9398,Cadernera,ca,"Cataluña, ES | Islas Baleares, ES","",,Catalan,Xavier Béjar,2012-02-12T23:10:55Z
9462,Pinsà borroner,ca,"Cataluña, ES","",,Catalan,Xavier Béjar,2012-02-12T23:18:18Z
25591,Granota roja,ca,"Cataluña, ES","",,Catalan,Xavier Béjar,2012-02-12T23:19:52Z
118622,Gall,ca,"","","FA Bisby, YR Roskov, MA Ruggiero, TM Orrell, LE Paglinawan, PW Brewer, N Bailly, J van Hertum, eds (2007). Species 2000 & ITIS Catalogue of Life: 2007 Annual Checklist Taxonomic Classification. CD-ROM; Species 2000: Reading, U.K.",Catalan,,2012-03-10T19:22:08Z
64378,Tritó ibèric,ca,"","",,Catalan,Xavier Béjar,2012-04-25T20:06:51Z
47553,teix,ca,"","",,Catalan,Lluís Comas,2013-01-02T23:11:21Z
8350,Gralla de bec groc,ca,"Cataluña, ES","",,Catalan,Xavier Béjar,2013-01-10T11:38:12Z
201834,estaquis valenciana,ca,"","",,Catalan,Xavier Béjar,2013-01-12T16:24:59Z
181509,linària supina,ca,"","",,Catalan,Xavier Béjar,2013-01-26T14:27:55Z
65450,Gripau corredor,ca,"Cataluña, ES","",,Catalan,Xavier Béjar,2013-03-09T03:20:08Z
130034,Escorpí cec,ca,"","",,Catalan,Xavier Béjar,2013-03-12T20:39:41Z
35666,Sargantana iberoprovençal,ca,"Cataluña, ES","",,Catalan,Xavier Béjar,2013-03-12T23:50:06Z
46001,Esquirol vermell europeu,ca,"Cataluña, ES","",,Catalan,Xavier Béjar,2013-03-20T21:50:00Z
210510,Abellera fosca,ca,"","",,Catalan,Xavier Béjar,2013-03-20T22:00:38Z
78805,Alzina,ca,"","",,Catalan,Xavier Béjar,2013-03-23T12:36:45Z
68846,Calabruixa petita,ca,"","",,Catalan,Xavier Béjar,2013-03-23T13:40:34Z
8010,Corb,ca,"Cataluña, ES","",,Catalan,Xavier Béjar,2013-03-24T20:07:46Z
35519,Sargantaner gros,ca,"","",,Catalan,Xavier Béjar,2013-03-26T11:16:28Z
59339,Abellera groga,ca,"","",,Catalan,Xavier Béjar,2013-04-29T22:02:34Z
82875,Mosques blaves,ca,"","",,Catalan,Xavier Béjar,2013-04-29T22:34:48Z
131605,Orquis militar,ca,"","",,Catalan,Xavier Béjar,2013-05-29T15:10:05Z
61328,Orquis del simi,ca,"","",,Catalan,Xavier Béjar,2013-05-29T16:33:35Z
48982,Orquis carni,ca,"","",,Catalan,Xavier Béjar,2013-05-29T16:52:27Z
82865,abellera becada,ca,"","",,Catalan,Xavier Béjar,2013-05-29T16:56:49Z
81895,Magraneta borda,ca,"","",,Catalan,Xavier Béjar,2013-05-29T17:05:26Z
26904,Serp llisa septentrional,ca,"Cataluña, ES","",,Catalan,Xavier Béjar,2013-06-14T22:54:54Z
201835,Nigritel·la,ca,"","",,Catalan,Xavier Béjar,2013-06-14T23:04:15Z
131610,Caputxina olorosa,ca,"","",,Catalan,Xavier Béjar,2013-06-14T23:09:04Z
129834,Curraià vermell,ca,"","",,Catalan,Xavier Béjar,2013-06-22T16:43:42Z
147182,Orquis hircí,ca,"","",,Catalan,Xavier Béjar,2013-06-22T16:51:19Z
39976,Tortuga de rierol,ca,"Cataluña, ES","",,Catalan,Xavier Béjar,2013-08-17T17:34:32Z
37213,Bívia,ca,"","",,Catalan,Xavier Béjar,2013-09-21T15:28:36Z
47347,Vaqueta,ca,"","",,Catalan,Xavier Béjar,2013-09-21T15:32:51Z
47347,Rossinyol,ca,"","",,Catalan,Xavier Béjar,2013-09-21T15:33:11Z
73823,Serp verd-i-groga,ca,"Cataluña, ES","",,Catalan,Lluís Comas,2013-11-20T18:00:55Z
52669,falguera femella,ca,"","",,Catalan,Xavier Béjar,2013-11-23T11:46:21Z
30929,Escurçó pirinenc,ca,"Cataluña, ES","",,Catalan,Xavier Béjar,2013-12-06T23:49:56Z
53856,grèvol,ca,"Cataluña, ES","",,Catalan,Xavier Béjar,2013-12-07T00:22:57Z
55847,Boneter,ca,"","",,Catalan,Xavier Béjar,2014-01-01T05:06:10Z
59986,Monòtropa,ca,"","",,Catalan,Xavier Béjar,2014-01-24T08:43:55Z
26910,Serp llisa septentrional,ca,"","",,Catalan,Xavier Béjar,2014-01-24T08:51:44Z
244538,fenc bord,ca,"","",,Catalan,Xavier Béjar,2014-01-24T08:56:29Z
53083,gnafali grogenc,ca,"","",,Catalan,Xavier Béjar,2014-01-24T09:00:31Z
341043,epipactis de mueller,ca,"","",,Catalan,Xavier Béjar,2014-01-24T09:07:13Z
35516,sargantaner petit,ca,"Cataluña, ES","",,Catalan,Xavier Béjar,2014-03-25T14:31:35Z
163950,Jusquiam blanc,ca,"","",,Catalan,Xavier Béjar,2014-03-25T16:07:35Z
82673,estepa blanca,ca,"","",,Catalan,Xavier Béjar,2014-03-26T08:21:12Z
127312,escorpí groc,ca,"","",,Catalan,Xavier Béjar,2014-03-26T08:50:17Z
132759,margalló,ca,"Cataluña, ES","",,Catalan,Xavier Béjar,2014-03-27T11:55:30Z
13858,pardal,ca,"Cataluña, ES","",,Catalan,Xavier Béjar,2014-03-27T12:02:38Z
82742,garrofer,ca,"","",,Catalan,Xavier Béjar,2014-03-27T12:11:30Z
52565,malví,ca,"","",,Catalan,Xavier Béjar,2014-03-29T21:01:12Z
208322,nevadeta,ca,"","",,Catalan,Xavier Béjar,2014-03-31T19:50:22Z
208322,herba sanguina,ca,"","",,Catalan,Xavier Béjar,2014-03-31T19:51:11Z
208322,arracada,ca,"","",,Catalan,Xavier Béjar,2014-03-31T19:52:20Z
208322,cotonet,ca,"","",,Catalan,Xavier Béjar,2014-03-31T19:54:52Z
33602,Dragó,ca,"Cataluña, ES","",,Catalan,Xavier Béjar,2014-04-23T20:28:40Z
73702,colobreta cega,ca,"","",,Catalan,Xavier Béjar,2014-04-25T07:58:05Z
73702,serpeta cega,ca,"Cataluña, ES","",,Catalan,Xavier Béjar,2014-04-25T08:04:28Z
53169,agret,ca,"","",,Catalan,Xavier Béjar,2014-04-26T09:03:42Z
110001,Dot,ca,"","",http://www.catalogueoflife.org/annual-checklist/2012/details/species/id/10070660/common/256565,Catalan,Victor HOYEAU,2014-05-06T20:59:45Z
52313,Dot,ca,"","",http://www.catalogueoflife.org/annual-checklist/2012/details/species/id/10085340/common/105570,Catalan,Victor HOYEAU,2014-05-06T20:59:45Z
123268,Dot,ca,"","",http://www.catalogueoflife.org/annual-checklist/2012/details/species/id/10085341/common/105468,Catalan,,2014-05-06T20:59:45Z
26888,serp rosa,ca,"","",,Catalan,Xavier Béjar,2014-05-29T23:07:57Z
26888,serp llisa meridional,ca,"Cataluña, ES","",,Catalan,Xavier Béjar,2014-05-29T23:08:43Z
128167,peònia de muntanya,ca,"","",,Catalan,Xavier Béjar,2014-05-29T23:20:33Z
209637,lluqueta de roca,ca,"","",,Catalan,Xavier Béjar,2014-05-29T23:23:48Z
55990,Sargantana Roquera,ca,"","",,Catalan,Xavier Béjar,2014-05-29T23:25:49Z
209629,antil·lis de muntanya,ca,"","",,Catalan,Xavier Béjar,2014-05-29T23:30:01Z
130717,valeriana muntanyenca,ca,"","",,Catalan,Xavier Béjar,2014-05-29T23:30:53Z
82954,escrofulària de ca,ca,"","",,Catalan,Xavier Béjar,2014-05-29T23:32:51Z
56152,all d'ós,ca,"","",,Catalan,Xavier Béjar,2014-06-06T11:47:12Z
132603,pastorella,ca,"","",,Catalan,Xavier Béjar,2014-06-06T11:54:24Z
57630,orquis maculat,ca,"","",,Catalan,Xavier Béjar,2014-06-06T13:35:43Z
60885,orquis sambucí,ca,"","",,Catalan,Xavier Béjar,2014-06-09T12:34:15Z
358403,almesquí,ca,"","",,Catalan,Xavier Béjar,2014-06-09T12:49:19Z
127391,lloreret,ca,"","",,Catalan,Xavier Béjar,2014-06-09T13:12:03Z
133034,tintorell,ca,"","",,Catalan,Xavier Béjar,2014-06-09T13:15:07Z
328040,argelaga,ca,"","",,Catalan,Xavier Béjar,2014-06-09T13:38:25Z
56133,roure pènol,ca,"","",,Catalan,Xavier Béjar,2014-06-09T13:43:29Z
52287,Borraina,ca,"Cataluña, ES","",,Catalan,Pau fortuño estrada,2014-06-14T17:30:44Z
55761,escarabat del marcòlic,ca,"","",,Catalan,Xavier Béjar,2014-06-23T14:20:53Z
85027,marcòlic,ca,"","",,Catalan,Xavier Béjar,2014-06-23T14:28:17Z
63935,noguera,ca,"","",,Catalan,Xavier Béjar,2014-06-24T22:22:26Z
167911,cirerola,ca,"","",,Catalan,Xavier Béjar,2014-06-28T16:54:02Z
339480,abellera de la passió,ca,"","",,Catalan,Xavier Béjar,2014-06-28T17:09:29Z
132621,orquídia mascle,ca,"","",,Catalan,Xavier Béjar,2014-06-28T17:47:56Z
118240,camasec,ca,"","",,Catalan,Xavier Béjar,2014-07-18T23:04:49Z
55925,herba de Sant Robert,ca,"","",,Catalan,Xavier Béjar,2014-07-18T23:23:24Z
73972,llangardaix comú,ca,"Cataluña, ES","",,Catalan,Xavier Béjar,2014-07-20T00:38:40Z
29449,serp verda,ca,"Cataluña, ES","",,Catalan,Xavier Béjar,2014-07-20T05:04:46Z
129020,verònica oficinal,ca,"","",,Catalan,Xavier Béjar,2014-07-26T10:46:17Z
165927,ornitògal pirinenc,ca,"","",,Catalan,Xavier Béjar,2014-07-26T11:24:19Z
83816,abellera,ca,"","",,Catalan,Xavier Béjar,2014-07-26T11:54:34Z
57629,platantera bifòlia,ca,"","",,Catalan,Xavier Béjar,2014-07-26T18:04:07Z
59322,flor de l'home penjat,ca,"","",,Catalan,Xavier Béjar,2014-07-26T18:15:47Z
53075,gerani de fulla retallada,ca,"","",,Catalan,Xavier Béjar,2014-07-28T14:51:08Z
363107,capferrat,ca,"","",,Catalan,Xavier Béjar,2014-07-28T14:56:49Z
119805,olivereta,ca,"","",,Catalan,Xavier Béjar,2014-07-28T15:10:18Z
209319,orquis gros,ca,"","",,Catalan,Xavier Béjar,2014-07-28T15:13:11Z
74009,serp d'esculapi,ca,"Cataluña, ES","",,Catalan,Xavier Béjar,2014-07-28T21:57:22Z
164283,jonc obtusiflor,ca,"","",,Catalan,Xavier Béjar,2014-07-28T22:00:04Z
61321,salicària,ca,"","",,Catalan,Xavier Béjar,2014-07-29T17:59:45Z
42134,porc senglar,ca,"Cataluña, ES","",,Catalan,Xavier Béjar,2014-08-01T19:02:17Z
56534,guita de bruixa,ca,"","",,Catalan,Jakob Fahr,2014-08-01T19:02:53Z
42134,senglar,ca,"","",,Catalan,Xavier Béjar,2014-08-01T19:03:06Z
55972,fràngula,ca,"","",,Catalan,Xavier Béjar,2014-08-14T01:25:51Z
60316,boga de fulla estreta,ca,"","",,Catalan,Xavier Béjar,2014-08-14T01:40:11Z
61116,espargani erecte,ca,"","",,Catalan,Xavier Béjar,2014-08-15T22:51:10Z
56236,herba de Santa Margarida,ca,"","",,Catalan,Xavier Béjar,2014-08-17T17:55:12Z
60362,gerani nodós,ca,"","",,Catalan,Xavier Béjar,2014-08-17T18:23:45Z
59029,trepó joanal,ca,"","",,Catalan,Xavier Béjar,2014-08-24T22:10:27Z
164269,jonquina,ca,"","",,Catalan,Xavier Béjar,2014-08-24T22:21:35Z
209304,cerverina,ca,"","",,Catalan,Xavier Béjar,2014-08-24T22:39:31Z
55729,guixera borda,ca,"","",,Catalan,Xavier Béjar,2014-08-30T11:55:22Z
29351,Serp d'Aigua,ca,"","",,Catalan,Xavier Béjar,2014-08-30T12:00:39Z
78334,lliri de mar,ca,"","",,Catalan,Xavier Béjar,2014-08-31T10:12:58Z
78334,lliri de platja,ca,"","",,Catalan,Xavier Béjar,2014-08-31T10:13:00Z
55717,camedris,ca,"","",,Catalan,Xavier Béjar,2014-08-31T10:17:44Z
71212,Tortuga Mediterrània,ca,"","",,Catalan,Xavier Béjar,2014-09-17T06:52:56Z
40023,tortuga mora,ca,"","",,Catalan,Xavier Béjar,2014-09-17T07:01:57Z
343021,nina,ca,"","",,Catalan,Xavier Béjar,2014-09-20T21:26:47Z
343021,serp de vidre,ca,"Cataluña, ES","",,Catalan,Xavier Béjar,2014-09-20T21:27:19Z
82881,Freixe de fulla petita,ca,"","",,Catalan,jorditb,2014-10-04T17:13:58Z
76363,Estepa negra,ca,"","",,Catalan,jorditb,2014-10-04T17:25:27Z
130081,Morrut de les Palmeres,ca,"","",,Catalan,jorditb,2014-10-04T17:27:00Z
170271,Aloc,ca,"","",,Catalan,jorditb,2014-10-04T17:29:37Z
13770,Bec de corall senegalès,ca,"Cataluña, ES","",,Catalan,jorditb,2014-10-04T17:30:31Z
76365,Estepa borrera,ca,"","",,Catalan,jorditb,2014-10-04T17:31:46Z
204533,Gavià argentat de potes roses,ca,"Cataluña, ES","",,Catalan,jorditb,2014-10-04T17:34:22Z
61968,Bernat vermell,ca,"","",,Catalan,jorditb,2014-10-04T17:34:53Z
82600,Llentiscle,ca,"","",,Catalan,jorditb,2014-10-04T17:35:35Z
82600,Mata,ca,"","",,Catalan,jorditb,2014-10-04T17:35:48Z
4381,Gavià fosc,ca,"","",,Catalan,jorditb,2014-10-04T17:36:39Z
42184,Cabirol,ca,"Cataluña, ES","",,Catalan,jorditb,2014-10-04T17:38:17Z
20244,Xot,ca,"Cataluña, ES","",,Catalan,jorditb,2014-10-04T17:38:57Z
61475,All blanc,ca,"","",,Catalan,jorditb,2014-10-04T17:40:20Z
48599,Raïm de moro,ca,"","",,Catalan,jorditb,2014-10-07T07:56:09Z
84517,epilobi hirsut,ca,"","",,Catalan,Xavier Béjar,2014-10-09T19:48:54Z
42350,cabra salvatge ibèrica,ca,"Cataluña, ES","",,Catalan,Xavier Béjar,2014-10-09T21:08:38Z
125848,reboll,ca,"","",,Catalan,Xavier Béjar,2014-10-09T21:17:22Z
125848,roure reboll,ca,"","",,Catalan,Xavier Béjar,2014-10-09T21:17:24Z
24480,granota pintada ibèrica,ca,"","",,Catalan,Xavier Béjar,2014-10-11T21:54:48Z
82723,pinastre,ca,"","",,Catalan,Xavier Béjar,2014-10-11T22:05:49Z
25316,gripauet ibèric,ca,"","",,Catalan,Xavier Béjar,2014-10-12T06:08:05Z
355675,Vertebrats,ca,"Cataluña, ES","",,Catalan,Xavier Béjar,2014-10-15T12:45:03Z
20978,Amfibis,ca,"Cataluña, ES","",,Catalan,Xavier Béjar,2014-10-15T12:45:20Z
9195,Verderola,ca,"Cataluña, ES","",,Catalan,jorditb,2014-10-22T10:59:11Z
127079,polipodi,ca,"","",,Catalan,Xavier Béjar,2014-10-23T21:56:43Z
82619,Fraret,ca,"","",,Catalan,jorditb,2014-10-28T14:22:58Z
82598,Auró negre,ca,"","",,Catalan,jorditb,2014-11-04T18:20:05Z
63621,pi pinyer,ca,"","",,Catalan,Xavier Béjar,2014-11-05T16:49:25Z
109631,Rèmol de riu,ca,"","",,Catalan,jorditb,2014-11-12T14:40:08Z
19349,Cotorreta de pit gris,ca,"Cataluña, ES","",,Catalan,jorditb,2014-11-20T15:15:08Z
54227,faig,ca,"","",,Catalan,Xavier Béjar,2014-11-23T15:39:44Z
204472,Aligot comú,ca,"Cataluña, ES","",,Catalan,xavier vilaró,2014-11-28T02:30:58Z
12038,Escorxador,ca,"Cataluña, ES","",,Catalan,jorditb,2014-12-02T15:55:54Z
117016,Mosquiter comú,ca,"Cataluña, ES","",,Catalan,jorditb,2014-12-02T16:18:01Z
58722,pi roig,ca,"","",,Catalan,Xavier Béjar,2014-12-03T22:44:11Z
56193,auró blanc,ca,"","",,Catalan,Xavier Béjar,2014-12-03T22:46:48Z
58725,ginebró,ca,"","",,Catalan,Xavier Béjar,2014-12-03T22:49:10Z
129282,Espinavessa,ca,"","",,Catalan,jorditb,2014-12-04T11:39:27Z
27726,Salamandra,ca,"Cataluña, ES","",,Catalan,Xavier Béjar,2014-12-06T20:39:51Z
64103,Atzavara,ca,"Cataluña, ES","",,Catalan,xavier vilaró,2014-12-11T16:12:24Z
7278,mallerenga cuallarga o senyoreta,ca,"","",,Catalan,xavier vilaró,2014-12-17T01:10:02Z
117097,Bruel,ca,"Cataluña, ES","",,Catalan,xavier vilaró,2014-12-17T01:21:21Z
82946,carrasca,ca,"","",,Catalan,Xavier Béjar,2014-12-25T14:55:10Z
82946,alzina,ca,"","",,Catalan,Xavier Béjar,2014-12-25T14:55:10Z
41,Grua,ca,"Cataluña, ES","",,Catalan,jorditb,2015-02-28T21:49:19Z
15282,Tallarol de casquet,ca,"Cataluña, ES","",,Catalan,jorditb,2015-03-22T10:11:09Z
204321,gatassa,ca,"","",,Catalan,Xavier Béjar,2015-03-27T01:34:01Z
55505,Vitrac,ca,"","",,Catalan,jorditb,2015-04-06T20:24:32Z
244095,joliu,ca,"","",,Catalan,Xavier Béjar,2015-04-23T09:42:47Z
346983,canuguera,ca,"","",,Catalan,Xavier Béjar,2015-04-23T09:45:01Z
341154,lístera ovada,ca,"","",,Catalan,Xavier Béjar,2015-04-23T10:35:43Z
54491,avellaner,ca,"","",,Catalan,Xavier Béjar,2015-04-23T10:38:17Z
61769,esquamària,ca,"","",,Catalan,Xavier Béjar,2015-04-23T10:39:16Z
133397,boix,ca,"","",,Catalan,Xavier Béjar,2015-04-23T10:43:40Z
132627,creuera,ca,"","",,Catalan,Xavier Béjar,2015-04-23T10:45:39Z
335886,ranuncle graminoide,ca,"","",,Catalan,Xavier Béjar,2015-04-23T10:49:06Z
209642,sanguinària,ca,"","",,Catalan,Xavier Béjar,2015-04-23T10:50:51Z
209436,corona de rei,ca,"","",,Catalan,Xavier Béjar,2015-04-23T10:53:18Z
69624,pa de cucut de bosc,ca,"","",,Catalan,Xavier Béjar,2015-04-23T10:54:32Z
124137,saxífraga granulosa,ca,"","",,Catalan,Xavier Béjar,2015-04-23T11:16:05Z
461238,herba del nord,ca,"","",,Catalan,Xavier Béjar,2015-04-23T11:17:01Z
334304,turrita,ca,"","",,Catalan,Xavier Béjar,2015-04-23T11:18:20Z
11901,Oreneta vulgar,ca,"Cataluña, ES","",,Catalan,jorditb,2015-05-18T14:25:23Z
204456,Balquer,ca,"","",,Catalan,jorditb,2015-05-18T14:26:41Z
4994,Martinet ros,ca,"Cataluña, ES","",,Catalan,jorditb,2015-05-18T14:27:21Z
56530,Papallona de la Calavera,ca,"","",,Catalan,jorditb,2015-05-26T09:18:27Z
56293,Bufaforats,ca,"","",,Catalan,jorditb,2015-05-28T13:57:58Z
57516,Borinot,ca,"","",,Catalan,jorditb,2015-06-03T15:40:04Z
57516,Abellot,ca,"","",,Catalan,jorditb,2015-06-03T15:40:21Z
47406,Ginesta,ca,"","",,Catalan,jorditb,2015-06-03T16:33:20Z
77279,Cascall marí,ca,"","",,Catalan,jorditb,2015-06-11T15:07:59Z
48548,Migradora dels cards,ca,"","",,Catalan,jorditb,2015-06-11T15:10:15Z
207716,Marcòlic groc,ca,"","",,Catalan,jorditb,2015-06-21T17:11:08Z
82871,aladern de fulla estreta,ca,"","",,Catalan,Xavier Béjar,2015-06-24T12:00:20Z
35430,sargantana cua-roja,ca,"Cataluña, ES","",,Catalan,Xavier Béjar,2015-06-24T18:05:47Z
341169,ginesta de flor blanca,ca,"","",,Catalan,Xavier Béjar,2015-06-24T18:08:37Z
134693,gripau comú,ca,"Cataluña, ES","",,Catalan,Xavier Béjar,2015-06-25T16:35:26Z
134693,calàpet,ca,"","",,Catalan,Xavier Béjar,2015-06-25T16:35:42Z
134693,galàpet,ca,"","",,Catalan,Xavier Béjar,2015-06-25T16:35:55Z
37213,Lludrió llistat,ca,"Cataluña, ES","",,Catalan,Xavier Béjar,2015-06-27T23:14:32Z
47144,Gos,ca,"","",,Catalan,Eduardo Martínez,2015-07-03T16:30:06Z
341797,fredolic,ca,"","",,Catalan,Xavier Béjar,2015-07-07T01:57:13Z
341797,negritu,ca,"","",,Catalan,Xavier Béjar,2015-07-07T01:57:29Z
155197,pinetell,ca,"","",,Catalan,Xavier Béjar,2015-07-07T01:57:52Z
155197,rovelló,ca,"","",,Catalan,Xavier Béjar,2015-07-07T01:59:18Z
198885,corner,ca,"","",,Catalan,Xavier Béjar,2015-07-12T12:07:13Z
48969,gatets,ca,"","",,Catalan,Xavier Béjar,2015-07-12T14:10:46Z
48969,gossets,ca,"","",,Catalan,Xavier Béjar,2015-07-12T14:10:53Z
48969,gossos,ca,"","",,Catalan,Xavier Béjar,2015-07-12T14:11:06Z
435449,all pirinenc,ca,"","",,Catalan,Xavier Béjar,2015-07-12T16:54:57Z
209584,viola d'aigua,ca,"","",,Catalan,Xavier Béjar,2015-07-12T17:11:13Z
325579,viola d'aigua,ca,"","",,Catalan,Xavier Béjar,2015-07-12T17:11:30Z
52913,xicoira,ca,"","",,Catalan,Xavier Béjar,2015-07-12T17:21:50Z
61964,cirer,ca,"","",,Catalan,Xavier Béjar,2015-07-12T17:40:46Z
61964,cirerer,ca,"","",,Catalan,Xavier Béjar,2015-07-12T17:40:56Z
133492,Orquis magenc,ca,"","",,Catalan,Xavier Béjar,2015-07-12T23:56:43Z
82159,Orquis maculat,ca,"","",,Catalan,Xavier Béjar,2015-07-12T23:59:41Z
69626,Crisospleni,ca,"","",,Catalan,Xavier Béjar,2015-07-13T00:04:37Z
60837,Orquis cremat,ca,"","",,Catalan,Xavier Béjar,2015-07-13T00:16:06Z
55749,Verònica serpil·lifòlia,ca,"","",,Catalan,Xavier Béjar,2015-07-15T21:46:51Z
128599,Orquis verd,ca,"","",,Catalan,Xavier Béjar,2015-07-15T21:49:29Z
209349,Àrnica,ca,"","",,Catalan,Xavier Béjar,2015-07-15T22:31:01Z
209349,Herba de cop,ca,"","",,Catalan,Xavier Béjar,2015-07-15T22:32:07Z
209349,Tabac de muntanya,ca,"","",,Catalan,Xavier Béjar,2015-07-15T22:32:42Z
59552,Rovell d'ou,ca,"","",,Catalan,Xavier Béjar,2015-07-15T22:35:01Z
56224,Herba del mal d'ulls,ca,"","",,Catalan,Xavier Béjar,2015-07-15T22:37:11Z
2,Cordats,ca,"Cataluña, ES","",,Catalan,Eduardo Martínez,2015-08-06T21:59:43Z
3,Aus,ca,"Cataluña, ES","",,Catalan,Eduardo Martínez,2015-08-06T22:02:35Z
13547,Mallerengues,ca,"","",,Catalan,Eduardo Martínez,2015-08-06T22:07:41Z
144849,Mallerenga blava,ca,"Cataluña, ES","",,Catalan,Eduardo Martínez,2015-08-06T22:08:41Z
144830,Mallerenga emplomallada,ca,"Cataluña, ES","",,Catalan,Eduardo Martínez,2015-08-06T22:09:52Z
203153,Mallerenga carbonera,ca,"Cataluña, ES","",,Catalan,Eduardo Martínez,2015-08-06T22:11:57Z
53911,Carpa,ca,"Cataluña, ES","",,Catalan,Eduardo Martínez,2015-08-09T20:55:08Z
113003,Bagra,ca,"Cataluña, ES","",,Catalan,Eduardo Martínez,2015-08-09T21:00:01Z
19339,Periquito,ca,"Cataluña, ES","",,Catalan,Eduardo Martínez,2015-08-10T17:30:14Z
57278,ailant,ca,"Cataluña, ES","",,Catalan,Eduardo Martínez,2015-08-10T17:32:58Z
56077,pericó,ca,"Cataluña, ES","",,Catalan,Eduardo Martínez,2015-08-11T17:43:44Z
84889,morella roquera,ca,"Cataluña, ES","",,Catalan,Eduardo Martínez,2015-08-11T17:54:15Z
76202,lledoner,ca,"Cataluña, ES","",,Catalan,Eduardo Martínez,2015-08-11T17:57:23Z
57283,andianeta,ca,"Cataluña, ES","",,Catalan,Eduardo Martínez,2015-08-11T18:00:12Z
9236,Gafarró,ca,"Cataluña, ES","",,Catalan,Eduardo Martínez,2015-08-12T18:50:47Z
13695,Cuereta blanca,ca,"Cataluña, ES","",,Catalan,Eduardo Martínez,2015-08-12T18:52:38Z
20445,Òliba,ca,"Cataluña, ES","",,Catalan,Eduardo Martínez,2015-08-12T18:52:58Z
201192,Bitxac comú,ca,"Cataluña, ES","",,Catalan,Eduardo Martínez,2015-08-12T18:56:55Z
19998,Mussol,ca,"Cataluña, ES","",,Catalan,Eduardo Martínez,2015-08-12T18:58:40Z
13000,Cotxa fumada,ca,"Cataluña, ES","",,Catalan,Eduardo Martínez,2015-08-12T18:59:46Z
3048,Tudó,ca,"Cataluña, ES","",,Catalan,Eduardo Martínez,2015-08-12T19:00:59Z
8088,Gaig,ca,"Cataluña, ES","",,Catalan,Eduardo Martínez,2015-08-12T19:02:39Z
13141,Merla blava,ca,"Cataluña, ES","",,Catalan,Eduardo Martínez,2015-08-12T19:03:32Z
6930,Ànec collverd,ca,"Cataluña, ES","",,Catalan,Eduardo Martínez,2015-08-12T19:04:45Z
14850,Estornell vulgar,ca,"Cataluña, ES","",,Catalan,Eduardo Martínez,2015-08-12T19:05:43Z
10070,Pinsà comú,ca,"Cataluña, ES","",,Catalan,Eduardo Martínez,2015-08-12T19:08:37Z
73222,Flamenc rosat,ca,"Cataluña, ES","",,Catalan,Eduardo Martínez,2015-08-12T19:11:21Z
2969,Tórtora turca,ca,"Cataluña, ES","",,Catalan,Eduardo Martínez,2015-08-12T19:12:57Z
5366,Voltor,ca,"Cataluña, ES","",,Catalan,Eduardo Martínez,2015-08-12T20:27:15Z
116799,Boscarla mostatxuda,ca,"Cataluña, ES","",,Catalan,Eduardo Martínez,2015-08-12T20:29:02Z
3017,Colom,ca,"Cataluña, ES","",,Catalan,Eduardo Martínez,2015-08-12T20:31:56Z
6638,Falciot negre,ca,"Cataluña, ES","",,Catalan,Eduardo Martínez,2015-08-12T20:35:23Z
116858,Rossinyol bord,ca,"Cataluña, ES","",,Catalan,Eduardo Martínez,2015-08-12T20:35:36Z
144455,Agró blanc,ca,"Cataluña, ES","",,Catalan,Eduardo Martínez,2015-08-12T20:59:45Z
82856,Aladern,ca,"Cataluña, ES","",,Catalan,Eduardo Martínez,2015-08-12T21:08:19Z
82903,Arítjol,ca,"Cataluña, ES","",,Catalan,Eduardo Martínez,2015-08-12T21:10:27Z
4208,Cabussó emplomallat,ca,"Cataluña, ES","",,Catalan,Eduardo Martínez,2015-08-12T21:14:29Z
7278,Mallerenga cuallarga,ca,"Cataluña, ES","",,Catalan,Eduardo Martínez,2015-08-12T21:33:27Z
82722,Pi Blanc,ca,"Cataluña, ES","",,Catalan,Eduardo Martínez,2015-08-13T13:43:49Z
2191,Abellerol,ca,"Cataluña, ES","",,Catalan,Eduardo Martínez,2015-08-13T13:44:44Z
7359,Cogullada fosca,ca,"Cataluña, ES","",,Catalan,Eduardo Martínez,2015-08-13T13:46:02Z
59202,Gavià Argentat,ca,"","",,Catalan,Eduardo Martínez,2015-08-13T13:49:06Z
42069,Guineu,ca,"Cataluña, ES","",,Catalan,Eduardo Martínez,2015-08-13T13:50:13Z
482,Fotja,ca,"Cataluña, ES","",,Catalan,Eduardo Martínez,2015-08-13T13:51:47Z
4270,Corb Marí Gros,ca,"","",,Catalan,Eduardo Martínez,2015-08-13T13:53:29Z
7067,Ànec blanc,ca,"Cataluña, ES","",,Catalan,Eduardo Martínez,2015-08-13T13:54:37Z
7363,Cotoliu,ca,"Cataluña, ES","",,Catalan,Eduardo Martínez,2015-08-13T13:56:07Z
64705,Oreneta cuablanca,ca,"Cataluña, ES","",,Catalan,Eduardo Martínez,2015-08-13T13:58:11Z
145360,Verdum,ca,"Cataluña, ES","",,Catalan,Eduardo Martínez,2015-08-13T13:59:04Z
144510,Gavina vulgar,ca,"Cataluña, ES","",,Catalan,Eduardo Martínez,2015-08-13T14:01:34Z
43151,Conill de Bosc,ca,"","",,Catalan,Eduardo Martínez,2015-08-13T14:01:43Z
201282,Polla d'aigua,ca,"Cataluña, ES","",,Catalan,Eduardo Martínez,2015-08-13T14:04:26Z
4835,Camallarga,ca,"Cataluña, ES","",,Catalan,Eduardo Martínez,2015-08-13T14:05:11Z
5267,Milà reial,ca,"Cataluña, ES","",,Catalan,Eduardo Martínez,2015-08-13T14:06:48Z
7018,Oca Vulgar,ca,"","",,Catalan,Eduardo Martínez,2015-08-13T14:08:43Z
17871,Picot garser gros,ca,"Cataluña, ES","",,Catalan,Eduardo Martínez,2015-08-13T14:14:43Z
35519,Sargantana cuallarga,ca,"Cataluña, ES","",,Catalan,Eduardo Martínez,2015-08-13T14:19:58Z
145291,Cruixidell,ca,"Cataluña, ES","",,Catalan,Eduardo Martínez,2015-08-13T14:23:03Z
46082,Marmota alpina,ca,"Cataluña, ES","",,Catalan,Eduardo Martínez,2015-08-13T14:24:51Z
7122,Xibec,ca,"Cataluña, ES","",,Catalan,Eduardo Martínez,2015-08-13T14:36:34Z
3879,Gamba roja,ca,"Cataluña, ES","",,Catalan,Eduardo Martínez,2015-08-13T14:39:19Z
4604,Perdiu de mar,ca,"Cataluña, ES","",,Catalan,Eduardo Martínez,2015-08-13T14:41:00Z
4883,Bec d'alena,ca,"Cataluña, ES","",,Catalan,Eduardo Martínez,2015-08-13T14:41:11Z
7347,Alosa,ca,"Cataluña, ES","",,Catalan,Eduardo Martínez,2015-08-13T14:43:03Z
7697,Trist,ca,"Cataluña, ES","",,Catalan,Eduardo Martínez,2015-08-13T14:43:11Z
12748,Tord comú,ca,"Cataluña, ES","",,Catalan,Eduardo Martínez,2015-08-13T14:44:00Z
35900,Llangardaix verd occidental,ca,"","",,Catalan,Eduardo Martínez,2015-08-13T14:47:27Z
2599,Blauet,ca,"Cataluña, ES","",,Catalan,Eduardo Martínez,2015-08-13T14:50:21Z
3878,Gamba verda,ca,"Cataluña, ES","",,Catalan,Eduardo Martínez,2015-08-13T14:51:39Z
3938,Remena-rocs,ca,"Cataluña, ES","",,Catalan,Eduardo Martínez,2015-08-13T14:53:35Z
4205,Cabussó collnegre,ca,"Cataluña, ES","",,Catalan,Eduardo Martínez,2015-08-13T14:54:34Z
4647,Falcó pelegrí,ca,"Cataluña, ES","",,Catalan,Eduardo Martínez,2015-08-13T14:56:22Z
4733,Cigonya blanca,ca,"Cataluña, ES","",,Catalan,Eduardo Martínez,2015-08-13T14:57:18Z
5074,Àguila daurada,ca,"Cataluña, ES","",,Catalan,Eduardo Martínez,2015-08-13T14:59:07Z
5173,Arpella,ca,"Cataluña, ES","",,Catalan,Eduardo Martínez,2015-08-13T14:59:11Z
7045,Morell cap-roig,ca,"Cataluña, ES","",,Catalan,Eduardo Martínez,2015-08-13T15:01:57Z
9192,Gratapalles,ca,"Cataluña, ES","",,Catalan,Eduardo Martínez,2015-08-13T15:03:07Z
13729,Titella,ca,"Cataluña, ES","",,Catalan,Eduardo Martínez,2015-08-13T15:04:04Z
14849,Estornell negre,ca,"Cataluña, ES","",,Catalan,Eduardo Martínez,2015-08-13T15:04:57Z
144522,Gavina corsa,ca,"Cataluña, ES","",,Catalan,Eduardo Martínez,2015-08-13T15:08:51Z
42346,Isard pirinenc,ca,"Cataluña, ES","",,Catalan,Eduardo Martínez,2015-08-13T15:11:51Z
34435,Dragó rosat,ca,"Cataluña, ES","",,Catalan,Eduardo Martínez,2015-08-13T15:12:38Z
3731,Becplaner,ca,"Cataluña, ES","",,Catalan,Eduardo Martínez,2015-08-13T15:16:36Z
3756,Capó reial,ca,"Cataluña, ES","",,Catalan,Eduardo Martínez,2015-08-13T15:18:05Z
204545,Cuereta groga,ca,"Cataluña, ES","",,Catalan,Eduardo Martínez,2015-08-13T15:21:37Z
1026,Gall fer,ca,"Cataluña, ES","",,Catalan,Eduardo Martínez,2015-08-13T15:23:45Z
1787,Cucut reial,ca,"Cataluña, ES","",,Catalan,Eduardo Martínez,2015-08-13T15:24:35Z
1907,Cucut,ca,"Cataluña, ES","",,Catalan,Eduardo Martínez,2015-08-13T15:25:35Z
3882,Gamba roja pintada,ca,"Cataluña, ES","",,Catalan,Eduardo Martínez,2015-08-13T15:26:36Z
3885,Xivita,ca,"Cataluña, ES","",,Catalan,Eduardo Martínez,2015-08-13T15:27:22Z
5242,Àguila marcenca,ca,"Cataluña, ES","",,Catalan,Eduardo Martínez,2015-08-13T15:29:39Z
5325,Aligot vesper,ca,"Cataluña, ES","",,Catalan,Eduardo Martínez,2015-08-13T15:31:23Z
6937,Xarxet comú,ca,"Cataluña, ES","",,Catalan,Eduardo Martínez,2015-08-13T15:32:22Z
7046,Morell de plomall,ca,"Cataluña, ES","",,Catalan,Eduardo Martínez,2015-08-13T15:33:17Z
9201,Repicatalons,ca,"Cataluña, ES","",,Catalan,Eduardo Martínez,2015-08-13T15:34:52Z
12822,Còlit gris,ca,"Cataluña, ES","",,Catalan,Eduardo Martínez,2015-08-13T15:36:51Z
13071,Cotxa blava,ca,"Cataluña, ES","",,Catalan,Eduardo Martínez,2015-08-13T15:37:44Z
144823,Mallerenga petita,ca,"Cataluña, ES","",,Catalan,Eduardo Martínez,2015-08-13T15:38:06Z
13688,Cuereta torrentera,ca,"Cataluña, ES","",,Catalan,Eduardo Martínez,2015-08-13T15:38:50Z
13712,Trobat,ca,"Cataluña, ES","",,Catalan,Eduardo Martínez,2015-08-13T15:56:06Z
13996,Cercavores,ca,"Cataluña, ES","",,Catalan,Eduardo Martínez,2015-08-13T16:06:14Z
18448,Colltort,ca,"Cataluña, ES","",,Catalan,Eduardo Martínez,2015-08-13T16:09:55Z
144517,Gavina capnegra,ca,"Cataluña, ES","",,Catalan,Eduardo Martínez,2015-08-13T16:09:59Z
117007,Mosquiter pàl·lid,ca,"Cataluña, ES","",,Catalan,Eduardo Martínez,2015-08-13T16:11:31Z
41800,Fagina,ca,"Cataluña, ES","",,Catalan,Eduardo Martínez,2015-08-13T16:12:46Z
46970,Talp,ca,"Cataluña, ES","",,Catalan,Eduardo Martínez,2015-08-13T16:14:21Z
4981,Martinet de nit,ca,"Cataluña, ES","",,Catalan,Eduardo Martínez,2015-08-13T16:18:51Z
318836,Becadell comú,ca,"Cataluña, ES","",,Catalan,Eduardo Martínez,2015-08-13T16:20:08Z
4843,Garsa de mar,ca,"Cataluña, ES","",,Catalan,Eduardo Martínez,2015-08-13T16:20:11Z
62984,Mosquit tigre,ca,"Cataluña, ES","",,Catalan,Eduardo Martínez,2015-08-13T16:22:38Z
4923,Torlit,ca,"Cataluña, ES","",,Catalan,Eduardo Martínez,2015-08-13T16:23:30Z
867,Perdiu roja,ca,"Cataluña, ES","",,Catalan,Eduardo Martínez,2015-08-13T16:25:13Z
949,Perdiu blanca,ca,"Cataluña, ES","",,Catalan,Eduardo Martínez,2015-08-13T16:26:05Z
981,Faisà vulgar,ca,"Cataluña, ES","",,Catalan,Eduardo Martínez,2015-08-13T16:26:18Z
2266,Gaig blau,ca,"Cataluña, ES","",,Catalan,Eduardo Martínez,2015-08-13T16:27:54Z
2938,Tórtora vulgar,ca,"Cataluña, ES","",,Catalan,Eduardo Martínez,2015-08-13T16:27:58Z
3838,Territ menut,ca,"Cataluña, ES","",,Catalan,Eduardo Martínez,2015-08-13T16:29:02Z
4736,Cigonya negra,ca,"Cataluña, ES","",,Catalan,Eduardo Martínez,2015-08-13T16:30:54Z
178,Polla pintada,ca,"Cataluña, ES","",,Catalan,Eduardo Martínez,2015-08-13T16:32:46Z
443,Guatlla maresa,ca,"Cataluña, ES","",,Catalan,Eduardo Martínez,2015-08-13T16:35:41Z
487,Fotja banyuda,ca,"Cataluña, ES","",,Catalan,Eduardo Martínez,2015-08-13T16:36:40Z
6619,Falciot cuablanc africà,ca,"Cataluña, ES","",,Catalan,Eduardo Martínez,2015-08-13T16:37:55Z
6643,Falciot pàl·lid,ca,"Cataluña, ES","",,Catalan,Eduardo Martínez,2015-08-13T16:38:45Z
804,Guatlla,ca,"Cataluña, ES","",,Catalan,Eduardo Martínez,2015-08-13T16:39:21Z
3837,Territ de Temminck,ca,"Cataluña, ES","",,Catalan,Eduardo Martínez,2015-08-13T16:40:58Z
3845,Territ gros,ca,"Cataluña, ES","",,Catalan,Eduardo Martínez,2015-08-13T16:41:42Z
9801,Durbec,ca,"Cataluña, ES","",,Catalan,Eduardo Martínez,2015-08-13T16:44:55Z
9639,Pinsà carminat,ca,"Cataluña, ES","",,Catalan,Eduardo Martínez,2015-08-13T16:44:50Z
145303,Lluer,ca,"Cataluña, ES","",,Catalan,Eduardo Martínez,2015-08-13T16:46:39Z
10411,Trencapinyes comú,ca,"Cataluña, ES","",,Catalan,Eduardo Martínez,2015-08-13T16:47:41Z
10069,Pinsà mec,ca,"Cataluña, ES","",,Catalan,Eduardo Martínez,2015-08-13T16:48:26Z
8029,Graula,ca,"Cataluña, ES","",,Catalan,Eduardo Martínez,2015-08-13T16:50:04Z
7462,Raspinell,ca,"Cataluña, ES","",,Catalan,Eduardo Martínez,2015-08-13T17:06:17Z
7416,Alosa becuda,ca,"Cataluña, ES","",,Catalan,Eduardo Martínez,2015-08-13T17:07:37Z
30924,Escurçó ibèric,ca,"Cataluña, ES","",,Catalan,Eduardo Martínez,2015-08-13T18:17:45Z
73821,Colobra de ferradura,ca,"Cataluña, ES","",,Catalan,Eduardo Martínez,2015-08-13T18:18:42Z
37239,Bívia ibèrica,ca,"Cataluña, ES","",,Catalan,Eduardo Martínez,2015-08-13T18:21:01Z
73828,Sargantana pirinenca,ca,"Cataluña, ES","",,Catalan,Eduardo Martínez,2015-08-13T18:22:25Z
35966,Sargantana pallaresa,ca,"Cataluña, ES","",,Catalan,Eduardo Martínez,2015-08-13T18:23:18Z
35965,Sargantana aranesa,ca,"Cataluña, ES","",,Catalan,Eduardo Martínez,2015-08-13T18:24:57Z
35912,Llangardaix pirinenc,ca,"Cataluña, ES","",,Catalan,Eduardo Martínez,2015-08-13T18:25:55Z
35453,Sargantana vivípara,ca,"Cataluña, ES","",,Catalan,Eduardo Martínez,2015-08-13T18:27:30Z
41641,Ós bru,ca,"Cataluña, ES","",,Catalan,Eduardo Martínez,2015-08-13T18:30:29Z
120809,Granota híbrida de Graf,ca,"Cataluña, ES","",,Catalan,Eduardo Martínez,2015-08-13T18:50:31Z
27832,Gandària,ca,"Cataluña, ES","",,Catalan,Eduardo Martínez,2015-08-13T18:57:19Z
17835,Picot negre,ca,"Cataluña, ES","",,Catalan,Eduardo Martínez,2015-08-13T18:59:41Z
20059,Duc,ca,"Cataluña, ES","",,Catalan,Eduardo Martínez,2015-08-13T19:01:48Z
20307,Mussol banyut,ca,"Cataluña, ES","",,Catalan,Eduardo Martínez,2015-08-13T19:05:03Z
20315,Mussol emigrant,ca,"Cataluña, ES","",,Catalan,Eduardo Martínez,2015-08-13T19:05:03Z
20359,Mussol pirinenc,ca,"Cataluña, ES","",,Catalan,Eduardo Martínez,2015-08-13T19:06:06Z
117078,Ganga,ca,"Cataluña, ES","",,Catalan,Eduardo Martínez,2015-08-13T19:06:55Z
117088,Xurra,ca,"Cataluña, ES","",,Catalan,Eduardo Martínez,2015-08-13T19:07:40Z
3033,Xixella,ca,"Cataluña, ES","",,Catalan,Eduardo Martínez,2015-08-13T19:08:31Z
831,Perdiu xerra,ca,"Cataluña, ES","",,Catalan,Eduardo Martínez,2015-08-13T19:10:14Z
3849,Territ de tres dits,ca,"Cataluña, ES","",,Catalan,Eduardo Martínez,2015-08-13T19:10:17Z
3856,Territ fosc,ca,"Cataluña, ES","",,Catalan,Eduardo Martínez,2015-08-13T19:11:46Z
3857,Territ variant,ca,"Cataluña, ES","",,Catalan,Eduardo Martínez,2015-08-13T21:14:35Z
3864,Territ menut canadenc,ca,"Cataluña, ES","",,Catalan,Eduardo Martínez,2015-08-13T21:15:20Z
3896,Becut,ca,"Cataluña, ES","",,Catalan,Eduardo Martínez,2015-08-13T21:16:55Z
3901,Polit cantaire,ca,"Cataluña, ES","",,Catalan,Eduardo Martínez,2015-08-13T21:17:21Z
3911,Becadell sord,ca,"Cataluña, ES","",,Catalan,Eduardo Martínez,2015-08-13T21:19:10Z
3931,Becada,ca,"Cataluña, ES","",,Catalan,Eduardo Martínez,2015-08-13T21:20:24Z
367562,Aratinga nandai,ca,"Cataluña, ES","",,Catalan,Eduardo Martínez,2015-08-14T13:52:26Z
3947,Tètol cuanegra,ca,"Cataluña, ES","",,Catalan,Eduardo Martínez,2015-08-14T13:53:10Z
3951,Tètol cuabarrat,ca,"Cataluña, ES","",,Catalan,Eduardo Martínez,2015-08-14T13:54:01Z
144497,Escuraflascons de Wilson,ca,"Cataluña, ES","",,Catalan,Eduardo Martínez,2015-08-14T13:55:58Z
3978,Xivitona vulgar,ca,"Cataluña, ES","",,Catalan,Eduardo Martínez,2015-08-14T13:56:09Z
144529,Xatrac menut,ca,"Cataluña, ES","",,Catalan,Eduardo Martínez,2015-08-14T13:57:05Z
144536,Curroc,ca,"Cataluña, ES","",,Catalan,Eduardo Martínez,2015-08-14T13:58:45Z
144541,Xatrac becllarg,ca,"Cataluña, ES","",,Catalan,Eduardo Martínez,2015-08-14T13:58:40Z
4450,Xatrac comú,ca,"Cataluña, ES","",,Catalan,Eduardo Martínez,2015-08-14T14:00:21Z
4512,Fumarell negre,ca,"Cataluña, ES","",,Catalan,Eduardo Martínez,2015-08-14T14:00:40Z
62148,Fumarell carablanc,ca,"Cataluña, ES","",,Catalan,Eduardo Martínez,2015-08-14T14:02:03Z
144501,Gavina capblanca,ca,"Cataluña, ES","",,Catalan,Eduardo Martínez,2015-08-14T14:02:56Z
144512,Gavina menuda,ca,"Cataluña, ES","",,Catalan,Eduardo Martínez,2015-08-14T14:04:12Z
4801,Corriol gros,ca,"Cataluña, ES","",,Catalan,Eduardo Martínez,2015-08-14T14:05:50Z
4889,Daurada grossa,ca,"Cataluña, ES","",,Catalan,Eduardo Martínez,2015-08-14T14:10:22Z
4892,Pigre gris,ca,"Cataluña, ES","",,Catalan,Eduardo Martínez,2015-08-14T14:12:01Z
144482,Torlit de l'Índia,ca,"Cataluña, ES","",,Catalan,Eduardo Martínez,2015-08-14T14:15:01Z
4504,Fraret atlàntic,ca,"Cataluña, ES","",,Catalan,Eduardo Martínez,2015-08-14T14:15:10Z
4540,Gran gavot,ca,"Cataluña, ES","",,Catalan,Eduardo Martínez,2015-08-14T14:16:42Z
4627,Calàbria petita,ca,"Cataluña, ES","",,Catalan,Eduardo Martínez,2015-08-14T14:18:24Z
4109,Baldriga mediterrània,ca,"Cataluña, ES","",,Catalan,Eduardo Martínez,2015-08-14T14:19:08Z
73315,Baldriga balear,ca,"Cataluña, ES","",,Catalan,Eduardo Martínez,2015-08-14T14:19:13Z
4170,Ocell de tempesta,ca,"Cataluña, ES","",,Catalan,Eduardo Martínez,2015-08-14T14:21:19Z
4943,Martinet Blanc,ca,"","",,Catalan,Eduardo Martínez,2015-08-14T14:22:58Z
4951,Agró roig,ca,"Cataluña, ES","",,Catalan,Eduardo Martínez,2015-08-14T14:24:00Z
5033,Bitó comú,ca,"Cataluña, ES","",,Catalan,Eduardo Martínez,2015-08-14T14:25:18Z
4641,Falcó cama-roig,ca,"Cataluña, ES","",,Catalan,Eduardo Martínez,2015-08-14T14:26:20Z
4643,Falcó mostatxut,ca,"Cataluña, ES","",,Catalan,Eduardo Martínez,2015-08-14T14:27:26Z
4672,Esmerla,ca,"Cataluña, ES","",,Catalan,Eduardo Martínez,2015-08-14T14:28:06Z
59845,Xoriguer petit,ca,"Cataluña, ES","",,Catalan,Eduardo Martínez,2015-08-14T14:29:01Z
19410,Enganyapastors,ca,"Cataluña, ES","",,Catalan,Eduardo Martínez,2015-08-14T14:29:45Z
19482,Siboc,ca,"Cataluña, ES","",,Catalan,Eduardo Martínez,2015-08-14T14:31:28Z
6921,Cigne mut,ca,"Cataluña, ES","",,Catalan,Eduardo Martínez,2015-08-14T14:31:36Z
6933,Ànec cuallarg,ca,"Cataluña, ES","",,Catalan,Eduardo Martínez,2015-08-14T14:33:02Z
6996,Bec de serra mitjà,ca,"Cataluña, ES","",,Catalan,Eduardo Martínez,2015-08-14T14:33:51Z
7055,Morell xocolater,ca,"Cataluña, ES","",,Catalan,Eduardo Martínez,2015-08-14T14:36:34Z
144467,Àguila cuabarrada,ca,"Cataluña, ES","",,Catalan,Eduardo Martínez,2015-08-14T14:37:56Z
5106,Esparver,ca,"Cataluña, ES","",,Catalan,Eduardo Martínez,2015-08-14T14:38:43Z
5154,Àguila calçada,ca,"Cataluña, ES","",,Catalan,Eduardo Martínez,2015-08-14T14:40:34Z
5167,Esparver cendrós,ca,"Cataluña, ES","",,Catalan,Eduardo Martínez,2015-08-14T14:40:52Z
5268,Milà negre,ca,"Cataluña, ES","",,Catalan,Eduardo Martínez,2015-08-14T14:42:58Z
5361,Aufrany,ca,"Cataluña, ES","",,Catalan,Eduardo Martínez,2015-08-14T14:44:45Z
5379,Trencalòs,ca,"Cataluña, ES","",,Catalan,Eduardo Martínez,2015-08-14T14:45:27Z
132,Sisó,ca,"Cataluña, ES","",,Catalan,Eduardo Martínez,2015-08-14T14:46:30Z
77,Pioc salvatge,ca,"Cataluña, ES","",,Catalan,Eduardo Martínez,2015-08-14T14:47:22Z
11941,Oreneta de ribera,ca,"Cataluña, ES","",,Catalan,Eduardo Martínez,2015-08-14T14:49:33Z
144788,Roquerol,ca,"Cataluña, ES","",,Catalan,Eduardo Martínez,2015-08-14T14:50:13Z
12021,Capsigrany bru,ca,"Cataluña, ES","",,Catalan,Eduardo Martínez,2015-08-14T14:51:32Z
12039,Capsigrany,ca,"Cataluña, ES","",,Catalan,Eduardo Martínez,2015-08-14T14:53:42Z
12054,Trenca,ca,"Cataluña, ES","",,Catalan,Eduardo Martínez,2015-08-14T14:54:23Z
12825,Còlit ros,ca,"Cataluña, ES","",,Catalan,Eduardo Martínez,2015-08-14T14:55:39Z
12838,Còlit negre,ca,"Cataluña, ES","",,Catalan,Eduardo Martínez,2015-08-14T14:57:05Z
12908,Bitxac rogenc,ca,"Cataluña, ES","",,Catalan,Eduardo Martínez,2015-08-14T14:58:04Z
55371,Bitxac africà,ca,"","",,Catalan,Eduardo Martínez,2015-08-14T15:02:35Z
12971,Papamosques gris,ca,"Cataluña, ES","",,Catalan,Eduardo Martínez,2015-08-14T15:03:52Z
12992,Cotxa cua-roja,ca,"Cataluña, ES","",,Catalan,Eduardo Martínez,2015-08-14T15:04:34Z
13079,Rossinyol,ca,"Cataluña, ES","",,Catalan,Eduardo Martínez,2015-08-14T15:11:02Z
13113,Papamosques menut,ca,"Cataluña, ES","",,Catalan,Eduardo Martínez,2015-08-14T15:12:38Z
13140,Merla roquera,ca,"Cataluña, ES","",,Catalan,Eduardo Martínez,2015-08-14T15:12:30Z
144809,Mallerenga d'aigua,ca,"Cataluña, ES","",,Catalan,Eduardo Martínez,2015-08-14T15:13:12Z
13854,Pardal de passa,ca,"Cataluña, ES","",,Catalan,Eduardo Martínez,2015-08-14T15:14:03Z
14076,Pardal roquer,ca,"Cataluña, ES","",,Catalan,Eduardo Martínez,2015-08-14T15:14:44Z
14824,Pica-soques blau,ca,"Cataluña, ES","",,Catalan,Eduardo Martínez,2015-08-14T15:15:24Z
15302,Tallarol gros,ca,"Cataluña, ES","",,Catalan,Eduardo Martínez,2015-08-14T15:20:28Z
12707,Griva cerdana,ca,"Cataluña, ES","",,Catalan,Eduardo Martínez,2015-08-14T15:23:16Z
12735,Griva,ca,"Cataluña, ES","",,Catalan,Eduardo Martínez,2015-08-14T15:23:10Z
12740,Merla de pit blanc,ca,"Cataluña, ES","",,Catalan,Eduardo Martínez,2015-08-14T15:24:44Z
12749,Tord ala-roig,ca,"Cataluña, ES","",,Catalan,Eduardo Martínez,2015-08-14T15:24:34Z
117000,Mallerenga de bigotis,ca,"Cataluña, ES","",,Catalan,Eduardo Martínez,2015-08-14T15:25:15Z
14840,Pela-roques,ca,"Cataluña, ES","",,Catalan,Eduardo Martínez,2015-08-14T15:26:33Z
117028,Mosquter de doble ratlla,ca,"Cataluña, ES","",,Catalan,Eduardo Martínez,2015-08-14T15:27:21Z
117048,Mosquiter xiulaire,ca,"Cataluña, ES","",,Catalan,Eduardo Martínez,2015-08-14T15:28:58Z
117055,Mosquiter de passa,ca,"Cataluña, ES","",,Catalan,Eduardo Martínez,2015-08-14T15:30:39Z
116923,Bosqueta vulgar,ca,"Cataluña, ES","",,Catalan,Eduardo Martínez,2015-08-14T15:30:36Z
201180,Bosqueta pàl·lida oriental,ca,"Cataluña, ES","",,Catalan,Eduardo Martínez,2015-08-14T15:31:36Z
201181,Bosqueta pàl·lida occidental,ca,"Cataluña, ES","",,Catalan,Eduardo Martínez,2015-08-14T15:32:28Z
117181,Boscarla d'aigua,ca,"Cataluña, ES","",,Catalan,Eduardo Martínez,2015-08-14T15:33:19Z
116940,Boscaler comú,ca,"Cataluña, ES","",,Catalan,Eduardo Martínez,2015-08-14T15:34:22Z
9193,Sit negre,ca,"Cataluña, ES","",,Catalan,Eduardo Martínez,2015-08-14T15:35:11Z
7647,Merla d'aigua,ca,"Cataluña, ES","",,Catalan,Eduardo Martínez,2015-08-14T20:19:36Z
7450,Raspinell pirinenc,ca,"Cataluña, ES","",,Catalan,Eduardo Martínez,2015-08-14T20:20:24Z
13959,Múnia roig,ca,"Cataluña, ES","",,Catalan,Eduardo Martínez,2015-08-14T21:50:22Z
13711,Piula dels arbres,ca,"Cataluña, ES","",,Catalan,Eduardo Martínez,2015-08-14T21:51:11Z
13713,Grasset de muntanya,ca,"Cataluña, ES","",,Catalan,Eduardo Martínez,2015-08-14T21:52:06Z
204556,Oriol,ca,"Cataluña, ES","",,Catalan,Eduardo Martínez,2015-08-14T21:52:49Z
13988,Pardal de bardissa,ca,"Cataluña, ES","",,Catalan,Eduardo Martínez,2015-08-14T21:53:44Z
13676,Teixidor,ca,"Cataluña, ES","",,Catalan,Eduardo Martínez,2015-08-14T21:54:54Z
7367,Calàndria,ca,"Cataluña, ES","",,Catalan,Eduardo Martínez,2015-08-14T21:55:42Z
50867,Aranya vespa,ca,"","",,Catalan,jorditb,2015-08-15T14:26:25Z
472766,Xoriguer,ca,"Cataluña, ES","",,Catalan,James Bailey,2015-08-23T23:04:30Z
320711,Baldriga cendrosa,ca,"","",,Catalan,Eduardo Martínez,2015-08-25T17:10:57Z
245736,genciana campestre,ca,"","",,Catalan,Xavier Béjar,2015-08-28T21:34:48Z
64714,nabinera alpina,ca,"","",,Catalan,Xavier Béjar,2015-08-28T21:44:17Z
64714,nabinera negra,ca,"","",,Catalan,Xavier Béjar,2015-08-28T21:46:47Z
136989,Selaginel·la de muntanya,ca,"","",,Catalan,Xavier Béjar,2015-08-28T22:20:04Z
466076,all colombí,ca,"","",,Catalan,Xavier Béjar,2015-08-28T23:04:51Z
75608,falzia prima,ca,"","",,Catalan,Xavier Béjar,2015-08-28T23:10:45Z
473024,arnall,ca,"","",,Catalan,Xavier Béjar,2015-08-28T23:52:34Z
473024,ruac,ca,"","",,Catalan,Xavier Béjar,2015-08-28T23:52:46Z
473024,gavó salat,ca,"","",,Catalan,Xavier Béjar,2015-08-28T23:53:10Z
47126,plantes,ca,"Cataluña, ES","",,Catalan,Eduardo Martínez,2015-08-29T16:26:36Z
26036,Rèptils,ca,"Cataluña, ES","",,Catalan,Eduardo Martínez,2015-08-29T16:29:35Z
47686,protozous,ca,"Cataluña, ES","",,Catalan,Eduardo Martínez,2015-08-29T16:32:38Z
367571,Aratinga mitrada,ca,"Cataluña, ES","",,Catalan,Eduardo Martínez,2015-08-31T14:26:08Z
94974,cranc de potes blanques,ca,"Cataluña, ES","",,Catalan,Xavier Béjar,2015-09-06T17:32:54Z
35666,sargantana bruna,ca,"","",,Catalan,Xavier Béjar,2015-09-06T23:12:56Z
43042,Eriço comú,ca,"Cataluña, ES","",,Catalan,Eduardo Martínez,2015-09-14T11:18:59Z
42161,Daina,ca,"Cataluña, ES","",,Catalan,Eduardo Martínez,2015-09-14T11:19:41Z
41562,Rorqual comú,ca,"Cataluña, ES","",,Catalan,Eduardo Martínez,2015-09-14T11:21:02Z
41812,Fura,ca,"Cataluña, ES","",,Catalan,Eduardo Martínez,2015-09-14T11:28:05Z
41494,Dofí ratllat,ca,"Cataluña, ES","",,Catalan,Eduardo Martínez,2015-09-14T11:28:58Z
46640,Musaranya comuna,ca,"Cataluña, ES","",,Catalan,Eduardo Martínez,2015-09-14T11:30:16Z
41482,Dofí mular,ca,"Cataluña, ES","",,Catalan,Eduardo Martínez,2015-09-14T11:30:48Z
44705,Ratolí comú,ca,"Cataluña, ES","",,Catalan,Eduardo Martínez,2015-09-14T11:32:22Z
44575,Rata negra,ca,"Cataluña, ES","",,Catalan,Eduardo Martínez,2015-09-15T12:45:40Z
44576,Rata comuna,ca,"Cataluña, ES","",,Catalan,Eduardo Martínez,2015-09-15T12:46:20Z
42048,Llop,ca,"Cataluña, ES","",,Catalan,Eduardo Martínez,2015-09-15T12:47:41Z
41808,Ermini,ca,"Cataluña, ES","",,Catalan,Eduardo Martínez,2015-09-15T12:48:01Z
41521,Orca,ca,"Cataluña, ES","",,Catalan,Eduardo Martínez,2015-09-15T12:49:45Z
41526,Dofí comú de musell curt,ca,"Cataluña, ES","",,Catalan,Eduardo Martínez,2015-09-15T12:52:10Z
41541,Cap d'olla,ca,"Cataluña, ES","",,Catalan,Eduardo Martínez,2015-09-15T12:52:59Z
41550,Rorqual d'aleta blanca,ca,"Cataluña, ES","",,Catalan,Eduardo Martínez,2015-09-15T12:55:03Z
74890,Catxalot,ca,"Cataluña, ES","",,Catalan,Eduardo Martínez,2015-09-15T12:56:00Z
40364,Pipistrel·la,ca,"Cataluña, ES","",,Catalan,Eduardo Martínez,2015-09-15T12:56:45Z
40695,Ratpenat de ferradura petit,ca,"Cataluña, ES","",,Catalan,Eduardo Martínez,2015-09-16T07:15:18Z
40645,Ratpenat de ferradura gros,ca,"Cataluña, ES","",,Catalan,Eduardo Martínez,2015-09-16T07:18:59Z
41796,Marta,ca,"Cataluña, ES","",,Catalan,Eduardo Martínez,2015-09-16T21:22:47Z
45562,Ratolí de bosc,ca,"Cataluña, ES","",,Catalan,Eduardo Martínez,2015-09-16T21:25:08Z
74383,Liró gris,ca,"Cataluña, ES","",,Catalan,Eduardo Martínez,2015-09-16T21:29:38Z
41529,Cap d'olla negre d'aleta llarga,ca,"Cataluña, ES","",,Catalan,Eduardo Martínez,2015-09-16T21:31:21Z
44280,Talpó camperol,ca,"Cataluña, ES","",,Catalan,Eduardo Martínez,2015-09-16T21:32:36Z
45863,Rata cellarda,ca,"Cataluña, ES","",,Catalan,Eduardo Martínez,2015-09-16T21:33:46Z
40416,Ratpenat orellut septentrional,ca,"Cataluña, ES","",,Catalan,Eduardo Martínez,2015-09-16T21:35:03Z
46414,Musaranya cuaquadrada,ca,"Cataluña, ES","",,Catalan,Eduardo Martínez,2015-09-16T21:36:34Z
40291,Ratpenat de musell llarg,ca,"Cataluña, ES","",,Catalan,Eduardo Martínez,2015-09-16T21:38:12Z
45316,Ratolí de les collites,ca,"Cataluña, ES","",,Catalan,Eduardo Martínez,2015-09-16T22:08:50Z
46471,Musaranya nana,ca,"Cataluña, ES","",,Catalan,Eduardo Martínez,2015-09-16T22:10:27Z
57534,Ratpenat de Schreibers,ca,"Cataluña, ES","",,Catalan,Eduardo Martínez,2015-09-16T22:11:39Z
40383,Ratpenat de vores clares,ca,"Cataluña, ES","",,Catalan,Eduardo Martínez,2015-09-16T22:13:05Z
43119,Llebre ibèrica,ca,"Cataluña, ES","",,Catalan,Eduardo Martínez,2015-09-16T22:13:55Z
40581,Ratpenat de bosc,ca,"Cataluña, ES","",,Catalan,Eduardo Martínez,2015-09-16T22:18:12Z
40677,Ratpenat de ferradura mediterrani,ca,"Cataluña, ES","",,Catalan,Eduardo Martínez,2015-09-16T22:19:49Z
40281,Ratpenat d'orelles dentades,ca,"Cataluña, ES","",,Catalan,Eduardo Martínez,2015-09-16T22:20:59Z
40572,Nòctul gros,ca,"Cataluña, ES","",,Catalan,Eduardo Martínez,2015-09-16T22:22:20Z
41539,Orca falsa,ca,"Cataluña, ES","",,Catalan,Eduardo Martínez,2015-09-16T22:23:18Z
41975,Linx Ibèric,ca,"Cataluña, ES","",,Catalan,Eduardo Martínez,2015-09-16T22:24:45Z
45550,Ratolí de coll groc,ca,"Cataluña, ES","",,Catalan,Eduardo Martínez,2015-09-16T22:26:05Z
40415,Ratpenat orellut meridional,ca,"Cataluña, ES","",,Catalan,Eduardo Martínez,2015-09-16T22:27:55Z
40573,Nòctul petit,ca,"Cataluña, ES","",,Catalan,Eduardo Martínez,2015-09-16T22:29:25Z
15560,Rossinyol del Japó,ca,"Cataluña, ES","",,Catalan,Eduardo Martínez,2015-10-04T14:44:05Z
132892,Llagosta Mediterrània,ca,"","",,Catalan,Eduardo Martínez,2015-10-10T15:04:23Z
130391,Papallona zebrada,ca,"Cataluña, ES","",,Catalan,Eduardo Martínez,2015-10-10T15:31:35Z
53905,Pregadéu,ca,"Cataluña, ES","",,Catalan,Eduardo Martínez,2015-10-10T15:33:13Z
40151,Mamífers,ca,"Cataluña, ES","",,Catalan,Eduardo Martínez,2015-10-12T16:01:30Z
18911,Cotorra de Kramer,ca,"Cataluña, ES","",,Catalan,Eduardo Martínez,2015-10-12T16:12:59Z
3888,Valona,ca,"Cataluña, ES","",,Catalan,Eduardo Martínez,2015-10-12T16:15:43Z
3800,Mascarells,ca,"Cataluña, ES","",,Catalan,Eduardo Martínez,2015-10-12T16:18:26Z
47170,Fongs i Líquens,ca,"Cataluña, ES","",,Catalan,Eduardo Martínez,2015-10-12T16:24:24Z
47115,Mol·luscs,ca,"Cataluña, ES","",,Catalan,Eduardo Martínez,2015-10-13T19:50:16Z
47119,Aràcnids,ca,"Cataluña, ES","",,Catalan,Eduardo Martínez,2015-10-13T20:46:23Z
84969,Cavall de mar xato,ca,"Cataluña, ES","",,Catalan,Eduardo Martínez,2015-10-21T15:32:12Z
82689,arboç,ca,"Cataluña, ES","",,Catalan,Eduardo Martínez,2015-10-23T15:56:54Z
4671,Falcó de la reina,ca,"","",,Catalan,Eduardo Martínez,2015-10-27T07:30:43Z
47178,Peixos ossis,ca,"","",,Catalan,Eduardo Martínez,2015-10-28T07:54:54Z
48222,"Algues brunes, diatomees i semblants",ca,"","",,Catalan,Eduardo Martínez,2015-10-28T07:56:48Z
1,Animals,ca,"","",,Catalan,Eduardo Martínez,2015-10-28T07:58:09Z
193952,orella d'os,ca,"","",,Catalan,Eduardo Martínez,2015-11-01T19:15:04Z
54404,Rosella,ca,"","",,Catalan,Eduardo Martínez,2015-11-01T19:16:22Z
78895,Esbarzer,ca,"","",,Catalan,Eduardo Martínez,2015-11-01T19:17:02Z
311358,Bruc d'hivern,ca,"","",,Catalan,Eduardo Martínez,2015-11-01T19:17:32Z
53178,plantatge de fulla estreta,ca,"","",,Catalan,Eduardo Martínez,2015-11-01T19:18:11Z
60218,figuera,ca,"","",,Catalan,Eduardo Martínez,2015-11-01T19:19:41Z
61904,Cap d'ase,ca,"","",,Catalan,Eduardo Martínez,2015-11-01T19:20:40Z
82666,Marfull,ca,"","",,Catalan,Eduardo Martínez,2015-11-01T19:21:24Z
53945,Acàcia del Japó,ca,"","",,Catalan,Eduardo Martínez,2015-11-01T19:22:32Z
64119,Figuera de moro,ca,"","",,Catalan,Eduardo Martínez,2015-11-01T19:32:12Z
56088,Acàcia borda,ca,"","",,Catalan,Eduardo Martínez,2015-11-02T11:59:40Z
118675,Serrà,ca,"","",,Catalan,Eduardo Martínez,2015-11-15T21:16:49Z
82904,galzeran,ca,"","",,Catalan,Eduardo Martínez,2015-11-15T21:18:12Z
25457,Granota amb ungles africana,ca,"","",,Catalan,Eduardo Martínez,2015-11-18T22:14:23Z
65979,Granota toro,ca,"","",,Catalan,Eduardo Martínez,2015-11-18T22:14:33Z
39771,Tortuga pintada,ca,"","",,Catalan,Eduardo Martínez,2015-11-18T22:15:49Z
39782,Tortuga de Florida,ca,"","",,Catalan,Eduardo Martínez,2015-11-18T22:17:25Z
2966,Tórtora de collar,ca,"","",,Catalan,Eduardo Martínez,2015-11-18T22:19:25Z
791,Guatlla japonesa,ca,"","",,Catalan,Eduardo Martínez,2015-11-18T22:20:14Z
3739,Ibis sagrat,ca,"","",,Catalan,Eduardo Martínez,2015-11-18T22:20:57Z
7089,Oca del Canadà,ca,"","",,Catalan,Eduardo Martínez,2015-11-18T22:22:50Z
72486,Oca egípcia,ca,"","",,Catalan,Eduardo Martínez,2015-11-18T22:23:31Z
14591,Bulbul de bigoti vermell,ca,"","",,Catalan,Eduardo Martínez,2015-11-18T22:24:17Z
14593,Bulbul de Cul Vermell,ca,"","",,Catalan,Eduardo Martínez,2015-11-18T22:24:59Z
14868,Minà,ca,"","",,Catalan,Eduardo Martínez,2015-11-18T22:25:44Z
204454,Minà Comú,ca,"","",,Catalan,Eduardo Martínez,2015-11-18T22:31:10Z
14874,Minà fosc,ca,"","",,Catalan,Eduardo Martínez,2015-11-18T22:32:45Z
13763,Bec de corall,ca,"","",,Catalan,Eduardo Martínez,2015-11-18T22:35:11Z
13780,Bec de corall de galtes taronges,ca,"","",,Catalan,Eduardo Martínez,2015-11-18T22:38:22Z
13766,Bec de corall cuanegra,ca,"","",,Catalan,Eduardo Martínez,2015-11-18T22:39:47Z
13793,Teixidor capnegre,ca,"","",,Catalan,Eduardo Martínez,2015-11-18T22:43:31Z
13796,Teixidor social,ca,"","",,Catalan,Eduardo Martínez,2015-11-18T22:45:14Z
13785,Teixidor de Rüppell,ca,"","",,Catalan,Eduardo Martínez,2015-11-18T22:46:27Z
13790,Teixidor ratllat,ca,"","",,Catalan,Eduardo Martínez,2015-11-18T22:51:42Z
13791,Teixidor vitel·lí,ca,"","",,Catalan,Eduardo Martínez,2015-11-18T22:53:32Z
13974,Teixidor daurat,ca,"","",,Catalan,Eduardo Martínez,2015-11-18T22:59:14Z
13962,Teixidor vermell,ca,"","",,Catalan,Eduardo Martínez,2015-11-18T23:00:34Z
14005,Quelea de bec vermell,ca,"","",,Catalan,Eduardo Martínez,2015-11-18T23:02:51Z
42422,Arruí,ca,"","",,Catalan,Eduardo Martínez,2015-11-18T23:04:00Z
43024,Eriçó orellut,ca,"","",,Catalan,Eduardo Martínez,2015-11-18T23:05:14Z
43055,Eriço de panxa blanca,ca,"","",,Catalan,Eduardo Martínez,2015-11-18T23:05:44Z
75042,Ratpenat frugívor d'Egipte,ca,"","",,Catalan,Eduardo Martínez,2015-11-18T23:06:31Z
41663,Ós rentador,ca,"","",,Catalan,Eduardo Martínez,2015-11-18T23:07:20Z
45763,Rata mesquera,ca,"","",,Catalan,Eduardo Martínez,2015-11-19T13:20:44Z
43997,Coipú,ca,"","",,Catalan,Eduardo Martínez,2015-11-19T13:21:55Z
53708,Cranc senyal,ca,"","",,Catalan,Eduardo Martínez,2015-11-19T13:23:52Z
85363,Mercierella,ca,"","",,Catalan,Eduardo Martínez,2015-11-19T13:25:11Z
63038,Cranc xinès,ca,"","",,Catalan,Eduardo Martínez,2015-11-19T13:27:55Z
116340,Musclo zebrat,ca,"","",,Catalan,Eduardo Martínez,2015-11-19T13:29:41Z
64006,Cloïssa asiàtica,ca,"","",,Catalan,Eduardo Martínez,2015-11-19T13:30:39Z
129201,Caragol de Fang,ca,"","",,Catalan,Eduardo Martínez,2015-11-19T13:31:24Z
55387,Luci,ca,"","",,Catalan,Eduardo Martínez,2015-11-19T13:35:17Z
101204,Gambúsia,ca,"","",,Catalan,Eduardo Martínez,2015-11-19T13:35:55Z
58642,Fúndul,ca,"","",,Catalan,Eduardo Martínez,2015-11-19T13:35:56Z
128425,Misgurn del Japó,ca,"","",,Catalan,Eduardo Martínez,2015-11-19T13:36:35Z
130228,Julivert gegant,ca,"","",,Catalan,Eduardo Martínez,2015-11-19T13:44:22Z
58334,Tabac de jardí,ca,"","",,Catalan,Eduardo Martínez,2015-11-19T13:44:50Z
75916,Budleia,ca,"","",,Catalan,Eduardo Martínez,2015-11-19T13:45:13Z
75499,Miraguà fals,ca,"","",,Catalan,Eduardo Martínez,2015-11-19T13:48:34Z
47447,Aromer blanc,ca,"","",,Catalan,Eduardo Martínez,2015-11-19T13:49:56Z
53343,Mimosa,ca,"","",,Catalan,Eduardo Martínez,2015-11-19T13:50:48Z
72340,Salvínies,ca,"","",,Catalan,Eduardo Martínez,2015-11-19T13:51:04Z
48156,Lucioperca,ca,"","",,Catalan,Eduardo Martínez,2015-11-19T13:53:50Z
109062,Perca de riu,ca,"","",,Catalan,Eduardo Martínez,2015-11-19T13:54:18Z
49587,Perca americana,ca,"","",,Catalan,Eduardo Martínez,2015-11-19T13:54:50Z
49614,Peix sol,ca,"","",,Catalan,Eduardo Martínez,2015-11-19T13:55:16Z
47280,Peix escorpí,ca,"","",,Catalan,Eduardo Martínez,2015-11-19T13:56:03Z
82278,Peix gat negre,ca,"","",,Catalan,Eduardo Martínez,2015-11-19T13:56:29Z
81554,Peix gat americà,ca,"","",,Catalan,Eduardo Martínez,2015-11-19T13:57:29Z
112581,Silur,ca,"","",,Catalan,Eduardo Martínez,2015-11-19T13:57:55Z
69989,Madrilleta vera,ca,"","",,Catalan,Eduardo Martínez,2015-11-19T13:58:32Z
93611,Alburn,ca,"","",,Catalan,Eduardo Martínez,2015-11-19T13:59:30Z
112118,Gardí,ca,"","",,Catalan,Eduardo Martínez,2015-11-19T13:59:45Z
46241,Esquirol terrestre de Barbaria,ca,"","",,Catalan,Eduardo Martínez,2015-11-19T14:05:06Z
46017,Esquirol gris,ca,"","",,Catalan,Eduardo Martínez,2015-11-19T14:06:44Z
46217,Esquirol llistat de l'Est americà,ca,"","",,Catalan,Eduardo Martínez,2015-11-19T14:08:00Z
45936,Esquirol de les palmeres de Pennant,ca,"","",,Catalan,Eduardo Martínez,2015-11-19T14:11:12Z
45952,Esquirol de Pallas,ca,"","",,Catalan,Eduardo Martínez,2015-11-19T14:11:59Z
45949,Esquirol de Finlayson,ca,"","",,Catalan,Eduardo Martínez,2015-11-19T14:12:47Z
46077,Esquirol rupestre del Pare David,ca,"","",,Catalan,Eduardo Martínez,2015-11-19T14:13:14Z
46015,Esquirol persa,ca,"","",,Catalan,Eduardo Martínez,2015-11-19T14:14:39Z
41670,Coatí sud-americà,ca,"","",,Catalan,Eduardo Martínez,2015-11-19T22:09:54Z
41673,Coati de nas blanc,ca,"","",,Catalan,Eduardo Martínez,2015-11-19T22:10:44Z
64240,Herba de la Pampa,ca,"","",,Catalan,Eduardo Martínez,2015-11-21T16:51:19Z
319664,Laureola,ca,"","",,Catalan,Eduardo Martínez,2015-11-28T21:46:07Z
81694,mosques grosses,ca,"","",,Catalan,Xavier Béjar,2015-11-29T10:47:36Z
55827,Marxívol,ca,"Cataluña, ES","",,Catalan,Eduardo Martínez,2015-11-29T21:49:03Z
82727,Gatosa,ca,"","",,Catalan,Eduardo Martínez,2015-11-30T08:24:07Z
55666,Borrisol,ca,"","",,Catalan,Eduardo Martínez,2015-11-30T08:25:57Z
442343,Herba blava,ca,"","",,Catalan,Eduardo Martínez,2015-11-30T08:27:32Z
124359,Viola de gos,ca,"","",,Catalan,Eduardo Martínez,2015-11-30T08:28:11Z
55811,Aranyoner,ca,"","",,Catalan,Eduardo Martínez,2015-11-30T08:29:31Z
69936,Ametller,ca,"","",,Catalan,Eduardo Martínez,2015-12-27T18:42:24Z
346413,polipodi serrat,ca,"","",,Catalan,Xavier Béjar,2016-01-02T21:24:57Z
61293,Processionària del Pi,ca,"","",,Catalan,Eduardo Martínez,2016-01-25T23:08:31Z
62652,Menta,ca,"","",,Catalan,Eduardo Martínez,2016-01-29T08:16:42Z
55401,Blanca de la col,ca,"","",,Catalan,Eduardo Martínez,2016-01-29T09:03:40Z
52592,Bruna boscana,ca,"","",,Catalan,Eduardo Martínez,2016-01-29T09:04:24Z
147298,Magera comuna,ca,"","",,Catalan,Eduardo Martínez,2016-01-29T09:05:11Z
55641,Blaveta comuna,ca,"","",,Catalan,Eduardo Martínez,2016-01-29T09:09:21Z
55626,Blanqueta de la col,ca,"","",,Catalan,Eduardo Martínez,2016-01-29T09:10:28Z
143294,Safranera de l’alfals,ca,"","",,Catalan,Eduardo Martínez,2016-01-29T09:11:01Z
123815,Cleòpatra,ca,"","",,Catalan,Eduardo Martínez,2016-01-29T09:11:42Z
360342,Lleonada de les garrigues,ca,"","",,Catalan,Eduardo Martínez,2016-01-29T09:12:37Z
62452,Saltabardisses de solell,ca,"","",,Catalan,Eduardo Martínez,2016-01-29T09:13:15Z
141750,Faune ziga-zaga,ca,"","",,Catalan,Eduardo Martínez,2016-01-29T09:13:55Z
105458,Escac ibèric,ca,"","",,Catalan,Eduardo Martínez,2016-01-29T09:14:32Z
124145,Borinot negre,ca,"","",,Catalan,Eduardo Martínez,2016-01-29T09:15:49Z
123816,Angelet,ca,"","",,Catalan,Eduardo Martínez,2016-01-29T09:17:46Z
208973,Saltabardisses cintada,ca,"","",,Catalan,Eduardo Martínez,2016-01-29T09:18:13Z
123810,Pòntia comuna,ca,"","",,Catalan,Eduardo Martínez,2016-01-29T09:19:49Z
118663,Salpa,ca,"","",,Catalan,Eduardo Martínez,2016-01-29T09:24:24Z
71737,Mosquiter,ca,"","",,Catalan,Eduardo Martínez,2016-01-31T20:02:35Z
42051,Coiot,ca,"","",,Catalan,Eduardo Martínez,2016-02-11T22:42:19Z
68165,Formiga argentina,ca,"","",,Catalan,Eduardo Martínez,2016-02-11T22:46:19Z
51702,Marieta de set punts,ca,"","",,Catalan,Eduardo Martínez,2016-02-13T15:42:17Z
55610,Dimoniet,ca,"","",,Catalan,Eduardo Martínez,2016-02-13T15:44:22Z
82774,Escarabat Rinoceront,ca,"","",,Catalan,Eduardo Martínez,2016-02-13T15:48:19Z
62331,Borinot del pollancre,ca,"","",,Catalan,Eduardo Martínez,2016-02-13T15:49:23Z
97022,Banyarriquer,ca,"","",,Catalan,Eduardo Martínez,2016-02-13T15:50:35Z
48484,Marieta asiàtica,ca,"","",,Catalan,Eduardo Martínez,2016-02-13T15:53:52Z
348018,Graèllsia,ca,"","",,Catalan,Eduardo Martínez,2016-02-13T15:56:41Z
334393,Blaveta de la trepadella,ca,"","",,Catalan,Eduardo Martínez,2016-02-13T15:58:01Z
47602,Xicoia,ca,"","",,Catalan,Eduardo Martínez,2016-02-13T16:02:46Z
133994,càdec,ca,"","",,Catalan,Eduardo Martínez,2016-02-13T16:03:44Z
51875,trèvol comú,ca,"","",,Catalan,Eduardo Martínez,2016-02-13T16:04:56Z
77541,xicranda,ca,"","",,Catalan,Eduardo Martínez,2016-02-13T16:06:13Z
56162,Malva comuna,ca,"","",,Catalan,Eduardo Martínez,2016-02-13T16:07:37Z
58300,Magraner,ca,"","",,Catalan,Eduardo Martínez,2016-02-13T16:08:16Z
82942,garric,ca,"","",,Catalan,Eduardo Martínez,2016-02-13T16:08:59Z
130539,Neret,ca,"","",,Catalan,Eduardo Martínez,2016-02-13T16:10:32Z
64017,canya,ca,"","",,Catalan,Eduardo Martínez,2016-02-13T16:11:40Z
56121,sarronet de pastor,ca,"","",,Catalan,Eduardo Martínez,2016-02-13T16:12:37Z
47563,baladre,ca,"","",,Catalan,Eduardo Martínez,2016-02-13T16:13:11Z
57140,Olivera,ca,"","",,Catalan,Eduardo Martínez,2016-02-13T16:13:49Z
63916,Falzia,ca,"","",,Catalan,Eduardo Martínez,2016-02-13T16:14:44Z
55837,Mirabolà,ca,"","",,Catalan,Eduardo Martínez,2016-02-13T16:16:33Z
56865,Card vermell,ca,"","",,Catalan,Eduardo Martínez,2016-02-13T16:19:13Z
78631,Gessamí blau,ca,"","",,Catalan,Eduardo Martínez,2016-02-13T16:19:55Z
61419,Llengua de serp,ca,"","",,Catalan,Eduardo Martínez,2016-02-13T16:21:25Z
158777,Falzia negra,ca,"","",,Catalan,Eduardo Martínez,2016-02-13T16:22:05Z
57512,Vesc,ca,"","",,Catalan,Eduardo Martínez,2016-02-13T16:31:35Z
85469,farigola,ca,"","",,Catalan,Eduardo Martínez,2016-02-13T16:32:22Z
75771,Trèvol pudent,ca,"","",,Catalan,Eduardo Martínez,2016-02-13T16:34:07Z
209586,Albó de muntanya,ca,"","",,Catalan,Eduardo Martínez,2016-02-13T16:34:50Z
210513,Esparreguera boscana,ca,"","",,Catalan,Eduardo Martínez,2016-02-13T16:36:42Z
210566,Safrà bord,ca,"","",,Catalan,Eduardo Martínez,2016-02-13T16:38:23Z
61749,Cèrvol volant,ca,"","",,Catalan,Eduardo Martínez,2016-02-13T16:43:49Z
123912,Papallona de l'arboç,ca,"","",,Catalan,Eduardo Martínez,2016-02-13T16:44:38Z
70071,Borinot de les lletereses,ca,"","",,Catalan,Eduardo Martínez,2016-02-13T16:48:58Z
199458,Borinot de la vinya,ca,"","",,Catalan,Eduardo Martínez,2016-02-13T16:49:51Z
124215,Borinot Estriat,ca,"","",,Catalan,Eduardo Martínez,2016-02-13T16:50:35Z
205135,Borinot ocel·lat,ca,"","",,Catalan,Eduardo Martínez,2016-02-13T16:51:26Z
48701,Cep,ca,"","",,Catalan,Eduardo Martínez,2016-02-13T16:55:00Z
63401,Apagallums,ca,"","",,Catalan,Eduardo Martínez,2016-02-13T16:55:47Z
204588,Ou de reig,ca,"","",,Catalan,Eduardo Martínez,2016-02-13T16:56:33Z
179715,Escaldabec fràgil,ca,"","",,Catalan,Eduardo Martínez,2016-02-13T16:57:19Z
49315,Pop,ca,"","",,Catalan,Eduardo Martínez,2016-02-13T16:59:12Z
480298,Caragol Bover,ca,"","",,Catalan,Eduardo Martínez,2016-02-13T17:00:52Z
47518,Truita comuna,ca,"","",,Catalan,Eduardo Martínez,2016-02-13T17:02:13Z
114853,Samaruc,ca,"","",,Catalan,Eduardo Martínez,2016-02-13T17:03:19Z
196614,Peixos cartilaginosos,ca,"","",,Catalan,Eduardo Martínez,2016-02-15T13:17:55Z
47158,Insectes,ca,"","",,Catalan,Eduardo Martínez,2016-02-15T13:25:58Z
127510,bolet d'esca,ca,"","",,Catalan,Eduardo Martínez,2016-02-25T15:21:41Z
367018,Cuca de llum,ca,"","",,Catalan,Eduardo Martínez,2016-02-26T17:04:48Z
49311,Milana,ca,"","",,Catalan,Eduardo Martínez,2016-02-27T19:20:40Z
136319,avet,ca,"","",,Catalan,Eduardo Martínez,2016-03-06T15:00:16Z
181891,Ravenissa blanca,ca,"","",,Catalan,Eduardo Martínez,2016-03-06T15:20:42Z
338012,Espirògraf,ca,"","",,Catalan,Eduardo Martínez,2016-03-11T07:19:48Z
68786,Wakame,ca,"","",,Catalan,Eduardo Martínez,2016-03-19T23:22:12Z
122970,nyàmera,ca,"","",,Catalan,Eduardo Martínez,2016-03-19T23:24:07Z
47516,Truita arc iris,ca,"","",,Catalan,Eduardo Martínez,2016-03-19T23:26:36Z
52771,Llimonera,ca,"","",,Catalan,Eduardo Martínez,2016-03-21T23:07:22Z
67835,Papallona tigre,ca,"","",,Catalan,Eduardo Martínez,2016-03-22T14:15:48Z
135790,Pinassa,ca,"","",,Catalan,Eduardo Martínez,2016-03-29T07:01:02Z
48969,Conillets,ca,"","",,Catalan,jorditb,2016-04-04T14:44:52Z
85338,Sàlvia,ca,"","",,Catalan,Eduardo Martínez,2016-04-07T19:23:44Z
76422,Espantallops,ca,"","",,Catalan,Eduardo Martínez,2016-04-07T19:24:29Z
245872,Arlequí,ca,"","",,Catalan,Eduardo Martínez,2016-04-09T21:42:28Z
53779,Llúpol,ca,"","",,Catalan,Eduardo Martínez,2016-04-11T18:30:13Z
55640,Blaveta de l'heura,ca,"","",,Catalan,Eduardo Martínez,2016-04-13T11:18:09Z
324088,Nimfa dorment,ca,"","",,Catalan,Eduardo Martínez,2016-04-13T11:19:08Z
207977,Paó de dia,ca,"","",,Catalan,Eduardo Martínez,2016-04-13T11:20:22Z
54087,Blanqueta perfumada,ca,"","",,Catalan,Eduardo Martínez,2016-04-13T11:21:35Z
85460,Bruixa petita,ca,"","",,Catalan,Eduardo Martínez,2016-04-13T11:23:36Z
354680,Escac de muntanya,ca,"","",,Catalan,Eduardo Martínez,2016-04-13T11:26:09Z
100305,Muntanyesa griseta bessona,ca,"","",,Catalan,Eduardo Martínez,2016-04-13T11:27:11Z
354819,Sesia amb forma d'abella,ca,"","",,Catalan,Eduardo Martínez,2016-04-13T11:30:29Z
460602,Coure verdet,ca,"","",,Catalan,Eduardo Martínez,2016-04-13T16:46:19Z
362065,Escac ferruginós,ca,"","",,Catalan,Eduardo Martínez,2016-04-13T16:47:05Z
207704,Damer de la valeriana,ca,"","",,Catalan,Eduardo Martínez,2016-04-13T16:50:09Z
333953,Herba de la carbasseta,ca,"","",,Catalan,Eduardo Martínez,2016-04-23T14:01:23Z
51807,Corniol,ca,"","",,Catalan,Eduardo Martínez,2016-04-24T17:42:27Z
322673,Eriçó,ca,"","",,Catalan,Eduardo Martínez,2016-04-24T17:43:42Z
75606,Porrassí,ca,"","",,Catalan,jorditb,2016-05-05T14:42:10Z
179648,Jonça,ca,"","",,Catalan,Eduardo Martínez,2016-05-05T20:45:19Z
75429,Buglossa,ca,"","",,Catalan,Eduardo Martínez,2016-05-06T06:55:04Z
50298,maduixera,ca,"","",,Catalan,Eduardo Martínez,2016-05-06T06:57:53Z
181594,lleteresa vera,ca,"","",,Catalan,Eduardo Martínez,2016-05-06T06:59:03Z
55637,Borinot de camp,ca,"","",,Catalan,Eduardo Martínez,2016-05-06T06:59:52Z
55757,Celidònia,ca,"","",,Catalan,Eduardo Martínez,2016-05-06T07:02:33Z
82664,Lligabosc mediterrani,ca,"","",,Catalan,Eduardo Martínez,2016-05-09T14:34:33Z
491058,Porrassa,ca,"","",,Catalan,Eduardo Martínez,2016-05-12T16:26:58Z
53052,fonoll,ca,"","",,Catalan,Eduardo Martínez,2016-05-16T15:57:26Z
47726,Auró americà,ca,"","",,Catalan,Eduardo Martínez,2016-05-16T16:20:34Z
82641,Sempreviva,ca,"","",,Catalan,Eduardo Martínez,2016-05-17T21:24:41Z
155030,Nimfa mediterrània,ca,"","",,Catalan,Eduardo Martínez,2016-05-23T13:26:39Z
59343,amargot,ca,"","",,Catalan,Eduardo Martínez,2016-05-23T21:41:31Z
160697,Vidalba,ca,"","",,Catalan,Eduardo Martínez,2016-05-28T14:45:37Z
209478,Lli blau,ca,"","",,Catalan,Eduardo Martínez,2016-05-28T14:46:24Z
460893,Senet de pobre,ca,"","",,Catalan,Eduardo Martínez,2016-05-28T14:47:10Z
125849,roure martinenc,ca,"","",,Catalan,Eduardo Martínez,2016-05-28T16:33:23Z
337083,Ballarida comuna,ca,"","",,Catalan,Eduardo Martínez,2016-05-28T16:48:18Z
55736,Pimpinella,ca,"","",,Catalan,Eduardo Martínez,2016-05-28T16:49:00Z
55745,Trèvol blanc,ca,"","",,Catalan,Eduardo Martínez,2016-05-28T16:51:25Z
56174,Llengua de bou,ca,"","",,Catalan,Eduardo Martínez,2016-05-28T16:52:14Z
202083,Petit borinot morat,ca,"","",,Catalan,Eduardo Martínez,2016-05-28T17:38:50Z
55734,Crespinell groc,ca,"","",,Catalan,Eduardo Martínez,2016-06-06T08:01:08Z
79461,Om,ca,"","",,Catalan,Eduardo Martínez,2016-06-06T08:02:58Z
53059,Apegalòs,ca,"","",,Catalan,Eduardo Martínez,2016-06-06T08:03:37Z
59028,Blatària,ca,"","",,Catalan,Eduardo Martínez,2016-06-06T08:04:48Z
59260,ungla de gat,ca,"","",,Catalan,Eduardo Martínez,2016-06-06T08:05:49Z
59283,Cranc Roquer,ca,"","",,Catalan,Eduardo Martínez,2016-06-06T08:06:22Z
82849,Ruda de fulla estreta,ca,"","",,Catalan,Eduardo Martínez,2016-06-06T08:07:47Z
162851,Lleteresa serrada,ca,"","",,Catalan,Eduardo Martínez,2016-06-06T08:08:35Z
199980,Marroneta de l'alzina,ca,"","",,Catalan,Eduardo Martínez,2016-06-06T08:09:09Z
202282,Perdiguera,ca,"","",,Catalan,Eduardo Martínez,2016-06-06T08:09:42Z
207956,Brocat variable,ca,"","",,Catalan,Eduardo Martínez,2016-06-06T08:10:16Z
498350,Masera,ca,"","",,Catalan,Xavier Béjar,2016-06-18T19:41:56Z
451473,carxofera,ca,"","",,Catalan,Xavier Béjar,2016-06-22T14:41:16Z
451473,pinya de Sant Joan,ca,"","",,Catalan,Xavier Béjar,2016-06-22T14:41:17Z
77479,albellatge,ca,"","",,Catalan,Eduardo Martínez,2016-06-30T16:16:44Z
68049,boixerola,ca,"","",,Catalan,Eduardo Martínez,2016-06-30T16:17:23Z
71248,Grill camperol,ca,"","",,Catalan,Eduardo Martínez,2016-07-05T21:48:03Z
482188,esperó de Bolòs,ca,"","",,Catalan,Eduardo Martínez,2016-07-06T21:36:58Z
367564,Aratinga de cap blau,ca,"","",,Catalan,Eduardo Martínez,2016-07-08T16:29:11Z
77739,troana,ca,"Catalunya, ES","",,Catalan,Jordi Moreno-Romero,2016-07-14T13:03:13Z
56529,Papallona reina,ca,"","",,Catalan,Jordi Moreno-Romero,2016-07-14T13:07:52Z
121763,Castanyer,ca,"","",,Catalan,Jordi Moreno-Romero,2016-07-14T13:16:05Z
198881,blada,ca,"","",,Catalan,Jordi Moreno-Romero,2016-07-14T13:29:02Z
198881,rotaboc,ca,"Mallorca, ES, PM","",,Catalan,Jordi Moreno-Romero,2016-07-14T13:29:39Z
63134,Reina dels prats,ca,"","",,Catalan,Jordi Moreno-Romero,2016-07-15T16:46:44Z
63134,Ulmària,ca,"","",,Catalan,Jordi Moreno-Romero,2016-07-15T16:47:22Z
49156,Bedolls,ca,"","",,Catalan,Jordi Moreno-Romero,2016-07-17T08:27:33Z
63567,avet roig,ca,"","",,Catalan,Jordi Moreno-Romero,2016-07-17T10:12:57Z
63567,pícea,ca,"","",,Catalan,Jordi Moreno-Romero,2016-07-17T10:13:32Z
58045,espina-xoca,ca,"","",,Catalan,Jordi Moreno-Romero,2016-07-17T13:17:31Z
84328,Espunyidella groga,ca,"","",,Catalan,Jordi Moreno-Romero,2016-07-18T19:45:35Z
7068,Ànec canyella,ca,"","",,Catalan,Jordi Moreno-Romero,2016-07-23T10:05:44Z
60132,calcida,ca,"","",,Catalan,Jordi Moreno-Romero,2016-07-24T15:04:43Z
326296,Gripau comú,ca,"","",,Catalan,Jordi Moreno-Romero,2016-07-24T15:15:26Z
326296,Sàput,ca,"","",,Catalan,Jordi Moreno-Romero,2016-07-24T15:15:59Z
326296,Calàpet,ca,"","",,Catalan,Jordi Moreno-Romero,2016-07-24T15:16:31Z
326296,Galàpet,ca,"","",,Catalan,Jordi Moreno-Romero,2016-07-24T15:17:03Z
326296,Galapat (al Pallars),ca,"","",,Catalan,Jordi Moreno-Romero,2016-07-24T15:17:33Z
54468,Papallona de les ortigues,ca,"","",,Catalan,Jordi Moreno-Romero,2016-07-24T16:02:21Z
62766,Mirallets,ca,"","",,Catalan,Jordi Moreno-Romero,2016-07-24T16:21:40Z
275961,falguera vera,ca,"","",,Catalan,Xavier Béjar,2016-07-24T18:49:18Z
275961,falguerola espinosa,ca,"","",,Catalan,Xavier Béjar,2016-07-24T18:49:58Z
319738,polístic setífer,ca,"","",,Catalan,Xavier Béjar,2016-07-24T19:32:16Z
319738,falguera d'avellanosa,ca,"","",,Catalan,Xavier Béjar,2016-07-24T19:32:45Z
123628,Argentada comuna,ca,"","",,Catalan,Jordi Moreno-Romero,2016-07-24T19:50:43Z
145363,Cargolet,ca,"","",,Catalan,Jordi Moreno-Romero,2016-07-24T20:02:20Z
162364,epilobi muntanyenc,ca,"","",,Catalan,Xavier Béjar,2016-07-24T22:07:18Z
483248,escrofulària alpestre,ca,"","",,Catalan,Xavier Béjar,2016-07-24T22:29:34Z
47602,Pixallits,ca,"","",,Catalan,Jordi Moreno-Romero,2016-07-25T07:25:47Z
82161,epipactis de fulla petita,ca,"","",,Catalan,Xavier Béjar,2016-07-25T08:53:38Z
75611,falzia verda,ca,"","",,Catalan,Xavier Béjar,2016-07-25T11:59:59Z
424972,falguereta de cingle,ca,"","",,Catalan,Xavier Béjar,2016-07-25T21:57:46Z
85437,all victorial,ca,"","",,Catalan,Xavier Béjar,2016-07-25T22:17:29Z
125815,lleonada de matollar,ca,"","",,Catalan,Xavier Béjar,2016-07-25T23:49:48Z
118795,serràtula tintòria,ca,"","",,Catalan,Xavier Béjar,2016-07-26T09:46:51Z
131623,astrància major,ca,"","",,Catalan,Xavier Béjar,2016-07-26T11:00:02Z
359454,astrància major,ca,"","",,Catalan,Xavier Béjar,2016-07-26T11:00:37Z
62456,Escarabat Tou,ca,"","",,Catalan,Jordi Moreno-Romero,2016-07-26T11:44:15Z
53778,espernallac,ca,"","",,Catalan,Xavier Béjar,2016-07-26T22:41:32Z
209418,all vermell,ca,"","",,Catalan,Xavier Béjar,2016-07-26T23:17:25Z
209418,cap rodó,ca,"","",,Catalan,Xavier Béjar,2016-07-26T23:18:04Z
168442,sajolida,ca,"","",,Catalan,Xavier Béjar,2016-07-26T23:29:19Z
333937,Badola,ca,"","",,Catalan,Fabien Piednoir,2016-07-27T09:07:28Z
51843,herba de les encantades,ca,"","",,Catalan,Xavier Béjar,2016-07-28T11:24:50Z
61396,Orenga,ca,"","",,Catalan,Xavier Béjar,2016-07-28T11:49:47Z
502885,Caragol Gegant Africà,ca,"","",,Catalan,Eduardo Martínez,2016-07-31T22:47:10Z
163812,Arç groc,ca,"","",,Catalan,Jordi Moreno-Romero,2016-08-14T12:04:53Z
208803,panical blau,ca,"","",,Catalan,Eduardo Martínez,2016-08-16T13:45:01Z
127029,Nabiu,ca,"","",,Catalan,Jordi Moreno-Romero,2016-08-24T14:59:14Z
119450,Bruguerola,ca,"","",,Catalan,Jordi Moreno-Romero,2016-08-24T15:00:11Z
56312,Nabiu vermell,ca,"","",,Catalan,Jordi Moreno-Romero,2016-08-24T16:54:21Z
118665,Esparrall,ca,"","",,Catalan,Jordi Moreno-Romero,2016-08-28T13:56:30Z
130143,Cicindela campestre,ca,"","",,Catalan,Eduardo Martínez,2016-08-28T14:29:46Z
357886,Sangonera comuna,ca,"","",,Catalan,Eduardo Martínez,2016-08-28T14:35:43Z
78352,fetgera blanca,ca,"","",,Catalan,Eduardo Martínez,2016-08-29T14:43:20Z
119061,Bedoll pubescent,ca,"","",,Catalan,Eduardo Martínez,2016-08-29T14:44:33Z
198880,Pi negre,ca,"","",,Catalan,Eduardo Martínez,2016-08-29T14:48:47Z
49133,Atalanta,ca,"","",,Catalan,Eduardo Martínez,2016-09-01T08:16:24Z
55725,Consolda,ca,"","",,Catalan,Jordi Moreno-Romero,2016-09-04T19:22:58Z
50636,Plantatge,ca,"","",,Catalan,Jordi Moreno-Romero,2016-09-06T13:30:24Z
62498,herba de Sant Jaume,ca,"","",,Catalan,Jordi Moreno-Romero,2016-09-11T08:50:51Z
204496,Cornella negra,ca,"","",,Catalan,Jordi Moreno-Romero,2016-09-11T08:59:26Z
204496,Cornella,ca,"","",,Catalan,Jordi Moreno-Romero,2016-09-11T08:59:55Z
204496,Cucala,ca,"","",,Catalan,Jordi Moreno-Romero,2016-09-11T09:02:28Z
55854,Estramoni,ca,"","",,Catalan,Eduardo Martínez,2016-09-12T21:11:39Z
84778,Escarabat de la patata,ca,"","",,Catalan,Eduardo Martínez,2016-09-12T21:18:38Z
62207,bella de nit,ca,"","",,Catalan,Eduardo Martínez,2016-09-12T21:21:32Z
83157,Hortènsies,ca,"","",,Catalan,Jordi Moreno-Romero,2016-09-17T19:05:29Z
118662,Oblada,ca,"","",,Catalan,Jordi Moreno-Romero,2016-09-18T15:05:29Z
493712,Camforada,ca,"","",,Catalan,Fabien Piednoir,2016-09-19T13:32:28Z
493904,Sargantana cendrosa,ca,"","",,Catalan,Xavier Béjar,2016-09-21T07:15:45Z
82876,Aladern de fulla ampla,ca,"","",,Catalan,Jordi Moreno-Romero,2016-09-23T09:34:31Z
507418,Seneci blanc,ca,"","",,Catalan,Eduardo Martínez,2016-09-25T14:54:17Z
333813,Tigre del plàtan,ca,"","",,Catalan,Jordi Moreno-Romero,2016-09-27T11:39:41Z
141725,Bernat Pudent,ca,"","",,Catalan,Jordi Moreno-Romero,2016-09-27T12:07:33Z
508919,Rascletó,ca,"","",,Catalan,Eduardo Martínez,2016-09-29T02:28:30Z
508920,Rasclet,ca,"","",,Catalan,Eduardo Martínez,2016-09-29T02:29:08Z
82848,Rogeta,ca,"","",,Catalan,Jordi Moreno-Romero,2016-09-29T23:14:50Z
335853,Vidiella,ca,"","",,Catalan,Jordi Moreno-Romero,2016-09-29T23:21:49Z
82601,Matabou,ca,"","",,Catalan,Jordi Moreno-Romero,2016-09-29T23:27:31Z
82876,Fals aladern,ca,"","",,Catalan,Jordi Moreno-Romero,2016-10-01T10:10:01Z
487461,roldor,ca,"","",,Catalan,Jordi Moreno-Romero,2016-10-01T10:24:42Z
48686,Boga,ca,"","",,Catalan,Jordi Moreno-Romero,2016-10-10T12:11:11Z
48686,Balca,ca,"","",,Catalan,Jordi Moreno-Romero,2016-10-10T12:12:31Z
48685,boga de fulla ampla,ca,"","",,Catalan,Jordi Moreno-Romero,2016-10-10T15:35:53Z
82836,Matapoll,ca,"","",,Catalan,Jordi Moreno-Romero,2016-10-11T10:07:57Z
56163,Berbena,ca,"","",,Catalan,Jordi Moreno-Romero,2016-10-11T12:55:56Z
121993,Blaveta dels pèsols,ca,"","",,Catalan,Eduardo Martínez,2016-10-11T21:14:57Z
69821,Cedre,ca,"","",,Catalan,Eduardo Martínez,2016-10-11T21:16:21Z
129396,Foixarda,ca,"","",,Catalan,Jordi Moreno-Romero,2016-10-11T22:08:13Z
194437,Llora,ca,"","",,Catalan,jorditb,2016-10-12T13:48:25Z
194437,Cualbra morada,ca,"","",,Catalan,jorditb,2016-10-12T13:48:57Z
332501,Esclata-sang,ca,"","",,Catalan,jorditb,2016-10-12T13:50:04Z
56063,moixera de guilla,ca,"","",,Catalan,Eduardo Martínez,2016-10-13T20:22:46Z
54759,Llorer,ca,"","",,Catalan,Jordi Moreno-Romero,2016-10-14T20:39:19Z
54759,Llor,ca,"","",,Catalan,Jordi Moreno-Romero,2016-10-14T20:39:55Z
209483,Marcet,ca,"","",,Catalan,Jordi Moreno-Romero,2016-10-15T07:40:50Z
475028,Polla blava,ca,"","",,Catalan,Jordi Moreno-Romero,2016-10-15T17:01:23Z
71180,Bracera,ca,"","",,Catalan,Jordi Moreno-Romero,2016-10-15T17:26:12Z
124031,Borinot de les corretjoles,ca,"","",,Catalan,Eduardo Martínez,2016-10-18T14:24:04Z
362607,Cetònia negra,ca,"","",,Catalan,jorditb,2016-10-18T16:23:33Z
83992,bedoll comú,ca,"","",,Catalan,Jordi Moreno-Romero,2016-11-13T10:15:02Z
52856,altimira,ca,"","",,Catalan,Jordi Moreno-Romero,2016-11-13T10:23:04Z
204484,Pioc hubara,ca,"","",,Catalan,Eduardo Martínez,2016-12-07T15:32:48Z
118640,Tacó,ca,"","",http://www.catalogueoflife.org/annual-checklist/details/species/id/10077382/common/56689,Catalan,Victor HOYEAU,2016-12-08T21:54:31Z
204455,Boscarla de canya,ca,"","",,Catalan,Carles Pastor,2016-12-09T10:59:39Z
5382,Voltor negre,ca,"","",,Catalan,Carles Pastor,2016-12-09T11:01:31Z
236935,Ánec pekin domestic,ca,"","",,Catalan,Carles Pastor,2016-12-09T11:08:04Z
7009,Oca pradenca,ca,"","",,Catalan,Carles Pastor,2016-12-09T11:11:31Z
7013,Oca riallera petita,ca,"","",,Catalan,Carles Pastor,2016-12-09T11:12:28Z
7014,Oca cigne,ca,"","",,Catalan,Carles Pastor,2016-12-09T11:13:20Z
19998,Mussol comú,ca,"","",,Catalan,Carles Pastor,2016-12-09T11:17:21Z
7102,Oca de coll roig,ca,"","",,Catalan,Carles Pastor,2016-12-09T11:23:35Z
72572,Pinsà trompeter,ca,"","",,Catalan,Carles Pastor,2016-12-09T11:25:14Z
116834,Cacatua de cresta groga,ca,"","",,Catalan,Carles Pastor,2016-12-09T11:26:44Z
7170,Ánec glacial,ca,"","",,Catalan,Carles Pastor,2016-12-09T11:38:48Z
3017,Colom roquer,ca,"","",,Catalan,Carles Pastor,2016-12-09T11:46:54Z
144757,Cormella emmantellada,ca,"","",,Catalan,Carles Pastor,2016-12-09T11:52:25Z
72785,Garsa blava,ca,"","",,Catalan,Carles Pastor,2016-12-09T11:54:23Z
6914,Cigne negre,ca,"","",,Catalan,Carles Pastor,2016-12-09T11:55:07Z
9196,Hortolá,ca,"","",,Catalan,Carles Pastor,2016-12-10T06:10:00Z
204512,Mastegatatxes,ca,"","",,Catalan,Carles Pastor,2016-12-10T06:19:28Z
882,Gall,ca,"","",,Catalan,Carles Pastor,2016-12-10T06:26:18Z
3609,Tortoreta diamant,ca,"","",,Catalan,Carles Pastor,2016-12-10T06:27:42Z
5305,Pigarg americà,ca,"","",,Catalan,Carles Pastor,2016-12-10T06:32:05Z
116918,Mosquiter icterina,ca,"","",,Catalan,Carles Pastor,2016-12-11T06:29:53Z
236883,abellera papallona petita,ca,"","",,Catalan,Xavier Béjar,2017-03-15T18:06:26Z
540328,Serp blanca,ca,"","",,Catalan,Eduardo Martínez,2017-03-24T06:52:12Z
111075,Blaveta de la farigola,ca,"","",,Catalan,Eduardo Martínez,2017-04-13T14:31:21Z
61223,Pomera silvestre,ca,"","",,Catalan,Eduardo Martínez,2017-04-13T14:33:32Z
58188,menta de ruc,ca,"","",,Catalan,Eduardo Martínez,2017-04-13T14:36:07Z
60082,frare de verneda,ca,"","",,Catalan,Xavier Béjar,2017-04-17T17:12:19Z
339593,Batallaire,ca,"","",,Catalan,Eduardo Martínez,2017-04-20T21:23:55Z
116999,Àguila pescadora,ca,"","",,Catalan,Eduardo Martínez,2017-04-20T21:26:55Z
204544,Pardal d'ala blanca,ca,"","",,Catalan,Eduardo Martínez,2017-04-20T21:29:15Z
41428,Zífid comí,ca,"","",,Catalan,Eduardo Martínez,2017-04-20T21:32:15Z
41545,Dofí rostrat,ca,"","",,Catalan,Eduardo Martínez,2017-04-20T21:33:36Z
40284,Ratpenat de peus grossos,ca,"","",,Catalan,Eduardo Martínez,2017-04-20T21:34:36Z
459252,Abrivat de cap pla,ca,"","",http://eol.org/pages/52615745,Catalan,,2017-04-27T00:02:03Z
56532,Gran paó de nit,ca,"","",,Catalan,Eduardo Martínez,2017-05-03T21:28:06Z
55819,Cucut,ca,"","",,Catalan,Eduardo Martínez,2017-05-03T21:34:37Z
9246,Canari,ca,"","",,Catalan,Eduardo Martínez,2017-05-09T11:05:50Z
52796,Margall bord,ca,"","",,Catalan,Eduardo Martínez,2017-05-12T13:51:01Z
51305,Tamariu,ca,"","",,Catalan,Eduardo Martínez,2017-05-12T14:43:22Z
79157,Lletsó fi,ca,"","",,Catalan,Eduardo Martínez,2017-05-12T16:11:07Z
181684,Pollancre del Canadà,ca,"","",,Catalan,Eduardo Martínez,2017-05-13T16:46:31Z
79519,Vinya,ca,"","",,Catalan,Eduardo Martínez,2017-05-13T16:48:14Z
53021,corretjola,ca,"","",,Catalan,Eduardo Martínez,2017-05-13T16:49:14Z
57030,cua de cavall grossa,ca,"","",,Catalan,Eduardo Martínez,2017-05-13T16:50:39Z
372739,Hexàpodes,ca,"","",,Catalan,jorditb,2017-05-15T11:46:07Z
49995,Sírfids,ca,"","",,Catalan,jorditb,2017-05-15T11:48:51Z
349248,arbre ampolla,ca,"","",,Catalan,Eduardo Martínez,2017-05-15T21:09:39Z
546379,Terrerola rogenca,ca,"","",,Catalan,Eduardo Martínez,2017-05-17T23:18:35Z
546520,herba pedrera,ca,"","",,Catalan,Eduardo Martínez,2017-05-19T10:17:32Z
360314,Born radiat,ca,"","",,Catalan,Eduardo Martínez,2017-05-22T06:55:19Z
546987,bàlec,ca,"","",,Catalan,Xavier Béjar,2017-05-24T10:57:57Z
56832,Vellutada del salze,ca,"","",,Catalan,Eduardo Martínez,2017-06-02T14:42:23Z
57354,Fals pebrer,ca,"","",,Catalan,Eduardo Martínez,2017-06-05T16:56:10Z
75379,Bàlsam,ca,"","",,Catalan,Eduardo Martínez,2017-06-05T17:16:12Z
53696,Auradeta,ca,"","",,Catalan,Eduardo Martínez,2017-06-07T06:55:37Z
552449,Plàtan,ca,"","",,Catalan,Eduardo Martínez,2017-07-08T09:22:48Z
360353,Escarabat blanc,ca,"","",,Catalan,Eduardo Martínez,2017-07-10T15:14:26Z
142299,Genciana groga,ca,"","",,Catalan,Eduardo Martínez,2017-07-17T15:15:06Z
122278,Caragol poma,ca,"","",,Catalan,Eduardo Martínez,2017-08-09T14:02:20Z
163450,gimnocarpi calcícola,ca,"","",,Catalan,Xavier Béjar,2017-08-10T16:08:23Z
54594,ou del diable,ca,"","",,Catalan,Xavier Béjar,2017-08-10T16:16:19Z
322341,epilobi alsinifoli,ca,"","",,Catalan,Xavier Béjar,2017-08-10T21:26:36Z
145650,matafoc de muntanya,ca,"","",,Catalan,Xavier Béjar,2017-08-10T22:42:29Z
68543,Pedrenca serpentina,ca,"","",,Catalan,Xavier Béjar,2017-08-14T12:58:11Z
57439,escorodònia,ca,"","",,Catalan,Xavier Béjar,2017-08-14T13:03:49Z
58934,salicària hisopifòlia,ca,"","",,Catalan,Xavier Béjar,2017-08-14T13:16:49Z
362516,agulletes de font,ca,"","",,Catalan,Xavier Béjar,2017-08-14T13:59:34Z
67826,Mataanyells,ca,"","",,Catalan,Xavier Béjar,2017-08-14T22:13:43Z
67826,Api de granota,ca,"","",,Catalan,Xavier Béjar,2017-08-14T22:14:04Z
82685,Vulnerària,ca,"","",,Catalan,Xavier Béjar,2017-08-21T22:21:29Z
81695,Abellera olorosa,ca,"","",,Catalan,Xavier Béjar,2017-08-21T23:06:22Z
325295,Papallona del boix,ca,"","",,Catalan,Xavier Béjar,2017-08-21T23:30:04Z
340495,Gall llengut,ca,"","",,Catalan,Xavier Béjar,2017-08-21T23:45:48Z
83085,flor caputxina,ca,"","",,Catalan,Xavier Béjar,2017-08-21T23:52:20Z
48538,gódua,ca,"","",,Catalan,Xavier Béjar,2017-08-24T21:58:54Z
129850,Ortiga pudent,ca,"","",,Catalan,Xavier Béjar,2017-08-26T09:16:24Z
160623,Cardigassa palustre,ca,"","",,Catalan,Xavier Béjar,2017-08-26T09:49:25Z
59779,Plantatge mitjà,ca,"","",,Catalan,Xavier Béjar,2017-08-26T13:43:57Z
56057,Margarida de prat,ca,"","",,Catalan,Xavier Béjar,2017-08-26T13:46:36Z
131621,Prunel·la grandiflora,ca,"","",,Catalan,Xavier Béjar,2017-08-26T13:50:09Z
360160,Herba de Sant Antoni,ca,"","",,Catalan,Xavier Béjar,2017-08-27T17:39:20Z
78157,llapó anguilenc,ca,"","",,Catalan,Xavier Béjar,2017-08-27T21:26:12Z
78157,volantí espigat,ca,"","",,Catalan,Xavier Béjar,2017-08-27T21:27:02Z
147078,Coure roent,ca,"","",,Catalan,Xavier Béjar,2017-08-27T22:54:23Z
62426,Papallona d'ullets,ca,"","",,Catalan,Xavier Béjar,2017-08-27T22:59:06Z
56225,Papallona de la c blanca,ca,"","",,Catalan,Xavier Béjar,2017-08-28T11:11:07Z
9237,Verderolet,ca,"","",,Catalan,Carles Pastor,2017-08-30T02:29:31Z
9237,Llucareta,ca,"","",,Catalan,Eduardo Martínez,2017-08-30T02:29:33Z
558438,Ànec cullerot,ca,"","",,Catalan,Eduardo Martínez,2017-08-30T03:46:24Z
558441,Ànec xiulador,ca,"","",,Catalan,Eduardo Martínez,2017-08-30T04:01:56Z
558439,Ànec griset,ca,"","",,Catalan,Eduardo Martínez,2017-08-30T04:13:28Z
122918,Llampuga borda,ca,"","",http://eol.org/pages/52600959,Catalan,Bobby McCabe,2017-08-30T04:59:47Z
52135,Farinera borda,ca,"","",http://eol.org/pages/52788221,Catalan,Li Jianong,2017-08-30T04:59:49Z
558992,Gamba borda,ca,"","",http://eol.org/pages/51538400,Catalan,,2017-08-30T04:59:50Z
558429,Xarrasclet,ca,"","",,Catalan,Eduardo Martínez,2017-08-30T05:20:08Z
558634,Passerell,ca,"","",,Catalan,Eduardo Martínez,2017-08-30T05:23:31Z
493202,Menta borda,ca,"","",,Catalan,Eduardo Martínez,2017-10-04T17:32:00Z
564969,llorer de Sant Antoni,ca,"","",,Catalan,Xavier Béjar,2017-10-06T20:04:46Z
564969,cameneri,ca,"","",,Catalan,Xavier Béjar,2017-10-06T20:04:46Z
39867,Tortuga d'estany,ca,"","",,Catalan,Xavier Béjar,2017-10-19T18:27:49Z
204113,Cérvol,ca,"Cataluña, ES","",,Catalan,max kirsch,2017-11-13T03:52:49Z
204272,alfàbrega borda,ca,"","",,Catalan,Xavier Béjar,2017-11-13T10:52:35Z
578607,Cogullada vulgar,ca,"","",,Catalan,max kirsch,2017-11-20T22:09:51Z
84281,Clinopodi,ca,"","",,Catalan,Eduardo Martínez,2017-11-25T15:31:55Z
424864,Sargantana ibèrica,ca,"","",,Catalan,Eduardo Martínez,2017-11-25T15:34:41Z
44282,Talpó muntanyenc,ca,"","",,Catalan,Eduardo Martínez,2017-11-25T15:37:00Z
74697,Ratpenat de Bechstein,ca,"","",,Catalan,Eduardo Martínez,2017-11-25T15:37:57Z
45748,Rata d'aigua,ca,"","",,Catalan,Eduardo Martínez,2017-11-25T15:38:57Z
46859,Musaranya aquàtica pirinenca,ca,"","",,Catalan,Eduardo Martínez,2017-11-25T15:40:22Z
46405,Musaranya de Millet,ca,"","",,Catalan,Eduardo Martínez,2017-11-25T15:41:50Z
47041,Almesquera,ca,"","",,Catalan,Eduardo Martínez,2017-11-25T15:42:54Z
27832,Ofegabous,ca,"","",,Catalan,Xavier Béjar,2017-11-27T15:37:18Z
58755,Falguera fràgil,ca,"","",,Catalan,John E. Christensen,2017-12-07T11:17:53Z
47115,Molluscs,ca,"","",,Catalan,John E. Christensen,2017-12-08T10:06:27Z
3,Ocells,ca,"","",,Catalan,John E. Christensen,2017-12-15T07:11:22Z
11858,Oreneta de cingle,ca,"","",,Catalan,John E. Christensen,2017-12-17T14:39:12Z
165289,melilot napolità,ca,"","",,Catalan,cassi saari,2018-01-04T22:09:42Z
61295,Blanca de l'arç,ca,"","",,Catalan,Eduardo Martínez,2018-01-08T09:19:39Z
321526,Papallona del lledoner,ca,"","",,Catalan,Eduardo Martínez,2018-01-08T09:21:11Z
48139,Saltícid,ca,"","",,Catalan,John E. Christensen,2018-01-18T15:42:11Z
48301,Peixet d'argent,ca,"","",,Catalan,John E. Christensen,2018-01-19T15:37:01Z
630955,Antòfils,ca,"","",,Catalan,cassi saari,2018-01-25T23:49:40Z
63224,Pixacà de garsa,ca,"","",,Catalan,Guifré Torruella,2018-01-30T18:51:36Z
48521,Bolet de tinta,ca,"","",,Catalan,Guifré Torruella,2018-01-30T19:11:32Z
55563,Margaridoia perenne,ca,"","",,Catalan,Guifré Torruella,2018-01-30T19:22:51Z
20847,Trogon de la Hispaniola,ca,"","",,Catalan,Francis Reyes,2018-02-10T17:29:09Z
77114,Cagamuja,ca,"","",,Catalan,Guifré Torruella,2018-02-15T11:07:14Z
98531,Dofins,ca,"","",,Catalan,John E. Christensen,2018-02-16T15:43:20Z
49612,Balístid,ca,"","",,Catalan,John E. Christensen,2018-02-20T14:25:21Z
231082,Sitona,ca,"","",,Catalan,Guifré Torruella,2018-03-12T15:13:42Z
451771,Olivella,ca,"","",,Catalan,juancalvo,2018-04-02T14:54:29Z
337708,Lotus marí,ca,"","",,Catalan,juancalvo,2018-04-04T17:32:37Z
333734,Bufalaga marina,ca,"","",,Catalan,juancalvo,2018-04-04T17:35:25Z
57504,Gavó groc,ca,"","",,Catalan,juancalvo,2018-04-04T17:39:08Z
82641,sempreviva borda,ca,"","",,Catalan,juancalvo,2018-04-04T17:43:53Z
76764,Llengua de bou,ca,"","",,Catalan,juancalvo,2018-04-04T18:12:27Z
30667,Vipèrids,ca,"","",,Catalan,John E. Christensen,2018-04-22T21:42:29Z
333677,Canyaferla,ca,"","",,Catalan,juancalvo,2018-04-23T14:18:56Z
76610,Pastanaga borda,ca,"","",,Catalan,juancalvo,2018-04-23T14:27:09Z
633980,Ull de bou,ca,"","",,Catalan,Eduardo Martínez,2018-05-02T12:12:50Z
67759,Coriandre,ca,"","",,Catalan,John E. Christensen,2018-05-06T07:28:04Z
507134,Sarró,ca,"","",,Catalan,John E. Christensen,2018-05-15T08:52:24Z
339416,Argelaga negra,ca,"","",,Catalan,jorditb,2018-05-19T22:49:21Z
322683,Escarabat butllofer,ca,"","",,Catalan,Eduardo Martínez,2018-05-27T14:56:42Z
132069,Xinxa roja,ca,"","",,Catalan,Eduardo Martínez,2018-05-27T15:06:46Z
62060,Bernat pudent verd,ca,"","",,Catalan,Eduardo Martínez,2018-05-27T15:08:49Z
358780,Blaveta del crespinell,ca,"","",,Catalan,jorditb,2018-05-28T08:40:02Z
55653,Bruna de prat,ca,"","",,Catalan,Eduardo Martínez,2018-05-29T14:23:06Z
55122,Empusa,ca,"","",,Catalan,Eduardo Martínez,2018-05-29T14:24:12Z
59698,Barqueta de Sant Pere,ca,"","",,Catalan,Eduardo Martínez,2018-05-29T14:25:39Z
243623,Abellera aranyosa,ca,"","",,Catalan,Eduardo Martínez,2018-05-29T14:26:23Z
60896,Verdeta d’ull blanc,ca,"","",,Catalan,Eduardo Martínez,2018-05-29T14:27:11Z
337771,Moreneta meridional,ca,"","",,Catalan,Eduardo Martínez,2018-05-29T14:39:38Z
68328,Escarabat del Sudari,ca,"","",,Catalan,Eduardo Martínez,2018-05-29T14:40:52Z
68354,Damer de la centàurea,ca,"","",,Catalan,Eduardo Martínez,2018-05-29T14:43:52Z
334385,Bruixa,ca,"","",,Catalan,Eduardo Martínez,2018-05-29T14:44:38Z
513926,Rascló occidental,ca,"","",,Catalan,Eduardo Martínez,2018-05-29T14:45:57Z
47779,Lliri groc,ca,"","",,Catalan,Eduardo Martínez,2018-05-29T14:47:26Z
133295,Damer roig,ca,"","",,Catalan,Eduardo Martínez,2018-05-29T14:50:09Z
51495,Aurora,ca,"","",,Catalan,Eduardo Martínez,2018-05-29T14:50:56Z
209691,Blaveta Estriada,ca,"","",,Catalan,Eduardo Martínez,2018-05-29T17:36:46Z
52586,Card marià,ca,"","",,Catalan,Eduardo Martínez,2018-06-03T11:18:08Z
64161,Blat,ca,"","",,Catalan,Eduardo Martínez,2018-06-03T11:19:50Z
57182,Ordi,ca,"","",,Catalan,Eduardo Martínez,2018-06-03T11:20:57Z
125440,Freixe de fulla gran,ca,"","",,Catalan,Eduardo Martínez,2018-06-03T11:22:49Z
362049,Brocat de la cefalària,ca,"","",,Catalan,jorditb,2018-06-03T17:12:45Z
154388,Borinot del til·ler,ca,"","",,Catalan,Eduardo Martínez,2018-06-04T21:59:51Z
60982,Rave de mar,ca,"","",,Catalan,Eduardo Martínez,2018-06-04T22:03:06Z
47802,Cuca Peluda del Suro,ca,"","",,Catalan,jorditb,2018-06-07T16:41:52Z
49322,Bàlsam,ca,"","",,Catalan,jorditb,2018-06-08T13:42:27Z
144792,Oreneta cuarogenca,ca,"","",,Catalan,jorditb,2018-06-10T13:28:42Z
124184,Arna índia de la farina,ca,"","",,Catalan,jorditb,2018-06-12T07:40:39Z
451026,Candela de bruc,ca,"","",,Catalan,jorditb,2018-06-12T08:34:00Z
451026,Pampa,ca,"","",,Catalan,jorditb,2018-06-12T08:34:37Z
78837,Capironat,ca,"","",,Catalan,jorditb,2018-06-12T15:33:35Z
61781,Dard ros,ca,"","",,Catalan,jorditb,2018-06-14T10:46:00Z
325871,Capgròs comú,ca,"","",,Catalan,jorditb,2018-06-14T14:11:54Z
144757,Cornella Emmantellada,ca,"","",,Catalan,Guifré Torruella,2018-06-18T14:03:50Z
58991,Verdolaga,ca,"","",,Catalan,jorditb,2018-06-21T17:10:07Z
333932,Marbrada zebrada,ca,"","",,Catalan,Eduardo Martínez,2018-06-24T11:35:26Z
78346,Cascall,ca,"","",,Catalan,biblio_alfatà,2018-06-27T09:54:04Z
82838,blenera sinuada,ca,"","",,Catalan,jorditb,2018-06-29T16:15:54Z
338352,All bord,ca,"","",,Catalan,Eduardo Martínez,2018-06-29T23:34:03Z
71412,Hipericàcia,ca,"","",,Catalan,John E. Christensen,2018-07-01T16:51:04Z
362093,Daurat fosc,ca,"","",,Catalan,jorditb,2018-07-01T18:12:16Z
56083,Porquet de Sant Antoni,ca,"","",,Catalan,biblio_alfatà,2018-07-03T11:17:57Z
82688,Bruc boal,ca,"","",,Catalan,jorditb,2018-07-04T14:15:44Z
64222,Triclàdides,ca,"","",,Catalan,Planarian Ed,2018-07-05T17:47:00Z
333586,Cuc de terra,ca,"","",,Catalan,John E. Christensen,2018-07-11T14:00:24Z
162699,Panical,ca,"","",,Catalan,jorditb,2018-07-11T16:06:14Z
57057,Userda,ca,"","",,Catalan,jorditb,2018-07-13T11:34:09Z
734833,Crespinell gros,ca,"","",,Catalan,Eduardo Martínez,2018-07-13T16:16:31Z
123811,Marbrada comuna,ca,"","",,Catalan,jorditb,2018-07-18T08:06:20Z
372376,Herba del sucre,ca,"","",,Catalan,Eduardo Martínez,2018-07-18T15:02:44Z
52764,herba del traidor,ca,"","",,Catalan,Bodo Nuñez Oberg,2018-07-21T16:41:50Z
748354,saltarel·la de cova oriental,ca,"","",,Catalan,Xavier Béjar,2018-07-31T08:19:21Z
82177,Mosca soldat negra,ca,"","",,Catalan,jorditb,2018-08-05T15:40:54Z
125720,Llora verda,ca,"","",,Catalan,jorditb,2018-08-08T11:06:15Z
141262,Caramuixa,ca,"","",,Catalan,Eduardo Martínez,2018-08-11T15:29:35Z
765528,Ratpenat muntanyenc,ca,"","",,Catalan,Eduardo Martínez,2018-08-14T03:19:28Z
233683,Galeruca de l'om,ca,"","",,Catalan,malvasilvestre,2018-08-22T09:25:35Z
79461,om de fulla petita,ca,"","",,Catalan,Xavier Béjar,2018-08-26T10:35:34Z
362066,Damer dels conillets,ca,"","",,Catalan,jorditb,2018-08-27T09:33:33Z
774894,blècnum,ca,"","",,Catalan,Xavier Béjar,2018-08-30T14:51:36Z
77550,jonc agut,ca,"","",,Catalan,Josep Gesti,2018-09-15T12:07:48Z
47459,Cefalòpodes,ca,"","",,Catalan,Bobby McCabe,2018-09-18T02:17:08Z
49315,Pop roquer,ca,"","",,Catalan,Bobby McCabe,2018-09-18T03:13:46Z
514218,camagroc,ca,"","",http://eol.org/pages/36057484,Catalan,,2018-09-20T00:41:45Z
765394,sauquer,ca,"","",,Catalan,cassi saari,2018-09-28T13:11:38Z
147298,Margenera comuna,ca,"","",,Catalan,jorditb,2018-10-08T16:01:46Z
372759,Coleoïdeus,ca,"","",,Catalan,Bobby McCabe,2018-10-09T05:43:57Z
372759,Dibranquis,ca,"","",,Catalan,Bobby McCabe,2018-10-09T05:44:25Z
48863,Pop gegant del Pacífic Nord,ca,"","",,Catalan,Bobby McCabe,2018-10-09T16:38:11Z
48863,Pop gegant de Califòrnia,ca,"","",,Catalan,Bobby McCabe,2018-10-09T16:38:39Z
48864,Pops gegants,ca,"","",,Catalan,Bobby McCabe,2018-10-09T16:59:55Z
664263,Pop gegant del Sud,ca,"","",,Catalan,Bobby McCabe,2018-10-09T17:01:00Z
129582,Bellaombra,ca,"","",,Catalan,Eduardo Martínez,2018-10-14T14:02:39Z
461265,Cargol poma tacat,ca,"","",,Catalan,Eduardo Martínez,2018-10-15T06:34:22Z
699757,Pop gegant de Patagònia,ca,"","",,Catalan,Bobby McCabe,2018-10-17T14:57:45Z
388991,Pop gegant de Nova Zelanda,ca,"","",,Catalan,Bobby McCabe,2018-10-17T14:59:35Z
253680,Pop de serpentina,ca,"","",,Catalan,Bobby McCabe,2018-10-18T03:08:57Z
699529,Pop martell,ca,"","",,Catalan,Bobby McCabe,2018-10-18T03:12:39Z
560935,Pop membranós del sud,ca,"","",,Catalan,Bobby McCabe,2018-10-18T03:16:45Z
49056,Pop azulòn,ca,"","",,Catalan,Bobby McCabe,2018-10-18T14:06:11Z
339939,Tiranosaure,ca,"","",,Catalan,Bobby McCabe,2018-10-22T03:30:56Z
41964,Lleó,ca,"","",,Catalan,Bobby McCabe,2018-10-22T03:56:37Z
41970,Jaguar,ca,"","",,Catalan,Bobby McCabe,2018-10-22T04:19:50Z
41967,Tigre,ca,"","",,Catalan,Bobby McCabe,2018-10-22T05:05:38Z
74831,Lleopard de les neus,ca,"","",,Catalan,Bobby McCabe,2018-10-22T05:22:18Z
74831,Pantera de les neus,ca,"","",,Catalan,Bobby McCabe,2018-10-22T05:22:34Z
41955,Guepard,ca,"","",,Catalan,Bobby McCabe,2018-10-22T12:54:04Z
41659,Panda gegant,ca,"","",,Catalan,Bobby McCabe,2018-10-23T00:20:46Z
41644,Ós blanc,ca,"","",,Catalan,Bobby McCabe,2018-10-23T20:40:03Z
41644,Ós polar,ca,"","",,Catalan,Bobby McCabe,2018-10-23T20:40:19Z
41638,Ós negre americà,ca,"","",,Catalan,Bobby McCabe,2018-10-23T21:51:23Z
41647,Ós d'Àsia,ca,"","",,Catalan,Bobby McCabe,2018-10-24T13:45:04Z
447428,Pop blanc,ca,"","",,Catalan,Bobby McCabe,2018-10-26T00:41:40Z
82646,Olivarda,ca,"","",,Catalan,jorditb,2018-10-26T07:18:42Z
791928,Morró,ca,"","",,Catalan,Eduardo Martínez,2018-11-02T21:41:56Z
792228,anagall d’aiguamoll,ca,"","",,Catalan,Xavier Béjar,2018-11-03T00:45:13Z
792977,Picot garser petit,ca,"","",,Catalan,Eduardo Martínez,2018-11-05T15:58:35Z
792985,Picot garser mitjà,ca,"","",,Catalan,Eduardo Martínez,2018-11-05T16:01:23Z
793469,Reietó,ca,"Cataluña, ES","",,Catalan,Eduardo Martínez,2018-11-06T02:58:57Z
43694,Elefant africà de sabana,ca,"","",,Catalan,Bobby McCabe,2018-11-10T23:08:12Z
357910,Elefant africà de bosc,ca,"","",,Catalan,Bobby McCabe,2018-11-10T23:54:55Z
569099,Lleó de les cavernes,ca,"","",,Catalan,Bobby McCabe,2018-11-14T02:56:05Z
162161,Esquitxagossos,ca,"","",,Catalan,John E. Christensen,2018-11-16T08:50:16Z
43697,Elefant asiàtic,ca,"","",,Catalan,Bobby McCabe,2018-11-22T17:10:48Z
42405,Búfal africà,ca,"","",,Catalan,Bobby McCabe,2018-11-24T17:47:36Z
516814,Búfal cafre,ca,"","",,Catalan,Bobby McCabe,2018-11-24T17:48:06Z
43348,Rinoceront blanc,ca,"","",,Catalan,Bobby McCabe,2018-11-26T13:23:09Z
47162,Poals,ca,"","",,Catalan,John E. Christensen,2018-11-30T08:21:09Z
36982,Escíncid,ca,"","",,Catalan,John E. Christensen,2018-12-06T10:01:12Z
48607,Trompeta de la mort,ca,"","",,Catalan,jorditb,2018-12-11T20:39:19Z
63255,Bromosa,ca,"","",,Catalan,jorditb,2018-12-11T21:02:55Z
823684,Gessamí groc,ca,"","",,Catalan,Eduardo Martínez,2018-12-15T16:49:37Z
121943,Falgueres,ca,"","",,Catalan,John E. Christensen,2018-12-17T16:20:50Z
77965,Camamilla,ca,"","",,Catalan,John E. Christensen,2018-12-21T14:44:25Z
56992,Caps blancs,ca,"","",,Catalan,jorditb,2018-12-28T17:32:25Z
58960,Cervina,ca,"","",,Catalan,jorditb,2018-12-28T17:34:27Z
348814,Cresta de gall,ca,"","",,Catalan,jorditb,2018-12-28T18:35:48Z
7006,Anserinis,ca,"","",,Catalan,John E. Christensen,2019-01-04T08:41:09Z
8034,Corb del desert,ca,"","",,Catalan,John E. Christensen,2019-01-06T08:55:32Z
253737,Calamar vampir,ca,"","",,Catalan,Bobby McCabe,2019-01-08T18:15:33Z
520585,Esquirol llistat siberià,ca,"","",,Catalan,Eduardo Martínez,2019-01-14T21:31:15Z
852333,Mussaranya etrusca,ca,"","",,Catalan,Eduardo Martínez,2019-01-14T23:32:11Z
851014,Xacal daurat,ca,"","",,Catalan,Bobby McCabe,2019-01-14T23:36:34Z
848319,Marsupials,ca,"","",,Catalan,Bobby McCabe,2019-01-18T21:19:51Z
42412,Bou mesquer,ca,"","",,Catalan,Bobby McCabe,2019-01-20T17:35:50Z
4756,Zopilot capvermell,ca,"","",,Catalan,John E. Christensen,2019-01-23T10:07:09Z
48836,Ofiuroïdeu,ca,"","",,Catalan,John E. Christensen,2019-01-27T08:25:26Z
53294,Lletsó,ca,"","",,Catalan,jorditb,2019-01-31T23:29:31Z
132448,llima,ca,"","",http://www.catalogueoflife.org/annual-checklist/details/species/id/7040167/common/273536,Catalan,Valerie Anderson,2019-02-01T19:37:24Z
179786,herba fetgera,ca,"","",,Catalan,Xavier Béjar,2019-02-11T13:46:25Z
639660,Herba fetgera,ca,"","",,Catalan,Eduardo Martínez,2019-02-11T13:55:32Z
4356,Gavina cendrosa,ca,"","",,Catalan,jorditb,2019-02-12T17:20:43Z
9765,sergent de muscle daurat,ca,"","",https://eol.org/pages/45511153,Catalan,Ilya Burylov,2019-02-20T23:29:03Z
9764,sergent de muscle groc,ca,"","",https://eol.org/pages/1052037,Catalan,Ilya Burylov,2019-02-20T23:29:03Z
47398,Bernat ermità,ca,"","",,Catalan,John E. Christensen,2019-02-24T13:32:14Z
55826,Miosotis de bosc,ca,"","",https://eol.org/pages/580089,Catalan,,2019-02-27T17:44:00Z
43698,Rosegadors,ca,"","",,Catalan,John E. Christensen,2019-03-05T06:32:03Z
47458,Polp,ca,"","",,Catalan,Bobby McCabe,2019-03-05T13:06:43Z
47458,Pop,ca,"","",,Catalan,Bobby McCabe,2019-03-05T13:06:53Z
56292,Lleterola,ca,"","",,Catalan,Eduardo Martínez,2019-03-11T22:14:59Z
55655,Coure Comú,ca,"","",,Catalan,jorditb,2019-03-13T15:31:27Z
119664,Barrinadora dels Geranis,ca,"","",,Catalan,Eduardo Martínez,2019-03-24T19:47:18Z
133387,Ericàcies,ca,"","",,Catalan,John E. Christensen,2019-04-07T11:58:23Z
81542,Dromedari,ca,"","",,Catalan,Bobby McCabe,2019-04-11T14:28:28Z
118552,Gat,ca,"","",,Catalan,John E. Christensen,2019-04-14T11:43:35Z
551307,Taurons,ca,"","",,Catalan,Bobby McCabe,2019-04-16T20:06:38Z
43236,Ornitorinc,ca,"","",,Catalan,Bobby McCabe,2019-04-18T15:22:14Z
60786,Flor de vent,ca,"","",,Catalan,Eduardo Martínez,2019-04-20T14:21:28Z
57470,Curraià blanc,ca,"","",,Catalan,Eduardo Martínez,2019-04-20T14:25:37Z
153440,Arbre de l'amor,ca,"","",,Catalan,Eduardo Martínez,2019-04-20T14:28:21Z
68838,Malcoratge,ca,"","",,Catalan,Eduardo Martínez,2019-04-20T14:29:08Z
102821,Cavallet de mar de cresta,ca,"","",,Catalan,Eduardo Martínez,2019-04-20T14:31:00Z
70045,Acant,ca,"","",,Catalan,Eduardo Martínez,2019-04-20T14:34:20Z
51779,Matafoc comú,ca,"","",,Catalan,Eduardo Martínez,2019-04-20T14:35:10Z
75609,Falzia roja,ca,"","",,Catalan,Eduardo Martínez,2019-04-20T14:36:43Z
56299,Card cardener,ca,"","",,Catalan,Eduardo Martínez,2019-04-20T14:38:20Z
141751,Faune bru,ca,"","",,Catalan,Eduardo Martínez,2019-04-20T14:41:48Z
51751,Gatosa europea,ca,"","",,Catalan,Eduardo Martínez,2019-04-20T14:43:09Z
55971,Herba remuguera,ca,"","",,Catalan,Eduardo Martínez,2019-04-20T14:44:07Z
61334,Grandalla,ca,"","",,Catalan,Eduardo Martínez,2019-04-20T14:45:47Z
77365,Herba berruguera,ca,"","",,Catalan,Eduardo Martínez,2019-04-20T14:47:21Z
79109,Alfàbrega de ca,ca,"","",,Catalan,Eduardo Martínez,2019-04-20T14:48:20Z
64261,Xiprer,ca,"","",,Catalan,Eduardo Martínez,2019-04-20T14:52:25Z
82591,Dauradella,ca,"","",,Catalan,Eduardo Martínez,2019-04-20T14:53:30Z
201627,Llagosta migratòria,ca,"","",,Catalan,Eduardo Martínez,2019-04-20T14:56:49Z
162707,Card marí,ca,"","",,Catalan,Eduardo Martínez,2019-04-20T14:58:52Z
82925,Tàrrec comú,ca,"","",,Catalan,Eduardo Martínez,2019-04-20T15:00:03Z
208988,Marroneta de la taca blava,ca,"","",,Catalan,Eduardo Martínez,2019-04-20T15:02:17Z
56303,Carlina,ca,"","",,Catalan,Eduardo Martínez,2019-04-20T15:06:00Z
130558,Genciana acaule,ca,"","",,Catalan,Eduardo Martínez,2019-04-20T15:11:46Z
118936,Papallona tigre,ca,"","",,Catalan,Eduardo Martínez,2019-04-20T15:12:54Z
47435,Lot corniculat,ca,"","",,Catalan,Eduardo Martínez,2019-04-20T15:13:58Z
55721,Colitx,ca,"","",,Catalan,Eduardo Martínez,2019-04-20T15:17:49Z
55727,Picardia,ca,"","",,Catalan,Eduardo Martínez,2019-04-20T15:20:24Z
82602,Fonoll marí,ca,"","",,Catalan,Eduardo Martínez,2019-04-20T15:21:50Z
84298,Castanyer d'Índia comú,ca,"","",,Catalan,Eduardo Martínez,2019-04-20T15:25:05Z
108799,Apol·lo,ca,"","",,Catalan,Eduardo Martínez,2019-04-20T15:25:55Z
338533,Xinxa d'angles blancs,ca,"","",,Catalan,jorditb,2019-04-26T14:06:14Z
85553,Serps,ca,"","",,Catalan,John E. Christensen,2019-04-28T07:11:15Z
82814,Lotus de l'Índia,ca,"","",,Catalan,John E. Christensen,2019-05-05T10:37:41Z
130079,Sabater Llaüt,ca,"","",,Catalan,Jofre,2019-05-05T15:52:35Z
128137,Clavell violaci,ca,"","",,Catalan,jorditb,2019-05-06T10:04:07Z
74113,Bou,ca,"","",,Catalan,Bobby McCabe,2019-05-07T14:21:13Z
74113,Toro,ca,"","",,Catalan,Bobby McCabe,2019-05-07T14:21:23Z
343021,Vidriol,ca,"","",,Catalan,jorditb,2019-05-27T20:46:26Z
61267,Heteròpters,ca,"","",,Catalan,John E. Christensen,2019-06-13T08:58:34Z
81923,Bernat marbrat marró,ca,"","",,Catalan,Jofre,2019-06-19T10:13:05Z
163184,Gali palustre,ca,"","",https://eol.org/pages/1108130,Catalan,,2019-06-30T10:06:34Z
84328,Gali,ca,"","",https://eol.org/pages/1110399,Catalan,,2019-06-30T10:06:35Z
430052,Bernat de l'argelaga,ca,"","",,Catalan,jorditb,2019-07-05T08:52:52Z
57563,Herbacol,ca,"","",,Catalan,John E. Christensen,2019-07-06T09:46:23Z
361905,Cigala grossa,ca,"","",,Catalan,jorditb,2019-07-15T07:11:31Z
49236,Clupeid,ca,"","",https://eol.org/pages/6893,Catalan,max kirsch,2019-07-16T11:10:51Z
74442,Capibara,ca,"","",,Catalan,Bobby McCabe,2019-07-17T20:58:33Z
363514,Clavell de pastor,ca,"","",,Catalan,Jofre,2019-07-24T08:01:40Z
76647,Clavell de prat,ca,"","",,Catalan,Jofre,2019-07-24T08:04:54Z
322051,Serpoll,ca,"","",,Catalan,Jofre,2019-07-24T08:33:32Z
166549,Salsufragi,ca,"","",,Catalan,Jofre,2019-07-24T08:38:11Z
79025,crespinell blanc,ca,"","",,Catalan,Jofre,2019-07-24T08:43:46Z
334591,Matafoc teranyinós,ca,"","",,Catalan,Jofre,2019-07-24T08:45:23Z
123449,aster alpí,ca,"","",,Catalan,Jofre,2019-07-24T08:51:15Z
899657,Llimac d'Espadà,ca,"","",,Catalan,Bobby McCabe,2019-07-24T16:25:55Z
922459,Gat Fer,ca,"","",,Catalan,Bobby McCabe,2019-08-15T14:32:00Z
7120,Ànec Mut,ca,"","",,Catalan,Eduardo Martínez,2019-08-17T15:54:34Z
59346,Petit paó de nit,ca,"","",,Catalan,Eduardo Martínez,2019-08-17T15:57:52Z
3863,Territ becllarg,ca,"","",,Catalan,Eduardo Martínez,2019-08-17T15:59:35Z
209233,Cavall,ca,"","",,Catalan,Eduardo Martínez,2019-08-17T16:00:32Z
7101,Oca de galta blanca,ca,"","",,Catalan,Eduardo Martínez,2019-08-17T16:04:26Z
123070,Cabra Domèstica,ca,"","",,Catalan,Eduardo Martínez,2019-08-17T16:15:56Z
144537,Xatrac gros,ca,"","",,Catalan,Eduardo Martínez,2019-08-17T16:19:25Z
40576,Nòctul gegant,ca,"","",,Catalan,Eduardo Martínez,2019-08-17T16:22:25Z
41298,Ratpenat cuallarg europeu,ca,"","",,Catalan,Eduardo Martínez,2019-08-17T16:23:05Z
7019,Oca riallera grossa,ca,"","",,Catalan,Eduardo Martínez,2019-08-17T16:25:57Z
509656,Baldriga cendrosa,ca,"","",,Catalan,Eduardo Martínez,2019-08-17T16:29:38Z
117026,Mosquiter de Hume,ca,"","",,Catalan,Eduardo Martínez,2019-08-17T16:32:44Z
4224,Cabussó gris,ca,"","",,Catalan,Eduardo Martínez,2019-08-17T16:35:14Z
13133,Papamosques de collar,ca,"","",,Catalan,Eduardo Martínez,2019-08-17T16:37:21Z
3802,Mascarell comú,ca,"","",,Catalan,Eduardo Martínez,2019-08-17T16:39:23Z
14110,Diamant zebrat,ca,"","",,Catalan,Eduardo Martínez,2019-08-17T16:40:11Z
121578,Ovella,ca,"","",,Catalan,Eduardo Martínez,2019-08-17T16:42:14Z
18982,Amazona d'ales taronja,ca,"","",,Catalan,Eduardo Martínez,2019-08-17T16:45:46Z
578093,Terrerola vulgar,ca,"","",,Catalan,Eduardo Martínez,2019-08-17T16:48:58Z
559064,Arpella pàl·lida,ca,"","",,Catalan,Eduardo Martínez,2019-08-17T16:50:06Z
40314,Ratpenat de bigotis,ca,"","",,Catalan,Eduardo Martínez,2019-08-17T16:50:52Z
40317,Ratpenat de musell agut,ca,"","",,Catalan,Eduardo Martínez,2019-08-17T16:52:02Z
40391,Ratpenat fals,ca,"","",,Catalan,Eduardo Martínez,2019-08-17T16:52:30Z
46860,Musaranya aquàtica mediterrània,ca,"","",,Catalan,Eduardo Martínez,2019-08-17T16:55:06Z
43059,Eriçó clar,ca,"","",,Catalan,Eduardo Martínez,2019-08-17T16:55:31Z
569428,Mostela,ca,"","",,Catalan,Eduardo Martínez,2019-08-17T16:56:03Z
855297,Teixó,ca,"","",,Catalan,Bobby McCabe,2019-08-19T21:17:57Z
855297,Toixó,ca,"","",,Catalan,Bobby McCabe,2019-08-19T21:18:08Z
855311,Gos viverrí,ca,"","",,Catalan,Bobby McCabe,2019-08-19T22:49:54Z
925661,Geneta,ca,"","",,Catalan,Bobby McCabe,2019-08-20T16:53:22Z
545061,Òlbia,ca,"","",,Catalan,jorditb,2019-08-20T19:30:13Z
53398,eucaliptus blau,ca,"","",https://eol.org/pages/301421,Catalan,Thomas Mesaglio,2019-08-23T19:06:44Z
545482,Calcida blanca,ca,"","",,Catalan,Eduardo Martínez,2019-09-08T16:37:01Z
229792,peu de rata anisat,ca,"","",https://eol.org/pages/11445701,Catalan,,2019-09-16T17:06:44Z
54228,peu de rata estret,ca,"","",https://eol.org/pages/195722,Catalan,,2019-09-16T17:06:44Z
48770,peu de rata bord,ca,"","",https://eol.org/pages/195717,Catalan,,2019-09-16T17:06:45Z
125366,peu de rata gris,ca,"","",https://eol.org/pages/6666103,Catalan,,2019-09-16T17:06:45Z
352176,peu de rata groc,ca,"","",https://eol.org/pages/1007252,Catalan,,2019-09-16T17:06:46Z
636795,Romaní,ca,"","",https://www.inaturalist.org/taxon_names/323172/edit,Catalan,Errol Véla,2019-09-19T19:27:10Z
201042,aligot culblanc,ca,"","",https://eol.org/pages/1048444,Catalan,,2019-09-23T17:51:59Z
558613,gafarró culblanc,ca,"","",https://eol.org/pages/45515726,Catalan,Raúl MT,2019-09-23T17:51:59Z
9293,eufònia culblanca,ca,"","",https://eol.org/pages/45510374,Catalan,,2019-09-23T17:52:00Z
950603,buixol blanc,ca,"","",https://www.inaturalist.org/taxon_names/209786/edit,Catalan,,2019-10-03T09:44:24Z
950596,Anèmona groga,ca,"","",https://www.inaturalist.org/taxon_names/803588/edit,Catalan,,2019-10-03T13:49:30Z
505478,Gall,ca,"","",,Catalan,John E. Christensen,2019-10-05T14:35:53Z
55016,Xoriguer,ca,"","",,Catalan,Bernat Garrigós,2019-10-14T15:14:17Z
55016,Verat volador,ca,"","",,Catalan,Bernat Garrigós,2019-10-14T15:14:36Z
118624,Agulleta,ca,"","",,Catalan,Bernat Garrigós,2019-10-14T15:20:28Z
775410,Bolet d'esca de bedoll,ca,"","",,Catalan,Jose G. Macia Vicente,2019-10-20T17:53:58Z
71134,espígol dentat,ca,"","",,Catalan,Pablo de la Fuente Brun,2019-10-25T17:02:47Z
72281,gerani,ca,"","",,Catalan,John E. Christensen,2019-10-26T07:12:20Z
52554,Tord,ca,"","",,Catalan,Bernat Garrigós,2019-10-29T19:17:00Z
52554,Llavió,ca,"","",,Catalan,Bernat Garrigós,2019-10-29T19:17:16Z
621911,Lluerna,ca,"","",,Catalan,Bernat Garrigós,2019-11-01T17:55:06Z
621911,Rafalet,ca,"","",,Catalan,Bernat Garrigós,2019-11-01T17:55:24Z
962637,Jacint d'aigua,ca,"","",https://www.inaturalist.org/taxon_names/773382/edit,Catalan,Yoshimasa Uchiyama,2019-11-06T23:53:16Z
465764,Saltamartí Capgrós,ca,"","",,Catalan,Noé Liria Alfonso,2019-11-08T08:11:46Z
211194,Traqueobionts,ca,"","",,Catalan,Arnau Duran,2019-11-15T17:13:15Z
48662,monarca,ca,"","",,Catalan,Arnau Duran,2019-11-15T17:23:40Z
47120,Artròpodes,ca,"","",,Catalan,Arnau Duran,2019-11-15T17:25:24Z
144128,Miriàpodes,ca,"","",,Catalan,Arnau Duran,2019-11-15T17:26:16Z
245097,Quelicerats,ca,"","",,Catalan,Arnau Duran,2019-11-15T17:26:48Z
85493,Crustacis,ca,"","",,Catalan,Arnau Duran,2019-11-15T17:26:58Z
68235,Hemicordats,ca,"","",,Catalan,Arnau Duran,2019-11-15T17:27:27Z
47491,Anèl·lids,ca,"","",,Catalan,Arnau Duran,2019-11-15T17:27:50Z
122158,Braquiòpodes,ca,"","",,Catalan,Arnau Duran,2019-11-15T17:28:01Z
47125,Angiospermes,ca,"","",,Catalan,Arnau Duran,2019-11-15T17:31:44Z
136329,Pinòpsids,ca,"","",,Catalan,Arnau Duran,2019-11-15T17:32:02Z
47623,Licopodiòpsides,ca,"","",,Catalan,Arnau Duran,2019-11-15T17:32:14Z
85497,Sarcopterigis,ca,"","",,Catalan,Arnau Duran,2019-11-15T17:33:53Z
797045,Àgnats,ca,"","",,Catalan,Arnau Duran,2019-11-15T17:34:08Z
60450,Holocèfals,ca,"","",,Catalan,Arnau Duran,2019-11-15T17:34:22Z
47273,Elasmobranquis,ca,"","",,Catalan,Arnau Duran,2019-11-15T17:34:36Z
129726,Cefalocordats,ca,"","",,Catalan,Arnau Duran,2019-11-15T17:35:06Z
130868,Tunicats,ca,"","",,Catalan,Arnau Duran,2019-11-15T17:35:20Z
20979,Anurs,ca,"","",,Catalan,Arnau Duran,2019-11-15T17:35:49Z
26718,Caudats,ca,"","",,Catalan,Arnau Duran,2019-11-15T17:36:42Z
27880,Gimnofions,ca,"","",,Catalan,Arnau Duran,2019-11-15T17:36:56Z
25473,Rànids,ca,"","",,Catalan,Arnau Duran,2019-11-15T17:37:18Z
6912,Anàtids,ca,"","",,Catalan,Arnau Duran,2019-11-15T17:39:08Z
60395,Branquiòpodes,ca,"","",,Catalan,Arnau Duran,2019-11-15T17:42:03Z
144129,Cephalocarida,ca,"","",,Catalan,Arnau Duran,2019-11-15T17:42:18Z
151826,Acantocèfals,ca,"","",,Catalan,Arnau Duran,2019-11-15T17:42:55Z
68104,Briozous,ca,"","",,Catalan,Arnau Duran,2019-11-15T17:43:07Z
151827,Quetògnats,ca,"","",,Catalan,Arnau Duran,2019-11-15T17:43:22Z
47534,Cnidaris,ca,"","",,Catalan,Arnau Duran,2019-11-15T17:43:50Z
51508,Ctenòfors,ca,"","",,Catalan,Arnau Duran,2019-11-15T17:44:02Z
124337,Tardígrads,ca,"","",,Catalan,Arnau Duran,2019-11-15T17:44:33Z
311249,Molses,ca,"","",,Catalan,Arnau Duran,2019-11-15T17:46:19Z
47208,Coleòpters,ca,"","",,Catalan,Arnau Duran,2019-11-15T18:56:28Z
184884,Pterigots,ca,"","",,Catalan,Arnau Duran,2019-11-15T18:56:46Z
48301,Zigentoms,ca,"","",,Catalan,Arnau Duran,2019-11-15T18:57:24Z
461443,Arqueògnats,ca,"","",,Catalan,Arnau Duran,2019-11-15T18:57:38Z
47157,Lepidòpters,ca,"","",,Catalan,Arnau Duran,2019-11-15T18:58:04Z
47792,Odonats,ca,"","",,Catalan,Arnau Duran,2019-11-15T18:58:22Z
47744,Hemípters,ca,"","",,Catalan,Arnau Duran,2019-11-15T18:58:40Z
47651,Ortòpters,ca,"","",,Catalan,Arnau Duran,2019-11-15T18:59:06Z
47201,Himenòpters,ca,"","",,Catalan,Arnau Duran,2019-11-15T18:59:21Z
47822,Dípters,ca,"","",,Catalan,Arnau Duran,2019-11-15T18:59:37Z
67688,Celífers,ca,"","",,Catalan,Arnau Duran,2019-11-15T19:00:17Z
132694,Ensífers,ca,"","",,Catalan,Arnau Duran,2019-11-15T19:00:30Z
47649,Acrídids,ca,"","",,Catalan,Arnau Duran,2019-11-15T19:01:00Z
47163,Liliòpsids,ca,"","",,Catalan,Arnau Duran,2019-11-15T19:08:03Z
47124,Magnoliòpsids,ca,"","",,Catalan,Arnau Duran,2019-11-15T19:08:18Z
42347,Isard,ca,"","",,Catalan,Arnau Duran,2019-11-15T19:11:23Z
848316,Prototeris,ca,"","",,Catalan,Arnau Duran,2019-11-15T19:12:12Z
43233,Monotremes,ca,"","",,Catalan,Arnau Duran,2019-11-15T19:12:33Z
848317,Teris,ca,"","",,Catalan,Arnau Duran,2019-11-15T19:13:08Z
848320,Placentaris,ca,"","",,Catalan,Arnau Duran,2019-11-15T19:13:41Z
848323,Euarcontoglirs,ca,"","",,Catalan,Arnau Duran,2019-11-15T19:14:02Z
848324,Laurasiateris,ca,"","",,Catalan,Arnau Duran,2019-11-15T19:14:16Z
848321,Afroteris,ca,"","",,Catalan,Arnau Duran,2019-11-15T19:14:29Z
848322,Xenartres,ca,"","",,Catalan,Arnau Duran,2019-11-15T19:14:46Z
41573,Carnívors,ca,"","",,Catalan,Arnau Duran,2019-11-15T19:15:14Z
152870,Artiodàctils,ca,"","",,Catalan,Arnau Duran,2019-11-15T19:15:29Z
424850,Remugants,ca,"","",,Catalan,Arnau Duran,2019-11-15T19:15:50Z
42241,Bòvids,ca,"","",,Catalan,Arnau Duran,2019-11-15T19:16:08Z
42158,Cèrvids,ca,"","",,Catalan,Arnau Duran,2019-11-15T19:16:21Z
42427,Antilocàprids,ca,"","",,Catalan,Arnau Duran,2019-11-15T19:16:35Z
42153,Giràfids,ca,"","",,Catalan,Arnau Duran,2019-11-15T19:16:51Z
4262,Corbs marins,ca,"","",,Catalan,Arnau Duran,2019-11-16T13:34:49Z
6888,Anseriformes,ca,"","",,Catalan,Arnau Duran,2019-11-16T13:36:40Z
71261,Accipitriformes,ca,"","",,Catalan,Arnau Duran,2019-11-16T13:37:07Z
7251,Passeriformes,ca,"","",,Catalan,Arnau Duran,2019-11-16T13:37:26Z
67561,Caradriformes,ca,"","",,Catalan,Arnau Duran,2019-11-16T13:37:51Z
2708,Columbiformes,ca,"","",,Catalan,Arnau Duran,2019-11-16T13:38:02Z
67566,Pelicaniformes,ca,"","",,Catalan,Arnau Duran,2019-11-16T13:38:23Z
53438,Roses,ca,"","",,Catalan,Arnau Duran,2019-11-16T13:47:42Z
47148,Rosàcies,ca,"","",,Catalan,Arnau Duran,2019-11-16T13:48:15Z
47132,Rosals,ca,"","",,Catalan,Arnau Duran,2019-11-16T13:48:36Z
47605,Asterals,ca,"","",,Catalan,Arnau Duran,2019-11-16T13:49:18Z
48151,Lamials,ca,"","",,Catalan,Arnau Duran,2019-11-16T13:49:35Z
47791,Mirtals,ca,"","",,Catalan,Arnau Duran,2019-11-16T13:49:59Z
48232,Ranunculals,ca,"","",,Catalan,Arnau Duran,2019-11-16T13:50:27Z
47366,Cariofil·lals,ca,"","",,Catalan,Arnau Duran,2019-11-16T13:50:47Z
71275,Brassicals,ca,"","",,Catalan,Arnau Duran,2019-11-16T13:51:02Z
53781,Cannabàcies,ca,"","",,Catalan,Arnau Duran,2019-11-16T13:52:10Z
26172,Escatosos,ca,"","",,Catalan,Arnau Duran,2019-11-16T13:54:06Z
85552,Saures,ca,"","",,Catalan,Arnau Duran,2019-11-16T13:54:22Z
26039,Crocodilis,ca,"","",,Catalan,Arnau Duran,2019-11-16T13:55:02Z
39532,Tortugues,ca,"","",,Catalan,Arnau Duran,2019-11-16T13:55:20Z
26162,Rincocèfals,ca,"","",,Catalan,Arnau Duran,2019-11-16T13:55:45Z
85550,Amfisbenis,ca,"","",,Catalan,Arnau Duran,2019-11-16T13:56:11Z
36074,Frinosomàtids,ca,"","",,Catalan,Arnau Duran,2019-11-16T13:56:35Z
26504,Colúbrids,ca,"","",,Catalan,Arnau Duran,2019-11-16T13:57:34Z
21359,Bufònids,ca,"","",,Catalan,Arnau Duran,2019-11-16T13:58:22Z
47735,Diplòpodes,ca,"","",,Catalan,Arnau Duran,2019-11-16T13:59:37Z
49556,Quilòpodes,ca,"","",,Catalan,Arnau Duran,2019-11-16T13:59:51Z
71268,Suliformes,ca,"","",,Catalan,Arnau Duran,2019-11-16T14:03:22Z
430578,Cua de rata,ca,"","",https://www.inaturalist.org/taxon_names/832012/edit,Catalan,Victor HOYEAU,2019-11-17T04:20:15Z
47604,Asteràcies,ca,"","",,Catalan,Arnau Duran,2019-11-17T08:47:51Z
632790,Asteròidies,ca,"","",,Catalan,Arnau Duran,2019-11-17T08:48:25Z
201654,Carduòidies,ca,"","",,Catalan,Arnau Duran,2019-11-17T08:48:48Z
447425,Cicoriòidies,ca,"","",,Catalan,Arnau Duran,2019-11-17T08:49:08Z
56993,Lobulària,ca,"","",,Catalan,Arnau Duran,2019-11-17T09:30:01Z
359450,Cicòries,ca,"","",,Catalan,Arnau Duran,2019-11-18T13:29:56Z
47363,Gencianals,ca,"","",,Catalan,Arnau Duran,2019-11-18T13:33:02Z
47693,Rubiàcies,ca,"","",,Catalan,Arnau Duran,2019-11-18T13:33:24Z
47362,Apocinàcies,ca,"","",,Catalan,Arnau Duran,2019-11-18T13:33:53Z
373579,Asclepiadòidies,ca,"","",,Catalan,Arnau Duran,2019-11-18T13:34:19Z
52351,Seder,ca,"","",,Catalan,Arnau Duran,2019-11-18T13:35:12Z
48700,Apials,ca,"","",,Catalan,Arnau Duran,2019-11-18T13:38:44Z
48699,Apiàcies,ca,"","",,Catalan,Arnau Duran,2019-11-18T13:39:18Z
52849,Araliàcies,ca,"","",,Catalan,Arnau Duran,2019-11-18T13:39:41Z
71272,Aqüifolials,ca,"","",,Catalan,Arnau Duran,2019-11-18T13:40:14Z
47181,Ericals,ca,"","",,Catalan,Arnau Duran,2019-11-18T13:40:40Z
51820,Malpighials,ca,"","",,Catalan,Arnau Duran,2019-11-18T13:41:04Z
48515,Solanals,ca,"","",,Catalan,Arnau Duran,2019-11-18T13:41:30Z
48516,Solanàcies,ca,"","",,Catalan,Arnau Duran,2019-11-18T13:41:44Z
523723,Boraginals,ca,"","",,Catalan,Arnau Duran,2019-11-18T13:42:02Z
48526,Dipsacals,ca,"","",,Catalan,Arnau Duran,2019-11-18T13:42:17Z
47853,Fagals,ca,"","",,Catalan,Arnau Duran,2019-11-18T13:42:29Z
47123,Fabals,ca,"","",,Catalan,Arnau Duran,2019-11-18T13:42:40Z
47690,Geranials,ca,"","",,Catalan,Arnau Duran,2019-11-18T13:42:57Z
47729,Sapindals,ca,"","",,Catalan,Arnau Duran,2019-11-18T13:43:08Z
71291,Vitals,ca,"","",,Catalan,Arnau Duran,2019-11-18T13:43:18Z
51596,Pitosporàcies,ca,"","",,Catalan,Arnau Duran,2019-11-18T13:43:40Z
47195,Cornals,ca,"","",,Catalan,Arnau Duran,2019-11-18T13:44:00Z
372868,Pentatomomorfs,ca,"","",,Catalan,Arnau Duran,2019-11-18T13:48:14Z
47742,Pentatòmids,ca,"","",,Catalan,Arnau Duran,2019-11-18T13:48:37Z
71979,Aràujia,ca,"","",,Catalan,Arnau Duran,2019-11-18T14:54:38Z
47122,Fabàcies,ca,"","",,Catalan,Arnau Duran,2019-11-19T18:06:17Z
507502,Fabòidies,ca,"","",,Catalan,Arnau Duran,2019-11-19T18:06:38Z
373578,Mimosòidies,ca,"","",,Catalan,Arnau Duran,2019-11-19T18:08:58Z
324170,Cesalpiniòidies,ca,"","",,Catalan,Arnau Duran,2019-11-19T18:09:33Z
243773,Entògnats,ca,"","",,Catalan,Arnau Duran,2019-11-19T18:12:04Z
49470,Col·lèmbols,ca,"","",,Catalan,Arnau Duran,2019-11-19T18:12:23Z
47793,Dermàpters,ca,"","",,Catalan,Arnau Duran,2019-11-19T18:13:33Z
48763,Neuròpters,ca,"","",,Catalan,Arnau Duran,2019-11-19T18:13:47Z
62164,Tricòpters,ca,"","",,Catalan,Arnau Duran,2019-11-19T18:14:06Z
48112,Mantodeus,ca,"","",,Catalan,Arnau Duran,2019-11-19T18:14:25Z
47549,Equinoderms,ca,"","",,Catalan,Arnau Duran,2019-11-19T18:15:50Z
481959,Asterozous,ca,"","",,Catalan,Arnau Duran,2019-11-19T18:16:19Z
774753,Equinozous,ca,"","",,Catalan,Arnau Duran,2019-11-19T18:16:33Z
774752,Crinozous,ca,"","",,Catalan,Arnau Duran,2019-11-19T18:16:44Z
47668,Asteroïdeus,ca,"","",,Catalan,Arnau Duran,2019-11-19T18:17:05Z
48160,Centàurees,ca,"","",,Catalan,Arnau Duran,2019-11-19T18:18:01Z
48623,Lamiàcies,ca,"","",,Catalan,Arnau Duran,2019-11-20T11:59:03Z
520502,Nepetòidies,ca,"","",,Catalan,Arnau Duran,2019-11-20T11:59:27Z
48150,Boraginàcies,ca,"","",,Catalan,Arnau Duran,2019-11-20T13:47:38Z
48824,Porífers,ca,"","",,Catalan,Arnau Duran,2019-11-20T13:49:26Z
48824,Demospongis,ca,"","",,Catalan,Arnau Duran,2019-11-20T13:49:43Z
50898,Magnolials,ca,"","",,Catalan,Arnau Duran,2019-11-20T13:50:41Z
53581,Magnoliàcies,ca,"","",,Catalan,Arnau Duran,2019-11-20T13:51:00Z
83074,Magnòlia,ca,"","",,Catalan,Arnau Duran,2019-11-20T13:52:06Z
47167,Agaricals,ca,"","",,Catalan,Arnau Duran,2019-11-20T13:52:32Z
47169,Basidiomicots,ca,"","",,Catalan,Arnau Duran,2019-11-20T13:52:52Z
48250,Ascomicots,ca,"","",,Catalan,Arnau Duran,2019-11-20T13:53:19Z
50814,Agaricomicets,ca,"","",,Catalan,Arnau Duran,2019-11-20T13:53:37Z
47380,Poliporals,ca,"","",,Catalan,Arnau Duran,2019-11-20T13:54:02Z
5067,Accipítrids,ca,"","",,Catalan,Arnau Duran,2019-11-20T19:01:51Z
200958,Pandiònids,ca,"","",,Catalan,Arnau Duran,2019-11-20T19:02:46Z
200957,Sagitàrids,ca,"","",,Catalan,Arnau Duran,2019-11-20T19:03:14Z
5081,Àguila imperial ibèrica,ca,"","",,Catalan,Arnau Duran,2019-11-20T19:11:45Z
57017,Cràssula,ca,"","",,Catalan,Arnau Duran,2019-11-20T19:35:21Z
59261,Calèndula,ca,"","",,Catalan,Arnau Duran,2019-11-20T19:47:43Z
75931,Boixac de jardí,ca,"","",,Catalan,Arnau Duran,2019-11-20T19:49:03Z
51953,Taquínids,ca,"","",,Catalan,Arnau Duran,2019-11-20T19:51:49Z
48091,Braquícers,ca,"","",,Catalan,Arnau Duran,2019-11-20T19:52:18Z
372853,Ciclorrafs,ca,"","",,Catalan,Arnau Duran,2019-11-20T19:52:47Z
372865,Ortorrafs,ca,"","",,Catalan,Arnau Duran,2019-11-20T19:53:06Z
414448,Asquizis,ca,"","",,Catalan,Arnau Duran,2019-11-20T19:53:37Z
48089,Esquizòfors,ca,"","",,Catalan,Arnau Duran,2019-11-20T19:53:50Z
154259,Nematòcers,ca,"","",,Catalan,Arnau Duran,2019-11-20T19:55:28Z
179916,Tipulomorfs,ca,"","",,Catalan,Arnau Duran,2019-11-20T19:55:47Z
774833,Psicodomorfs,ca,"","",,Catalan,Arnau Duran,2019-11-20T19:56:01Z
153429,Culicomorfs,ca,"","",,Catalan,Arnau Duran,2019-11-20T19:56:23Z
489328,Bibionomorfs,ca,"","",,Catalan,Arnau Duran,2019-11-20T19:56:44Z
51225,Tipúlids,ca,"","",,Catalan,Arnau Duran,2019-11-20T19:57:11Z
56834,Embiòpters,ca,"","",,Catalan,Arnau Duran,2019-11-20T19:57:59Z
48011,Efemeròpters,ca,"","",,Catalan,Arnau Duran,2019-11-20T19:58:14Z
49369,Mecòpters,ca,"","",,Catalan,Arnau Duran,2019-11-20T19:58:27Z
47864,Megalòpters,ca,"","",,Catalan,Arnau Duran,2019-11-20T19:58:42Z
53795,Notòpters,ca,"","",,Catalan,Arnau Duran,2019-11-20T19:58:53Z
47198,Fasmatodeus,ca,"","",,Catalan,Arnau Duran,2019-11-20T19:59:30Z
47504,Plecòpters,ca,"","",,Catalan,Arnau Duran,2019-11-20T19:59:44Z
47794,Rafidiòpters,ca,"","",,Catalan,Arnau Duran,2019-11-20T20:00:13Z
83204,Sifonàpters,ca,"","",,Catalan,Arnau Duran,2019-11-20T20:00:29Z
83202,Estrepsípters,ca,"","",,Catalan,Arnau Duran,2019-11-20T20:00:48Z
83201,Tisanòpters,ca,"","",,Catalan,Arnau Duran,2019-11-20T20:01:02Z
83200,Zoràpters,ca,"","",,Catalan,Arnau Duran,2019-11-20T20:01:16Z
81769,Blatodeus,ca,"","",,Catalan,Arnau Duran,2019-11-20T20:01:44Z
52327,Amarantàcies,ca,"","",,Catalan,Arnau Duran,2019-11-21T11:02:30Z
47903,Cactus,ca,"","",,Catalan,Arnau Duran,2019-11-21T11:02:58Z
335455,Cactòidies,ca,"","",,Catalan,Arnau Duran,2019-11-21T11:03:26Z
461783,Opuntiòides,ca,"","",,Catalan,Arnau Duran,2019-11-21T11:03:58Z
71305,Cardinàlids,ca,"","",,Catalan,Arnau Duran,2019-11-21T14:06:59Z
9079,Fringíl·lids,ca,"","",,Catalan,Arnau Duran,2019-11-21T14:07:36Z
11989,Ictèrids,ca,"","",,Catalan,Arnau Duran,2019-11-21T14:07:59Z
59911,Mímids,ca,"","",,Catalan,Arnau Duran,2019-11-21T14:08:14Z
71349,Parúlids,ca,"","",,Catalan,Arnau Duran,2019-11-21T14:08:40Z
13685,Passèrids,ca,"","",,Catalan,Arnau Duran,2019-11-21T14:09:19Z
15977,Túrdids,ca,"","",,Catalan,Arnau Duran,2019-11-21T14:09:40Z
7823,Còrvids,ca,"","",,Catalan,Arnau Duran,2019-11-21T14:10:36Z
47233,Perciformes,ca,"","",,Catalan,Arnau Duran,2019-11-21T19:53:03Z
48300,Lepismàtids,ca,"","",,Catalan,Arnau Duran,2019-11-21T19:54:06Z
42157,Jirafa,ca,"","",,Catalan,Bobby McCabe,2019-11-24T17:57:55Z
136336,Cicadofitins,ca,"","",,Catalan,Arnau Duran,2019-11-29T09:23:23Z
151883,Gnetofitins,ca,"","",,Catalan,Arnau Duran,2019-11-29T09:23:50Z
47114,Gastròpodes,ca,"","",,Catalan,Arnau Duran,2019-12-02T13:42:39Z
551391,Heterobranquis,ca,"","",,Catalan,Arnau Duran,2019-12-02T13:43:06Z
246139,Cenogastròpodes,ca,"","",,Catalan,Arnau Duran,2019-12-02T13:43:22Z
47118,Aranyes,ca,"","",,Catalan,Arnau Duran,2019-12-04T09:32:13Z
120474,Araneomorfs,ca,"","",,Catalan,Arnau Duran,2019-12-04T09:32:39Z
342614,Entelgines,ca,"","",,Catalan,Arnau Duran,2019-12-04T09:33:04Z
319384,Araneoïdeus,ca,"","",,Catalan,Arnau Duran,2019-12-04T09:33:25Z
367200,Saltícids,ca,"","",,Catalan,Arnau Duran,2019-12-04T09:33:40Z
367176,Tomisoïdeus,ca,"","",,Catalan,Arnau Duran,2019-12-04T09:33:55Z
47535,Araneids,ca,"","",,Catalan,Arnau Duran,2019-12-04T09:35:02Z
47371,Terídids,ca,"","",,Catalan,Arnau Duran,2019-12-04T09:36:36Z
47754,Polipodials,ca,"","",,Catalan,Arnau Duran,2019-12-04T09:38:09Z
56002,Cardó comú,ca,"","",,Catalan,Arnau Duran,2019-12-09T07:33:21Z
54570,Menta,ca,"","",,Catalan,Arnau Duran,2019-12-10T12:55:50Z
102792,Faune gran,ca,"","",,Catalan,Arnau Duran,2019-12-10T12:58:03Z
63089,Clitel·lat,ca,"","",,Catalan,Arnau Duran,2019-12-13T11:29:24Z
54743,Lecanoromicets,ca,"","",,Catalan,Arnau Duran,2019-12-13T11:33:17Z
48327,Lecanorals,ca,"","",,Catalan,Arnau Duran,2019-12-13T11:33:45Z
47571,Trèmol,ca,"","",,Catalan,Arnau Duran,2019-12-13T19:06:03Z
53315,Ortiga petita,ca,"","",,Catalan,Arnau Duran,2019-12-13T19:06:47Z
52681,Falguera aquilina,ca,"","",,Catalan,Arnau Duran,2019-12-13T19:08:29Z
55845,Viola d'olor,ca,"","",,Catalan,Arnau Duran,2019-12-13T19:09:02Z
78563,Bambú groc,ca,"","",,Catalan,Arnau Duran,2019-12-13T19:09:28Z
47204,Brassicàcies,ca,"","",,Catalan,Arnau Duran,2019-12-17T18:22:39Z
79141,Morella vera,ca,"","",,Catalan,Arnau Duran,2019-12-19T16:11:12Z
47374,Cupressàcies,ca,"","",,Catalan,Arnau Duran,2019-12-19T16:11:38Z
167373,Cinc-en-rama,ca,"","",,Catalan,Arnau Duran,2019-12-19T16:12:54Z
47218,Asparagals,ca,"","",,Catalan,Arnau Duran,2019-12-22T13:39:35Z
465618,Asfodelòidies,ca,"","",,Catalan,Arnau Duran,2019-12-22T13:40:20Z
738833,Verònica austríaca,ca,"","",,Catalan,Arnau Duran,2019-12-22T13:43:05Z
50638,Plantaginàcies,ca,"","",,Catalan,Arnau Duran,2019-12-22T13:43:44Z
129115,Vídua borda,ca,"","",,Catalan,Arnau Duran,2019-12-22T16:33:23Z
146853,Lleteresa marina,ca,"","",,Catalan,Arnau Duran,2019-12-22T16:34:46Z
105559,Damer dels prats,ca,"","",,Catalan,Arnau Duran,2019-12-24T07:24:14Z
165772,Fonollada negra,ca,"","",,Catalan,Arnau Duran,2019-12-24T11:21:40Z
896175,Abellera catalana,ca,"","",,Catalan,Arnau Duran,2019-12-24T11:32:44Z
319036,Abellera banyuda,ca,"","",,Catalan,Arnau Duran,2019-12-24T11:33:19Z
47217,Orquídies,ca,"","",,Catalan,Arnau Duran,2019-12-24T11:33:43Z
738348,orquidòidies,ca,"","",,Catalan,Arnau Duran,2019-12-24T11:34:04Z
738346,Epidendròidies,ca,"","",,Catalan,Arnau Duran,2019-12-24T11:34:35Z
211065,Cipripediòidies,ca,"","",,Catalan,Arnau Duran,2019-12-24T11:35:05Z
168386,Sàlvia de fulla petita,ca,"","",,Catalan,Arnau Duran,2019-12-24T11:38:18Z
78678,Passacamins,ca,"","",,Catalan,Arnau Duran,2019-12-24T14:13:59Z
79068,xereix gràcil,ca,"","",,Catalan,Arnau Duran,2019-12-24T14:15:13Z
58085,Matallums,ca,"","",,Catalan,Arnau Duran,2019-12-24T14:15:46Z
124552,Argentina,ca,"","",,Catalan,Arnau Duran,2019-12-24T22:58:59Z
75371,All de vinya,ca,"","",,Catalan,Arnau Duran,2019-12-24T23:00:32Z
55849,Amaril·lidàcies,ca,"","",,Catalan,Arnau Duran,2019-12-24T23:02:17Z
204401,Englantiner,ca,"","",,Catalan,Arnau Duran,2019-12-25T09:03:33Z
162850,Lleteresa de camp,ca,"","",,Catalan,Arnau Duran,2019-12-25T09:07:11Z
60201,Trèvol subterrani,ca,"","",,Catalan,Arnau Duran,2019-12-25T09:08:23Z
52345,Convolvulàcies,ca,"","",,Catalan,Arnau Duran,2019-12-26T08:10:57Z
55271,Estrelleta,ca,"","",,Catalan,Arnau Duran,2019-12-26T08:12:14Z
47434,Poàcies,ca,"","",,Catalan,Arnau Duran,2019-12-26T08:12:55Z
363595,enfiladissa de ramell groc,ca,"","",,Catalan,Arnau Duran,2019-12-27T07:55:49Z
47781,iridàcies,ca,"","",,Catalan,Arnau Duran,2019-12-27T17:35:46Z
147294,Ruda vera,ca,"","",,Catalan,Arnau Duran,2019-12-28T10:45:45Z
50623,Rutàcies,ca,"","",,Catalan,Arnau Duran,2019-12-28T10:46:05Z
51886,Ortiga,ca,"","",,Catalan,Arnau Duran,2019-12-28T10:47:16Z
51885,Urticàcies,ca,"","",,Catalan,Arnau Duran,2019-12-28T10:48:39Z
41479,Delfínids,ca,"","",,Catalan,Arnau Duran,2019-12-28T12:33:11Z
925158,Whippomorfs,ca,"","",,Catalan,Arnau Duran,2019-12-28T12:33:31Z
152871,Cetacis,ca,"","",,Catalan,Arnau Duran,2019-12-28T12:33:46Z
48796,Malvals,ca,"","",,Catalan,Arnau Duran,2019-12-28T12:34:16Z
48797,Malvàcies,ca,"","",,Catalan,Arnau Duran,2019-12-28T12:34:53Z
860115,Malvòidies,ca,"","",,Catalan,Arnau Duran,2019-12-28T12:35:13Z
59270,Gossets,ca,"","",,Catalan,Arnau Duran,2019-12-28T14:48:24Z
966205,vern,ca,"","",,Catalan,Duarte Frade,2019-12-29T11:39:02Z
76480,Cama-roja,ca,"","",,Catalan,Arnau Duran,2020-01-06T11:07:37Z
61524,Tisoretes,ca,"","",https://eol.org/pages/473785,Catalan,Bobby McCabe,2020-01-08T20:26:06Z
53403,Ginesta de Montpeller,ca,"","",,Catalan,Arnau Duran,2020-01-16T07:58:19Z
53211,Matafoc,ca,"","",,Catalan,Arnau Duran,2020-01-25T10:52:12Z
57852,Arracadetes de la Mare de Déu,ca,"","",,Catalan,Arnau Duran,2020-01-25T10:56:59Z
129075,Fumdeterra,ca,"","",,Catalan,Arnau Duran,2020-01-25T10:57:53Z
63611,Sempreverd,ca,"","",,Catalan,Arnau Duran,2020-01-25T10:59:27Z
48318,Zingiberal,ca,"","",https://eol.org/pages/4248,Catalan,,2020-01-25T19:32:00Z
55722,gerani de prat,ca,"","",,Catalan,Arnau Duran,2020-01-27T18:22:54Z
131839,Genciana ciliada,ca,"","",,Catalan,Johan Devos,2020-01-29T17:26:33Z
48460,Vida,ca,"","",,Catalan,cassi saari,2020-01-30T18:11:09Z
52990,card d'ase,ca,"","",,Catalan,Arnau Duran,2020-02-01T09:54:29Z
61006,guixó hirsut,ca,"","",,Catalan,Arnau Duran,2020-02-01T09:55:46Z
47560,Pi canari,ca,"","",,Catalan,Arnau Duran,2020-02-01T09:56:31Z
52383,pi roig americà,ca,"","",,Catalan,Arnau Duran,2020-02-01T09:57:48Z
78247,Enotera rosa,ca,"","",,Catalan,Arnau Duran,2020-02-01T14:25:27Z
47790,Onagràcies,ca,"","",,Catalan,Arnau Duran,2020-02-01T14:25:58Z
319120,Llengua de ca,ca,"","",,Catalan,Arnau Duran,2020-02-01T14:26:49Z
872386,grelos,ca,"","",https://eol.org/pages/52254935,Catalan,,2020-02-07T15:22:11Z
204168,Licopodi annotí,ca,"","",https://www.inaturalist.org/taxon_names/1949096/edit,Catalan,,2020-02-22T06:35:46Z
331122,taronger,ca,"","",,Catalan,Arnau Duran,2020-02-22T09:34:28Z
55844,vinca petita,ca,"","",,Catalan,Arnau Duran,2020-02-22T11:59:53Z
75584,artemísia anual,ca,"","",,Catalan,Arnau Duran,2020-02-22T12:00:12Z
200942,Roure de fulla gran,ca,"","",,Catalan,Arnau Duran,2020-02-22T12:00:44Z
54498,Remolatxa,ca,"","",,Catalan,Arnau Duran,2020-02-22T12:01:25Z
71956,Àloe,ca,"","",,Catalan,Arnau Duran,2020-02-22T12:02:00Z
131236,virus,ca,"","",,Catalan,James K. Douch,2020-02-23T01:51:49Z
1024536,rèvola,ca,"","",https://www.inaturalist.org/taxon_names/1217965/edit,Catalan,Victor HOYEAU,2020-02-23T18:28:31Z
51111,Xilocopa,ca,"","",https://eol.org/pages/35910,Catalan,Stuart Longhorn,2020-02-24T03:38:24Z
41657,Ós d'antifaç,ca,"","",,Catalan,Bobby McCabe,2020-03-15T16:25:11Z
41657,Ós negre dels Andes,ca,"","",,Catalan,Bobby McCabe,2020-03-15T16:25:39Z
61387,Limanda,ca,"","",,Catalan,Bobby McCabe,2020-03-27T15:04:40Z
52152,Flox,ca,"","",https://eol.org/pages/11623390,Catalan,,2020-04-01T00:55:02Z
340942,Mufló,ca,"","",,Catalan,Bobby McCabe,2020-04-10T19:19:58Z
1067775,Úrial,ca,"","",,Catalan,Bobby McCabe,2020-04-10T19:43:24Z
891696,Garsa,ca,"","",,Catalan,John E. Christensen,2020-04-30T13:58:57Z
127588,cetonins,ca,"","",https://eol.org/pages/51395574,Catalan,Kitty Maurey,2020-04-30T19:11:16Z
67336,Nostocal,ca,"","",https://eol.org/pages/3241,Catalan,,2020-05-20T13:25:23Z
133488,desferracavalls,ca,"","",,Catalan,Arnau Duran,2020-05-23T12:53:10Z
56160,valeriana,ca,"","",,Catalan,Arnau Duran,2020-05-23T13:25:46Z
126914,trompeter,ca,"","",,Catalan,Arnau Duran,2020-05-23T13:26:21Z
82623,vincapervinca,ca,"","",,Catalan,Arnau Duran,2020-05-23T13:29:32Z
48229,botó d'or,ca,"","",,Catalan,Arnau Duran,2020-05-23T13:31:42Z
61470,esquellada,ca,"","",,Catalan,Arnau Duran,2020-05-23T13:34:48Z
47322,Orobancàcies,ca,"","",,Catalan,Arnau Duran,2020-05-23T13:38:07Z
47151,Escrofulariàcies,ca,"","",,Catalan,Arnau Duran,2020-05-23T13:38:25Z
49658,Liquidàmbar americà,ca,"","",,Catalan,Arnau Duran,2020-05-24T08:02:32Z
47443,Acàcia de Constantinoble,ca,"","",,Catalan,Arnau Duran,2020-05-24T08:03:44Z
55981,Herba de les mamelles,ca,"","",,Catalan,Arnau Duran,2020-05-24T08:08:05Z
467677,fumària de nou fulles,ca,"","",,Catalan,Arnau Duran,2020-05-24T08:09:48Z
76897,estenactis,ca,"","",,Catalan,Arnau Duran,2020-05-24T08:10:28Z
55411,Rave bord,ca,"","",,Catalan,Arnau Duran,2020-05-24T08:10:57Z
55149,Actinídia de la Xina,ca,"","",,Catalan,Arnau Duran,2020-05-24T08:12:09Z
48486,Coccinèl·lids,ca,"","",,Catalan,Arnau Duran,2020-05-24T08:12:44Z
71130,Polífags,ca,"","",,Catalan,Arnau Duran,2020-05-24T08:13:08Z
48201,Escarabèids,ca,"","",,Catalan,Arnau Duran,2020-05-24T08:13:25Z
61009,Pèsol bord,ca,"","",,Catalan,Arnau Duran,2020-05-24T08:14:19Z
52989,Lloba-carda,ca,"","",,Catalan,Arnau Duran,2020-05-24T13:17:03Z
82672,Estepa crespa,ca,"","",,Catalan,Arnau Duran,2020-05-24T13:17:50Z
56188,escanyagats,ca,"","",,Catalan,Arnau Duran,2020-05-24T13:19:27Z
79408,Peu de llebre,ca,"","",,Catalan,Arnau Duran,2020-05-24T13:20:03Z
57076,Trèvol campestre,ca,"","",,Catalan,Arnau Duran,2020-05-24T13:20:27Z
122912,porradell,ca,"","",,Catalan,Arnau Duran,2020-05-24T13:20:57Z
133244,barbassa,ca,"","",,Catalan,Arnau Duran,2020-05-24T13:22:03Z
56018,Tamariu africà,ca,"","",,Catalan,Arnau Duran,2020-05-24T13:23:18Z
82592,Falzia negra,ca,"","",,Catalan,Arnau Duran,2020-05-24T13:23:44Z
76664,Ravenissa mural,ca,"","",,Catalan,Arnau Duran,2020-05-24T13:24:13Z
48372,Briòpsides,ca,"","",,Catalan,Arnau Duran,2020-05-24T13:25:57Z
334347,Perlada de l'esbarzer,ca,"","",,Catalan,Arnau Duran,2020-05-24T13:28:10Z
179672,Marroneta de l’aranyoner,ca,"","",,Catalan,Arnau Duran,2020-05-24T13:28:33Z
362084,Blaveta de l’astràgal,ca,"","",,Catalan,Arnau Duran,2020-05-24T13:28:57Z
362087,Griseta mediterrània,ca,"","",,Catalan,Arnau Duran,2020-05-24T13:29:12Z
337856,Fals faune,ca,"","",,Catalan,Arnau Duran,2020-05-24T14:35:30Z
58468,Dard de taques blanques,ca,"","",,Catalan,Arnau Duran,2020-05-24T14:36:07Z
133434,Fúria,ca,"","",,Catalan,Arnau Duran,2020-05-24T14:36:47Z
47224,Papilionoïdeus,ca,"","",,Catalan,Arnau Duran,2020-05-24T14:37:09Z
48508,Pièrids,ca,"","",,Catalan,Arnau Duran,2020-05-24T14:37:34Z
47223,Papiliònids,ca,"","",,Catalan,Arnau Duran,2020-05-24T14:37:44Z
47922,Nimfàlids,ca,"","",,Catalan,Arnau Duran,2020-05-24T14:37:48Z
47923,Licènids,ca,"","",,Catalan,Arnau Duran,2020-05-24T14:38:00Z
47653,Hespèrids,ca,"","",,Catalan,Arnau Duran,2020-05-24T14:38:11Z
47607,Noctuoïdeus,ca,"","",,Catalan,Arnau Duran,2020-05-24T14:38:57Z
49531,Geometroïdeus,ca,"","",,Catalan,Arnau Duran,2020-05-24T14:39:04Z
49530,Geomètrids,ca,"","",,Catalan,Arnau Duran,2020-05-24T14:39:28Z
123033,Ennomins,ca,"","",,Catalan,Arnau Duran,2020-05-24T14:39:57Z
208963,Herba febrera,ca,"","",,Catalan,Arnau Duran,2020-05-25T07:54:59Z
76904,Cànem bord,ca,"","",,Catalan,Arnau Duran,2020-05-25T07:55:51Z
58127,Blet blanc,ca,"","",,Catalan,Arnau Duran,2020-05-25T07:56:15Z
129734,Fumdeterra,ca,"","",,Catalan,Arnau Duran,2020-05-25T07:57:22Z
77740,Troana,ca,"","",,Catalan,Arnau Duran,2020-05-25T07:57:46Z
79382,Tradescància,ca,"","",,Catalan,Arnau Duran,2020-05-25T09:15:54Z
48178,Galinsoga,ca,"","",,Catalan,Arnau Duran,2020-05-25T09:16:36Z
52329,Blet blanc,ca,"","",,Catalan,Arnau Duran,2020-05-25T09:17:24Z
245752,Blackstònies,ca,"","",,Catalan,Arnau Duran,2020-05-25T09:18:40Z
77835,Lligabosc del Japó,ca,"","",,Catalan,Arnau Duran,2020-05-25T09:19:11Z
53787,Fumàries,ca,"","",,Catalan,Arnau Duran,2020-05-25T09:20:44Z
47332,Papaveràcies,ca,"","",,Catalan,Arnau Duran,2020-05-25T09:21:00Z
48536,Aràcies,ca,"","",,Catalan,Arnau Duran,2020-05-25T09:21:51Z
48073,Alismatals,ca,"","",,Catalan,Arnau Duran,2020-05-25T09:22:06Z
48072,Alismatàcies,ca,"","",,Catalan,Arnau Duran,2020-05-25T09:22:22Z
54806,Freixes,ca,"","",,Catalan,Arnau Duran,2020-05-25T09:23:00Z
47733,Oleàcies,ca,"","",,Catalan,Arnau Duran,2020-05-25T09:23:13Z
47851,Alzines i roures,ca,"","",,Catalan,Arnau Duran,2020-05-25T09:23:51Z
49661,Liquidàmbars,ca,"","",,Catalan,Arnau Duran,2020-05-25T09:24:46Z
50999,Figueres i ficus,ca,"","",,Catalan,Arnau Duran,2020-05-25T12:40:24Z
78882,Roser de garlanda,ca,"","",,Catalan,Arnau Duran,2020-05-25T12:41:27Z
51768,Gallàrdia,ca,"","",,Catalan,Arnau Duran,2020-05-25T12:45:16Z
47329,Lilials,ca,"","",,Catalan,Arnau Duran,2020-05-25T12:46:11Z
47328,Liliàcies,ca,"","",,Catalan,Arnau Duran,2020-05-25T12:46:23Z
48928,Lliris,ca,"","",,Catalan,Arnau Duran,2020-05-25T12:47:17Z
56846,Julivert bord,ca,"","",,Catalan,Arnau Duran,2020-05-25T12:48:19Z
52720,Dàctil,ca,"","",,Catalan,Arnau Duran,2020-05-25T12:49:12Z
55607,Seneci del Cap,ca,"","",,Catalan,Arnau Duran,2020-05-25T12:49:59Z
53207,Senecis,ca,"","",,Catalan,Arnau Duran,2020-05-25T12:50:40Z
58321,Sapindàcies,ca,"","",,Catalan,Arnau Duran,2020-05-25T12:51:17Z
47727,Aurons,ca,"","",,Catalan,Arnau Duran,2020-05-25T12:51:46Z
53350,Castanyers bords,ca,"","",,Catalan,Arnau Duran,2020-05-25T12:52:58Z
53854,Grèvols,ca,"","",,Catalan,Arnau Duran,2020-05-25T12:54:04Z
53855,Aquifoliàcies,ca,"","",,Catalan,Arnau Duran,2020-05-25T12:54:57Z
54856,til·lers,ca,"","",,Catalan,Arnau Duran,2020-05-25T12:55:59Z
132600,Til·ler de fulla petita,ca,"","",,Catalan,Arnau Duran,2020-05-25T12:56:38Z
169761,Til·ler de fulla gran,ca,"","",,Catalan,Arnau Duran,2020-05-25T12:57:04Z
143800,Til·ler argentat,ca,"","",,Catalan,Arnau Duran,2020-05-25T12:57:09Z
410499,Til·ler comú,ca,"","",,Catalan,Arnau Duran,2020-05-25T12:57:27Z
208979,Marroneta del roure,ca,"","",,Catalan,Arnau Duran,2020-05-25T13:54:16Z
57156,Civada,ca,"","",,Catalan,Arnau Duran,2020-05-26T07:40:12Z
52697,Civades,ca,"","",,Catalan,Arnau Duran,2020-05-26T07:40:54Z
52696,Civada borda,ca,"","",,Catalan,Arnau Duran,2020-05-26T07:41:11Z
139557,astràgal sesamoide,ca,"","",,Catalan,Arnau Duran,2020-05-26T07:41:43Z
49370,Àstragals,ca,"","",,Catalan,Arnau Duran,2020-05-26T07:42:13Z
50856,Herba d'eruga,ca,"","",,Catalan,Arnau Duran,2020-05-26T07:42:59Z
451067,astràgal hamós,ca,"","",,Catalan,Arnau Duran,2020-05-26T07:45:45Z
83062,Roser inerme,ca,"","",,Catalan,Arnau Duran,2020-05-26T07:48:46Z
167993,Roser espinosíssim,ca,"","",,Catalan,Arnau Duran,2020-05-26T07:49:04Z
76465,Llengües de gat,ca,"","",,Catalan,Arnau Duran,2020-05-26T09:28:36Z
50321,Pèsols silvestres,ca,"","",,Catalan,Arnau Duran,2020-05-26T09:30:08Z
79009,Card de moro,ca,"","",,Catalan,Arnau Duran,2020-05-26T09:31:29Z
72352,Cardets,ca,"","",,Catalan,Arnau Duran,2020-05-26T09:31:48Z
57858,Anagall d'aigua,ca,"","",,Catalan,Arnau Duran,2020-05-26T09:32:16Z
109650,polaines blau,ca,"","",,Catalan,Arnau Duran,2020-05-26T09:33:04Z
53375,Cornera de jardí,ca,"","",,Catalan,Arnau Duran,2020-05-26T09:34:12Z
131833,Caragol cristià,ca,"","",,Catalan,Arnau Duran,2020-05-26T10:05:53Z
181543,Gerani,ca,"","",,Catalan,Arnau Duran,2020-05-26T10:09:47Z
33177,Gecònids,ca,"","",,Catalan,Arnau Duran,2020-05-26T10:10:47Z
47561,Pins,ca,"","",,Catalan,Arnau Duran,2020-05-26T10:15:34Z
59269,Coronil·les,ca,"","",,Catalan,Arnau Duran,2020-05-26T10:16:55Z
81870,Banya de cabra,ca,"","",,Catalan,Arnau Duran,2020-05-27T06:52:23Z
51726,Miosotis de camp,ca,"","",,Catalan,Arnau Duran,2020-05-27T06:53:01Z
78838,Gandalla,ca,"","",,Catalan,Arnau Duran,2020-05-27T08:26:33Z
465124,Timó mascle,ca,"","",,Catalan,Arnau Duran,2020-05-27T08:27:15Z
59417,Trèvol estrellat,ca,"","",,Catalan,Arnau Duran,2020-05-27T08:27:40Z
334746,Ungla del diable,ca,"","",,Catalan,Arnau Duran,2020-05-27T08:28:15Z
82632,Fàgnalon rupestre,ca,"","",,Catalan,Arnau Duran,2020-05-27T08:28:49Z
82914,Alfàbrega borda,ca,"","",,Catalan,Arnau Duran,2020-05-27T08:29:26Z
71192,Lli de flor groga,ca,"","",,Catalan,Arnau Duran,2020-05-27T08:29:51Z
129271,Alfals arbori,ca,"","",,Catalan,Arnau Duran,2020-05-27T08:30:47Z
78917,Ruda borda,ca,"","",,Catalan,Arnau Duran,2020-05-27T08:31:29Z
129853,Gerani sanguini,ca,"","",,Catalan,Arnau Duran,2020-05-27T08:32:12Z
58876,Policarp de quatre fulles,ca,"","",,Catalan,Arnau Duran,2020-05-27T08:32:41Z
58875,Policarps,ca,"","",,Catalan,Arnau Duran,2020-05-27T08:32:52Z
130398,Escac aranès,ca,"","",,Catalan,Arnau Duran,2020-05-27T08:34:17Z
56090,Morera blanca,ca,"","",,Catalan,Arnau Duran,2020-05-27T08:34:41Z
318952,Melissot,ca,"","",,Catalan,Arnau Duran,2020-05-27T08:36:14Z
55733,Calamoixes,ca,"","",,Catalan,Arnau Duran,2020-05-27T08:36:41Z
62924,Alegria,ca,"","",,Catalan,Arnau Duran,2020-05-27T08:37:35Z
77206,espunyidella blanca,ca,"","",,Catalan,Arnau Duran,2020-05-27T08:39:52Z
58961,Plantatge gros,ca,"","",,Catalan,Arnau Duran,2020-05-27T08:41:48Z
78259,Bufassa,ca,"","",,Catalan,Arnau Duran,2020-05-27T16:02:01Z
50859,Catalpa,ca,"","",,Catalan,Arnau Duran,2020-05-27T16:03:17Z
129107,Acàcia rosa,ca,"","",,Catalan,Arnau Duran,2020-05-28T15:40:13Z
167943,Acàcia viscosa,ca,"","",,Catalan,Arnau Duran,2020-05-28T15:40:49Z
52504,Roselles,ca,"","",,Catalan,Arnau Duran,2020-05-28T15:41:29Z
55151,Actinídies,ca,"","",,Catalan,Arnau Duran,2020-05-28T15:42:44Z
133395,Espígol,ca,"","",,Catalan,Arnau Duran,2020-05-28T15:43:29Z
55441,Trepadella,ca,"","",,Catalan,Arnau Duran,2020-05-28T15:44:27Z
63190,Alberginiera,ca,"","",,Catalan,Arnau Duran,2020-05-28T15:44:51Z
57317,Garlanda,ca,"","",,Catalan,Arnau Duran,2020-05-28T15:45:29Z
60491,Lli perenne,ca,"","",,Catalan,Arnau Duran,2020-05-28T15:45:56Z
51309,Llis,ca,"","",,Catalan,Arnau Duran,2020-05-28T15:46:07Z
57662,Lleteresa de bosc,ca,"","",,Catalan,Arnau Duran,2020-05-28T15:46:40Z
78592,Pitòspor,ca,"","",,Catalan,Arnau Duran,2020-05-28T15:47:05Z
82096,Magnòlies,ca,"","",,Catalan,Arnau Duran,2020-05-28T15:48:03Z
52468,Xeringuilla,ca,"","",,Catalan,Arnau Duran,2020-05-28T15:48:38Z
53453,Salzes,ca,"","",,Catalan,Arnau Duran,2020-05-28T15:49:04Z
347968,Margarita groga,ca,"","",,Catalan,Arnau Duran,2020-05-28T15:49:35Z
78820,Api bord,ca,"","",,Catalan,Arnau Duran,2020-05-28T15:50:13Z
245746,Centaura groga,ca,"","",,Catalan,Arnau Duran,2020-05-28T15:51:08Z
63735,Prunera,ca,"","",,Catalan,Arnau Duran,2020-05-28T15:51:33Z
47351,Pruneres i ametllers,ca,"","",,Catalan,Arnau Duran,2020-05-28T15:51:44Z
119792,Paulònia,ca,"","",,Catalan,Arnau Duran,2020-05-28T15:52:21Z
119794,Paulònies,ca,"","",,Catalan,Arnau Duran,2020-05-28T15:52:31Z
75475,Gram d'olor,ca,"","",,Catalan,Arnau Duran,2020-05-29T06:06:01Z
168947,Espinadella,ca,"","",,Catalan,Arnau Duran,2020-05-29T06:06:28Z
82660,Campaneta,ca,"","",,Catalan,Arnau Duran,2020-05-29T06:06:54Z
62211,Lloraga,ca,"","",,Catalan,Arnau Duran,2020-05-29T06:08:06Z
53186,Potentil·les,ca,"","",,Catalan,Arnau Duran,2020-05-29T06:08:21Z
53022,Campanetes,ca,"","",,Catalan,Arnau Duran,2020-05-29T06:09:11Z
135329,Podocarp,ca,"","",,Catalan,Arnau Duran,2020-05-29T10:13:46Z
62831,Alvocater,ca,"","",,Catalan,Arnau Duran,2020-05-29T10:14:16Z
60773,Vinyes,ca,"","",,Catalan,Arnau Duran,2020-05-29T10:14:47Z
333717,Llongera integrifòlia,ca,"","",,Catalan,Arnau Duran,2020-05-29T10:15:24Z
84344,Gratabous,ca,"","",,Catalan,Arnau Duran,2020-05-29T10:16:04Z
56091,Moreres,ca,"","",,Catalan,Arnau Duran,2020-05-29T10:17:16Z
67711,Sansevièries,ca,"","",,Catalan,Arnau Duran,2020-05-29T10:19:06Z
67710,Sansevièria,ca,"","",,Catalan,Arnau Duran,2020-05-29T10:20:09Z
331124,Llimoner,ca,"","",,Catalan,Arnau Duran,2020-05-29T10:21:43Z
52469,Hidrangeàcies,ca,"","",,Catalan,Arnau Duran,2020-05-29T10:22:55Z
47194,Cornàcies,ca,"","",,Catalan,Arnau Duran,2020-05-29T10:23:22Z
53922,Loasàcies,ca,"","",,Catalan,Arnau Duran,2020-05-29T10:23:34Z
35360,Lacèrtids,ca,"","",,Catalan,Arnau Duran,2020-05-29T14:56:40Z
49663,Platanàcies,ca,"","",,Catalan,Arnau Duran,2020-05-29T14:58:00Z
49664,Plataners,ca,"","",,Catalan,Arnau Duran,2020-05-29T14:58:32Z
49662,Plàtan americà,ca,"","",,Catalan,Arnau Duran,2020-05-29T14:58:50Z
181682,Plàtan oriental,ca,"","",,Catalan,Arnau Duran,2020-05-29T14:59:00Z
64516,Proteals,ca,"","",,Catalan,Arnau Duran,2020-05-29T14:59:20Z
64517,Proteàcies,ca,"","",,Catalan,Arnau Duran,2020-05-29T14:59:36Z
71577,Nelumbonàcies,ca,"","",,Catalan,Arnau Duran,2020-05-29T14:59:57Z
71281,Cucurbitals,ca,"","",,Catalan,Arnau Duran,2020-05-29T15:00:15Z
53400,Garrials,ca,"","",,Catalan,Arnau Duran,2020-05-29T15:00:26Z
48808,Laurals,ca,"","",,Catalan,Arnau Duran,2020-05-29T15:00:35Z
48809,Lauràcies,ca,"","",,Catalan,Arnau Duran,2020-05-29T15:00:44Z
60244,Piperals,ca,"","",,Catalan,Arnau Duran,2020-05-29T15:01:11Z
49669,Santalals,ca,"","",,Catalan,Arnau Duran,2020-05-29T15:01:19Z
68220,Zigofil·lals,ca,"","",,Catalan,Arnau Duran,2020-05-29T15:01:32Z
51120,Nimfeals,ca,"","",,Catalan,Arnau Duran,2020-05-29T15:02:02Z
70233,Oxalidals,ca,"","",,Catalan,Arnau Duran,2020-05-29T15:02:10Z
71282,Escal·lonials,ca,"","",,Catalan,Arnau Duran,2020-05-29T15:02:25Z
58226,Dil·lenials,ca,"","",,Catalan,Arnau Duran,2020-05-29T15:02:38Z
71280,Crossomatals,ca,"","",,Catalan,Arnau Duran,2020-05-29T15:03:08Z
153069,Clorantals,ca,"","",,Catalan,Arnau Duran,2020-05-29T15:03:37Z
152141,Amborel·lals,ca,"","",,Catalan,Arnau Duran,2020-05-29T15:03:49Z
71273,Austrobaileals,ca,"","",,Catalan,Arnau Duran,2020-05-29T15:04:03Z
71274,Berberidopsidals,ca,"","",,Catalan,Arnau Duran,2020-05-29T15:04:10Z
71276,Brunials,ca,"","",,Catalan,Arnau Duran,2020-05-29T15:04:20Z
71277,Buxals,ca,"","",,Catalan,Arnau Duran,2020-05-29T15:04:25Z
71057,Canel·lals,ca,"","",,Catalan,Arnau Duran,2020-05-29T15:04:32Z
47540,Celastrals,ca,"","",,Catalan,Arnau Duran,2020-05-29T15:04:43Z
153070,Ceratofil·lals,ca,"","",,Catalan,Arnau Duran,2020-05-29T15:04:48Z
550899,Metteniusals,ca,"","",,Catalan,Arnau Duran,2020-05-29T15:05:00Z
71285,Paracrifials,ca,"","",,Catalan,Arnau Duran,2020-05-29T15:05:17Z
71286,Picramnials,ca,"","",,Catalan,Arnau Duran,2020-05-29T15:05:23Z
71290,Trocodendrals,ca,"","",,Catalan,Arnau Duran,2020-05-29T15:05:33Z
550898,Vahlials,ca,"","",,Catalan,Arnau Duran,2020-05-29T15:05:42Z
71283,Gunnerals,ca,"","",,Catalan,Arnau Duran,2020-05-29T15:05:55Z
71284,Huerteals,ca,"","",,Catalan,Arnau Duran,2020-05-29T15:06:03Z
525326,Icacinals,ca,"","",,Catalan,Arnau Duran,2020-05-29T15:06:08Z
71289,Saxifragals,ca,"","",,Catalan,Arnau Duran,2020-05-29T15:06:20Z
71270,Acorals,ca,"","",,Catalan,Arnau Duran,2020-05-29T15:06:43Z
48866,Arecals,ca,"","",,Catalan,Arnau Duran,2020-05-29T15:06:46Z
51878,Dioscoreals,ca,"","",,Catalan,Arnau Duran,2020-05-29T15:07:05Z
62488,Pandanals,ca,"","",,Catalan,Arnau Duran,2020-05-29T15:07:09Z
62490,Petrosavials,ca,"","",,Catalan,Arnau Duran,2020-05-29T15:07:15Z
51047,Arboços,ca,"","",,Catalan,Arnau Duran,2020-05-29T15:55:00Z
48064,Primulàcies,ca,"","",,Catalan,Arnau Duran,2020-05-29T15:55:24Z
511792,Blaveta de l'espantallops,ca,"","",,Catalan,Joan C. Hinojosa,2020-05-30T16:49:01Z
57484,Blavet argiu,ca,"","",,Catalan,Joan C. Hinojosa,2020-05-30T16:50:23Z
335001,Niobe,ca,"","",,Catalan,Joan C. Hinojosa,2020-05-30T16:51:53Z
147328,Pandora,ca,"","",,Catalan,Joan C. Hinojosa,2020-05-30T16:52:52Z
344763,Safranera pàl·lida,ca,"","",,Catalan,Joan C. Hinojosa,2020-05-30T16:53:15Z
334984,Perlada de la filipèndula,ca,"","",,Catalan,Joan C. Hinojosa,2020-05-30T16:54:52Z
70105,Argentada de punts vermells,ca,"","",,Catalan,Joan C. Hinojosa,2020-05-30T16:55:18Z
154576,Blaveta lluent,ca,"","",,Catalan,Joan C. Hinojosa,2020-05-30T16:55:43Z
128544,Daurat de punta taronja,ca,"","",,Catalan,Joan C. Hinojosa,2020-05-30T16:56:28Z
103936,Morada del freixe,ca,"","",,Catalan,Joan C. Hinojosa,2020-05-30T16:58:46Z
102800,Faune lleonat,ca,"","",,Catalan,Joan C. Hinojosa,2020-05-30T16:59:44Z
102792,Faune gros,ca,"","",,Catalan,Joan C. Hinojosa,2020-05-30T17:01:24Z
111447,Merlet comú,ca,"","",,Catalan,Joan C. Hinojosa,2020-05-30T17:02:11Z
362071,Fals merlet,ca,"","",,Catalan,Joan C. Hinojosa,2020-05-30T17:02:46Z
480251,Morada,ca,"","",,Catalan,Joan C. Hinojosa,2020-05-30T17:03:21Z
357982,Donzella violeta,ca,"","",,Catalan,Joan C. Hinojosa,2020-05-30T17:04:01Z
62429,Saltabardisses europea,ca,"","",,Catalan,Joan C. Hinojosa,2020-05-30T17:04:34Z
343429,Coure tornassolat,ca,"","",,Catalan,Joan C. Hinojosa,2020-05-30T17:05:55Z
109983,Griseta de muntanya,ca,"","",,Catalan,Joan C. Hinojosa,2020-05-30T17:06:31Z
362090,Murri de la pimpinella,ca,"","",,Catalan,Joan C. Hinojosa,2020-05-30T17:07:08Z
334476,Marroneta de vellut,ca,"","",,Catalan,Joan C. Hinojosa,2020-05-30T17:07:50Z
343594,Blaveta fistonada,ca,"","",,Catalan,Joan C. Hinojosa,2020-05-30T17:08:25Z
109988,Griseta de vellut,ca,"","",,Catalan,Joan C. Hinojosa,2020-05-30T17:10:28Z
123629,Margenera grossa,ca,"","",,Catalan,Joan C. Hinojosa,2020-05-30T17:11:10Z
362046,Moreneta de muntanya,ca,"","",,Catalan,Joan C. Hinojosa,2020-05-30T17:11:50Z
100279,Muntanyesa grisa,ca,"","",,Catalan,Joan C. Hinojosa,2020-05-30T17:12:17Z
100293,Muntanyesa comuna,ca,"","",,Catalan,Joan C. Hinojosa,2020-05-30T17:12:43Z
52589,Lleonada comuna,ca,"","",,Catalan,Joan C. Hinojosa,2020-05-30T17:13:19Z
57495,Damer puntejat,ca,"","",,Catalan,Joan C. Hinojosa,2020-05-30T17:14:19Z
344363,Blaveta de ratlla blanca,ca,"","",,Catalan,Joan C. Hinojosa,2020-05-30T17:14:52Z
132890,Damer de la blenera,ca,"","",,Catalan,Joan C. Hinojosa,2020-05-30T17:15:23Z
322024,Tornassolada petita,ca,"","",,Catalan,Joan C. Hinojosa,2020-05-30T17:15:49Z
343324,Tornassolada grossa,ca,"","",,Catalan,Joan C. Hinojosa,2020-05-30T17:16:19Z
349275,Lleonada de muntanya,ca,"","",,Catalan,Joan C. Hinojosa,2020-05-30T17:17:38Z
94212,Aurora groga,ca,"","",,Catalan,Joan C. Hinojosa,2020-05-30T17:18:21Z
362094,Aurora de guaret,ca,"","",,Catalan,Joan C. Hinojosa,2020-05-30T17:18:47Z
100667,Grogueta del desert,ca,"","",,Catalan,Joan C. Hinojosa,2020-05-30T17:19:20Z
320934,Turquesa mediterrània,ca,"","",,Catalan,Joan C. Hinojosa,2020-05-30T17:19:43Z
334985,Perlada europea,ca,"","",,Catalan,Joan C. Hinojosa,2020-05-30T17:21:37Z
207669,Blaveta de la vulnerària,ca,"","",,Catalan,Joan C. Hinojosa,2020-05-30T17:22:15Z
333714,Merlet reial,ca,"","",,Catalan,Joan C. Hinojosa,2020-05-30T17:23:09Z
362064,Faune petit,ca,"","",,Catalan,Joan C. Hinojosa,2020-05-30T17:24:28Z
60834,Turquesa europea,ca,"","",,Catalan,Joan C. Hinojosa,2020-05-30T17:25:21Z
333931,Verdeta d'ull ros,ca,"","",,Catalan,Joan C. Hinojosa,2020-05-30T17:25:47Z
61152,Ferrer camanegre,ca,"","",,Catalan,Joan C. Hinojosa,2020-05-30T17:27:10Z
362047,Cupido blau,ca,"","",,Catalan,Joan C. Hinojosa,2020-05-30T17:28:00Z
129126,Cupido menut,ca,"","",,Catalan,Joan C. Hinojosa,2020-05-30T17:28:36Z
109994,Blaveta nívia,ca,"","",,Catalan,Joan C. Hinojosa,2020-05-30T17:29:21Z
98294,Safranera alpina,ca,"","",,Catalan,Joan C. Hinojosa,2020-05-30T17:30:16Z
359097,Damer de bosc,ca,"","",,Catalan,Joan C. Hinojosa,2020-05-30T17:30:49Z
133787,Tallanassos gros,ca,"","",,Catalan,Joan C. Hinojosa,2020-05-30T17:31:14Z
54068,Donzella bruna,ca,"","",,Catalan,Joan C. Hinojosa,2020-05-30T17:33:03Z
133154,Papallona de la prímula,ca,"","",,Catalan,Joan C. Hinojosa,2020-05-30T17:33:35Z
94618,Moreneta ibèrica,ca,"","",,Catalan,Joan C. Hinojosa,2020-05-30T17:34:10Z
347298,Sàtir gros,ca,"","",,Catalan,Joan C. Hinojosa,2020-05-30T17:34:41Z
112080,Sàtir petit,ca,"","",,Catalan,Joan C. Hinojosa,2020-05-30T17:35:18Z
154654,Coure fosc,ca,"","",,Catalan,Joan C. Hinojosa,2020-05-30T17:35:59Z
448065,Donzella alpina,ca,"","",,Catalan,Joan C. Hinojosa,2020-05-30T17:36:33Z
548481,Moreneta torrentera,ca,"","",,Catalan,Joan C. Hinojosa,2020-05-30T17:37:32Z
61536,Damisel·la blava,ca,"","",,Catalan,Joan C. Hinojosa,2020-05-30T17:38:08Z
85057,Passabarrancs comú,ca,"","",,Catalan,Joan C. Hinojosa,2020-05-30T17:38:50Z
62380,Coure de mollera,ca,"","",,Catalan,Joan C. Hinojosa,2020-05-30T17:39:31Z
132997,Donzella rogenca,ca,"","",,Catalan,Joan C. Hinojosa,2020-05-30T17:40:25Z
62439,Cobalt,ca,"","",,Catalan,Joan C. Hinojosa,2020-05-30T17:42:46Z
100296,Muntanyesa tardana,ca,"","",,Catalan,Joan C. Hinojosa,2020-05-30T17:43:32Z
100282,Muntanyesa petita,ca,"","",,Catalan,Joan C. Hinojosa,2020-05-30T17:44:32Z
57485,Mnemòsine,ca,"","",,Catalan,Joan C. Hinojosa,2020-05-30T17:45:22Z
96487,Damisel·la Endolada,ca,"","",,Catalan,Joan C. Hinojosa,2020-05-30T18:14:07Z
96491,Damisel·la enguantada,ca,"","",,Catalan,Joan C. Hinojosa,2020-05-30T18:15:19Z
104420,Alaestès verd,ca,"","",,Catalan,Joan C. Hinojosa,2020-05-30T18:16:12Z
104429,Alaestès robust,ca,"","",,Catalan,Joan C. Hinojosa,2020-05-30T18:16:55Z
130408,Alaestès fi,ca,"","",,Catalan,Joan C. Hinojosa,2020-05-30T18:17:27Z
361324,Alaestès petit,ca,"","",,Catalan,Joan C. Hinojosa,2020-05-30T18:17:53Z
124488,Vimetaire Occidental,ca,"","",,Catalan,Joan C. Hinojosa,2020-05-30T18:18:27Z
113497,cavallet d'hivern comú,ca,"","",,Catalan,Joan C. Hinojosa,2020-05-30T18:19:04Z
98272,Donzell del gat,ca,"","",,Catalan,Joan C. Hinojosa,2020-05-30T18:19:49Z
98273,Donzell llancer,ca,"","",,Catalan,Joan C. Hinojosa,2020-05-30T18:20:10Z
98277,Donzell mercurial,ca,"","",,Catalan,Joan C. Hinojosa,2020-05-30T18:20:38Z
51678,Donzell de ferradura,ca,"","",,Catalan,Joan C. Hinojosa,2020-05-30T18:21:02Z
208111,Donzell de ratpenat,ca,"","",,Catalan,Joan C. Hinojosa,2020-05-30T18:22:14Z
129033,Donzell de trinxant,ca,"","",,Catalan,Joan C. Hinojosa,2020-05-30T18:22:43Z
130407,Ferrer Cama-roig,ca,"","",,Catalan,Joan C. Hinojosa,2020-05-30T18:23:11Z
99901,Patge de copa,ca,"","",,Catalan,Joan C. Hinojosa,2020-05-30T18:23:41Z
100408,Ullblau,ca,"","",,Catalan,Joan C. Hinojosa,2020-05-30T18:24:15Z
209683,Ullviu petit,ca,"","",,Catalan,Joan C. Hinojosa,2020-05-30T18:25:24Z
61508,Llantió Elegant,ca,"","",,Catalan,Joan C. Hinojosa,2020-05-30T18:25:48Z
103492,Llantió iberomagribí,ca,"","",,Catalan,Joan C. Hinojosa,2020-05-30T18:26:19Z
318452,Llantió petit,ca,"","",,Catalan,Joan C. Hinojosa,2020-05-30T18:26:48Z
109639,Polaines ruborós,ca,"","",,Catalan,Joan C. Hinojosa,2020-05-30T18:27:29Z
109646,Polaines lívid,ca,"","",,Catalan,Joan C. Hinojosa,2020-05-30T18:27:51Z
93426,Espiadimonis blau,ca,"","",,Catalan,Joan C. Hinojosa,2020-05-30T18:28:37Z
52519,Espiadimonis de fanal,ca,"","",,Catalan,Joan C. Hinojosa,2020-05-30T18:28:59Z
93434,Espiadimonis de mollera,ca,"","",,Catalan,Joan C. Hinojosa,2020-05-30T18:29:53Z
93437,Espiadimonis tardorenc,ca,"","",,Catalan,Joan C. Hinojosa,2020-05-30T18:30:18Z
94041,Emperador divagant,ca,"","",,Catalan,Joan C. Hinojosa,2020-05-30T18:30:54Z
94043,Emperador Blau,ca,"","",,Catalan,Joan C. Hinojosa,2020-05-30T18:31:24Z
94048,Emperador menor,ca,"","",,Catalan,Joan C. Hinojosa,2020-05-30T18:31:55Z
318970,Espectre clar,ca,"","",,Catalan,Joan C. Hinojosa,2020-05-30T18:32:21Z
59955,Estiracabells,ca,"","",,Catalan,Joan C. Hinojosa,2020-05-30T18:32:46Z
101673,Rodadits esperonat,ca,"","",,Catalan,Joan C. Hinojosa,2020-05-30T18:33:18Z
318966,Rodadits groc,ca,"","",,Catalan,Joan C. Hinojosa,2020-05-30T18:33:42Z
101687,Rodadits de bassa,ca,"","",,Catalan,Joan C. Hinojosa,2020-05-30T18:34:33Z
132663,Tallanassos petit,ca,"","",,Catalan,Joan C. Hinojosa,2020-05-30T18:35:29Z
107586,Tallanassos d'areny,ca,"","",,Catalan,Joan C. Hinojosa,2020-05-30T18:35:56Z
61429,Maragda envellutada,ca,"","",,Catalan,Joan C. Hinojosa,2020-05-30T18:37:02Z
112801,Maragda lluent,ca,"","",,Catalan,Joan C. Hinojosa,2020-05-30T18:37:31Z
108093,Esparver d'aigua,ca,"","",,Catalan,Joan C. Hinojosa,2020-05-30T18:37:55Z
105048,Xanquer europeu,ca,"","",,Catalan,Joan C. Hinojosa,2020-05-30T18:38:23Z
57443,Libèl·lula quadrimaculada,ca,"","",,Catalan,Joan C. Hinojosa,2020-05-30T18:38:49Z
563098,Libèl·lula ampla,ca,"","",,Catalan,Joan C. Hinojosa,2020-05-30T18:39:31Z
131846,Libèl·lula d'ulls grisos,ca,"","",,Catalan,Joan C. Hinojosa,2020-05-30T18:39:53Z
62067,Parot cuanegre,ca,"","",,Catalan,Joan C. Hinojosa,2020-05-30T18:40:47Z
107954,Parot blau,ca,"","",,Catalan,Joan C. Hinojosa,2020-05-30T18:41:18Z
107949,Parot pruïnós,ca,"","",,Catalan,Joan C. Hinojosa,2020-05-30T18:41:46Z
361997,Parot nervat,ca,"","",,Catalan,Joan C. Hinojosa,2020-05-30T18:42:11Z
107953,Parot de Xarreteres,ca,"","",,Catalan,Joan C. Hinojosa,2020-05-30T18:43:01Z
104547,Carablanc petit,ca,"","",,Catalan,Joan C. Hinojosa,2020-05-30T18:43:33Z
55403,Carablanc d'escudet,ca,"","",,Catalan,Joan C. Hinojosa,2020-05-30T18:44:02Z
118948,Pixaví alabarrat,ca,"","",,Catalan,Joan C. Hinojosa,2020-05-30T18:44:31Z
113525,Pixaví sanguini,ca,"","",,Catalan,Joan C. Hinojosa,2020-05-30T18:44:56Z
117294,Pixaví safranat,ca,"","",,Catalan,Joan C. Hinojosa,2020-05-30T18:45:23Z
113507,Pixaví nervat,ca,"","",,Catalan,Joan C. Hinojosa,2020-05-30T18:45:47Z
55625,Pixaví Estriat,ca,"","",,Catalan,Joan C. Hinojosa,2020-05-30T18:46:10Z
132657,Pixaví muntanyenc,ca,"","",,Catalan,Joan C. Hinojosa,2020-05-30T18:46:34Z
337499,Pixaví llis,ca,"","",,Catalan,Joan C. Hinojosa,2020-05-30T18:46:56Z
361994,Pixaví de lligacama,ca,"","",,Catalan,Joan C. Hinojosa,2020-05-30T18:47:23Z
85030,Sagnador escarlata,ca,"","",,Catalan,Joan C. Hinojosa,2020-05-30T18:47:51Z
114463,Pipa vinosa,ca,"","",,Catalan,Joan C. Hinojosa,2020-05-30T18:48:22Z
114485,Pipa aureolada,ca,"","",,Catalan,Joan C. Hinojosa,2020-05-30T18:48:50Z
112442,Gallardet negre,ca,"","",,Catalan,Joan C. Hinojosa,2020-05-30T18:49:19Z
354352,Muntanyesa fistonada,ca,"","",,Catalan,Joan C. Hinojosa,2020-05-30T18:50:31Z
100305,muntanyesa grisa bessona,ca,"","",,Catalan,Joan C. Hinojosa,2020-05-30T18:51:06Z
100298,Muntanyesa de mollera,ca,"","",,Catalan,Joan C. Hinojosa,2020-05-30T18:51:34Z
100289,Muntanyesa negra,ca,"","",,Catalan,Joan C. Hinojosa,2020-05-30T18:52:00Z
100287,Muntanyesa pirinenca,ca,"","",,Catalan,Joan C. Hinojosa,2020-05-30T18:52:27Z
100290,Muntanyesa llisa,ca,"","",,Catalan,Joan C. Hinojosa,2020-05-30T18:52:51Z
100283,Muntanyesa de primavera,ca,"","",,Catalan,Joan C. Hinojosa,2020-05-30T18:53:16Z
100286,Muntanyesa de tartera,ca,"","",,Catalan,Joan C. Hinojosa,2020-05-30T18:53:42Z
334019,Muntanyesa puntejada,ca,"","",,Catalan,Joan C. Hinojosa,2020-05-30T18:54:08Z
100303,Muntanyesa aranesa,ca,"","",,Catalan,Joan C. Hinojosa,2020-05-30T18:54:38Z
100307,Muntanyesa puntejada pirinenca,ca,"","",,Catalan,Joan C. Hinojosa,2020-05-30T18:55:02Z
466041,Margenera aranesa,ca,"","",,Catalan,Joan C. Hinojosa,2020-05-30T18:55:30Z
473456,Blaveta comuna africana,ca,"","",,Catalan,Joan C. Hinojosa,2020-05-30T18:56:15Z
362078,Blaveta de la garlanda,ca,"","",,Catalan,Joan C. Hinojosa,2020-05-30T18:56:46Z
479968,Blaveta alpina,ca,"","",,Catalan,Joan C. Hinojosa,2020-05-30T18:57:14Z
367948,Blavet de glacera,ca,"","",,Catalan,Joan C. Hinojosa,2020-05-30T18:57:52Z
130398,Escac europeu,ca,"","",,Catalan,Joan C. Hinojosa,2020-05-30T18:59:06Z
54087,Blanqueta de nervis verds,ca,"","",,Catalan,Joan C. Hinojosa,2020-05-30T19:01:34Z
130785,Blavet de muntanya,ca,"","",,Catalan,Joan C. Hinojosa,2020-05-30T19:02:01Z
215289,Donzella de la bistorta,ca,"","",,Catalan,Joan C. Hinojosa,2020-05-30T19:02:28Z
127103,Pòntia europea,ca,"","",,Catalan,Joan C. Hinojosa,2020-05-30T19:03:25Z
484042,Angelet de muntanya,ca,"","",,Catalan,Joan C. Hinojosa,2020-05-30T19:03:55Z
361282,Blanqueta de la pedrosa,ca,"","",,Catalan,Joan C. Hinojosa,2020-05-30T19:04:19Z
58484,Daurat de punta negra,ca,"","",,Catalan,Joan C. Hinojosa,2020-05-30T19:05:23Z
125494,Moreneta septentrional,ca,"","",,Catalan,Joan C. Hinojosa,2020-05-30T19:07:03Z
153105,Nimfa de bosc,ca,"","",,Catalan,Joan C. Hinojosa,2020-05-30T19:08:57Z
55643,Teranyina,ca,"","",,Catalan,Joan C. Hinojosa,2020-05-30T19:09:43Z
357291,Merlet olivaci,ca,"","",,Catalan,Joan C. Hinojosa,2020-05-30T19:10:18Z
111446,Merlet rogenc,ca,"","",,Catalan,Joan C. Hinojosa,2020-05-30T19:11:01Z
354746,Bruna de muntanya,ca,"","",,Catalan,Joan C. Hinojosa,2020-05-30T19:11:35Z
426193,Formiguera petita,ca,"","",,Catalan,Joan C. Hinojosa,2020-05-30T19:12:04Z
122375,Caparrut,ca,"","",,Catalan,Joan C. Hinojosa,2020-05-30T19:12:52Z
332693,Merlet ruderal,ca,"","",,Catalan,Joan C. Hinojosa,2020-05-30T19:13:31Z
336700,Blanqueta de la mitja lluna,ca,"","",,Catalan,Joan C. Hinojosa,2020-05-30T19:14:14Z
109281,Formiguera grossa,ca,"","",,Catalan,Joan C. Hinojosa,2020-05-30T19:14:48Z
333930,Escac de ponent,ca,"","",,Catalan,Joan C. Hinojosa,2020-05-30T19:15:37Z
362089,Merlet dels erms,ca,"","",,Catalan,Joan C. Hinojosa,2020-05-30T19:16:02Z
207678,Merlet major,ca,"","",,Catalan,Joan C. Hinojosa,2020-05-30T19:16:31Z
472560,Pòntia dels cims,ca,"","",,Catalan,Joan C. Hinojosa,2020-05-30T19:17:22Z
111074,Blaveta del serpoll,ca,"","",,Catalan,Joan C. Hinojosa,2020-05-30T19:17:49Z
318441,Marroneta de l'om,ca,"","",,Catalan,Joan C. Hinojosa,2020-05-30T19:18:13Z
362091,Tecla,ca,"","",,Catalan,Joan C. Hinojosa,2020-05-30T19:18:38Z
203128,Blanqueta de la taperera,ca,"","",,Catalan,Joan C. Hinojosa,2020-05-30T19:19:01Z
100672,Marbrada alpina,ca,"","",,Catalan,Joan C. Hinojosa,2020-05-30T19:19:35Z
479758,Merlet major bessó,ca,"","",,Catalan,Joan C. Hinojosa,2020-05-30T19:20:29Z
111444,Merlet alpí,ca,"","",,Catalan,Joan C. Hinojosa,2020-05-30T19:20:55Z
360256,Marbrada de ponent,ca,"","",,Catalan,Joan C. Hinojosa,2020-05-30T19:21:33Z
362062,Saltiró,ca,"","",,Catalan,Joan C. Hinojosa,2020-05-30T19:22:09Z
111442,Merlet boreal,ca,"","",,Catalan,Joan C. Hinojosa,2020-05-30T19:22:34Z
362075,Blaveta pàl·lida,ca,"","",,Catalan,Joan C. Hinojosa,2020-05-30T19:22:58Z
128545,Marroneta de l'aranyoner aranesa,ca,"","",,Catalan,Joan C. Hinojosa,2020-05-30T19:25:02Z
319796,Blaveta africana,ca,"","",,Catalan,Joan C. Hinojosa,2020-05-30T19:26:23Z
362061,Bruna de secà,ca,"","",,Catalan,Joan C. Hinojosa,2020-05-30T19:26:49Z
70071,Borinot de les lleterasses,ca,"","",,Catalan,Joan C. Hinojosa,2020-05-30T19:29:34Z
163184,Espunyidella palustre,ca,"","",https://eol.org/pages/1108130,Catalan,,2020-06-03T19:06:09Z
77496,Campanera morada,ca,"","",,Catalan,Arnau Duran,2020-06-06T13:10:04Z
52346,Campanetes,ca,"","",,Catalan,Arnau Duran,2020-06-06T13:10:36Z
56558,Vespa d'aigua,ca,"","",,Catalan,Joan C. Hinojosa,2020-06-06T22:49:25Z
189393,Arceutobi,ca,"","",,Catalan,Joan C. Hinojosa,2020-06-11T18:58:57Z
159764,Campaneta blava,ca,"","",,Catalan,Joan C. Hinojosa,2020-06-11T19:00:40Z
82691,Gatmaimó,ca,"","",,Catalan,Joan C. Hinojosa,2020-06-11T19:03:47Z
335872,Ginestó,ca,"","",,Catalan,Joan C. Hinojosa,2020-06-11T19:04:33Z
451454,Herba de mala llavor,ca,"","",,Catalan,Joan C. Hinojosa,2020-06-11T19:05:37Z
55891,Herba de sant Benet,ca,"","",,Catalan,Joan C. Hinojosa,2020-06-11T19:08:00Z
56756,Xinxa arlequí,ca,"","",,Catalan,Arnau Duran,2020-06-16T15:33:19Z
85422,Herba de la prunella,ca,"","",,Catalan,Arnau Duran,2020-06-16T15:33:34Z
50278,Heura de Virgínia,ca,"","",,Catalan,Arnau Duran,2020-06-16T15:34:07Z
63951,Perera,ca,"","",,Catalan,Arnau Duran,2020-06-16T15:34:56Z
1100565,ensopegall,ca,"","",,Catalan,Kitty Maurey,2020-06-19T16:45:14Z
1100565,ensopeguera,ca,"","",,Catalan,Kitty Maurey,2020-06-19T16:46:12Z
47075,armadillo de nou bandes,ca,"","",,Catalan,cassi saari,2020-07-06T03:35:33Z
95218,Barb cua-roig,ca,"","",,Catalan,Joan C. Hinojosa,2020-07-14T15:57:00Z
962101,Borinot del pi,ca,"","",,Catalan,Joan C. Hinojosa,2020-07-14T16:22:46Z
362831,Borinot dels roures,ca,"","",,Catalan,Joan C. Hinojosa,2020-07-14T16:23:55Z
333929,Escarabat de dues banyes,ca,"","",,Catalan,Joan C. Hinojosa,2020-07-14T16:32:03Z
491070,Cua forcada,ca,"","",,Catalan,Joan C. Hinojosa,2020-07-14T17:09:49Z
133250,Llagosta verda,ca,"","",,Catalan,Joan C. Hinojosa,2020-07-14T17:12:01Z
358069,Manxiuleta,ca,"","",,Catalan,Joan C. Hinojosa,2020-07-14T17:14:12Z
62205,Malva reial,ca,"","",,Catalan,Joan C. Hinojosa,2020-07-14T17:15:55Z
48641,llémena,ca,"","",,Catalan,anneliese merrigan,2020-07-20T04:41:55Z
125720,Palometa,ca,"","",,Catalan,anneliese merrigan,2020-07-20T04:43:25Z
61749,Escanyapolls,ca,"","",,Catalan,Joan C. Hinojosa,2020-07-22T13:24:46Z
78555,Palmera de dàtils,ca,"","",,Catalan,Arnau Duran,2020-08-12T09:13:57Z
82671,Salat blanc,ca,"","",,Catalan,Arnau Duran,2020-08-12T09:15:04Z
64232,Card fuell,ca,"","",,Catalan,Arnau Duran,2020-08-12T09:15:43Z
57824,Saüc racemós,ca,"","",,Catalan,Arnau Duran,2020-08-12T12:09:09Z
981377,Gitam,ca,"","",,Catalan,Kitty Maurey,2020-08-20T12:56:40Z
981377,Herba gitana,ca,"","",,Catalan,Kitty Maurey,2020-08-20T12:57:01Z
981377,Herbero,ca,"","",,Catalan,Kitty Maurey,2020-08-20T12:57:17Z
981377,Monreal,ca,"","",,Catalan,Kitty Maurey,2020-08-20T12:57:35Z
981377,Timó real,ca,"","",,Catalan,Kitty Maurey,2020-08-20T12:58:10Z
340942,Moltó de Còrsega,ca,"","",,Catalan,Bobby McCabe,2020-08-21T18:49:14Z
41766,Morsa,ca,"","",,Catalan,Bobby McCabe,2020-08-22T18:56:03Z
432545,Pota comuna,ca,"","",,Catalan,Bobby McCabe,2020-08-25T16:01:37Z
432545,Pota negra,ca,"","",,Catalan,Bobby McCabe,2020-08-25T16:02:10Z
253696,Polp manta violeta,ca,"","",,Catalan,Bobby McCabe,2020-09-03T03:04:57Z
253696,Polp manta comú,ca,"","",,Catalan,Bobby McCabe,2020-09-03T03:05:13Z
133020,Escorpí d'Aigua,ca,"","",,Catalan,Joan C. Hinojosa,2020-09-03T09:45:59Z
906118,Betònica,ca,"","",,Catalan,Joan C. Hinojosa,2020-09-03T09:51:19Z
123920,Escanyapolls petit,ca,"","",,Catalan,Joan C. Hinojosa,2020-09-03T09:57:59Z
81545,Cuc de terra comú,ca,"","",,Catalan,Joan C. Hinojosa,2020-09-03T10:02:39Z
119019,Vespa asiàtica,ca,"","",,Catalan,Joan C. Hinojosa,2020-09-03T10:05:17Z
82853,Codonyer,ca,"","",,Catalan,Joan C. Hinojosa,2020-09-03T10:09:07Z
199870,Arna del gra,ca,"","",,Catalan,Joan C. Hinojosa,2020-09-03T10:11:52Z
467446,Calcòfora,ca,"","",,Catalan,Joan C. Hinojosa,2020-09-03T10:13:17Z
158380,Angèlica borda,ca,"","",,Catalan,Joan C. Hinojosa,2020-09-03T10:21:36Z
47565,Pollancre,ca,"","",,Catalan,Joan C. Hinojosa,2020-09-03T10:25:50Z
54841,Salze blanc,ca,"","",,Catalan,Joan C. Hinojosa,2020-09-03T10:27:20Z
135727,Pi negre,ca,"","",,Catalan,Joan C. Hinojosa,2020-09-03T10:31:21Z
338050,Cabot,ca,"","",,Catalan,Joan C. Hinojosa,2020-09-03T10:34:43Z
118687,Banyut,ca,"","",,Catalan,Joan C. Hinojosa,2020-09-03T10:37:17Z
118664,Boga,ca,"","",,Catalan,Joan C. Hinojosa,2020-09-03T10:39:01Z
118659,Pagell,ca,"","",,Catalan,Joan C. Hinojosa,2020-09-03T10:39:29Z
118592,Colobra de mar,ca,"","",,Catalan,Joan C. Hinojosa,2020-09-03T10:45:29Z
118660,Mabre,ca,"","",,Catalan,Joan C. Hinojosa,2020-09-03T10:46:26Z
118589,Congre,ca,"","",,Catalan,Joan C. Hinojosa,2020-09-03T10:51:49Z
113701,Quetsémper,ca,"","",,Catalan,Joan C. Hinojosa,2020-09-03T10:53:08Z
82980,Roure de fulla petita,ca,"","",,Catalan,Joan C. Hinojosa,2020-09-03T10:55:42Z
54596,Lactari,ca,"","",https://eol.org/pages/16730,Catalan,,2020-09-17T00:14:16Z
151429,Sípia comuna,ca,"","",,Catalan,Joan C. Hinojosa,2020-09-21T19:44:02Z
3085,Colom de Caiena,ca,"","",,Catalan,bornfeta,2020-09-22T18:36:35Z
10080,Tàngara de galons blancs,ca,"","",,Catalan,bornfeta,2020-09-22T20:13:00Z
9290,Eufònia Violàcia,ca,"","",,Catalan,bornfeta,2020-09-22T20:17:54Z
13977,Bisbe Cuallarg,ca,"","",,Catalan,bornfeta,2020-09-22T20:54:32Z
144281,Calau terrestre meridional,ca,"","",,Catalan,bornfeta,2020-09-22T21:01:58Z
5240,Àguila serpera pitnegra,ca,"","",,Catalan,bornfeta,2020-09-22T21:21:41Z
495994,Francolí gola-roig,ca,"","",,Catalan,bornfeta,2020-09-22T21:24:37Z
465258,Faneròptera aranya,ca,"","",,Catalan,Joan C. Hinojosa,2020-09-23T08:57:37Z
362292,Conocèfal gros,ca,"","",,Catalan,Joan C. Hinojosa,2020-09-23T08:59:48Z
424371,Somereta de muntanya,ca,"","",,Catalan,Joan C. Hinojosa,2020-09-23T09:00:58Z
541105,Llagost de sella,ca,"","",,Catalan,Joan C. Hinojosa,2020-09-23T09:02:35Z
557173,Somereta mediterrània,ca,"","",,Catalan,Joan C. Hinojosa,2020-09-23T09:03:39Z
127182,Dèctic d'Ales Llargues,ca,"","",,Catalan,Joan C. Hinojosa,2020-09-23T09:04:54Z
752718,Somereta de Montsant,ca,"","",,Catalan,Joan C. Hinojosa,2020-09-23T09:07:34Z
71247,Grill de Dues Taques,ca,"","",,Catalan,Joan C. Hinojosa,2020-09-23T09:09:42Z
362296,Grill boscà,ca,"","",,Catalan,Joan C. Hinojosa,2020-09-23T09:10:37Z
362293,Saltarel·la de muntanya,ca,"","",,Catalan,Joan C. Hinojosa,2020-09-23T09:11:43Z
357406,Llagosta d'hivern,ca,"","",,Catalan,Joan C. Hinojosa,2020-09-23T09:12:28Z
318470,Saltarel·la menuda,ca,"","",,Catalan,Joan C. Hinojosa,2020-09-23T09:13:16Z
367312,Llagost de Bàrbaria,ca,"","",,Catalan,Joan C. Hinojosa,2020-09-23T09:15:31Z
333530,Llagost gris,ca,"","",,Catalan,Joan C. Hinojosa,2020-09-23T09:16:28Z
326052,Edipoda d'ales blaves,ca,"","",,Catalan,Joan C. Hinojosa,2020-09-23T09:17:25Z
211055,Llagosta bisbe,ca,"","",,Catalan,Joan C. Hinojosa,2020-09-23T09:19:24Z
513918,Saltamartí de brolla,ca,"","",,Catalan,Joan C. Hinojosa,2020-09-23T09:20:12Z
541756,Saltamartí bru ibèric,ca,"","",,Catalan,Joan C. Hinojosa,2020-09-23T09:20:58Z
71219,Grill Cadell,ca,"","",,Catalan,Joan C. Hinojosa,2020-09-23T09:21:44Z
5367,Voltor de l'Himàlaia,ca,"","",,Catalan,bornfeta,2020-09-26T18:29:35Z
980017,Tirànids,ca,"","",,Catalan,max kirsch,2020-09-29T20:15:06Z
3865,Territ Pectoral,ca,"","",,Catalan,Marc,2020-10-09T12:47:02Z
7024,Eider,ca,"","",,Catalan,Marc,2020-10-09T12:49:24Z
861033,Roures blancs,ca,"","",,Catalan,Naturalista,2020-10-10T11:34:18Z
442873,roure cerrioide,ca,"","",,Catalan,Naturalista,2020-10-10T11:44:44Z
1137754,alzina,ca,"","",,Catalan,Naturalista,2020-10-10T19:05:41Z
78805,Alzina vera,ca,"","",,Catalan,Naturalista,2020-10-10T19:18:20Z
1108816,trincola,ca,"","",,Catalan,Naturalista,2020-10-12T00:23:26Z
470872,elysia verda,ca,"","",https://eol.org/pages/46448707,Catalan,,2020-10-12T15:02:23Z
168639,jonc boval,ca,"","",,Catalan,Naturalista,2020-10-13T15:18:18Z
64237,canyís,ca,"","",,Catalan,Naturalista,2020-10-13T15:20:51Z
319367,ravenissa groga,ca,"","",,Catalan,Naturalista,2020-10-13T15:23:33Z
54605,malrubí,ca,"","",,Catalan,Naturalista,2020-10-13T15:28:54Z
54605,marrubí,ca,"","",,Catalan,Naturalista,2020-10-13T18:06:26Z
836707,trincola,ca,"","",,Catalan,Naturalista,2020-10-13T18:08:59Z
170056,oma,ca,"","",,Catalan,Naturalista,2020-10-13T18:17:54Z
75501,card d’eriçó,ca,"","",,Catalan,Naturalista,2020-10-13T18:42:50Z
75501,repalassa,ca,"","",,Catalan,Naturalista,2020-10-13T18:43:25Z
75501,bardana,ca,"","",,Catalan,Naturalista,2020-10-13T18:43:47Z
59570,repalassa,ca,"","",,Catalan,Naturalista,2020-10-13T18:45:44Z
59570,repalassa petita,ca,"","",,Catalan,Naturalista,2020-10-13T18:46:36Z
59570,repalassa menor,ca,"","",,Catalan,Naturalista,2020-10-13T18:47:04Z
61168,sarriassa,ca,"","",,Catalan,Naturalista,2020-10-13T18:52:05Z
56158,malrubí negre,ca,"","",,Catalan,Naturalista,2020-10-13T18:54:15Z
76288,blet pudent,ca,"","",,Catalan,Naturalista,2020-10-13T19:15:13Z
76288,sardinera,ca,"","",,Catalan,Naturalista,2020-10-13T19:15:38Z
76288,vulvària,ca,"Comunidad Valenciana, ES","",,Catalan,Naturalista,2020-10-13T19:15:58Z
76288,pixacà,ca,"","",,Catalan,Naturalista,2020-10-13T19:17:49Z
49574,Pseudocòccids,ca,"","",,Catalan,Naturalista,2020-10-13T19:54:48Z
95277,Barb de muntanya,ca,"","",,Catalan,Naturalista,2020-10-13T19:58:37Z
113008,Bagra catalana,ca,"","",,Catalan,Naturalista,2020-10-13T20:06:46Z
60921,Cotonet Acanalat,ca,"","",,Catalan,Naturalista,2020-10-13T22:08:57Z
48009,Bètids,ca,"","",,Catalan,Naturalista,2020-10-13T22:11:16Z
56166,herba presseguera,ca,"","",,Catalan,Naturalista,2020-10-13T22:48:19Z
156224,llengua de cérvol europea,ca,"","",,Catalan,Naturalista,2020-10-14T00:05:49Z
129105,llengua de cérvol,ca,"","",,Catalan,Naturalista,2020-10-14T00:08:50Z
50299,maduixes,ca,"","",,Catalan,Naturalista,2020-10-14T00:10:51Z
84954,falzia blanca,ca,"","",,Catalan,Naturalista,2020-10-14T00:14:05Z
84954,ruda de paret,ca,"","",,Catalan,Naturalista,2020-10-14T00:14:30Z
52775,Borinots,ca,"","",,Catalan,Naturalista,2020-10-14T00:25:45Z
52775,Abellots,ca,"","",,Catalan,Naturalista,2020-10-14T00:26:12Z
774737,savina,ca,"","",,Catalan,Naturalista,2020-10-14T00:31:00Z
424104,Cabra salvatge,ca,"","",,Catalan,Naturalista,2020-10-14T00:40:59Z
424104,Cabra salvatge ibèrica,ca,"","",,Catalan,Naturalista,2020-10-14T00:42:22Z
1098280,Bolet d'esca marginat,ca,"","",,Catalan,Naturalista,2020-10-14T00:44:55Z
155124,sanguinyol,ca,"","",,Catalan,Naturalista,2020-10-14T00:46:38Z
49358,Formigues lleó,ca,"","",,Catalan,Naturalista,2020-10-14T00:50:14Z
82730,gavó espinós,ca,"","",,Catalan,Naturalista,2020-10-14T00:52:06Z
162202,panical blau,ca,"","",,Catalan,Naturalista,2020-10-14T00:53:57Z
63916,capil·lera,ca,"Catalunya, ES","",,Catalan,Naturalista,2020-10-14T00:55:12Z
124548,xuclamel santjoaner,ca,"","",,Catalan,Naturalista,2020-10-14T01:10:03Z
124548,xuclamel xilosti,ca,"","",,Catalan,Naturalista,2020-10-14T01:10:26Z
118814,salat portulacoide,ca,"","",,Catalan,Naturalista,2020-10-14T01:15:05Z
118814,verdolaga marina,ca,"","",,Catalan,Naturalista,2020-10-14T01:15:44Z
4514,fumarell alablanc,ca,"","",,Catalan,Marc,2020-10-14T09:27:57Z
77834,lligabosc etrusc,ca,"","",,Catalan,Naturalista,2020-10-14T21:47:29Z
483747,Abella de la mel ibèrica,ca,"","",,Catalan,Naturalista,2020-10-15T11:09:20Z
508209,nadala menuda,ca,"","",,Catalan,Naturalista,2020-10-15T20:38:00Z
430676,arboç grec,ca,"","",,Catalan,Naturalista,2020-10-15T21:03:40Z
58392,boga de fulla estreta,ca,"","",,Catalan,Naturalista,2020-10-15T21:39:57Z
319281,freixe de flor,ca,"","",,Catalan,Naturalista,2020-10-15T21:44:02Z
53196,Agrelles,ca,"","",,Catalan,Naturalista,2020-10-15T22:04:10Z
373844,"Margarides, crisantems i camamilles",ca,"","",,Catalan,Naturalista,2020-10-15T22:10:57Z
51111,Abelles de la fusta,ca,"Catalunya, ES","",,Catalan,Naturalista,2020-10-15T22:13:22Z
209296,pinell,ca,"","",,Catalan,Naturalista,2020-10-15T22:25:38Z
209296,pinzell,ca,"","",,Catalan,Naturalista,2020-10-15T22:25:57Z
209296,farigola mascle,ca,"","",,Catalan,Naturalista,2020-10-15T22:26:24Z
48582,Moixeres i serveres,ca,"","",,Catalan,Naturalista,2020-10-15T22:42:33Z
63366,Limòniums,ca,"","",,Catalan,Naturalista,2020-10-15T22:47:22Z
55690,Blanquetes,ca,"","",,Catalan,Naturalista,2020-10-15T22:49:51Z
53168,pa de cucut,ca,"","",,Catalan,Naturalista,2020-10-15T22:58:30Z
47758,Pans de cucut i vinagrelles,ca,"","",,Catalan,Naturalista,2020-10-15T23:08:29Z
72165,Semprevives,ca,"","",,Catalan,Naturalista,2020-10-15T23:21:58Z
362312,Saltamartí de pineda,ca,"","",,Catalan,Naturalista,2020-10-15T23:33:45Z
123645,molsa del pessebre,ca,"","",,Catalan,Naturalista,2020-10-17T15:07:39Z
1051357,espina-cervina petita,ca,"","",,Catalan,Naturalista,2020-10-17T18:03:28Z
335895,espina cervina de fulla petita,ca,"","",,Catalan,Naturalista,2020-10-17T18:07:28Z
47167,Bolets amb làmines comuns i afins,ca,"","",,Catalan,Naturalista,2020-10-18T15:01:31Z
47157,Papallones i arnes,ca,"","",,Catalan,Naturalista,2020-10-18T15:20:25Z
48427,Boletals,ca,"","",,Catalan,Naturalista,2020-10-18T15:31:20Z
48427,Bolets amb esponja i parents,ca,"","",,Catalan,Naturalista,2020-10-18T15:31:59Z
47350,"Rossinyols, llengües de bou i afins",ca,"","",,Catalan,Naturalista,2020-10-18T16:18:49Z
47350,Cantarel·lals,ca,"","",,Catalan,Naturalista,2020-10-18T16:24:35Z
47348,Rossinyols,ca,"","",,Catalan,Naturalista,2020-10-18T16:30:32Z
48611,Trompetes,ca,"","",,Catalan,Naturalista,2020-10-18T16:34:53Z
48422,Llengües de bou,ca,"","",,Catalan,Naturalista,2020-10-18T16:40:51Z
48641,Llengua de bou,ca,"Catalunya, ES","",,Catalan,Naturalista,2020-10-18T16:44:42Z
340866,Llengua de bou vermellosa,ca,"","",,Catalan,Naturalista,2020-10-18T16:47:56Z
351036,Llengua de bou blanca,ca,"","",,Catalan,Naturalista,2020-10-18T16:49:20Z
119602,epilobi parviflor,ca,"","",,Catalan,Naturalista,2020-10-18T18:28:29Z
83806,Barrinador del tomàquet,ca,"","",,Catalan,Naturalista,2020-10-21T12:04:51Z
67771,Xinxa americana del pi,ca,"","",,Catalan,Arnau Duran,2020-10-25T15:53:13Z
51777,Coreids,ca,"","",,Catalan,Arnau Duran,2020-10-25T15:53:57Z
53076,Suassana,ca,"","",,Catalan,Arnau Duran,2020-10-25T16:08:00Z
338649,frare d'estepa,ca,"","",,Catalan,Arnau Duran,2020-10-25T16:08:35Z
58316,desmai,ca,"","",,Catalan,Arnau Duran,2020-10-25T16:08:53Z
160659,mansega,ca,"","",,Catalan,Arnau Duran,2020-10-25T16:10:06Z
436995,jonc d'espigues,ca,"","",,Catalan,Arnau Duran,2020-10-25T16:10:59Z
82627,margalida,ca,"","",,Catalan,Arnau Duran,2020-10-25T16:11:31Z
56154,sabonera,ca,"","",,Catalan,Arnau Duran,2020-10-25T16:11:56Z
57356,amorfa,ca,"","",,Catalan,Arnau Duran,2020-10-25T16:13:43Z
350511,Fals camagroc,ca,"","",,Catalan,Arnau Duran,2020-10-25T18:20:14Z
47394,Agaricàcies,ca,"","",,Catalan,Arnau Duran,2020-10-25T18:21:19Z
81870,noguerola,ca,"Catalunya, ES","",,Catalan,Naturalista,2020-10-25T20:19:31Z
154875,Crualga vinosa,ca,"","",,Catalan,Arnau Duran,2020-10-26T08:17:09Z
64021,Gírgola d'olivera,ca,"","",,Catalan,Arnau Duran,2020-10-26T08:17:28Z
179065,Molleric granellut,ca,"","",,Catalan,Arnau Duran,2020-10-26T08:19:56Z
194275,Bec de perdiu,ca,"","",,Catalan,Arnau Duran,2020-10-27T18:07:13Z
69820,cedre de l'Himàlaia,ca,"","",,Catalan,Arnau Duran,2020-10-27T18:09:49Z
132616,soldanel·la,ca,"","",,Catalan,Arnau Duran,2020-10-27T18:10:14Z
55719,Mosca Abellot,ca,"","",,Catalan,Arnau Duran,2020-10-27T18:11:10Z
58776,blet gros,ca,"","",,Catalan,Arnau Duran,2020-10-27T18:11:38Z
61839,vinagrera de fulla ampla,ca,"","",,Catalan,Arnau Duran,2020-10-27T18:12:49Z
51872,pixaconill,ca,"","",,Catalan,Arnau Duran,2020-10-29T10:56:12Z
58320,sapinde de la Xina,ca,"","",,Catalan,Arnau Duran,2020-10-29T10:59:59Z
167116,bignònia de flor rosa,ca,"","",,Catalan,Arnau Duran,2020-10-29T14:44:24Z
143793,cirerer bord,ca,"","",,Catalan,Arnau Duran,2020-10-29T14:44:57Z
79273,estrèptopus,ca,"","",,Catalan,Arnau Duran,2020-10-29T14:45:21Z
62083,Gitaneta,ca,"","",,Catalan,Arnau Duran,2020-10-29T14:46:32Z
166867,parraca,ca,"","",,Catalan,Arnau Duran,2020-10-30T10:06:55Z
75393,Blet corbat,ca,"","",,Catalan,Arnau Duran,2020-10-30T10:08:34Z
62312,campaneta de fulla rodona,ca,"","",,Catalan,Arnau Duran,2020-10-30T14:18:51Z
75869,colza,ca,"","",,Catalan,Arnau Duran,2020-10-30T14:19:29Z
83970,morella,ca,"","",,Catalan,Arnau Duran,2020-10-30T14:20:17Z
84640,Vespa Paperera Europea,ca,"","",,Catalan,Naturalista,2020-10-30T16:49:19Z
52756,Vespes papereres,ca,"","",,Catalan,Naturalista,2020-10-30T16:54:30Z
154442,Vespa Paperera Gal·la,ca,"","",,Catalan,Naturalista,2020-10-30T17:05:52Z
47219,Abella de la Mel Europea,ca,"","",,Catalan,Naturalista,2020-10-30T17:08:32Z
59901,tarongina,ca,"","",,Catalan,Arnau Duran,2020-10-31T18:38:14Z
76593,Serrana rodona,ca,"","",,Catalan,Arnau Duran,2020-10-31T18:42:58Z
200053,herba berruguera,ca,"","",,Catalan,Arnau Duran,2020-10-31T18:44:06Z
154562,llapassa borda,ca,"","",,Catalan,Arnau Duran,2020-10-31T18:45:12Z
60176,blet moll,ca,"","",,Catalan,Arnau Duran,2020-10-31T18:45:56Z
204348,mill de sol,ca,"","",,Catalan,Arnau Duran,2020-10-31T18:48:22Z
62811,papaier,ca,"","",,Catalan,Arnau Duran,2020-10-31T18:49:20Z
48418,pixacà,ca,"","",,Catalan,Arnau Duran,2020-10-31T18:51:21Z
55760,pensament de camp,ca,"","",,Catalan,Arnau Duran,2020-10-31T18:52:42Z
443326,herba de Sant Segimon,ca,"","",,Catalan,Arnau Duran,2020-10-31T18:53:21Z
338102,lúzula selvàtica,ca,"","",,Catalan,Arnau Duran,2020-10-31T18:54:05Z
335875,pedrenca de prat,ca,"","",,Catalan,Arnau Duran,2020-10-31T18:54:53Z
62743,ginebrer,ca,"","",,Catalan,Arnau Duran,2020-10-31T18:55:24Z
77259,gerani pirinenc,ca,"","",,Catalan,Arnau Duran,2020-10-31T18:56:06Z
628203,espunyidella,ca,"","",,Catalan,Arnau Duran,2020-10-31T18:56:46Z
363726,gespellina,ca,"","",,Catalan,Arnau Duran,2020-10-31T18:57:17Z
161765,clavell de pastor,ca,"","",,Catalan,Arnau Duran,2020-10-31T18:57:50Z
60922,Coccoïdeus,ca,"","",,Catalan,Naturalista,2020-11-02T12:31:10Z
60922,Cotxinilles,ca,"","",,Catalan,Naturalista,2020-11-02T12:31:58Z
60922,Caparretes,ca,"","",,Catalan,Naturalista,2020-11-02T12:32:35Z
1098487,siscall,ca,"","",,Catalan,Naturalista,2020-11-03T10:25:52Z
57897,barrella punxosa,ca,"","",,Catalan,Naturalista,2020-11-03T10:29:33Z
78960,barrella,ca,"","",,Catalan,Naturalista,2020-11-03T10:58:43Z
158234,malví canemer,ca,"","",,Catalan,Naturalista,2020-11-03T11:04:32Z
522023,centàurea linifòlia,ca,"","",,Catalan,Naturalista,2020-11-03T14:19:12Z
71182,bracera de fulla estreta,ca,"","",,Catalan,Naturalista,2020-11-03T20:53:15Z
71178,bracera comuna,ca,"","",,Catalan,Naturalista,2020-11-03T20:54:24Z
118850,Vara d'or,ca,"","",,Catalan,Arnau Duran,2020-11-07T09:02:33Z
336856,ginesta sessilifòlia,ca,"","",,Catalan,Arnau Duran,2020-11-07T09:04:58Z
130492,herba de les llunetes,ca,"","",,Catalan,Arnau Duran,2020-11-07T09:05:45Z
126808,cirerer de Santa Llúcia,ca,"","",,Catalan,Arnau Duran,2020-11-07T09:06:41Z
775654,Fenoll de llop,ca,"","",,Catalan,Arnau Duran,2020-11-07T09:07:17Z
333772,Siureny,ca,"","",,Catalan,Arnau Duran,2020-11-07T10:05:44Z
497526,Fonollada groga,ca,"","",,Catalan,Arnau Duran,2020-11-07T10:06:40Z
194433,Pinetell bord,ca,"","",,Catalan,Arnau Duran,2020-11-07T10:07:43Z
85428,Anemone alpina,ca,"","",,Catalan,Arnau Duran,2020-11-07T10:09:15Z
54428,espinalb centreeuropeu,ca,"","",,Catalan,Arnau Duran,2020-11-07T10:10:21Z
122767,colom roquer,ca,"","",,Catalan,Arnau Duran,2020-11-08T07:27:44Z
53197,Llengua de bou,ca,"","",,Catalan,Arnau Duran,2020-11-08T07:29:31Z
58371,gram,ca,"","",,Catalan,Arnau Duran,2020-11-08T07:29:45Z
60276,blat de formiga,ca,"","",,Catalan,Arnau Duran,2020-11-08T07:30:32Z
57281,morella roquera,ca,"","",,Catalan,Arnau Duran,2020-11-08T07:30:50Z
129454,barretets,ca,"","",,Catalan,Arnau Duran,2020-11-08T07:31:13Z
58774,amarant blitoide,ca,"","",,Catalan,Arnau Duran,2020-11-08T07:32:22Z
76790,eleusina índica,ca,"","",,Catalan,Arnau Duran,2020-11-08T07:32:44Z
55950,Cama-sec de soca,ca,"","",,Catalan,Arnau Duran,2020-11-08T14:18:08Z
162431,Bruc d'aiguamoll,ca,"","",,Catalan,Arnau Duran,2020-11-08T14:20:31Z
55501,Crosta de soca hirsuta,ca,"","",,Catalan,Arnau Duran,2020-11-08T14:22:59Z
57092,almesquera,ca,"","",,Catalan,Arnau Duran,2020-11-08T14:23:50Z
61012,Herba de la taca,ca,"","",,Catalan,Arnau Duran,2020-11-08T17:10:30Z
79069,xereix aferradís,ca,"","",,Catalan,Arnau Duran,2020-11-09T07:40:51Z
771657,Bruc d'escombres,ca,"","",,Catalan,Arnau Duran,2020-11-09T08:10:31Z
55776,Brucs,ca,"","",,Catalan,Arnau Duran,2020-11-09T08:11:35Z
19052,Lloro del Senegal,ca,"","",,Catalan,Eduardo Martínez,2020-11-09T08:39:01Z
850858,Morell de mar fosc,ca,"","",,Catalan,Eduardo Martínez,2020-11-09T08:40:54Z
144221,Ànec negre,ca,"","",,Catalan,Eduardo Martínez,2020-11-09T08:41:45Z
4335,Pelicà rosat,ca,"","",,Catalan,Eduardo Martínez,2020-11-09T08:42:31Z
12842,Còlit del Desert,ca,"","",,Catalan,Eduardo Martínez,2020-11-09T08:43:07Z
19075,Agapornis de Fischer,ca,"","",,Catalan,Eduardo Martínez,2020-11-09T08:43:47Z
906982,Botxí meridional,ca,"","",,Catalan,Eduardo Martínez,2020-11-09T08:44:22Z
367572,Aratinga de màscara roja,ca,"","",,Catalan,Eduardo Martínez,2020-11-09T08:45:02Z
116993,Cacatua nimfa,ca,"","",,Catalan,Eduardo Martínez,2020-11-09T08:45:56Z
558434,Xarxet canyella,ca,"","",,Catalan,Eduardo Martínez,2020-11-09T08:46:51Z
18920,Cotorra multicolor,ca,"","",,Catalan,Eduardo Martínez,2020-11-09T08:47:37Z
41805,Visó europeu,ca,"","",,Catalan,Eduardo Martínez,2020-11-09T08:51:09Z
51815,Eucaliptus,ca,"","",,Catalan,Arnau Duran,2020-11-11T10:06:36Z
54297,Cítrics,ca,"","",,Catalan,Arnau Duran,2020-11-11T10:08:44Z
63512,Auró japonès,ca,"","",,Catalan,Arnau Duran,2020-11-11T10:09:17Z
48098,Auró roig,ca,"","",,Catalan,Arnau Duran,2020-11-11T10:10:03Z
54762,Auró argentat,ca,"","",,Catalan,Arnau Duran,2020-11-11T10:10:24Z
52543,Auró de sucre,ca,"","",,Catalan,Arnau Duran,2020-11-11T10:10:53Z
119791,Fals plàtan,ca,"","",,Catalan,Arnau Duran,2020-11-11T10:11:34Z
54763,Erable,ca,"","",,Catalan,Arnau Duran,2020-11-11T10:12:07Z
85441,Peu de Crist,ca,"","",,Catalan,Arnau Duran,2020-11-11T10:29:46Z
77480,Orval,ca,"","",,Catalan,Arnau Duran,2020-11-11T10:30:13Z
71147,Cedre japonès,ca,"","",,Catalan,Arnau Duran,2020-11-14T12:00:11Z
135659,Tuia oriental,ca,"","",,Catalan,Arnau Duran,2020-11-14T12:00:28Z
49208,Orella de gat,ca,"","",,Catalan,Arnau Duran,2020-11-14T12:01:46Z
48867,Arecàcies,ca,"","",,Catalan,Arnau Duran,2020-11-14T13:27:14Z
78554,Palmera de Canàries,ca,"","",,Catalan,Arnau Duran,2020-11-14T13:27:40Z
122335,sabatera d'escames,ca,"","",,Catalan,Arnau Duran,2020-11-14T13:29:40Z
55931,Fisalacriàcies,ca,"","",,Catalan,Arnau Duran,2020-11-14T13:30:52Z
164326,Kalancoe,ca,"","",,Catalan,Arnau Duran,2020-11-14T15:11:14Z
273763,Fulla de cera,ca,"","",,Catalan,Arnau Duran,2020-11-14T15:11:53Z
76949,Nesprer del Japó,ca,"","",,Catalan,Arnau Duran,2020-11-14T15:12:54Z
52680,Polipodis,ca,"","",,Catalan,Arnau Duran,2020-11-14T15:16:00Z
52679,Polipodiàcies,ca,"","",,Catalan,Arnau Duran,2020-11-14T15:16:11Z
82863,Llistó,ca,"","",,Catalan,Daniel Espejo Fraga,2020-11-15T20:26:49Z
181447,Fenàs,ca,"","",,Catalan,Daniel Espejo Fraga,2020-11-15T20:31:43Z
746844,Somereta Catalana,ca,"","",,Catalan,Joan C. Hinojosa,2020-11-18T09:27:23Z
55359,Grill d’arbust cendrós,ca,"","",,Catalan,Joan C. Hinojosa,2020-11-18T09:27:58Z
362291,Meconema fràgil,ca,"","",,Catalan,Joan C. Hinojosa,2020-11-18T09:28:35Z
53582,tuliper de Virgínia,ca,"","",,Catalan,Naturalista,2020-11-18T12:37:14Z
118933,safrà,ca,"","",,Catalan,Naturalista,2020-11-18T12:52:48Z
71162,Glavi,ca,"","",,Catalan,Arnau Duran,2020-11-18T14:08:06Z
341992,Fumana,ca,"","",,Catalan,Arnau Duran,2020-11-20T06:54:01Z
118945,Nacra,ca,"","",,Catalan,Arnau Duran,2020-11-20T06:54:13Z
166162,heura del Japó,ca,"","",,Catalan,Arnau Duran,2020-11-20T11:01:35Z
53269,Lletsó,ca,"","",,Catalan,Arnau Duran,2020-11-20T11:03:17Z
328244,Psilocibe cubà,ca,"","",,Catalan,Arnau Duran,2020-11-20T11:42:18Z
57005,Espèrgula de camp,ca,"","",,Catalan,Arnau Duran,2020-11-20T11:43:12Z
53298,Morró,ca,"","",,Catalan,Arnau Duran,2020-11-20T11:44:11Z
79123,Mostassa,ca,"","",,Catalan,Arnau Duran,2020-11-20T11:44:51Z
78340,Mill,ca,"","",,Catalan,Arnau Duran,2020-11-20T11:45:30Z
76595,Falzia morera,ca,"","",,Catalan,Arnau Duran,2020-11-20T11:46:17Z
50616,Flor de nit,ca,"","",,Catalan,Arnau Duran,2020-11-20T11:46:44Z
326063,Gambeta de vidre,ca,"","",,Catalan,Bobby McCabe,2020-11-24T15:09:25Z
760034,Llagost-pedra calcari,ca,"","",,Catalan,Daniel Espejo Fraga,2020-11-24T17:38:34Z
509101,Llagosta d'ales vermelles rabassuda,ca,"","",,Catalan,Daniel Espejo Fraga,2020-11-24T17:43:26Z
57896,Barrella,ca,"","",,Catalan,Arnau Duran,2020-11-25T09:37:55Z
57504,Gavó,ca,"","",,Catalan,Arnau Duran,2020-11-25T09:38:35Z
67808,Palma d'or,ca,"","",,Catalan,Arnau Duran,2020-11-25T09:39:04Z
79148,Palma d'or altíssima,ca,"","",,Catalan,Arnau Duran,2020-11-25T09:39:23Z
322086,Roure africà,ca,"","",,Catalan,Arnau Duran,2020-11-27T06:42:31Z
54840,Trèmol americà,ca,"","",,Catalan,Arnau Duran,2020-11-27T06:42:56Z
350509,Trompeta grisa,ca,"","",,Catalan,Arnau Duran,2020-11-27T06:44:10Z
53195,Agrelleta,ca,"","",,Catalan,Arnau Duran,2020-11-27T06:44:54Z
1154339,Botja peluda,ca,"","",https://www.inaturalist.org/taxon_names/1652601/edit,Catalan,Victor HOYEAU,2020-11-28T23:07:17Z
1154342,Botja d'escombres,ca,"","",,Catalan,Eduardo Martínez,2020-11-28T23:16:38Z
170388,Iuca,ca,"","",,Catalan,Arnau Duran,2020-12-03T05:52:03Z
78174,Créixem,ca,"","",,Catalan,Arnau Duran,2020-12-03T05:53:50Z
752393,Cloïssa rossa,ca,"","",,Catalan,Johan Devos,2020-12-03T13:02:17Z
48529,Tremel·la,ca,"","",,Catalan,Arnau Duran,2020-12-04T17:37:16Z
57254,piracant,ca,"","",,Catalan,Arnau Duran,2020-12-05T10:15:28Z
286772,bignònia de flor petita,ca,"","",,Catalan,Arnau Duran,2020-12-06T08:49:25Z
47392,Pixacà barbut,ca,"","",,Catalan,Arnau Duran,2020-12-06T08:49:40Z
62094,gitaneta de la c vermella,ca,"","",,Catalan,Arnau Duran,2020-12-07T11:21:13Z
1137737,garric de Palestina,ca,"","",,Catalan,Naturalista,2020-12-08T05:21:57Z
780825,càrritx,ca,"","",,Catalan,Arnau Duran,2020-12-08T08:13:27Z
58699,Bola de neu,ca,"","",,Catalan,Johan Devos,2020-12-15T10:37:40Z
61395,Xampinyó,ca,"","",,Catalan,Johan Devos,2020-12-15T10:48:43Z
58696,Camperol,ca,"","",,Catalan,Johan Devos,2020-12-15T10:53:13Z
85047,escabiosa,ca,"","",,Catalan,Arnau Duran,2020-12-15T13:20:01Z
77056,Filamaria,ca,"","",,Catalan,Arnau Duran,2020-12-15T13:20:43Z
78829,Pèl de moix,ca,"","",,Catalan,Arnau Duran,2020-12-15T13:21:14Z
62200,agafallosos,ca,"","",,Catalan,Arnau Duran,2020-12-15T13:21:44Z
77261,Suassana,ca,"","",,Catalan,Arnau Duran,2020-12-17T07:50:58Z
76665,Crèspol,ca,"","",,Catalan,Arnau Duran,2020-12-17T07:53:01Z
167773,Cosconilla,ca,"","",,Catalan,Arnau Duran,2020-12-18T07:10:02Z
79187,Cua de rata,ca,"","",,Catalan,Arnau Duran,2020-12-18T07:10:29Z
130403,Gitaneta de prat,ca,"","",,Catalan,Arnau Duran,2020-12-18T07:10:55Z
62338,Lisimàquia,ca,"","",,Catalan,Arnau Duran,2020-12-18T07:11:54Z
144520,Gavià de Hemprich,ca,"","",,Catalan,bornfeta,2020-12-19T09:46:45Z
14600,bulbul d'ulleres blanques,ca,"","",,Catalan,bornfeta,2020-12-19T09:53:19Z
157765,Ocra,ca,"","",,Catalan,Johan Devos,2020-12-20T20:32:32Z
884843,Gazània,ca,"","",,Catalan,Arnau Duran,2020-12-22T06:31:35Z
76660,Margalidera de botó blau,ca,"","",,Catalan,Arnau Duran,2020-12-22T06:31:50Z
979657,Arpella de l'illa de la Reunió,ca,"","",,Catalan,bornfeta,2020-12-22T17:10:53Z
338368,Herba cuquera,ca,"","",,Catalan,Arnau Duran,2020-12-23T08:18:04Z
525532,Arça,ca,"","",,Catalan,Arnau Duran,2020-12-23T08:18:31Z
168412,Sanícula,ca,"","",,Catalan,Arnau Duran,2020-12-23T08:18:53Z
245754,Fiteuma orbicular,ca,"","",,Catalan,Arnau Duran,2020-12-23T08:19:18Z
319682,Candelera,ca,"","",,Catalan,Arnau Duran,2020-12-23T08:22:56Z
450901,Carolina,ca,"","",,Catalan,Arnau Duran,2020-12-23T08:23:39Z
490801,Albada,ca,"","",,Catalan,Arnau Duran,2020-12-23T08:24:21Z
202500,Lliri de Sant Bru,ca,"","",,Catalan,Arnau Duran,2020-12-23T08:24:46Z
5192,Aligot rogenc,ca,"","",,Catalan,bornfeta,2020-12-24T10:50:42Z
486033,saxífraga brioide,ca,"","",,Catalan,Yann Kemper,2020-12-26T11:09:24Z
199324,Clívia blava,ca,"","",,Catalan,Arnau Duran,2020-12-27T10:09:43Z
451769,Estepa groga,ca,"","",,Catalan,Arnau Duran,2020-12-27T10:10:24Z
47701,Geranis,ca,"","",,Catalan,Arnau Duran,2020-12-27T10:10:55Z
487706,Gavó fruticós,ca,"","",,Catalan,Arnau Duran,2020-12-27T10:12:22Z
792837,Cirialera vera,ca,"","",,Catalan,Arnau Duran,2020-12-27T10:12:55Z
61948,Rèvola menuda,ca,"","",,Catalan,Arnau Duran,2020-12-27T10:13:24Z
334755,Veça,ca,"","",,Catalan,Arnau Duran,2020-12-28T08:41:35Z
133231,Trepó candeler,ca,"","",,Catalan,Arnau Duran,2020-12-28T08:42:28Z
47691,Rèvola,ca,"","",,Catalan,Arnau Duran,2020-12-28T08:43:12Z
133150,Gavó rotundifoli,ca,"","",,Catalan,Arnau Duran,2020-12-28T08:44:07Z
450919,Lli campanulat,ca,"","",,Catalan,Arnau Duran,2020-12-28T08:44:21Z
55679,Lli de prat,ca,"","",,Catalan,Arnau Duran,2020-12-28T08:44:59Z
55766,herba de les berrugues,ca,"","",,Catalan,Arnau Duran,2020-12-28T08:45:47Z
76487,Crupina,ca,"","",,Catalan,Arnau Duran,2020-12-28T08:46:20Z
79156,Lletsó,ca,"","",,Catalan,Arnau Duran,2020-12-28T08:46:48Z
333723,Card cigrell,ca,"","",,Catalan,Arnau Duran,2020-12-28T08:47:38Z
52471,garlanda,ca,"","",,Catalan,Arnau Duran,2020-12-28T08:48:17Z
82628,Pinzell,ca,"","",,Catalan,Arnau Duran,2020-12-28T10:30:53Z
48543,Cicèrbita,ca,"","",,Catalan,Arnau Duran,2020-12-31T14:44:10Z
164232,Englantina,ca,"","",,Catalan,Arnau Duran,2020-12-31T14:44:29Z
55775,Bruc roig,ca,"","",,Catalan,Arnau Duran,2020-12-31T15:30:34Z
50813,Orella de Judes,ca,"","",,Catalan,Arnau Duran,2020-12-31T15:32:14Z
124138,Til·la borda,ca,"","",,Catalan,Arnau Duran,2020-12-31T15:33:35Z
167598,Herba de Sant Roc,ca,"","",,Catalan,Arnau Duran,2020-12-31T15:34:39Z
362351,Herba prima de roca,ca,"","",,Catalan,Arnau Duran,2020-12-31T15:36:19Z
77992,Menta boscana,ca,"","",,Catalan,Arnau Duran,2020-12-31T15:36:58Z
338386,Lleteresa dolça,ca,"","",,Catalan,Arnau Duran,2020-12-31T15:38:00Z
56126,Herba de Santa Bàrbara,ca,"","",,Catalan,Arnau Duran,2020-12-31T15:39:17Z
143418,Sàlvia glutinosa,ca,"","",,Catalan,Arnau Duran,2020-12-31T15:40:48Z
62189,gitaneta de collaret vermell,ca,"","",,Catalan,Arnau Duran,2020-12-31T15:43:43Z
7391,terrerola de Hume,ca,"","",,Catalan,bornfeta,2021-01-01T09:06:21Z
84278,Heliantem nummular,ca,"","",,Catalan,Arnau Duran,2021-01-01T09:12:33Z
48874,Anacardiàcies,ca,"","",,Catalan,Arnau Duran,2021-01-01T09:17:02Z
57279,Simarubàcies,ca,"","",,Catalan,Arnau Duran,2021-01-01T09:17:17Z
53724,Meliàcies,ca,"","",,Catalan,Arnau Duran,2021-01-01T09:17:45Z
53720,Mèlia,ca,"","",,Catalan,Arnau Duran,2021-01-01T15:20:41Z
60350,Donzell,ca,"","",,Catalan,Arnau Duran,2021-01-01T15:29:33Z
47161,Ciperàcies,ca,"","",,Catalan,Arnau Duran,2021-01-02T08:43:51Z
321609,Crespinell hirsut,ca,"","",,Catalan,Arnau Duran,2021-01-02T08:45:58Z
319371,Borm blau,ca,"","",,Catalan,Arnau Duran,2021-01-02T10:44:41Z
48332,Escifozous,ca,"","",,Catalan,Arnau Duran,2021-01-02T10:45:04Z
47533,Antozous,ca,"","",,Catalan,Arnau Duran,2021-01-02T10:45:17Z
47456,Pops,ca,"","",,Catalan,Arnau Duran,2021-01-02T10:45:58Z
47599,Asparagàcies,ca,"","",,Catalan,Arnau Duran,2021-01-02T14:26:36Z
130720,Viola groga,ca,"","",,Catalan,Arnau Duran,2021-01-03T15:29:47Z
168355,Salze nan,ca,"","",,Catalan,Arnau Duran,2021-01-03T15:30:14Z
84436,Rodiola,ca,"","",,Catalan,Arnau Duran,2021-01-03T15:30:33Z
556928,Peucrist,ca,"","",,Catalan,Arnau Duran,2021-01-03T15:30:53Z
450389,Hipèric nummular,ca,"","",,Catalan,Arnau Duran,2021-01-03T15:31:22Z
55756,Gerani obscur,ca,"","",,Catalan,Arnau Duran,2021-01-03T15:31:44Z
163230,Genciana nival,ca,"","",,Catalan,Arnau Duran,2021-01-03T15:32:09Z
335885,Perelloner,ca,"","",,Catalan,Arnau Duran,2021-01-03T15:32:45Z
76721,Falguera mascle,ca,"","",,Catalan,Arnau Duran,2021-01-03T15:33:04Z
56065,Reina dels boscos,ca,"","",,Catalan,Arnau Duran,2021-01-03T15:33:51Z
132437,Corona de reina,ca,"","",,Catalan,Arnau Duran,2021-01-03T15:34:14Z
124135,Saxífraga granulosa,ca,"","",,Catalan,Arnau Duran,2021-01-03T15:34:48Z
58907,Almegó blanc,ca,"","",,Catalan,Arnau Duran,2021-01-04T08:39:16Z
55459,Flor robí,ca,"","",,Catalan,Arnau Duran,2021-01-04T08:39:59Z
159235,Bident auri,ca,"","",,Catalan,Arnau Duran,2021-01-04T08:40:33Z
130486,Pediculiaris foliosa,ca,"","",,Catalan,Arnau Duran,2021-01-04T12:00:29Z
49194,Verbenàcies,ca,"","",,Catalan,Arnau Duran,2021-01-04T12:00:52Z
50151,Acantàcies,ca,"","",,Catalan,Arnau Duran,2021-01-04T12:01:04Z
210353,Cogombre de mar negre,ca,"","",,Catalan,Arnau Duran,2021-01-07T10:06:42Z
68886,Silene acaule,ca,"","",,Catalan,Arnau Duran,2021-01-07T10:08:07Z
75694,Falguera de muntanya,ca,"","",,Catalan,Arnau Duran,2021-01-07T10:08:47Z
58205,Maclura,ca,"","",,Catalan,Arnau Duran,2021-01-07T10:09:25Z
332930,Atiriàcies,ca,"","",,Catalan,Arnau Duran,2021-01-07T10:17:51Z
52808,Pèl de bou,ca,"","",,Catalan,Arnau Duran,2021-01-07T10:19:26Z
57643,Gerani purpuri,ca,"","",,Catalan,Arnau Duran,2021-01-07T10:19:52Z
207679,Consolda ombrosa,ca,"","",,Catalan,Arnau Duran,2021-01-07T15:11:52Z
130694,Prenantes,ca,"","",,Catalan,Arnau Duran,2021-01-07T15:12:25Z
55828,Lami maculat,ca,"","",,Catalan,Arnau Duran,2021-01-09T09:49:25Z
209481,Herba de la feridura,ca,"","",,Catalan,Arnau Duran,2021-01-09T09:50:41Z
520164,Heliantem eriçat,ca,"","",,Catalan,Arnau Duran,2021-01-09T09:51:19Z
82679,Herba de la bajoqueta,ca,"","",,Catalan,Arnau Duran,2021-01-09T09:51:50Z
55746,Aranya cranc,ca,"","",,Catalan,Arnau Duran,2021-01-09T15:02:13Z
47562,Pinàcies,ca,"","",,Catalan,Arnau Duran,2021-01-10T16:26:14Z
147293,Violeta boscana,ca,"","",,Catalan,Arnau Duran,2021-01-11T08:37:03Z
69640,Càrex silvàtic,ca,"","",,Catalan,Arnau Duran,2021-01-11T08:37:37Z
49365,Càrex pèndul,ca,"","",,Catalan,Arnau Duran,2021-01-11T08:37:59Z
244657,Càrex d'Haller,ca,"","",,Catalan,Arnau Duran,2021-01-11T08:38:16Z
159951,Mansegueta,ca,"","",,Catalan,Arnau Duran,2021-01-11T08:38:38Z
82895,All de bruixa,ca,"","",,Catalan,Arnau Duran,2021-01-11T08:39:04Z
79765,Coronil·la glauca,ca,"","",,Catalan,Arnau Duran,2021-01-11T08:44:29Z
76449,Coronil·la,ca,"","",,Catalan,Arnau Duran,2021-01-11T08:44:46Z
1179954,Satirel·la blanca,ca,"","",https://www.inaturalist.org/taxon_names/2364339/edit,Catalan,,2021-01-12T23:38:10Z
1180933,molsa d’estrelles,ca,"","",https://www.inaturalist.org/taxon_names/2274386/edit,Catalan,,2021-01-16T17:17:48Z
117446,Estrella de mar vermella,ca,"","",,Catalan,Arnau Duran,2021-01-25T12:11:53Z
166880,Pimpinella,ca,"","",,Catalan,Arnau Duran,2021-01-26T07:17:35Z
68666,Amla,ca,"","",https://eol.org/pages/1153040,Catalan,,2021-01-26T07:39:17Z
58387,Canyota,ca,"","",,Catalan,jorditb,2021-01-29T07:33:51Z
167210,Angelets,ca,"","",,Catalan,Arnau Duran,2021-01-29T08:39:46Z
208966,Arròs de paret,ca,"","",,Catalan,Arnau Duran,2021-01-29T08:40:54Z
47687,Curripeus,ca,"","",,Catalan,Arnau Duran,2021-01-29T08:42:13Z
47689,Geraniàcies,ca,"","",,Catalan,Arnau Duran,2021-01-29T08:42:26Z
566091,armèria marina,ca,"","",,Catalan,Arnau Duran,2021-02-03T11:55:32Z
128637,Bignay,ca,"","",https://eol.org/pages/1154749,Catalan,,2021-02-06T06:18:13Z
7513,cargolet de la Carolina,ca,"","",,Catalan,cmciv,2021-02-14T14:53:27Z
4516,Somorgollaire de Brünnich,ca,"","",,Catalan,jorditb,2021-02-21T20:32:33Z
131833,Cargol vinyal,ca,"","",,Catalan,Naturalista,2021-03-08T08:30:04Z
131833,Cargol jueu,ca,"","",,Catalan,Naturalista,2021-03-08T08:30:31Z
131833,Caragol jueu,ca,"","",,Catalan,Naturalista,2021-03-08T08:31:05Z
131833,Vinyala,ca,"","",,Catalan,Naturalista,2021-03-08T08:31:36Z
339684,Garsa Blava,ca,"","",,Catalan,Marc,2021-03-08T14:45:35Z
210512,abellera fosca,ca,"","",,Catalan,Naturalista,2021-03-09T08:17:46Z
5309,Àguila marina,ca,"","",,Catalan,Marc,2021-03-09T14:26:06Z
56129,morró negre,ca,"","",,Catalan,Naturalista,2021-03-09T22:30:55Z
503384,Crepis pirinenca,ca,"","",,Catalan,Wolfgang Jauch,2021-03-17T21:50:45Z
348288,Foraminífers,ca,"","",,Catalan,Alessandro,2021-03-18T23:42:44Z
123880,Diatomees,ca,"","",,Catalan,Alessandro,2021-03-19T00:02:54Z
123880,Bacillariofícies,ca,"","",,Catalan,Alessandro,2021-03-19T00:03:29Z
52595,Oomicets,ca,"","",,Catalan,Alessandro,2021-03-19T00:59:54Z
61381,Arròs,ca,"","",,Catalan,Alessandro,2021-03-24T21:45:20Z
54797,acàcia de tres punxes,ca,"","",,Catalan,Naturalista,2021-03-30T18:42:58Z
77741,troanella,ca,"","",,Catalan,Naturalista,2021-03-30T18:47:51Z
165527,colletxó,ca,"","",,Catalan,Naturalista,2021-03-30T18:54:17Z
338098,sarga,ca,"","",,Catalan,Naturalista,2021-03-30T18:56:28Z
47602,Dent de lleó,ca,"","",https://www.inaturalist.org/taxon_names/2095659/edit,Catalan,Li Jianong,2021-04-03T20:33:38Z
143617,Cuca de llum europea,ca,"","",,Catalan,Naturalista,2021-04-04T08:59:03Z
367018,Cuca de llum mediterrània,ca,"Catalunya, ES | Cataluña, ES","",,Catalan,Naturalista,2021-04-04T09:02:24Z
372426,Cuca de llum ibèrica,ca,"","",,Catalan,Naturalista,2021-04-04T12:25:50Z
491531,Cuca de llum occidental,ca,"","",,Catalan,Naturalista,2021-04-04T12:29:26Z
560080,Cuca de Llum Balear,ca,"","",,Catalan,Naturalista,2021-04-04T12:32:13Z
63352,Bàbol,ca,"","",,Catalan,Naturalista,2021-04-04T15:41:57Z
144243,Picot verd,ca,"","",,Catalan,Naturalista,2021-04-10T13:53:41Z
53326,vinca major,ca,"","",,Catalan,Naturalista,2021-04-10T14:46:25Z
53326,vinca ciliada,ca,"","",,Catalan,Naturalista,2021-04-10T14:47:07Z
122976,enciam,ca,"","",,Catalan,Naturalista,2021-04-10T18:44:09Z
873768,tabaquera,ca,"","",,Catalan,Naturalista,2021-04-10T18:45:27Z
157622,ballarides,ca,"","",,Catalan,Naturalista,2021-04-11T20:37:40Z
144242,Picot verd ibèric,ca,"","",,Catalan,Naturalista,2021-04-12T17:22:09Z
40268,Ratpenats,ca,"","",,Catalan,Naturalista,2021-04-15T08:07:44Z
311249,Briòfits,ca,"","",,Catalan,Naturalista,2021-04-15T08:22:06Z
47731,Cuques de llum,ca,"","",,Catalan,Naturalista,2021-04-15T08:36:33Z
47731,Lluernes,ca,"","",,Catalan,Naturalista,2021-04-15T08:37:04Z
48403,Espinós,ca,"","",,Catalan,Naturalista,2021-04-15T10:52:48Z
48403,Punxoset,ca,"Comunidad Valenciana, ES","",,Catalan,Naturalista,2021-04-15T10:53:29Z
99269,Llobarro,ca,"","",,Catalan,Naturalista,2021-04-15T11:01:32Z
106222,Llissa llobarrera,ca,"","",,Catalan,Naturalista,2021-04-15T11:16:31Z
97345,Llissa vera,ca,"","",,Catalan,Naturalista,2021-04-15T11:17:46Z
765394,saüc,ca,"","",,Catalan,Naturalista,2021-04-15T19:25:57Z
64615,Hepàtiques,ca,"","",,Catalan,Naturalista,2021-04-22T21:00:23Z
58725,Ginebre,ca,"Catalunya, ES | Cataluña, ES","",,Catalan,Naturalista,2021-04-24T12:58:03Z
62743,Ginebre comú,ca,"Catalunya, ES","",,Catalan,Naturalista,2021-04-24T12:58:42Z
81001,Ginebró,ca,"","",,Catalan,Naturalista,2021-04-24T13:00:06Z
933404,Blavet,ca,"","",,Catalan,ksivilla,2021-04-24T19:13:05Z
54134,bolet de soca de colors,ca,"","",,Catalan,ksivilla,2021-04-24T23:09:03Z
125932,pipa,ca,"","",,Catalan,ksivilla,2021-04-24T23:13:32Z
211194,Plantes vasculars,ca,"Catalunya, ES","",,Catalan,Naturalista,2021-04-25T09:45:33Z
442873,roure català,ca,"","",,Catalan,Naturalista,2021-04-25T09:52:09Z
82592,falzia de bosc,ca,"Catalunya, ES | Cataluña, ES","",,Catalan,Naturalista,2021-04-25T10:40:22Z
57283,herba de Sant Jordi,ca,"Catalunya, ES","",,Catalan,Naturalista,2021-04-28T12:47:33Z
53059,apegalós,ca,"Catalunya, ES","",,Catalan,Naturalista,2021-04-28T12:49:59Z
64546,romegueró,ca,"","",,Catalan,Naturalista,2021-05-01T06:57:05Z
524183,ripoll,ca,"","",,Catalan,Naturalista,2021-05-01T06:58:09Z
59979,évol,ca,"","",,Catalan,Naturalista,2021-05-01T07:00:58Z
59979,saüc pudent,ca,"","",,Catalan,Naturalista,2021-05-01T07:02:34Z
51874,Lligaboscos i xuclamels,ca,"","",,Catalan,Naturalista,2021-05-02T21:55:36Z
56189,Cigala escumadora,ca,"","",,Catalan,Naturalista,2021-05-02T22:19:03Z
323017,Cigala escumejadora,ca,"","",,Catalan,Naturalista,2021-05-02T22:22:33Z
56843,agulles de pastor,ca,"","",,Catalan,Naturalista,2021-05-02T22:24:35Z
51673,Paparres dures,ca,"","",,Catalan,Naturalista,2021-05-03T13:06:08Z
78820,ranuncle bulbós,ca,"Catalunya, ES","",,Catalan,Naturalista,2021-05-03T21:24:21Z
55610,Poll de moro,ca,"","",,Catalan,Naturalista,2021-05-06T14:30:48Z
55610,Xinxa de les malves,ca,"","",,Catalan,Naturalista,2021-05-06T14:31:03Z
55610,Coralet,ca,"","",,Catalan,Naturalista,2021-05-06T14:31:24Z
133392,vidalba recta,ca,"","",,Catalan,Naturalista,2021-05-07T11:17:22Z
133392,herba bromera,ca,"","",,Catalan,Naturalista,2021-05-07T11:17:36Z
229905,Paparra marró del gos,ca,"","",,Catalan,Naturalista,2021-05-08T08:51:35Z
64806,Granotes verdes,ca,"","",,Catalan,Naturalista,2021-05-08T09:01:23Z
486980,ranuncle d’aigua de fulla de fil,ca,"","",,Catalan,Naturalista,2021-05-08T09:10:30Z
78817,ranuncle d’aigua,ca,"","",,Catalan,Naturalista,2021-05-08T09:13:32Z
957902,Ranuncles d’aigua,ca,"","",,Catalan,Naturalista,2021-05-08T09:15:31Z
78817,ranuncle aquàtic,ca,"","",,Catalan,Naturalista,2021-05-08T09:37:58Z
162372,equiset ramós,ca,"","",,Catalan,Naturalista,2021-05-08T10:08:48Z
162372,cua de cavall ramosa,ca,"","",,Catalan,Naturalista,2021-05-08T10:09:08Z
47746,Cues de cavall,ca,"","",,Catalan,Naturalista,2021-05-08T10:10:31Z
162372,trencanua ramosa,ca,"","",,Catalan,Naturalista,2021-05-08T10:11:50Z
56061,al·liària,ca,"","",,Catalan,Naturalista,2021-05-08T10:26:56Z
56061,allenc,ca,"","",,Catalan,Naturalista,2021-05-08T10:27:14Z
208965,coronil·la boscana,ca,"","",,Catalan,Naturalista,2021-05-08T10:29:07Z
82655,panigroc,ca,"","",,Catalan,Naturalista,2021-05-08T10:30:47Z
450901,coronil·la mínima,ca,"Catalunya, ES","",,Catalan,Naturalista,2021-05-08T10:36:35Z
524178,pelaguer junci,ca,"","",,Catalan,Naturalista,2021-05-08T10:48:16Z
72378,Pelaguers,ca,"","",,Catalan,Naturalista,2021-05-08T10:49:18Z
803774,frare del romaní,ca,"","",,Catalan,Naturalista,2021-05-08T10:52:57Z
59653,Sabaters,ca,"","",,Catalan,Naturalista,2021-05-08T10:55:35Z
54436,gerdera,ca,"","",,Catalan,Naturalista,2021-05-08T10:58:53Z
54436,gerd,ca,"","",,Catalan,Naturalista,2021-05-08T11:15:05Z
47544,Esbarzers i parents,ca,"","",,Catalan,Naturalista,2021-05-08T11:22:15Z
52838,camamilla borda,ca,"","",,Catalan,Naturalista,2021-05-16T12:36:37Z
55932,carbassina,ca,"","",,Catalan,Naturalista,2021-05-16T12:38:55Z
209478,lli de Narbona,ca,"","",,Catalan,Naturalista,2021-05-16T12:48:52Z
55847,barretets rojos,ca,"","",https://www.inaturalist.org/taxon_names/2287847/edit,Catalan,Galló Orsi,2021-05-20T11:23:46Z
124741,tortellatge,ca,"","",,Catalan,Naturalista,2021-05-22T06:34:03Z
186128,sanguinària,ca,"","",,Catalan,Naturalista,2021-05-22T10:26:13Z
186128,sanguinària blava,ca,"","",,Catalan,Naturalista,2021-05-22T10:26:42Z
186128,herba de les set sagnies,ca,"","",,Catalan,Naturalista,2021-05-22T10:27:10Z
186128,aspró,ca,"","",,Catalan,Naturalista,2021-05-22T10:27:36Z
55935,carbassina,ca,"","",,Catalan,Naturalista,2021-05-23T22:22:21Z
62980,Xinxa Blava,ca,"","",,Catalan,Naturalista,2021-06-05T18:49:03Z
142936,Bernat nebulós,ca,"","",,Catalan,Naturalista,2021-06-06T13:04:26Z
797534,Boí (subfamília),ca,"","",https://eol.org/pages/57690240,Catalan,,2021-06-06T20:35:41Z
49614,Solet,ca,"","",,Catalan,Alejandro R. O.,2021-06-16T11:27:26Z
49614,Perca sol,ca,"","",,Catalan,Alejandro R. O.,2021-06-16T11:27:52Z
966781,Serp de collaret,ca,"","",,Catalan,Naturalista,2021-06-24T10:10:17Z
157990,Aranya Saltadora Mediterrània,ca,"","",,Catalan,Naturalista,2021-06-28T14:45:08Z
1262449,Àrnica,ca,"","",https://www.inaturalist.org/taxon_names/2364270/edit,Catalan,Nicolas Schwab,2021-07-09T14:05:27Z
50873,Tauró blanc,ca,"","",http://www.catalogueoflife.org/annual-checklist/details/species/id/10064513/common/239556,Catalan,Eric.L.Chen,2021-07-13T19:09:52Z
118667,Variada,ca,"","",,Catalan,Naturalista,2021-07-14T17:10:56Z
118667,Verada,ca,"","",,Catalan,Naturalista,2021-07-14T17:11:10Z
118667,Vidriada,ca,"","",,Catalan,Naturalista,2021-07-14T17:11:49Z
118669,Sarg,ca,"","",,Catalan,Naturalista,2021-07-14T17:18:53Z
118669,Sard,ca,"","",,Catalan,Naturalista,2021-07-14T17:19:03Z
50968,Juliola,ca,"","",,Catalan,Naturalista,2021-07-14T18:00:10Z
50968,Guiula,ca,"","",,Catalan,Naturalista,2021-07-14T18:00:25Z
50968,Donzella,ca,"Islas Baleares, ES","",,Catalan,Naturalista,2021-07-14T18:00:36Z
118943,Posidònia,ca,"","",,Catalan,Naturalista,2021-07-14T18:03:56Z
118943,altina,ca,"","",,Catalan,Naturalista,2021-07-14T18:05:20Z
243782,lliri pirinenc,ca,"","",,Catalan,Arnau Duran,2021-07-15T09:20:52Z
55748,verònica,ca,"","",,Catalan,Arnau Duran,2021-07-15T09:21:27Z
48648,Salmó,ca,"","",,Catalan,Zane Roskoph,2021-07-16T15:12:34Z
69599,Formigues dels paviments,ca,"","",,Catalan,Naturalista,2021-07-17T08:00:29Z
50984,Tallahams,ca,"","",http://www.catalogueoflife.org/annual-checklist/details/species/id/10070184/common/256338,Catalan,iSea,2021-07-20T12:32:39Z
50984,Pesciu serra,ca,"","",,Catalan,Zane Roskoph,2021-07-20T12:34:10Z
196745,Rei dels peixos,ca,"","",http://www.catalogueoflife.org/annual-checklist/details/species/id/10064533/common/117886,Catalan,max kirsch,2021-07-20T13:34:34Z
1264430,Mostela de Colòmbia,ca,"","",https://www.inaturalist.org/taxon_names/1409953/edit,Catalan,Bobby McCabe,2021-07-20T16:21:51Z
1264432,visó americà,ca,"","",https://www.inaturalist.org/taxon_names/216041/edit,Catalan,,2021-07-20T16:31:00Z
54262,Avets,ca,"","",,Catalan,Parc de la Séquia,2021-07-22T06:31:53Z
55837,Prunera de fulla vermella,ca,"Catalunya, ES","",,Catalan,Parc de la Séquia,2021-07-22T06:36:09Z
47113,Nudibranqui,ca,"","",https://eol.org/pages/46449083,Catalan,,2021-07-27T21:57:58Z
128186,Peix àvia reial,ca,"","",https://eol.org/pages/46580454,Catalan,,2021-07-28T23:52:55Z
99786,Anguila elèctrica,ca,"","",,Catalan,Zane Roskoph,2021-07-29T02:42:15Z
47516,Truita arc de Sant Martí,ca,"","",,Catalan,Zane Roskoph,2021-07-29T22:54:43Z
35327,iguana crestada de les Fiji,ca,"","",https://eol.org/pages/795554,Catalan,,2021-07-30T02:14:05Z
53669,ballesta de dents roges,ca,"","",https://eol.org/pages/46570702,Catalan,,2021-07-30T11:44:53Z
41972,Pantera nebulosa,ca,"","",,Catalan,Zane Roskoph,2021-07-30T12:49:55Z
74753,pantera nebulosa de Borneo,ca,"","",https://eol.org/pages/7241720,Catalan,Victor HOYEAU,2021-07-30T13:15:51Z
110381,Peix serra comú,ca,"","",https://eol.org/pages/46560361,Catalan,Wich’yanan (Jay) Limparungpatthanakij,2021-07-30T14:38:12Z
84996,tauró camús,ca,"","",https://eol.org/pages/46559783,Catalan,Wich’yanan (Jay) Limparungpatthanakij,2021-07-30T14:43:52Z
26076,Cocodril filipí,ca,"","",,Catalan,Zane Roskoph,2021-07-30T15:02:57Z
26061,cocodril de Cuba,ca,"","",https://eol.org/pages/795274,Catalan,,2021-07-30T15:15:13Z
42007,Puma,ca,"","",,Catalan,Zane Roskoph,2021-08-01T00:41:11Z
539233,tortuga gegant d'Aldabra,ca,"","",https://eol.org/pages/52231890,Catalan,,2021-08-01T16:20:32Z
18910,cotorra de les Seychelles,ca,"","",,Catalan,Zane Roskoph,2021-08-01T17:07:45Z
123749,Os de Kermode,ca,"","",,Catalan,Zane Roskoph,2021-08-02T00:14:03Z
46091,Marmota de l'illa de Vancouver,ca,"","",,Catalan,Zane Roskoph,2021-08-02T00:57:00Z
1269296,pardal d'Afganistan,ca,"","",https://eol.org/pages/1052130,Catalan,Donald Davesne,2021-08-02T12:39:47Z
30472,cobra reial,ca,"","",https://eol.org/pages/1055746,Catalan,Wich’yanan (Jay) Limparungpatthanakij,2021-08-02T15:17:35Z
14301,manaquí de dors blau,ca,"","",https://eol.org/pages/45513332,Catalan,,2021-08-02T19:41:58Z
14301,Manaquí dorsiblau,ca,"","",,Catalan,Zane Roskoph,2021-08-02T22:52:22Z
26081,cocodril de l'Orinoco,ca,"","",https://eol.org/pages/795281,Catalan,,2021-08-02T23:13:18Z
2107,guan xiulador de Trinitat,ca,"","",https://eol.org/pages/45512039,Catalan,,2021-08-02T23:52:39Z
121196,peix cirurgià blau del Carib,ca,"","",https://eol.org/pages/46577048,Catalan,,2021-08-03T13:03:32Z
52188,tauró balena,ca,"","",https://eol.org/pages/46559686,Catalan,,2021-08-03T13:51:46Z
112841,Tauró de Groenlàndia,ca,"","",,Catalan,Zane Roskoph,2021-08-03T14:33:04Z
54536,cavallet de mar d'algues,ca,"","",https://eol.org/pages/46567739,Catalan,,2021-08-05T13:18:40Z
49105,cavallet de mar foliaci,ca,"","",https://eol.org/pages/46567737,Catalan,,2021-08-05T13:24:24Z
371890,peix pinya,ca,"","",https://eol.org/pages/46567379,Catalan,,2021-08-05T17:21:53Z
130176,molsa d'Irlanda,ca,"","",,Catalan,Zane Roskoph,2021-08-05T18:01:21Z
10421,trencapinyes escocès,ca,"","",https://eol.org/pages/45518970,Catalan,,2021-08-06T15:11:44Z
56072,peix mandarí,ca,"","",https://eol.org/pages/46571393,Catalan,Wich’yanan (Jay) Limparungpatthanakij,2021-08-09T13:22:35Z
41676,bassarisc de cua anellada,ca,"","",https://eol.org/pages/328599,Catalan,,2021-08-09T15:06:28Z
43136,llebre de Tehuantepec,ca,"","",https://eol.org/pages/311900,Catalan,max kirsch,2021-08-09T18:35:04Z
1330,colí barbat,ca,"","",https://eol.org/pages/45508961,Catalan,,2021-08-09T19:12:31Z
339893,tàngara matollera comuna,ca,"","",https://eol.org/pages/45511955,Catalan,,2021-08-09T19:35:47Z
183173,Ratpenat cuallarg de Natal,ca,"","",,Catalan,Zane Roskoph,2021-08-09T20:00:22Z
40892,guineu voladora negra de Maurici,ca,"","",https://eol.org/pages/327282,Catalan,Sam Gordon,2021-08-10T11:29:45Z
183009,Ratpenat cuallarg de François Moutou,ca,"","",,Catalan,Zane Roskoph,2021-08-10T11:35:36Z
887383,Talpó de la tundra,ca,"","",,Catalan,Zane Roskoph,2021-08-10T11:52:56Z
62261,narteci americà,ca,"","",https://eol.org/pages/1011382,Catalan,,2021-08-10T12:01:37Z
331121,Llimona àcida,ca,"","",,Catalan,Zane Roskoph,2021-08-10T12:16:41Z
123356,poncem,ca,"","",https://eol.org/pages/582203,Catalan,,2021-08-10T12:34:50Z
123356,Naronja,ca,"","",,Catalan,Zane Roskoph,2021-08-10T12:55:22Z
123356,Naronger,ca,"","",,Catalan,Zane Roskoph,2021-08-10T12:55:30Z
765432,Yuzu,ca,"","",,Catalan,Zane Roskoph,2021-08-10T13:07:30Z
915545,Sudachi,ca,"","",,Catalan,Zane Roskoph,2021-08-10T13:18:48Z
117182,Boscarla de Nauru,ca,"","",,Catalan,Zane Roskoph,2021-08-10T15:46:23Z
117182,boscarla de l'illa Nauru,ca,"","",https://eol.org/pages/45518749,Catalan,,2021-08-10T15:50:24Z
709635,Lliri blau,ca,"","",,Catalan,Zane Roskoph,2021-08-10T16:16:36Z
35324,Iguana terrestre de Galàpagos,ca,"","",,Catalan,Zane Roskoph,2021-08-10T19:04:43Z
35347,iguana marina,ca,"","",,Catalan,Zane Roskoph,2021-08-10T19:26:49Z
3451,tórtora de les Galápagos,ca,"","",https://eol.org/pages/1049711,Catalan,,2021-08-11T11:40:54Z
144516,Gavina de lava,ca,"","",https://eol.org/pages/1049306,Catalan,,2021-08-11T11:52:24Z
4555,gavina d'ivori,ca,"","",https://eol.org/pages/45509269,Catalan,,2021-08-11T12:03:44Z
4557,gavina rosada,ca,"","",https://eol.org/pages/45509280,Catalan,Victor HOYEAU,2021-08-11T12:09:53Z
4564,Gavineta cua de tisora,ca,"","",,Catalan,Zane Roskoph,2021-08-11T12:27:54Z
4564,gavineta cuaforcada,ca,"","",https://eol.org/pages/45509264,Catalan,,2021-08-11T12:38:59Z
4564,Gavina de cua bifurcada,ca,"","",https://eol.org/pages/45509264,Catalan,,2021-08-11T12:39:10Z
367474,rasclet de les Galápagos,ca,"","",https://eol.org/pages/43001476,Catalan,,2021-08-11T15:03:51Z
3802,mascarell atlàntic,ca,"","",https://eol.org/pages/45509065,Catalan,Nelly Semenova,2021-08-11T15:53:28Z
41644,Os polar,ca,"","",,Catalan,Zane Roskoph,2021-08-11T16:06:17Z
41738,lleó marí de les Galápagos,ca,"","",https://eol.org/pages/46559214,Catalan,,2021-08-11T19:15:13Z
41724,foca lleopard,ca,"","",https://eol.org/pages/46559181,Catalan,,2021-08-11T19:22:52Z
18941,Kea,ca,"","",,Catalan,Zane Roskoph,2021-08-12T14:31:35Z
107926,ornitòptera reina Alexandra,ca,"","",https://eol.org/pages/130506,Catalan,wsyxbcl,2021-08-13T11:26:28Z
147527,Guepard asiàtic,ca,"","",https://eol.org/pages/1252905,Catalan,,2021-08-13T11:39:50Z
41747,os marí de les Galápagos,ca,"","",https://www.inaturalist.org/taxon_names/2641229/edit,Catalan,,2021-08-14T06:59:45Z
102975,Esturió beluga,ca,"","",https://eol.org/pages/46561184,Catalan,operculum_ben,2021-08-14T18:43:38Z
102975,Beluga,ca,"","",,Catalan,Zane Roskoph,2021-08-14T18:45:36Z
147550,Rorqual blau pigmeu,ca,"","",,Catalan,Zane Roskoph,2021-08-15T12:44:57Z
41553,balena blava,ca,"","",https://eol.org/pages/46559433,Catalan,,2021-08-15T14:45:12Z
41570,balena franca comuna,ca,"","",https://eol.org/pages/46559421,Catalan,Victor HOYEAU,2021-08-15T17:05:26Z
41570,Balena atlàntica,ca,"","",,Catalan,Zane Roskoph,2021-08-15T17:05:58Z
41461,beluga,ca,"","",,Catalan,Zane Roskoph,2021-08-15T17:58:41Z
41461,Balena blanca,ca,"","",,Catalan,Zane Roskoph,2021-08-15T17:59:04Z
467325,crespinell de congesta,ca,"","",,Catalan,James Kameron Mitchell,2021-08-16T11:50:14Z
467325,mucizònia de congestera,ca,"","",,Catalan,James Kameron Mitchell,2021-08-16T12:30:44Z
467325,mucizònia de muntanya,ca,"","",,Catalan,James Kameron Mitchell,2021-08-16T12:31:23Z
367871,Ren d'Svalbard,ca,"","",,Catalan,Zane Roskoph,2021-08-18T16:04:20Z
153003,móra vermella,ca,"","",,Catalan,Zane Roskoph,2021-08-18T16:09:19Z
84804,Xinxa ratllada,ca,"","",,Catalan,Naturalista,2021-08-19T12:26:30Z
546357,Xinxa Retxada Europea,ca,"","",,Catalan,Naturalista,2021-08-19T12:27:03Z
71248,Grill de camp,ca,"Catalunya, ES","",,Catalan,Naturalista,2021-08-20T06:51:30Z
52884,Grills,ca,"","",,Catalan,Naturalista,2021-08-20T06:52:03Z
332307,Grill de palla,ca,"","",,Catalan,Naturalista,2021-08-20T07:17:07Z
332307,Grill italià,ca,"","",,Catalan,Naturalista,2021-08-20T07:17:44Z
42052,llop vermell,ca,"","",,Catalan,Zane Roskoph,2021-08-25T15:26:24Z
130796,tigre de Sibèria,ca,"","",,Catalan,Zane Roskoph,2021-08-26T13:47:05Z
130799,tigre de Sumatra,ca,"Catalunya, ES","",,Catalan,Zane Roskoph,2021-08-26T16:52:16Z
130799,tigre de Bali,ca,"","",,Catalan,Zane Roskoph,2021-08-26T17:13:01Z
130799,tigre de Java,ca,"","",,Catalan,Zane Roskoph,2021-08-27T11:35:37Z
130793,Tigre de Bengala,ca,"","",,Catalan,Zane Roskoph,2021-08-27T12:18:26Z
130793,tigre malai,ca,"","",,Catalan,Zane Roskoph,2021-08-27T13:48:51Z
130793,Tigre de Malàisia,ca,"","",,Catalan,Zane Roskoph,2021-08-27T13:49:03Z
130793,tigre indoxinès,ca,"","",,Catalan,Zane Roskoph,2021-08-27T14:05:02Z
130793,Tigre de Corbett,ca,"","",,Catalan,Zane Roskoph,2021-08-27T14:05:12Z
130793,Tigre de la Indoxina,ca,"","",,Catalan,Zane Roskoph,2021-08-27T14:05:24Z
130793,tigre del sud de la Xina,ca,"","",,Catalan,Zane Roskoph,2021-08-27T14:28:04Z
130793,Tigre d'Amoy,ca,"","",,Catalan,Zane Roskoph,2021-08-27T14:28:16Z
130793,Tigre del sud de Xina,ca,"","",,Catalan,Zane Roskoph,2021-08-27T14:28:27Z
27677,olm,ca,"","",,Catalan,Zane Roskoph,2021-08-27T14:59:25Z
53491,cròtal adamantí,ca,"","",,Catalan,Zane Roskoph,2021-08-27T15:22:21Z
130796,tigre de la mar Càspia,ca,"","",,Catalan,Zane Roskoph,2021-08-27T15:32:28Z
31519,diable espinós,ca,"","",,Catalan,Zane Roskoph,2021-08-27T17:33:54Z
197859,llop mexicà,ca,"","",,Catalan,Zane Roskoph,2021-08-27T17:44:32Z
47548,Eriçons de mar,ca,"","",,Catalan,Naturalista,2021-08-31T07:56:59Z
900799,moixera,ca,"","",https://www.inaturalist.org/taxon_names/2273161/edit,Catalan,Josué Orfão,2021-09-02T20:25:33Z
900799,moixera vera,ca,"","",https://www.inaturalist.org/taxon_names/2273162/edit,Catalan,Josué Orfão,2021-09-02T20:25:33Z
900799,pomera borda,ca,"","",https://www.inaturalist.org/taxon_names/2273163/edit,Catalan,Josué Orfão,2021-09-02T20:25:33Z
1277867,Servera,ca,"","",,Catalan,Eduardo Martínez,2021-09-03T00:41:59Z
949488,ranuncle de pedrusca,ca,"Catalunya, ES","",,Catalan,Salvador Prat Oller,2021-09-05T18:32:38Z
473706,tora groga,ca,"","",,Catalan,Salvador Prat Oller,2021-09-07T10:36:16Z
194483,Bolet de soca vellutat,ca,"","",,Catalan,Naturalista,2021-09-08T09:20:53Z
359902,Cuiner ratllat,ca,"","",,Catalan,Zane Roskoph,2021-09-11T23:10:38Z
116523,gavial,ca,"","",,Catalan,Zane Roskoph,2021-09-13T15:54:57Z
428365,ginjoler,ca,"","",,Catalan,Naturalista,2021-09-14T11:59:16Z
158029,ull de perdiu,ca,"","",,Catalan,Naturalista,2021-09-14T12:06:27Z
118688,Gallerbó,ca,"","",,Catalan,Zane Roskoph,2021-09-17T23:27:15Z
85469,timó,ca,"Bages, CT, ES | Berguedà","",,Catalan,Salvador Prat Oller,2021-09-18T07:20:04Z
59810,frare de les faveres,ca,"","",,Catalan,Salvador Prat Oller,2021-09-18T07:37:10Z
132437,onosma borda,ca,"","",,Catalan,Salvador Prat Oller,2021-09-18T17:58:31Z
114126,Golfàs,ca,"","",,Catalan,Zane Roskoph,2021-09-18T18:51:20Z
114126,Tonyina,ca,"","","Philips TK, Moretto P (2025) Revision of the genus _Pseudopedaria_ Felsche, 1904, with descriptions of three new species and a subspecies from Central Africa (Coleoptera: Scarabaeinae: Coprini). Catharsius La Revue (N.S.) 5: 1–26. doi:10.5281/zenodo.17036002.",Catalan,iSea,2021-09-18T18:51:37Z
114122,Bacora,ca,"","",,Catalan,Zane Roskoph,2021-09-18T20:03:47Z
636795,romer,ca,"Comunidad Valenciana, ES","",,Catalan,Salvador Prat Oller,2021-09-19T07:24:04Z
49601,Bot,ca,"","",,Catalan,Zane Roskoph,2021-09-19T15:16:45Z
82128,Pelegrí,ca,"","",,Catalan,Zane Roskoph,2021-09-19T18:49:06Z
133252,linària estriada,ca,"","",,Catalan,Salvador Prat Oller,2021-09-20T09:43:11Z
873687,lletereses,ca,"","",,Catalan,Salvador Prat Oller,2021-09-20T10:29:24Z
451769,fumana ericoide,ca,"","",,Catalan,Salvador Prat Oller,2021-09-20T13:35:38Z
503703,te de roca,ca,"","",,Catalan,Salvador Prat Oller,2021-09-20T15:10:46Z
60265,espareguera d'hort,ca,"","",,Catalan,Salvador Prat Oller,2021-09-20T16:06:56Z
451458,gavó menut,ca,"","",,Catalan,Salvador Prat Oller,2021-09-20T16:34:50Z
893270,cargola de roca de Montserrat,ca,"","",,Catalan,Salvador Prat Oller,2021-09-20T16:57:34Z
735181,cargola de roca del Montcau,ca,"","",,Catalan,Salvador Prat Oller,2021-09-20T17:06:44Z
1111111,Cardigassa blanca,ca,"","",,Catalan,Arnau Duran,2021-09-21T06:14:27Z
57286,centrant,ca,"","",,Catalan,Salvador Prat Oller,2021-09-23T15:23:17Z
48970,antirrínum,ca,"","",,Catalan,Salvador Prat Oller,2021-09-24T17:31:34Z
132437,saxífraga paniculada,ca,"","",,Catalan,Salvador Prat Oller,2021-09-28T11:26:43Z
7139,Xarxet marbrenc,ca,"","",,Catalan,Eduardo Martínez,2021-09-30T11:41:09Z
167780,pebrots de ruc,ca,"","",,Catalan,Salvador Prat Oller,2021-10-02T11:35:06Z
120645,Dimoni de fonera,ca,"","","Philips TK, Moretto P (2025) Revision of the genus _Pseudopedaria_ Felsche, 1904, with descriptions of three new species and a subspecies from Central Africa (Coleoptera: Scarabaeinae: Coprini). Catharsius La Revue (N.S.) 5: 1–26. doi:10.5281/zenodo.17036002.",Catalan,,2021-10-03T14:27:53Z
95485,Alafilosa,ca,"","","Philips TK, Moretto P (2025) Revision of the genus _Pseudopedaria_ Felsche, 1904, with descriptions of three new species and a subspecies from Central Africa (Coleoptera: Scarabaeinae: Coprini). Catharsius La Revue (N.S.) 5: 1–26. doi:10.5281/zenodo.17036002.",Catalan,,2021-10-03T16:45:40Z
120612,Ullverd,ca,"","","Philips TK, Moretto P (2025) Revision of the genus _Pseudopedaria_ Felsche, 1904, with descriptions of three new species and a subspecies from Central Africa (Coleoptera: Scarabaeinae: Coprini). Catharsius La Revue (N.S.) 5: 1–26. doi:10.5281/zenodo.17036002.",Catalan,,2021-10-03T17:58:10Z
371559,barballó,ca,"","",,Catalan,Salvador Prat Oller,2021-10-03T18:56:45Z
122916,Llampuga reial,ca,"","","Philips TK, Moretto P (2025) Revision of the genus _Pseudopedaria_ Felsche, 1904, with descriptions of three new species and a subspecies from Central Africa (Coleoptera: Scarabaeinae: Coprini). Catharsius La Revue (N.S.) 5: 1–26. doi:10.5281/zenodo.17036002.",Catalan,Ralph Foster,2021-10-03T23:07:44Z
371559,espígol comú,ca,"","",,Catalan,Salvador Prat Oller,2021-10-04T10:26:57Z
371559,espígol mascle,ca,"","",,Catalan,Salvador Prat Oller,2021-10-04T10:29:44Z
48448,blat de moro,ca,"","",,Catalan,Arnau Duran,2021-10-04T11:41:10Z
82610,orella de llebre,ca,"","",,Catalan,Naturalista,2021-10-04T13:52:08Z
627029,gavó alpí,ca,"","",,Catalan,Salvador Prat Oller,2021-10-07T21:43:49Z
632331,timó groc,ca,"","",,Catalan,Salvador Prat Oller,2021-10-11T17:37:26Z
506308,bident de vinya,ca,"","",,Catalan,Salvador Prat Oller,2021-10-17T11:46:30Z
62060,Palomena comuna,ca,"","",,Catalan,jorditb,2021-10-19T17:42:27Z
339693,mallerenga cuallarga de casquet,ca,"","",,Catalan,bornfeta,2021-10-21T08:11:41Z
55846,gatsaule,ca,"","",,Catalan,Naturalista,2021-10-22T17:51:58Z
51738,sàlvia,ca,"","",,Catalan,Naturalista,2021-10-22T17:53:14Z
335896,espina cervina de fulla petita,ca,"","",,Catalan,Naturalista,2021-10-22T17:55:39Z
61297,xicoira gran,ca,"","",,Catalan,Salvador Prat Oller,2021-10-22T23:20:22Z
53106,lletuga,ca,"","",,Catalan,Salvador Prat Oller,2021-10-22T23:22:08Z
208964,coronil·la boscana,ca,"","",,Catalan,Naturalista,2021-10-23T12:25:56Z
120657,Oranyola,ca,"","","Philips TK, Moretto P (2025) Revision of the genus _Pseudopedaria_ Felsche, 1904, with descriptions of three new species and a subspecies from Central Africa (Coleoptera: Scarabaeinae: Coprini). Catharsius La Revue (N.S.) 5: 1–26. doi:10.5281/zenodo.17036002.",Catalan,,2021-10-23T14:19:12Z
372376,vídues,ca,"","",,Catalan,Salvador Prat Oller,2021-10-25T16:12:15Z
47688,cargola,ca,"","",,Catalan,Salvador Prat Oller,2021-10-25T21:49:46Z
767687,espunyidella pirinenca,ca,"","",,Catalan,Salvador Prat Oller,2021-10-26T17:51:52Z
512368,gatolins,ca,"","",,Catalan,Salvador Prat Oller,2021-10-27T21:49:58Z
984576,campaneta de fulla rodona,ca,"","",,Catalan,Salvador Prat Oller,2021-10-27T22:24:30Z
48040,campanulàcies,ca,"","",,Catalan,Salvador Prat Oller,2021-10-28T09:13:46Z
48596,campànula,ca,"","",,Catalan,Salvador Prat Oller,2021-10-28T09:18:33Z
554256,hieraci nan,ca,"","",,Catalan,Salvador Prat Oller,2021-10-28T16:23:08Z
358187,lluqueta de roca,ca,"","",,Catalan,Salvador Prat Oller,2021-11-01T11:21:16Z
209637,lluqueta vera,ca,"","",,Catalan,Salvador Prat Oller,2021-11-01T11:23:13Z
85424,veladre,ca,"","",,Catalan,Salvador Prat Oller,2021-11-01T17:04:07Z
85424,ballestera,ca,"","",,Catalan,Salvador Prat Oller,2021-11-01T17:05:01Z
984845,campaneta de fulla rodona,ca,"","",,Catalan,Salvador Prat Oller,2021-11-04T18:12:29Z
126421,campaneta alpina,ca,"","",,Catalan,Salvador Prat Oller,2021-11-05T12:55:31Z
48588,campaneta de bosc,ca,"","",,Catalan,Salvador Prat Oller,2021-11-05T16:17:05Z
48588,campaneta d'ortiga,ca,"","",,Catalan,Salvador Prat Oller,2021-11-05T16:18:48Z
209590,saxífraga pubescent,ca,"","",,Catalan,Salvador Prat Oller,2021-11-05T18:11:47Z
245678,pulmonària de fulla estreta,ca,"","",,Catalan,Salvador Prat Oller,2021-11-09T13:02:17Z
338856,indiana,ca,"","",,Catalan,Salvador Prat Oller,2021-11-09T16:17:39Z
323013,seneci pirinenc,ca,"","",,Catalan,Salvador Prat Oller,2021-11-11T12:44:08Z
336223,campànula nana,ca,"","",,Catalan,Salvador Prat Oller,2021-11-11T19:18:41Z
483211,campànula nana,ca,"","",,Catalan,Salvador Prat Oller,2021-11-11T19:30:25Z
85426,pulsatil·la groga,ca,"","",,Catalan,Salvador Prat Oller,2021-11-11T23:09:05Z
493533,trepó magenc,ca,"","",,Catalan,Salvador Prat Oller,2021-11-12T11:36:21Z
209644,paroníquia de roca,ca,"","",,Catalan,Salvador Prat Oller,2021-11-13T09:31:57Z
319838,herba passerella,ca,"","",,Catalan,Salvador Prat Oller,2021-11-13T13:23:37Z
319836,herba passerella,ca,"","",,Catalan,Salvador Prat Oller,2021-11-13T23:41:49Z
49504,Cranc blau,ca,"","",,Catalan,Marc,2021-11-15T12:20:13Z
131148,polígala alpestre,ca,"","",,Catalan,Salvador Prat Oller,2021-11-24T13:20:16Z
51309,lli,ca,"","",,Catalan,Salvador Prat Oller,2021-11-25T17:43:04Z
327227,calament alpí,ca,"","",,Catalan,Salvador Prat Oller,2021-11-25T19:33:03Z
363962,petxina variada,ca,"","",,Catalan,Johan Devos,2021-11-29T16:20:00Z
133145,te de bosc,ca,"","",,Catalan,Salvador Prat Oller,2021-12-01T17:35:37Z
1166446,desferracavalls,ca,"","",,Catalan,Salvador Prat Oller,2021-12-04T15:33:01Z
321952,te de soqueta,ca,"","",,Catalan,Salvador Prat Oller,2021-12-05T18:32:48Z
321952,potentil·la de roca,ca,"","",,Catalan,Salvador Prat Oller,2021-12-05T18:34:40Z
57011,heliantem,ca,"","",,Catalan,Salvador Prat Oller,2021-12-05T19:18:31Z
492865,romer blanc,ca,"","",,Catalan,Salvador Prat Oller,2021-12-05T23:26:11Z
101626,Gobi de cap daurat,ca,"","",,Catalan,Johan Devos,2021-12-06T10:32:37Z
98411,Gobi de liechtenstein,ca,"","",,Catalan,Johan Devos,2021-12-06T10:44:56Z
101218,Gobi de Steinitz,ca,"","",,Catalan,Johan Devos,2021-12-06T10:52:15Z
114111,Gobi escatós,ca,"","",,Catalan,Johan Devos,2021-12-06T14:08:06Z
107351,Gobi de les balears,ca,"","",,Catalan,Johan Devos,2021-12-06T14:12:35Z
118642,Rabosa groga,ca,"","",,Catalan,Johan Devos,2021-12-06T14:19:40Z
464915,polígala rupestre,ca,"","",,Catalan,Salvador Prat Oller,2021-12-06T18:02:26Z
209642,paroníquia de roca,ca,"","",,Catalan,Salvador Prat Oller,2021-12-06T19:39:36Z
342039,Ginestó valencià,ca,"","",,Catalan,Florenci Vallès Sala,2021-12-07T20:30:09Z
467522,Viola de tardor,ca,"","",,Catalan,Florenci Vallès Sala,2021-12-08T21:10:17Z
50921,calabruixa,ca,"","",,Catalan,Salvador Prat Oller,2021-12-12T09:34:44Z
75255,mimosa blava,ca,"","",,Catalan,Naturalista,2021-12-12T10:27:04Z
144514,Gavina capnegra americana,ca,"","",,Catalan,Eduardo Martínez,2021-12-15T12:06:38Z
56790,fritil·lària ibèrica,ca,"","",,Catalan,Salvador Prat Oller,2021-12-16T10:04:29Z
144275,fritil·lària pirinenca,ca,"","",,Catalan,Salvador Prat Oller,2021-12-16T10:09:00Z
50619,fritil·lària,ca,"","",,Catalan,Salvador Prat Oller,2021-12-16T10:12:18Z
979813,Corb marí pigmeu,ca,"","",,Catalan,Eduardo Martínez,2021-12-19T20:23:01Z
4327,Pelicà blanc comú,ca,"","",,Catalan,Eduardo Martínez,2021-12-19T20:26:06Z
4259,Flamenc menut,ca,"","",,Catalan,Eduardo Martínez,2021-12-19T20:27:08Z
334574,faia,ca,"","",,Catalan,Salvador Prat Oller,2021-12-24T17:57:29Z
334574,falla,ca,"","",,Catalan,Salvador Prat Oller,2021-12-24T17:58:16Z
334574,atxa,ca,"","",,Catalan,Salvador Prat Oller,2021-12-24T17:59:56Z
209443,campaneta gran,ca,"","",,Catalan,Salvador Prat Oller,2021-12-30T13:12:19Z
323003,minuàrtia recurvada,ca,"","",,Catalan,Salvador Prat Oller,2022-01-05T16:46:01Z
53156,minuàrtia,ca,"","",,Catalan,Salvador Prat Oller,2022-01-05T16:50:04Z
83081,miosotis alpestre,ca,"","",,Catalan,Salvador Prat Oller,2022-01-11T19:03:47Z
51148,arços,ca,"","",,Catalan,Salvador Prat Oller,2022-01-13T17:52:49Z
55750,gèum de ribera,ca,"","",,Catalan,Salvador Prat Oller,2022-01-14T11:25:39Z
164028,carraspic sempreverd,ca,"","",,Catalan,Salvador Prat Oller,2022-01-15T09:28:18Z
96386,Cucut pitgrís,ca,"","",,Catalan,Eduardo Martínez,2022-01-16T12:01:55Z
116804,Boscarla dels joncs,ca,"","",,Catalan,Eduardo Martínez,2022-01-16T12:07:16Z
4896,Daurada del Pacífic,ca,"","",,Catalan,Eduardo Martínez,2022-01-16T12:09:28Z
7081,Ànec capblanc,ca,"","",,Catalan,Eduardo Martínez,2022-01-16T12:11:29Z
12770,Merla de dors gris,ca,"","",,Catalan,Eduardo Martínez,2022-01-16T12:16:28Z
13721,Piula Gola-roja,ca,"","",,Catalan,Eduardo Martínez,2022-01-16T12:17:10Z
13687,Cuereta citrina,ca,"","",,Catalan,Eduardo Martínez,2022-01-16T12:17:55Z
116941,Boscaler pintat gros,ca,"","",,Catalan,Eduardo Martínez,2022-01-16T12:19:16Z
117059,Sit blanc,ca,"","",,Catalan,Eduardo Martínez,2022-01-16T12:19:57Z
578434,bufalaga tintòria,ca,"","",,Catalan,Salvador Prat Oller,2022-01-17T09:41:01Z
47130,riber,ca,"","",,Catalan,Salvador Prat Oller,2022-01-22T09:54:39Z
133015,riber petri,ca,"","",,Catalan,Salvador Prat Oller,2022-01-22T09:58:07Z
475094,cua de cavall grossa,ca,"","",,Catalan,Salvador Prat Oller,2022-02-02T12:22:44Z
522193,Ant,ca,"","",,Catalan,Florenci Vallès Sala,2022-02-12T06:40:13Z
144440,Baldriga de les Galápagos,ca,"","",,Catalan,bornfeta,2022-02-26T21:40:55Z
145280,pinsà de Darwin gris,ca,"","",,Catalan,bornfeta,2022-03-05T09:46:42Z
1316876,Fartet,ca,"","",https://www.inaturalist.org/taxon_names/788791/edit,Catalan,,2022-03-21T20:26:05Z
74319,gasela vermella,ca,"","",https://eol.org/pages/129516,Catalan,,2022-03-24T20:30:38Z
68007,aleixandri,ca,"","",,Catalan,Arnau Duran,2022-04-02T16:21:32Z
55752,herba dels canonges,ca,"","",,Catalan,Arnau Duran,2022-04-02T16:22:30Z
55564,margarides,ca,"","",,Catalan,Arnau Duran,2022-04-02T16:23:53Z
59210,blat de formiga,ca,"","",,Catalan,Arnau Duran,2022-04-02T16:27:09Z
53324,veça,ca,"","",,Catalan,Arnau Duran,2022-04-02T16:28:39Z
548418,Renoquet,ca,"","",,Catalan,Eduardo Martínez,2022-04-02T17:27:53Z
978378,Pebrella,ca,"Comunidad Valenciana, ES","",,Catalan,Alfonso Garmendia,2022-04-03T16:03:39Z
55769,Safrà blanc,ca,"","",https://www.inaturalist.org/taxon_names/1551217/edit,Catalan,,2022-04-10T12:31:34Z
559070,Botxí septentrional,ca,"","",,Catalan,Eduardo Martínez,2022-04-10T15:23:38Z
1204,Paó comú,ca,"","",,Catalan,Eduardo Martínez,2022-04-10T15:26:39Z
7107,Ànec de Carolina,ca,"","",,Catalan,Eduardo Martínez,2022-04-10T15:27:20Z
3793,Mascarell cama-roig,ca,"","",,Catalan,Eduardo Martínez,2022-04-10T15:28:33Z
3873,Tetolet becllarg,ca,"","",,Catalan,Eduardo Martínez,2022-04-10T15:29:29Z
4368,Gavinot,ca,"","",,Catalan,Eduardo Martínez,2022-04-10T15:30:24Z
4571,Gavineta cuaforcada,ca,"","",,Catalan,Eduardo Martínez,2022-04-10T15:31:09Z
10286,Bosquerola zebrada,ca,"","",,Catalan,Eduardo Martínez,2022-04-10T15:32:01Z
201031,Marabú africà,ca,"","",,Catalan,Eduardo Martínez,2022-04-10T15:33:51Z
827401,Garsa oriental,ca,"","",,Catalan,Eduardo Martínez,2022-04-10T15:35:52Z
50829,viola,ca,"","",,Catalan,Salvador Prat Oller,2022-04-12T16:00:42Z
450820,viola boscana,ca,"","",,Catalan,Salvador Prat Oller,2022-04-12T16:53:50Z
147293,viola silvestre,ca,"","",,Catalan,Salvador Prat Oller,2022-04-12T17:50:11Z
1286843,Cargolet de planura,ca,"","",,Catalan,max kirsch,2022-04-12T19:19:09Z
319398,Lleteresa verrucosa,ca,"","",,Catalan,Daniel Espejo Fraga,2022-04-16T22:30:01Z
52998,cicuta,ca,"","",,Catalan,Salvador Prat Oller,2022-04-17T18:01:54Z
52998,julivert de galàpet,ca,"","",,Catalan,Salvador Prat Oller,2022-04-17T18:03:54Z
57191,Escaiola,ca,"","",,Catalan,jorditb,2022-04-18T08:52:30Z
1289467,Tallareta cuallarga,ca,"","",https://www.inaturalist.org/taxon_names/752882/edit,Catalan,rjq,2022-04-18T20:56:13Z
1289480,Tallarol emmascarat,ca,"","",https://www.inaturalist.org/taxon_names/752879/edit,Catalan,,2022-04-18T20:57:47Z
1289484,Tallarol xerraire,ca,"","",https://www.inaturalist.org/taxon_names/2297783/edit,Catalan,carnifex,2022-04-18T20:58:14Z
1289469,Tallarol trencamates,ca,"","",https://www.inaturalist.org/taxon_names/752878/edit,Catalan,,2022-04-18T21:00:18Z
1289470,Tallareta vulgar,ca,"","",https://www.inaturalist.org/taxon_names/752876/edit,Catalan,Sean Cozart,2022-04-18T21:00:39Z
1289472,Tallarol capnegre,ca,"","",https://www.inaturalist.org/taxon_names/752369/edit,Catalan,,2022-04-18T21:08:08Z
163661,el·lèbor verd,ca,"Catalunya, ES","",,Catalan,Alba Rovira,2022-04-22T18:47:31Z
162719,dent de ca,ca,"","",,Catalan,Alba Rovira,2022-04-22T18:51:44Z
57468,abellera mosquera,ca,"","",,Catalan,Alba Rovira,2022-04-23T06:19:43Z
62743,Ginebre,ca,"","",,Catalan,Daniel Espejo Fraga,2022-04-23T11:21:20Z
209455,angelins,ca,"","",,Catalan,Alba Rovira,2022-04-23T20:44:59Z
783757,Aranya saltadora cama-roja,ca,"Catalunya, ES","",,Catalan,Jofre,2022-04-24T17:24:22Z
546520,Mill gruà,ca,"","",,Catalan,Daniel Espejo Fraga,2022-04-25T20:18:24Z
153456,Cinturó de Venus,ca,"","",,Catalan,Jofre,2022-04-28T11:15:17Z
558429,Roncaire,ca,"Alt Empordà, CT, ES","",,Catalan,Marc,2022-04-29T06:06:03Z
450281,trepadella saxàtil,ca,"","",,Catalan,Daniel Espejo Fraga,2022-04-30T18:19:28Z
51607,lliri de neu,ca,"","",,Catalan,nalagtus,2022-05-02T11:02:04Z
51822,lleteresa,ca,"","",,Catalan,Salvador Prat Oller,2022-05-04T12:06:56Z
203000,Llengua de frare,ca,"","",,Catalan,Marc,2022-05-04T13:07:05Z
71173,coltell,ca,"","",,Catalan,Salvador Prat Oller,2022-05-07T17:43:26Z
245656,Aranya Napoleó,ca,"","",,Catalan,Jofre,2022-05-09T15:54:23Z
127309,Escarabat de l'esparreguera comú,ca,"","",,Catalan,Jacobo Krauel,2022-05-09T21:21:45Z
209660,Escarabat del Romaní,ca,"","",,Catalan,Jacobo Krauel,2022-05-09T21:34:48Z
82109,Escarabat butllofer,ca,"","",,Catalan,Jacobo Krauel,2022-05-10T02:22:43Z
327185,Agulla,ca,"","",,Catalan,Jacobo Krauel,2022-05-10T02:51:25Z
55886,Setins,ca,"","",,Catalan,Jacobo Krauel,2022-05-10T02:57:41Z
61068,Cua de ca,ca,"","",,Catalan,Jacobo Krauel,2022-05-10T03:03:15Z
224214,Limàntria dels pins,ca,"","",,Catalan,Jacobo Krauel,2022-05-10T03:07:48Z
243961,Cigala del pi,ca,"","",,Catalan,Jacobo Krauel,2022-05-10T03:11:45Z
342899,Reveixí,ca,"","",,Catalan,Jacobo Krauel,2022-05-10T03:24:47Z
324550,Peu de cabrit,ca,"","",,Catalan,Jacobo Krauel,2022-05-10T03:31:56Z
35597,Sargantana Pitiúsica,ca,"","",,Catalan,Jacobo Krauel,2022-05-10T03:41:15Z
54141,Salsifí,ca,"","",,Catalan,Jacobo Krauel,2022-05-10T03:50:59Z
118619,Moll de Roca,ca,"","",,Catalan,Jacobo Krauel,2022-05-10T03:54:14Z
57157,Balladores,ca,"","",,Catalan,Jacobo Krauel,2022-05-10T04:01:12Z
82741,Fesol bord,ca,"","",,Catalan,Jacobo Krauel,2022-05-10T07:31:55Z
1378256,Lluerna d'ulleres menuda,ca,"","",,Catalan,Jacobo Krauel,2022-05-10T07:38:25Z
326343,Vaqueta suïssa,ca,"","",,Catalan,Jacobo Krauel,2022-05-10T07:45:13Z
338049,Bavosa de plomall,ca,"","",,Catalan,Jacobo Krauel,2022-05-10T07:47:11Z
118590,Morena,ca,"","",,Catalan,Jacobo Krauel,2022-05-10T07:49:39Z
119661,llobí bord,ca,"","",,Catalan,Salvador Prat Oller,2022-05-11T08:40:57Z
1289604,Corb marí emplomallat,ca,"","",https://www.inaturalist.org/taxon_names/752855/edit,Catalan,max kirsch,2022-05-15T02:58:42Z
635878,Galera,ca,"","",,Catalan,Guifré Torruella,2022-05-15T15:47:16Z
320831,Paparra de bosc,ca,"","",,Catalan,Jacobo Krauel,2022-05-17T20:16:13Z
112372,Peix gat,ca,"","",,Catalan,Guifré Torruella,2022-05-21T19:18:55Z
549538,laserpici gàl·lic,ca,"","",,Catalan,Salvador Prat Oller,2022-05-22T17:37:38Z
549538,viliandre,ca,"","",,Catalan,Salvador Prat Oller,2022-05-23T15:15:38Z
627669,Tomàquet de mar,ca,"","",,Catalan,Jacobo Krauel,2022-05-24T06:51:13Z
139079,Gaiol,ca,"","",,Catalan,Alba Rovira,2022-06-02T20:20:36Z
773660,Gatell,ca,"","",,Catalan,Florenci Vallès Sala,2022-06-03T10:17:14Z
355674,pelaguer plomós,ca,"","",,Catalan,Florenci Vallès Sala,2022-06-03T10:29:35Z
362311,Saltamartí de prat humit,ca,"","",,Catalan,Daniel Espejo Fraga,2022-06-09T10:46:20Z
466256,Saltamartí del cereal,ca,"","",,Catalan,Daniel Espejo Fraga,2022-06-09T11:07:14Z
1129126,银杉狼齿蛇,ca,"","",,Catalan,William ain,2022-06-09T13:56:34Z
29568,费氏狼齿蛇,ca,"","",,Catalan,William ain,2022-06-09T14:02:11Z
797713,纤瘦狼齿蛇,ca,"","",,Catalan,William ain,2022-06-09T14:05:02Z
31335,棘尾尾鞭蜥,ca,"","",,Catalan,William ain,2022-06-12T03:47:17Z
31327,西部尾鞭蜥,ca,"","",,Catalan,William ain,2022-06-12T03:52:22Z
31326,首领尾鞭蜥,ca,"","",,Catalan,William ain,2022-06-12T03:55:31Z
114811,也门尾鞭蜥,ca,"","",,Catalan,William ain,2022-06-12T03:56:24Z
610023,似虾虎鲸鲇,ca,"","",,Catalan,William ain,2022-06-12T04:08:49Z
610025,山鲸鲇,ca,"","",,Catalan,William ain,2022-06-12T04:09:25Z
1314239,瓦氏鲸鲇,ca,"","",,Catalan,William ain,2022-06-12T04:13:44Z
610039,始齿鲸鲇,ca,"","",,Catalan,William ain,2022-06-12T04:15:49Z
610014,柔氏小鲸鲇,ca,"","",,Catalan,William ain,2022-06-12T04:19:08Z
245035,蜱蛛科,ca,"","",,Catalan,William ain,2022-06-12T04:26:38Z
48423,Rossinyols i trompetes,ca,"","",,Catalan,Naturalista,2022-06-13T14:47:58Z
362048,Muntanyesa de la terna,ca,"","",https://www.inaturalist.org/taxon_names/2109738/edit,Catalan,,2022-06-14T18:03:53Z
78260,Bufassa il·lírica,ca,"Cataluña, ES","",,Catalan,RosaMari Gabarró,2022-06-16T08:09:09Z
78260,Card del dimoni,ca,"Alt Empordà, CT, ES","",,Catalan,RosaMari Gabarró,2022-06-16T10:47:40Z
486182,Clavell Pirinenc,ca,"Cataluña, ES","",,Catalan,RosaMari Gabarró,2022-06-16T22:37:44Z
203000,Llengua de gall,ca,"Cataluña, ES","",,Catalan,RosaMari Gabarró,2022-06-16T22:47:58Z
60476,Gasó Alpí,ca,"Cataluña, ES","",,Catalan,RosaMari Gabarró,2022-06-17T09:12:15Z
79457,Heliantem maculat,ca,"Cataluña, ES","",,Catalan,RosaMari Gabarró,2022-06-17T17:30:37Z
897426,Traspic perfoliat,ca,"","",,Catalan,Daniel Espejo Fraga,2022-06-18T12:56:49Z
358135,Lliri menut,ca,"Cataluña, ES","",,Catalan,RosaMari Gabarró,2022-06-18T13:07:45Z
709635,Gínjol blau,ca,"Cataluña, ES","",,Catalan,RosaMari Gabarró,2022-06-18T13:19:12Z
348004,Ensopeguera de roca,ca,"Cataluña, ES","",,Catalan,RosaMari Gabarró,2022-06-18T14:44:30Z
209444,roser agrest,ca,"","",,Catalan,Daniel Espejo Fraga,2022-06-18T18:31:03Z
51147,espinalb,ca,"","",,Catalan,Daniel Espejo Fraga,2022-06-18T19:00:01Z
78159,Murtra,ca,"Cataluña, ES","",,Catalan,RosaMari Gabarró,2022-06-18T21:39:26Z
60029,Frare,ca,"Cataluña, ES","",,Catalan,RosaMari Gabarró,2022-06-18T21:59:08Z
191019,Atzeroler,ca,"Cataluña, ES","",,Catalan,RosaMari Gabarró,2022-06-18T22:30:08Z
490378,Malva marina,ca,"Cataluña, ES","",,Catalan,RosaMari Gabarró,2022-06-19T07:42:00Z
435637,Orquis palustre,ca,"Cataluña, ES","",,Catalan,RosaMari Gabarró,2022-06-19T08:41:11Z
48970,Conillets,ca,"Cataluña, ES","",,Catalan,RosaMari Gabarró,2022-06-19T09:29:51Z
79157,Lletsó,ca,"Cataluña, ES","",,Catalan,RosaMari Gabarró,2022-06-19T12:45:35Z
450557,Fonollassa groga,ca,"Cataluña, ES","",,Catalan,RosaMari Gabarró,2022-06-19T13:10:09Z
54143,Barba de boc,ca,"Cataluña, ES","",,Catalan,RosaMari Gabarró,2022-06-19T15:13:02Z
58382,poa bulbosa,ca,"","",,Catalan,Daniel Espejo Fraga,2022-06-19T15:50:56Z
345076,Medusa Aequorea,ca,"Cataluña, ES","",,Catalan,RosaMari Gabarró,2022-06-19T18:00:06Z
183320,"Anarrí, Boqueta de gos",ca,"Cataluña, ES","",,Catalan,RosaMari Gabarró,2022-06-19T19:37:40Z
160278,Centàurea paniculata,ca,"Cataluña, ES","",,Catalan,RosaMari Gabarró,2022-06-19T19:55:39Z
57643,herba de Sant Robert,ca,"","",,Catalan,Daniel Espejo Fraga,2022-06-20T19:21:41Z
202089,Cotxinilla de la figuera de moro,ca,"Cataluña, ES","",,Catalan,RosaMari Gabarró,2022-06-20T20:36:59Z
81701,Crespinell rogenc,ca,"Cataluña, ES","",,Catalan,RosaMari Gabarró,2022-06-20T21:04:36Z
129759,Bàlsam menut,ca,"Cataluña, ES","",,Catalan,RosaMari Gabarró,2022-06-20T22:09:06Z
61967,Xinxa puntejada,ca,"Cataluña, ES","",,Catalan,RosaMari Gabarró,2022-06-21T16:09:42Z
486313,viola vinosa,ca,"","",,Catalan,Daniel Espejo Fraga,2022-06-21T17:34:30Z
75388,herba de la ràbia,ca,"","",,Catalan,Daniel Espejo Fraga,2022-06-21T20:18:03Z
438446,corretjola borda,ca,"","",,Catalan,Daniel Espejo Fraga,2022-06-21T21:33:25Z
362727,ivori marí,ca,"Cataluña, ES","",,Catalan,RosaMari Gabarró,2022-06-22T06:25:23Z
79009,Cardellet,ca,"Cataluña, ES","",,Catalan,RosaMari Gabarró,2022-06-22T07:19:10Z
55717,Alzineta,ca,"Cataluña, ES","",,Catalan,RosaMari Gabarró,2022-06-22T07:36:14Z
123810,Papallona de la mostassa,ca,"Cataluña, ES","",,Catalan,RosaMari Gabarró,2022-06-22T08:08:51Z
338466,Crespinell andegavense,ca,"Cataluña, ES","",,Catalan,RosaMari Gabarró,2022-06-22T09:09:47Z
52702,escaldaboques,ca,"","",,Catalan,Daniel Espejo Fraga,2022-06-24T09:21:17Z
52702,bromus rígid,ca,"","",,Catalan,Daniel Espejo Fraga,2022-06-24T09:21:45Z
1369716,lami incís,ca,"","",,Catalan,Daniel Espejo Fraga,2022-06-24T10:20:19Z
495276,cardeta,ca,"","",,Catalan,Daniel Espejo Fraga,2022-06-24T14:23:06Z
320052,Opuntia cilíndrica,ca,"Cataluña, ES","",,Catalan,RosaMari Gabarró,2022-06-25T12:43:52Z
780816,cota de bosc,ca,"","",,Catalan,Daniel Espejo Fraga,2022-06-25T17:55:08Z
53197,paradella crespa,ca,"","",,Catalan,Daniel Espejo Fraga,2022-06-27T18:21:12Z
53197,romàs,ca,"","",,Catalan,Daniel Espejo Fraga,2022-06-27T18:21:40Z
335877,plantatge de ca,ca,"","",,Catalan,Daniel Espejo Fraga,2022-06-27T18:35:23Z
467410,Abella vermella,ca,"Cataluña, ES","",,Catalan,RosaMari Gabarró,2022-06-27T21:49:26Z
82679,argirolobi,ca,"","",,Catalan,Daniel Espejo Fraga,2022-06-28T17:57:59Z
77993,Menta borda,ca,"Cataluña, ES","",,Catalan,RosaMari Gabarró,2022-06-30T14:03:08Z
128145,Escolopendra,ca,"Cataluña, ES","",,Catalan,RosaMari Gabarró,2022-07-02T09:39:29Z
319838,heliantem itàlic,ca,"","",,Catalan,Daniel Espejo Fraga,2022-07-03T17:07:32Z
55620,dolçamara,ca,"","",,Catalan,Daniel Espejo Fraga,2022-07-03T17:42:10Z
1335386,pebrots de ruc,ca,"","",,Catalan,Daniel Espejo Fraga,2022-07-03T18:08:54Z
170214,vícia peregrina,ca,"","",,Catalan,Daniel Espejo Fraga,2022-07-03T18:27:14Z
135229,mill del Sol petit,ca,"","",,Catalan,Daniel Espejo Fraga,2022-07-04T18:33:31Z
53785,fumària oficinal,ca,"","",,Catalan,Daniel Espejo Fraga,2022-07-16T10:33:43Z
326910,pugó farinós de la col,ca,"","",,Catalan,Daniel Espejo Fraga,2022-07-16T12:03:02Z
931428,Cirialera glauca,ca,"","",,Catalan,jorditb,2022-07-20T14:40:59Z
1277891,moixera de pastor,ca,"","",,Catalan,Salvador Prat Oller,2022-07-21T10:03:26Z
55893,Serverola,ca,"","",,Catalan,Jacobo Krauel,2022-07-24T20:00:18Z
50972,Fadrí,ca,"","",,Catalan,Jacobo Krauel,2022-08-03T08:13:02Z
118674,Vaca Serrana,ca,"","",,Catalan,Jacobo Krauel,2022-08-05T22:07:49Z
493054,Timó blanc,ca,"","",,Catalan,Jacobo Krauel,2022-08-06T16:41:36Z
774727,Arbre de l'encens,ca,"","",,Catalan,Jacobo Krauel,2022-08-06T16:45:43Z
56582,Eruga peluda del roure,ca,"","",,Catalan,Jacobo Krauel,2022-08-06T16:49:59Z
57036,Herba de llet,ca,"","",,Catalan,Jacobo Krauel,2022-08-06T16:52:17Z
69939,Coa de moix,ca,"","",,Catalan,Jacobo Krauel,2022-08-06T16:55:17Z
67423,Enciam de mar,ca,"","",,Catalan,Jacobo Krauel,2022-08-06T17:02:56Z
82867,Herba de cinc nervis,ca,"","",,Catalan,Jacobo Krauel,2022-08-06T17:04:25Z
118947,Boina,ca,"","",,Catalan,Jacobo Krauel,2022-08-06T17:05:51Z
118682,Castanyoleta,ca,"","",,Catalan,Jacobo Krauel,2022-08-06T17:07:24Z
143563,Camperol,ca,"","",,Catalan,Jacobo Krauel,2022-08-06T17:09:21Z
333673,Esparreguera marina,ca,"","",,Catalan,Jacobo Krauel,2022-08-06T17:11:06Z
465864,Herbafam,ca,"","",,Catalan,Jacobo Krauel,2022-08-06T17:12:28Z
118683,Corball,ca,"","",,Catalan,Jacobo Krauel,2022-08-06T23:29:38Z
100119,Anfós,ca,"","",,Catalan,Jacobo Krauel,2022-08-06T23:33:32Z
52724,Cua de cavall menuda,ca,"","",,Catalan,Jacobo Krauel,2022-08-07T07:32:55Z
359486,Amom,ca,"","",,Catalan,Jacobo Krauel,2022-08-07T07:36:06Z
51712,Bident frondós,ca,"","",,Catalan,Jacobo Krauel,2022-08-07T07:37:57Z
57481,Corretjola gran,ca,"","",,Catalan,Jacobo Krauel,2022-08-07T07:40:25Z
126536,Santjoans,ca,"","",,Catalan,Jacobo Krauel,2022-08-07T07:47:54Z
82740,Guixa de bosc,ca,"","",,Catalan,Jacobo Krauel,2022-08-07T07:50:20Z
55713,Caps blaus,ca,"","",,Catalan,Jacobo Krauel,2022-08-07T07:53:09Z
81529,Caps de burro,ca,"","",,Catalan,Jacobo Krauel,2022-08-07T07:54:35Z
336326,Herba pucera,ca,"","",,Catalan,Jacobo Krauel,2022-08-07T07:58:12Z
336344,Altamira borda,ca,"","",,Catalan,Jacobo Krauel,2022-08-07T08:00:08Z
53107,Enciam bord,ca,"","",,Catalan,Jacobo Krauel,2022-08-07T08:02:24Z
76907,Coniza canadenca,ca,"","",,Catalan,Jacobo Krauel,2022-08-07T08:07:16Z
338414,Escrofulària aquàtica,ca,"","",,Catalan,Jacobo Krauel,2022-08-07T08:10:21Z
51633,Forcadella,ca,"","",,Catalan,Jacobo Krauel,2022-08-07T08:14:52Z
143139,Garota negra,ca,"","",,Catalan,Jacobo Krauel,2022-08-07T09:43:02Z
51303,Tamariu gàl·lic,ca,"","",,Catalan,Jacobo Krauel,2022-08-07T09:44:09Z
57805,Agrella,ca,"","",,Catalan,Jacobo Krauel,2022-08-07T09:45:27Z
57197,Pelosa,ca,"","",,Catalan,Jacobo Krauel,2022-08-07T09:46:32Z
59055,Castanyola,ca,"","",,Catalan,Jacobo Krauel,2022-08-07T09:48:10Z
77950,Malva d'arbre,ca,"","",,Catalan,Jacobo Krauel,2022-08-07T09:50:45Z
82631,Artemisa borda,ca,"","",,Catalan,Jacobo Krauel,2022-08-07T09:51:56Z
51286,Boca de dragó borda,ca,"","",,Catalan,Jacobo Krauel,2022-08-07T10:19:58Z
48338,Marieta,ca,"","",,Catalan,Jacobo Krauel,2022-08-07T10:24:21Z
333734,Bufalaga hirsuta,ca,"","",,Catalan,Jacobo Krauel,2022-08-07T10:26:29Z
338460,Salat,ca,"","",,Catalan,Jacobo Krauel,2022-08-07T10:27:59Z
71198,Tolpis,ca,"","",,Catalan,Jacobo Krauel,2022-08-07T11:58:08Z
118685,Banyut,ca,"","",,Catalan,Jacobo Krauel,2022-08-07T12:04:01Z
117576,Cuc de closca,ca,"","",,Catalan,Jacobo Krauel,2022-08-07T12:05:29Z
82108,Gitaneta de bosc,ca,"","",,Catalan,Jacobo Krauel,2022-08-07T12:08:40Z
76545,Cabells d'àngel,ca,"","",,Catalan,Jacobo Krauel,2022-08-07T12:11:25Z
53421,Pi insigne,ca,"","",,Catalan,Jacobo Krauel,2022-08-07T12:14:07Z
54518,Llentia d'aigua,ca,"","",,Catalan,Jacobo Krauel,2022-08-07T12:16:05Z
51737,Tomaquera,ca,"","",,Catalan,Jacobo Krauel,2022-08-07T12:18:08Z
450388,Flor de pericó,ca,"","",,Catalan,Jacobo Krauel,2022-08-07T12:22:22Z
1343449,campaneta gran,ca,"","",,Catalan,Salvador Prat Oller,2022-08-07T17:41:46Z
108412,Bavosa menuda,ca,"","",,Catalan,Jacobo Krauel,2022-08-08T11:48:08Z
113531,Canari,ca,"","",,Catalan,Jacobo Krauel,2022-08-08T11:49:38Z
113536,Petarc,ca,"","",,Catalan,Jacobo Krauel,2022-08-08T11:51:11Z
118606,Agafa-roques,ca,"","",,Catalan,Jacobo Krauel,2022-08-08T11:52:28Z
47276,Escurçana,ca,"","",,Catalan,Jacobo Krauel,2022-08-08T11:53:48Z
188591,Bavosa morruda,ca,"","",,Catalan,Jacobo Krauel,2022-08-08T11:59:45Z
118631,Escórpora fosca,ca,"","",,Catalan,Jacobo Krauel,2022-08-08T12:01:36Z
84861,Escórpora de cap roig,ca,"","",,Catalan,Jacobo Krauel,2022-08-08T12:03:25Z
103912,Tord massot,ca,"","",,Catalan,Jacobo Krauel,2022-08-08T12:05:11Z
118672,Forcadella,ca,"","",,Catalan,Jacobo Krauel,2022-08-08T12:06:07Z
120637,Bavosa verda,ca,"","",,Catalan,Jacobo Krauel,2022-08-08T12:07:03Z
118702,Burret,ca,"","",,Catalan,Jacobo Krauel,2022-08-08T12:07:57Z
113535,Planxeta,ca,"","",,Catalan,Jacobo Krauel,2022-08-08T12:09:29Z
118614,Mòllera roquera,ca,"","",,Catalan,Jacobo Krauel,2022-08-08T12:10:21Z
118630,Escórpora de cap tinyós,ca,"","",,Catalan,Jacobo Krauel,2022-08-08T12:13:15Z
49984,Sarg imperial,ca,"","",,Catalan,Jacobo Krauel,2022-08-08T12:15:20Z
108410,Bavosa blanca,ca,"","",,Catalan,Jacobo Krauel,2022-08-08T12:16:18Z
118514,Moll reial,ca,"","",,Catalan,Jacobo Krauel,2022-08-08T12:17:07Z
118693,Bavosa,ca,"","",,Catalan,Jacobo Krauel,2022-08-08T12:18:58Z
118706,Calacabot,ca,"","",,Catalan,Jacobo Krauel,2022-08-08T12:20:34Z
118655,Càntera,ca,"","",,Catalan,Jacobo Krauel,2022-08-08T12:21:29Z
118703,Gobi de roca,ca,"","",,Catalan,Jacobo Krauel,2022-08-08T12:22:17Z
118652,Aranya blanca,ca,"","",,Catalan,Jacobo Krauel,2022-08-08T12:23:35Z
113529,Tamborer,ca,"","",,Catalan,Jacobo Krauel,2022-08-08T12:24:37Z
51549,Cèrvia,ca,"","",,Catalan,Jacobo Krauel,2022-08-08T12:25:55Z
118711,Xucla vera,ca,"","",,Catalan,Jacobo Krauel,2022-08-08T12:27:45Z
103914,Tord verd,ca,"","",,Catalan,Jacobo Krauel,2022-08-08T12:28:37Z
118602,Mòllera anglesa,ca,"","",,Catalan,Jacobo Krauel,2022-08-08T12:30:13Z
108196,Pagre,ca,"","",,Catalan,Jacobo Krauel,2022-08-08T12:31:06Z
96130,Palaí xic,ca,"","",,Catalan,Jacobo Krauel,2022-08-08T12:32:39Z
342288,Escórpora de penyal,ca,"","",,Catalan,Jacobo Krauel,2022-08-08T12:33:45Z
118610,Rap,ca,"","",,Catalan,Jacobo Krauel,2022-08-08T12:34:51Z
118597,Agulla,ca,"","",,Catalan,Jacobo Krauel,2022-08-08T12:35:54Z
319702,Equinòfora espinosa,ca,"","",,Catalan,Jacobo Krauel,2022-08-08T21:57:20Z
514999,Passacamins marí,ca,"","",,Catalan,Jacobo Krauel,2022-08-08T22:26:36Z
326086,Herba dels elefants,ca,"","",,Catalan,Jacobo Krauel,2022-08-08T22:28:28Z
325916,Gram prim,ca,"","",,Catalan,Jacobo Krauel,2022-08-08T22:35:24Z
144152,Saxífraga groga,ca,"","",,Catalan,Jacobo Krauel,2022-08-08T22:37:59Z
61906,Endrapallengües,ca,"","",,Catalan,Jacobo Krauel,2022-08-08T22:44:20Z
57920,Arrencamonyos,ca,"","",,Catalan,Jacobo Krauel,2022-08-08T22:46:31Z
131135,Gram,ca,"","",,Catalan,Jacobo Krauel,2022-08-08T22:48:02Z
451064,Donzell marí,ca,"","",,Catalan,Jacobo Krauel,2022-08-08T22:50:14Z
357682,Cinerària,ca,"","",,Catalan,Jacobo Krauel,2022-08-08T22:51:58Z
81518,Àloe arborescent,ca,"","",,Catalan,Jacobo Krauel,2022-08-08T22:53:48Z
507506,Plantatge marí,ca,"","",,Catalan,Jacobo Krauel,2022-08-08T22:58:23Z
118615,Sonso blau,ca,"","",,Catalan,Jacobo Krauel,2022-08-15T09:49:56Z
120641,Congre roig,ca,"","",,Catalan,Jacobo Krauel,2022-08-15T09:52:17Z
324558,Calamar,ca,"","",,Catalan,Jacobo Krauel,2022-08-15T09:53:59Z
42134,Sanglièr,ca,"Vall d'Aran, ES","",,Catalan,Eduardo Martínez,2022-08-18T16:46:31Z
847907,esperó de cavaller,ca,"","",,Catalan,Salvador Prat Oller,2022-08-20T18:58:01Z
847907,banyeta,ca,"","",,Catalan,Salvador Prat Oller,2022-08-20T18:58:50Z
6990,Morell d'ulls grocs,ca,"","",,Catalan,Marc,2022-08-25T12:35:54Z
931,Perdiu boreal,ca,"","",,Catalan,Marc,2022-08-25T12:38:30Z
1230,Faisà daurat,ca,"","",,Catalan,Marc,2022-08-25T12:42:23Z
42199,Ren,ca,"","",,Catalan,Marc,2022-08-25T13:06:02Z
41979,Linx nòrdic,ca,"","",,Catalan,Marc,2022-08-25T13:07:45Z
52658,Herba de la gota,ca,"","",,Catalan,Marc,2022-08-25T13:12:01Z
43118,Llebre de Piornal,ca,"","",,Catalan,Marc,2022-08-25T13:19:39Z
148030,Ase,ca,"","",,Catalan,Marc,2022-08-25T13:21:04Z
148030,Ruc,ca,"","",,Catalan,Marc,2022-08-25T13:21:17Z
148030,Burro,ca,"","",,Catalan,Marc,2022-08-25T13:21:40Z
81925,Búfal Aquàtic,ca,"","",,Catalan,Marc,2022-08-25T13:22:27Z
13738,Piula de Berthelot,ca,"","",,Catalan,Oriol Sastre,2022-08-31T08:32:25Z
162202,cardet de sang,ca,"","",,Catalan,Salvador Prat Oller,2022-09-03T19:08:55Z
118897,espirant autumnal,ca,"","",,Catalan,Salvador Prat Oller,2022-09-08T17:18:59Z
1110763,Cassoleta bruna,ca,"","",,Catalan,Arzen,2022-09-20T12:19:23Z
3881,Siseta,ca,"","",,Catalan,Marc,2022-09-26T09:32:56Z
3959,Escuraflascons becfí,ca,"","",,Catalan,Marc,2022-09-27T14:11:22Z
82632,botja d'esca,ca,"","",,Catalan,Joan Simon,2022-09-30T20:15:48Z
82632,flor de cementiri,ca,"","",,Catalan,Joan Simon,2022-09-30T20:16:08Z
546939,herba morenera,ca,"","",,Catalan,Joan Simon,2022-09-30T21:29:55Z
145108,Estornell rosat,ca,"","",,Catalan,Marc,2022-10-03T10:22:15Z
3969,Siseta cendrosa,ca,"","",,Catalan,Marc,2022-10-03T10:24:03Z
339594,Territ becadell,ca,"","",,Catalan,Marc,2022-10-03T10:25:32Z
5275,Esparver d'espatlles negres,ca,"","",,Catalan,Marc,2022-10-03T10:28:37Z
6951,Ànec de les Bahames,ca,"","",,Catalan,Marc,2022-10-03T10:30:02Z
7008,Oca de l'Índia,ca,"","",,Catalan,Marc,2022-10-03T11:36:07Z
5083,Àguila d'estepa,ca,"","",,Catalan,Marc,2022-10-03T11:36:31Z
7047,Morell buixot,ca,"","",,Catalan,Marc,2022-10-03T11:36:49Z
4686,Falcó de l'Amur,ca,"","",,Catalan,Marc,2022-10-03T11:37:48Z
4935,Martinet dels esculls,ca,"","",,Catalan,Marc,2022-10-03T11:44:43Z
19018,Guacamai ararauna,ca,"","",,Catalan,Marc,2022-10-03T11:46:47Z
204094,Ànec Mut Domèstic,ca,"","",,Catalan,Marc,2022-10-03T11:48:40Z
524795,gallina de Guinea domèstica,ca,"","",,Catalan,Marc,2022-10-03T11:49:58Z
468988,Ànec collverd x cuallarg,ca,"","",,Catalan,Marc,2022-10-03T11:51:35Z
1428,gallina de Guinea,ca,"","",,Catalan,Marc,2022-10-03T11:52:31Z
19079,Agapornis de Namíbia,ca,"","",,Catalan,Marc,2022-10-03T11:53:37Z
19076,Agapornis capnegre,ca,"","",,Catalan,Marc,2022-10-03T11:54:00Z
19094,Lloro de Maximilià,ca,"","",,Catalan,Marc,2022-10-03T11:55:53Z
564408,Ànec collverd x griset,ca,"","",,Catalan,Marc,2022-10-03T11:56:25Z
624969,Martinet dels esculls x martinet blanc,ca,"","",,Catalan,Marc,2022-10-03T11:57:35Z
6893,Ànec arbori becvermell,ca,"","",,Catalan,Marc,2022-10-03T11:58:09Z
326092,Ànec Collverd × Ànec Mut,ca,"","",,Catalan,Marc,2022-10-03T12:00:14Z
533199,Morell cap-roig x de plomall,ca,"","",,Catalan,Marc,2022-10-03T12:01:34Z
4860,Fredeluga cuablanca,ca,"","",,Catalan,Marc,2022-10-03T12:03:59Z
4858,Fredeluga gregària,ca,"","",,Catalan,Marc,2022-10-03T12:04:17Z
82729,Bolomaga,ca,"","",https://www.inaturalist.org/taxon_names/2099690/edit,Catalan,,2022-10-03T17:25:59Z
360165,rementerola,ca,"","",,Catalan,Salvador Prat Oller,2022-10-04T10:30:37Z
1289471,Tallarol de garriga occidental,ca,"","",,Catalan,Marc,2022-10-07T13:48:03Z
1289200,Tallarol de garriga oriental,ca,"","",,Catalan,Marc,2022-10-07T13:48:56Z
342134,Gat fer europeu,ca,"","",,Catalan,Marc,2022-10-10T13:18:35Z
147154,Ós bru europeu,ca,"","",,Catalan,Marc,2022-10-10T13:18:59Z
1122681,Isard pirinenc,ca,"","",,Catalan,Marc,2022-10-10T13:26:55Z
56348,Gencianes,ca,"","",,Catalan,Arnau Duran,2022-10-13T10:54:00Z
201231,Sit saharià,ca,"","",,Catalan,Marc,2022-10-13T10:58:11Z
12832,còlit de corona blanca,ca,"","",,Catalan,Marc,2022-10-13T11:00:07Z
14588,bulbul barbat,ca,"","",,Catalan,Marc,2022-10-13T11:43:25Z
1290249,Corb Marí Emplomallat Mediterrani,ca,"","",,Catalan,Marc,2022-10-14T10:44:26Z
709306,Cabusset europeu,ca,"","",,Catalan,Marc,2022-10-14T10:46:27Z
577950,Estornell vulgar europeu,ca,"","",,Catalan,Marc,2022-10-17T21:14:25Z
1321828,Capgròs fosc,ca,"","",https://www.inaturalist.org/taxon_names/2109951/edit,Catalan,,2022-10-22T02:53:58Z
1321829,Capgròs pàl·lid,ca,"","",https://www.inaturalist.org/taxon_names/2094458/edit,Catalan,,2022-10-22T02:59:23Z
485374,Mataparent vellutat,ca,"","",,Catalan,Jacobo Krauel,2022-10-24T07:07:44Z
84349,campaneta,ca,"","",,Catalan,Salvador Prat Oller,2022-10-25T14:34:45Z
12042,Capsigrany pàl·lid,ca,"","",,Catalan,Marc,2022-10-25T21:52:57Z
5366,Voltor comú,ca,"","",,Catalan,Marc,2022-10-27T06:13:21Z
12704,Papamosques del Vell Món,ca,"","",,Catalan,Arzen,2022-10-29T12:19:22Z
13000,Cua-roja fumada,ca,"","",,Catalan,Arzen,2022-10-31T11:43:08Z
130127,Damisel·la formiga,ca,"","",,Catalan,Bernat Espigulé,2022-11-05T12:13:09Z
774778,裸甲总目,ca,"","",,Catalan,wxwtx,2022-11-14T14:40:29Z
4501,Gavot,ca,"","",,Catalan,Marc,2022-11-27T18:34:01Z
522,Polla blava d'Allen,ca,"","",,Catalan,Marc,2022-11-30T14:13:53Z
39677,Tortuga llaüt,ca,"","",,Catalan,Marc,2022-11-30T14:19:34Z
1431273,Talpó roig,ca,"","",https://www.inaturalist.org/taxon_names/758830/edit,Catalan,,2022-12-06T18:16:44Z
165590,Calabruixa grossa,ca,"","",https://www.inaturalist.org/taxon_names/795295/edit,Catalan,,2022-12-09T18:41:39Z
30692,Serp de cascavell,ca,"","",,Catalan,John E. Christensen,2023-01-05T11:52:00Z
1440332,Llenega,ca,"","",https://www.inaturalist.org/taxon_names/2283227/edit,Catalan,,2023-01-09T12:59:18Z
1181135,angelins,ca,"","",,Catalan,Salvador Prat Oller,2023-01-16T08:54:00Z
78895,Romeguera,ca,"","",,Catalan,Johan Devos,2023-01-28T11:00:12Z
401314,Esperó de cavaller,ca,"","",https://www.inaturalist.org/taxon_names/2094416/edit,Catalan,,2023-01-29T17:48:28Z
4494,Gavineta de tres dits,ca,"","",,Catalan,Marc,2023-01-29T21:49:34Z
546132,Peixet de plata,ca,"","",https://www.inaturalist.org/taxon_names/2945291/edit,Catalan,,2023-01-30T20:17:27Z
1445691,Peixet de plata,ca,"","",https://www.inaturalist.org/taxon_names/1351135/edit,Catalan,,2023-01-30T21:51:43Z
144297,Paràsit boreal,ca,"","",,Catalan,Marc,2023-02-14T09:52:24Z
4623,Calàbria agulla,ca,"","",,Catalan,Marc,2023-02-15T08:00:25Z
96941,Peix àngel pallasso,ca,"","",,Catalan,José Pedro De Campos Fogaça,2023-02-20T15:40:15Z
36926,Sargantanes sense potes,ca,"","",,Catalan,pau_y_matias,2023-03-08T22:30:15Z
568907,Elefant Africà de Sabana × de Bosc,ca,"","",,Catalan,pau_y_matias,2023-03-09T00:34:15Z
36945,Sargantana javelina,ca,"","",,Catalan,pau_y_matias,2023-03-09T01:18:19Z
24436,granota cap de pala,ca,"","",,Catalan,pau_y_matias,2023-03-09T02:05:29Z
1456607,Argentada de muntanya,ca,"","",https://www.inaturalist.org/taxon_names/828496/edit,Catalan,,2023-03-09T22:45:31Z
55829,cardamina hirsuta,ca,"","",,Catalan,Alba Rovira,2023-03-15T19:43:10Z
56222,pota de cavall,ca,"","",,Catalan,Alba Rovira,2023-03-15T19:45:14Z
775404,bàlsam,ca,"","",,Catalan,Alba Rovira,2023-03-15T19:48:47Z
63371,llengua bovina,ca,"","",,Catalan,Alba Rovira,2023-03-15T19:51:59Z
64323,Palmera excelsa,ca,"","",,Catalan,Alba Rovira,2023-03-16T20:36:42Z
484660,vesc,ca,"","",,Catalan,Salvador Prat Oller,2023-03-20T18:05:00Z
41669,Coatis,ca,"","",,Catalan,pau_y_matias,2023-03-22T20:17:09Z
144468,Àguila emmantellada,ca,"","",,Catalan,Marc,2023-03-26T14:57:50Z
144469,Àguila de Wahlberg,ca,"","",,Catalan,Marc,2023-03-26T14:58:26Z
367501,Gamarús de l'Himàlaia,ca,"","",,Catalan,Marc,2023-03-26T14:59:17Z
507359,Gamarús de Hume,ca,"","",,Catalan,Marc,2023-03-26T15:00:10Z
1441750,Duc del Nepal,ca,"","",,Catalan,Marc,2023-03-26T15:02:26Z
4715,Caracarà crestat,ca,"","",,Catalan,Marc,2023-03-26T15:04:15Z
5077,Àguila de Verreaux,ca,"","",,Catalan,Marc,2023-03-27T09:05:21Z
558446,Arpella pàl·lida americana,ca,"","",,Catalan,Marc,2023-03-27T09:05:43Z
5181,Aligot rovellat,ca,"","",,Catalan,Marc,2023-03-27T09:06:03Z
5196,Aligot de Swainson,ca,"","",,Catalan,Marc,2023-03-27T09:06:28Z
5363,Voltor dorsiblanc africà,ca,"","",,Catalan,Marc,2023-03-27T09:06:50Z
12035,Escorxador cuallarg,ca,"","",,Catalan,Marc,2023-03-27T09:07:19Z
1286974,Xot de Xipre,ca,"","",,Catalan,Marc,2023-03-27T09:08:04Z
507358,Gamarús del desert,ca,"","",,Catalan,Marc,2023-03-27T09:12:16Z
558512,Botxí boreal,ca,"","",,Catalan,Marc,2023-03-27T09:12:38Z
20343,Duc pescador bru,ca,"","",,Catalan,Marc,2023-03-27T09:13:00Z
4665,Xoriguer americà,ca,"","",,Catalan,Marc,2023-03-27T09:13:19Z
5212,Aligot cua-roig,ca,"","",,Catalan,Marc,2023-03-27T09:13:41Z
5231,Àguila batallaire,ca,"","",,Catalan,Marc,2023-03-27T09:14:02Z
5401,Voltor orellut,ca,"","",,Catalan,Marc,2023-03-27T09:14:24Z
144594,Duc blanc,ca,"","",,Catalan,Marc,2023-03-27T09:14:58Z
339680,Capsigrany cua-roig,ca,"","",,Catalan,Marc,2023-03-27T09:16:29Z
5355,Aligot de Harris,ca,"","",,Catalan,Marc,2023-03-27T09:16:49Z
327608,Voltor de Rüppell,ca,"","",,Catalan,Marc,2023-03-27T09:17:09Z
4683,Falcó fumat,ca,"","",,Catalan,Marc,2023-03-27T09:17:28Z
5079,Àguila rapaç,ca,"","",,Catalan,Marc,2023-03-27T09:17:45Z
144458,Aligot vesper oriental,ca,"","",,Catalan,Marc,2023-03-27T09:18:03Z
20285,Xot de Bruce,ca,"","",,Catalan,Marc,2023-03-27T09:18:22Z
20327,Mussol gregari,ca,"","",,Catalan,Marc,2023-03-27T09:18:42Z
5071,Àguila imperial oriental,ca,"","",,Catalan,Marc,2023-03-27T09:19:16Z
5178,Arpella pàl·lida russa,ca,"","",,Catalan,Marc,2023-03-27T09:19:35Z
201035,Àguila cridanera,ca,"","",,Catalan,Marc,2023-03-27T09:19:53Z
19890,Gamarús de Lapònia,ca,"","",,Catalan,Marc,2023-03-27T09:20:13Z
12023,Capsigrany emmascarat,ca,"","",,Catalan,Marc,2023-03-27T09:20:31Z
4684,Falcó llaner,ca,"","",,Catalan,Marc,2023-03-27T09:21:07Z
4691,Falcó sacre,ca,"","",,Catalan,Marc,2023-03-27T09:21:35Z
4657,Falcó sagrat,ca,"","",,Catalan,Marc,2023-03-27T09:21:51Z
20040,Duc del desert,ca,"","",,Catalan,Marc,2023-03-27T09:22:07Z
5200,Aligot calçat,ca,"","",,Catalan,Marc,2023-03-27T09:22:48Z
19910,Gamarús dels Urals,ca,"","",,Catalan,Marc,2023-03-27T09:23:05Z
19848,Mussolet eurasiàtic,ca,"","",,Catalan,Marc,2023-03-27T09:23:23Z
201033,Àguila pomerània,ca,"","",,Catalan,Marc,2023-03-27T09:23:43Z
20372,Mussol esparverenc,ca,"","",,Catalan,Marc,2023-03-27T09:24:01Z
546645,Arpella pàl·lida x russa,ca,"","",,Catalan,Marc,2023-03-27T09:24:46Z
1432779,Caracarà capgroc,ca,"","",,Catalan,Marc,2023-03-27T09:26:17Z
199913,Aligot gris septentrional,ca,"","",,Catalan,Marc,2023-03-27T09:26:44Z
5416,Elani del Mississipí,ca,"","",,Catalan,Marc,2023-03-27T09:26:59Z
5097,Esparver americà,ca,"","",,Catalan,Marc,2023-03-27T09:27:17Z
19765,Xot de Carolina,ca,"","",,Catalan,Marc,2023-03-27T09:27:36Z
5227,Aligot alaample,ca,"","",,Catalan,Marc,2023-03-27T09:27:54Z
5277,Elani cuablanc,ca,"","",,Catalan,Marc,2023-03-27T09:28:12Z
19975,Mussol de lloriguera,ca,"","",,Catalan,Marc,2023-03-27T09:28:30Z
201041,Aligot becgròs,ca,"","",,Catalan,Marc,2023-03-27T09:28:49Z
12024,Botxí americà,ca,"","",,Catalan,Marc,2023-03-27T09:29:06Z
19893,Gamarús ratllat,ca,"","",,Catalan,Marc,2023-03-27T09:29:20Z
20044,Duc americà,ca,"","",,Catalan,Marc,2023-03-27T09:29:38Z
5206,Aligot d'espatlles vermelles,ca,"","",,Catalan,Marc,2023-03-27T09:30:34Z
5406,Milà capblanc,ca,"","",,Catalan,Marc,2023-03-27T09:31:34Z
5301,Milà cuaforcat,ca,"","",,Catalan,Marc,2023-03-27T09:31:51Z
78755,Presseguer,ca,"","",,Catalan,Oriol Sastre,2023-03-27T13:23:46Z
133143,cardamine pirinenca,ca,"","",,Catalan,Salvador Prat Oller,2023-03-29T22:07:16Z
515876,Falcó pelegrí mediterrani,ca,"","",,Catalan,Marc,2023-03-30T20:12:44Z
515875,Falcó pelegrí nòrdic,ca,"","",,Catalan,Marc,2023-03-30T20:13:11Z
926504,canyaferla,ca,"","",,Catalan,Salvador Prat Oller,2023-03-31T10:14:05Z
413775,pinassa,ca,"","",,Catalan,Salvador Prat Oller,2023-04-17T17:46:42Z
48567,Cariofil·làcies,ca,"","",,Catalan,Salvador Prat Oller,2023-04-19T16:27:37Z
1463775,arenària de codina,ca,"","",,Catalan,Salvador Prat Oller,2023-04-19T16:42:14Z
747463,arenària de codina,ca,"","",,Catalan,Salvador Prat Oller,2023-04-19T16:44:32Z
163692,Centengrana,ca,"","",,Catalan,Alba Rovira,2023-04-20T19:07:06Z
73972,llangardaix ocel·lat,ca,"","",,Catalan,Naturalista,2023-04-23T15:13:32Z
450912,argelagó,ca,"","",,Catalan,Salvador Prat Oller,2023-04-23T23:02:38Z
71144,paroníquia,ca,"","",,Catalan,Salvador Prat Oller,2023-04-29T16:15:56Z
52287,borratja,ca,"","",,Catalan,Naturalista,2023-05-02T12:27:34Z
325561,lleteresa nicenca,ca,"","",,Catalan,Salvador Prat Oller,2023-05-02T16:44:12Z
47407,genista,ca,"","",,Catalan,Salvador Prat Oller,2023-05-02T17:25:11Z
133151,saxífraga mitjana,ca,"","",,Catalan,Salvador Prat Oller,2023-05-04T08:07:56Z
61208,polígala,ca,"","",,Catalan,Salvador Prat Oller,2023-05-04T16:06:58Z
61207,poligalàcies,ca,"","",,Catalan,Salvador Prat Oller,2023-05-04T16:12:34Z
128880,saxífraga opositifòlia,ca,"","",,Catalan,Salvador Prat Oller,2023-05-06T17:22:44Z
3893,Gamba groga petita,ca,"","",,Catalan,Marc,2023-05-11T10:50:25Z
515760,tora pirinenca,ca,"","",,Catalan,Salvador Prat Oller,2023-05-12T10:43:33Z
158249,Amarant muricat,ca,"","",,Catalan,Alain Cervantes,2023-05-15T20:25:28Z
53630,acònit,ca,"","",,Catalan,Salvador Prat Oller,2023-05-16T18:56:34Z
7007,Oca de bec curt,ca,"","",,Catalan,Marc,2023-05-17T09:06:28Z
515760,tora blanca,ca,"","",,Catalan,Salvador Prat Oller,2023-05-18T21:51:54Z
53786,julivert bord,ca,"","",,Catalan,Joan Simon,2023-05-20T20:13:58Z
68479,raigràs,ca,"","",,Catalan,Joan Simon,2023-05-21T08:04:37Z
68479,margall italià,ca,"","",,Catalan,Joan Simon,2023-05-21T08:05:54Z
61310,Flor de pastor,ca,"","",,Catalan,Alba Rovira,2023-05-21T17:19:34Z
55819,Prímula vera,ca,"","",,Catalan,Alba Rovira,2023-05-21T17:23:14Z
51893,Pota de gat,ca,"","",,Catalan,Alba Rovira,2023-05-21T17:30:06Z
487791,Corona de rei,ca,"","",,Catalan,Alba Rovira,2023-05-21T18:01:33Z
546985,Arvellola pirinenca,ca,"","",,Catalan,Alba Rovira,2023-05-21T18:05:49Z
546985,Vícia pirinenca,ca,"","",,Catalan,Alba Rovira,2023-05-21T18:06:11Z
61935,Esclerant anual,ca,"","",,Catalan,Alba Rovira,2023-05-21T18:09:25Z
334737,Herba de sant Llorenç,ca,"","",,Catalan,Alba Rovira,2023-05-21T18:15:03Z
48152,Besneula,ca,"","",,Catalan,Alba Rovira,2023-05-21T18:18:37Z
900794,alquemil·la flabel·lada,ca,"","",,Catalan,Alba Rovira,2023-05-21T18:21:29Z
209626,Prímula integrifòlia,ca,"","",,Catalan,Alba Rovira,2023-05-21T18:22:43Z
3919,Becadell gros,ca,"","",,Catalan,Marc,2023-05-22T14:07:41Z
130484,Guixó groc,ca,"","",,Catalan,Alba Rovira,2023-05-25T06:55:36Z
5169,Arpella d'espatlles blanques,ca,"","",,Catalan,Marc,2023-05-25T15:21:47Z
144542,Xatrac elegant,ca,"","",,Catalan,Marc,2023-05-25T15:52:19Z
485813,tèsium divaricat,ca,"","",,Catalan,Salvador Prat Oller,2023-05-27T12:11:34Z
146804,tèsium,ca,"","",,Catalan,Salvador Prat Oller,2023-05-27T12:15:08Z
49606,Ballesta comuna,ca,"","",,Catalan,José Pedro De Campos Fogaça,2023-05-27T15:19:56Z
95064,Ballesta del Pacífic,ca,"","",,Catalan,José Pedro De Campos Fogaça,2023-05-27T15:21:32Z
491007,Ballesta tacada,ca,"","",,Catalan,José Pedro De Campos Fogaça,2023-05-27T15:24:02Z
95066,Ballesta reina,ca,"","",,Catalan,José Pedro De Campos Fogaça,2023-05-27T15:27:24Z
53669,Ballesta blava,ca,"","",,Catalan,José Pedro De Campos Fogaça,2023-05-27T15:30:23Z
154282,Ballesta pallasso,ca,"","",,Catalan,José Pedro De Campos Fogaça,2023-05-27T15:33:58Z
123392,Ballesta titani,ca,"","",,Catalan,José Pedro De Campos Fogaça,2023-05-27T15:35:18Z
461979,Ballesta escamosa,ca,"","",,Catalan,José Pedro De Campos Fogaça,2023-05-27T15:37:32Z
179646,Ballesta de l'Atlàntic,ca,"","",,Catalan,José Pedro De Campos Fogaça,2023-05-27T15:39:06Z
131526,Ballesta oceànica,ca,"","",,Catalan,José Pedro De Campos Fogaça,2023-05-27T15:42:23Z
52466,Ballesta negra índia,ca,"","",,Catalan,José Pedro De Campos Fogaça,2023-05-27T15:44:46Z
52464,Ballesta negra de l'Indopacífic,ca,"","",,Catalan,José Pedro De Campos Fogaça,2023-05-27T15:46:08Z
52411,Ballesta de cua rosa,ca,"","",,Catalan,José Pedro De Campos Fogaça,2023-05-27T15:48:05Z
196870,Ballesta de cara groga,ca,"","",,Catalan,José Pedro De Campos Fogaça,2023-05-27T15:49:34Z
123394,Ballesta elegant,ca,"","",,Catalan,José Pedro De Campos Fogaça,2023-05-27T15:51:24Z
110933,Ballesta xilena,ca,"","",,Catalan,José Pedro De Campos Fogaça,2023-05-27T15:52:43Z
83884,Ballesta picasso,ca,"","",,Catalan,José Pedro De Campos Fogaça,2023-05-27T15:54:39Z
371764,Ballesta del Mar Roja,ca,"","",,Catalan,José Pedro De Campos Fogaça,2023-05-27T15:55:51Z
52449,Ballesta hawaiana,ca,"","",,Catalan,José Pedro De Campos Fogaça,2023-05-27T15:56:40Z
447012,Ballesta de Bonnaterre,ca,"","",,Catalan,José Pedro De Campos Fogaça,2023-05-28T15:04:06Z
57743,Ballesta folrada,ca,"","",,Catalan,José Pedro De Campos Fogaça,2023-05-28T15:10:28Z
205590,Ballesta d'aigües profundes,ca,"","",,Catalan,José Pedro De Campos Fogaça,2023-05-28T15:12:01Z
516526,Ballesta lunar,ca,"","",,Catalan,José Pedro De Campos Fogaça,2023-05-28T15:13:40Z
325499,Ballesta de punt negre,ca,"","",,Catalan,José Pedro De Campos Fogaça,2023-05-28T15:14:50Z
362290,Ballesta de cua blanca,ca,"","",,Catalan,José Pedro De Campos Fogaça,2023-05-28T15:17:43Z
121576,Ballesta de les Illes Mascarenyes,ca,"","",,Catalan,José Pedro De Campos Fogaça,2023-05-28T15:21:16Z
52465,Ballesta d'escull,ca,"","",,Catalan,José Pedro De Campos Fogaça,2023-05-28T15:23:31Z
113450,Ballesta emmascarada,ca,"","",,Catalan,José Pedro De Campos Fogaça,2023-05-28T15:24:34Z
57295,Ballesta mexicana,ca,"","",,Catalan,José Pedro De Campos Fogaça,2023-05-28T15:25:16Z
244366,Ballesta de boca blava,ca,"","",,Catalan,José Pedro De Campos Fogaça,2023-05-28T15:27:00Z
194918,Ballesta línia blava,ca,"","",,Catalan,José Pedro De Campos Fogaça,2023-05-28T15:28:44Z
1015191,Ballesta de Kiribati,ca,"","",,Catalan,José Pedro De Campos Fogaça,2023-05-28T15:29:52Z
131517,Ballesta porc,ca,"","",,Catalan,José Pedro De Campos Fogaça,2023-05-28T15:32:43Z
115035,Ballesta reial,ca,"","",,Catalan,José Pedro De Campos Fogaça,2023-05-28T15:33:45Z
131518,Ballesta americana,ca,"","",,Catalan,José Pedro De Campos Fogaça,2023-05-28T15:34:44Z
529523,Ballesta japonesa,ca,"","",,Catalan,José Pedro De Campos Fogaça,2023-05-28T15:36:30Z
529521,Ballesta cua de lira,ca,"","",,Catalan,José Pedro De Campos Fogaça,2023-05-28T15:37:59Z
196872,Ballesta estrellada,ca,"","",,Catalan,José Pedro De Campos Fogaça,2023-05-28T15:38:45Z
154702,Peix pallasso del nas tirat,ca,"","",,Catalan,José Pedro De Campos Fogaça,2023-05-29T14:13:22Z
338421,Peix pallasso de Barrera de Corall,ca,"","",,Catalan,José Pedro De Campos Fogaça,2023-05-29T14:16:07Z
180787,Peix pallasso africà,ca,"","",,Catalan,José Pedro De Campos Fogaça,2023-05-29T14:17:08Z
179871,Peix pallasso flama,ca,"","",,Catalan,José Pedro De Campos Fogaça,2023-05-29T14:19:05Z
1277790,Peix pallasso rei,ca,"","",,Catalan,José Pedro De Campos Fogaça,2023-05-29T14:19:58Z
343249,Peix pallasso del Mar Roja,ca,"","",,Catalan,José Pedro De Campos Fogaça,2023-05-29T14:21:11Z
619607,Peix pallasso de les Txagos,ca,"","",,Catalan,José Pedro De Campos Fogaça,2023-05-29T14:23:00Z
484800,Peix pallasso ventre daurat,ca,"","",,Catalan,José Pedro De Campos Fogaça,2023-05-29T14:23:58Z
180381,Peix pallasso polinesi,ca,"","",,Catalan,José Pedro De Campos Fogaça,2023-05-29T14:25:36Z
136345,Peix pallasso cua daurada,ca,"","",,Catalan,José Pedro De Campos Fogaça,2023-05-29T14:26:21Z
57754,Peix pallasso de punt negre,ca,"","",,Catalan,José Pedro De Campos Fogaça,2023-05-29T14:27:15Z
57740,Peix pallasso tomàquet,ca,"","",,Catalan,José Pedro De Campos Fogaça,2023-05-29T14:28:15Z
619608,Peix pallasso crioll,ca,"","",,Catalan,José Pedro De Campos Fogaça,2023-05-29T14:28:56Z
517591,Peix pallasso llavi blau,ca,"","",,Catalan,José Pedro De Campos Fogaça,2023-05-29T14:29:32Z
516038,Peix pallasso de Madagascar,ca,"","",,Catalan,José Pedro De Campos Fogaça,2023-05-29T14:31:42Z
424221,Peix pallasso de front blanc,ca,"","",,Catalan,José Pedro De Campos Fogaça,2023-05-29T15:08:05Z
516265,Peix pallasso de McCulloch,ca,"","",,Catalan,José Pedro De Campos Fogaça,2023-05-29T15:08:51Z
57741,Peix pallasso foc,ca,"","",,Catalan,José Pedro De Campos Fogaça,2023-05-29T15:09:45Z
180380,Peix pallasso aleta negra,ca,"","",,Catalan,José Pedro De Campos Fogaça,2023-05-29T15:11:12Z
132688,Peix pallasso ocel·lat,ca,"","",,Catalan,José Pedro De Campos Fogaça,2023-05-29T15:11:50Z
619609,Peix pallasso d'Oman,ca,"","",,Catalan,José Pedro De Campos Fogaça,2023-05-29T15:12:40Z
619610,Peix pallasso del Pacífic,ca,"","",,Catalan,José Pedro De Campos Fogaça,2023-05-29T15:13:14Z
119391,Peix pallasso percula,ca,"","",,Catalan,José Pedro De Campos Fogaça,2023-05-29T15:14:44Z
134156,Peix pallasso rosat,ca,"","",,Catalan,José Pedro De Campos Fogaça,2023-05-29T15:16:06Z
119430,Peix pallasso ensellat,ca,"","",,Catalan,José Pedro De Campos Fogaça,2023-05-29T15:17:24Z
117751,Peix pallasso australià,ca,"","",,Catalan,José Pedro De Campos Fogaça,2023-05-29T15:18:55Z
93956,Peix pallasso daurat,ca,"","",,Catalan,José Pedro De Campos Fogaça,2023-05-29T15:19:39Z
180382,Peix pallasso del golf,ca,"","",,Catalan,José Pedro De Campos Fogaça,2023-05-29T15:21:50Z
619611,Peix pallasso de Thielle,ca,"","",,Catalan,José Pedro De Campos Fogaça,2023-05-29T15:23:06Z
57756,Peix pallasso de les Illes Marshall,ca,"","",,Catalan,José Pedro De Campos Fogaça,2023-05-29T15:27:40Z
57742,Peixos pallasso,ca,"","",,Catalan,José Pedro De Campos Fogaça,2023-05-29T15:30:54Z
47237,Peixos àngel,ca,"","",,Catalan,José Pedro De Campos Fogaça,2023-05-29T15:33:26Z
94412,Peix àngel bandit,ca,"","",,Catalan,José Pedro De Campos Fogaça,2023-05-29T15:34:12Z
94413,Peix àngel d'esquena blanca,ca,"","",,Catalan,José Pedro De Campos Fogaça,2023-05-29T15:36:23Z
94414,Peix àngel de Gueze,ca,"","",,Catalan,José Pedro De Campos Fogaça,2023-05-29T15:37:17Z
94415,Peix àngel tigre,ca,"","",,Catalan,José Pedro De Campos Fogaça,2023-05-29T15:37:57Z
94416,Peix àngel de llavi porpra,ca,"","",,Catalan,José Pedro De Campos Fogaça,2023-05-29T15:39:10Z
94417,Peix àngel de marge negre,ca,"","",,Catalan,José Pedro De Campos Fogaça,2023-05-29T15:40:11Z
94418,Peix àngel disc,ca,"","",,Catalan,José Pedro De Campos Fogaça,2023-05-29T15:40:57Z
94419,Peix àngel crema,ca,"","",,Catalan,José Pedro De Campos Fogaça,2023-05-29T15:42:00Z
96934,Peix àngel d'Abe,ca,"","",,Catalan,José Pedro De Campos Fogaça,2023-05-29T15:43:40Z
96935,Peix àngel esquena flama africà,ca,"","",,Catalan,José Pedro De Campos Fogaça,2023-05-29T15:45:44Z
96938,peix àngel esquena flama del Carib,ca,"","",,Catalan,José Pedro De Campos Fogaça,2023-05-29T15:47:19Z
96936,Peix àngel de les Antilles,ca,"","",,Catalan,José Pedro De Campos Fogaça,2023-05-29T15:48:23Z
96937,Peix àngel daurat,ca,"","",,Catalan,José Pedro De Campos Fogaça,2023-05-29T15:49:09Z
96939,Peix àngel bicolor,ca,"","",,Catalan,José Pedro De Campos Fogaça,2023-05-29T15:50:13Z
96940,Peix àngel d'escull,ca,"","",,Catalan,José Pedro De Campos Fogaça,2023-05-29T15:50:51Z
706815,Peix àngel de pela cítrica,ca,"","",,Catalan,José Pedro De Campos Fogaça,2023-05-29T15:52:17Z
96942,Peix àngel donzella,ca,"","",,Catalan,José Pedro De Campos Fogaça,2023-05-29T15:53:16Z
96943,peix àngel de Maurici,ca,"","",,Catalan,José Pedro De Campos Fogaça,2023-05-29T15:54:55Z
491543,Peix àngel blau fosc,ca,"","",,Catalan,José Pedro De Campos Fogaça,2023-05-29T15:55:36Z
96944,Peix àngel cua negra,ca,"","",,Catalan,José Pedro De Campos Fogaça,2023-05-29T15:56:28Z
96945,Peix àngel oxidat,ca,"","",,Catalan,José Pedro De Campos Fogaça,2023-05-29T15:57:30Z
96946,Peix àngel de cua pàl·lida,ca,"","",,Catalan,José Pedro De Campos Fogaça,2023-05-29T15:58:34Z
96947,Peix àngel aleta groga,ca,"","",,Catalan,José Pedro De Campos Fogaça,2023-05-29T15:59:12Z
96948,Peix àngel de pela de llimona,ca,"","",,Catalan,José Pedro De Campos Fogaça,2023-05-29T16:00:18Z
96949,Peix àngel groc,ca,"","",,Catalan,José Pedro De Campos Fogaça,2023-05-29T16:01:10Z
96950,Peix àngel rapa nui,ca,"","",,Catalan,José Pedro De Campos Fogaça,2023-05-29T16:02:08Z
619598,Peix àngel japonès,ca,"","",,Catalan,José Pedro De Campos Fogaça,2023-05-29T16:02:55Z
96952,Peix àngel d'ulls morats,ca,"","",,Catalan,José Pedro De Campos Fogaça,2023-05-29T16:03:46Z
358414,Peix àngel flama,ca,"","",,Catalan,José Pedro De Campos Fogaça,2023-05-29T16:04:27Z
96954,peix àngel multicolor,ca,"","",,Catalan,José Pedro De Campos Fogaça,2023-05-29T16:05:09Z
1315950,Peix àngel ratllat,ca,"","",,Catalan,José Pedro De Campos Fogaça,2023-05-29T16:06:24Z
96956,Peix àngel fosc,ca,"","",,Catalan,José Pedro De Campos Fogaça,2023-05-29T16:06:58Z
96957,Peix àngel de Nahacky,ca,"","",,Catalan,José Pedro De Campos Fogaça,2023-05-29T16:07:55Z
96958,Peix àngel papallona,ca,"","",,Catalan,José Pedro De Campos Fogaça,2023-05-29T16:08:39Z
1316424,Peix àngel taca negra,ca,"","",,Catalan,José Pedro De Campos Fogaça,2023-05-29T16:09:47Z
96960,Peix àngel negre,ca,"","",,Catalan,José Pedro De Campos Fogaça,2023-05-29T16:10:25Z
96961,Peix àngel hawaià,ca,"","",,Catalan,José Pedro De Campos Fogaça,2023-05-29T16:11:02Z
96962,Peix àngel resplendent,ca,"","",,Catalan,José Pedro De Campos Fogaça,2023-05-29T16:12:16Z
96963,Peix àngel taronja,ca,"","",,Catalan,José Pedro De Campos Fogaça,2023-05-29T16:12:54Z
96964,Peix àngel forat de pany,ca,"","",,Catalan,José Pedro De Campos Fogaça,2023-05-29T16:13:46Z
96965,Peix àngel emmascarat,ca,"","",,Catalan,José Pedro De Campos Fogaça,2023-05-29T16:15:11Z
96966,Peix àngel perla,ca,"","",,Catalan,José Pedro De Campos Fogaça,2023-05-29T16:15:42Z
183184,Peix àngel de Woodhead,ca,"","",,Catalan,José Pedro De Campos Fogaça,2023-05-29T16:16:15Z
97214,Peix àngel de Ballina,ca,"","",,Catalan,José Pedro De Campos Fogaça,2023-05-29T16:18:28Z
97215,Peix àngel filipí,ca,"","",,Catalan,José Pedro De Campos Fogaça,2023-05-29T16:19:05Z
619599,Peix àngel coral·lí,ca,"","",,Catalan,José Pedro De Campos Fogaça,2023-05-29T16:19:38Z
97216,Peix àngel cap taronja,ca,"","",,Catalan,José Pedro De Campos Fogaça,2023-05-29T16:20:19Z
97217,Peix àngel de Barrera de Corall,ca,"","",,Catalan,José Pedro De Campos Fogaça,2023-05-29T16:21:39Z
97218,Peix àngel ventre negre,ca,"","",,Catalan,José Pedro De Campos Fogaça,2023-05-29T16:22:26Z
97219,Peix àngel elegant,ca,"","",,Catalan,José Pedro De Campos Fogaça,2023-05-29T16:24:20Z
97220,Peix àngel de marge groc,ca,"","",,Catalan,José Pedro De Campos Fogaça,2023-05-29T16:25:05Z
97221,Peix àngel de Queensland,ca,"","",,Catalan,José Pedro De Campos Fogaça,2023-05-29T16:26:05Z
97222,Peix àngel de cua groga,ca,"","",,Catalan,José Pedro De Campos Fogaça,2023-05-29T16:26:44Z
97223,Peix àngel negre,ca,"","",,Catalan,José Pedro De Campos Fogaça,2023-05-29T16:27:35Z
97224,Peix àngel personifer,ca,"","",,Catalan,José Pedro De Campos Fogaça,2023-05-29T16:28:29Z
97225,Peix àngel de cua grisa,ca,"","",,Catalan,José Pedro De Campos Fogaça,2023-05-29T16:29:06Z
97226,Peix àngel de línies neó,ca,"","",,Catalan,José Pedro De Campos Fogaça,2023-05-29T16:30:41Z
97227,Peix àngel de Alotau,ca,"","",,Catalan,José Pedro De Campos Fogaça,2023-05-29T16:31:11Z
101331,Peix àngel ornamentat,ca,"","",,Catalan,José Pedro De Campos Fogaça,2023-05-29T16:32:46Z
101332,Peix àngel cua de lira,ca,"","",,Catalan,José Pedro De Campos Fogaça,2023-05-29T16:33:30Z
101333,Peix àngel de Lamarck,ca,"","",,Catalan,José Pedro De Campos Fogaça,2023-05-29T16:34:13Z
101334,Peix àngel de línies fines,ca,"","",,Catalan,José Pedro De Campos Fogaça,2023-05-29T16:36:15Z
101335,Peix àngel insular,ca,"","",,Catalan,José Pedro De Campos Fogaça,2023-05-29T16:38:11Z
101336,Peix àngel de Lord Howe,ca,"","",,Catalan,José Pedro De Campos Fogaça,2023-05-29T16:38:49Z
101337,Peix àngel nipònic,ca,"","",,Catalan,José Pedro De Campos Fogaça,2023-05-29T16:39:30Z
101338,Peix àngel de Pitcairn,ca,"","",,Catalan,José Pedro De Campos Fogaça,2023-05-29T16:40:36Z
101339,Peix àngel de Takeuchi,ca,"","",,Catalan,José Pedro De Campos Fogaça,2023-05-29T16:41:08Z
101340,Peix àngel blau,ca,"","",,Catalan,José Pedro De Campos Fogaça,2023-05-29T16:41:45Z
49495,Peix àngel tricolor,ca,"","",,Catalan,José Pedro De Campos Fogaça,2023-05-29T16:43:21Z
102895,Peix àngel de Cap Verd,ca,"","",,Catalan,José Pedro De Campos Fogaça,2023-05-29T16:44:18Z
49632,Peix àngel de les Bermudes,ca,"","",,Catalan,José Pedro De Campos Fogaça,2023-05-29T16:44:55Z
47235,Peix àngel reina,ca,"","",,Catalan,José Pedro De Campos Fogaça,2023-05-29T16:45:28Z
102896,Peix àngel de l'illa Clarión,ca,"","",,Catalan,José Pedro De Campos Fogaça,2023-05-29T16:47:28Z
102897,Peix àngel de Clipperton,ca,"","",,Catalan,José Pedro De Campos Fogaça,2023-05-29T16:48:12Z
56797,Peix àngel rei,ca,"","",,Catalan,José Pedro De Campos Fogaça,2023-05-29T16:48:37Z
110013,Peix àngel de anell blau,ca,"","",,Catalan,José Pedro De Campos Fogaça,2023-05-29T16:49:59Z
49427,Peix àngel gris,ca,"","",,Catalan,José Pedro De Campos Fogaça,2023-05-29T16:50:33Z
110014,Peix àngel àrab,ca,"","",,Catalan,José Pedro De Campos Fogaça,2023-05-29T16:51:06Z
110015,Peix àngel de tires blanques,ca,"","",,Catalan,José Pedro De Campos Fogaça,2023-05-29T16:52:08Z
84181,Peix àngel emperador,ca,"","",,Catalan,José Pedro De Campos Fogaça,2023-05-29T16:53:11Z
110016,Peix àngel mitja lluna,ca,"","",,Catalan,José Pedro De Campos Fogaça,2023-05-29T16:53:52Z
110017,Peix àngel majestuós,ca,"","",,Catalan,José Pedro De Campos Fogaça,2023-05-29T16:54:40Z
49257,Peix àngel de les Guyanes,ca,"","",,Catalan,José Pedro De Campos Fogaça,2023-05-29T16:55:14Z
110018,Peix àngel sud-africà,ca,"","",,Catalan,José Pedro De Campos Fogaça,2023-05-29T16:56:02Z
110019,Peix àngel de brànquies blaves,ca,"","",,Catalan,José Pedro De Campos Fogaça,2023-05-29T16:57:00Z
110020,Peix àngel de cua blava,ca,"","",,Catalan,José Pedro De Campos Fogaça,2023-05-29T16:57:57Z
110021,Peix àngel cara blava,ca,"","",,Catalan,José Pedro De Campos Fogaça,2023-05-29T16:58:46Z
110022,Peix àngel del golf,ca,"","",,Catalan,José Pedro De Campos Fogaça,2023-05-29T16:59:34Z
111389,Peix àngel reial,ca,"","",,Catalan,José Pedro De Campos Fogaça,2023-05-29T17:01:16Z
179469,Selene de l'Atlàntic,ca,"","",,Catalan,José Pedro De Campos Fogaça,2023-05-29T17:07:55Z
112435,Selene mirall,ca,"","",,Catalan,José Pedro De Campos Fogaça,2023-05-29T17:09:47Z
317376,Selene del Carib,ca,"","",,Catalan,José Pedro De Campos Fogaça,2023-05-29T17:10:42Z
566454,Selene africà,ca,"","",,Catalan,José Pedro De Campos Fogaça,2023-05-29T17:11:27Z
112437,Selene del Pacífic,ca,"","",,Catalan,José Pedro De Campos Fogaça,2023-05-29T17:12:41Z
49598,Selene lluna,ca,"","",,Catalan,José Pedro De Campos Fogaça,2023-05-29T17:13:37Z
1316087,Sériole del nord,ca,"","",,Catalan,José Pedro De Campos Fogaça,2023-05-29T17:17:47Z
51551,Sériole del golf,ca,"","",,Catalan,José Pedro De Campos Fogaça,2023-05-29T17:18:12Z
1316790,Sériole de Califòrnia,ca,"","",,Catalan,José Pedro De Campos Fogaça,2023-05-29T17:19:30Z
51549,Sériole oceànique,ca,"","",,Catalan,José Pedro De Campos Fogaça,2023-05-29T17:21:09Z
120689,Sériole americane,ca,"","",,Catalan,José Pedro De Campos Fogaça,2023-05-29T17:25:37Z
488322,Sériole del sud,ca,"","",,Catalan,José Pedro De Campos Fogaça,2023-05-29T17:26:32Z
51550,Sériole comú,ca,"","",,Catalan,José Pedro De Campos Fogaça,2023-05-29T17:27:04Z
112482,Sériole llatí,ca,"","",,Catalan,José Pedro De Campos Fogaça,2023-05-29T17:27:55Z
194667,Sériole japonès,ca,"","",,Catalan,José Pedro De Campos Fogaça,2023-05-29T17:28:39Z
51553,Sériole d'aigües profundes,ca,"","",,Catalan,José Pedro De Campos Fogaça,2023-05-29T17:29:42Z
133676,Sériole nan,ca,"","",,Catalan,José Pedro De Campos Fogaça,2023-05-29T17:30:46Z
333752,Sériole rei,ca,"","",,Catalan,José Pedro De Campos Fogaça,2023-05-29T17:31:38Z
118710,Peix pilot,ca,"","",,Catalan,José Pedro De Campos Fogaça,2023-05-29T17:32:23Z
122033,Sériole reial,ca,"","",,Catalan,José Pedro De Campos Fogaça,2023-05-29T17:33:41Z
208576,Fals sériole,ca,"","",,Catalan,José Pedro De Campos Fogaça,2023-05-29T17:35:26Z
69760,Peix cirurgià d'espina taronja,ca,"","",,Catalan,José Pedro De Campos Fogaça,2023-05-29T19:40:37Z
623671,Peix cirurgià de barbeta blanca,ca,"","",,Catalan,José Pedro De Campos Fogaça,2023-05-29T19:42:08Z
186994,Peix cirurgià d'aleta blanca,ca,"","",,Catalan,José Pedro De Campos Fogaça,2023-05-29T19:42:46Z
186995,Peix cirurgià de Luzón,ca,"","",,Catalan,José Pedro De Campos Fogaça,2023-05-29T19:43:43Z
1032318,Peix cirurgià brasiler,ca,"","",,Catalan,José Pedro De Campos Fogaça,2023-05-29T19:44:48Z
186996,Peix cirurgià tropical,ca,"","",,Catalan,José Pedro De Campos Fogaça,2023-05-29T19:46:09Z
132411,Peix cirurgià de cua anellada,ca,"","",,Catalan,José Pedro De Campos Fogaça,2023-05-29T19:47:00Z
121195,Peix cirurgià de l'Atlàntic,ca,"","",,Catalan,José Pedro De Campos Fogaça,2023-05-29T19:51:08Z
186997,Peix cirurgià mimètic,ca,"","",,Catalan,José Pedro De Campos Fogaça,2023-05-29T19:52:01Z
121597,Peix cirurgià de Dussumier,ca,"","",,Catalan,José Pedro De Campos Fogaça,2023-05-29T19:52:49Z
145524,Peix cirurgià ferradura,ca,"","",,Catalan,José Pedro De Campos Fogaça,2023-05-29T19:53:46Z
93074,Peix cirurgià negre,ca,"","",,Catalan,José Pedro De Campos Fogaça,2023-05-29T19:54:35Z
132367,Peix cirurgià del Pacífic,ca,"","",,Catalan,José Pedro De Campos Fogaça,2023-05-29T19:55:49Z
123529,Peix cirurgià taques blanques,ca,"","",,Catalan,José Pedro De Campos Fogaça,2023-05-29T19:57:09Z
186998,Peix cirurgià japonès,ca,"","",,Catalan,José Pedro De Campos Fogaça,2023-05-29T19:58:06Z
186999,Peix cirurgià llavi pàlid,ca,"","",,Catalan,José Pedro De Campos Fogaça,2023-05-29T19:59:41Z
55376,Peix cirurgià de barra blanca,ca,"","",,Catalan,José Pedro De Campos Fogaça,2023-05-29T20:00:29Z
123269,Peix cirurgià blau clar,ca,"","",,Catalan,José Pedro De Campos Fogaça,2023-05-29T20:01:37Z
135283,Peix Cirurgià Pallasso,ca,"","",,Catalan,José Pedro De Campos Fogaça,2023-05-29T20:02:22Z
187000,Peix cirurgià cara estelada,ca,"","",,Catalan,José Pedro De Campos Fogaça,2023-05-29T20:03:27Z
132409,Peix cirurgià blau ratllat,ca,"","",,Catalan,José Pedro De Campos Fogaça,2023-05-29T20:05:05Z
187001,Peix cirurgià d'espina daurada,ca,"","",,Catalan,José Pedro De Campos Fogaça,2023-05-29T20:06:22Z
121193,Peix cirurgià de galta blanca,ca,"","",,Catalan,José Pedro De Campos Fogaça,2023-05-29T20:07:51Z
121194,Peix cirurgià fosc,ca,"","",,Catalan,José Pedro De Campos Fogaça,2023-05-29T20:09:07Z
132410,Peix cirurgià cua porpra,ca,"","",,Catalan,José Pedro De Campos Fogaça,2023-05-29T20:10:17Z
187002,Peix cirurgià rascat,ca,"","",,Catalan,José Pedro De Campos Fogaça,2023-05-29T20:11:49Z
1315890,Peix cirurgià de Micronèsia,ca,"","",,Catalan,José Pedro De Campos Fogaça,2023-05-29T20:12:57Z
187003,Peix cirurgià príncep,ca,"","",,Catalan,José Pedro De Campos Fogaça,2023-05-29T20:15:06Z
121704,Peix cirurgià de taca taronja,ca,"","",,Catalan,José Pedro De Campos Fogaça,2023-05-29T20:15:50Z
187004,Peix cirurgià zebra,ca,"","",,Catalan,José Pedro De Campos Fogaça,2023-05-29T20:16:27Z
153279,Peix cirurgià imitador del Pacífic,ca,"","",,Catalan,José Pedro De Campos Fogaça,2023-05-29T20:23:11Z
187005,Peix cirurgià de les Marqueses,ca,"","",,Catalan,José Pedro De Campos Fogaça,2023-05-29T20:24:44Z
187006,Peix cirurgià de Sohal,ca,"","",,Catalan,José Pedro De Campos Fogaça,2023-05-29T20:25:56Z
121705,Peix cirurgià indi,ca,"","",,Catalan,José Pedro De Campos Fogaça,2023-05-29T20:27:04Z
122689,Peix cirurgià de Thompson,ca,"","",,Catalan,José Pedro De Campos Fogaça,2023-05-29T20:27:42Z
871060,Peix cirurgià del golf,ca,"","",,Catalan,José Pedro De Campos Fogaça,2023-05-29T20:28:11Z
59931,Peix cirurgià convicto,ca,"","",,Catalan,José Pedro De Campos Fogaça,2023-05-29T20:29:37Z
187007,Peix cirurgià imitador indi,ca,"","",,Catalan,José Pedro De Campos Fogaça,2023-05-29T20:31:42Z
132366,Peix cirurgià d'aleta groga,ca,"","",,Catalan,José Pedro De Campos Fogaça,2023-05-29T20:33:09Z
187279,Peix cirurgià de dues taques,ca,"","",,Catalan,José Pedro De Campos Fogaça,2023-05-29T20:34:44Z
187280,Peix cirurgià princesa,ca,"","",,Catalan,José Pedro De Campos Fogaça,2023-05-29T20:35:47Z
187281,Peix cirurgià de Tuamotu,ca,"","",,Catalan,José Pedro De Campos Fogaça,2023-05-29T20:36:53Z
122516,Peix cirurgià hawaià,ca,"","",,Catalan,José Pedro De Campos Fogaça,2023-05-29T20:37:38Z
123528,Peix cirurgià insular,ca,"","",,Catalan,José Pedro De Campos Fogaça,2023-05-29T20:38:50Z
180389,Peix cirurgià marró,ca,"","",,Catalan,José Pedro De Campos Fogaça,2023-05-29T20:39:27Z
47617,Peix cirurgià ull daurat,ca,"","",,Catalan,José Pedro De Campos Fogaça,2023-05-29T20:40:20Z
187282,Peix cirurgià de Tomini,ca,"","",,Catalan,José Pedro De Campos Fogaça,2023-05-29T20:40:47Z
187283,Peix cirurgià de atol,ca,"","",,Catalan,José Pedro De Campos Fogaça,2023-05-29T20:42:07Z
130879,Peix cirurgià blau reial,ca,"","",,Catalan,José Pedro De Campos Fogaça,2023-05-29T20:43:10Z
188104,Peix cirurgià de Biafra,ca,"","",,Catalan,José Pedro De Campos Fogaça,2023-05-29T20:44:30Z
188105,Peix cirurgià de cua daurada,ca,"","",,Catalan,José Pedro De Campos Fogaça,2023-05-29T20:45:41Z
56772,Peix cirurgià de les Galápagos,ca,"","",,Catalan,José Pedro De Campos Fogaça,2023-05-29T20:47:12Z
188106,Peix cirurgià serra,ca,"","",,Catalan,José Pedro De Campos Fogaça,2023-05-29T20:48:11Z
188107,Peix cirurgià australià,ca,"","",,Catalan,José Pedro De Campos Fogaça,2023-05-29T20:48:56Z
188108,Peix cirurgià asiàtic,ca,"","",,Catalan,José Pedro De Campos Fogaça,2023-05-29T20:49:35Z
180388,Peix cirurgià vela indi,ca,"","",,Catalan,José Pedro De Campos Fogaça,2023-05-29T20:50:50Z
424818,Peix cirurgià vela del Pacífic,ca,"","",,Catalan,José Pedro De Campos Fogaça,2023-05-29T20:51:31Z
52459,Peix cirurgià groc,ca,"","",,Catalan,José Pedro De Campos Fogaça,2023-05-29T20:52:02Z
188622,Peix cirurgià estrellat,ca,"","",,Catalan,José Pedro De Campos Fogaça,2023-05-29T20:52:37Z
188623,Peix cirurgià de nas llarg,ca,"","",,Catalan,José Pedro De Campos Fogaça,2023-05-29T20:53:18Z
49641,Peix cirurgià coral·lí,ca,"","",,Catalan,José Pedro De Campos Fogaça,2023-05-29T20:55:26Z
52458,Peix cirurgià blau del Mar Roja,ca,"","",,Catalan,José Pedro De Campos Fogaça,2023-05-29T20:57:39Z
121658,Peix unicorn d´espines blaves,ca,"","",,Catalan,José Pedro De Campos Fogaça,2023-05-29T21:00:35Z
132407,Peix unicorn marge blanc,ca,"","",,Catalan,José Pedro De Campos Fogaça,2023-05-29T21:01:40Z
153281,Peix unicorn geperut,ca,"","",,Catalan,José Pedro De Campos Fogaça,2023-05-29T21:02:54Z
83879,Peix unicorn blau,ca,"","",,Catalan,José Pedro De Campos Fogaça,2023-05-29T21:03:34Z
187727,Peix unicorn plata,ca,"","",,Catalan,José Pedro De Campos Fogaça,2023-05-29T21:04:24Z
187728,Peix unicorn gris,ca,"","",,Catalan,José Pedro De Campos Fogaça,2023-05-29T21:05:09Z
52452,Peix unicorn d'espina taronja indi,ca,"","",,Catalan,José Pedro De Campos Fogaça,2023-05-29T21:06:08Z
187729,Peix unicorn cara de cavall,ca,"","",,Catalan,José Pedro De Campos Fogaça,2023-05-29T21:07:38Z
121458,Peix unicorn de panxa groga,ca,"","",,Catalan,José Pedro De Campos Fogaça,2023-05-29T21:08:47Z
52451,Peix unicorn d'espina taronja del Pacífic,ca,"","",,Catalan,José Pedro De Campos Fogaça,2023-05-29T21:09:18Z
187730,Peix unicorn de Lopez,ca,"","",,Catalan,José Pedro De Campos Fogaça,2023-05-29T21:09:59Z
187731,Peix unicorn del nord,ca,"","",,Catalan,José Pedro De Campos Fogaça,2023-05-29T21:10:47Z
187732,Peix unicorn de nas quadrat,ca,"","",,Catalan,José Pedro De Campos Fogaça,2023-05-29T21:11:56Z
187733,Peix unicorn follet,ca,"","",,Catalan,José Pedro De Campos Fogaça,2023-05-29T21:12:46Z
187734,Peix unicorn del sud,ca,"","",,Catalan,José Pedro De Campos Fogaça,2023-05-29T21:13:46Z
607811,Peix unicorn taiwanès,ca,"","",,Catalan,José Pedro De Campos Fogaça,2023-05-29T21:14:37Z
187735,Peix unicorn d'escull,ca,"","",,Catalan,José Pedro De Campos Fogaça,2023-05-29T21:15:46Z
187736,Peix unicorn de Valenciennes,ca,"","",,Catalan,José Pedro De Campos Fogaça,2023-05-29T21:16:45Z
187737,Peix unicorn del nas geperut,ca,"","",,Catalan,José Pedro De Campos Fogaça,2023-05-29T21:17:35Z
106624,Peix unicorn de Vlaming,ca,"","",,Catalan,José Pedro De Campos Fogaça,2023-05-29T21:18:06Z
47619,Peixos cirurgià i peixos unicorn,ca,"","",,Catalan,José Pedro De Campos Fogaça,2023-05-29T21:25:06Z
49944,Mojarras,ca,"","",,Catalan,José Pedro De Campos Fogaça,2023-05-29T21:28:08Z
120694,Cua triple de l'Atlàntic,ca,"","",,Catalan,José Pedro De Campos Fogaça,2023-05-29T21:33:35Z
1316676,Cua triple del Pacífic,ca,"","",,Catalan,José Pedro De Campos Fogaça,2023-05-29T21:34:23Z
363391,púdol,ca,"","",,Catalan,Alba Rovira,2023-05-30T05:35:53Z
61532,Marieta de catorze punts,ca,"","",,Catalan,Alba Rovira,2023-05-30T05:38:19Z
448097,Belleraca pirinenca,ca,"","",,Catalan,Alba Rovira,2023-05-30T05:55:25Z
61454,segell de Salomó,ca,"","",,Catalan,Alba Rovira,2023-05-30T06:32:30Z
448130,Xuclamel alpí,ca,"","",,Catalan,Alba Rovira,2023-05-30T06:38:04Z
447833,Laserpici latifoli,ca,"","",,Catalan,Alba Rovira,2023-05-30T08:34:25Z
739801,Bàlec,ca,"","",,Catalan,Alba Rovira,2023-05-30T14:31:44Z
560629,Peix àvia brasiler,ca,"","",,Catalan,José Pedro De Campos Fogaça,2023-05-30T17:06:59Z
615099,Peix àvia cubà,ca,"","",,Catalan,José Pedro De Campos Fogaça,2023-05-30T17:08:56Z
147127,Peix àvia  fosc,ca,"","",,Catalan,José Pedro De Campos Fogaça,2023-05-30T17:09:49Z
179896,Peix àvia violeta,ca,"","",,Catalan,José Pedro De Campos Fogaça,2023-05-30T17:10:55Z
223924,Peix àvia cap rosat,ca,"","",,Catalan,José Pedro De Campos Fogaça,2023-05-30T17:12:36Z
1015335,Peix àvia ocel·lat,ca,"","",,Catalan,José Pedro De Campos Fogaça,2023-05-30T17:13:58Z
317194,Peix àvia ratllat,ca,"","",,Catalan,José Pedro De Campos Fogaça,2023-05-30T17:17:49Z
615100,Peix àvia solar,ca,"","",,Catalan,José Pedro De Campos Fogaça,2023-05-30T17:18:50Z
1314509,Peix àvia pàl·lid,ca,"","",,Catalan,José Pedro De Campos Fogaça,2023-05-30T17:20:04Z
1314030,Peix àvia d'esquena blava,ca,"","",,Catalan,José Pedro De Campos Fogaça,2023-05-30T17:21:54Z
615101,Peix àvia bicolor,ca,"","",,Catalan,José Pedro De Campos Fogaça,2023-05-30T17:22:35Z
1015337,Peix àvia de Levinson,ca,"","",,Catalan,José Pedro De Campos Fogaça,2023-05-30T17:23:24Z
615102,Peix àvia coral·lí,ca,"","",,Catalan,José Pedro De Campos Fogaça,2023-05-30T17:24:53Z
104733,Peix àvia de Robins,ca,"","",,Catalan,José Pedro De Campos Fogaça,2023-05-30T17:25:50Z
615103,Peix àvia rosat,ca,"","",,Catalan,José Pedro De Campos Fogaça,2023-05-30T17:27:04Z
1015338,Peix àvia maori,ca,"","",,Catalan,José Pedro De Campos Fogaça,2023-05-30T17:27:56Z
615104,Peix àvia de línia neó,ca,"","",,Catalan,José Pedro De Campos Fogaça,2023-05-30T17:29:56Z
85795,Peixos àvia,ca,"","",,Catalan,José Pedro De Campos Fogaça,2023-05-30T17:30:49Z
47318,Peixos papallona i peixos estàndard,ca,"","",,Catalan,José Pedro De Campos Fogaça,2023-05-30T17:37:48Z
93901,Peix papallona de Lord Howe,ca,"","",,Catalan,José Pedro De Campos Fogaça,2023-05-30T17:38:49Z
93902,Peix papallona insular,ca,"","",,Catalan,José Pedro De Campos Fogaça,2023-05-30T17:40:04Z
97139,Peix papallona panda,ca,"","",,Catalan,José Pedro De Campos Fogaça,2023-05-30T17:41:22Z
97140,Peix papallona groc,ca,"","",,Catalan,José Pedro De Campos Fogaça,2023-05-30T17:42:27Z
97141,Peix papallona escamoso,ca,"","",,Catalan,José Pedro De Campos Fogaça,2023-05-30T17:43:46Z
97142,Peix papallona australià,ca,"","",,Catalan,José Pedro De Campos Fogaça,2023-05-30T17:44:38Z
97143,Peix papallona daurat,ca,"","",,Catalan,José Pedro De Campos Fogaça,2023-05-30T17:45:24Z
52457,Peix papallona filamentós,ca,"","",,Catalan,José Pedro De Campos Fogaça,2023-05-30T17:46:24Z
97144,Peix papallona oriental,ca,"","",,Catalan,José Pedro De Campos Fogaça,2023-05-30T17:47:51Z
97145,Peix papallona de cua negra,ca,"","",,Catalan,José Pedro De Campos Fogaça,2023-05-30T17:48:53Z
97146,Peix papallona triangular del Pacífic,ca,"","",,Catalan,José Pedro De Campos Fogaça,2023-05-30T17:49:56Z
97147,Peix papallona eclipsi,ca,"","",,Catalan,José Pedro De Campos Fogaça,2023-05-30T17:50:42Z
97148,Peix papallona de Blackburn,ca,"","",,Catalan,José Pedro De Campos Fogaça,2023-05-30T17:51:48Z
97149,Peix papallona d'aigües profundes,ca,"","",,Catalan,José Pedro De Campos Fogaça,2023-05-30T17:53:08Z
52956,Peix papallona de quatre ulls,ca,"","",,Catalan,José Pedro De Campos Fogaça,2023-05-30T17:54:07Z
97150,Peix papallona cítric,ca,"","",,Catalan,José Pedro De Campos Fogaça,2023-05-30T17:55:00Z
97151,Peix papallona de Sri Lanka,ca,"","",,Catalan,José Pedro De Campos Fogaça,2023-05-30T17:55:52Z
97152,Peix papallona d'escala platejat,ca,"","",,Catalan,José Pedro De Campos Fogaça,2023-05-30T17:58:10Z
97153,Peix papallona de les Marqueses,ca,"","",,Catalan,José Pedro De Campos Fogaça,2023-05-30T17:59:09Z
97154,Peix papallona de cua groga,ca,"","",,Catalan,José Pedro De Campos Fogaça,2023-05-30T18:00:21Z
97155,Peix papallona d'Oman,ca,"","",,Catalan,José Pedro De Campos Fogaça,2023-05-30T18:01:37Z
97156,Peix papallona africà,ca,"","",,Catalan,José Pedro De Campos Fogaça,2023-05-30T18:02:25Z
97157,Peix papallona ensellat,ca,"","",,Catalan,José Pedro De Campos Fogaça,2023-05-30T18:03:11Z
97158,Peix papallona de nas de porc,ca,"","",,Catalan,José Pedro De Campos Fogaça,2023-05-30T18:04:03Z
97159,Peix papallona mapache del Mar Roja,ca,"","",,Catalan,José Pedro De Campos Fogaça,2023-05-30T18:05:13Z
97160,Peix papallona fosc,ca,"","",,Catalan,José Pedro De Campos Fogaça,2023-05-30T18:05:48Z
97161,Peix papallona rei,ca,"","",,Catalan,José Pedro De Campos Fogaça,2023-05-30T18:06:14Z
97162,Peix papallona de ratlles blaves,ca,"","",,Catalan,José Pedro De Campos Fogaça,2023-05-30T18:07:54Z
97163,Peix papallona persa,ca,"","",,Catalan,José Pedro De Campos Fogaça,2023-05-30T18:09:20Z
97164,Peix papallona de Sulawesi,ca,"","",,Catalan,José Pedro De Campos Fogaça,2023-05-30T18:10:04Z
54429,Riber espinós,ca,"","",,Catalan,Alba Rovira,2023-05-30T19:17:19Z
133005,Herba de Sant Cristòfol,ca,"","",,Catalan,Alba Rovira,2023-05-30T19:18:43Z
97165,Peix papallona tacat,ca,"","",,Catalan,José Pedro De Campos Fogaça,2023-05-30T21:00:07Z
59691,Peix papallona de Cap Verd,ca,"","",,Catalan,José Pedro De Campos Fogaça,2023-05-30T21:01:13Z
55534,Peix papallona ratllat del Pacífic,ca,"","",,Catalan,José Pedro De Campos Fogaça,2023-05-30T21:04:10Z
97166,Peix papallona agraciat,ca,"","",,Catalan,José Pedro De Campos Fogaça,2023-05-30T21:08:22Z
97167,Peix papallona sol,ca,"","",,Catalan,José Pedro De Campos Fogaça,2023-05-30T21:09:17Z
97168,Peix papallona monarca,ca,"","",,Catalan,José Pedro De Campos Fogaça,2023-05-30T21:10:08Z
97169,Peix papallona de Somàlia,ca,"","",,Catalan,José Pedro De Campos Fogaça,2023-05-30T21:10:57Z
97170,Peix papallona lluna,ca,"","",,Catalan,José Pedro De Campos Fogaça,2023-05-30T21:11:55Z
97171,Peix papallona rapa nui,ca,"","",,Catalan,José Pedro De Campos Fogaça,2023-05-30T21:12:48Z
47316,Peix papallona mapache del Pacífic,ca,"","",,Catalan,José Pedro De Campos Fogaça,2023-05-30T21:14:28Z
48743,Peix papallona ovalat,ca,"","",,Catalan,José Pedro De Campos Fogaça,2023-05-30T21:15:22Z
97172,Peix papallona de Madagascar,ca,"","",,Catalan,José Pedro De Campos Fogaça,2023-05-30T21:16:06Z
97173,Peix papallona de Natal,ca,"","",,Catalan,José Pedro De Campos Fogaça,2023-05-30T21:17:53Z
97173,Peix papallona de KwaZulu-Natal,ca,"","",,Catalan,José Pedro De Campos Fogaça,2023-05-30T21:18:14Z
97174,Peix papallona d'esquena negra,ca,"","",,Catalan,José Pedro De Campos Fogaça,2023-05-30T21:19:44Z
97175,Peix papallona àrab,ca,"","",,Catalan,José Pedro De Campos Fogaça,2023-05-30T21:20:33Z
97176,Peix papallona de atol,ca,"","",,Catalan,José Pedro De Campos Fogaça,2023-05-30T21:21:19Z
97177,Peix papallona cap blanc,ca,"","",,Catalan,José Pedro De Campos Fogaça,2023-05-30T21:22:00Z
97178,Peix papallona de línies negres,ca,"","",,Catalan,José Pedro De Campos Fogaça,2023-05-30T21:23:45Z
97179,Peix papallona llimona,ca,"","",,Catalan,José Pedro De Campos Fogaça,2023-05-30T21:25:04Z
97180,Peix papallona indi,ca,"","",,Catalan,José Pedro De Campos Fogaça,2023-05-30T21:26:51Z
97181,Peix papallona multi ratlles,ca,"","",,Catalan,José Pedro De Campos Fogaça,2023-05-30T21:28:23Z
97182,Peix papallona marró,ca,"","",,Catalan,José Pedro De Campos Fogaça,2023-05-30T21:29:08Z
97183,Peix papallona japonès,ca,"","",,Catalan,José Pedro De Campos Fogaça,2023-05-30T21:30:09Z
49273,Peix papallona nacrat,ca,"","",,Catalan,José Pedro De Campos Fogaça,2023-05-30T21:31:17Z
97184,Peix papallona ocel·lat,ca,"","",,Catalan,José Pedro De Campos Fogaça,2023-05-30T21:32:13Z
97185,Peix papallona abella,ca,"","",,Catalan,José Pedro De Campos Fogaça,2023-05-30T21:32:56Z
52454,Peix papallona pallasso,ca,"","",,Catalan,José Pedro De Campos Fogaça,2023-05-30T21:33:31Z
97186,Peix papallona trompetista,ca,"","",,Catalan,José Pedro De Campos Fogaça,2023-05-30T21:34:53Z
97187,Peix papallona reina,ca,"","",,Catalan,José Pedro De Campos Fogaça,2023-05-30T21:36:13Z
97188,Peix papallona de Palau,ca,"","",,Catalan,José Pedro De Campos Fogaça,2023-05-30T21:37:36Z
97189,Peix papallona ferradura,ca,"","",,Catalan,José Pedro De Campos Fogaça,2023-05-30T21:38:30Z
97190,Peix papallona plebeu,ca,"","",,Catalan,José Pedro De Campos Fogaça,2023-05-30T21:39:18Z
97191,Peix papallona de Micronèsia,ca,"","",,Catalan,José Pedro De Campos Fogaça,2023-05-30T21:41:24Z
97192,Peix papallona de quatre taques,ca,"","",,Catalan,José Pedro De Campos Fogaça,2023-05-30T21:42:26Z
97193,Peix papallona de Reffles,ca,"","",,Catalan,José Pedro De Campos Fogaça,2023-05-30T21:43:09Z
59688,Peix papallona de Barrera de Corall,ca,"","",,Catalan,José Pedro De Campos Fogaça,2023-05-30T21:43:56Z
97194,Peix papallona reticulat,ca,"","",,Catalan,José Pedro De Campos Fogaça,2023-05-30T21:44:44Z
97195,Peix papallona del golf,ca,"","",,Catalan,José Pedro De Campos Fogaça,2023-05-30T21:45:24Z
97196,Peix papallona de Santa Helena,ca,"","",,Catalan,José Pedro De Campos Fogaça,2023-05-30T21:46:41Z
63411,Peix papallona d'escull,ca,"","",,Catalan,José Pedro De Campos Fogaça,2023-05-30T21:47:20Z
97197,Peix papallona esquena daurada,ca,"","",,Catalan,José Pedro De Campos Fogaça,2023-05-30T21:49:02Z
97198,Peix papallona coure,ca,"","",,Catalan,José Pedro De Campos Fogaça,2023-05-30T21:51:22Z
97199,Peix papallona emmascarat,ca,"","",,Catalan,José Pedro De Campos Fogaça,2023-05-30T21:52:13Z
97200,Peix papallona bicolor,ca,"","",,Catalan,José Pedro De Campos Fogaça,2023-05-30T21:53:16Z
97201,Peix papallona de gran punt,ca,"","",,Catalan,José Pedro De Campos Fogaça,2023-05-30T21:54:57Z
97202,Peix papallona ratllat de l'Atlàntic,ca,"","",,Catalan,José Pedro De Campos Fogaça,2023-05-30T21:57:03Z
97203,Peix papallona hawaià,ca,"","",,Catalan,José Pedro De Campos Fogaça,2023-05-30T21:58:20Z
97204,Peix papallona triangular indi,ca,"","",,Catalan,José Pedro De Campos Fogaça,2023-05-30T21:59:43Z
97205,Peix papallona tahitià,ca,"","",,Catalan,José Pedro De Campos Fogaça,2023-05-30T22:01:02Z
97206,Peix papallona elegant,ca,"","",,Catalan,José Pedro De Campos Fogaça,2023-05-30T22:01:48Z
97207,Peix papallona coral·lí,ca,"","",,Catalan,José Pedro De Campos Fogaça,2023-05-30T22:02:51Z
48744,Peix papallona meló,ca,"","",,Catalan,José Pedro De Campos Fogaça,2023-05-30T22:03:32Z
97208,Peix papallona polinesi,ca,"","",,Catalan,José Pedro De Campos Fogaça,2023-05-30T22:05:08Z
97209,Peix papallona llàgrima,ca,"","",,Catalan,José Pedro De Campos Fogaça,2023-05-30T22:06:47Z
48747,Peix papallona comú,ca,"","",,Catalan,José Pedro De Campos Fogaça,2023-05-30T22:07:22Z
97210,Peix papallona de Hong Kong,ca,"","",,Catalan,José Pedro De Campos Fogaça,2023-05-30T22:08:12Z
97211,Peix papallona vibrant,ca,"","",,Catalan,José Pedro De Campos Fogaça,2023-05-30T22:10:36Z
97212,Peix papallona de cua taronja,ca,"","",,Catalan,José Pedro De Campos Fogaça,2023-05-30T22:11:31Z
97213,Peix papallona de Zanzíbar,ca,"","",,Catalan,José Pedro De Campos Fogaça,2023-05-30T22:12:43Z
97338,Peix papallona marginat,ca,"","",,Catalan,José Pedro De Campos Fogaça,2023-05-30T22:16:43Z
97339,Peix papallona de Müller,ca,"","",,Catalan,José Pedro De Campos Fogaça,2023-05-30T22:17:21Z
97340,Peix papallona morrut,ca,"","",,Catalan,José Pedro De Campos Fogaça,2023-05-30T22:17:50Z
97341,Talma occidental,ca,"","",,Catalan,José Pedro De Campos Fogaça,2023-05-30T22:19:00Z
97342,Talma oriental,ca,"","",,Catalan,José Pedro De Campos Fogaça,2023-05-30T22:19:52Z
98390,Peix papallona vela,ca,"","",,Catalan,José Pedro De Campos Fogaça,2023-05-30T22:21:00Z
1444183,Peix papallona de cua anellada,ca,"","",,Catalan,José Pedro De Campos Fogaça,2023-05-30T22:21:44Z
98391,Peix papallona de Queensland,ca,"","",,Catalan,José Pedro De Campos Fogaça,2023-05-30T22:23:00Z
98392,Peix papallona de ull fals,ca,"","",,Catalan,José Pedro De Campos Fogaça,2023-05-30T22:23:52Z
100990,Peix papallona nas d'agulla del Pacífic,ca,"","",,Catalan,José Pedro De Campos Fogaça,2023-05-30T22:26:33Z
100991,Peix papallona nas d'agulla indi,ca,"","",,Catalan,José Pedro De Campos Fogaça,2023-05-30T22:27:03Z
537735,Peix papallona nas d'agulla de Cenderawasih,ca,"","",,Catalan,José Pedro De Campos Fogaça,2023-05-30T22:28:18Z
102617,Peix papallona espinós,ca,"","",,Catalan,José Pedro De Campos Fogaça,2023-05-30T22:29:55Z
102618,Peix papallona piràmide groc,ca,"","",,Catalan,José Pedro De Campos Fogaça,2023-05-30T22:30:41Z
102619,Peix papallona de Thompson,ca,"","",,Catalan,José Pedro De Campos Fogaça,2023-05-30T22:31:35Z
102620,Peix papallona piràmide negre,ca,"","",,Catalan,José Pedro De Campos Fogaça,2023-05-30T22:32:19Z
88840,Peixos estàndard,ca,"","",,Catalan,José Pedro De Campos Fogaça,2023-05-30T22:33:26Z
102631,Peix estàndard acuminat,ca,"","",,Catalan,José Pedro De Campos Fogaça,2023-05-30T22:34:33Z
102632,Peix estàndard del Pacífic,ca,"","",,Catalan,José Pedro De Campos Fogaça,2023-05-30T22:35:15Z
102633,Fals zancle,ca,"","",,Catalan,José Pedro De Campos Fogaça,2023-05-30T22:36:17Z
83290,Zancle Morisc,ca,"","",,Catalan,José Pedro De Campos Fogaça,2023-05-30T22:37:54Z
102634,Peix estàndard del Mar Roja,ca,"","",,Catalan,José Pedro De Campos Fogaça,2023-05-30T22:40:18Z
102635,Peix estàndard d'escull,ca,"","",,Catalan,José Pedro De Campos Fogaça,2023-05-30T22:41:20Z
102636,Peix estàndard indi,ca,"","",,Catalan,José Pedro De Campos Fogaça,2023-05-30T22:41:55Z
102637,Peix estàndard singular,ca,"","",,Catalan,José Pedro De Campos Fogaça,2023-05-30T22:42:40Z
102638,Peix estàndard banya,ca,"","",,Catalan,José Pedro De Campos Fogaça,2023-05-30T22:43:35Z
85124,Peix papallona mexicà,ca,"","",,Catalan,José Pedro De Campos Fogaça,2023-05-30T22:46:07Z
108423,Peix papallona reial,ca,"","",,Catalan,José Pedro De Campos Fogaça,2023-05-30T22:47:00Z
110594,Peix papallona de les Antilles,ca,"","",,Catalan,José Pedro De Campos Fogaça,2023-05-30T22:48:04Z
110595,Peix papallona crioll,ca,"","",,Catalan,José Pedro De Campos Fogaça,2023-05-30T22:49:03Z
506192,Peix papallona de Basabe,ca,"","",,Catalan,José Pedro De Campos Fogaça,2023-05-30T22:50:06Z
110596,Peix papallona brasiler,ca,"","",,Catalan,José Pedro De Campos Fogaça,2023-05-30T22:50:56Z
110597,Peix papallona de nas afilat del sud,ca,"","",,Catalan,José Pedro De Campos Fogaça,2023-05-30T22:52:32Z
110598,Peix papallona de sella blanca,ca,"","",,Catalan,José Pedro De Campos Fogaça,2023-05-30T22:54:10Z
110599,Peix papallona de nas afilat del nord,ca,"","",,Catalan,José Pedro De Campos Fogaça,2023-05-30T22:55:17Z
1015224,Peix papallona de les Carolines,ca,"","",,Catalan,José Pedro De Campos Fogaça,2023-05-30T22:57:38Z
110600,Peix papallona de Gueze,ca,"","",,Catalan,José Pedro De Campos Fogaça,2023-05-30T22:58:15Z
110601,Peix papallona de les Guyanes,ca,"","",,Catalan,José Pedro De Campos Fogaça,2023-05-30T22:59:27Z
110602,Peix papallona d'escull profund,ca,"","",,Catalan,José Pedro De Campos Fogaça,2023-05-30T23:00:42Z
59690,Peix papallona de Macaronèsia,ca,"","",,Catalan,José Pedro De Campos Fogaça,2023-05-30T23:03:02Z
110603,Peix papallona de Sant Pau,ca,"","",,Catalan,José Pedro De Campos Fogaça,2023-05-30T23:04:10Z
111839,Peix papallona austral,ca,"","",,Catalan,José Pedro De Campos Fogaça,2023-05-30T23:07:00Z
59689,Peix papallona de ratlles marrons,ca,"","",,Catalan,José Pedro De Campos Fogaça,2023-05-30T23:07:43Z
1313682,Peix papallona de Haraguchi,ca,"","",,Catalan,José Pedro De Campos Fogaça,2023-05-30T23:08:10Z
111840,Peix papallona ratllat del Mar Roja,ca,"","",,Catalan,José Pedro De Campos Fogaça,2023-05-30T23:09:15Z
111841,Peix papallona nipònic,ca,"","",,Catalan,José Pedro De Campos Fogaça,2023-05-30T23:10:34Z
786171,Peix papallona filipí,ca,"","",,Catalan,José Pedro De Campos Fogaça,2023-05-30T23:12:15Z
1359854,Peix papallona de taca mitja lluna,ca,"","",,Catalan,José Pedro De Campos Fogaça,2023-05-30T23:13:22Z
1359855,Peix papallona de Uejo,ca,"","",,Catalan,José Pedro De Campos Fogaça,2023-05-30T23:14:15Z
83291,Zancles morisc,ca,"","",,Catalan,José Pedro De Campos Fogaça,2023-05-30T23:20:33Z
85904,Peixos diamant,ca,"","",,Catalan,José Pedro De Campos Fogaça,2023-05-30T23:22:19Z
51323,Peix diamant platejat,ca,"","",,Catalan,José Pedro De Campos Fogaça,2023-05-30T23:23:45Z
127531,Peix diamant del Mar Roja,ca,"","",,Catalan,José Pedro De Campos Fogaça,2023-05-30T23:24:45Z
617430,Peix diamant d'aleta groga,ca,"","",,Catalan,José Pedro De Campos Fogaça,2023-05-30T23:26:37Z
617431,Peix diamant de l'Atlàntic,ca,"","",,Catalan,José Pedro De Campos Fogaça,2023-05-30T23:27:22Z
512846,Peix diamant australià,ca,"","",,Catalan,José Pedro De Campos Fogaça,2023-05-30T23:29:36Z
516698,Peix diamant de Woodward,ca,"","",,Catalan,José Pedro De Campos Fogaça,2023-05-30T23:30:05Z
86057,Peixos argus,ca,"","",,Catalan,José Pedro De Campos Fogaça,2023-05-30T23:32:02Z
112173,Peix argus comú,ca,"","",,Catalan,José Pedro De Campos Fogaça,2023-05-30T23:32:33Z
620276,Peix argus tigre,ca,"","",,Catalan,José Pedro De Campos Fogaça,2023-05-30T23:33:02Z
368356,Peix argus platejat,ca,"","",,Catalan,José Pedro De Campos Fogaça,2023-05-30T23:34:49Z
1315450,Anfós del Congo,ca,"","",,Catalan,José Pedro De Campos Fogaça,2023-05-30T23:37:56Z
347572,Anfós de cova,ca,"","",,Catalan,José Pedro De Campos Fogaça,2023-05-30T23:39:06Z
85652,Cal·làntids,ca,"","",,Catalan,José Pedro De Campos Fogaça,2023-05-30T23:41:28Z
451274,Cal·làntid rosat,ca,"","",,Catalan,José Pedro De Campos Fogaça,2023-05-30T23:42:29Z
486938,Cal·làntid de Nova Zelanda,ca,"","",,Catalan,José Pedro De Campos Fogaça,2023-05-30T23:43:21Z
609557,Cal·làntid groc,ca,"","",,Catalan,José Pedro De Campos Fogaça,2023-05-30T23:44:03Z
609558,Cal·làntid de l'Atlàntic,ca,"","",,Catalan,José Pedro De Campos Fogaça,2023-05-30T23:45:31Z
609559,Cal·làntid de Nazca,ca,"","",,Catalan,José Pedro De Campos Fogaça,2023-05-30T23:46:39Z
609560,Cal·làntid lavanda,ca,"","",,Catalan,José Pedro De Campos Fogaça,2023-05-30T23:47:29Z
120692,Cal·làntid del Mediterrani,ca,"","",,Catalan,José Pedro De Campos Fogaça,2023-05-30T23:48:52Z
609562,Cal·làntid nan de cua filamentosa,ca,"","",,Catalan,José Pedro De Campos Fogaça,2023-05-30T23:51:04Z
1313199,Cal·làntid nan del Myanmar,ca,"","",,Catalan,José Pedro De Campos Fogaça,2023-05-30T23:53:07Z
609563,Cal·làntid nan prisma,ca,"","",,Catalan,José Pedro De Campos Fogaça,2023-05-30T23:53:50Z
609564,Cal·làntid nan de Crosnier,ca,"","",,Catalan,José Pedro De Campos Fogaça,2023-05-30T23:54:33Z
609565,Cal·làntid nan lanceolat,ca,"","",,Catalan,José Pedro De Campos Fogaça,2023-05-30T23:55:22Z
609566,Cal·làntid nan fada,ca,"","",,Catalan,José Pedro De Campos Fogaça,2023-05-30T23:56:22Z
609567,Cal·làntid nan d'ulls de vidre,ca,"","",,Catalan,José Pedro De Campos Fogaça,2023-05-30T23:57:29Z
1235782,Cal·làntid nan reial,ca,"","",,Catalan,José Pedro De Campos Fogaça,2023-05-30T23:58:32Z
609568,Cal·làntid nan indonesi,ca,"","",,Catalan,José Pedro De Campos Fogaça,2023-05-30T23:59:37Z
609569,Cal·làntid nan de Suruga,ca,"","",,Catalan,José Pedro De Campos Fogaça,2023-05-31T00:00:05Z
1235781,Cal·làntid nan bicolor,ca,"","",,Catalan,José Pedro De Campos Fogaça,2023-05-31T00:00:40Z
207712,carraspic espatulat,ca,"","",,Catalan,Salvador Prat Oller,2023-05-31T09:37:17Z
72190,carraspic,ca,"","",,Catalan,Salvador Prat Oller,2023-05-31T09:52:18Z
344679,carraspic saxàtil,ca,"","",,Catalan,Salvador Prat Oller,2023-05-31T10:45:11Z
84096,Gitanos,ca,"","",,Catalan,José Pedro De Campos Fogaça,2023-06-01T00:07:19Z
84095,Gitano platejat,ca,"","",,Catalan,José Pedro De Campos Fogaça,2023-06-01T00:09:05Z
123229,Gitano de taques blanques,ca,"","",,Catalan,José Pedro De Campos Fogaça,2023-06-01T00:10:03Z
180397,Gitano groc,ca,"","",,Catalan,José Pedro De Campos Fogaça,2023-06-01T00:11:07Z
180396,Gitano comú,ca,"","",,Catalan,José Pedro De Campos Fogaça,2023-06-01T00:11:37Z
132412,Gitano fosc,ca,"","",,Catalan,José Pedro De Campos Fogaça,2023-06-01T00:12:23Z
180402,Gitano taca daurada,ca,"","",,Catalan,José Pedro De Campos Fogaça,2023-06-01T00:13:06Z
620791,Gitano de les Maldives,ca,"","",,Catalan,José Pedro De Campos Fogaça,2023-06-01T00:14:27Z
123228,Gitano de Java,ca,"","",,Catalan,José Pedro De Campos Fogaça,2023-06-01T00:15:53Z
620792,Gitano verdós,ca,"","",,Catalan,José Pedro De Campos Fogaça,2023-06-01T00:17:16Z
1315541,Gitano de Zanzíbar,ca,"","",,Catalan,José Pedro De Campos Fogaça,2023-06-01T00:18:14Z
123227,Gitano ratllat,ca,"","",,Catalan,José Pedro De Campos Fogaça,2023-06-01T00:19:53Z
120634,Gitano críptic,ca,"","",,Catalan,José Pedro De Campos Fogaça,2023-06-01T00:21:41Z
112567,Gitano reial,ca,"","",,Catalan,José Pedro De Campos Fogaça,2023-06-01T00:22:06Z
1315891,Gitano perla,ca,"","",,Catalan,José Pedro De Campos Fogaça,2023-06-01T00:22:49Z
620793,Gitano negre,ca,"","",,Catalan,José Pedro De Campos Fogaça,2023-06-01T00:23:28Z
180401,Gitano cítric,ca,"","",,Catalan,José Pedro De Campos Fogaça,2023-06-01T00:24:24Z
135218,Gitano coral·lí,ca,"","",,Catalan,José Pedro De Campos Fogaça,2023-06-01T00:25:39Z
424291,Gitano pebret,ca,"","",,Catalan,José Pedro De Campos Fogaça,2023-06-01T00:28:26Z
180399,Gitano puntejat,ca,"","",,Catalan,José Pedro De Campos Fogaça,2023-06-01T00:29:40Z
620794,Gitano de Randall,ca,"","",,Catalan,José Pedro De Campos Fogaça,2023-06-01T00:30:05Z
112568,Gitano del Mar Roja,ca,"","",,Catalan,José Pedro De Campos Fogaça,2023-06-01T00:31:09Z
132413,Gitano de manglar,ca,"","",,Catalan,José Pedro De Campos Fogaça,2023-06-01T00:31:56Z
180400,Gitano estrellat,ca,"","",,Catalan,José Pedro De Campos Fogaça,2023-06-01T00:32:58Z
1315892,Gitano del Bismarck,ca,"","",,Catalan,José Pedro De Campos Fogaça,2023-06-01T00:34:27Z
471653,Gitano de taques blaves,ca,"","",,Catalan,José Pedro De Campos Fogaça,2023-06-01T00:35:23Z
524130,Gitano esvelt,ca,"","",,Catalan,José Pedro De Campos Fogaça,2023-06-01T00:37:07Z
318322,Gitano taca negra,ca,"","",,Catalan,José Pedro De Campos Fogaça,2023-06-01T00:38:17Z
180398,Gitano bicolor,ca,"","",,Catalan,José Pedro De Campos Fogaça,2023-06-01T00:38:57Z
188399,Gitano de Bangladesh,ca,"","",,Catalan,José Pedro De Campos Fogaça,2023-06-01T00:40:29Z
180395,Gitano d'esquena groga,ca,"","",,Catalan,José Pedro De Campos Fogaça,2023-06-01T00:41:21Z
318323,Gitano cara de guineu,ca,"","",,Catalan,José Pedro De Campos Fogaça,2023-06-01T00:42:42Z
620795,Gitano de Woodland,ca,"","",,Catalan,José Pedro De Campos Fogaça,2023-06-01T00:43:39Z
321999,Sillaguè tacat,ca,"","",,Catalan,José Pedro De Campos Fogaça,2023-06-01T00:46:57Z
620797,Sillaguè de Bleeker,ca,"","",,Catalan,José Pedro De Campos Fogaça,2023-06-01T00:48:00Z
620799,Sillaguè escamoso,ca,"","",,Catalan,José Pedro De Campos Fogaça,2023-06-01T00:49:08Z
1316650,Sillaguè aleta de fuet,ca,"","",,Catalan,José Pedro De Campos Fogaça,2023-06-01T00:51:07Z
366274,Sillaguè oriental,ca,"","",,Catalan,José Pedro De Campos Fogaça,2023-06-01T00:51:45Z
353513,Sillaguè australià,ca,"","",,Catalan,José Pedro De Campos Fogaça,2023-06-01T00:52:36Z
620801,Sillaguè àrab,ca,"","",,Catalan,José Pedro De Campos Fogaça,2023-06-01T00:53:16Z
112574,Sillaguè del Pacífic,ca,"","",,Catalan,José Pedro De Campos Fogaça,2023-06-01T00:53:59Z
494422,Sillaguè gris,ca,"","",,Catalan,José Pedro De Campos Fogaça,2023-06-01T00:54:36Z
620802,Sillaguè esvelt,ca,"","",,Catalan,José Pedro De Campos Fogaça,2023-06-01T00:55:42Z
530851,Sillaguè de sorra,ca,"","",,Catalan,José Pedro De Campos Fogaça,2023-06-01T00:56:41Z
620803,Sillaguè mandarí,ca,"","",,Catalan,José Pedro De Campos Fogaça,2023-06-01T00:57:29Z
520512,Sillaguè d'esquena bronzejada,ca,"","",,Catalan,José Pedro De Campos Fogaça,2023-06-01T00:58:35Z
620804,Sillaguè d'Oman,ca,"","",,Catalan,José Pedro De Campos Fogaça,2023-06-01T00:59:40Z
353508,Sillaguè de nas d'ànec,ca,"","",,Catalan,José Pedro De Campos Fogaça,2023-06-01T01:00:44Z
353505,Sillaguè de Queensland,ca,"","",,Catalan,José Pedro De Campos Fogaça,2023-06-01T01:01:34Z
112575,Sillaguè indi,ca,"","",,Catalan,José Pedro De Campos Fogaça,2023-06-01T01:02:08Z
530853,Sillaguè de McKay,ca,"","",,Catalan,José Pedro De Campos Fogaça,2023-06-01T01:02:44Z
1315287,Sillaguè blanc,ca,"","",,Catalan,José Pedro De Campos Fogaça,2023-06-01T01:04:26Z
112576,Sillaguè temperat,ca,"","",,Catalan,José Pedro De Campos Fogaça,2023-06-01T01:05:08Z
368150,Sillaguè de l'Indopacífic,ca,"","",,Catalan,José Pedro De Campos Fogaça,2023-06-01T01:06:14Z
520510,Sillaguè trompetista,ca,"","",,Catalan,José Pedro De Campos Fogaça,2023-06-01T01:08:13Z
1316100,Sillaguè groguenc,ca,"","",,Catalan,José Pedro De Campos Fogaça,2023-06-01T14:52:45Z
620805,Sillaguè xinès,ca,"","",,Catalan,José Pedro De Campos Fogaça,2023-06-01T14:53:51Z
620806,Sillaguè d'ulls petits,ca,"","",,Catalan,José Pedro De Campos Fogaça,2023-06-01T14:54:33Z
620807,Sillaguè de Nova Guinea,ca,"","",,Catalan,José Pedro De Campos Fogaça,2023-06-01T14:55:57Z
1313374,Sillaguè costaner,ca,"","",,Catalan,José Pedro De Campos Fogaça,2023-06-01T14:57:02Z
1314441,Sillaguè de Panhwar,ca,"","",,Catalan,José Pedro De Campos Fogaça,2023-06-01T14:58:07Z
1439673,Sillaguè nacrat,ca,"","",,Catalan,José Pedro De Campos Fogaça,2023-06-01T14:59:32Z
620808,Sillaguè grunyit,ca,"","",,Catalan,José Pedro De Campos Fogaça,2023-06-01T15:00:43Z
530854,Sillaguè robust,ca,"","",,Catalan,José Pedro De Campos Fogaça,2023-06-01T15:01:27Z
530855,Sillaguè d'aleta groga,ca,"","",,Catalan,José Pedro De Campos Fogaça,2023-06-01T15:02:24Z
1314487,Sillaguè de Shao,ca,"","",,Catalan,José Pedro De Campos Fogaça,2023-06-01T15:02:59Z
368151,Sillaguè d'escull,ca,"","",,Catalan,José Pedro De Campos Fogaça,2023-06-01T15:03:58Z
620809,Sillaguè d'estuari,ca,"","",,Catalan,José Pedro De Campos Fogaça,2023-06-01T15:04:59Z
620810,Sillaguè soringa,ca,"","",,Catalan,José Pedro De Campos Fogaça,2023-06-01T15:05:35Z
620811,Sillaguè del Suez,ca,"","",,Catalan,José Pedro De Campos Fogaça,2023-06-01T15:06:38Z
620812,Sillaguè de Vincent,ca,"","",,Catalan,José Pedro De Campos Fogaça,2023-06-01T15:07:15Z
530856,Sillaguè tropical,ca,"","",,Catalan,José Pedro De Campos Fogaça,2023-06-01T15:08:09Z
86068,Sillaguès,ca,"","",,Catalan,José Pedro De Campos Fogaça,2023-06-01T15:10:16Z
51095,Peixos coral·lí i nemiptères,ca,"","",,Catalan,José Pedro De Campos Fogaça,2023-06-01T15:14:12Z
1314110,Nemiptères insular,ca,"","",,Catalan,José Pedro De Campos Fogaça,2023-06-01T15:16:56Z
530458,Nemiptères llavi groc,ca,"","",,Catalan,José Pedro De Campos Fogaça,2023-06-01T15:17:58Z
618177,Nemiptères de les Ryūkyū,ca,"","",,Catalan,José Pedro De Campos Fogaça,2023-06-01T15:19:41Z
530459,Nemiptères balinès,ca,"","",,Catalan,José Pedro De Campos Fogaça,2023-06-01T15:21:06Z
530460,Nemiptères nan,ca,"","",,Catalan,José Pedro De Campos Fogaça,2023-06-01T15:21:37Z
530461,Nemiptères de ventre groc,ca,"","",,Catalan,José Pedro De Campos Fogaça,2023-06-01T15:23:01Z
1439720,Nemiptères de badia,ca,"","",,Catalan,José Pedro De Campos Fogaça,2023-06-01T15:25:09Z
618178,Nemiptères rosat,ca,"","",,Catalan,José Pedro De Campos Fogaça,2023-06-01T15:25:52Z
530462,Nemiptères de les Cèlebes,ca,"","",,Catalan,José Pedro De Campos Fogaça,2023-06-01T15:26:53Z
1167347,Nemiptères vermell pàl·lid,ca,"","",,Catalan,José Pedro De Campos Fogaça,2023-06-01T15:27:53Z
1314821,Nemiptères de Saya de Malha,ca,"","",,Catalan,José Pedro De Campos Fogaça,2023-06-01T15:28:58Z
201337,Nemiptères vermell comú,ca,"","",,Catalan,José Pedro De Campos Fogaça,2023-06-01T15:29:50Z
618179,Nemiptères vermell d'Indonèsia,ca,"","",,Catalan,José Pedro De Campos Fogaça,2023-06-01T15:30:43Z
369135,Nemiptères ornamentat,ca,"","",,Catalan,José Pedro De Campos Fogaça,2023-06-01T15:31:27Z
530463,Nemiptères de línies daurades,ca,"","",,Catalan,José Pedro De Campos Fogaça,2023-06-01T15:32:29Z
618180,Nemiptères japonès,ca,"","",,Catalan,José Pedro De Campos Fogaça,2023-06-01T15:33:08Z
530464,Nemiptères vermell del Pacífic,ca,"","",,Catalan,José Pedro De Campos Fogaça,2023-06-01T15:34:20Z
618181,Nemiptères del golf,ca,"","",,Catalan,José Pedro De Campos Fogaça,2023-06-01T15:35:13Z
618182,Nemiptères de fuet doble,ca,"","",,Catalan,José Pedro De Campos Fogaça,2023-06-01T15:36:31Z
530465,Nemiptères de punta daurada,ca,"","",,Catalan,José Pedro De Campos Fogaça,2023-06-01T15:37:18Z
106700,Nemiptères de Bleeker,ca,"","",,Catalan,José Pedro De Campos Fogaça,2023-06-01T15:54:46Z
368423,Nemiptères papallona,ca,"","",,Catalan,José Pedro De Campos Fogaça,2023-06-01T15:56:29Z
542032,Nemiptères de cua filamentosa,ca,"","",,Catalan,José Pedro De Campos Fogaça,2023-06-01T15:57:12Z
1314476,Nemiptères de galta blava,ca,"","",,Catalan,José Pedro De Campos Fogaça,2023-06-01T15:57:53Z
530466,Nemiptères de cinc línies,ca,"","",,Catalan,José Pedro De Campos Fogaça,2023-06-01T15:58:35Z
368198,Nemiptères de Queensland,ca,"","",,Catalan,José Pedro De Campos Fogaça,2023-06-01T15:59:09Z
618183,Nemiptères de aleta clara,ca,"","",,Catalan,José Pedro De Campos Fogaça,2023-06-01T15:59:45Z
106701,Nemiptères vermell de línies grogues,ca,"","",,Catalan,José Pedro De Campos Fogaça,2023-06-01T16:00:36Z
618184,Nemiptères de Fiji,ca,"","",,Catalan,José Pedro De Campos Fogaça,2023-06-01T16:01:27Z
530467,Nemiptères de l'Indopacífic,ca,"","",,Catalan,José Pedro De Campos Fogaça,2023-06-01T16:02:10Z
1313422,Peix coral·lí rosat,ca,"","",,Catalan,José Pedro De Campos Fogaça,2023-06-01T16:04:49Z
618185,Peix coral·lí llis,ca,"","",,Catalan,José Pedro De Campos Fogaça,2023-06-01T16:06:21Z
618186,Peix coral·lí de Baranes,ca,"","",,Catalan,José Pedro De Campos Fogaça,2023-06-01T16:06:56Z
618187,Peix coral·lí d'aleta vermella,ca,"","",,Catalan,José Pedro De Campos Fogaça,2023-06-01T16:07:41Z
618188,Peix coral·lí rosat pàl·lid,ca,"","",,Catalan,José Pedro De Campos Fogaça,2023-06-01T16:09:05Z
530468,Peix coral·lí d'escala brillant,ca,"","",,Catalan,José Pedro De Campos Fogaça,2023-06-01T16:09:58Z
530469,Peix coral·lí de tires vermelles,ca,"","",,Catalan,José Pedro De Campos Fogaça,2023-06-01T16:11:06Z
618189,Peix coral·lí nan,ca,"","",,Catalan,José Pedro De Campos Fogaça,2023-06-01T16:11:41Z
618190,Peix coral·lí indonesi,ca,"","",,Catalan,José Pedro De Campos Fogaça,2023-06-01T16:12:40Z
530470,Peix coral·lí salmó,ca,"","",,Catalan,José Pedro De Campos Fogaça,2023-06-01T16:13:17Z
530471,Peix coral·lí de Russell,ca,"","",,Catalan,José Pedro De Campos Fogaça,2023-06-01T16:14:10Z
530472,Peix coral·lí de Tosa,ca,"","",,Catalan,José Pedro De Campos Fogaça,2023-06-01T16:14:33Z
618192,Peix coral·lí escamat,ca,"","",,Catalan,José Pedro De Campos Fogaça,2023-06-01T16:15:23Z
359099,Peix coral·lí de ratlles grogues,ca,"","",,Catalan,José Pedro De Campos Fogaça,2023-06-01T16:16:34Z
1314075,Peix coral·lí d'aigües profundes,ca,"","",,Catalan,José Pedro De Campos Fogaça,2023-06-01T16:18:09Z
416655,Peix coral·lí de línies grises,ca,"","",,Catalan,José Pedro De Campos Fogaça,2023-06-01T16:18:56Z
54022,Peix coral·lí princesa,ca,"","",,Catalan,José Pedro De Campos Fogaça,2023-06-01T16:21:02Z
109043,Peix coral·lí blau,ca,"","",,Catalan,José Pedro De Campos Fogaça,2023-06-01T16:21:46Z
618193,Peix coral·lí de Komodo,ca,"","",,Catalan,José Pedro De Campos Fogaça,2023-06-01T16:22:18Z
530473,Peix coral·lí japonès,ca,"","",,Catalan,José Pedro De Campos Fogaça,2023-06-01T16:22:58Z
618194,Peix coral·lí tropical,ca,"","",,Catalan,José Pedro De Campos Fogaça,2023-06-01T16:24:03Z
362236,Peix coral·lí del paradís,ca,"","",,Catalan,José Pedro De Campos Fogaça,2023-06-01T16:24:41Z
530474,Peix coral·lí blanc,ca,"","",,Catalan,José Pedro De Campos Fogaça,2023-06-01T16:25:32Z
358183,Peix coral·lí príncep,ca,"","",,Catalan,José Pedro De Campos Fogaça,2023-06-01T16:26:04Z
325712,Peix coral·lí d'escull,ca,"","",,Catalan,José Pedro De Campos Fogaça,2023-06-01T16:27:00Z
51094,Peix coral·lí de línia negra,ca,"","",,Catalan,José Pedro De Campos Fogaça,2023-06-01T16:27:46Z
525157,Nemiptères de línia verda,ca,"","",,Catalan,José Pedro De Campos Fogaça,2023-06-01T16:29:36Z
272554,Peix coral·lí crema,ca,"","",,Catalan,José Pedro De Campos Fogaça,2023-06-01T16:31:49Z
359334,Peix coral·lí de línia groga,ca,"","",,Catalan,José Pedro De Campos Fogaça,2023-06-01T16:32:33Z
471636,Peix coral·lí de ventre platejat,ca,"","",,Catalan,José Pedro De Campos Fogaça,2023-06-01T16:33:59Z
618195,Peix coral·lí de Rüppell,ca,"","",,Catalan,José Pedro De Campos Fogaça,2023-06-01T16:35:00Z
318928,Peix coral·lí ull daurat,ca,"","",,Catalan,José Pedro De Campos Fogaça,2023-06-01T16:35:47Z
1376776,Peix coral·lí marró,ca,"","",,Catalan,José Pedro De Campos Fogaça,2023-06-01T16:37:23Z
341859,Peix coral·lí de les Txagos,ca,"","",,Catalan,José Pedro De Campos Fogaça,2023-06-01T16:38:25Z
354111,Peix coral·lí àrab,ca,"","",,Catalan,José Pedro De Campos Fogaça,2023-06-01T16:39:12Z
1376787,Peix coral·lí nipònic,ca,"","",,Catalan,José Pedro De Campos Fogaça,2023-06-01T16:40:09Z
1032196,Peix coral·lí llàgrima,ca,"","",,Catalan,José Pedro De Campos Fogaça,2023-06-01T16:41:18Z
201023,Peix coral·lí de línia fina,ca,"","",,Catalan,José Pedro De Campos Fogaça,2023-06-01T16:43:02Z
135220,Peix coral·lí perlat,ca,"","",,Catalan,José Pedro De Campos Fogaça,2023-06-01T16:43:36Z
1015396,Peix coral·lí de Sahul,ca,"","",,Catalan,José Pedro De Campos Fogaça,2023-06-01T16:44:07Z
201025,Peix coral·lí monograma,ca,"","",,Catalan,José Pedro De Campos Fogaça,2023-06-01T16:44:47Z
618197,Peix coral·lí del Mar Roja,ca,"","",,Catalan,José Pedro De Campos Fogaça,2023-06-01T16:45:35Z
132596,Peix coral·lí de Cuvier,ca,"","",,Catalan,José Pedro De Campos Fogaça,2023-06-01T16:46:46Z
319762,Peix coral·lí reial,ca,"","",,Catalan,José Pedro De Campos Fogaça,2023-06-01T16:47:11Z
334657,Peix coral·lí de atol,ca,"","",,Catalan,José Pedro De Campos Fogaça,2023-06-01T16:47:49Z
125811,Peix coral·lí de galta blanca,ca,"","",,Catalan,José Pedro De Campos Fogaça,2023-06-01T16:48:54Z
199308,Peix coral·lí neó,ca,"","",,Catalan,José Pedro De Campos Fogaça,2023-06-01T16:50:08Z
48313,"Damisel·las, castanyoletas, sergents i peixos pallasso",ca,"","",,Catalan,José Pedro De Campos Fogaça,2023-06-01T17:03:58Z
49400,Sergent hawaià,ca,"","",,Catalan,José Pedro De Campos Fogaça,2023-06-01T17:05:42Z
337754,Sergent de Palmer,ca,"","",,Catalan,José Pedro De Campos Fogaça,2023-06-01T17:06:13Z
871277,Sergent de Okinawa,ca,"","",,Catalan,José Pedro De Campos Fogaça,2023-06-01T17:06:42Z
92987,Sergent fosc,ca,"","",,Catalan,José Pedro De Campos Fogaça,2023-06-01T17:07:41Z
92988,Sergent mexicà,ca,"","",,Catalan,José Pedro De Campos Fogaça,2023-06-01T17:08:50Z
122102,Sergent blau,ca,"","",,Catalan,José Pedro De Campos Fogaça,2023-06-01T17:09:36Z
181014,Sergent de cua punteada,ca,"","",,Catalan,José Pedro De Campos Fogaça,2023-06-01T17:10:33Z
619601,Sergent nacrat,ca,"","",,Catalan,José Pedro De Campos Fogaça,2023-06-01T17:11:29Z
559948,Sergent de Natal,ca,"","",,Catalan,José Pedro De Campos Fogaça,2023-06-01T17:11:52Z
559948,Sergent de KwaZulu-Natal,ca,"","",,Catalan,José Pedro De Campos Fogaça,2023-06-01T17:12:26Z
871270,Sergent taiwanès,ca,"","",,Catalan,José Pedro De Campos Fogaça,2023-06-01T17:13:14Z
345719,Sergent de cua groga,ca,"","",,Catalan,José Pedro De Campos Fogaça,2023-06-01T17:13:47Z
49402,Sergent major de l'Atlàntic,ca,"","",,Catalan,José Pedro De Campos Fogaça,2023-06-01T17:14:44Z
337753,Sergent convicto,ca,"","",,Catalan,José Pedro De Campos Fogaça,2023-06-01T17:16:09Z
49401,Sergent de Major de Sis Bandes,ca,"","",,Catalan,José Pedro De Campos Fogaça,2023-06-01T17:16:50Z
123922,Sergent de punt negre,ca,"","",,Catalan,José Pedro De Campos Fogaça,2023-06-01T17:18:11Z
474803,Sergent dòmino,ca,"","",,Catalan,José Pedro De Campos Fogaça,2023-06-01T17:18:47Z
57338,Sergent veneçolà,ca,"","",,Catalan,José Pedro De Campos Fogaça,2023-06-01T17:19:38Z
92989,Sergent major del golf,ca,"","",,Catalan,José Pedro De Campos Fogaça,2023-06-01T17:20:25Z
49403,Sergent major de l'Indopacífic,ca,"","",,Catalan,José Pedro De Campos Fogaça,2023-06-01T17:21:35Z
481478,Sergent coral·lí,ca,"","",,Catalan,José Pedro De Campos Fogaça,2023-06-01T17:22:37Z
914304,Dascyllus ratllat indi,ca,"","",,Catalan,José Pedro De Campos Fogaça,2023-06-01T19:21:33Z
121392,Dascyllus hawaià,ca,"","",,Catalan,José Pedro De Campos Fogaça,2023-06-01T19:22:18Z
952775,Dascyllus ratllat del Pacífic,ca,"","",,Catalan,José Pedro De Campos Fogaça,2023-06-01T19:24:28Z
446993,Dascyllus daurat,ca,"","",,Catalan,José Pedro De Campos Fogaça,2023-06-01T19:25:22Z
179873,Dascyllus coral·lí,ca,"","",,Catalan,José Pedro De Campos Fogaça,2023-06-01T19:26:09Z
619653,Dascyllus de cua groga,ca,"","",,Catalan,José Pedro De Campos Fogaça,2023-06-01T19:27:22Z
362168,Dascyllus del Mar Roja,ca,"","",,Catalan,José Pedro De Campos Fogaça,2023-06-01T19:28:00Z
359798,Dascyllus de cua negra,ca,"","",,Catalan,José Pedro De Campos Fogaça,2023-06-01T19:28:51Z
179872,Dascyllus llavi morat,ca,"","",,Catalan,José Pedro De Campos Fogaça,2023-06-01T19:30:02Z
619654,Dascyllus fantasma,ca,"","",,Catalan,José Pedro De Campos Fogaça,2023-06-01T19:31:33Z
49303,Dascyllus de Tres Punts,ca,"","",,Catalan,José Pedro De Campos Fogaça,2023-06-01T19:32:30Z
1315937,Damisel·la cua de tisora,ca,"","",,Catalan,José Pedro De Campos Fogaça,2023-06-01T19:38:24Z
1314935,Damisel·la de nas curt,ca,"","",,Catalan,José Pedro De Campos Fogaça,2023-06-01T19:39:18Z
1315935,Damisel·la blau de l'Atlàntic,ca,"","",,Catalan,José Pedro De Campos Fogaça,2023-06-01T19:41:01Z
1316760,Damisel·la dòmino,ca,"","",,Catalan,José Pedro De Campos Fogaça,2023-06-01T19:42:17Z
95018,Damisel·la de Galápagos,ca,"","",,Catalan,José Pedro De Campos Fogaça,2023-06-01T19:43:37Z
95019,Damisel·la mexicana,ca,"","",,Catalan,José Pedro De Campos Fogaça,2023-06-01T19:44:49Z
1316758,Damisel·la peruana,ca,"","",,Catalan,José Pedro De Campos Fogaça,2023-06-01T19:46:14Z
1316757,Damisel·la escamosa,ca,"","",,Catalan,José Pedro De Campos Fogaça,2023-06-01T19:47:30Z
1313123,Damisel·la meridional,ca,"","",,Catalan,José Pedro De Campos Fogaça,2023-06-01T19:48:12Z
1315932,Damisel·la caribenya,ca,"","",,Catalan,José Pedro De Campos Fogaça,2023-06-01T19:49:03Z
530715,Castanyoleta de l'abisme,ca,"","",,Catalan,José Pedro De Campos Fogaça,2023-06-01T19:50:34Z
542792,Castanyoleta blau profund,ca,"","",,Catalan,José Pedro De Campos Fogaça,2023-06-01T19:51:16Z
358107,Castanyoleta de cua blanca,ca,"","",,Catalan,José Pedro De Campos Fogaça,2023-06-01T19:51:54Z
619613,Castanyoleta blau del Izu,ca,"","",,Catalan,José Pedro De Campos Fogaça,2023-06-01T19:53:58Z
97750,Castanyoleta alfa,ca,"","",,Catalan,José Pedro De Campos Fogaça,2023-06-01T19:54:54Z
97751,Castanyoleta de línia platejada,ca,"","",,Catalan,José Pedro De Campos Fogaça,2023-06-01T19:55:50Z
1314369,Castanyoleta blau de les Ryūkyū,ca,"","",,Catalan,José Pedro De Campos Fogaça,2023-06-01T19:57:52Z
182177,Castanyoleta groga,ca,"","",,Catalan,José Pedro De Campos Fogaça,2023-06-01T19:58:49Z
619615,Castanyoleta de línia groga,ca,"","",,Catalan,José Pedro De Campos Fogaça,2023-06-01T19:59:33Z
181020,Castanyoleta blau cel,ca,"","",,Catalan,José Pedro De Campos Fogaça,2023-06-01T20:01:23Z
619616,Castanyoleta grisa,ca,"","",,Catalan,José Pedro De Campos Fogaça,2023-06-01T20:02:10Z
1315936,Castanyoleta de les Bermudes,ca,"","",,Catalan,José Pedro De Campos Fogaça,2023-06-01T20:02:55Z
1015402,Castanyoleta romboide,ca,"","",,Catalan,José Pedro De Campos Fogaça,2023-06-01T20:03:36Z
619619,Castanyoleta de Cadenat,ca,"","",,Catalan,José Pedro De Campos Fogaça,2023-06-01T20:04:11Z
204606,Castanyoleta robusta,ca,"","",,Catalan,José Pedro De Campos Fogaça,2023-06-01T20:05:02Z
519432,Castanyoleta llimona,ca,"","",,Catalan,José Pedro De Campos Fogaça,2023-06-01T20:06:12Z
619620,Castanyoleta de les Carolines,ca,"","",,Catalan,José Pedro De Campos Fogaça,2023-06-01T20:08:33Z
97753,Castanyoleta xilena,ca,"","",,Catalan,José Pedro De Campos Fogaça,2023-06-01T20:09:13Z
415204,Castanyoleta de boca groga,ca,"","",,Catalan,José Pedro De Campos Fogaça,2023-06-01T20:10:13Z
619621,Castanyoleta de DeGruy,ca,"","",,Catalan,José Pedro De Campos Fogaça,2023-06-01T20:11:09Z
451337,Castanyoleta de Nova Zelanda,ca,"","",,Catalan,José Pedro De Campos Fogaça,2023-06-01T20:12:47Z
619622,Castanyoleta de les Seychelles,ca,"","",,Catalan,José Pedro De Campos Fogaça,2023-06-01T22:48:07Z
619623,Castanyoleta primavera,ca,"","",,Catalan,José Pedro De Campos Fogaça,2023-06-01T22:50:15Z
1316759,Castanyoleta caribenya,ca,"","",,Catalan,José Pedro De Campos Fogaça,2023-06-01T22:51:39Z
619625,Castanyoleta cítrica,ca,"","",,Catalan,José Pedro De Campos Fogaça,2023-06-01T22:53:00Z
372160,Castanyoleta de Dahlak,ca,"","",,Catalan,José Pedro De Campos Fogaça,2023-06-01T22:53:40Z
97755,Castanyoleta cobalt,ca,"","",,Catalan,José Pedro De Campos Fogaça,2023-06-01T22:54:36Z
357802,Castanyoleta costanera,ca,"","",,Catalan,José Pedro De Campos Fogaça,2023-06-01T22:57:30Z
1015404,Castanyoleta de marge fosc,ca,"","",,Catalan,José Pedro De Campos Fogaça,2023-06-01T23:00:07Z
447875,Castanyoleta taca de lluna,ca,"","",,Catalan,José Pedro De Campos Fogaça,2023-06-01T23:01:20Z
147106,Castanyoleta sol,ca,"","",,Catalan,José Pedro De Campos Fogaça,2023-06-01T23:02:04Z
619627,Castanyoleta brasilera,ca,"","",,Catalan,José Pedro De Campos Fogaça,2023-06-01T23:02:45Z
1314215,Castanyoleta de Kato,ca,"","",,Catalan,José Pedro De Campos Fogaça,2023-06-01T23:03:55Z
619628,Castanyoleta de punt negre,ca,"","",,Catalan,José Pedro De Campos Fogaça,2023-06-01T23:04:45Z
522685,Castanyoleta coral·lí,ca,"","",,Catalan,José Pedro De Campos Fogaça,2023-06-01T23:05:49Z
342041,Castanyoleta de l'Atlàntic,ca,"","",,Catalan,José Pedro De Campos Fogaça,2023-06-01T23:06:56Z
97757,Castanyoleta de Limbaugh,ca,"","",,Catalan,José Pedro De Campos Fogaça,2023-06-01T23:08:01Z
347663,Castanyoleta de Cap Verd,ca,"","",,Catalan,José Pedro De Campos Fogaça,2023-06-01T23:08:57Z
1313596,Castanyoleta de Michel,ca,"","",,Catalan,José Pedro De Campos Fogaça,2023-06-01T23:09:27Z
530716,Castanyoleta nipònica,ca,"","",,Catalan,José Pedro De Campos Fogaça,2023-06-01T23:10:20Z
619631,Castanyoleta monocroma,ca,"","",,Catalan,José Pedro De Campos Fogaça,2023-06-01T23:11:04Z
447715,Castanyoleta d'aleta negra,ca,"","",,Catalan,José Pedro De Campos Fogaça,2023-06-01T23:12:07Z
358156,Castanyoleta de Barrera de Corall,ca,"","",,Catalan,José Pedro De Campos Fogaça,2023-06-01T23:13:06Z
1305905,Castanyoleta de Norfolk,ca,"","",,Catalan,José Pedro De Campos Fogaça,2023-06-01T23:13:40Z
469793,Castanyoleta coreana,ca,"","",,Catalan,José Pedro De Campos Fogaça,2023-06-01T23:14:17Z
619632,Castanyoleta de Okinawa,ca,"","",,Catalan,José Pedro De Campos Fogaça,2023-06-01T23:15:07Z
619633,Castanyoleta de Onuma,ca,"","",,Catalan,José Pedro De Campos Fogaça,2023-06-01T23:15:44Z
447714,Castanyoleta de barra doble,ca,"","",,Catalan,José Pedro De Campos Fogaça,2023-06-01T23:16:22Z
123318,Castanyoleta ovalada,ca,"","",,Catalan,José Pedro De Campos Fogaça,2023-06-01T23:17:21Z
619635,Castanyoleta de cua fosca,ca,"","",,Catalan,José Pedro De Campos Fogaça,2023-06-01T23:18:21Z
452618,Castanyoleta d'Àqaba,ca,"","",,Catalan,José Pedro De Campos Fogaça,2023-06-01T23:20:15Z
97758,Castanyoleta marró,ca,"","",,Catalan,José Pedro De Campos Fogaça,2023-06-01T23:21:15Z
619636,Castanyoleta mirall,ca,"","",,Catalan,José Pedro De Campos Fogaça,2023-06-01T23:22:29Z
97759,Castanyoleta de Califòrnia,ca,"","",,Catalan,José Pedro De Campos Fogaça,2023-06-01T23:24:46Z
619637,Castanyoleta de Pura,ca,"","",,Catalan,José Pedro De Campos Fogaça,2023-06-01T23:25:43Z
619638,Castanyoleta de Randall,ca,"","",,Catalan,José Pedro De Campos Fogaça,2023-06-01T23:26:08Z
1305904,Castanyoleta de Sahul,ca,"","",,Catalan,José Pedro De Campos Fogaça,2023-06-01T23:26:30Z
97760,Castanyoleta de Santa Helena,ca,"","",,Catalan,José Pedro De Campos Fogaça,2023-06-01T23:27:11Z
199182,Castanyoleta de cap groguenc,ca,"","",,Catalan,José Pedro De Campos Fogaça,2023-06-01T23:28:39Z
147107,Castanyoleta morada,ca,"","",,Catalan,José Pedro De Campos Fogaça,2023-06-01T23:29:44Z
619639,Castanyoleta d'escull profund,ca,"","",,Catalan,José Pedro De Campos Fogaça,2023-06-01T23:31:04Z
181019,Castanyoleta de Ternate,ca,"","",,Catalan,José Pedro De Campos Fogaça,2023-06-01T23:33:10Z
1015405,Castanyoleta lluna,ca,"","",,Catalan,José Pedro De Campos Fogaça,2023-06-01T23:33:46Z
1314216,Castanyoleta de les Illes Mascarenyes,ca,"","",,Catalan,José Pedro De Campos Fogaça,2023-06-01T23:34:39Z
458014,Castanyoleta de taques triples,ca,"","",,Catalan,José Pedro De Campos Fogaça,2023-06-01T23:36:52Z
619640,Castanyoleta de Cenderawasih,ca,"","",,Catalan,José Pedro De Campos Fogaça,2023-06-01T23:37:58Z
1313393,Castanyoleta de Van Bebber,ca,"","",,Catalan,José Pedro De Campos Fogaça,2023-06-01T23:39:20Z
128267,Castanyoleta crepuscular,ca,"","",,Catalan,José Pedro De Campos Fogaça,2023-06-01T23:42:45Z
179880,Castanyoleta blau verdós,ca,"","",,Catalan,José Pedro De Campos Fogaça,2023-06-01T23:43:46Z
334629,Castanyoleta de Weber,ca,"","",,Catalan,José Pedro De Campos Fogaça,2023-06-01T23:44:28Z
530717,Castanyoleta australiana,ca,"","",,Catalan,José Pedro De Campos Fogaça,2023-06-01T23:45:06Z
319336,Castanyoleta de Wood,ca,"","",,Catalan,José Pedro De Campos Fogaça,2023-06-01T23:45:48Z
118577,Castanyoleta bronze,ca,"","",,Catalan,José Pedro De Campos Fogaça,2023-06-01T23:48:07Z
619641,Castanyoleta d'aleta groga,ca,"","",,Catalan,José Pedro De Campos Fogaça,2023-06-01T23:49:30Z
334719,Castanyoleta de cua pàl·lida,ca,"","",,Catalan,José Pedro De Campos Fogaça,2023-06-01T23:50:36Z
619642,Castanyoleta brillant,ca,"","",,Catalan,José Pedro De Campos Fogaça,2023-06-01T23:51:27Z
619643,Castanyoleta japonesa,ca,"","",,Catalan,José Pedro De Campos Fogaça,2023-06-01T23:52:19Z
719554,Àguila daurada mediterrània,ca,"","",,Catalan,Marc,2023-06-02T14:16:28Z
1315113,Castanyoleta bicolor de les Marqueses,ca,"","",,Catalan,José Pedro De Campos Fogaça,2023-06-02T14:32:39Z
1316559,Castanyoleta d'escull,ca,"","",,Catalan,José Pedro De Campos Fogaça,2023-06-02T14:34:50Z
1316764,Castanyoleta índia,ca,"","",,Catalan,José Pedro De Campos Fogaça,2023-06-02T14:36:11Z
1313140,Castanyoleta de Allen,ca,"","",,Catalan,José Pedro De Campos Fogaça,2023-06-02T14:37:01Z
1315945,Castanyoleta tropical,ca,"","",,Catalan,José Pedro De Campos Fogaça,2023-06-02T14:38:17Z
1316763,Castanyoleta fosca,ca,"","",,Catalan,José Pedro De Campos Fogaça,2023-06-02T14:39:12Z
1360043,Castanyoleta de Pitcairn,ca,"","",,Catalan,José Pedro De Campos Fogaça,2023-06-02T14:40:45Z
1315395,Castanyoleta bicolor de axil blava,ca,"","",,Catalan,José Pedro De Campos Fogaça,2023-06-02T14:41:49Z
1315394,Castanyoleta de Salomó,ca,"","",,Catalan,José Pedro De Campos Fogaça,2023-06-02T14:45:02Z
1316762,Castanyoleta bicolor del Mar Roja,ca,"","",,Catalan,José Pedro De Campos Fogaça,2023-06-02T14:46:37Z
1315112,Castanyoleta de Fatu Hiva,ca,"","",,Catalan,José Pedro De Campos Fogaça,2023-06-02T14:47:58Z
1314828,Castanyoleta bicolor índia,ca,"","",,Catalan,José Pedro De Campos Fogaça,2023-06-02T14:50:03Z
1316129,Castanyoleta bicolor de axil groga,ca,"","",,Catalan,José Pedro De Campos Fogaça,2023-06-02T14:51:55Z
1316558,Castanyoleta xocolata,ca,"","",,Catalan,José Pedro De Campos Fogaça,2023-06-02T14:53:03Z
1314754,Castanyoleta de Howson,ca,"","",,Catalan,José Pedro De Campos Fogaça,2023-06-02T14:53:35Z
1316139,Castanyoleta bicolor del Pacífic,ca,"","",,Catalan,José Pedro De Campos Fogaça,2023-06-02T14:54:19Z
1316756,Castanyoleta de cua clara,ca,"","",,Catalan,José Pedro De Campos Fogaça,2023-06-02T14:55:31Z
1315503,Castanyoleta folrada,ca,"","",,Catalan,José Pedro De Campos Fogaça,2023-06-02T14:56:41Z
1316755,Castanyoleta bicolor comuna,ca,"","",,Catalan,José Pedro De Campos Fogaça,2023-06-02T14:57:14Z
1316754,Castanyoleta de Moçambic,ca,"","",,Catalan,José Pedro De Campos Fogaça,2023-06-02T14:59:01Z
1316753,Castanyoleta de les Ryūkyū,ca,"","",,Catalan,José Pedro De Campos Fogaça,2023-06-02T15:01:05Z
1313512,Castanyoleta del Pacífic,ca,"","",,Catalan,José Pedro De Campos Fogaça,2023-06-02T15:01:48Z
1316752,Castanyoleta de barra negra,ca,"","",,Catalan,José Pedro De Campos Fogaça,2023-06-02T15:02:46Z
1316596,Castanyoleta polinèsia,ca,"","",,Catalan,José Pedro De Campos Fogaça,2023-06-02T15:03:38Z
53693,Garibaldi,ca,"","",,Catalan,José Pedro De Campos Fogaça,2023-06-02T15:07:38Z
181024,Damisel·la soldat,ca,"","",,Catalan,José Pedro De Campos Fogaça,2023-06-02T15:09:34Z
513053,Damisel·la perlada,ca,"","",,Catalan,José Pedro De Campos Fogaça,2023-06-02T15:10:34Z
105831,Damisel·la equatorial,ca,"","",,Catalan,José Pedro De Campos Fogaça,2023-06-02T15:11:48Z
49753,Damisel·la de punts neó,ca,"","",,Catalan,José Pedro De Campos Fogaça,2023-06-02T15:13:17Z
105832,Damisel·la gegant,ca,"","",,Catalan,José Pedro De Campos Fogaça,2023-06-02T15:14:05Z
619655,Damisel·la d'ulls morats,ca,"","",,Catalan,José Pedro De Campos Fogaça,2023-06-02T15:15:07Z
107021,Sergent xilè,ca,"","",,Catalan,José Pedro De Campos Fogaça,2023-06-02T15:17:07Z
410546,Parma de Nova Zelanda,ca,"","",,Catalan,José Pedro De Campos Fogaça,2023-06-02T15:18:25Z
530719,Parma coral·lí,ca,"","",,Catalan,José Pedro De Campos Fogaça,2023-06-02T15:19:52Z
447795,Parma de Kermadec,ca,"","",,Catalan,José Pedro De Campos Fogaça,2023-06-02T15:21:03Z
516676,Parma de McCulloch,ca,"","",,Catalan,José Pedro De Campos Fogaça,2023-06-02T15:21:47Z
511647,Parma d'orella blanca,ca,"","",,Catalan,José Pedro De Campos Fogaça,2023-06-02T15:22:32Z
525079,Parma del oest,ca,"","",,Catalan,José Pedro De Campos Fogaça,2023-06-02T15:23:53Z
518184,Parma escamosa,ca,"","",,Catalan,José Pedro De Campos Fogaça,2023-06-02T15:24:38Z
493746,Parma ratllada,ca,"","",,Catalan,José Pedro De Campos Fogaça,2023-06-02T15:25:22Z
509791,Parma de barra blanca,ca,"","",,Catalan,José Pedro De Campos Fogaça,2023-06-02T15:26:03Z
108788,Parma comuna,ca,"","",,Catalan,José Pedro De Campos Fogaça,2023-06-02T15:26:39Z
347662,Damisel·la de Cap Verd,ca,"","",,Catalan,José Pedro De Campos Fogaça,2023-06-02T15:30:52Z
1256672,Damisel·la de les Canàries,ca,"","",,Catalan,José Pedro De Campos Fogaça,2023-06-02T15:32:19Z
1325090,Damisel·la japonesa,ca,"","",,Catalan,José Pedro De Campos Fogaça,2023-06-02T15:53:30Z
1325091,Damisel·la de marge daurat,ca,"","",,Catalan,José Pedro De Campos Fogaça,2023-06-02T15:54:48Z
1325092,Damisel·la daurada,ca,"","",,Catalan,José Pedro De Campos Fogaça,2023-06-02T15:56:05Z
204597,Damisel·la de Dick,ca,"","",,Catalan,José Pedro De Campos Fogaça,2023-06-02T15:56:34Z
1325093,Damisel·la de Pitcairn,ca,"","",,Catalan,José Pedro De Campos Fogaça,2023-06-02T15:57:45Z
1325094,Damisel·la del Pacífic,ca,"","",,Catalan,José Pedro De Campos Fogaça,2023-06-02T15:58:53Z
619662,Damisel·la de ventre groc,ca,"","",,Catalan,José Pedro De Campos Fogaça,2023-06-02T15:59:50Z
1325089,Damisel·la del Mar del Corall,ca,"","",,Catalan,José Pedro De Campos Fogaça,2023-06-02T16:00:41Z
203922,Damisel·la d'ulls brillants,ca,"","",,Catalan,José Pedro De Campos Fogaça,2023-06-02T16:01:20Z
1325095,Damisel·la de Ogasawara,ca,"","",,Catalan,José Pedro De Campos Fogaça,2023-06-02T16:03:35Z
196591,Damisel·la de Johnston,ca,"","",,Catalan,José Pedro De Campos Fogaça,2023-06-02T16:04:46Z
57337,Damisel·la de barra blanca,ca,"","",,Catalan,José Pedro De Campos Fogaça,2023-06-02T16:05:38Z
1325098,Damisel·la de Aldabra,ca,"","",,Catalan,José Pedro De Campos Fogaça,2023-06-02T16:07:00Z
1325096,Damisel·la de bassal,ca,"","",,Catalan,José Pedro De Campos Fogaça,2023-06-02T16:08:49Z
1325097,Damisel·la de Monte Bello,ca,"","",,Catalan,José Pedro De Campos Fogaça,2023-06-02T16:09:39Z
57334,Damisel·la de Fènix,ca,"","",,Catalan,José Pedro De Campos Fogaça,2023-06-02T16:11:03Z
619663,Damisel·la de Randall,ca,"","",,Catalan,José Pedro De Campos Fogaça,2023-06-02T16:11:35Z
619664,Damisel·la de les Marqueses,ca,"","",,Catalan,José Pedro De Campos Fogaça,2023-06-02T16:12:02Z
464065,Damisel·la de roca,ca,"","",,Catalan,José Pedro De Campos Fogaça,2023-06-02T16:12:48Z
113101,Damisel·la de Acapulco,ca,"","",,Catalan,José Pedro De Campos Fogaça,2023-06-02T16:14:27Z
49923,Damisel·la negra,ca,"","",,Catalan,José Pedro De Campos Fogaça,2023-06-02T16:15:29Z
447830,Damisel·la esvelta,ca,"","",,Catalan,José Pedro De Campos Fogaça,2023-06-02T16:16:41Z
57343,Damisel·la de Costa Rica,ca,"","",,Catalan,José Pedro De Campos Fogaça,2023-06-02T16:19:04Z
113103,Damisel·la de Beebe,ca,"","",,Catalan,José Pedro De Campos Fogaça,2023-06-02T16:19:55Z
128185,Damisel·la de les Antilles,ca,"","",,Catalan,José Pedro De Campos Fogaça,2023-06-02T16:21:03Z
113104,Damisel·la de Gill,ca,"","",,Catalan,José Pedro De Campos Fogaça,2023-06-02T16:23:02Z
49924,Damisel·la brasilera,ca,"","",,Catalan,José Pedro De Campos Fogaça,2023-06-02T16:24:07Z
63414,Damisel·la de Macaronèsia,ca,"","",,Catalan,José Pedro De Campos Fogaça,2023-06-02T16:25:27Z
1325088,Damisel·la joia,ca,"","",,Catalan,José Pedro De Campos Fogaça,2023-06-02T16:26:16Z
113106,Damisel·la de cua blanca,ca,"","",,Catalan,José Pedro De Campos Fogaça,2023-06-02T16:27:02Z
180708,Damisel·la d'esquena blava,ca,"","",,Catalan,José Pedro De Campos Fogaça,2023-06-02T16:27:53Z
485286,Damisel·la banús,ca,"","",,Catalan,José Pedro De Campos Fogaça,2023-06-02T16:29:38Z
118918,Damisel·la pagesa,ca,"","",,Catalan,José Pedro De Campos Fogaça,2023-06-02T16:32:15Z
619695,Damisel·la de Lubbock,ca,"","",,Catalan,José Pedro De Campos Fogaça,2023-06-02T16:32:49Z
49922,Damisel·la de Lacépède,ca,"","",,Catalan,José Pedro De Campos Fogaça,2023-06-02T16:34:06Z
619696,Damisel·la de manglar americana,ca,"","",,Catalan,José Pedro De Campos Fogaça,2023-06-02T16:35:36Z
128183,Damisel·la bicolor,ca,"","",,Catalan,José Pedro De Campos Fogaça,2023-06-02T16:36:12Z
485011,Damisel·la de Maurici,ca,"","",,Catalan,José Pedro De Campos Fogaça,2023-06-02T16:37:01Z
619697,Damisel·la de punta groga,ca,"","",,Catalan,José Pedro De Campos Fogaça,2023-06-02T16:37:51Z
49304,Damisel·la de tres punts,ca,"","",,Catalan,José Pedro De Campos Fogaça,2023-06-02T16:39:05Z
484792,Damisel·la reticulada,ca,"","",,Catalan,José Pedro De Campos Fogaça,2023-06-02T16:40:01Z
113107,Damisel·la blau del golf,ca,"","",,Catalan,José Pedro De Campos Fogaça,2023-06-02T16:40:42Z
113108,Damisel·la de l'illa Clarión,ca,"","",,Catalan,José Pedro De Campos Fogaça,2023-06-02T16:41:54Z
619698,Damisel·la de Sant Pau,ca,"","",,Catalan,José Pedro De Campos Fogaça,2023-06-02T16:42:52Z
113109,Damisel·la de Santa Helena,ca,"","",,Catalan,José Pedro De Campos Fogaça,2023-06-02T16:43:28Z
619699,Damisel·la grisa,ca,"","",,Catalan,José Pedro De Campos Fogaça,2023-06-02T16:44:20Z
1023724,Damisel·la cacau,ca,"","",,Catalan,José Pedro De Campos Fogaça,2023-06-02T16:45:27Z
619700,Damisel·la reial,ca,"","",,Catalan,José Pedro De Campos Fogaça,2023-06-02T16:46:11Z
319335,Castanyoleta espinosa,ca,"","",,Catalan,José Pedro De Campos Fogaça,2023-06-02T16:48:15Z
606226,Castanyoleta cian,ca,"","",,Catalan,José Pedro De Campos Fogaça,2023-06-02T16:49:02Z
606222,Castanyoleta añil,ca,"","",,Catalan,José Pedro De Campos Fogaça,2023-06-02T16:49:47Z
606224,Castanyoleta guardià,ca,"","",,Catalan,José Pedro De Campos Fogaça,2023-06-02T16:50:20Z
134155,Damisel·la groga,ca,"","",,Catalan,José Pedro De Campos Fogaça,2023-06-02T16:51:18Z
1315251,Damisel·la de Batuna,ca,"","",,Catalan,José Pedro De Campos Fogaça,2023-06-02T16:51:55Z
119053,Damisel·la de tres barres,ca,"","",,Catalan,José Pedro De Campos Fogaça,2023-06-02T16:52:47Z
371763,Damisel·la de taca groguenca,ca,"","",,Catalan,José Pedro De Campos Fogaça,2023-06-02T16:53:57Z
487247,Damisel·la de Cenderawasih,ca,"","",,Catalan,José Pedro De Campos Fogaça,2023-06-02T16:54:43Z
311609,Damisel·la de les Maldives,ca,"","",,Catalan,José Pedro De Campos Fogaça,2023-06-02T16:56:04Z
181015,Damisel·la de ventre daurat,ca,"","",,Catalan,José Pedro De Campos Fogaça,2023-06-02T16:56:54Z
619602,Damisel·la d'aleta fosca,ca,"","",,Catalan,José Pedro De Campos Fogaça,2023-06-02T16:57:39Z
483889,Damisel·la orbicular,ca,"","",,Catalan,José Pedro De Campos Fogaça,2023-06-02T16:58:21Z
619603,Damisel·la de Silolona,ca,"","",,Catalan,José Pedro De Campos Fogaça,2023-06-02T16:58:49Z
619604,Damisel·la de Ternate,ca,"","",,Catalan,José Pedro De Campos Fogaça,2023-06-02T16:59:20Z
1315921,Fals dascyllus,ca,"","",,Catalan,José Pedro De Campos Fogaça,2023-06-02T17:00:35Z
181016,Damisel·la de ratlles negres,ca,"","",,Catalan,José Pedro De Campos Fogaça,2023-06-02T17:02:43Z
619605,Damisel·la de Banggai,ca,"","",,Catalan,José Pedro De Campos Fogaça,2023-06-02T17:03:14Z
1315208,Damisel·la de Kuiter,ca,"","",,Catalan,José Pedro De Campos Fogaça,2023-06-02T17:03:39Z
1316560,Damisel·la ratllada de cua taronja,ca,"","",,Catalan,José Pedro De Campos Fogaça,2023-06-02T17:04:34Z
619606,Damisel·la vietnamita,ca,"","",,Catalan,José Pedro De Campos Fogaça,2023-06-02T17:06:22Z
424709,Damisel·la petonadora,ca,"","",,Catalan,José Pedro De Campos Fogaça,2023-06-02T17:08:00Z
619644,Damisel·la blanca,ca,"","",,Catalan,José Pedro De Campos Fogaça,2023-06-02T20:44:01Z
619645,Damisel·la de Arnaz,ca,"","",,Catalan,José Pedro De Campos Fogaça,2023-06-02T20:44:28Z
341387,Damisel·la de dos ocells,ca,"","",,Catalan,José Pedro De Campos Fogaça,2023-06-02T20:47:33Z
357900,Damisel·la de Bleeker,ca,"","",,Catalan,José Pedro De Campos Fogaça,2023-06-02T20:48:09Z
57339,Damisel·la de ratlles blanques,ca,"","",,Catalan,José Pedro De Campos Fogaça,2023-06-02T20:49:27Z
786390,Damisel·la de pit daurada,ca,"","",,Catalan,José Pedro De Campos Fogaça,2023-06-02T20:51:11Z
179869,Damisel·la de línia blava,ca,"","",,Catalan,José Pedro De Campos Fogaça,2023-06-02T20:51:58Z
516358,Damisel·la d'esquena grisa,ca,"","",,Catalan,José Pedro De Campos Fogaça,2023-06-02T20:53:14Z
424895,Damisel·la d'esquena taronja,ca,"","",,Catalan,José Pedro De Campos Fogaça,2023-06-02T20:53:58Z
179849,Damisel·la safir,ca,"","",,Catalan,José Pedro De Campos Fogaça,2023-06-02T20:55:02Z
424789,Damisel·la blau porpra,ca,"","",,Catalan,José Pedro De Campos Fogaça,2023-06-02T21:00:25Z
1314678,Damisel·la blau clar,ca,"","",,Catalan,José Pedro De Campos Fogaça,2023-06-02T21:01:43Z
97804,Damisel·la blau d'esquena daurada,ca,"","",,Catalan,José Pedro De Campos Fogaça,2023-06-02T21:02:39Z
502788,Damisel·la canari,ca,"","",,Catalan,José Pedro De Campos Fogaça,2023-06-02T21:04:00Z
619646,Damisel·la de Giti,ca,"","",,Catalan,José Pedro De Campos Fogaça,2023-06-02T21:04:33Z
204591,Damisel·la blau pàl·lid,ca,"","",,Catalan,José Pedro De Campos Fogaça,2023-06-02T21:05:27Z
470653,Damisel·la de Kupang,ca,"","",,Catalan,José Pedro De Campos Fogaça,2023-06-02T21:06:02Z
1224641,Damisel·la de Okinawa,ca,"","",,Catalan,José Pedro De Campos Fogaça,2023-06-02T21:08:03Z
1314677,Damisel·la de front cian,ca,"","",,Catalan,José Pedro De Campos Fogaça,2023-06-02T21:09:47Z
619648,Damisel·la blau fosc,ca,"","",,Catalan,José Pedro De Campos Fogaça,2023-06-02T21:10:34Z
491938,Damisel·la del sud,ca,"","",,Catalan,José Pedro De Campos Fogaça,2023-06-02T21:11:44Z
344016,Damisel·la de Timor,ca,"","",,Catalan,José Pedro De Campos Fogaça,2023-06-02T21:18:01Z
1314676,Damisel·la blau de Papua,ca,"","",,Catalan,José Pedro De Campos Fogaça,2023-06-02T21:49:39Z
338158,Damisel·la de cua groga,ca,"","",,Catalan,José Pedro De Campos Fogaça,2023-06-02T21:50:30Z
619649,Damisel·la blau de ventre pàl·lid,ca,"","",,Catalan,José Pedro De Campos Fogaça,2023-06-02T21:52:38Z
493745,Damisel·la rapa nui,ca,"","",,Catalan,José Pedro De Campos Fogaça,2023-06-02T21:53:05Z
344375,Damisel·la rei,ca,"","",,Catalan,José Pedro De Campos Fogaça,2023-06-03T00:09:08Z
145525,Damisel·la de Rolland,ca,"","",,Catalan,José Pedro De Campos Fogaça,2023-06-03T00:09:48Z
619650,Damisel·la fosca,ca,"","",,Catalan,José Pedro De Campos Fogaça,2023-06-03T00:10:49Z
619651,Damisel·la blau del Bismarck,ca,"","",,Catalan,José Pedro De Campos Fogaça,2023-06-03T00:12:35Z
135192,Damisel·la de Springer,ca,"","",,Catalan,José Pedro De Campos Fogaça,2023-06-03T00:13:46Z
468752,Damisel·la de Starck,ca,"","",,Catalan,José Pedro De Campos Fogaça,2023-06-03T00:14:22Z
271308,Damisel·la ocel·lada,ca,"","",,Catalan,José Pedro De Campos Fogaça,2023-06-03T00:15:39Z
181017,Damisel·la de Fiji,ca,"","",,Catalan,José Pedro De Campos Fogaça,2023-06-03T00:18:15Z
619652,Damisel·la de cap porpra,ca,"","",,Catalan,José Pedro De Campos Fogaça,2023-06-03T00:19:27Z
338073,Damisel·la de punt marginat,ca,"","",,Catalan,José Pedro De Campos Fogaça,2023-06-03T00:22:07Z
1314058,Damisel·la blau brillant,ca,"","",,Catalan,José Pedro De Campos Fogaça,2023-06-03T00:24:03Z
346146,Damisel·la de punt blanc,ca,"","",,Catalan,José Pedro De Campos Fogaça,2023-06-03T00:27:06Z
530718,Damisel·la de Darwin,ca,"","",,Catalan,José Pedro De Campos Fogaça,2023-06-03T00:27:55Z
565923,Damisel·la ratllada indonèsia,ca,"","",,Catalan,José Pedro De Campos Fogaça,2023-06-03T00:29:38Z
318321,Damisel·la de ventre tacat,ca,"","",,Catalan,José Pedro De Campos Fogaça,2023-06-03T00:32:17Z
123458,Damisel·la neu,ca,"","",,Catalan,José Pedro De Campos Fogaça,2023-06-03T00:33:23Z
326585,Damisel·la mel,ca,"","",,Catalan,José Pedro De Campos Fogaça,2023-06-03T00:33:57Z
84799,Damisel·la monarca,ca,"","",,Catalan,José Pedro De Campos Fogaça,2023-06-03T00:34:34Z
345864,Damisel·la de atol,ca,"","",,Catalan,José Pedro De Campos Fogaça,2023-06-03T00:35:31Z
619656,Damisel·la de punt fosc,ca,"","",,Catalan,José Pedro De Campos Fogaça,2023-06-03T00:37:33Z
495187,Damisel·la obscura,ca,"","",,Catalan,José Pedro De Campos Fogaça,2023-06-03T00:38:38Z
272537,Damisel·la de Cross,ca,"","",,Catalan,José Pedro De Campos Fogaça,2023-06-03T00:39:18Z
132370,Damisel·la de corbata,ca,"","",,Catalan,José Pedro De Campos Fogaça,2023-06-03T00:40:22Z
619657,Damisel·la de cap ratllat del est,ca,"","",,Catalan,José Pedro De Campos Fogaça,2023-06-03T00:42:07Z
135284,Damisel·la de Cuvier,ca,"","",,Catalan,José Pedro De Campos Fogaça,2023-06-03T00:43:32Z
325534,Damisel·la de línies neó,ca,"","",,Catalan,José Pedro De Campos Fogaça,2023-06-03T00:44:40Z
424819,Damisel·la d'aleta espinosa,ca,"","",,Catalan,José Pedro De Campos Fogaça,2023-06-03T00:45:40Z
153273,Damisel·la de cap ratllat del oest,ca,"","",,Catalan,José Pedro De Campos Fogaça,2023-06-03T00:46:25Z
871166,Damisel·la del oest australià,ca,"","",,Catalan,José Pedro De Campos Fogaça,2023-06-03T00:48:24Z
57335,Damisel·la platejada,ca,"","",,Catalan,José Pedro De Campos Fogaça,2023-06-03T00:49:05Z
187772,Damisel·la de manglar de Papua,ca,"","",,Catalan,José Pedro De Campos Fogaça,2023-06-03T00:50:16Z
154433,Damisel·la de cua daurada,ca,"","",,Catalan,José Pedro De Campos Fogaça,2023-06-03T00:51:38Z
106835,Damisel·la xinesa,ca,"","",,Catalan,José Pedro De Campos Fogaça,2023-06-03T00:52:26Z
358376,Damisel·la de cua creixent,ca,"","",,Catalan,José Pedro De Campos Fogaça,2023-06-03T00:54:08Z
451071,Damisel·la marró,ca,"","",,Catalan,José Pedro De Campos Fogaça,2023-06-03T00:54:42Z
1313195,Damisel·la del Mar Roja,ca,"","",,Catalan,José Pedro De Campos Fogaça,2023-06-03T00:55:39Z
619659,Damisel·la zulú,ca,"","",,Catalan,José Pedro De Campos Fogaça,2023-06-03T00:57:06Z
410716,Damisel·la metàl·lica,ca,"","",,Catalan,José Pedro De Campos Fogaça,2023-06-03T00:57:44Z
458009,Damisel·la de Miry,ca,"","",,Catalan,José Pedro De Campos Fogaça,2023-06-03T00:58:19Z
346145,Damisel·la coral·lí,ca,"","",,Catalan,José Pedro De Campos Fogaça,2023-06-03T00:59:03Z
619660,Damisel·la àrab,ca,"","",,Catalan,José Pedro De Campos Fogaça,2023-06-03T00:59:37Z
619661,Damisel·la graciosa,ca,"","",,Catalan,José Pedro De Campos Fogaça,2023-06-03T01:01:46Z
187773,Damisel·la de manglar del Pacífic,ca,"","",,Catalan,José Pedro De Campos Fogaça,2023-06-03T01:02:43Z
325502,Damisel·la violeta,ca,"","",,Catalan,José Pedro De Campos Fogaça,2023-06-03T01:03:23Z
119717,Damisel·la tropical,ca,"","",,Catalan,José Pedro De Campos Fogaça,2023-06-03T01:04:04Z
338575,Damisel·la mig punt,ca,"","",,Catalan,José Pedro De Campos Fogaça,2023-06-03T14:29:16Z
619665,Damisel·la de Agassiz,ca,"","",,Catalan,José Pedro De Campos Fogaça,2023-06-03T14:29:50Z
786391,Damisel·la de Palau,ca,"","",,Catalan,José Pedro De Campos Fogaça,2023-06-03T14:30:46Z
458016,Damisel·la burguesa,ca,"","",,Catalan,José Pedro De Campos Fogaça,2023-06-03T14:32:37Z
619666,Damisel·la de cua ensellada,ca,"","",,Catalan,José Pedro De Campos Fogaça,2023-06-03T14:33:25Z
359124,Damisel·la de Alexander,ca,"","",,Catalan,José Pedro De Campos Fogaça,2023-06-03T14:34:01Z
486019,Damisel·la blau neó,ca,"","",,Catalan,José Pedro De Campos Fogaça,2023-06-03T14:34:50Z
325535,Damisel·la de Ambon,ca,"","",,Catalan,José Pedro De Campos Fogaça,2023-06-03T14:38:54Z
1313385,Damisel·la de les Illes Andaman,ca,"","",,Catalan,José Pedro De Campos Fogaça,2023-06-03T14:40:39Z
458019,Damisel·la crepuscular,ca,"","",,Catalan,José Pedro De Campos Fogaça,2023-06-03T14:42:16Z
619667,Damisel·la d'Oman,ca,"","",,Catalan,José Pedro De Campos Fogaça,2023-06-03T15:12:56Z
619669,Damisel·la de Madagascar,ca,"","",,Catalan,José Pedro De Campos Fogaça,2023-06-03T15:27:26Z
424708,Damisel·la de cap daurat,ca,"","",,Catalan,José Pedro De Campos Fogaça,2023-06-03T15:30:27Z
143044,Damisel·la blau reial,ca,"","",,Catalan,José Pedro De Campos Fogaça,2023-06-03T15:31:05Z
508476,Damisel·la australiana,ca,"","",,Catalan,José Pedro De Campos Fogaça,2023-06-03T15:32:05Z
619670,Damisel·la blau d'Indonèsia,ca,"","",,Catalan,José Pedro De Campos Fogaça,2023-06-03T15:33:09Z
619671,Damisel·la d'esquena de mel,ca,"","",,Catalan,José Pedro De Campos Fogaça,2023-06-03T15:33:57Z
1254052,Damisel·la de Bangladesh,ca,"","",,Catalan,José Pedro De Campos Fogaça,2023-06-03T15:34:44Z
181026,Damisel·la flama,ca,"","",,Catalan,José Pedro De Campos Fogaça,2023-06-03T15:35:31Z
1314246,Damisel·la de boca blava,ca,"","",,Catalan,José Pedro De Campos Fogaça,2023-06-03T19:09:31Z
619672,Damisel·la de Bintan,ca,"","",,Catalan,José Pedro De Campos Fogaça,2023-06-03T19:10:26Z
619673,Damisel·la del nord,ca,"","",,Catalan,José Pedro De Campos Fogaça,2023-06-03T19:15:06Z
334964,Damisel·la fumada,ca,"","",,Catalan,José Pedro De Campos Fogaça,2023-06-03T19:17:04Z
346141,Damisel·la de Burrough,ca,"","",,Catalan,José Pedro De Campos Fogaça,2023-06-03T19:17:48Z
619674,Damisel·la blau índia,ca,"","",,Catalan,José Pedro De Campos Fogaça,2023-06-03T19:19:25Z
341863,Damisel·la ceruleana,ca,"","",,Catalan,José Pedro De Campos Fogaça,2023-06-03T19:21:08Z
110023,Damisel·la verda,ca,"","",,Catalan,José Pedro De Campos Fogaça,2023-06-03T19:21:42Z
447759,Damisel·la de les Ryūkyū,ca,"","",,Catalan,José Pedro De Campos Fogaça,2023-06-03T19:26:33Z
132371,Damisel·la blau del Pacífic,ca,"","",,Catalan,José Pedro De Campos Fogaça,2023-06-03T19:27:44Z
619676,Damisel·la de Colin,ca,"","",,Catalan,José Pedro De Campos Fogaça,2023-06-03T19:28:24Z
319354,Damisel·la blau gris,ca,"","",,Catalan,José Pedro De Campos Fogaça,2023-06-03T19:29:39Z
1015407,Damisel·la opalescent,ca,"","",,Catalan,José Pedro De Campos Fogaça,2023-06-03T19:31:26Z
473380,xuclamel de roca,ca,"","",,Catalan,Salvador Prat Oller,2023-06-04T10:05:34Z
577945,Damisel·la d'escull,ca,"","",,Catalan,José Pedro De Campos Fogaça,2023-06-04T14:44:59Z
619677,Damisel·la de Fakfak,ca,"","",,Catalan,José Pedro De Campos Fogaça,2023-06-04T14:45:36Z
1015406,Damisel·la d'ulls grocs,ca,"","",,Catalan,José Pedro De Campos Fogaça,2023-06-04T14:46:11Z
786392,Damisel·la de taca daurada,ca,"","",,Catalan,José Pedro De Campos Fogaça,2023-06-04T14:47:34Z
619678,Damisel·la fantasma,ca,"","",,Catalan,José Pedro De Campos Fogaça,2023-06-04T14:50:21Z
318933,Damisel·la de petites taques blaves,ca,"","",,Catalan,José Pedro De Campos Fogaça,2023-06-04T14:51:18Z
448412,Damisel·la imitadora,ca,"","",,Catalan,José Pedro De Campos Fogaça,2023-06-04T14:52:05Z
447758,Damisel·la índia,ca,"","",,Catalan,José Pedro De Campos Fogaça,2023-06-04T14:52:48Z
619679,Damisel·la de Java,ca,"","",,Catalan,José Pedro De Campos Fogaça,2023-06-04T14:53:53Z
619680,Damisel·la de Komodo,ca,"","",,Catalan,José Pedro De Campos Fogaça,2023-06-04T14:54:44Z
311360,Damisel·la d'esquena groga,ca,"","",,Catalan,José Pedro De Campos Fogaça,2023-06-04T14:55:40Z
429982,Damisel·la del golf,ca,"","",,Catalan,José Pedro De Campos Fogaça,2023-06-04T14:57:14Z
530720,Damisel·la cafè,ca,"","",,Catalan,José Pedro De Campos Fogaça,2023-06-04T14:57:51Z
530721,Damisel·la de Singapur,ca,"","",,Catalan,José Pedro De Campos Fogaça,2023-06-04T14:59:43Z
495189,Damisel·la sol,ca,"","",,Catalan,José Pedro De Campos Fogaça,2023-06-04T15:00:27Z
537726,Damisel·la d'escala fosca,ca,"","",,Catalan,José Pedro De Campos Fogaça,2023-06-04T15:01:18Z
619681,Damisel·la d'Indonèsia,ca,"","",,Catalan,José Pedro De Campos Fogaça,2023-06-04T15:02:52Z
568871,Damisel·la blau elegant,ca,"","",,Catalan,José Pedro De Campos Fogaça,2023-06-04T15:03:51Z
109315,Barb roig,ca,"","",,Catalan,Marc,2023-06-06T08:16:25Z
461835,cornera,ca,"","",,Catalan,Alba Rovira,2023-06-09T07:42:56Z
55795,Lúzula campestre,ca,"","",,Catalan,Alba Rovira,2023-06-09T07:51:06Z
485810,tèsium alpí,ca,"","",,Catalan,Salvador Prat Oller,2023-06-14T21:51:16Z
501527,draba pirinenca,ca,"","",,Catalan,Salvador Prat Oller,2023-06-17T08:57:29Z
332306,flor de neu,ca,"","",,Catalan,Salvador Prat Oller,2023-06-17T09:11:52Z
130482,Guixó groc,ca,"","",,Catalan,Alba Rovira,2023-06-17T17:10:14Z
334743,Guixa borda,ca,"","",,Catalan,Alba Rovira,2023-06-17T17:17:24Z
491542,Damisel·la grisada,ca,"","",,Catalan,José Pedro De Campos Fogaça,2023-06-17T18:21:30Z
110024,Damisel·la de Miller,ca,"","",,Catalan,José Pedro De Campos Fogaça,2023-06-17T18:22:08Z
181028,Damisel·la de les Moluques,ca,"","",,Catalan,José Pedro De Campos Fogaça,2023-06-17T18:22:57Z
358838,Damisel·la de Nagasaki,ca,"","",,Catalan,José Pedro De Campos Fogaça,2023-06-17T18:24:02Z
786393,Damisel·la de raig negre,ca,"","",,Catalan,José Pedro De Campos Fogaça,2023-06-17T18:24:55Z
332372,Damisel·la d'esquena daurada,ca,"","",,Catalan,José Pedro De Campos Fogaça,2023-06-17T18:26:55Z
181027,Damisel·la d'axil·la negra,ca,"","",,Catalan,José Pedro De Campos Fogaça,2023-06-17T18:29:32Z
559534,Damisel·la xocolata,ca,"","",,Catalan,José Pedro De Campos Fogaça,2023-06-17T18:31:57Z
424314,Damisel·la filipina,ca,"","",,Catalan,José Pedro De Campos Fogaça,2023-06-17T18:33:11Z
619682,Damisel·la llimona,ca,"","",,Catalan,José Pedro De Campos Fogaça,2023-06-17T18:34:49Z
619683,Damisel·la tailandesa,ca,"","",,Catalan,José Pedro De Campos Fogaça,2023-06-17T18:36:09Z
619684,Damisel·la de Colombo,ca,"","",,Catalan,José Pedro De Campos Fogaça,2023-06-17T18:36:56Z
181025,Damisel·la d'ulls blaus,ca,"","",,Catalan,José Pedro De Campos Fogaça,2023-06-17T18:38:07Z
619685,Damisel·la de Rodrigues,ca,"","",,Catalan,José Pedro De Campos Fogaça,2023-06-17T18:40:27Z
619686,Damisel·la de Anton,ca,"","",,Catalan,José Pedro De Campos Fogaça,2023-06-17T18:41:07Z
325673,Damisel·la blau de les Illes Andaman,ca,"","",,Catalan,José Pedro De Campos Fogaça,2023-06-17T18:43:55Z
181029,Damisel·la llum,ca,"","",,Catalan,José Pedro De Campos Fogaça,2023-06-17T18:46:29Z
110025,Damisel·la d'esquena verda,ca,"","",,Catalan,José Pedro De Campos Fogaça,2023-06-17T18:47:37Z
495525,Damisel·la de galta tacada,ca,"","",,Catalan,José Pedro De Campos Fogaça,2023-06-17T18:48:32Z
619687,Damisel·la d'aleta punteada,ca,"","",,Catalan,José Pedro De Campos Fogaça,2023-06-17T18:50:18Z
119310,Damisel·la sofre,ca,"","",,Catalan,José Pedro De Campos Fogaça,2023-06-17T18:52:25Z
619688,Damisel·la de aigua salobre,ca,"","",,Catalan,José Pedro De Campos Fogaça,2023-06-17T18:53:40Z
354587,Damisel·la d'escala negra,ca,"","",,Catalan,José Pedro De Campos Fogaça,2023-06-17T18:55:51Z
458011,Damisel·la de tres línies,ca,"","",,Catalan,José Pedro De Campos Fogaça,2023-06-17T18:56:42Z
55185,Damisel·la de tres ocel·lus,ca,"","",,Catalan,José Pedro De Campos Fogaça,2023-06-17T18:57:28Z
1416250,Damisel·la ombra,ca,"","",,Catalan,José Pedro De Campos Fogaça,2023-06-17T18:58:33Z
135270,Damisel·la princesa,ca,"","",,Catalan,José Pedro De Campos Fogaça,2023-06-17T18:59:24Z
110026,Damisel·la de Ward,ca,"","",,Catalan,José Pedro De Campos Fogaça,2023-06-17T19:00:04Z
619689,Damisel·la pit clar,ca,"","",,Catalan,José Pedro De Campos Fogaça,2023-06-17T19:02:25Z
619690,Damisel·la de front morat,ca,"","",,Catalan,José Pedro De Campos Fogaça,2023-06-17T19:03:32Z
619691,Damisel·la príncep,ca,"","",,Catalan,José Pedro De Campos Fogaça,2023-06-17T19:07:55Z
619692,Damisel·la tahitiana,ca,"","",,Catalan,José Pedro De Campos Fogaça,2023-06-17T19:08:38Z
619693,Damisel·la de Guam,ca,"","",,Catalan,José Pedro De Campos Fogaça,2023-06-17T19:10:17Z
334965,Damisel·la de Richardson,ca,"","",,Catalan,José Pedro De Campos Fogaça,2023-06-17T19:10:49Z
458021,Damisel·la brillant,ca,"","",,Catalan,José Pedro De Campos Fogaça,2023-06-17T19:13:02Z
458025,Damisel·la blau platejat,ca,"","",,Catalan,José Pedro De Campos Fogaça,2023-06-17T19:14:31Z
113829,Castanyoleta de Jordan,ca,"","",,Catalan,José Pedro De Campos Fogaça,2023-06-17T19:15:22Z
68640,Peix llapis d'estuari,ca,"","",,Catalan,José Pedro De Campos Fogaça,2023-06-17T19:43:55Z
187534,Fals peix lloro,ca,"","",,Catalan,José Pedro De Campos Fogaça,2023-06-17T19:44:52Z
68643,Peix maori gris,ca,"","",,Catalan,José Pedro De Campos Fogaça,2023-06-17T19:46:14Z
68647,Peix maori de punts blaus,ca,"","",,Catalan,José Pedro De Campos Fogaça,2023-06-17T19:47:10Z
68645,Peix maori comú,ca,"","",,Catalan,José Pedro De Campos Fogaça,2023-06-17T19:48:08Z
180920,Peix maori boca de lloro,ca,"","",,Catalan,José Pedro De Campos Fogaça,2023-06-17T19:49:24Z
359492,Pastanaga borda,ca,"","",,Catalan,Alba Rovira,2023-06-17T19:53:47Z
112704,Peix llapis trompeta,ca,"","",,Catalan,José Pedro De Campos Fogaça,2023-06-17T19:56:10Z
54849,Saulic,ca,"","",,Catalan,Alba Rovira,2023-06-17T20:04:29Z
95867,Peix lloro de front gran,ca,"","",,Catalan,José Pedro De Campos Fogaça,2023-06-17T20:05:41Z
97097,Peix lloro bicolor,ca,"","",,Catalan,José Pedro De Campos Fogaça,2023-06-17T20:06:28Z
97098,Peix lloro ocel·lat,ca,"","",,Catalan,José Pedro De Campos Fogaça,2023-06-17T20:07:49Z
97636,Peix lloro lluna,ca,"","",,Catalan,José Pedro De Campos Fogaça,2023-06-17T20:08:50Z
97637,Peix lloro de Bleeker,ca,"","",,Catalan,José Pedro De Campos Fogaça,2023-06-17T20:09:17Z
97638,Peix lloro de Bowers,ca,"","",,Catalan,José Pedro De Campos Fogaça,2023-06-17T20:11:37Z
97639,Peix lloro de marge rosa,ca,"","",,Catalan,José Pedro De Campos Fogaça,2023-06-17T20:13:07Z
97640,Peix lloro d'escates verdes,ca,"","",,Catalan,José Pedro De Campos Fogaça,2023-06-17T20:13:50Z
97641,Peix lloro cian,ca,"","",,Catalan,José Pedro De Campos Fogaça,2023-06-17T20:15:09Z
97642,Peix lloro crestat,ca,"","",,Catalan,José Pedro De Campos Fogaça,2023-06-17T20:15:43Z
97643,Peix lloro galta violeta,ca,"","",,Catalan,José Pedro De Campos Fogaça,2023-06-17T20:16:24Z
68027,Peix lloro del paradís,ca,"","",,Catalan,José Pedro De Campos Fogaça,2023-06-17T20:17:52Z
49930,Peix lloro japonès,ca,"","",,Catalan,José Pedro De Campos Fogaça,2023-06-17T20:18:33Z
68026,Peix lloro del Pacífic,ca,"","",,Catalan,José Pedro De Campos Fogaça,2023-06-17T20:19:50Z
97644,Peix lloro cap de meló,ca,"","",,Catalan,José Pedro De Campos Fogaça,2023-06-17T20:20:44Z
97645,Peix lloro arc de Sant Martí hawaià,ca,"","",,Catalan,José Pedro De Campos Fogaça,2023-06-17T20:22:20Z
97646,Peix lloro cua de raspall,ca,"","",,Catalan,José Pedro De Campos Fogaça,2023-06-17T20:23:55Z
68028,Peix lloro esvelt,ca,"","",,Catalan,José Pedro De Campos Fogaça,2023-06-17T20:25:22Z
187233,Peix lloro de Pitcairn,ca,"","",,Catalan,José Pedro De Campos Fogaça,2023-06-17T20:26:48Z
97647,Peix lloro arc de Sant Martí indi,ca,"","",,Catalan,José Pedro De Campos Fogaça,2023-06-17T20:28:48Z
97648,Peix lloro de Troschel,ca,"","",,Catalan,José Pedro De Campos Fogaça,2023-06-17T20:29:33Z
102860,Peix lloro de nas llarga indi,ca,"","",,Catalan,José Pedro De Campos Fogaça,2023-06-17T20:31:23Z
102861,Peix lloro de nas llarga del Pacífic,ca,"","",,Catalan,José Pedro De Campos Fogaça,2023-06-17T20:31:57Z
112130,Peix lloro d'aleta filamentosa,ca,"","",,Catalan,José Pedro De Campos Fogaça,2023-06-17T20:32:56Z
112131,Peix lloro àrab,ca,"","",,Catalan,José Pedro De Campos Fogaça,2023-06-17T20:33:42Z
112132,Peix lloro de cua ratllada,ca,"","",,Catalan,José Pedro De Campos Fogaça,2023-06-17T20:34:17Z
112133,Peix lloro camaleó,ca,"","",,Catalan,José Pedro De Campos Fogaça,2023-06-17T20:36:16Z
112134,Peix lloro xinès,ca,"","",,Catalan,José Pedro De Campos Fogaça,2023-06-17T20:37:18Z
112135,Peix lloro blau fosc,ca,"","",,Catalan,José Pedro De Campos Fogaça,2023-06-17T20:38:04Z
112136,Peix lloro blau del Carib,ca,"","",,Catalan,José Pedro De Campos Fogaça,2023-06-17T20:38:54Z
112137,Peix lloro del Mar Roja,ca,"","",,Catalan,José Pedro De Campos Fogaça,2023-06-17T20:39:33Z
83296,Peix lloro blau del golf,ca,"","",,Catalan,José Pedro De Campos Fogaça,2023-06-17T20:42:05Z
112138,Peix lloro de sella blau,ca,"","",,Catalan,José Pedro De Campos Fogaça,2023-06-17T20:42:56Z
112139,Peix lloro reial,ca,"","",,Catalan,José Pedro De Campos Fogaça,2023-06-17T20:43:21Z
112140,Peix lloro indi,ca,"","",,Catalan,José Pedro De Campos Fogaça,2023-06-17T20:44:27Z
112141,Peix lloro d'Àqaba,ca,"","",,Catalan,José Pedro De Campos Fogaça,2023-06-17T20:46:38Z
112142,Peix lloro festiu,ca,"","",,Catalan,José Pedro De Campos Fogaça,2023-06-17T20:48:20Z
112143,Peix lloro arc de Sant Martí del Pacífic,ca,"","",,Catalan,José Pedro De Campos Fogaça,2023-06-17T20:49:12Z
112144,Peix lloro tricolor,ca,"","",,Catalan,José Pedro De Campos Fogaça,2023-06-17T20:49:58Z
112145,Peix lloro de cua blava,ca,"","",,Catalan,José Pedro De Campos Fogaça,2023-06-17T20:51:29Z
112146,Peix lloro de les Ryūkyū,ca,"","",,Catalan,José Pedro De Campos Fogaça,2023-06-17T20:52:39Z
112147,Peix lloro morat,ca,"","",,Catalan,José Pedro De Campos Fogaça,2023-06-17T20:53:42Z
84175,Peix lloro de Forsskål,ca,"","",,Catalan,José Pedro De Campos Fogaça,2023-06-17T20:54:52Z
68029,Peix lloro de línia violeta,ca,"","",,Catalan,José Pedro De Campos Fogaça,2023-06-17T20:55:34Z
620274,Peix lloro mandarí,ca,"","",,Catalan,José Pedro De Campos Fogaça,2023-06-17T20:56:32Z
112148,Peix lloro de cap taronja,ca,"","",,Catalan,José Pedro De Campos Fogaça,2023-06-17T20:57:58Z
112149,Peix lloro de Macaronèsia,ca,"","",,Catalan,José Pedro De Campos Fogaça,2023-06-17T20:59:14Z
112150,Peix lloro de cua groga,ca,"","",,Catalan,José Pedro De Campos Fogaça,2023-06-17T21:00:25Z
49690,Peix lloro coral·lí,ca,"","",,Catalan,José Pedro De Campos Fogaça,2023-06-17T21:02:55Z
112151,Peix lloro de les Marqueses,ca,"","",,Catalan,José Pedro De Campos Fogaça,2023-06-17T21:04:03Z
112152,Peix lloro mariner,ca,"","",,Catalan,José Pedro De Campos Fogaça,2023-06-17T21:05:16Z
112153,Peix lloro tailandès,ca,"","",,Catalan,José Pedro De Campos Fogaça,2023-06-17T21:06:47Z
68025,Peix lloro fosc,ca,"","",,Catalan,José Pedro De Campos Fogaça,2023-06-17T21:07:31Z
112154,Peix lloro de barra groga,ca,"","",,Catalan,José Pedro De Campos Fogaça,2023-06-17T21:08:27Z
112155,Peix lloro blau de cap fosc,ca,"","",,Catalan,José Pedro De Campos Fogaça,2023-06-17T21:10:06Z
112156,Peix lloro de Tòquio,ca,"","",,Catalan,José Pedro De Campos Fogaça,2023-06-17T21:12:38Z
112157,Peix lloro mexicà,ca,"","",,Catalan,José Pedro De Campos Fogaça,2023-06-17T21:14:29Z
112158,Peix lloro persa,ca,"","",,Catalan,José Pedro De Campos Fogaça,2023-06-17T21:15:09Z
112159,Peix lloro de Singapur,ca,"","",,Catalan,José Pedro De Campos Fogaça,2023-06-17T21:16:23Z
52498,Peix lloro arc de Sant Martí comú,ca,"","",,Catalan,José Pedro De Campos Fogaça,2023-06-17T21:16:55Z
112160,Peix lloro ventre de lavanda,ca,"","",,Catalan,José Pedro De Campos Fogaça,2023-06-17T21:18:01Z
112161,Peix lloro de atol,ca,"","",,Catalan,José Pedro De Campos Fogaça,2023-06-17T21:19:00Z
83297,Peix lloro brasa,ca,"","",,Catalan,José Pedro De Campos Fogaça,2023-06-17T21:20:47Z
112162,Peix lloro eclipsi,ca,"","",,Catalan,José Pedro De Campos Fogaça,2023-06-17T21:21:27Z
112163,Peix lloro de les Illes Mascarenyes,ca,"","",,Catalan,José Pedro De Campos Fogaça,2023-06-17T21:22:22Z
112164,Peix lloro arc de Sant Martí fosc,ca,"","",,Catalan,José Pedro De Campos Fogaça,2023-06-17T21:23:16Z
112165,Peix lloro blau i verd,ca,"","",,Catalan,José Pedro De Campos Fogaça,2023-06-17T21:24:14Z
112166,Peix lloro princesa,ca,"","",,Catalan,José Pedro De Campos Fogaça,2023-06-17T21:25:48Z
112167,Peix lloro arc de Sant Martí de l'Indopacífic,ca,"","",,Catalan,José Pedro De Campos Fogaça,2023-06-17T21:27:03Z
112168,Peix lloro blau brasiler,ca,"","",,Catalan,José Pedro De Campos Fogaça,2023-06-17T21:27:51Z
112169,Peix lloro reina,ca,"","",,Catalan,José Pedro De Campos Fogaça,2023-06-17T21:28:58Z
112170,Peix lloro llavi verd,ca,"","",,Catalan,José Pedro De Campos Fogaça,2023-06-17T21:30:15Z
112171,Peix lloro vermell,ca,"","",,Catalan,José Pedro De Campos Fogaça,2023-06-17T21:30:46Z
49691,Peix lloro arc de Sant Martí brasiler,ca,"","",,Catalan,José Pedro De Campos Fogaça,2023-06-17T21:31:27Z
112172,Peix lloro rei,ca,"","",,Catalan,José Pedro De Campos Fogaça,2023-06-17T21:32:32Z
96498,Peix lloro de les Carolines,ca,"","",,Catalan,José Pedro De Campos Fogaça,2023-06-17T21:34:33Z
96499,Peix lloro nipònic,ca,"","",,Catalan,José Pedro De Campos Fogaça,2023-06-17T21:35:03Z
96500,Peix lloro de dents dures,ca,"","",,Catalan,José Pedro De Campos Fogaça,2023-06-17T21:36:11Z
96501,Peix lloro pintat,ca,"","",,Catalan,José Pedro De Campos Fogaça,2023-06-17T21:36:51Z
96502,Peix lloro hawaià,ca,"","",,Catalan,José Pedro De Campos Fogaça,2023-06-17T21:37:44Z
98731,Peix lloro crioll,ca,"","",,Catalan,José Pedro De Campos Fogaça,2023-06-17T21:38:42Z
104344,Peix lloro d'algues,ca,"","",,Catalan,José Pedro De Campos Fogaça,2023-06-17T21:40:21Z
187777,Peix lloro de Collette,ca,"","",,Catalan,José Pedro De Campos Fogaça,2023-06-17T21:41:14Z
107024,Peix lloro de les Galápagos,ca,"","",,Catalan,José Pedro De Campos Fogaça,2023-06-17T21:59:47Z
107025,Peix lloro maragda,ca,"","",,Catalan,José Pedro De Campos Fogaça,2023-06-17T22:00:57Z
112856,Peix lloro de Ranzani,ca,"","",,Catalan,José Pedro De Campos Fogaça,2023-06-17T22:02:20Z
112857,Peix lloro nan,ca,"","",,Catalan,José Pedro De Campos Fogaça,2023-06-17T22:03:43Z
112858,Peix lloro de les Antilles,ca,"","",,Catalan,José Pedro De Campos Fogaça,2023-06-17T22:04:47Z
112859,Peix lloro d'ulls de sang,ca,"","",,Catalan,José Pedro De Campos Fogaça,2023-06-17T22:05:42Z
564561,Peix lloro africà,ca,"","",,Catalan,José Pedro De Campos Fogaça,2023-06-17T22:06:23Z
49929,Peix lloro de cua vermella,ca,"","",,Catalan,José Pedro De Campos Fogaça,2023-06-17T22:07:41Z
112860,Peix lloro del Mediterrània,ca,"","",,Catalan,José Pedro De Campos Fogaça,2023-06-17T22:10:06Z
112861,Peix lloro de Agassiz,ca,"","",,Catalan,José Pedro De Campos Fogaça,2023-06-17T22:11:09Z
112862,Peix lloro veneçolà,ca,"","",,Catalan,José Pedro De Campos Fogaça,2023-06-17T22:12:54Z
112863,Peix lloro críptic,ca,"","",,Catalan,José Pedro De Campos Fogaça,2023-06-17T22:14:26Z
620275,Peix lloro de Trindade,ca,"","",,Catalan,José Pedro De Campos Fogaça,2023-06-17T22:15:16Z
112864,Peix lloro tropical,ca,"","",,Catalan,José Pedro De Campos Fogaça,2023-06-17T22:16:39Z
112865,Peix lloro insular,ca,"","",,Catalan,José Pedro De Campos Fogaça,2023-06-17T22:17:29Z
112866,Peix lloro tuiupiranga,ca,"","",,Catalan,José Pedro De Campos Fogaça,2023-06-17T22:19:31Z
112867,Peix lloro d'escull,ca,"","",,Catalan,José Pedro De Campos Fogaça,2023-06-17T22:20:32Z
334750,trèvol muntanyenc,ca,"","",,Catalan,Alba Rovira,2023-06-18T20:22:41Z
450956,Coscoll,ca,"","",,Catalan,Alba Rovira,2023-06-18T20:30:01Z
49628,Peixos esquirol i peixos soldat,ca,"","",,Catalan,José Pedro De Campos Fogaça,2023-06-19T16:07:24Z
49626,Peix esquirol insular,ca,"","",,Catalan,José Pedro De Campos Fogaça,2023-06-19T16:09:08Z
49625,Peix esquirol d'espina llarga,ca,"","",,Catalan,José Pedro De Campos Fogaça,2023-06-19T16:10:44Z
194741,Peix esquirol platejat,ca,"","",,Catalan,José Pedro De Campos Fogaça,2023-06-19T16:12:05Z
121706,Peix esquirol de línies daurades,ca,"","",,Catalan,José Pedro De Campos Fogaça,2023-06-19T16:12:43Z
128191,Peix esquirol caribeny,ca,"","",,Catalan,José Pedro De Campos Fogaça,2023-06-19T16:14:46Z
194744,Peix esquirol d'aleta negra,ca,"","",,Catalan,José Pedro De Campos Fogaça,2023-06-19T16:16:13Z
1032193,Peix esquirol de Rarotonga,ca,"","",,Catalan,José Pedro De Campos Fogaça,2023-06-19T16:18:20Z
130526,Peix esquirol del sud,ca,"","",,Catalan,José Pedro De Campos Fogaça,2023-06-19T16:19:46Z
1449353,Peix esquirol mexicà,ca,"","",,Catalan,José Pedro De Campos Fogaça,2023-06-19T16:21:03Z
1314474,Peix esquirol de Borodino,ca,"","",,Catalan,José Pedro De Campos Fogaça,2023-06-19T16:23:59Z
147129,Peix esquirol d'aigües profundes,ca,"","",,Catalan,José Pedro De Campos Fogaça,2023-06-19T16:26:08Z
53573,Peix esquirol de cua pàl·lida,ca,"","",,Catalan,José Pedro De Campos Fogaça,2023-06-19T16:27:10Z
49623,Peix esquirol de línies fines,ca,"","",,Catalan,José Pedro De Campos Fogaça,2023-06-19T16:29:03Z
53567,Peix esquirol coronat,ca,"","",,Catalan,José Pedro De Campos Fogaça,2023-06-19T16:30:57Z
615480,Peix esquirol de les Ryūkyū,ca,"","",,Catalan,José Pedro De Campos Fogaça,2023-06-19T16:32:14Z
144012,Peix esquirol de cua vermella,ca,"","",,Catalan,José Pedro De Campos Fogaça,2023-06-19T16:35:46Z
476128,Peix esquirol africà,ca,"","",,Catalan,José Pedro De Campos Fogaça,2023-06-19T16:36:52Z
615481,Peix esquirol collaret,ca,"","",,Catalan,José Pedro De Campos Fogaça,2023-06-19T16:38:18Z
615482,Peix esquirol de les Txagos,ca,"","",,Catalan,José Pedro De Campos Fogaça,2023-06-19T16:39:32Z
615483,Peix esquirol nan,ca,"","",,Catalan,José Pedro De Campos Fogaça,2023-06-19T16:40:35Z
326690,Peix esquirol samurai,ca,"","",,Catalan,José Pedro De Campos Fogaça,2023-06-19T16:41:20Z
530171,Peix esquirol espinós,ca,"","",,Catalan,José Pedro De Campos Fogaça,2023-06-19T16:42:16Z
615484,Peix esquirol escamoso,ca,"","",,Catalan,José Pedro De Campos Fogaça,2023-06-19T16:42:58Z
504009,Peix esquirol groc,ca,"","",,Catalan,José Pedro De Campos Fogaça,2023-06-19T16:43:45Z
615485,Peix esquirol de Pitcairn,ca,"","",,Catalan,José Pedro De Campos Fogaça,2023-06-19T16:45:02Z
318921,Peix esquirol de dos tacats,ca,"","",,Catalan,José Pedro De Campos Fogaça,2023-06-19T16:46:30Z
447375,Peix esquirol de atol,ca,"","",,Catalan,José Pedro De Campos Fogaça,2023-06-19T16:47:20Z
615486,Peix esquirol de les Illes Caiman,ca,"","",,Catalan,José Pedro De Campos Fogaça,2023-06-19T16:54:13Z
530172,Peix esquirol de roca,ca,"","",,Catalan,José Pedro De Campos Fogaça,2023-06-19T18:28:33Z
53574,Peix esquirol de petites taques,ca,"","",,Catalan,José Pedro De Campos Fogaça,2023-06-19T18:30:03Z
360093,Peix esquirol vermell,ca,"","",,Catalan,José Pedro De Campos Fogaça,2023-06-19T18:30:39Z
347591,Peix esquirol de punta groga,ca,"","",,Catalan,José Pedro De Campos Fogaça,2023-06-19T18:31:21Z
615487,Peix esquirol de Shimizu,ca,"","",,Catalan,José Pedro De Campos Fogaça,2023-06-19T18:32:18Z
121460,Peix esquirol de sabre,ca,"","",,Catalan,José Pedro De Campos Fogaça,2023-06-19T18:33:25Z
615488,Peix esquirol del nord,ca,"","",,Catalan,José Pedro De Campos Fogaça,2023-06-19T18:34:23Z
127097,Peix esquirol taronja,ca,"","",,Catalan,José Pedro De Campos Fogaça,2023-06-19T18:35:13Z
127098,Peix esquirol rosat,ca,"","",,Catalan,José Pedro De Campos Fogaça,2023-06-19T18:35:55Z
194742,Peix esquirol violeta,ca,"","",,Catalan,José Pedro De Campos Fogaça,2023-06-19T18:36:45Z
615490,Peix esquirol de Wilhelm,ca,"","",,Catalan,José Pedro De Campos Fogaça,2023-06-19T18:37:21Z
122116,Peix esquirol hawaià,ca,"","",,Catalan,José Pedro De Campos Fogaça,2023-06-19T18:38:49Z
615467,Peix soldat de Agassiz,ca,"","",,Catalan,José Pedro De Campos Fogaça,2023-06-19T18:42:32Z
122504,Peix soldat fosc,ca,"","",,Catalan,José Pedro De Campos Fogaça,2023-06-19T18:43:44Z
204563,Peix soldat de Queensland,ca,"","",,Catalan,José Pedro De Campos Fogaça,2023-06-19T18:44:38Z
615468,Peix soldat de badia,ca,"","",,Catalan,José Pedro De Campos Fogaça,2023-06-19T18:46:23Z
615469,Peix soldat mucosat,ca,"","",,Catalan,José Pedro De Campos Fogaça,2023-06-19T18:48:30Z
49622,Peix soldat escamoso,ca,"","",,Catalan,José Pedro De Campos Fogaça,2023-06-19T18:49:53Z
199250,Peix soldat reial,ca,"","",,Catalan,José Pedro De Campos Fogaça,2023-06-19T18:50:29Z
530165,Peix soldat d'aleta groga,ca,"","",,Catalan,José Pedro De Campos Fogaça,2023-06-19T18:51:03Z
106365,Peix soldat de l'illa Clarión,ca,"","",,Catalan,José Pedro De Campos Fogaça,2023-06-19T18:52:06Z
357467,Peix soldat de les Marqueses,ca,"","",,Catalan,José Pedro De Campos Fogaça,2023-06-19T18:53:41Z
106366,Peix soldat mandarí,ca,"","",,Catalan,José Pedro De Campos Fogaça,2023-06-19T18:57:47Z
106367,Peix soldat de Clipperton,ca,"","",,Catalan,José Pedro De Campos Fogaça,2023-06-19T18:58:55Z
615470,Peix soldat japonès,ca,"","",,Catalan,José Pedro De Campos Fogaça,2023-06-19T18:59:36Z
451896,Peix soldat de dents dobles,ca,"","",,Catalan,José Pedro De Campos Fogaça,2023-06-19T19:00:26Z
49624,Peix soldat de l'Atlàntic,ca,"","",,Catalan,José Pedro De Campos Fogaça,2023-06-19T19:01:46Z
473427,Peix soldat escarlata,ca,"","",,Catalan,José Pedro De Campos Fogaça,2023-06-19T19:02:52Z
122505,Peix soldat d'escull,ca,"","",,Catalan,José Pedro De Campos Fogaça,2023-06-19T19:03:47Z
106368,Peix soldat del Pacífic,ca,"","",,Catalan,José Pedro De Campos Fogaça,2023-06-19T19:04:50Z
357466,Peix soldat comú,ca,"","",,Catalan,José Pedro De Campos Fogaça,2023-06-19T19:07:44Z
106369,Peix soldat ensangrentat,ca,"","",,Catalan,José Pedro De Campos Fogaça,2023-06-19T19:08:57Z
615471,Peix soldat polinesi,ca,"","",,Catalan,José Pedro De Campos Fogaça,2023-06-19T19:10:34Z
487297,Peix soldat robust,ca,"","",,Catalan,José Pedro De Campos Fogaça,2023-06-19T19:11:06Z
106370,Peix soldat crioll,ca,"","",,Catalan,José Pedro De Campos Fogaça,2023-06-19T19:11:50Z
615472,Peix soldat tiki,ca,"","",,Catalan,José Pedro De Campos Fogaça,2023-06-19T19:12:21Z
106371,Peix soldat d'esculls profunds,ca,"","",,Catalan,José Pedro De Campos Fogaça,2023-06-19T19:13:31Z
194743,Peix soldat australià,ca,"","",,Catalan,José Pedro De Campos Fogaça,2023-06-19T19:14:27Z
204998,Peix soldat flama,ca,"","",,Catalan,José Pedro De Campos Fogaça,2023-06-19T19:15:34Z
615473,Peix soldat tropical,ca,"","",,Catalan,José Pedro De Campos Fogaça,2023-06-19T19:17:12Z
471817,Peix soldat del Mar Roja,ca,"","",,Catalan,José Pedro De Campos Fogaça,2023-06-19T19:17:53Z
530167,Peix soldat de nas espinós,ca,"","",,Catalan,José Pedro De Campos Fogaça,2023-06-19T19:21:49Z
1314302,Peix soldat de Alama,ca,"","",,Catalan,José Pedro De Campos Fogaça,2023-06-19T19:22:46Z
84117,Peix soldat abissal,ca,"","",,Catalan,José Pedro De Campos Fogaça,2023-06-19T19:23:36Z
615474,Peix soldat tomàquet,ca,"","",,Catalan,José Pedro De Campos Fogaça,2023-06-19T19:24:32Z
623904,Peix soldat convex,ca,"","",,Catalan,José Pedro De Campos Fogaça,2023-06-19T19:25:30Z
623905,Peix soldat del Myanmar,ca,"","",,Catalan,José Pedro De Campos Fogaça,2023-06-19T19:26:48Z
615475,Peix soldat delta,ca,"","",,Catalan,José Pedro De Campos Fogaça,2023-06-19T19:27:50Z
615476,Peix soldat d'aleta alta,ca,"","",,Catalan,José Pedro De Campos Fogaça,2023-06-19T19:28:53Z
530168,Peix soldat gegant,ca,"","",,Catalan,José Pedro De Campos Fogaça,2023-06-19T19:30:58Z
530169,Peix soldat de les Illes Kai,ca,"","",,Catalan,José Pedro De Campos Fogaça,2023-06-19T19:32:29Z
615477,Peix soldat d'ulls ovalats,ca,"","",,Catalan,José Pedro De Campos Fogaça,2023-06-19T19:33:54Z
615478,Peix soldat robí,ca,"","",,Catalan,José Pedro De Campos Fogaça,2023-06-19T19:34:40Z
1314377,Peix soldat de Papua,ca,"","",,Catalan,José Pedro De Campos Fogaça,2023-06-19T19:36:04Z
623906,Peix soldat de Golani,ca,"","",,Catalan,José Pedro De Campos Fogaça,2023-06-19T19:36:48Z
450439,Peix soldat d'ulls de vidre,ca,"","",,Catalan,José Pedro De Campos Fogaça,2023-06-19T19:39:23Z
530170,Peix soldat de atol,ca,"","",,Catalan,José Pedro De Campos Fogaça,2023-06-19T19:41:22Z
131456,Peix soldat cardenal,ca,"","",,Catalan,José Pedro De Campos Fogaça,2023-06-19T19:42:06Z
502357,Peix soldat de Numazu,ca,"","",,Catalan,José Pedro De Campos Fogaça,2023-06-19T19:43:48Z
49686,Hamlets,ca,"","",,Catalan,José Pedro De Campos Fogaça,2023-06-20T19:45:45Z
317161,Hamlet de panxa groga,ca,"","",,Catalan,José Pedro De Campos Fogaça,2023-06-20T19:47:13Z
1360073,Hamlet cubà,ca,"","",,Catalan,José Pedro De Campos Fogaça,2023-06-20T19:48:48Z
620586,Hamlet atlahua,ca,"","",,Catalan,José Pedro De Campos Fogaça,2023-06-20T19:50:07Z
498657,Hamlet de Veracruz,ca,"","",,Catalan,José Pedro De Campos Fogaça,2023-06-20T19:51:12Z
131476,Hamlet de cua groga,ca,"","",,Catalan,José Pedro De Campos Fogaça,2023-06-20T19:51:56Z
620587,Hamlet tacat,ca,"","",,Catalan,José Pedro De Campos Fogaça,2023-06-20T19:53:06Z
620588,Hamlet de la Florida,ca,"","",,Catalan,José Pedro De Campos Fogaça,2023-06-20T19:53:52Z
49685,Hamlet blau,ca,"","",,Catalan,José Pedro De Campos Fogaça,2023-06-20T19:54:41Z
180711,Hamlet daurat,ca,"","",,Catalan,José Pedro De Campos Fogaça,2023-06-20T19:55:42Z
180710,Hamlet de nas blau,ca,"","",,Catalan,José Pedro De Campos Fogaça,2023-06-20T19:56:34Z
180709,Hamlet indigo,ca,"","",,Catalan,José Pedro De Campos Fogaça,2023-06-20T19:57:21Z
1015417,Hamlet clar,ca,"","",,Catalan,José Pedro De Campos Fogaça,2023-06-20T19:58:59Z
620589,Hamlet bicolor,ca,"","",,Catalan,José Pedro De Campos Fogaça,2023-06-20T19:59:36Z
500417,Hamlet maia,ca,"","",,Catalan,José Pedro De Campos Fogaça,2023-06-20T20:00:24Z
131475,Hamlet negre,ca,"","",,Catalan,José Pedro De Campos Fogaça,2023-06-20T20:01:08Z
103146,Hamlet elegant,ca,"","",,Catalan,José Pedro De Campos Fogaça,2023-06-20T20:01:46Z
130051,Hamlet barrat,ca,"","",,Catalan,José Pedro De Campos Fogaça,2023-06-20T20:02:51Z
620590,Hamlet xocolata,ca,"","",,Catalan,José Pedro De Campos Fogaça,2023-06-20T20:03:30Z
130052,Hamlet mantega,ca,"","",,Catalan,José Pedro De Campos Fogaça,2023-06-20T20:04:21Z
620564,Serrà de nas curt,ca,"","",,Catalan,José Pedro De Campos Fogaça,2023-06-20T20:12:35Z
179641,Serrà de sorra,ca,"","",,Catalan,José Pedro De Campos Fogaça,2023-06-20T20:15:39Z
179639,Serrà americà,ca,"","",,Catalan,José Pedro De Campos Fogaça,2023-06-20T20:16:18Z
83439,Serrà negre,ca,"","",,Catalan,José Pedro De Campos Fogaça,2023-06-20T20:17:03Z
1315363,Serrà de Cadenat,ca,"","",,Catalan,José Pedro De Campos Fogaça,2023-06-20T20:18:49Z
1313859,Serrà de Barazer,ca,"","",,Catalan,José Pedro De Campos Fogaça,2023-06-20T20:19:29Z
1313784,Serrà de guyot,ca,"","",,Catalan,José Pedro De Campos Fogaça,2023-06-20T20:20:11Z
1313338,Serrà de punts grocs,ca,"","",,Catalan,José Pedro De Campos Fogaça,2023-06-20T20:21:01Z
1313662,Serrà de Timor,ca,"","",,Catalan,José Pedro De Campos Fogaça,2023-06-20T20:21:44Z
1313230,Serrà de Taipei,ca,"","",,Catalan,José Pedro De Campos Fogaça,2023-06-20T20:22:37Z
620567,Serrà sakura,ca,"","",,Catalan,José Pedro De Campos Fogaça,2023-06-20T20:23:47Z
620568,Serrà taronja,ca,"","",,Catalan,José Pedro De Campos Fogaça,2023-06-20T20:24:42Z
620569,Serrà del Mar del Corall,ca,"","",,Catalan,José Pedro De Campos Fogaça,2023-06-20T20:25:28Z
1313857,Serrà xinès,ca,"","",,Catalan,José Pedro De Campos Fogaça,2023-06-20T20:27:01Z
620570,Serrà indi,ca,"","",,Catalan,José Pedro De Campos Fogaça,2023-06-20T20:27:55Z
530812,Serrà margarida,ca,"","",,Catalan,José Pedro De Campos Fogaça,2023-06-20T20:29:27Z
1313856,Serrà de petit dents,ca,"","",,Catalan,José Pedro De Campos Fogaça,2023-06-20T20:30:29Z
1313337,Serrà del Myanmar,ca,"","",,Catalan,José Pedro De Campos Fogaça,2023-06-20T20:31:39Z
620571,Serrà salmó,ca,"","",,Catalan,José Pedro De Campos Fogaça,2023-06-20T20:32:34Z
620572,Serrà de Okinawa,ca,"","",,Catalan,José Pedro De Campos Fogaça,2023-06-20T20:33:29Z
620573,Serrà rosat,ca,"","",,Catalan,José Pedro De Campos Fogaça,2023-06-20T20:34:20Z
786410,Serrà estrellat,ca,"","",,Catalan,José Pedro De Campos Fogaça,2023-06-20T20:35:10Z
1015415,Serrà de Tosa,ca,"","",,Catalan,José Pedro De Campos Fogaça,2023-06-20T20:35:34Z
98625,Serrà crestat,ca,"","",,Catalan,José Pedro De Campos Fogaça,2023-06-20T20:37:36Z
131458,Serrà blanc,ca,"","",,Catalan,José Pedro De Campos Fogaça,2023-06-20T20:38:26Z
49621,Serrà peruà,ca,"","",,Catalan,José Pedro De Campos Fogaça,2023-06-20T20:39:45Z
99332,Serrà de fang,ca,"","",,Catalan,José Pedro De Campos Fogaça,2023-06-20T20:41:25Z
99333,Serrà colombià,ca,"","",,Catalan,José Pedro De Campos Fogaça,2023-06-20T20:42:38Z
49421,Serrà de l'Atlàntic,ca,"","",,Catalan,José Pedro De Campos Fogaça,2023-06-20T20:43:35Z
99334,Serrà espinós,ca,"","",,Catalan,José Pedro De Campos Fogaça,2023-06-20T20:45:02Z
49422,Serrà costaner,ca,"","",,Catalan,José Pedro De Campos Fogaça,2023-06-20T20:46:03Z
99335,Serrà torpede,ca,"","",,Catalan,José Pedro De Campos Fogaça,2023-06-20T20:46:49Z
99336,Serrà del Pacífic,ca,"","",,Catalan,José Pedro De Campos Fogaça,2023-06-20T20:47:38Z
620578,Serrà de badia,ca,"","",,Catalan,José Pedro De Campos Fogaça,2023-06-20T20:50:36Z
99337,Serrà de Bortone,ca,"","",,Catalan,José Pedro De Campos Fogaça,2023-06-20T20:51:27Z
99338,Serrà de Gilbert,ca,"","",,Catalan,José Pedro De Campos Fogaça,2023-06-20T20:52:21Z
620581,Serrà fuet,ca,"","",,Catalan,José Pedro De Campos Fogaça,2023-06-20T20:54:27Z
108544,Serrà camotillo,ca,"","",,Catalan,José Pedro De Campos Fogaça,2023-06-20T20:59:00Z
108545,Serrà lleopard,ca,"","",,Catalan,José Pedro De Campos Fogaça,2023-06-20T21:00:21Z
108546,Serrà de Starks,ca,"","",,Catalan,José Pedro De Campos Fogaça,2023-06-20T21:01:15Z
108547,Serrà de varec,ca,"","",,Catalan,José Pedro De Campos Fogaça,2023-06-20T21:06:42Z
108548,Serrà veneçolà,ca,"","",,Catalan,José Pedro De Campos Fogaça,2023-06-20T21:09:12Z
108549,Serrà de roca,ca,"","",,Catalan,José Pedro De Campos Fogaça,2023-06-20T21:11:08Z
108550,Serrà lloro,ca,"","",,Catalan,José Pedro De Campos Fogaça,2023-06-20T21:12:04Z
108551,Serrà de Califòrnia,ca,"","",,Catalan,José Pedro De Campos Fogaça,2023-06-20T21:12:55Z
108552,Serrà barrat,ca,"","",,Catalan,José Pedro De Campos Fogaça,2023-06-20T21:14:20Z
620636,Serrà nan de les Bermudes,ca,"","",,Catalan,José Pedro De Campos Fogaça,2023-06-20T21:15:48Z
147141,Serrà nan del Carib,ca,"","",,Catalan,José Pedro De Campos Fogaça,2023-06-20T21:17:58Z
131482,Serrà cardenal,ca,"","",,Catalan,José Pedro De Campos Fogaça,2023-06-20T21:19:50Z
317377,Serrà pigmeu,ca,"","",,Catalan,José Pedro De Campos Fogaça,2023-06-20T21:22:04Z
620716,Serrà de Ghana,ca,"","",,Catalan,José Pedro De Campos Fogaça,2023-06-20T21:23:30Z
112496,Serrà d'aigües profundes,ca,"","",,Catalan,José Pedro De Campos Fogaça,2023-06-20T21:24:18Z
620718,Serrà cirera,ca,"","",,Catalan,José Pedro De Campos Fogaça,2023-06-20T21:24:59Z
147143,Serrà d'esquena taronja,ca,"","",,Catalan,José Pedro De Campos Fogaça,2023-06-20T21:28:20Z
112497,Serrà comú,ca,"","",,Catalan,José Pedro De Campos Fogaça,2023-06-20T21:29:08Z
179458,Serrà de Cuvier,ca,"","",,Catalan,José Pedro De Campos Fogaça,2023-06-20T21:30:58Z
131389,Serrà llanterna,ca,"","",,Catalan,José Pedro De Campos Fogaça,2023-06-20T21:31:59Z
118675,Serrà del Mediterrània,ca,"","",,Catalan,José Pedro De Campos Fogaça,2023-06-20T21:34:32Z
147144,Serrà nevat,ca,"","",,Catalan,José Pedro De Campos Fogaça,2023-06-20T21:35:44Z
871181,Serrà de Drewes,ca,"","",,Catalan,José Pedro De Campos Fogaça,2023-06-20T21:36:44Z
620719,Serrà bronzejat,ca,"","",,Catalan,José Pedro De Campos Fogaça,2023-06-20T21:38:58Z
118673,Serrà marró,ca,"","",,Catalan,José Pedro De Campos Fogaça,2023-06-20T21:40:19Z
620720,Serrà africà,ca,"","",,Catalan,José Pedro De Campos Fogaça,2023-06-20T21:41:24Z
112498,Serrà mariner,ca,"","",,Catalan,José Pedro De Campos Fogaça,2023-06-20T21:42:41Z
871182,Serrà de barres vermelloses,ca,"","",,Catalan,José Pedro De Campos Fogaça,2023-06-20T21:44:03Z
1315695,Serrà de Knysna,ca,"","",,Catalan,José Pedro De Campos Fogaça,2023-06-20T21:46:32Z
620721,Serrà d'Hondures,ca,"","",,Catalan,José Pedro De Campos Fogaça,2023-06-20T21:48:25Z
131481,Serrà mantega,ca,"","",,Catalan,José Pedro De Campos Fogaça,2023-06-20T21:49:29Z
131480,Serrà ensellat,ca,"","",,Catalan,José Pedro De Campos Fogaça,2023-06-20T21:50:16Z
620722,Serrà de Sant Pau,ca,"","",,Catalan,José Pedro De Campos Fogaça,2023-06-20T21:51:24Z
1316085,Serrà papallona,ca,"","",,Catalan,José Pedro De Campos Fogaça,2023-06-20T21:52:15Z
179460,Serrà mesofòtic,ca,"","",,Catalan,José Pedro De Campos Fogaça,2023-06-20T21:53:31Z
112499,Serrà del golf,ca,"","",,Catalan,José Pedro De Campos Fogaça,2023-06-20T21:54:35Z
620723,Serrà de boca vermella,ca,"","",,Catalan,José Pedro De Campos Fogaça,2023-06-20T21:56:07Z
620724,Serrà de Santa Helena,ca,"","",,Catalan,José Pedro De Campos Fogaça,2023-06-20T22:00:07Z
118674,Serrà vaca,ca,"","",,Catalan,José Pedro De Campos Fogaça,2023-06-20T22:00:41Z
112500,Serrà de Socorro,ca,"","",,Catalan,José Pedro De Campos Fogaça,2023-06-20T22:01:18Z
112501,Serrà de taca negra,ca,"","",,Catalan,José Pedro De Campos Fogaça,2023-06-20T22:02:16Z
179459,Serrà de la Florida,ca,"","",,Catalan,José Pedro De Campos Fogaça,2023-06-20T22:04:03Z
131484,Serrà tabac,ca,"","",,Catalan,José Pedro De Campos Fogaça,2023-06-20T22:05:14Z
112502,Serrà de Cocos,ca,"","",,Catalan,José Pedro De Campos Fogaça,2023-06-20T22:06:18Z
49747,Serrà del Carib,ca,"","",,Catalan,José Pedro De Campos Fogaça,2023-06-20T22:07:02Z
131483,Serrà morat,ca,"","",,Catalan,José Pedro De Campos Fogaça,2023-06-20T22:08:07Z
47765,Serrès i hamlets,ca,"","",,Catalan,José Pedro De Campos Fogaça,2023-06-20T23:33:47Z
517016,Áras,ca,"","",,Catalan,José Pedro De Campos Fogaça,2023-06-20T23:34:41Z
620622,Ára,ca,"","",,Catalan,José Pedro De Campos Fogaça,2023-06-20T23:35:00Z
1363728,"Meros, neros i anfós",ca,"","",,Catalan,José Pedro De Campos Fogaça,2023-06-20T23:42:23Z
1359791,"Forcadellas, anthias, peixos joia i altres",ca,"","",,Catalan,José Pedro De Campos Fogaça,2023-06-20T23:45:37Z
48158,Percas d'aigua dolça i altres,ca,"","",,Catalan,José Pedro De Campos Fogaça,2023-06-20T23:48:47Z
1363727,Percas coral·lí i peixos sabó d'aigües profundes,ca,"","",,Catalan,José Pedro De Campos Fogaça,2023-06-20T23:52:14Z
788493,Percas coral·lí,ca,"","",,Catalan,José Pedro De Campos Fogaça,2023-06-20T23:56:41Z
788492,Peixos sabó d'aigües profundes,ca,"","",,Catalan,José Pedro De Campos Fogaça,2023-06-20T23:58:55Z
1359788,Peixos sabó d'aigües poc profundes,ca,"","",,Catalan,José Pedro De Campos Fogaça,2023-06-21T00:10:16Z
620591,Peix àvia espadachín,ca,"","",,Catalan,José Pedro De Campos Fogaça,2023-06-21T00:12:49Z
530809,Peix sabó blau,ca,"","",,Catalan,José Pedro De Campos Fogaça,2023-06-21T00:16:03Z
194618,Peix sabó cap de fletxa,ca,"","",,Catalan,José Pedro De Campos Fogaça,2023-06-21T00:18:01Z
620563,Peix sabó de Pyle,ca,"","",,Catalan,José Pedro De Campos Fogaça,2023-06-21T00:18:30Z
142212,Peix sabó groc,ca,"","",,Catalan,José Pedro De Campos Fogaça,2023-06-21T00:20:06Z
620579,Peix sabó del Mar Roja,ca,"","",,Catalan,José Pedro De Campos Fogaça,2023-06-21T00:20:47Z
1316454,Perca coral·lí de les Guyanes,ca,"","",,Catalan,José Pedro De Campos Fogaça,2023-06-21T00:23:39Z
620561,Perca coral·lí cubà,ca,"","",,Catalan,José Pedro De Campos Fogaça,2023-06-21T00:24:46Z
316987,Perca coral·lí de cua groga,ca,"","",,Catalan,José Pedro De Campos Fogaça,2023-06-21T00:25:33Z
620562,Perca coral·lí brasiler,ca,"","",,Catalan,José Pedro De Campos Fogaça,2023-06-21T00:26:06Z
104714,Perca coral·lí daurat,ca,"","",,Catalan,José Pedro De Campos Fogaça,2023-06-21T00:28:35Z
620595,Perca coral·lí africà,ca,"","",,Catalan,José Pedro De Campos Fogaça,2023-06-21T00:29:20Z
620596,Perca coral·lí de Okinawa,ca,"","",,Catalan,José Pedro De Campos Fogaça,2023-06-21T00:30:15Z
620597,Perca coral·lí aurora,ca,"","",,Catalan,José Pedro De Campos Fogaça,2023-06-21T00:30:39Z
223887,Perca coral·lí dolç,ca,"","",,Catalan,José Pedro De Campos Fogaça,2023-06-21T00:31:20Z
620598,Perca coral·lí de línies marrons,ca,"","",,Catalan,José Pedro De Campos Fogaça,2023-06-21T00:32:10Z
620600,Perca coral·lí taronja,ca,"","",,Catalan,José Pedro De Campos Fogaça,2023-06-21T00:33:27Z
620601,Perca coral·lí de Cap Verd,ca,"","",,Catalan,José Pedro De Campos Fogaça,2023-06-21T00:34:18Z
620602,Perca coral·lí escarlata,ca,"","",,Catalan,José Pedro De Campos Fogaça,2023-06-21T00:35:22Z
620603,Perca coral·lí donzella,ca,"","",,Catalan,José Pedro De Campos Fogaça,2023-06-21T00:40:13Z
104715,Perca coral·lí de les Galápagos,ca,"","",,Catalan,José Pedro De Campos Fogaça,2023-06-21T00:41:40Z
620604,Perca coral·lí groc,ca,"","",,Catalan,José Pedro De Campos Fogaça,2023-06-21T00:42:28Z
1015418,Perca coral·lí incandescent,ca,"","",,Catalan,José Pedro De Campos Fogaça,2023-06-21T00:44:23Z
620605,Perca coral·lí de Nova Guinea,ca,"","",,Catalan,José Pedro De Campos Fogaça,2023-06-21T00:45:48Z
620606,Perca coral·lí de línia vermella,ca,"","",,Catalan,José Pedro De Campos Fogaça,2023-06-21T00:46:49Z
620607,Perca coral·lí del nord,ca,"","",,Catalan,José Pedro De Campos Fogaça,2023-06-21T00:47:48Z
620608,Perca coral·lí del sud,ca,"","",,Catalan,José Pedro De Campos Fogaça,2023-06-21T00:49:02Z
104716,Perca coral·lí del golf,ca,"","",,Catalan,José Pedro De Campos Fogaça,2023-06-21T00:49:46Z
620609,Perca coral·lí de panxa rosa,ca,"","",,Catalan,José Pedro De Campos Fogaça,2023-06-21T00:51:30Z
620610,Perca coral·lí pintat,ca,"","",,Catalan,José Pedro De Campos Fogaça,2023-06-21T00:52:45Z
516145,Perca coral·lí bronzejat,ca,"","",,Catalan,José Pedro De Campos Fogaça,2023-06-21T00:54:21Z
620611,Perca coral·lí rosa,ca,"","",,Catalan,José Pedro De Campos Fogaça,2023-06-21T00:55:09Z
344689,Perca coral·lí de cap taronja,ca,"","",,Catalan,José Pedro De Campos Fogaça,2023-06-21T00:56:36Z
620612,Perca coral·lí de Curaçao,ca,"","",,Catalan,José Pedro De Campos Fogaça,2023-06-21T00:58:20Z
620613,Perca coral·lí fosc,ca,"","",,Catalan,José Pedro De Campos Fogaça,2023-06-21T00:59:06Z
620614,Perca coral·lí de Randall,ca,"","",,Catalan,José Pedro De Campos Fogaça,2023-06-21T00:59:44Z
131477,Perca coral·lí del Carib,ca,"","",,Catalan,José Pedro De Campos Fogaça,2023-06-21T01:00:17Z
620615,Perca coral·lí d'esquena daurada,ca,"","",,Catalan,José Pedro De Campos Fogaça,2023-06-21T01:01:33Z
530826,Perca coral·lí meteor,ca,"","",,Catalan,José Pedro De Campos Fogaça,2023-06-21T01:02:35Z
620616,Perca coral·lí de punts negres,ca,"","",,Catalan,José Pedro De Campos Fogaça,2023-06-21T01:03:41Z
345616,Perca coral·lí japonès,ca,"","",,Catalan,José Pedro De Campos Fogaça,2023-06-21T01:04:21Z
111513,Rainfordia,ca,"","",,Catalan,José Pedro De Campos Fogaça,2023-06-21T01:05:05Z
530808,Peix sabó lleopard,ca,"","",,Catalan,José Pedro De Campos Fogaça,2023-06-21T01:08:47Z
194619,Peix sabó ràdio,ca,"","",,Catalan,José Pedro De Campos Fogaça,2023-06-21T01:09:44Z
530818,Peix sabó ocel·lat,ca,"","",,Catalan,José Pedro De Campos Fogaça,2023-06-21T01:10:46Z
620670,Peix sabó estrellat ocidental,ca,"","",,Catalan,José Pedro De Campos Fogaça,2023-06-21T01:11:41Z
530837,Peix sabó estrellat oriental,ca,"","",,Catalan,José Pedro De Campos Fogaça,2023-06-21T01:12:22Z
530840,Peix sabó d'escull,ca,"","",,Catalan,José Pedro De Campos Fogaça,2023-06-21T01:14:36Z
620700,Peix sabó rapa nui,ca,"","",,Catalan,José Pedro De Campos Fogaça,2023-06-21T01:15:12Z
111012,Peix sabó de Clipperton,ca,"","",,Catalan,José Pedro De Campos Fogaça,2023-06-21T01:16:26Z
786411,Peix sabó vermell,ca,"","",,Catalan,José Pedro De Campos Fogaça,2023-06-21T01:17:12Z
1313875,Peix sabó de Bengala,ca,"","",,Catalan,José Pedro De Campos Fogaça,2023-06-21T01:18:29Z
620701,Peix sabó xocolata,ca,"","",,Catalan,José Pedro De Campos Fogaça,2023-06-21T01:19:23Z
786412,Peix sabó marró,ca,"","",,Catalan,José Pedro De Campos Fogaça,2023-06-21T01:20:10Z
131478,Peix sabó d'aleta vermella,ca,"","",,Catalan,José Pedro De Campos Fogaça,2023-06-21T01:21:02Z
620702,Peix sabó mostassa,ca,"","",,Catalan,José Pedro De Campos Fogaça,2023-06-21T01:22:05Z
620703,Peix sabó d'Àqaba,ca,"","",,Catalan,José Pedro De Campos Fogaça,2023-06-21T01:24:08Z
786413,Peix sabó fosc,ca,"","",,Catalan,José Pedro De Campos Fogaça,2023-06-21T01:25:31Z
620704,Peix sabó groguenc,ca,"","",,Catalan,José Pedro De Campos Fogaça,2023-06-21T01:26:55Z
1416337,Peix sabó  bresca,ca,"","",,Catalan,José Pedro De Campos Fogaça,2023-06-21T01:30:04Z
111013,Peix sabó de Panamà,ca,"","",,Catalan,José Pedro De Campos Fogaça,2023-06-21T01:31:08Z
620706,Peix sabó de Pitcairn,ca,"","",,Catalan,José Pedro De Campos Fogaça,2023-06-21T01:32:15Z
111903,Peix sabó mucosat,ca,"","",,Catalan,José Pedro De Campos Fogaça,2023-06-21T01:33:32Z
131534,Peix sabó bandit,ca,"","",,Catalan,José Pedro De Campos Fogaça,2023-06-21T01:34:45Z
620709,Peix sabó tacat,ca,"","",,Catalan,José Pedro De Campos Fogaça,2023-06-21T01:35:42Z
620710,Peix sabó de les Antilles,ca,"","",,Catalan,José Pedro De Campos Fogaça,2023-06-21T01:36:46Z
111904,Peix sabó de Socorro,ca,"","",,Catalan,José Pedro De Campos Fogaça,2023-06-21T01:37:25Z
179468,Peix sabó de punts blancs,ca,"","",,Catalan,José Pedro De Campos Fogaça,2023-06-21T01:38:10Z
111905,Peix sabó del Pacífic,ca,"","",,Catalan,José Pedro De Campos Fogaça,2023-06-21T01:39:04Z
620711,Peix sabó brasiler,ca,"","",,Catalan,José Pedro De Campos Fogaça,2023-06-21T01:40:22Z
52166,Peix sabó de l'Atlàntic,ca,"","",,Catalan,José Pedro De Campos Fogaça,2023-06-21T01:41:16Z
131479,Peix sabó de les Illes Verges,ca,"","",,Catalan,José Pedro De Campos Fogaça,2023-06-21T01:44:25Z
1314817,Peix sabó robí,ca,"","",,Catalan,José Pedro De Campos Fogaça,2023-06-21T01:46:21Z
530845,Peix sabó de línia pàl·lida,ca,"","",,Catalan,José Pedro De Campos Fogaça,2023-06-21T01:47:28Z
620725,Peix sabó escarlata,ca,"","",,Catalan,José Pedro De Campos Fogaça,2023-06-21T01:48:15Z
93039,Nero brasiler,ca,"","",,Catalan,José Pedro De Campos Fogaça,2023-06-22T16:20:00Z
447796,Nero barrat australià,ca,"","",,Catalan,José Pedro De Campos Fogaça,2023-06-22T16:21:46Z
620549,Nero rapa nui,ca,"","",,Catalan,José Pedro De Campos Fogaça,2023-06-22T16:23:08Z
620550,Nero de boca escamosa,ca,"","",,Catalan,José Pedro De Campos Fogaça,2023-06-22T16:27:25Z
93040,Nero llimona,ca,"","",,Catalan,José Pedro De Campos Fogaça,2023-06-22T16:28:46Z
530805,Nero de Kalbarri,ca,"","",,Catalan,José Pedro De Campos Fogaça,2023-06-22T16:29:57Z
620551,Nero patagònic,ca,"","",,Catalan,José Pedro De Campos Fogaça,2023-06-22T16:30:42Z
530806,Nero de Paxton,ca,"","",,Catalan,José Pedro De Campos Fogaça,2023-06-22T16:31:53Z
93041,Nero maó,ca,"","",,Catalan,José Pedro De Campos Fogaça,2023-06-22T16:33:37Z
620552,Nero de Castelnau,ca,"","",,Catalan,José Pedro De Campos Fogaça,2023-06-22T16:35:58Z
530807,Nero austral,ca,"","",,Catalan,José Pedro De Campos Fogaça,2023-06-22T16:37:36Z
620553,Anthias de Nazca,ca,"","",,Catalan,José Pedro De Campos Fogaça,2023-06-22T16:39:45Z
118672,Forcadella del Mediterrània,ca,"","",,Catalan,José Pedro De Campos Fogaça,2023-06-22T16:41:52Z
118672,Anthias del Mediterrània,ca,"","",,Catalan,José Pedro De Campos Fogaça,2023-06-22T16:42:23Z
620554,Forcadella de les Guyanes,ca,"","",,Catalan,José Pedro De Campos Fogaça,2023-06-22T16:44:01Z
620554,Anthias de les Guyanes,ca,"","",,Catalan,José Pedro De Campos Fogaça,2023-06-22T16:44:21Z
620555,Forcadella de Pagalu,ca,"","",,Catalan,José Pedro De Campos Fogaça,2023-06-22T16:45:24Z
620555,Anthias de Pagalu,ca,"","",,Catalan,José Pedro De Campos Fogaça,2023-06-22T16:45:42Z
620556,Forcadella daurada,ca,"","",,Catalan,José Pedro De Campos Fogaça,2023-06-22T16:46:57Z
1314863,Forcadella de Hensley,ca,"","",,Catalan,José Pedro De Campos Fogaça,2023-06-22T16:47:32Z
1314863,Anthias de Hensley,ca,"","",,Catalan,José Pedro De Campos Fogaça,2023-06-22T16:47:55Z
620557,Forcadella brasilera,ca,"","",,Catalan,José Pedro De Campos Fogaça,2023-06-22T16:48:51Z
316947,Forcadella de colors,ca,"","",,Catalan,José Pedro De Campos Fogaça,2023-06-22T16:51:13Z
194901,Forcadella joia,ca,"","",,Catalan,José Pedro De Campos Fogaça,2023-06-22T16:51:45Z
316949,Forcadella americana,ca,"","",,Catalan,José Pedro De Campos Fogaça,2023-06-22T16:52:45Z
620559,Forcadella vermella,ca,"","",,Catalan,José Pedro De Campos Fogaça,2023-06-22T16:56:10Z
1316089,Forcadella del Pacífic,ca,"","",,Catalan,José Pedro De Campos Fogaça,2023-06-22T16:58:24Z
620560,Forcadella reial,ca,"","",,Catalan,José Pedro De Campos Fogaça,2023-06-22T16:59:11Z
447805,Perca papallona,ca,"","",,Catalan,José Pedro De Campos Fogaça,2023-06-22T17:01:49Z
353491,Perca de Richardson,ca,"","",,Catalan,José Pedro De Campos Fogaça,2023-06-22T17:03:45Z
411184,Perca de Krasyukova,ca,"","",,Catalan,José Pedro De Campos Fogaça,2023-06-22T17:04:48Z
411168,Perca rosa,ca,"","",,Catalan,José Pedro De Campos Fogaça,2023-06-22T17:05:16Z
411183,Perca japonesa,ca,"","",,Catalan,José Pedro De Campos Fogaça,2023-06-22T17:06:56Z
411182,Perca hawaiana,ca,"","",,Catalan,José Pedro De Campos Fogaça,2023-06-22T17:08:05Z
620575,Anthias de Sant Pau,ca,"","",,Catalan,José Pedro De Campos Fogaça,2023-06-22T19:04:59Z
620576,Anthias del Carib,ca,"","",,Catalan,José Pedro De Campos Fogaça,2023-06-22T19:07:31Z
99047,Nero fada,ca,"","",,Catalan,José Pedro De Campos Fogaça,2023-06-22T19:09:27Z
100072,Nero australià,ca,"","",,Catalan,José Pedro De Campos Fogaça,2023-06-22T19:10:48Z
620582,Anthias d'ull gros del nord,ca,"","",,Catalan,José Pedro De Campos Fogaça,2023-06-22T19:12:16Z
620583,Anthias d'ull gros del sud,ca,"","",,Catalan,José Pedro De Campos Fogaça,2023-06-22T19:13:13Z
179570,Forcadella de cua elegant,ca,"","",,Catalan,José Pedro De Campos Fogaça,2023-06-22T19:15:02Z
102461,Forcadella peruana,ca,"","",,Catalan,José Pedro De Campos Fogaça,2023-06-22T19:15:58Z
102462,Forcadella del golf,ca,"","",,Catalan,José Pedro De Campos Fogaça,2023-06-22T19:16:29Z
620584,Anthias de l'Ascensió,ca,"","",,Catalan,José Pedro De Campos Fogaça,2023-06-22T19:17:47Z
620585,Anthias de Santa Helena,ca,"","",,Catalan,José Pedro De Campos Fogaça,2023-06-22T19:19:00Z
411109,Serrà furtiu,ca,"","",,Catalan,José Pedro De Campos Fogaça,2023-06-22T19:20:50Z
411107,Serrà austral,ca,"","",,Catalan,José Pedro De Campos Fogaça,2023-06-22T19:21:56Z
368725,Serrà de Jameson,ca,"","",,Catalan,José Pedro De Campos Fogaça,2023-06-22T19:26:50Z
411106,Serrà de McCulloch,ca,"","",,Catalan,José Pedro De Campos Fogaça,2023-06-22T19:28:50Z
411111,Serrà de cua groga,ca,"","",,Catalan,José Pedro De Campos Fogaça,2023-06-22T19:32:07Z
411108,Serrà insular,ca,"","",,Catalan,José Pedro De Campos Fogaça,2023-06-22T19:32:55Z
530819,Serrà de Wilson,ca,"","",,Catalan,José Pedro De Campos Fogaça,2023-06-22T19:33:31Z
51081,Serrà arlequí,ca,"","",,Catalan,José Pedro De Campos Fogaça,2023-06-22T19:35:14Z
620592,Perca taronja de Nova Zelanda,ca,"","",,Catalan,José Pedro De Campos Fogaça,2023-06-23T00:34:01Z
530820,Perca taronja de Nova Gal·les del Sud,ca,"","",,Catalan,José Pedro De Campos Fogaça,2023-06-23T00:35:24Z
530821,Perca taronja de Whitley,ca,"","",,Catalan,José Pedro De Campos Fogaça,2023-06-23T00:36:28Z
620593,Perca taronja de l'Atlàntic,ca,"","",,Catalan,José Pedro De Campos Fogaça,2023-06-23T00:39:36Z
104238,Perca taronja de taca negra,ca,"","",,Catalan,José Pedro De Campos Fogaça,2023-06-23T00:41:02Z
620594,Perca de Kermadec,ca,"","",,Catalan,José Pedro De Campos Fogaça,2023-06-23T00:41:53Z
530822,Perca magma,ca,"","",,Catalan,José Pedro De Campos Fogaça,2023-06-23T00:42:43Z
530823,Perca esvelta,ca,"","",,Catalan,José Pedro De Campos Fogaça,2023-06-23T00:45:17Z
530824,Perca taronja d'escull,ca,"","",,Catalan,José Pedro De Campos Fogaça,2023-06-23T00:49:37Z
530825,Fals peix esquirol,ca,"","",,Catalan,José Pedro De Campos Fogaça,2023-06-23T00:50:36Z
104872,Anthias cardenal de Earle,ca,"","",,Catalan,José Pedro De Campos Fogaça,2023-06-23T00:52:54Z
1015419,Anthias cardenal rapa nui,ca,"","",,Catalan,José Pedro De Campos Fogaça,2023-06-23T00:53:36Z
620617,Anthias cardenal bicolor,ca,"","",,Catalan,José Pedro De Campos Fogaça,2023-06-23T00:54:10Z
1032198,Anthias cardenal de cua morada,ca,"","",,Catalan,José Pedro De Campos Fogaça,2023-06-23T00:56:19Z
620618,Anthias cardenal comú,ca,"","",,Catalan,José Pedro De Campos Fogaça,2023-06-23T00:56:55Z
183189,Anthias cardenal magenta,ca,"","",,Catalan,José Pedro De Campos Fogaça,2023-06-23T00:57:32Z
490809,Anthias cardenal brillant,ca,"","",,Catalan,José Pedro De Campos Fogaça,2023-06-23T00:58:11Z
104873,Anthias cardenal rosa,ca,"","",,Catalan,José Pedro De Campos Fogaça,2023-06-23T01:12:38Z
620619,Anthias gegant de Carpenter,ca,"","",,Catalan,José Pedro De Campos Fogaça,2023-06-23T01:14:45Z
179884,Anthias gegant filamentos,ca,"","",,Catalan,José Pedro De Campos Fogaça,2023-06-23T01:15:49Z
620620,Anthias gegant vermell,ca,"","",,Catalan,José Pedro De Campos Fogaça,2023-06-23T01:16:31Z
620621,Anthias gegant de Natal,ca,"","",,Catalan,José Pedro De Campos Fogaça,2023-06-23T01:17:26Z
620621,Anthias gegant de KwaZulu-Natal,ca,"","",,Catalan,José Pedro De Campos Fogaça,2023-06-23T01:17:51Z
1356516,Anthias d'esquena groga,ca,"","",,Catalan,José Pedro De Campos Fogaça,2023-06-23T01:19:05Z
1356514,Anthias ametista,ca,"","",,Catalan,José Pedro De Campos Fogaça,2023-06-23T01:19:42Z
1356510,Anthias de nas afilat,ca,"","",,Catalan,José Pedro De Campos Fogaça,2023-06-23T01:20:16Z
1356518,Anthias de Barttlet,ca,"","",,Catalan,José Pedro De Campos Fogaça,2023-06-23T01:21:12Z
1356519,Anthias bicolor,ca,"","",,Catalan,José Pedro De Campos Fogaça,2023-06-23T01:21:39Z
179886,Anthias de cua llarga,ca,"","",,Catalan,José Pedro De Campos Fogaça,2023-06-23T01:22:22Z
1356520,Anthias d'aleta vermella,ca,"","",,Catalan,José Pedro De Campos Fogaça,2023-06-23T01:23:22Z
1356522,Anthias flama,ca,"","",,Catalan,José Pedro De Campos Fogaça,2023-06-23T01:24:00Z
1356523,Anthias de les Marqueses,ca,"","",,Catalan,José Pedro De Campos Fogaça,2023-06-23T01:25:18Z
620623,Anthias tacat,ca,"","",,Catalan,José Pedro De Campos Fogaça,2023-06-23T01:26:38Z
620624,Anthias de cua anellada,ca,"","",,Catalan,José Pedro De Campos Fogaça,2023-06-23T01:34:05Z
1314598,Anthias taronja,ca,"","",,Catalan,José Pedro De Campos Fogaça,2023-06-23T01:34:42Z
620625,Anthias de front groc,ca,"","",,Catalan,José Pedro De Campos Fogaça,2023-06-23T01:38:28Z
620626,Anthias de Saya de Malha,ca,"","",,Catalan,José Pedro De Campos Fogaça,2023-06-23T01:40:32Z
620627,Anthias de anell blanc,ca,"","",,Catalan,José Pedro De Campos Fogaça,2023-06-23T01:42:01Z
620628,Anthias antena,ca,"","",,Catalan,José Pedro De Campos Fogaça,2023-06-23T01:42:45Z
620629,Anthias groc,ca,"","",,Catalan,José Pedro De Campos Fogaça,2023-06-23T01:43:31Z
620631,Anthias japonès,ca,"","",,Catalan,José Pedro De Campos Fogaça,2023-06-23T01:45:19Z
1316564,Anthias de Perumal,ca,"","",,Catalan,José Pedro De Campos Fogaça,2023-06-23T01:46:23Z
620632,Anthias rosat,ca,"","",,Catalan,José Pedro De Campos Fogaça,2023-06-23T01:47:10Z
620633,Anthias de l'Edèn,ca,"","",,Catalan,José Pedro De Campos Fogaça,2023-06-23T01:48:54Z
107352,Anthias de màscara groga,ca,"","",,Catalan,José Pedro De Campos Fogaça,2023-06-23T01:50:11Z
620634,Anthias de Wakayama,ca,"","",,Catalan,José Pedro De Campos Fogaça,2023-06-23T01:51:07Z
620635,Anthias incandescent,ca,"","",,Catalan,José Pedro De Campos Fogaça,2023-06-23T01:51:45Z
1313112,Anthias brillant,ca,"","",,Catalan,José Pedro De Campos Fogaça,2023-06-23T01:53:31Z
620639,Peix joia de Manado,ca,"","",,Catalan,José Pedro De Campos Fogaça,2023-06-23T01:58:59Z
109735,Peix joia de Madagascar,ca,"","",,Catalan,José Pedro De Campos Fogaça,2023-06-23T02:01:07Z
620648,Peix joia del Carib,ca,"","",,Catalan,José Pedro De Campos Fogaça,2023-06-23T02:14:23Z
1313352,Peix joia de Graham,ca,"","",,Catalan,José Pedro De Campos Fogaça,2023-06-23T02:15:23Z
620649,Peix joia d'espines afilades,ca,"","",,Catalan,José Pedro De Campos Fogaça,2023-06-23T02:16:18Z
620650,Peix joia del golf,ca,"","",,Catalan,José Pedro De Campos Fogaça,2023-06-23T02:19:10Z
620651,Peix joia malai,ca,"","",,Catalan,José Pedro De Campos Fogaça,2023-06-23T02:21:30Z
620652,Peix joia de nas groc,ca,"","",,Catalan,José Pedro De Campos Fogaça,2023-06-23T02:22:13Z
620653,Peix joia del Mar Roja,ca,"","",,Catalan,José Pedro De Campos Fogaça,2023-06-23T02:23:20Z
620654,Peix joia filipí,ca,"","",,Catalan,José Pedro De Campos Fogaça,2023-06-23T02:24:12Z
1314049,Peix joia barrat,ca,"","",,Catalan,José Pedro De Campos Fogaça,2023-06-23T02:27:39Z
1313351,Peix joia austral,ca,"","",,Catalan,José Pedro De Campos Fogaça,2023-06-23T02:28:50Z
1313592,Peix joia d'escates porpra,ca,"","",,Catalan,José Pedro De Campos Fogaça,2023-06-23T16:45:45Z
620662,Peix joia tira de sang,ca,"","",,Catalan,José Pedro De Campos Fogaça,2023-06-23T16:47:31Z
620663,Peix joia de Tuamotu,ca,"","",,Catalan,José Pedro De Campos Fogaça,2023-06-23T16:49:52Z
620665,Peix joia llisós,ca,"","",,Catalan,José Pedro De Campos Fogaça,2023-06-23T16:53:45Z
620666,Peix joia de Taylor,ca,"","",,Catalan,José Pedro De Campos Fogaça,2023-06-23T16:54:40Z
530835,Peix joia d'esquena tacat,ca,"","",,Catalan,José Pedro De Campos Fogaça,2023-06-23T16:57:10Z
109738,Peix joia rosat,ca,"","",,Catalan,José Pedro De Campos Fogaça,2023-06-23T16:57:42Z
620669,Peix joia de Yamakawa,ca,"","",,Catalan,José Pedro De Campos Fogaça,2023-06-23T16:59:53Z
317321,Anthias de Martinica,ca,"","",,Catalan,José Pedro De Campos Fogaça,2023-06-23T17:03:00Z
110654,Anthias vermell,ca,"","",,Catalan,José Pedro De Campos Fogaça,2023-06-23T17:04:34Z
620673,Anthias de dos punts,ca,"","",,Catalan,José Pedro De Campos Fogaça,2023-06-23T17:05:56Z
620675,Anthias aurora,ca,"","",,Catalan,José Pedro De Campos Fogaça,2023-06-23T17:06:19Z
110908,Anthias cua de foc,ca,"","",,Catalan,José Pedro De Campos Fogaça,2023-06-23T17:07:28Z
620676,Anthias de Cenderawasih,ca,"","",,Catalan,José Pedro De Campos Fogaça,2023-06-23T17:07:55Z
110909,Anthias ciclop,ca,"","",,Catalan,José Pedro De Campos Fogaça,2023-06-23T17:08:47Z
620677,Anthias arlequí,ca,"","",,Catalan,José Pedro De Campos Fogaça,2023-06-23T17:10:01Z
620678,Anthias conspicu,ca,"","",,Catalan,José Pedro De Campos Fogaça,2023-06-23T17:11:27Z
362164,Anthias platejat,ca,"","",,Catalan,José Pedro De Campos Fogaça,2023-06-24T01:07:01Z
620679,Anthias alongat,ca,"","",,Catalan,José Pedro De Campos Fogaça,2023-06-24T01:07:59Z
1314173,Anthias de Emma,ca,"","",,Catalan,José Pedro De Campos Fogaça,2023-06-24T01:08:47Z
359397,Anthias de línia vermella del Pacífic,ca,"","",,Catalan,José Pedro De Campos Fogaça,2023-06-24T01:10:17Z
491567,Anthias de cua groga,ca,"","",,Catalan,José Pedro De Campos Fogaça,2023-06-24T01:11:01Z
620681,Anthias àngel,ca,"","",,Catalan,José Pedro De Campos Fogaça,2023-06-24T01:12:06Z
530838,Anthias de George,ca,"","",,Catalan,José Pedro De Campos Fogaça,2023-06-24T01:13:08Z
1316088,Anthias de línia vermella del Mar Roja,ca,"","",,Catalan,José Pedro De Campos Fogaça,2023-06-24T01:15:25Z
1360017,Anthias rapa nui,ca,"","",,Catalan,José Pedro De Campos Fogaça,2023-06-24T01:17:49Z
620682,Anthias de Heemstra,ca,"","",,Catalan,José Pedro De Campos Fogaça,2023-06-24T01:19:40Z
620683,Anthias de Hiva,ca,"","",,Catalan,José Pedro De Campos Fogaça,2023-06-24T01:20:49Z
179885,Anthias verd,ca,"","",,Catalan,José Pedro De Campos Fogaça,2023-06-24T01:21:42Z
620684,Anthias fada,ca,"","",,Catalan,José Pedro De Campos Fogaça,2023-06-24T01:23:04Z
179874,Anthias nacrat,ca,"","",,Catalan,José Pedro De Campos Fogaça,2023-06-24T01:23:47Z
620685,Anthias rei,ca,"","",,Catalan,José Pedro De Campos Fogaça,2023-06-24T01:24:32Z
620686,Anthias lluna,ca,"","",,Catalan,José Pedro De Campos Fogaça,2023-06-24T01:25:06Z
496751,Anthias de Luzon,ca,"","",,Catalan,José Pedro De Campos Fogaça,2023-06-24T01:26:03Z
620687,Anthias de Sulawesi,ca,"","",,Catalan,José Pedro De Campos Fogaça,2023-06-24T01:26:55Z
132895,Anthias costaner,ca,"","",,Catalan,José Pedro De Campos Fogaça,2023-06-24T01:27:53Z
620688,Anthias reina,ca,"","",,Catalan,José Pedro De Campos Fogaça,2023-06-24T01:28:43Z
542678,Anthias polinesi,ca,"","",,Catalan,José Pedro De Campos Fogaça,2023-06-24T01:29:33Z
620689,Anthias filamentós,ca,"","",,Catalan,José Pedro De Campos Fogaça,2023-06-24T01:30:30Z
447043,Anthias oliva,ca,"","",,Catalan,José Pedro De Campos Fogaça,2023-06-24T01:31:02Z
620690,Anthias sofre,ca,"","",,Catalan,José Pedro De Campos Fogaça,2023-06-24T01:32:05Z
1313204,Anthias de punta morada,ca,"","",,Catalan,José Pedro De Campos Fogaça,2023-06-24T01:32:59Z
110911,Anthias tricolor,ca,"","",,Catalan,José Pedro De Campos Fogaça,2023-06-24T01:33:52Z
1314850,Anthias foc,ca,"","",,Catalan,José Pedro De Campos Fogaça,2023-06-24T01:34:32Z
110912,Anthias mirall,ca,"","",,Catalan,José Pedro De Campos Fogaça,2023-06-24T01:35:22Z
620693,Anthias resplendent,ca,"","",,Catalan,José Pedro De Campos Fogaça,2023-06-24T01:36:14Z
344687,Anthias dolç,ca,"","",,Catalan,José Pedro De Campos Fogaça,2023-06-24T01:37:02Z
424259,Anthias de barra vermella,ca,"","",,Catalan,José Pedro De Campos Fogaça,2023-06-24T01:37:49Z
620694,Anthias de Fourmanoir,ca,"","",,Catalan,José Pedro De Campos Fogaça,2023-06-24T01:38:51Z
530839,Anthias violeta,ca,"","",,Catalan,José Pedro De Campos Fogaça,2023-06-24T01:39:38Z
127530,Anthias daurat,ca,"","",,Catalan,José Pedro De Campos Fogaça,2023-06-24T01:40:13Z
362163,Anthias del Mar Roja,ca,"","",,Catalan,José Pedro De Campos Fogaça,2023-06-24T01:40:39Z
620695,Anthias de les Ryūkyū,ca,"","",,Catalan,José Pedro De Campos Fogaça,2023-06-24T01:41:47Z
1314370,Anthias monarca,ca,"","",,Catalan,José Pedro De Campos Fogaça,2023-06-24T01:43:10Z
121413,Anthias de Thompson,ca,"","",,Catalan,José Pedro De Campos Fogaça,2023-06-24T01:43:35Z
620696,Anthias de Townsend,ca,"","",,Catalan,José Pedro De Campos Fogaça,2023-06-24T01:44:07Z
620698,Anthias nipònic,ca,"","",,Catalan,José Pedro De Campos Fogaça,2023-06-24T01:44:57Z
1356525,Anthias del Pacífic,ca,"","",,Catalan,José Pedro De Campos Fogaça,2023-06-24T01:46:45Z
1356526,Anthias marginat,ca,"","",,Catalan,José Pedro De Campos Fogaça,2023-06-24T01:47:42Z
1356527,Anthias ratllat,ca,"","",,Catalan,José Pedro De Campos Fogaça,2023-06-24T01:48:29Z
1356524,Anthias esvelt,ca,"","",,Catalan,José Pedro De Campos Fogaça,2023-06-24T01:51:19Z
1356528,Anthias sol,ca,"","",,Catalan,José Pedro De Campos Fogaça,2023-06-24T01:51:55Z
1356529,Anthias iridescent,ca,"","",,Catalan,José Pedro De Campos Fogaça,2023-06-24T01:52:52Z
1356530,Anthias princesa,ca,"","",,Catalan,José Pedro De Campos Fogaça,2023-06-24T01:53:32Z
1356531,Anthias de Nova Caledònia,ca,"","",,Catalan,José Pedro De Campos Fogaça,2023-06-24T01:55:28Z
1356532,Anthias de Maurici,ca,"","",,Catalan,José Pedro De Campos Fogaça,2023-06-24T01:56:38Z
596518,Anthias vela del Pacífic,ca,"","",,Catalan,José Pedro De Campos Fogaça,2023-06-24T01:57:43Z
530842,Anthias vela sang,ca,"","",,Catalan,José Pedro De Campos Fogaça,2023-06-24T01:58:23Z
620707,Anthias vela d'aleta pintat,ca,"","",,Catalan,José Pedro De Campos Fogaça,2023-06-24T01:59:13Z
620708,Anthias vela rosa,ca,"","",,Catalan,José Pedro De Campos Fogaça,2023-06-24T01:59:39Z
620712,Anthias de Boulenger,ca,"","",,Catalan,José Pedro De Campos Fogaça,2023-06-24T02:00:40Z
372704,Anthias cirera,ca,"","",,Catalan,José Pedro De Campos Fogaça,2023-06-24T02:01:09Z
530843,Anthias mandarina,ca,"","",,Catalan,José Pedro De Campos Fogaça,2023-06-24T02:02:14Z
1314394,Anthias sagnant,ca,"","",,Catalan,José Pedro De Campos Fogaça,2023-06-24T02:02:58Z
620713,Anthias majestuós,ca,"","",,Catalan,José Pedro De Campos Fogaça,2023-06-24T02:03:50Z
530844,Peix joia de punt nacrat,ca,"","",,Catalan,José Pedro De Campos Fogaça,2023-06-24T02:04:49Z
620714,Peix joia del Mar del Corall,ca,"","",,Catalan,José Pedro De Campos Fogaça,2023-06-24T02:06:28Z
620715,Peix joia vietnamita,ca,"","",,Catalan,José Pedro De Campos Fogaça,2023-06-24T02:07:48Z
183191,Anthias falcó,ca,"","",,Catalan,José Pedro De Campos Fogaça,2023-06-24T02:08:37Z
1313203,Anthias australià,ca,"","",,Catalan,José Pedro De Campos Fogaça,2023-06-24T02:09:38Z
1313205,Anthias de cua filamentosa,ca,"","",,Catalan,José Pedro De Campos Fogaça,2023-06-24T02:11:03Z
530846,Anthias de Tosa,ca,"","",,Catalan,José Pedro De Campos Fogaça,2023-06-24T02:11:35Z
1015420,Anthias afrodita,ca,"","",,Catalan,José Pedro De Campos Fogaça,2023-06-24T02:15:44Z
1313973,Anthias de Bennett,ca,"","",,Catalan,José Pedro De Campos Fogaça,2023-06-24T02:16:20Z
620726,Anthias de Kochi,ca,"","",,Catalan,José Pedro De Campos Fogaça,2023-06-24T02:17:17Z
620727,Anthias de pijama,ca,"","",,Catalan,José Pedro De Campos Fogaça,2023-06-24T02:18:06Z
520818,Anthias de Obama,ca,"","",,Catalan,José Pedro De Campos Fogaça,2023-06-24T02:18:30Z
343884,Nero gripau,ca,"","",,Catalan,José Pedro De Campos Fogaça,2023-06-24T02:19:39Z
516965,Girelles,ca,"","",,Catalan,José Pedro De Campos Fogaça,2023-06-24T02:25:54Z
615587,Girelle insular,ca,"","",,Catalan,José Pedro De Campos Fogaça,2023-06-24T02:26:34Z
51354,Girelle blau,ca,"","",,Catalan,José Pedro De Campos Fogaça,2023-06-24T02:27:37Z
493100,Girelle de roca,ca,"","",,Catalan,José Pedro De Campos Fogaça,2023-06-24T02:28:07Z
493905,Girelle caramel,ca,"","",,Catalan,José Pedro De Campos Fogaça,2023-06-24T02:28:51Z
101460,Girelle de Galápagos,ca,"","",,Catalan,José Pedro De Campos Fogaça,2023-06-24T02:29:28Z
615589,Girelle del Pacífic,ca,"","",,Catalan,José Pedro De Campos Fogaça,2023-06-24T02:30:20Z
615590,Girelle fosc,ca,"","",,Catalan,José Pedro De Campos Fogaça,2023-06-24T02:30:57Z
1316658,Girelle xinès,ca,"","",,Catalan,José Pedro De Campos Fogaça,2023-06-24T02:31:40Z
615591,Girelle mezina,ca,"","",,Catalan,José Pedro De Campos Fogaça,2023-06-24T02:32:08Z
615592,Girelle rapa nui,ca,"","",,Catalan,José Pedro De Campos Fogaça,2023-06-24T02:32:44Z
81963,Girelle de Califòrnia,ca,"","",,Catalan,José Pedro De Campos Fogaça,2023-06-24T02:33:16Z
361255,Girelle asiàtic,ca,"","",,Catalan,José Pedro De Campos Fogaça,2023-06-24T02:34:19Z
1015316,Girelle de Port Jackson,ca,"","",,Catalan,José Pedro De Campos Fogaça,2023-06-24T02:34:57Z
101461,Girelle del golf,ca,"","",,Catalan,José Pedro De Campos Fogaça,2023-06-24T02:35:28Z
347723,Girelle de l'Atlàntic,ca,"","",,Catalan,José Pedro De Campos Fogaça,2023-06-24T02:36:10Z
529925,Girelle negre,ca,"","",,Catalan,José Pedro De Campos Fogaça,2023-06-24T02:37:07Z
322005,Girelle maori,ca,"","",,Catalan,José Pedro De Campos Fogaça,2023-06-24T02:37:43Z
464148,Girelle zebra,ca,"","",,Catalan,José Pedro De Campos Fogaça,2023-06-24T02:38:19Z
481638,Girelle robust,ca,"","",,Catalan,José Pedro De Campos Fogaça,2023-06-24T02:40:21Z
85734,Peixos galjoen,ca,"","",,Catalan,José Pedro De Campos Fogaça,2023-06-24T02:43:07Z
613786,Galjoen comú,ca,"","",,Catalan,José Pedro De Campos Fogaça,2023-06-24T02:43:48Z
565135,Galjoen barrat,ca,"","",,Catalan,José Pedro De Campos Fogaça,2023-06-24T02:44:41Z
1303765,Peixos convicto,ca,"","",,Catalan,José Pedro De Campos Fogaça,2023-06-24T22:00:56Z
447802,Peix convicto de McCulloch,ca,"","",,Catalan,José Pedro De Campos Fogaça,2023-06-24T22:02:02Z
513230,Peix convicto de cua groga,ca,"","",,Catalan,José Pedro De Campos Fogaça,2023-06-24T22:02:58Z
1315523,Peix convicto folrat australià,ca,"","",,Catalan,José Pedro De Campos Fogaça,2023-06-24T22:04:12Z
418135,Peix convicto folrat de l'Indopacífic,ca,"","",,Catalan,José Pedro De Campos Fogaça,2023-06-24T22:05:22Z
512744,Peix convicto pallasso,ca,"","",,Catalan,José Pedro De Campos Fogaça,2023-06-24T22:06:32Z
481325,Peix convicto de sis bandes,ca,"","",,Catalan,José Pedro De Campos Fogaça,2023-06-24T22:07:42Z
517019,Perca sud-africana,ca,"","",,Catalan,José Pedro De Campos Fogaça,2023-06-24T22:11:16Z
85964,Percas sud-africanas,ca,"","",,Catalan,José Pedro De Campos Fogaça,2023-06-24T22:12:49Z
1303764,Mitges llunes,ca,"","",,Catalan,José Pedro De Campos Fogaça,2023-06-24T22:15:00Z
518188,Mitja lluna ganivet,ca,"","",,Catalan,José Pedro De Campos Fogaça,2023-06-24T22:16:55Z
1316099,Mitja lluna rapa nui,ca,"","",,Catalan,José Pedro De Campos Fogaça,2023-06-24T22:18:14Z
615597,Mitja lluna fletxa comuna,ca,"","",,Catalan,José Pedro De Campos Fogaça,2023-06-24T22:20:08Z
516254,Mitja lluna fletxa blava,ca,"","",,Catalan,José Pedro De Campos Fogaça,2023-06-24T22:21:28Z
615598,Mitja lluna del sud,ca,"","",,Catalan,José Pedro De Campos Fogaça,2023-06-24T22:22:46Z
105388,Mitja lluna del nord,ca,"","",,Catalan,José Pedro De Campos Fogaça,2023-06-24T22:23:51Z
411212,Mitja lluna platejada,ca,"","",,Catalan,José Pedro De Campos Fogaça,2023-06-24T22:25:51Z
411211,Mitja lluna de cua groga,ca,"","",,Catalan,José Pedro De Campos Fogaça,2023-06-24T22:26:20Z
521744,Mitja lluna de cua negra,ca,"","",,Catalan,José Pedro De Campos Fogaça,2023-06-24T22:28:02Z
447407,Mitja lluna mantega,ca,"","",,Catalan,José Pedro De Campos Fogaça,2023-06-24T22:30:37Z
197101,Mitja lluna blava,ca,"","",,Catalan,José Pedro De Campos Fogaça,2023-06-24T22:31:33Z
49263,"Roncadors, daras i bakokos",ca,"","",,Catalan,José Pedro De Campos Fogaça,2023-06-24T22:43:28Z
94129,Dara daurada,ca,"","",,Catalan,José Pedro De Campos Fogaça,2023-06-24T22:46:12Z
94130,Dara de barra negra,ca,"","",,Catalan,José Pedro De Campos Fogaça,2023-06-24T22:49:00Z
1313244,Dara de Espinoza,ca,"","",,Catalan,José Pedro De Campos Fogaça,2023-06-24T22:49:29Z
94132,Dara ruc,ca,"","",,Catalan,José Pedro De Campos Fogaça,2023-06-24T22:50:36Z
1313243,Dara de l'Illa Clarión,ca,"","",,Catalan,José Pedro De Campos Fogaça,2023-06-24T22:51:18Z
874359,senet de pobre,ca,"","",,Catalan,Salvador Prat Oller,2023-06-26T16:37:51Z
94135,Dara platejada,ca,"","",,Catalan,José Pedro De Campos Fogaça,2023-06-27T13:41:02Z
52296,Dara de Surinam,ca,"","",,Catalan,José Pedro De Campos Fogaça,2023-06-27T13:42:51Z
94136,Dara pallasso del Pacífic,ca,"","",,Catalan,José Pedro De Campos Fogaça,2023-06-27T13:45:14Z
49947,Dara pallasso de l'Atlàntic,ca,"","",,Catalan,José Pedro De Campos Fogaça,2023-06-27T13:46:56Z
615138,Roncador borriqueta,ca,"","",,Catalan,José Pedro De Campos Fogaça,2023-06-27T13:49:37Z
500543,Dara d'ulls de vidre,ca,"","",,Catalan,José Pedro De Campos Fogaça,2023-06-27T13:54:31Z
1316636,Roncador de Califòrnia,ca,"","",,Catalan,José Pedro De Campos Fogaça,2023-06-27T13:55:40Z
1316786,Roncador de les Índies Occidentals,ca,"","",,Catalan,José Pedro De Campos Fogaça,2023-06-27T13:57:09Z
1316635,Roncador de línies fines,ca,"","",,Catalan,José Pedro De Campos Fogaça,2023-06-27T13:59:05Z
1316041,Roncador peruà,ca,"","",,Catalan,José Pedro De Campos Fogaça,2023-06-27T13:59:43Z
98344,Roncador ull de llimona,ca,"","",,Catalan,José Pedro De Campos Fogaça,2023-06-27T14:01:09Z
179626,Roncador costaner,ca,"","",,Catalan,José Pedro De Campos Fogaça,2023-06-27T14:01:59Z
98345,Roncador de la Baixa Califòrnia,ca,"","",,Catalan,José Pedro De Campos Fogaça,2023-06-27T14:03:29Z
147114,Roncador besador,ca,"","",,Catalan,José Pedro De Campos Fogaça,2023-06-27T14:04:40Z
49953,Roncador blanc,ca,"","",,Catalan,José Pedro De Campos Fogaça,2023-06-27T14:06:10Z
1313585,Roncador de l'Atlàntic,ca,"","",,Catalan,José Pedro De Campos Fogaça,2023-06-27T14:06:27Z
49950,Roncador brillant,ca,"","",,Catalan,José Pedro De Campos Fogaça,2023-06-27T14:07:22Z
317130,Roncador negre,ca,"","",,Catalan,José Pedro De Campos Fogaça,2023-06-27T14:08:16Z
615144,Roncador de línies bronzejades,ca,"","",,Catalan,José Pedro De Campos Fogaça,2023-06-27T14:10:10Z
130054,Roncador de Poey,ca,"","",,Catalan,José Pedro De Campos Fogaça,2023-06-27T14:11:23Z
101998,Roncador del golf,ca,"","",,Catalan,José Pedro De Campos Fogaça,2023-06-27T14:12:39Z
62600,Roncador de les Guyanes,ca,"","",,Catalan,José Pedro De Campos Fogaça,2023-06-27T14:13:53Z
52295,Roncador hispà,ca,"","",,Catalan,José Pedro De Campos Fogaça,2023-06-27T14:14:37Z
101999,Roncador de cua tacada,ca,"","",,Catalan,José Pedro De Campos Fogaça,2023-06-27T14:15:37Z
131388,Roncador emperador,ca,"","",,Catalan,José Pedro De Campos Fogaça,2023-06-27T14:16:16Z
317131,Roncador platejat,ca,"","",,Catalan,José Pedro De Campos Fogaça,2023-06-27T14:17:33Z
49951,Roncador de Plumier,ca,"","",,Catalan,José Pedro De Campos Fogaça,2023-06-27T14:18:28Z
49262,Roncador de línies blaves,ca,"","",,Catalan,José Pedro De Campos Fogaça,2023-06-27T14:19:02Z
102000,Roncador gris,ca,"","",,Catalan,José Pedro De Campos Fogaça,2023-06-27T14:19:37Z
102001,Roncador de barres pàl·lides,ca,"","",,Catalan,José Pedro De Campos Fogaça,2023-06-27T14:20:19Z
615148,Roncador brasiler,ca,"","",,Catalan,José Pedro De Campos Fogaça,2023-06-27T14:20:51Z
102002,Roncador del Pacífic,ca,"","",,Catalan,José Pedro De Campos Fogaça,2023-06-27T14:21:27Z
49949,Roncador comú,ca,"","",,Catalan,José Pedro De Campos Fogaça,2023-06-27T14:22:09Z
495478,Roncador de les Antilles,ca,"","",,Catalan,José Pedro De Campos Fogaça,2023-06-27T14:22:44Z
102003,Roncador mexicà,ca,"","",,Catalan,José Pedro De Campos Fogaça,2023-06-27T14:24:06Z
615149,Roncador de roca,ca,"","",,Catalan,José Pedro De Campos Fogaça,2023-06-27T14:24:50Z
1316046,Roncador allargat,ca,"","",,Catalan,José Pedro De Campos Fogaça,2023-06-27T14:25:20Z
49952,Roncador de Günther,ca,"","",,Catalan,José Pedro De Campos Fogaça,2023-06-27T14:26:31Z
1316045,Roncador de platja,ca,"","",,Catalan,José Pedro De Campos Fogaça,2023-06-27T14:27:59Z
103475,Roncador del sud,ca,"","",,Catalan,José Pedro De Campos Fogaça,2023-06-27T14:29:07Z
105787,Roncador de cua negra,ca,"","",,Catalan,José Pedro De Campos Fogaça,2023-06-27T14:30:30Z
105788,Roncador ratllat,ca,"","",,Catalan,José Pedro De Campos Fogaça,2023-06-27T14:31:21Z
1316631,Roncador d'aleta escamosa,ca,"","",,Catalan,José Pedro De Campos Fogaça,2023-06-27T14:32:02Z
1316648,Roncador tinent,ca,"","",,Catalan,José Pedro De Campos Fogaça,2023-06-27T14:32:58Z
1316044,Roncador porc,ca,"","",,Catalan,José Pedro De Campos Fogaça,2023-06-27T14:33:51Z
49431,Roncador mirall,ca,"","",,Catalan,José Pedro De Campos Fogaça,2023-06-27T14:34:49Z
55531,Roncador de Galápagos,ca,"","",,Catalan,José Pedro De Campos Fogaça,2023-06-27T14:35:32Z
108000,Roncador de Redding,ca,"","",,Catalan,José Pedro De Campos Fogaça,2023-06-27T14:36:11Z
1316043,Roncador de bassal,ca,"","",,Catalan,José Pedro De Campos Fogaça,2023-06-27T14:37:43Z
1315621,Roncador colombià,ca,"","",,Catalan,José Pedro De Campos Fogaça,2023-06-27T14:39:50Z
1316042,Dara africana,ca,"","",,Catalan,José Pedro De Campos Fogaça,2023-06-27T14:54:28Z
1315240,Dara fosca,ca,"","",,Catalan,José Pedro De Campos Fogaça,2023-06-27T14:55:43Z
68797,Roncador d'esquena groga,ca,"","",,Catalan,José Pedro De Campos Fogaça,2023-06-27T22:33:38Z
68796,Roncador de Andaman,ca,"","",,Catalan,José Pedro De Campos Fogaça,2023-06-27T22:35:03Z
68795,Roncador de l'Indopacífic,ca,"","",,Catalan,José Pedro De Campos Fogaça,2023-06-27T22:36:22Z
68799,Roncador de galta blava,ca,"","",,Catalan,José Pedro De Campos Fogaça,2023-06-27T22:37:21Z
68794,Roncador de Cuvier,ca,"","",,Catalan,José Pedro De Campos Fogaça,2023-06-27T22:38:15Z
615159,Roncador del nord,ca,"","",,Catalan,José Pedro De Campos Fogaça,2023-06-27T22:38:59Z
615160,Roncador tacat,ca,"","",,Catalan,José Pedro De Campos Fogaça,2023-06-27T22:39:50Z
110028,Roncador d'espina alta,ca,"","",,Catalan,José Pedro De Campos Fogaça,2023-06-27T22:40:48Z
354847,Roncador de pijama,ca,"","",,Catalan,José Pedro De Campos Fogaça,2023-06-27T22:42:33Z
1316594,Roncador de cua fosca,ca,"","",,Catalan,José Pedro De Campos Fogaça,2023-06-27T22:43:33Z
110029,Roncador bastard,ca,"","",,Catalan,José Pedro De Campos Fogaça,2023-06-27T22:45:22Z
615162,Roncador africà,ca,"","",,Catalan,José Pedro De Campos Fogaça,2023-06-27T22:46:19Z
368081,Roncador de Queensland,ca,"","",,Catalan,José Pedro De Campos Fogaça,2023-06-27T22:47:02Z
615163,Roncador de Smith,ca,"","",,Catalan,José Pedro De Campos Fogaça,2023-06-27T22:48:12Z
110031,Roncador tacat,ca,"","",,Catalan,José Pedro De Campos Fogaça,2023-06-27T22:49:10Z
615164,Roncador de puntes petites,ca,"","",,Catalan,José Pedro De Campos Fogaça,2023-06-27T22:51:07Z
347563,Roncador verd,ca,"","",,Catalan,José Pedro De Campos Fogaça,2023-06-27T22:51:33Z
615165,Roncador lloro,ca,"","",,Catalan,José Pedro De Campos Fogaça,2023-06-27T22:52:05Z
615166,Roncador de Rüppell,ca,"","",,Catalan,José Pedro De Campos Fogaça,2023-06-27T22:52:43Z
354887,Roncador de cua groga,ca,"","",,Catalan,José Pedro De Campos Fogaça,2023-06-27T22:53:25Z
615167,Roncador americà,ca,"","",,Catalan,José Pedro De Campos Fogaça,2023-06-27T22:54:22Z
615168,Roncador del Senegal,ca,"","",,Catalan,José Pedro De Campos Fogaça,2023-06-27T22:55:37Z
110033,Roncador equatorial,ca,"","",,Catalan,José Pedro De Campos Fogaça,2023-06-27T22:56:31Z
354888,Roncador estriat,ca,"","",,Catalan,José Pedro De Campos Fogaça,2023-06-27T22:57:07Z
615169,Roncador del Mar Roja,ca,"","",,Catalan,José Pedro De Campos Fogaça,2023-06-27T22:57:58Z
615170,Roncador de Valenciennes,ca,"","",,Catalan,José Pedro De Campos Fogaça,2023-06-27T22:58:58Z
615171,Roncador de línies marrons,ca,"","",,Catalan,José Pedro De Campos Fogaça,2023-06-27T22:59:47Z
530149,Roncador d'orella negra,ca,"","",,Catalan,José Pedro De Campos Fogaça,2023-06-27T23:00:38Z
615172,Roncador de punta vermellosa,ca,"","",,Catalan,José Pedro De Campos Fogaça,2023-06-27T23:01:54Z
1316783,Roncador d'espina llarga,ca,"","",,Catalan,José Pedro De Campos Fogaça,2023-06-29T19:31:18Z
1316632,Roncador de Panamà,ca,"","",,Catalan,José Pedro De Campos Fogaça,2023-06-29T19:32:13Z
1316784,Roncador de boca morada,ca,"","",,Catalan,José Pedro De Campos Fogaça,2023-06-29T19:33:24Z
1360111,Roncador de Branick,ca,"","",,Catalan,José Pedro De Campos Fogaça,2023-06-29T19:33:51Z
1316633,Roncador de la Florida,ca,"","",,Catalan,José Pedro De Campos Fogaça,2023-06-29T19:36:13Z
115041,Dara de Agassiz,ca,"","",,Catalan,José Pedro De Campos Fogaça,2023-06-29T19:38:53Z
115042,Dara peruana,ca,"","",,Catalan,José Pedro De Campos Fogaça,2023-06-29T19:40:20Z
115043,Dara folrada,ca,"","",,Catalan,José Pedro De Campos Fogaça,2023-06-29T19:42:22Z
513499,Bakoko boca gran,ca,"","",,Catalan,José Pedro De Campos Fogaça,2023-06-29T20:16:35Z
530147,Bakoko d'aleta negra,ca,"","",,Catalan,José Pedro De Campos Fogaça,2023-06-29T20:17:30Z
132396,Bakoko blavós,ca,"","",,Catalan,José Pedro De Campos Fogaça,2023-06-29T22:35:19Z
615140,Bakoko pintat,ca,"","",,Catalan,José Pedro De Campos Fogaça,2023-06-29T22:36:03Z
483603,Dara barrada,ca,"","",,Catalan,José Pedro De Campos Fogaça,2023-06-29T22:37:59Z
615143,Dara de roca,ca,"","",,Catalan,José Pedro De Campos Fogaça,2023-06-29T22:39:49Z
476129,Roncador boca d'or,ca,"","",,Catalan,José Pedro De Campos Fogaça,2023-06-29T22:41:47Z
615151,Roncador pelegrí,ca,"","",,Catalan,José Pedro De Campos Fogaça,2023-06-29T22:43:20Z
359901,Roncador xocolata,ca,"","",,Catalan,José Pedro De Campos Fogaça,2023-06-29T22:44:17Z
469585,Roncador japonès,ca,"","",,Catalan,José Pedro De Campos Fogaça,2023-06-29T22:45:23Z
199248,Bakoko gegant,ca,"","",,Catalan,José Pedro De Campos Fogaça,2023-06-29T22:46:32Z
525646,Bakoko blau,ca,"","",,Catalan,José Pedro De Campos Fogaça,2023-06-29T22:47:03Z
615152,Bakoko de Sri Lanka,ca,"","",,Catalan,José Pedro De Campos Fogaça,2023-06-29T22:48:43Z
122002,Bakoko arlequí,ca,"","",,Catalan,José Pedro De Campos Fogaça,2023-06-29T22:49:20Z
123448,Bakoko de línies daurades,ca,"","",,Catalan,José Pedro De Campos Fogaça,2023-06-29T22:50:06Z
342567,Bakoko negre,ca,"","",,Catalan,José Pedro De Campos Fogaça,2023-06-29T22:50:37Z
502356,Bakoko de tres bandes,ca,"","",,Catalan,José Pedro De Campos Fogaça,2023-06-29T22:51:51Z
208514,Bakoko esvelt,ca,"","",,Catalan,José Pedro De Campos Fogaça,2023-06-29T22:52:36Z
341862,Bakoko llimona,ca,"","",,Catalan,José Pedro De Campos Fogaça,2023-06-29T22:53:12Z
338765,Bakoko lloro,ca,"","",,Catalan,José Pedro De Campos Fogaça,2023-06-29T22:53:47Z
188071,Bakoko fosc,ca,"","",,Catalan,José Pedro De Campos Fogaça,2023-06-29T22:54:34Z
1316047,Bakoko gris,ca,"","",,Catalan,José Pedro De Campos Fogaça,2023-06-29T22:55:24Z
134157,Bakoko elegant,ca,"","",,Catalan,José Pedro De Campos Fogaça,2023-06-29T22:56:08Z
134158,Bakoko de llavis daurats,ca,"","",,Catalan,José Pedro De Campos Fogaça,2023-06-29T22:56:57Z
615154,Bakoko africà,ca,"","",,Catalan,José Pedro De Campos Fogaça,2023-06-29T22:57:34Z
502906,Bakoko tacat,ca,"","",,Catalan,José Pedro De Campos Fogaça,2023-06-29T22:58:33Z
1313451,Bakoko d'Oman,ca,"","",,Catalan,José Pedro De Campos Fogaça,2023-06-29T22:59:39Z
479674,Bakoko del Mediterrània,ca,"","",,Catalan,José Pedro De Campos Fogaça,2023-06-29T23:00:36Z
424598,Bakoko groc,ca,"","",,Catalan,José Pedro De Campos Fogaça,2023-06-29T23:01:25Z
615155,Bakoko zebra,ca,"","",,Catalan,José Pedro De Campos Fogaça,2023-06-29T23:01:55Z
347600,Bakoko pintat,ca,"","",,Catalan,José Pedro De Campos Fogaça,2023-06-29T23:02:48Z
347602,Bakoko persa,ca,"","",,Catalan,José Pedro De Campos Fogaça,2023-06-29T23:04:15Z
615156,Bakoko d'escull,ca,"","",,Catalan,José Pedro De Campos Fogaça,2023-06-29T23:04:58Z
551943,Bakoko de ratlles blanques,ca,"","",,Catalan,José Pedro De Campos Fogaça,2023-06-29T23:05:36Z
135279,Bakoko reial,ca,"","",,Catalan,José Pedro De Campos Fogaça,2023-06-29T23:06:18Z
357464,Bakoko de llavis gros,ca,"","",,Catalan,José Pedro De Campos Fogaça,2023-06-29T23:08:09Z
615157,Bakoko platejat,ca,"","",,Catalan,José Pedro De Campos Fogaça,2023-06-29T23:08:49Z
615158,Bakoko del Mar Roja,ca,"","",,Catalan,José Pedro De Campos Fogaça,2023-06-29T23:09:44Z
357465,Bakoko de cua verda,ca,"","",,Catalan,José Pedro De Campos Fogaça,2023-06-29T23:10:44Z
120999,Bakoko de l'Indopacífic,ca,"","",,Catalan,José Pedro De Campos Fogaça,2023-06-29T23:11:57Z
47176,Peixos llima,ca,"","",,Catalan,José Pedro De Campos Fogaça,2023-06-30T02:20:04Z
530366,Peix llima de cua espinosa,ca,"","",,Catalan,José Pedro De Campos Fogaça,2023-06-30T02:21:19Z
353497,Peix llima ull d'or,ca,"","",,Catalan,José Pedro De Campos Fogaça,2023-06-30T02:22:01Z
353494,Peix llima de Castelnau,ca,"","",,Catalan,José Pedro De Campos Fogaça,2023-06-30T02:23:01Z
93202,Peix llima hajam,ca,"","",,Catalan,José Pedro De Campos Fogaça,2023-06-30T02:24:40Z
196901,Peix llima radial,ca,"","",,Catalan,José Pedro De Campos Fogaça,2023-06-30T02:25:43Z
338159,Peix llima cua de truges,ca,"","",,Catalan,José Pedro De Campos Fogaça,2023-06-30T02:27:33Z
316936,Peix llima pintat de l'Atlàntic,ca,"","",,Catalan,José Pedro De Campos Fogaça,2023-06-30T02:32:00Z
194921,Peix llima unicorn,ca,"","",,Catalan,José Pedro De Campos Fogaça,2023-06-30T02:32:51Z
179427,Peix llima costaner,ca,"","",,Catalan,José Pedro De Campos Fogaça,2023-06-30T02:40:11Z
49498,Peix llima de cua elegant,ca,"","",,Catalan,José Pedro De Campos Fogaça,2023-06-30T02:41:20Z
196907,Peix llima cua d'escombra,ca,"","",,Catalan,José Pedro De Campos Fogaça,2023-06-30T02:42:16Z
93996,Peix llima pal,ca,"","",,Catalan,José Pedro De Campos Fogaça,2023-06-30T02:44:19Z
617405,Peix llima d'aleta filamentosa,ca,"","",,Catalan,José Pedro De Campos Fogaça,2023-06-30T02:46:38Z
617406,Peix llima pigmeu del Mar Roja,ca,"","",,Catalan,José Pedro De Campos Fogaça,2023-06-30T02:48:57Z
511645,Peix llima pigmeu de Port Jackson,ca,"","",,Catalan,José Pedro De Campos Fogaça,2023-06-30T02:49:35Z
474555,Peix llima inflador,ca,"","",,Catalan,José Pedro De Campos Fogaça,2023-06-30T02:50:04Z
617407,Peix llima pigmeu japonès,ca,"","",,Catalan,José Pedro De Campos Fogaça,2023-06-30T02:51:02Z
617408,Peix llima encerat,ca,"","",,Catalan,José Pedro De Campos Fogaça,2023-06-30T02:52:34Z
130765,Peix llima de Dumeril,ca,"","",,Catalan,José Pedro De Campos Fogaça,2023-06-30T02:53:30Z
418231,Peix llima marró,ca,"","",,Catalan,José Pedro De Campos Fogaça,2023-06-30T02:55:25Z
530367,Peix llima tahitià,ca,"","",,Catalan,José Pedro De Campos Fogaça,2023-06-30T02:56:33Z
129656,Peix llima pintat del Carib,ca,"","",,Catalan,José Pedro De Campos Fogaça,2023-06-30T02:57:04Z
617409,Peix llima de Nuku Hiva,ca,"","",,Catalan,José Pedro De Campos Fogaça,2023-06-30T02:57:43Z
196905,Peix llima bresca,ca,"","",,Catalan,José Pedro De Campos Fogaça,2023-06-30T02:59:15Z
49275,Peix llima bicolor,ca,"","",,Catalan,José Pedro De Campos Fogaça,2023-06-30T02:59:50Z
617410,Peix llima rapa nui,ca,"","",,Catalan,José Pedro De Campos Fogaça,2023-06-30T03:00:21Z
142086,Peix llima gris fosc,ca,"","",,Catalan,José Pedro De Campos Fogaça,2023-06-30T03:01:03Z
148085,Peix llima hawaià,ca,"","",,Catalan,José Pedro De Campos Fogaça,2023-06-30T03:02:18Z
519392,Peix llima escamoso,ca,"","",,Catalan,José Pedro De Campos Fogaça,2023-06-30T03:03:08Z
96711,Peix llima d'espina alta,ca,"","",,Catalan,José Pedro De Campos Fogaça,2023-06-30T03:04:07Z
474370,Peix llima frondosat,ca,"","",,Catalan,José Pedro De Campos Fogaça,2023-06-30T03:05:02Z
530368,Peix llima de Paxman,ca,"","",,Catalan,José Pedro De Campos Fogaça,2023-06-30T03:05:41Z
368033,Peix llima de atol,ca,"","",,Catalan,José Pedro De Campos Fogaça,2023-06-30T03:07:47Z
82675,tuferola,ca,"","",,Catalan,Salvador Prat Oller,2023-06-30T11:43:21Z
510796,Peix llima negre,ca,"","",,Catalan,José Pedro De Campos Fogaça,2023-06-30T17:21:45Z
100660,Peix llima de línia blava,ca,"","",,Catalan,José Pedro De Campos Fogaça,2023-06-30T17:22:41Z
530369,Peix llima blau,ca,"","",,Catalan,José Pedro De Campos Fogaça,2023-06-30T17:23:24Z
515935,Peix llima de Gunn,ca,"","",,Catalan,José Pedro De Campos Fogaça,2023-06-30T17:24:07Z
429286,Peix llima mosaic,ca,"","",,Catalan,José Pedro De Campos Fogaça,2023-06-30T17:24:50Z
530370,Peix llima de quatre espines,ca,"","",,Catalan,José Pedro De Campos Fogaça,2023-06-30T17:27:51Z
617412,Peix llima de Mannar,ca,"","",,Catalan,José Pedro De Campos Fogaça,2023-06-30T17:29:11Z
518209,Peix llima del sud,ca,"","",,Catalan,José Pedro De Campos Fogaça,2023-06-30T17:30:11Z
511746,Peix llima d'espina groga,ca,"","",,Catalan,José Pedro De Campos Fogaça,2023-06-30T17:30:55Z
353493,Peix llima paó,ca,"","",,Catalan,José Pedro De Campos Fogaça,2023-06-30T17:32:09Z
512740,Peix llima de línies blaves,ca,"","",,Catalan,José Pedro De Campos Fogaça,2023-06-30T17:32:52Z
105693,Peix llima ferradura,ca,"","",,Catalan,José Pedro De Campos Fogaça,2023-06-30T17:33:29Z
502711,Peix llima de vellut,ca,"","",,Catalan,José Pedro De Campos Fogaça,2023-06-30T17:34:15Z
511644,Peix llima de cua groga,ca,"","",,Catalan,José Pedro De Campos Fogaça,2023-06-30T17:35:04Z
513887,Peix llima elegant,ca,"","",,Catalan,José Pedro De Campos Fogaça,2023-06-30T17:35:38Z
368999,Peix llima ventre de vela,ca,"","",,Catalan,José Pedro De Campos Fogaça,2023-06-30T17:37:11Z
131515,Peix llima críptic,ca,"","",,Catalan,José Pedro De Campos Fogaça,2023-06-30T17:37:50Z
131514,Peix llima esvelt,ca,"","",,Catalan,José Pedro De Campos Fogaça,2023-06-30T17:38:33Z
47174,Peix llima de línies marrons,ca,"","",,Catalan,José Pedro De Campos Fogaça,2023-06-30T17:39:40Z
487689,Peix llima nas de pipa del Mar Roja,ca,"","",,Catalan,José Pedro De Campos Fogaça,2023-06-30T17:40:49Z
127710,Peix llima nas de pipa de l'Indopacífic,ca,"","",,Catalan,José Pedro De Campos Fogaça,2023-06-30T17:42:05Z
617413,Peix llima mimic del Mar Roja,ca,"","",,Catalan,José Pedro De Campos Fogaça,2023-06-30T17:44:59Z
196904,Peix llima mimic comú,ca,"","",,Catalan,José Pedro De Campos Fogaça,2023-06-30T17:45:25Z
617414,Peix llima àrab,ca,"","",,Catalan,José Pedro De Campos Fogaça,2023-06-30T17:46:19Z
450862,Herba felera,ca,"","",,Catalan,Alba Rovira,2023-06-30T20:37:29Z
486466,Lleteresa verrucosa,ca,"","",,Catalan,Alba Rovira,2023-06-30T20:40:43Z
199186,Peix llima cara de porc,ca,"","",,Catalan,José Pedro De Campos Fogaça,2023-06-30T21:40:28Z
334730,Peix llima japonès,ca,"","",,Catalan,José Pedro De Campos Fogaça,2023-06-30T21:41:05Z
617416,Peix llima cua de vela,ca,"","",,Catalan,José Pedro De Campos Fogaça,2023-06-30T21:42:23Z
334731,Peix llima nipònic,ca,"","",,Catalan,José Pedro De Campos Fogaça,2023-06-30T21:44:17Z
77129,Corretjola sense flor,ca,"","",,Catalan,Alba Rovira,2023-06-30T21:44:20Z
368032,Peix llima de Lowe,ca,"","",,Catalan,José Pedro De Campos Fogaça,2023-06-30T21:44:39Z
108588,Peix llima de Ogasawara,ca,"","",,Catalan,José Pedro De Campos Fogaça,2023-06-30T21:46:06Z
131622,Prunel·la de flor gran,ca,"","",,Catalan,Alba Rovira,2023-06-30T21:46:34Z
617417,Peix llima d'aleta fràgil,ca,"","",,Catalan,José Pedro De Campos Fogaça,2023-06-30T21:47:55Z
1110513,Ínula salicina,ca,"","",,Catalan,Alba Rovira,2023-06-30T21:48:35Z
368031,Peix llima oblong,ca,"","",,Catalan,José Pedro De Campos Fogaça,2023-06-30T21:49:12Z
530372,Peix llima fosc,ca,"","",,Catalan,José Pedro De Campos Fogaça,2023-06-30T21:50:26Z
530373,Peix llima cingalès,ca,"","",,Catalan,José Pedro De Campos Fogaça,2023-06-30T21:51:24Z
538875,Peix llima de fang,ca,"","",,Catalan,José Pedro De Campos Fogaça,2023-06-30T21:52:24Z
487763,Escanyaboc,ca,"","",,Catalan,Alba Rovira,2023-06-30T21:52:48Z
617419,Peix llima indi,ca,"","",,Catalan,José Pedro De Campos Fogaça,2023-06-30T21:54:19Z
196906,Peix llima d'ulls daurats,ca,"","",,Catalan,José Pedro De Campos Fogaça,2023-06-30T21:55:54Z
122524,Peix llima de cua taronja,ca,"","",,Catalan,José Pedro De Campos Fogaça,2023-06-30T21:56:42Z
196903,Peix llima d'orella tacada,ca,"","",,Catalan,José Pedro De Campos Fogaça,2023-06-30T21:57:50Z
617420,Peix llima de les Marqueses,ca,"","",,Catalan,José Pedro De Campos Fogaça,2023-06-30T21:59:43Z
196902,Peix llima de cara negra,ca,"","",,Catalan,José Pedro De Campos Fogaça,2023-06-30T22:00:21Z
197087,Peix llima pigmeu coral·lí,ca,"","",,Catalan,José Pedro De Campos Fogaça,2023-06-30T22:01:21Z
617421,Peix llima de Randall,ca,"","",,Catalan,José Pedro De Campos Fogaça,2023-06-30T22:01:46Z
122115,Peix llima perlat,ca,"","",,Catalan,José Pedro De Campos Fogaça,2023-06-30T22:02:28Z
199313,Peix llima rinoceront,ca,"","",,Catalan,José Pedro De Campos Fogaça,2023-06-30T22:03:31Z
272551,Peix llima allargat,ca,"","",,Catalan,José Pedro De Campos Fogaça,2023-06-30T22:04:23Z
272552,Peix llima de Brunei,ca,"","",,Catalan,José Pedro De Campos Fogaça,2023-06-30T22:05:02Z
368543,Peix llima del nord,ca,"","",,Catalan,José Pedro De Campos Fogaça,2023-06-30T22:06:15Z
1315764,Peix llima de Tweedie,ca,"","",,Catalan,José Pedro De Campos Fogaça,2023-06-30T22:08:01Z
617422,Peix llima pigmeu del Pacífic,ca,"","",,Catalan,José Pedro De Campos Fogaça,2023-06-30T22:10:20Z
474267,Peix llima diamant,ca,"","",,Catalan,José Pedro De Campos Fogaça,2023-06-30T22:10:54Z
530374,Peix llima pigmeu críptic,ca,"","",,Catalan,José Pedro De Campos Fogaça,2023-06-30T22:11:58Z
322000,Peix llima australià,ca,"","",,Catalan,José Pedro De Campos Fogaça,2023-06-30T22:13:26Z
1315756,Peix llima sud-africà,ca,"","",,Catalan,José Pedro De Campos Fogaça,2023-06-30T22:14:33Z
418232,Peix llima mariner,ca,"","",,Catalan,José Pedro De Campos Fogaça,2023-06-30T22:15:13Z
617424,Peix llima reticulat,ca,"","",,Catalan,José Pedro De Campos Fogaça,2023-06-30T22:15:52Z
132526,Peix llima aspre,ca,"","",,Catalan,José Pedro De Campos Fogaça,2023-06-30T22:16:40Z
52164,Peix llima pigmeu de l'Atlàntic,ca,"","",,Catalan,José Pedro De Campos Fogaça,2023-06-30T22:17:41Z
518187,Peix llima de Lord Howe,ca,"","",,Catalan,José Pedro De Campos Fogaça,2023-06-30T22:19:40Z
617425,Peix llima africà,ca,"","",,Catalan,José Pedro De Campos Fogaça,2023-06-30T22:20:40Z
530375,Peix llima blanc,ca,"","",,Catalan,José Pedro De Campos Fogaça,2023-06-30T22:21:21Z
1313099,Peix llima d'Àqaba,ca,"","",,Catalan,José Pedro De Campos Fogaça,2023-06-30T22:22:51Z
617426,Peix llima pintat africà,ca,"","",,Catalan,José Pedro De Campos Fogaça,2023-06-30T22:24:31Z
113996,Peix llima d'aigües profundes,ca,"","",,Catalan,José Pedro De Campos Fogaça,2023-06-30T22:25:32Z
1315507,Peix llima de Garrett,ca,"","",,Catalan,José Pedro De Campos Fogaça,2023-06-30T22:26:32Z
530376,Peix llima pintat del Pacífic,ca,"","",,Catalan,José Pedro De Campos Fogaça,2023-06-30T22:27:38Z
113997,Peix llima de ventre negre,ca,"","",,Catalan,José Pedro De Campos Fogaça,2023-06-30T22:29:18Z
526770,Peix llima modest,ca,"","",,Catalan,José Pedro De Campos Fogaça,2023-06-30T22:29:50Z
372203,Peix llima coreà,ca,"","",,Catalan,José Pedro De Campos Fogaça,2023-06-30T22:30:19Z
617427,Peix llima bronzejat,ca,"","",,Catalan,José Pedro De Campos Fogaça,2023-06-30T22:31:18Z
617428,Peix llima insular,ca,"","",,Catalan,José Pedro De Campos Fogaça,2023-06-30T22:31:48Z
617429,Peix llima cara de cavall,ca,"","",,Catalan,José Pedro De Campos Fogaça,2023-06-30T22:33:11Z
530377,Peix llima ratllat,ca,"","",,Catalan,José Pedro De Campos Fogaça,2023-06-30T22:33:53Z
530378,Peix llima de badia,ca,"","",,Catalan,José Pedro De Campos Fogaça,2023-06-30T22:35:05Z
47529,peixos cofre d'aigües poc profundes i vaquetes,ca,"","",,Catalan,José Pedro De Campos Fogaça,2023-07-01T19:56:06Z
49429,Vaqueta oceànica,ca,"","",,Catalan,José Pedro De Campos Fogaça,2023-07-01T19:57:59Z
1315642,Vaqueta hexagonal,ca,"","",,Catalan,José Pedro De Campos Fogaça,2023-07-01T19:59:11Z
49925,Vaqueta del Carib,ca,"","",,Catalan,José Pedro De Campos Fogaça,2023-07-01T19:59:51Z
120129,Peix cofre blanc,ca,"","",,Catalan,José Pedro De Campos Fogaça,2023-07-01T20:01:31Z
131513,Peix cofre búfal,ca,"","",,Catalan,José Pedro De Campos Fogaça,2023-07-01T20:02:56Z
577603,Peix cofre llis,ca,"","",,Catalan,José Pedro De Campos Fogaça,2023-07-01T20:04:06Z
121661,Vaqueta banyuda,ca,"","",,Catalan,José Pedro De Campos Fogaça,2023-07-01T20:05:26Z
49313,Vaqueta diàfana,ca,"","",,Catalan,José Pedro De Campos Fogaça,2023-07-01T20:06:38Z
199600,Vaqueta espinosa,ca,"","",,Catalan,José Pedro De Campos Fogaça,2023-07-01T20:07:25Z
49378,Peix cofre groc,ca,"","",,Catalan,José Pedro De Campos Fogaça,2023-07-01T20:09:06Z
362210,Peix cofre àrab,ca,"","",,Catalan,José Pedro De Campos Fogaça,2023-07-01T20:09:52Z
418229,Peix cofre de taques blaves,ca,"","",,Catalan,José Pedro De Campos Fogaça,2023-07-01T20:10:40Z
47527,Peix cofre blau,ca,"","",,Catalan,José Pedro De Campos Fogaça,2023-07-01T20:11:06Z
1316535,Peix cofre del nas curt,ca,"","",,Catalan,José Pedro De Campos Fogaça,2023-07-01T20:12:29Z
372197,Peix cofre del nas rom,ca,"","",,Catalan,José Pedro De Campos Fogaça,2023-07-01T20:13:31Z
196832,Peix cofre de Solor,ca,"","",,Catalan,José Pedro De Campos Fogaça,2023-07-01T20:14:01Z
618927,Peix cofre negre,ca,"","",,Catalan,José Pedro De Campos Fogaça,2023-07-01T20:14:50Z
126807,Peix cofre de Whitley,ca,"","",,Catalan,José Pedro De Campos Fogaça,2023-07-01T20:16:07Z
196840,Peix cofre de Lindsay,ca,"","",,Catalan,José Pedro De Campos Fogaça,2023-07-01T20:16:51Z
465308,Peix cofre triangular,ca,"","",,Catalan,José Pedro De Campos Fogaça,2023-07-01T20:26:43Z
113951,Peix cofre piràmide,ca,"","",,Catalan,José Pedro De Campos Fogaça,2023-07-01T20:27:26Z
530572,Peix cofre d'espines petites,ca,"","",,Catalan,José Pedro De Campos Fogaça,2023-07-01T20:28:07Z
85596,peixos cofre d'aigües profundes,ca,"","",,Catalan,José Pedro De Campos Fogaça,2023-07-01T20:35:26Z
512739,Peix cofre pintat,ca,"","",,Catalan,José Pedro De Campos Fogaça,2023-07-01T20:36:59Z
94193,Peix cofre polit,ca,"","",,Catalan,José Pedro De Campos Fogaça,2023-07-01T20:38:22Z
513816,Peix cofre taronja,ca,"","",,Catalan,José Pedro De Campos Fogaça,2023-07-01T20:39:07Z
196868,Peix cofre de Shaw,ca,"","",,Catalan,José Pedro De Campos Fogaça,2023-07-01T20:40:21Z
196867,Peix cofre ornamentat,ca,"","",,Catalan,José Pedro De Campos Fogaça,2023-07-01T20:40:59Z
196860,Peix cofre pigmeu,ca,"","",,Catalan,José Pedro De Campos Fogaça,2023-07-01T20:41:52Z
196861,Peix cofre nan,ca,"","",,Catalan,José Pedro De Campos Fogaça,2023-07-01T20:42:31Z
196863,Peix cofre japonès,ca,"","",,Catalan,José Pedro De Campos Fogaça,2023-07-01T20:44:20Z
196865,Peix cofre de línies grogues,ca,"","",,Catalan,José Pedro De Campos Fogaça,2023-07-01T20:46:15Z
196866,Peix cofre africà,ca,"","",,Catalan,José Pedro De Campos Fogaça,2023-07-01T20:47:18Z
196862,Peix cofre de Tyler,ca,"","",,Catalan,José Pedro De Campos Fogaça,2023-07-01T20:52:02Z
49270,Peixos eriçó,ca,"","",,Catalan,José Pedro De Campos Fogaça,2023-07-01T20:56:36Z
93673,Peix eriçó d'aigües profundes,ca,"","",,Catalan,José Pedro De Campos Fogaça,2023-07-01T21:01:28Z
196857,Peix eriçó d'antena,ca,"","",,Catalan,José Pedro De Campos Fogaça,2023-07-01T21:02:17Z
131512,Peix eriçó de les Antilles,ca,"","",,Catalan,José Pedro De Campos Fogaça,2023-07-01T21:03:43Z
1316460,Peix eriçó crioll,ca,"","",,Catalan,José Pedro De Campos Fogaça,2023-07-01T21:04:39Z
49927,Peix eriçó pintat,ca,"","",,Catalan,José Pedro De Campos Fogaça,2023-07-01T21:05:50Z
82264,Peix eriçó folrat,ca,"","",,Catalan,José Pedro De Campos Fogaça,2023-07-01T21:06:31Z
196854,Peix eriçó de taques negres,ca,"","",,Catalan,José Pedro De Campos Fogaça,2023-07-01T21:08:21Z
529827,Peix eriçó de Hardenberg,ca,"","",,Catalan,José Pedro De Campos Fogaça,2023-07-01T21:09:32Z
196931,Peix eriçó orbicular,ca,"","",,Catalan,José Pedro De Campos Fogaça,2023-07-01T21:10:20Z
194920,Peix eriçó tropical,ca,"","",,Catalan,José Pedro De Campos Fogaça,2023-07-01T21:11:17Z
141734,Peix eriçó de Myer,ca,"","",,Catalan,José Pedro De Campos Fogaça,2023-07-01T21:12:27Z
1315749,Peix eriçó australià,ca,"","",,Catalan,José Pedro De Campos Fogaça,2023-07-01T21:14:13Z
194919,Peix eriçó pelàgic,ca,"","",,Catalan,José Pedro De Campos Fogaça,2023-07-01T21:15:06Z
49269,Peix eriçó d'espines llargues,ca,"","",,Catalan,José Pedro De Campos Fogaça,2023-07-01T21:15:37Z
52313,Peix eriçó tacat,ca,"","",,Catalan,José Pedro De Campos Fogaça,2023-07-01T21:16:26Z
123268,Peix eriçó comú,ca,"","",,Catalan,José Pedro De Campos Fogaça,2023-07-01T21:18:25Z
489420,Peix eriçó de varec,ca,"","",,Catalan,José Pedro De Campos Fogaça,2023-07-01T21:19:15Z
196858,Peix eriçó de sorra,ca,"","",,Catalan,José Pedro De Campos Fogaça,2023-07-01T21:20:59Z
196859,Peix eriçó coral·lí,ca,"","",,Catalan,José Pedro De Campos Fogaça,2023-07-01T21:23:08Z
47434,Gramínies,ca,"","",,Catalan,Daniel Espejo Fraga,2023-07-02T16:46:33Z
357948,saxífraga estrellada,ca,"","",,Catalan,Alba Rovira,2023-07-02T17:32:52Z
919342,Serpoll,ca,"","",,Catalan,Alba Rovira,2023-07-02T17:34:37Z
207828,Card carlinoide,ca,"","",,Catalan,Alba Rovira,2023-07-02T17:36:08Z
208923,Verònica saxàtil,ca,"","",,Catalan,Alba Rovira,2023-07-02T17:37:56Z
132608,Linària alpina,ca,"","",,Catalan,Alba Rovira,2023-07-02T17:38:55Z
742856,Violer de Sant Josep,ca,"","",,Catalan,Alba Rovira,2023-07-02T17:40:24Z
451051,Valeriana trisecta,ca,"","",,Catalan,Alba Rovira,2023-07-02T17:41:25Z
121266,pingüícula vulgar,ca,"","",,Catalan,Alba Rovira,2023-07-02T17:50:44Z
168337,salenca herbàcia,ca,"","",,Catalan,Alba Rovira,2023-07-02T17:52:04Z
133261,Oxítrop de haller,ca,"","",,Catalan,Alba Rovira,2023-07-03T16:23:06Z
371375,Púdol de roca,ca,"","",,Catalan,Alba Rovira,2023-07-03T16:24:29Z
340986,Cardassa blanca,ca,"","",,Catalan,Alba Rovira,2023-07-03T16:25:58Z
487737,Escutel·lària alpina,ca,"","",,Catalan,Alba Rovira,2023-07-03T16:27:17Z
133487,Bistorta,ca,"","",,Catalan,Alba Rovira,2023-07-03T16:28:27Z
516449,Julivert d'isard,ca,"","",,Catalan,Alba Rovira,2023-07-03T16:29:37Z
487704,Tragacant de muntanya,ca,"","",,Catalan,Alba Rovira,2023-07-03T16:30:16Z
60376,Pírola uniflora,ca,"","",,Catalan,Alba Rovira,2023-07-03T16:30:57Z
770652,Onosma,ca,"","",,Catalan,Alba Rovira,2023-07-03T16:31:51Z
60884,Erinus,ca,"","",,Catalan,Alba Rovira,2023-07-03T16:32:25Z
546986,Plantatge monosperm,ca,"","",,Catalan,Alba Rovira,2023-07-03T16:32:59Z
775855,Comí de marrà,ca,"","",,Catalan,Alba Rovira,2023-07-03T17:57:55Z
85072,Guixó de muntanya,ca,"","",,Catalan,Alba Rovira,2023-07-04T12:55:08Z
336659,Lúzula nívea,ca,"","",,Catalan,Alba Rovira,2023-07-04T12:56:24Z
55969,Aliguer,ca,"","",,Catalan,Alba Rovira,2023-07-04T16:45:18Z
406483,Talictre aquilegifoli,ca,"","",,Catalan,Alba Rovira,2023-07-04T16:48:16Z
169007,Sisimbri austríac,ca,"","",,Catalan,Alba Rovira,2023-07-04T16:49:04Z
51618,Mirris,ca,"","",,Catalan,Alba Rovira,2023-07-04T16:50:19Z
49601,Peix lluna comú,ca,"","",,Catalan,José Pedro De Campos Fogaça,2023-07-04T21:41:39Z
604230,Peix lluna meridional,ca,"","",,Catalan,José Pedro De Campos Fogaça,2023-07-04T21:42:39Z
554753,Peix lluna de Nova Zelanda,ca,"","",,Catalan,José Pedro De Campos Fogaça,2023-07-04T21:44:33Z
49600,Peix lluna de cua afilada,ca,"","",,Catalan,José Pedro De Campos Fogaça,2023-07-04T21:45:43Z
49603,Peix lluna nan,ca,"","",,Catalan,José Pedro De Campos Fogaça,2023-07-04T21:46:34Z
49607,Peixos lluna,ca,"","",,Catalan,José Pedro De Campos Fogaça,2023-07-04T21:48:25Z
49266,Peixos bola,ca,"","",,Catalan,José Pedro De Campos Fogaça,2023-07-04T21:49:52Z
1316529,Peix bola de Honcken,ca,"","",,Catalan,José Pedro De Campos Fogaça,2023-07-04T21:50:49Z
153278,Peix bola de taques blaves,ca,"","",,Catalan,José Pedro De Campos Fogaça,2023-07-04T21:52:01Z
445670,Peix bola de les Ryūkyū,ca,"","",,Catalan,José Pedro De Campos Fogaça,2023-07-04T21:54:55Z
335075,Peix bola emmascarat,ca,"","",,Catalan,José Pedro De Campos Fogaça,2023-07-04T21:55:30Z
445671,Peix bola estrellat,ca,"","",,Catalan,José Pedro De Campos Fogaça,2023-07-04T21:56:06Z
144017,Peix bola de taques blanques,ca,"","",,Catalan,José Pedro De Campos Fogaça,2023-07-04T21:57:09Z
415123,Peix bola immaculat,ca,"","",,Catalan,José Pedro De Campos Fogaça,2023-07-04T22:03:44Z
445672,Peix bola de panxa ratllada,ca,"","",,Catalan,José Pedro De Campos Fogaça,2023-07-04T22:05:13Z
196935,Peix bola vainilla,ca,"","",,Catalan,José Pedro De Campos Fogaça,2023-07-04T22:06:17Z
124906,Peix bola mapa,ca,"","",,Catalan,José Pedro De Campos Fogaça,2023-07-04T22:07:49Z
83318,Peix bola de taques nacarats,ca,"","",,Catalan,José Pedro De Campos Fogaça,2023-07-04T22:10:36Z
621534,Peix bola folrat,ca,"","",,Catalan,José Pedro De Campos Fogaça,2023-07-04T22:12:13Z
119385,Peix bola cara de gos,ca,"","",,Catalan,José Pedro De Campos Fogaça,2023-07-04T22:13:55Z
445674,Peix bola reticulat,ca,"","",,Catalan,José Pedro De Campos Fogaça,2023-07-04T22:14:29Z
196936,Peix bola de línies diagonals,ca,"","",,Catalan,José Pedro De Campos Fogaça,2023-07-04T22:15:29Z
82169,Peix bola nan ull d'aranya,ca,"","",,Catalan,José Pedro De Campos Fogaça,2023-07-04T22:17:16Z
445720,Peix bola nan del Pacífic,ca,"","",,Catalan,José Pedro De Campos Fogaça,2023-07-04T22:20:09Z
1313514,Peix bola nan del Mar Roja,ca,"","",,Catalan,José Pedro De Campos Fogaça,2023-07-04T22:20:46Z
196933,Peix bola nan de Bennett,ca,"","",,Catalan,José Pedro De Campos Fogaça,2023-07-04T22:22:14Z
1359850,Peix bola nan de línies blaves,ca,"","",,Catalan,José Pedro De Campos Fogaça,2023-07-04T22:23:39Z
445721,Peix bola nan pallasso,ca,"","",,Catalan,José Pedro De Campos Fogaça,2023-07-04T22:24:22Z
128858,Peix bola nan insular,ca,"","",,Catalan,José Pedro De Campos Fogaça,2023-07-04T22:25:31Z
196943,Peix bola nan de taca negra,ca,"","",,Catalan,José Pedro De Campos Fogaça,2023-07-04T22:26:56Z
122031,Peix bola nan hawaià,ca,"","",,Catalan,José Pedro De Campos Fogaça,2023-07-04T22:27:52Z
445722,Peix bola nan de pijama,ca,"","",,Catalan,José Pedro De Campos Fogaça,2023-07-04T22:37:54Z
445723,Peix bola nan de ventre blava,ca,"","",,Catalan,José Pedro De Campos Fogaça,2023-07-04T22:38:58Z
354516,Peix bola nan indi,ca,"","",,Catalan,José Pedro De Campos Fogaça,2023-07-04T22:40:10Z
121758,Peix bola nan de cua groga,ca,"","",,Catalan,José Pedro De Campos Fogaça,2023-07-04T22:41:09Z
128856,Peix bola nan brasiler,ca,"","",,Catalan,José Pedro De Campos Fogaça,2023-07-04T22:41:54Z
445724,Peix bola nan de Tonga,ca,"","",,Catalan,José Pedro De Campos Fogaça,2023-07-04T22:43:10Z
96712,Peix bola nan dòmino,ca,"","",,Catalan,José Pedro De Campos Fogaça,2023-07-04T22:43:51Z
445725,Peix bola nan tropical,ca,"","",,Catalan,José Pedro De Campos Fogaça,2023-07-04T22:45:27Z
123147,Peix bola nan de Jenkins,ca,"","",,Catalan,José Pedro De Campos Fogaça,2023-07-04T22:53:40Z
322769,Peix bola nan del golf,ca,"","",,Catalan,José Pedro De Campos Fogaça,2023-07-04T22:54:20Z
123146,Peix bola nan bresca,ca,"","",,Catalan,José Pedro De Campos Fogaça,2023-07-04T22:55:15Z
96713,Peix bola nan lleopard,ca,"","",,Catalan,José Pedro De Campos Fogaça,2023-07-04T22:57:16Z
362166,Peix bola nan nacrat,ca,"","",,Catalan,José Pedro De Campos Fogaça,2023-07-04T22:58:17Z
445726,Peix bola nan de les Marqueses,ca,"","",,Catalan,José Pedro De Campos Fogaça,2023-07-04T22:59:01Z
445727,Peix bola nan de Natal,ca,"","",,Catalan,José Pedro De Campos Fogaça,2023-07-04T23:00:00Z
445727,Peix bola nan de KwaZulu-Natal,ca,"","",,Catalan,José Pedro De Campos Fogaça,2023-07-04T23:00:23Z
335274,Peix bola nan coral·lí,ca,"","",,Catalan,José Pedro De Campos Fogaça,2023-07-04T23:01:29Z
196932,Peix bola nan de boca taronja,ca,"","",,Catalan,José Pedro De Campos Fogaça,2023-07-04T23:02:43Z
445728,Peix bola nan de Peter,ca,"","",,Catalan,José Pedro De Campos Fogaça,2023-07-04T23:03:20Z
445729,Peix bola nan tacat,ca,"","",,Catalan,José Pedro De Campos Fogaça,2023-07-04T23:04:16Z
96714,Peix bola nan de taques blanques,ca,"","",,Catalan,José Pedro De Campos Fogaça,2023-07-04T23:05:11Z
445730,Peix bola nan d'ulls blaus,ca,"","",,Catalan,José Pedro De Campos Fogaça,2023-07-04T23:06:38Z
96715,Peix bola nan de Rapa,ca,"","",,Catalan,José Pedro De Campos Fogaça,2023-07-04T23:07:06Z
347529,Peix bola nan de badia,ca,"","",,Catalan,José Pedro De Campos Fogaça,2023-07-04T23:08:02Z
128857,Peix bola nan del Carib,ca,"","",,Catalan,José Pedro De Campos Fogaça,2023-07-04T23:08:43Z
128859,Peix bola nan de Santa Helena,ca,"","",,Catalan,José Pedro De Campos Fogaça,2023-07-04T23:09:28Z
445731,Peix bola nan bicolor,ca,"","",,Catalan,José Pedro De Campos Fogaça,2023-07-04T23:09:56Z
193920,Peix bola nan de ventre groc,ca,"","",,Catalan,José Pedro De Campos Fogaça,2023-07-04T23:11:10Z
128855,Peix bola nan africà,ca,"","",,Catalan,José Pedro De Campos Fogaça,2023-07-04T23:11:53Z
445732,Peix bola nan de Tyler,ca,"","",,Catalan,José Pedro De Campos Fogaça,2023-07-04T23:12:20Z
129549,Peix bola nan ensellat,ca,"","",,Catalan,José Pedro De Campos Fogaça,2023-07-04T23:13:01Z
445829,Peix bola lloro,ca,"","",,Catalan,José Pedro De Campos Fogaça,2023-07-04T23:24:13Z
410450,Peix bola austral,ca,"","",,Catalan,José Pedro De Campos Fogaça,2023-07-04T23:24:54Z
120651,Peix bola cua de vela,ca,"","",,Catalan,José Pedro De Campos Fogaça,2023-07-04T23:26:11Z
369088,Peix bola tòxic,ca,"","",,Catalan,José Pedro De Campos Fogaça,2023-07-04T23:27:01Z
101841,Peix bola d'esquena tacada,ca,"","",,Catalan,José Pedro De Campos Fogaça,2023-07-04T23:28:46Z
446144,Peix bola de Cheeseman,ca,"","",,Catalan,José Pedro De Campos Fogaça,2023-07-04T23:30:20Z
446145,Peix bola mirall,ca,"","",,Catalan,José Pedro De Campos Fogaça,2023-07-04T23:30:56Z
446146,Peix bola bronzejat,ca,"","",,Catalan,José Pedro De Campos Fogaça,2023-07-04T23:31:43Z
146795,Peix bola de l'Atlàntic,ca,"","",,Catalan,José Pedro De Campos Fogaça,2023-07-04T23:32:49Z
120635,Peix bola oceànic,ca,"","",,Catalan,José Pedro De Campos Fogaça,2023-07-04T23:33:33Z
368596,Peix bola de cua creixent,ca,"","",,Catalan,José Pedro De Campos Fogaça,2023-07-04T23:34:13Z
132368,Peix bola platejat,ca,"","",,Catalan,José Pedro De Campos Fogaça,2023-07-04T23:35:04Z
446147,Peix bola verdós,ca,"","",,Catalan,José Pedro De Campos Fogaça,2023-07-04T23:36:06Z
446148,Peix bola de Suez,ca,"","",,Catalan,José Pedro De Campos Fogaça,2023-07-04T23:36:58Z
446255,Peix bola anellat,ca,"","",,Catalan,José Pedro De Campos Fogaça,2023-07-04T23:37:57Z
446256,Peix bola ornamentat,ca,"","",,Catalan,José Pedro De Campos Fogaça,2023-07-04T23:38:29Z
1416140,Peix bola de Cohen,ca,"","",,Catalan,José Pedro De Campos Fogaça,2023-07-04T23:39:12Z
446373,Peix bola de Mark,ca,"","",,Catalan,José Pedro De Campos Fogaça,2023-07-04T23:39:37Z
446395,Peix bola de barres taronja,ca,"","",,Catalan,José Pedro De Campos Fogaça,2023-07-04T23:40:47Z
446443,Peix bola de Halstead,ca,"","",,Catalan,José Pedro De Campos Fogaça,2023-07-04T23:41:28Z
446491,Peix bola de Morrow,ca,"","",,Catalan,José Pedro De Campos Fogaça,2023-07-04T23:42:41Z
57400,Peix bola de les Galápagos,ca,"","",,Catalan,José Pedro De Campos Fogaça,2023-07-04T23:45:22Z
55290,Peix bola ull de bou,ca,"","",,Catalan,José Pedro De Campos Fogaça,2023-07-04T23:47:16Z
317381,Peix bola melmelada,ca,"","",,Catalan,José Pedro De Campos Fogaça,2023-07-04T23:48:15Z
446492,Peix bola de Shipp,ca,"","",,Catalan,José Pedro De Campos Fogaça,2023-07-04T23:49:16Z
57377,Peix bola del Carib,ca,"","",,Catalan,José Pedro De Campos Fogaça,2023-07-04T23:49:41Z
112951,Peix bola de Kendall,ca,"","",,Catalan,José Pedro De Campos Fogaça,2023-07-04T23:50:27Z
112952,Peix bola del Pacífic,ca,"","",,Catalan,José Pedro De Campos Fogaça,2023-07-04T23:51:18Z
112953,Peix bola de nas llarg,ca,"","",,Catalan,José Pedro De Campos Fogaça,2023-07-04T23:51:52Z
146796,Peix bola d'estuari,ca,"","",,Catalan,José Pedro De Campos Fogaça,2023-07-04T23:53:14Z
342289,Peix bola comú,ca,"","",,Catalan,José Pedro De Campos Fogaça,2023-07-04T23:53:43Z
179462,Peix bola americà,ca,"","",,Catalan,José Pedro De Campos Fogaça,2023-07-04T23:54:43Z
49268,Peix bola d'aigües profundes,ca,"","",,Catalan,José Pedro De Campos Fogaça,2023-07-04T23:56:22Z
179457,Peix bola del golf,ca,"","",,Catalan,José Pedro De Campos Fogaça,2023-07-04T23:57:10Z
112954,Peix bola de Rosenblatt,ca,"","",,Catalan,José Pedro De Campos Fogaça,2023-07-04T23:57:51Z
112955,Peix bola peruà,ca,"","",,Catalan,José Pedro De Campos Fogaça,2023-07-04T23:58:22Z
49265,Peix bola d'escull,ca,"","",,Catalan,José Pedro De Campos Fogaça,2023-07-04T23:58:54Z
317382,Peix bola d'herba marina,ca,"","",,Catalan,José Pedro De Campos Fogaça,2023-07-04T23:59:33Z
112956,Peix bola pigmeu,ca,"","",,Catalan,José Pedro De Campos Fogaça,2023-07-04T23:59:59Z
446494,Peix bola barbut,ca,"","",,Catalan,José Pedro De Campos Fogaça,2023-07-05T00:00:52Z
317380,Peix bola crioll,ca,"","",,Catalan,José Pedro De Campos Fogaça,2023-07-05T00:01:38Z
446552,Peix bola fugu,ca,"","",,Catalan,José Pedro De Campos Fogaça,2023-07-05T00:03:47Z
446554,Peix bola de dues taques,ca,"","",,Catalan,José Pedro De Campos Fogaça,2023-07-05T00:04:36Z
446555,Peix bola ull de foc,ca,"","",,Catalan,José Pedro De Campos Fogaça,2023-07-05T00:05:11Z
446556,Peix bola de Chang Jiang,ca,"","",,Catalan,José Pedro De Campos Fogaça,2023-07-05T00:05:49Z
57375,Peix bola pelàgic,ca,"","",,Catalan,José Pedro De Campos Fogaça,2023-07-05T00:06:30Z
446557,Peix bola de ventre groc,ca,"","",,Catalan,José Pedro De Campos Fogaça,2023-07-05T00:07:03Z
1314222,Peix bola asiàtic,ca,"","",,Catalan,José Pedro De Campos Fogaça,2023-07-05T00:07:48Z
446558,Peix bola oblong,ca,"","",,Catalan,José Pedro De Campos Fogaça,2023-07-05T00:08:28Z
113744,Peix bola fosc,ca,"","",,Catalan,José Pedro De Campos Fogaça,2023-07-05T00:09:00Z
355400,Peix bola rei,ca,"","",,Catalan,José Pedro De Campos Fogaça,2023-07-05T00:09:25Z
188545,Peix bola fluvial xinès,ca,"","",,Catalan,José Pedro De Campos Fogaça,2023-07-05T00:10:48Z
446559,Peix bola pantera,ca,"","",,Catalan,José Pedro De Campos Fogaça,2023-07-05T00:11:39Z
446560,Peix bola de Hainan,ca,"","",,Catalan,José Pedro De Campos Fogaça,2023-07-05T00:12:08Z
57378,Peix bola morat,ca,"","",,Catalan,José Pedro De Campos Fogaça,2023-07-05T00:12:48Z
621562,Peix bola de Abe,ca,"","",,Catalan,José Pedro De Campos Fogaça,2023-07-05T00:13:25Z
446562,Peix bola de Shandong,ca,"","",,Catalan,José Pedro De Campos Fogaça,2023-07-05T00:14:22Z
119404,Peix bola tigre,ca,"","",,Catalan,José Pedro De Campos Fogaça,2023-07-05T00:14:53Z
446563,Peix bola japonès,ca,"","",,Catalan,José Pedro De Campos Fogaça,2023-07-05T00:15:40Z
446564,Peix bola nipònic,ca,"","",,Catalan,José Pedro De Campos Fogaça,2023-07-05T00:16:11Z
446565,Peix bola mandarí,ca,"","",,Catalan,José Pedro De Campos Fogaça,2023-07-05T00:17:22Z
57379,Peix bola pera,ca,"","",,Catalan,José Pedro De Campos Fogaça,2023-07-05T00:17:55Z
113746,Peix bola d'aleta groga,ca,"","",,Catalan,José Pedro De Campos Fogaça,2023-07-05T00:18:22Z
311414,Peix bola llis,ca,"","",,Catalan,José Pedro De Campos Fogaça,2023-07-05T00:19:41Z
349323,Peix bola australià,ca,"","",,Catalan,José Pedro De Campos Fogaça,2023-07-05T00:20:33Z
621565,Peix bola de sorra,ca,"","",,Catalan,José Pedro De Campos Fogaça,2023-07-05T00:21:27Z
446570,Peix bola mostassa,ca,"","",,Catalan,José Pedro De Campos Fogaça,2023-07-05T00:22:12Z
446571,Peix bola de Anderson,ca,"","",,Catalan,José Pedro De Campos Fogaça,2023-07-05T00:22:43Z
114254,Peix bola decorador,ca,"","",,Catalan,José Pedro De Campos Fogaça,2023-07-05T00:24:36Z
446572,Peix bola constel·lació,ca,"","",,Catalan,José Pedro De Campos Fogaça,2023-07-05T00:25:30Z
204566,Peix bola floral,ca,"","",,Catalan,José Pedro De Campos Fogaça,2023-07-05T00:26:00Z
446573,Peix bola balinès,ca,"","",,Catalan,José Pedro De Campos Fogaça,2023-07-05T00:26:45Z
446574,Peix bola de Hick,ca,"","",,Catalan,José Pedro De Campos Fogaça,2023-07-05T00:27:10Z
57381,Peix bola d'ulls brillants,ca,"","",,Catalan,José Pedro De Campos Fogaça,2023-07-05T00:27:44Z
446575,Peix bola de Marley,ca,"","",,Catalan,José Pedro De Campos Fogaça,2023-07-05T00:28:07Z
446576,Peix bola rovellat,ca,"","",,Catalan,José Pedro De Campos Fogaça,2023-07-05T00:28:40Z
446577,Peix bola de Queensland,ca,"","",,Catalan,José Pedro De Campos Fogaça,2023-07-05T00:29:22Z
446578,Peix bola de Paxton,ca,"","",,Catalan,José Pedro De Campos Fogaça,2023-07-05T00:29:51Z
446579,Peix bola goma,ca,"","",,Catalan,José Pedro De Campos Fogaça,2023-07-05T16:14:07Z
243810,Peix bola de línia fosca,ca,"","",,Catalan,José Pedro De Campos Fogaça,2023-07-05T16:15:02Z
446580,Peix bola de Randall,ca,"","",,Catalan,José Pedro De Campos Fogaça,2023-07-05T16:15:38Z
446581,Peix bola de cua escamosa,ca,"","",,Catalan,José Pedro De Campos Fogaça,2023-07-05T16:16:27Z
114255,Peix bola de Moreton,ca,"","",,Catalan,José Pedro De Campos Fogaça,2023-07-05T16:17:47Z
446582,Peix bola de taques taronges,ca,"","",,Catalan,José Pedro De Campos Fogaça,2023-07-05T16:19:05Z
446583,Peix bola de Whitley,ca,"","",,Catalan,José Pedro De Campos Fogaça,2023-07-05T16:19:52Z
446590,Peix bola orb,ca,"","",,Catalan,José Pedro De Campos Fogaça,2023-07-05T16:21:39Z
369007,Peix bola ensillat,ca,"","",,Catalan,José Pedro De Campos Fogaça,2023-07-05T16:25:57Z
446183,Peix bola de Darwin,ca,"","",,Catalan,José Pedro De Campos Fogaça,2023-07-05T16:27:00Z
531035,Peix bola de Marauke,ca,"","",,Catalan,José Pedro De Campos Fogaça,2023-07-05T16:27:26Z
61427,Llunària,ca,"","",,Catalan,Alba Rovira,2023-07-05T16:27:46Z
362586,Gregòria,ca,"","",,Catalan,Alba Rovira,2023-07-05T16:30:38Z
483188,Viola de pedrusca,ca,"","",,Catalan,Alba Rovira,2023-07-05T16:31:35Z
836824,Minuàrtia sedoide,ca,"","",,Catalan,Alba Rovira,2023-07-05T16:34:24Z
208915,Margarida alpina,ca,"","",,Catalan,Alba Rovira,2023-07-05T16:35:12Z
86116,Peixos bola de tres dents,ca,"","",,Catalan,José Pedro De Campos Fogaça,2023-07-05T16:35:39Z
196843,Peix bola de tres dents,ca,"","",,Catalan,José Pedro De Campos Fogaça,2023-07-05T16:35:58Z
625498,Crepis nan,ca,"","",,Catalan,Alba Rovira,2023-07-05T16:37:10Z
840261,Arenària de coixinet,ca,"","",,Catalan,Alba Rovira,2023-07-05T16:39:43Z
118622,Peix gall comú,ca,"","",,Catalan,José Pedro De Campos Fogaça,2023-07-06T15:00:03Z
115257,Peix gall del cap,ca,"","",,Catalan,José Pedro De Campos Fogaça,2023-07-06T15:00:46Z
622017,Peix gall platejat,ca,"","",,Catalan,José Pedro De Campos Fogaça,2023-07-06T15:01:35Z
1313995,Peix gall de Tosa,ca,"","",,Catalan,José Pedro De Campos Fogaça,2023-07-06T15:01:57Z
416158,Peix gall blanc,ca,"","",,Catalan,José Pedro De Campos Fogaça,2023-07-06T15:02:50Z
622018,Peix gall oblong,ca,"","",,Catalan,José Pedro De Campos Fogaça,2023-07-06T15:03:18Z
531123,Peix gall australià,ca,"","",,Catalan,José Pedro De Campos Fogaça,2023-07-06T15:04:11Z
86138,Peixos gall típics,ca,"","",,Catalan,José Pedro De Campos Fogaça,2023-07-06T15:04:59Z
86139,Peixos gall nan,ca,"","",,Catalan,José Pedro De Campos Fogaça,2023-07-06T15:06:35Z
622061,Peix gall nan de Nova Zelanda,ca,"","",,Catalan,José Pedro De Campos Fogaça,2023-07-06T15:07:20Z
531124,Peix gall nan oceànic,ca,"","",,Catalan,José Pedro De Campos Fogaça,2023-07-06T15:08:19Z
622062,Peix gall nan insular,ca,"","",,Catalan,José Pedro De Campos Fogaça,2023-07-06T15:08:59Z
317473,Peix gall nan comú,ca,"","",,Catalan,José Pedro De Campos Fogaça,2023-07-06T15:09:25Z
531125,Peix gall nan japonès,ca,"","",,Catalan,José Pedro De Campos Fogaça,2023-07-06T15:09:50Z
622063,Peix gall nan allargat,ca,"","",,Catalan,José Pedro De Campos Fogaça,2023-07-06T15:10:20Z
85969,Peixos gall nan,ca,"","",,Catalan,José Pedro De Campos Fogaça,2023-07-06T15:11:30Z
530592,Peix gall nan de taca gran,ca,"","",,Catalan,José Pedro De Campos Fogaça,2023-07-06T15:12:52Z
218058,Peix gall nan rosat,ca,"","",,Catalan,José Pedro De Campos Fogaça,2023-07-06T15:13:21Z
619020,Peix gall nan de corbata,ca,"","",,Catalan,José Pedro De Campos Fogaça,2023-07-06T15:14:41Z
317280,Peix gall nan de nas afilat,ca,"","",,Catalan,José Pedro De Campos Fogaça,2023-07-06T15:16:12Z
85947,Oreos,ca,"","",,Catalan,José Pedro De Campos Fogaça,2023-07-06T15:16:39Z
213014,Oreo d'ulls de vidre,ca,"","",,Catalan,José Pedro De Campos Fogaça,2023-07-06T15:18:02Z
618840,Oreo africà,ca,"","",,Catalan,José Pedro De Campos Fogaça,2023-07-06T15:18:31Z
530565,Oreo negre,ca,"","",,Catalan,José Pedro De Campos Fogaça,2023-07-06T15:18:51Z
530566,Oreo berrugost,ca,"","",,Catalan,José Pedro De Campos Fogaça,2023-07-06T15:19:42Z
618841,Oreo espinós,ca,"","",,Catalan,José Pedro De Campos Fogaça,2023-07-06T15:20:51Z
459221,Oreo de l'Atlàntic,ca,"","",,Catalan,José Pedro De Campos Fogaça,2023-07-06T15:21:43Z
530567,Oreo austral,ca,"","",,Catalan,José Pedro De Campos Fogaça,2023-07-06T15:22:19Z
530568,Oreo del Pacífic,ca,"","",,Catalan,José Pedro De Campos Fogaça,2023-07-06T15:23:12Z
530569,Oreo abissal,ca,"","",,Catalan,José Pedro De Campos Fogaça,2023-07-06T15:27:48Z
110999,Oreo pintat,ca,"","",,Catalan,José Pedro De Campos Fogaça,2023-07-06T15:33:13Z
64603,Peixos gall cyttids,ca,"","",,Catalan,José Pedro De Campos Fogaça,2023-07-06T20:19:15Z
64593,Peix gall sol,ca,"","",,Catalan,José Pedro De Campos Fogaça,2023-07-06T20:19:58Z
99042,Peix gall de Nova Zelanda,ca,"","",,Catalan,José Pedro De Campos Fogaça,2023-07-06T20:22:25Z
511413,Peix gall de McCulloch,ca,"","",,Catalan,José Pedro De Campos Fogaça,2023-07-06T20:23:40Z
317124,Peix orpel·lo espinós,ca,"","",,Catalan,José Pedro De Campos Fogaça,2023-07-06T20:28:02Z
317455,Peix orpel·lo tacat,ca,"","",,Catalan,José Pedro De Campos Fogaça,2023-07-06T20:28:45Z
85796,Peixos orpel·lo,ca,"","",,Catalan,José Pedro De Campos Fogaça,2023-07-06T20:29:14Z
69837,Cavallet de mar panxa d'olla,ca,"","",,Catalan,José Pedro De Campos Fogaça,2023-07-06T20:33:31Z
102809,Cavallet de mar africà,ca,"","",,Catalan,José Pedro De Campos Fogaça,2023-07-06T20:34:13Z
102810,Cavallet de mar espinós de l'oest,ca,"","",,Catalan,José Pedro De Campos Fogaça,2023-07-06T20:35:13Z
102811,Cavallet de mar de Barbour,ca,"","",,Catalan,José Pedro De Campos Fogaça,2023-07-06T20:35:40Z
102812,Cavallet de mar pigmeu coral·lí,ca,"","",,Catalan,José Pedro De Campos Fogaça,2023-07-06T20:36:47Z
102813,Cavallet de mar crioll,ca,"","",,Catalan,José Pedro De Campos Fogaça,2023-07-06T20:37:21Z
69836,Cavallet de mar australià,ca,"","",,Catalan,José Pedro De Campos Fogaça,2023-07-06T20:38:29Z
102814,Cavallet de mar girafa,ca,"","",,Catalan,José Pedro De Campos Fogaça,2023-07-06T20:39:02Z
102815,Cavallet de mar del cap,ca,"","",,Catalan,José Pedro De Campos Fogaça,2023-07-06T20:39:48Z
622420,Cavallet de mar de Beibu,ca,"","",,Catalan,José Pedro De Campos Fogaça,2023-07-06T20:40:23Z
179882,Cavallet de mar pigmeu de Coleman,ca,"","",,Catalan,José Pedro De Campos Fogaça,2023-07-06T20:40:54Z
102816,Cavallet de mar cua de tigre,ca,"","",,Catalan,José Pedro De Campos Fogaça,2023-07-06T20:41:24Z
102817,Cavallet de mar coronat,ca,"","",,Catalan,José Pedro De Campos Fogaça,2023-07-06T20:41:56Z
1315001,Cavallet de mar de Nova Caledònia,ca,"","",,Catalan,José Pedro De Campos Fogaça,2023-07-06T20:42:38Z
1316182,Cavallet de mar de Dahl,ca,"","",,Catalan,José Pedro De Campos Fogaça,2023-07-06T20:43:05Z
322110,Cavallet de mar pigmeu del Mar Roja,ca,"","",,Catalan,José Pedro De Campos Fogaça,2023-07-06T20:44:08Z
102818,Cavallet de mar pigmeu de Denise,ca,"","",,Catalan,José Pedro De Campos Fogaça,2023-07-06T20:44:36Z
54540,Cavallet de mar americà,ca,"","",,Catalan,José Pedro De Campos Fogaça,2023-07-06T20:45:36Z
102819,Cavallet de mar de Fisher,ca,"","",,Catalan,José Pedro De Campos Fogaça,2023-07-06T20:46:04Z
102820,Cavallet de mar costaner,ca,"","",,Catalan,José Pedro De Campos Fogaça,2023-07-06T20:46:52Z
871187,Cavallet de mar coreà,ca,"","",,Catalan,José Pedro De Campos Fogaça,2023-07-06T20:47:24Z
102823,Cavallet de mar rei,ca,"","",,Catalan,José Pedro De Campos Fogaça,2023-07-06T20:47:55Z
102824,Cavallet de mar gegant,ca,"","",,Catalan,José Pedro De Campos Fogaça,2023-07-06T20:48:31Z
871188,Cavallet de mar pigmeu japonès,ca,"","",,Catalan,José Pedro De Campos Fogaça,2023-07-06T20:49:12Z
102825,Cavallet de mar d'escull,ca,"","",,Catalan,José Pedro De Campos Fogaça,2023-07-06T20:50:21Z
322108,Cavallet de mar de Lord Howe,ca,"","",,Catalan,José Pedro De Campos Fogaça,2023-07-06T20:51:18Z
102826,Cavallet de mar tropical,ca,"","",,Catalan,José Pedro De Campos Fogaça,2023-07-06T20:52:35Z
84970,Cavallet de mar comú,ca,"","",,Catalan,José Pedro De Campos Fogaça,2023-07-06T20:53:19Z
1316179,Cavallet de mar de Lichtenstein,ca,"","",,Catalan,José Pedro De Campos Fogaça,2023-07-06T20:53:50Z
102829,Cavallet de mar nipònic,ca,"","",,Catalan,José Pedro De Campos Fogaça,2023-07-06T20:55:12Z
1145079,Cavallet de mar pigmeu sud-africà,ca,"","",,Catalan,José Pedro De Campos Fogaça,2023-07-06T20:55:56Z
322107,Cavallet de mar patagònic,ca,"","",,Catalan,José Pedro De Campos Fogaça,2023-07-06T20:57:24Z
1316820,Cavallet de mar de nas pla,ca,"","",,Catalan,José Pedro De Campos Fogaça,2023-07-06T20:58:34Z
102830,Cavallet de mar pigmeu de Pontoh,ca,"","",,Catalan,José Pedro De Campos Fogaça,2023-07-06T20:59:11Z
322106,Cavallet de mar de Fricke,ca,"","",,Catalan,José Pedro De Campos Fogaça,2023-07-06T20:59:58Z
102831,Cavallet de mar esvelt,ca,"","",,Catalan,José Pedro De Campos Fogaça,2023-07-06T21:00:36Z
102832,Cavallet de mar pigmeu de Satomi,ca,"","",,Catalan,José Pedro De Campos Fogaça,2023-07-06T21:01:07Z
102834,Cavallet de mar de Shiho,ca,"","",,Catalan,José Pedro De Campos Fogaça,2023-07-06T21:01:34Z
102835,Cavallet de mar soldat,ca,"","",,Catalan,José Pedro De Campos Fogaça,2023-07-06T21:02:24Z
102836,Cavallet de mar indoaustralià,ca,"","",,Catalan,José Pedro De Campos Fogaça,2023-07-06T21:03:32Z
1316177,Cavallet de mar de Suez,ca,"","",,Catalan,José Pedro De Campos Fogaça,2023-07-06T21:04:01Z
1316180,Cavallet de mar de Bleeker,ca,"","",,Catalan,José Pedro De Campos Fogaça,2023-07-06T21:04:37Z
102837,Cavallet de mar indi,ca,"","",,Catalan,José Pedro De Campos Fogaça,2023-07-06T21:06:55Z
322104,Cavallet de mar insular,ca,"","",,Catalan,José Pedro De Campos Fogaça,2023-07-06T21:08:31Z
322103,Cavallet de mar pigmeu de Walea,ca,"","",,Catalan,José Pedro De Campos Fogaça,2023-07-06T21:10:58Z
102838,Cavallet de mar de White,ca,"","",,Catalan,José Pedro De Campos Fogaça,2023-07-06T21:11:31Z
622422,Cavallet de mar zebra,ca,"","",,Catalan,José Pedro De Campos Fogaça,2023-07-06T21:11:52Z
102840,Cavallet de mar pigmeu de l'Atlàntic,ca,"","",,Catalan,José Pedro De Campos Fogaça,2023-07-06T21:12:41Z
54541,Cavallets de mar,ca,"","",,Catalan,José Pedro De Campos Fogaça,2023-07-06T21:14:20Z
49284,"Làbrids, donzellas, peixos lloro i altres",ca,"","",,Catalan,José Pedro De Campos Fogaça,2023-07-07T19:09:03Z
93059,Làbrid de Pallon,ca,"","",,Catalan,José Pedro De Campos Fogaça,2023-07-08T00:39:29Z
93136,Làbrid blau de l'oest,ca,"","",,Catalan,José Pedro De Campos Fogaça,2023-07-08T00:40:53Z
93137,Làbrid blau de l'est,ca,"","",,Catalan,José Pedro De Campos Fogaça,2023-07-08T00:41:36Z
93855,Làbrid de sorra,ca,"","",,Catalan,José Pedro De Campos Fogaça,2023-07-08T00:45:48Z
94016,Donzella diamant,ca,"","",,Catalan,José Pedro De Campos Fogaça,2023-07-08T00:47:31Z
94017,Donzella psicodèlica,ca,"","",,Catalan,José Pedro De Campos Fogaça,2023-07-08T00:48:40Z
94018,Donzella perla,ca,"","",,Catalan,José Pedro De Campos Fogaça,2023-07-08T00:49:34Z
94019,Donzella elegant,ca,"","",,Catalan,José Pedro De Campos Fogaça,2023-07-08T00:50:11Z
94020,Donzella de cua blava,ca,"","",,Catalan,José Pedro De Campos Fogaça,2023-07-08T00:51:02Z
94021,Donzella verd oliva,ca,"","",,Catalan,José Pedro De Campos Fogaça,2023-07-08T00:52:27Z
94022,Donzella de Lennard,ca,"","",,Catalan,José Pedro De Campos Fogaça,2023-07-08T00:53:19Z
94023,Donzella de punts blancs,ca,"","",,Catalan,José Pedro De Campos Fogaça,2023-07-08T00:54:26Z
94024,Donzella pintada,ca,"","",,Catalan,José Pedro De Campos Fogaça,2023-07-08T00:56:23Z
94025,Donzella de cua groga,ca,"","",,Catalan,José Pedro De Campos Fogaça,2023-07-08T00:57:20Z
94026,Donzella de Nova Guinea,ca,"","",,Catalan,José Pedro De Campos Fogaça,2023-07-08T00:58:05Z
94027,Donzella de pit groc,ca,"","",,Catalan,José Pedro De Campos Fogaça,2023-07-08T00:59:49Z
94057,Làbrid de Natal,ca,"","",,Catalan,José Pedro De Campos Fogaça,2023-07-08T01:00:54Z
94057,Làbrid de KwaZulu-Natal,ca,"","",,Catalan,José Pedro De Campos Fogaça,2023-07-08T01:02:10Z
94968,Làbrid de punts negres,ca,"","",,Catalan,José Pedro De Campos Fogaça,2023-07-08T01:03:46Z
1439753,Làbrid crioll africà,ca,"","",,Catalan,José Pedro De Campos Fogaça,2023-07-08T01:05:02Z
121216,Làbrid hawaià,ca,"","",,Catalan,José Pedro De Campos Fogaça,2023-07-08T01:06:19Z
95812,Làbrid cua de lira,ca,"","",,Catalan,José Pedro De Campos Fogaça,2023-07-08T01:08:04Z
623908,Làbrid de cara daurada,ca,"","",,Catalan,José Pedro De Campos Fogaça,2023-07-08T01:09:04Z
95813,Làbrid bicolor,ca,"","",,Catalan,José Pedro De Campos Fogaça,2023-07-08T01:09:54Z
524205,avènula bromoide,ca,"Cataluña, ES","",,Catalan,Daniel Espejo Fraga,2023-07-08T11:26:42Z
1075131,pelaguer plomós,ca,"Cataluña, ES","",,Catalan,Daniel Espejo Fraga,2023-07-08T11:41:01Z
1343466,campaneta gran,ca,"","",,Catalan,Salvador Prat Oller,2023-07-10T17:35:25Z
3851,Territ de Baird,ca,"","",,Catalan,Marc,2023-08-06T12:15:42Z
332455,marialluïsa,ca,"","",,Catalan,Josep Gesti,2023-08-21T14:49:32Z
3869,Tetolet gris,ca,"","",,Catalan,Marc,2023-08-26T14:54:13Z
324852,Medusa ou ferrat,ca,"","",,Catalan,Marc,2023-08-26T16:40:24Z
118722,Ascidi roig,ca,"","",,Catalan,Marc,2023-08-26T16:42:10Z
77119,lleteresa terracina,ca,"","",,Catalan,Salvador Prat Oller,2023-08-29T17:38:10Z
924015,rementerola,ca,"","",https://www.inaturalist.org/taxon_names/2541686/edit,Catalan,,2023-09-01T01:24:06Z
764390,Edípoda del guix,ca,"","",,Catalan,Daniel Espejo Fraga,2023-09-03T09:53:59Z
333950,Card cigrell hispànic,ca,Cap de Creus - Marítim,"",,Catalan,RosaMari Gabarró,2023-09-06T10:19:22Z
1494783,Orada,ca,"","",https://www.inaturalist.org/taxon_names/3063978/edit,Catalan,,2023-09-09T00:45:36Z
204393,prunyoner,ca,"","",https://www.inaturalist.org/taxon_names/2541693/edit,Catalan,Dmitriy Bochkov,2023-09-09T17:27:08Z
163973,hipèric hirsut,ca,"","",,Catalan,Salvador Prat Oller,2023-09-12T17:07:18Z
3753,Ibis ermità,ca,"","",,Catalan,Marc,2023-09-13T09:40:25Z
1315222,Peix llima xinès,ca,"","",,Catalan,José Pedro De Campos Fogaça,2023-09-17T16:05:38Z
521354,hisop,ca,"","",,Catalan,Salvador Prat Oller,2023-09-20T11:50:32Z
163164,galeopsis vermella,ca,"","",,Catalan,Salvador Prat Oller,2023-09-20T18:13:31Z
1498006,rosella híspida,ca,"","",https://www.inaturalist.org/taxon_names/2273107/edit,Catalan,Victor HOYEAU,2023-09-24T07:24:11Z
362314,saltamartí de fenassar,ca,"","",,Catalan,Daniel Espejo Fraga,2023-09-24T19:45:38Z
54582,Llimac,ca,"","",,Catalan,Daniel Espejo Fraga,2023-09-29T19:12:09Z
118615,Sonso,ca,Spain,ES,,Catalan,Stuart Longhorn,2023-10-01T14:01:33Z
118636,Rom,ca,"","",,Catalan,Izan Lopez Vergel,2023-10-01T18:44:16Z
56940,Bonítol,ca,"","",,Catalan,Izan Lopez Vergel,2023-10-01T18:45:35Z
118603,Lluç,ca,"","",,Catalan,Izan Lopez Vergel,2023-10-01T18:45:56Z
118679,Corball Reig,ca,"","",,Catalan,Izan Lopez Vergel,2023-10-01T18:46:15Z
120643,Bròtola de Fang,ca,"","",,Catalan,Izan Lopez Vergel,2023-10-01T18:46:37Z
978840,Gamba rosada,ca,"","",,Catalan,Izan Lopez Vergel,2023-10-01T18:47:59Z
55396,Llenguado,ca,"","",,Catalan,Izan Lopez Vergel,2023-10-01T18:48:30Z
84861,Cap-roig,ca,"","",,Catalan,Izan Lopez Vergel,2023-10-01T18:49:10Z
151429,Sèpia,ca,"","",,Catalan,Izan Lopez Vergel,2023-10-01T18:49:30Z
481840,Serrandell,ca,"","",,Catalan,Izan Lopez Vergel,2023-10-01T18:50:04Z
118618,Moll de fang,ca,"","",,Catalan,Izan Lopez Vergel,2023-10-01T18:50:50Z
120702,Maire,ca,"","",,Catalan,Izan Lopez Vergel,2023-10-01T18:51:18Z
253669,Canana vera,ca,"","",,Catalan,Izan Lopez Vergel,2023-10-01T18:51:47Z
1071972,Llagostí blanc,ca,"","",,Catalan,Izan Lopez Vergel,2023-10-01T18:52:10Z
63740,Bacallà,ca,"","",,Catalan,Izan Lopez Vergel,2023-10-01T18:52:45Z
118614,Bròtola de roca,ca,"","",,Catalan,Izan Lopez Vergel,2023-10-01T18:53:44Z
118629,Penegal,ca,"","",,Catalan,Izan Lopez Vergel,2023-10-01T18:54:12Z
118678,Verat,ca,"","",,Catalan,Izan Lopez Vergel,2023-10-01T18:54:56Z
61383,Llamàntol americà,ca,"","",,Catalan,Izan Lopez Vergel,2023-10-01T18:55:52Z
62410,Llamàntol,ca,"","",,Catalan,Izan Lopez Vergel,2023-10-01T18:56:47Z
104102,Perca del Llac Victòria,ca,"","",,Catalan,Izan Lopez Vergel,2023-10-01T18:57:09Z
106881,Escamarlà,ca,"","",,Catalan,Izan Lopez Vergel,2023-10-01T18:57:33Z
115188,Llorito,ca,"","",,Catalan,Izan Lopez Vergel,2023-10-01T18:58:13Z
118611,Rap vermell,ca,"","",,Catalan,Izan Lopez Vergel,2023-10-01T18:58:50Z
118656,Besuc,ca,"","",,Catalan,Izan Lopez Vergel,2023-10-01T18:59:30Z
118694,Sorell blancal,ca,"","",,Catalan,Izan Lopez Vergel,2023-10-01T19:00:01Z
694953,Calamar de l'Índia,ca,"","",,Catalan,Izan Lopez Vergel,2023-10-01T19:00:46Z
700316,Calamar patagònic,ca,"","",,Catalan,Izan Lopez Vergel,2023-10-01T19:02:41Z
51910,Seitó,ca,"","",,Catalan,Izan Lopez Vergel,2023-10-01T19:03:10Z
69841,Bis,ca,"","",,Catalan,Izan Lopez Vergel,2023-10-01T19:03:24Z
100119,Mero,ca,"","",,Catalan,Izan Lopez Vergel,2023-10-01T19:04:38Z
100119,Nero,ca,"","",,Catalan,Izan Lopez Vergel,2023-10-01T19:04:48Z
118600,Sardina,ca,"","",,Catalan,Izan Lopez Vergel,2023-10-01T19:05:20Z
118628,Lluerna rossa,ca,"","",,Catalan,Izan Lopez Vergel,2023-10-01T19:05:35Z
118630,Captinyós,ca,"","",,Catalan,Izan Lopez Vergel,2023-10-01T19:05:56Z
118641,Rata,ca,"","",,Catalan,Izan Lopez Vergel,2023-10-01T19:06:10Z
118654,Déntol,ca,"","",,Catalan,Izan Lopez Vergel,2023-10-01T19:06:35Z
120553,Bou,ca,"","",,Catalan,Izan Lopez Vergel,2023-10-01T19:07:37Z
120699,Aranya de cap negre,ca,"","",,Catalan,Izan Lopez Vergel,2023-10-01T19:07:51Z
201537,Calamar sud-africà,ca,"","",,Catalan,Izan Lopez Vergel,2023-10-01T19:09:41Z
210219,Cranc vermell,ca,"","",,Catalan,Izan Lopez Vergel,2023-10-01T19:10:05Z
324537,Cabra,ca,"","",,Catalan,Izan Lopez Vergel,2023-10-01T19:10:19Z
332554,Peu de cabra,ca,"","",,Catalan,Izan Lopez Vergel,2023-10-01T19:10:34Z
343269,Cloïssa japonesa,ca,"","",,Catalan,Izan Lopez Vergel,2023-10-01T19:11:14Z
416585,Rèmol empetxinat,ca,"","",,Catalan,Izan Lopez Vergel,2023-10-01T19:11:29Z
430553,Merlà,ca,"","",,Catalan,Izan Lopez Vergel,2023-10-01T19:12:07Z
432545,Canana,ca,"","",,Catalan,Izan Lopez Vergel,2023-10-01T19:12:50Z
459652,Gambeta vermella,ca,"","",,Catalan,Izan Lopez Vergel,2023-10-01T19:13:22Z
481839,Palaia,ca,"","",,Catalan,Izan Lopez Vergel,2023-10-01T19:14:01Z
699514,Pop indopacífic,ca,"","",,Catalan,Izan Lopez Vergel,2023-10-01T19:14:40Z
700305,Calamatxí,ca,"","",,Catalan,Izan Lopez Vergel,2023-10-01T19:15:16Z
765132,Navalla americana,ca,"","",,Catalan,Izan Lopez Vergel,2023-10-01T19:15:43Z
951853,Gambussí d'estuari,ca,"","",,Catalan,Izan Lopez Vergel,2023-10-01T19:16:02Z
48032,Garota,ca,"","",,Catalan,Izan Lopez Vergel,2023-10-01T19:16:17Z
51549,Círvia,ca,"","",,Catalan,Izan Lopez Vergel,2023-10-01T19:17:17Z
59392,Tellerina,ca,"","",,Catalan,Izan Lopez Vergel,2023-10-01T19:18:02Z
69922,Salmó vermell,ca,"","",,Catalan,Izan Lopez Vergel,2023-10-01T19:18:17Z
81606,Cargolí,ca,"","",,Catalan,Izan Lopez Vergel,2023-10-01T19:18:55Z
81648,Musclo,ca,"","",,Catalan,Izan Lopez Vergel,2023-10-01T19:19:11Z
84179,Castanyola,ca,"","",,Catalan,Izan Lopez Vergel,2023-10-01T19:19:48Z
103911,Grívia,ca,"","",,Catalan,Izan Lopez Vergel,2023-10-01T19:20:48Z
110029,Roncador,ca,"","",,Catalan,Izan Lopez Vergel,2023-10-01T19:21:10Z
111527,Escrita,ca,"","",,Catalan,Izan Lopez Vergel,2023-10-01T19:21:44Z
112372,Gat,ca,"","",,Catalan,Izan Lopez Vergel,2023-10-01T19:21:56Z
115167,Emperador,ca,"","",,Catalan,Izan Lopez Vergel,2023-10-01T19:22:40Z
118673,Serrà de bou,ca,"","",,Catalan,Izan Lopez Vergel,2023-10-01T19:23:05Z
118695,Sorell,ca,"","",,Catalan,Izan Lopez Vergel,2023-10-01T19:23:23Z
118713,Veta,ca,"","",,Catalan,Izan Lopez Vergel,2023-10-01T19:24:02Z
120648,Bruixa de quatre taques,ca,"","",,Catalan,Izan Lopez Vergel,2023-10-01T19:24:38Z
120649,Escórpora allargada,ca,"","",,Catalan,Izan Lopez Vergel,2023-10-01T19:25:04Z
120669,Llenguado senegalès,ca,"","",,Catalan,Izan Lopez Vergel,2023-10-01T19:26:05Z
123962,Canana gegant,ca,"","",,Catalan,Izan Lopez Vergel,2023-10-01T19:26:22Z
260237,Gambot,ca,"","",,Catalan,Izan Lopez Vergel,2023-10-01T19:26:36Z
446589,Capellà,ca,"","",,Catalan,Izan Lopez Vergel,2023-10-01T19:27:01Z
448229,Rossellona,ca,"","",,Catalan,Izan Lopez Vergel,2023-10-01T19:27:27Z
617335,Lluç del Cap,ca,"","",,Catalan,Izan Lopez Vergel,2023-10-01T19:28:03Z
962394,Llagostí,ca,"","",,Catalan,Izan Lopez Vergel,2023-10-01T19:28:17Z
1071632,Gamba llistada,ca,"","",,Catalan,Izan Lopez Vergel,2023-10-01T19:28:38Z
1071761,Gamba blanca,ca,"","",,Catalan,Izan Lopez Vergel,2023-10-01T19:28:56Z
47523,Palaia anglesa,ca,"","",,Catalan,Izan Lopez Vergel,2023-10-01T19:29:11Z
51401,Palometa blanca,ca,"","",,Catalan,Izan Lopez Vergel,2023-10-01T19:29:45Z
51543,Lluerna vermella,ca,"","",,Catalan,Izan Lopez Vergel,2023-10-01T19:30:10Z
120638,Llenguado de Klein,ca,"","",,Catalan,Izan Lopez Vergel,2023-10-02T13:51:34Z
132534,Pagre major,ca,"","",,Catalan,Izan Lopez Vergel,2023-10-02T13:52:08Z
852690,Cranc de la gamba,ca,"","",,Catalan,Izan Lopez Vergel,2023-10-02T17:40:50Z
532821,Gamba llagostinera,ca,"","",,Catalan,Izan Lopez Vergel,2023-10-02T17:41:25Z
324572,Falsa petxina variada,ca,"","",,Catalan,Izan Lopez Vergel,2023-10-02T17:42:04Z
93704,Saboga,ca,"","",,Catalan,Izan Lopez Vergel,2023-10-02T17:43:42Z
120711,Escatós,ca,"","",,Catalan,Izan Lopez Vergel,2023-10-03T15:54:26Z
210229,Canyut,ca,"","",,Catalan,Izan Lopez Vergel,2023-10-03T15:55:42Z
118657,Besuc de la piga,ca,"","",,Catalan,Izan Lopez Vergel,2023-10-03T15:56:44Z
118626,Lluerna fosca,ca,"","",,Catalan,Izan Lopez Vergel,2023-10-03T15:57:24Z
118627,Garneu,ca,"","",,Catalan,Izan Lopez Vergel,2023-10-03T15:58:05Z
118633,Llenguado,ca,"","",,Catalan,Izan Lopez Vergel,2023-10-03T15:58:30Z
1500700,Sèpia de punxa,ca,"","",https://www.inaturalist.org/taxon_names/3444451/edit,Catalan,,2023-10-05T04:59:05Z
339596,Territ rogenc,ca,"","",,Catalan,Marc,2023-10-05T08:47:14Z
1501832,Cardigassa vera,ca,"","",https://www.inaturalist.org/taxon_names/1551232/edit,Catalan,,2023-10-10T12:19:05Z
1502186,Corona de frare,ca,"","",https://www.inaturalist.org/taxon_names/2197197/edit,Catalan,,2023-10-11T06:24:04Z
578456,Pollancró,ca,"","",https://www.inaturalist.org/taxon_names/2274989/edit,Catalan,,2023-10-12T00:43:22Z
106306,Anfós fosc,ca,"","",,Catalan,Izan Lopez Vergel,2023-10-13T07:37:48Z
332553,Badejo,ca,"","",,Catalan,Izan Lopez Vergel,2023-10-13T07:38:45Z
614161,Badejo d'Alaska,ca,"","",,Catalan,Izan Lopez Vergel,2023-10-13T07:39:53Z
469034,Sabateta de la Mare de Déu japonesa,ca,"","",,Catalan,Izan Lopez Vergel,2023-10-13T07:40:40Z
118594,Joell,ca,"","",,Catalan,Izan Lopez Vergel,2023-10-13T07:41:31Z
99274,Llenguado tasconer,ca,"","",,Catalan,Izan Lopez Vergel,2023-10-13T07:42:07Z
1316508,Llenguadina de sis ulls,ca,"","",,Catalan,Izan Lopez Vergel,2023-10-13T07:43:14Z
118597,Agulla prima,ca,"","",,Catalan,Izan Lopez Vergel,2023-10-13T07:44:18Z
187571,Marlí blanc,ca,"","",,Catalan,Izan Lopez Vergel,2023-10-13T07:45:13Z
188556,Marlí,ca,"","",,Catalan,Izan Lopez Vergel,2023-10-13T07:46:03Z
118599,Alatxa,ca,"","",,Catalan,Izan Lopez Vergel,2023-10-13T07:46:50Z
459205,Falsa palomida vermella,ca,"","",,Catalan,Izan Lopez Vergel,2023-10-13T07:48:22Z
112381,Gatva¡re,ca,"","",,Catalan,Izan Lopez Vergel,2023-10-13T07:50:01Z
450547,Cloïssa blanca,ca,"","",,Catalan,Izan Lopez Vergel,2023-10-13T07:51:21Z
483135,Cloïssa blanca atlàntica,ca,"","",,Catalan,Izan Lopez Vergel,2023-10-13T07:52:07Z
366851,Cloïssa bavosa,ca,"","",,Catalan,Izan Lopez Vergel,2023-10-13T07:52:52Z
1147749,Cloïssa xilena,ca,"","",,Catalan,Izan Lopez Vergel,2023-10-13T07:54:04Z
332437,Cloïssa del Pacífic,ca,"","",,Catalan,Izan Lopez Vergel,2023-10-13T07:54:44Z
324548,Cloïssa,ca,"","",,Catalan,Izan Lopez Vergel,2023-10-13T07:55:47Z
324549,Petxinot de sang,ca,"","",,Catalan,Izan Lopez Vergel,2023-10-13T07:56:41Z
324549,Petxina lluent,ca,"","",,Catalan,Izan Lopez Vergel,2023-10-13T07:56:55Z
324549,Lluenta,ca,"","",,Catalan,Izan Lopez Vergel,2023-10-13T07:57:21Z
324553,Ametlla de mar,ca,"","",,Catalan,Izan Lopez Vergel,2023-10-13T07:58:10Z
51912,Seitons,ca,"","",,Catalan,Izan Lopez Vergel,2023-10-13T07:59:21Z
51912,Anxoves,ca,"","",,Catalan,Izan Lopez Vergel,2023-10-13T07:59:30Z
113064,Àngel,ca,"","",,Catalan,Izan Lopez Vergel,2023-10-13T08:01:25Z
108286,Llagosta salamenya,ca,"","",,Catalan,Izan Lopez Vergel,2023-10-14T11:54:24Z
108286,Llagosta blanca,ca,"","",,Catalan,Izan Lopez Vergel,2023-10-14T11:54:39Z
118648,Aranya,ca,"","",,Catalan,Izan Lopez Vergel,2023-10-14T11:55:12Z
118648,Aranya fragata,ca,"","",,Catalan,Izan Lopez Vergel,2023-10-14T11:55:31Z
324563,Petxina de pelegrí de l'Atlàntic,ca,"","",,Catalan,Izan Lopez Vergel,2023-10-14T11:56:23Z
433004,Espardenya,ca,"","",,Catalan,Izan Lopez Vergel,2023-10-14T11:57:10Z
433004,Llongo,ca,"","",,Catalan,Izan Lopez Vergel,2023-10-14T11:57:20Z
709758,Margarida llisa,ca,"","",,Catalan,Izan Lopez Vergel,2023-10-14T11:58:08Z
786323,Galta-roig,ca,"","",,Catalan,Izan Lopez Vergel,2023-10-14T11:59:11Z
103913,Pastanaga,ca,"","",,Catalan,Izan Lopez Vergel,2023-10-14T12:01:43Z
51040,Gamba australiana,ca,"","",,Catalan,Izan Lopez Vergel,2023-10-14T12:02:22Z
51398,Peix de plata,ca,"","",,Catalan,Izan Lopez Vergel,2023-10-14T12:02:49Z
51398,Moixó,ca,"","",,Catalan,Izan Lopez Vergel,2023-10-14T12:03:00Z
519962,Petxina de pelegrí del Pacífic,ca,"","",,Catalan,Izan Lopez Vergel,2023-10-14T13:23:43Z
1503053,Gamba xinesa,ca,"","",,Catalan,Izan Lopez Vergel,2023-10-22T06:52:21Z
359110,Pessic,ca,"","",,Catalan,Izan Lopez Vergel,2023-10-22T06:53:03Z
48397,Clavellada,ca,"","",,Catalan,Izan Lopez Vergel,2023-10-22T06:53:30Z
111518,Rajada de Boca de Rosa,ca,"","",,Catalan,Izan Lopez Vergel,2023-10-22T06:54:25Z
111515,Rajada estrellada,ca,"","",,Catalan,Izan Lopez Vergel,2023-10-22T06:54:47Z
187776,Llengüeta xinesa,ca,"","",,Catalan,Izan Lopez Vergel,2023-10-22T06:56:11Z
764634,Morralet,ca,"","",,Catalan,Izan Lopez Vergel,2023-10-22T06:56:49Z
684406,Gamba panxuda,ca,"","",,Catalan,Izan Lopez Vergel,2023-10-22T06:57:52Z
528783,Cabrot,ca,"","",,Catalan,Izan Lopez Vergel,2023-10-22T06:58:28Z
72516,Ballester,ca,"","",https://www.inaturalist.org/taxon_names/752580/edit,Catalan,Raúl MT,2023-10-29T11:53:39Z
4788,Corriol pit-roig,ca,"","",https://www.inaturalist.org/taxon_names/752818/edit,Catalan,Victor HOYEAU,2023-10-29T13:13:47Z
1505653,Pigarg ventreblanc,ca,"","",https://www.inaturalist.org/taxon_names/3301114/edit,Catalan,,2023-10-29T21:08:10Z
1505620,Corriol camanegre,ca,"","",https://www.inaturalist.org/taxon_names/752600/edit,Catalan,Sean Cozart,2023-10-30T12:34:56Z
59946,lliri d'espases,ca,"","",,Catalan,Salvador Prat Oller,2023-10-31T18:24:01Z
486980,ranuncle aquàtic,ca,"","",https://www.inaturalist.org/taxon_names/2541672/edit,Catalan,,2023-11-05T00:38:10Z
181630,Atzavara,ca,"","",,Catalan,Izan Lopez Vergel,2023-11-05T08:19:32Z
75868,Col mediterrània,ca,"","",,Catalan,Izan Lopez Vergel,2023-11-05T08:22:28Z
58776,Marxant,ca,"","",,Catalan,Izan Lopez Vergel,2023-11-05T08:24:02Z
58776,Blet punxent,ca,"","",,Catalan,Izan Lopez Vergel,2023-11-05T08:24:15Z
75604,Esparreguera fina,ca,"","",,Catalan,Izan Lopez Vergel,2023-11-05T08:25:06Z
50333,Lantana,ca,"","",,Catalan,Izan Lopez Vergel,2023-11-05T08:28:11Z
495280,Anthias de Barrera de Corall,ca,"","",https://www.inaturalist.org/taxon_names/3369667/edit,Catalan,,2023-11-10T03:04:56Z
1508374,Serrà tomàquet,ca,"","",https://www.inaturalist.org/taxon_names/3368927/edit,Catalan,,2023-11-10T03:35:50Z
109735,Peix joia sud-africà,ca,"","",https://www.inaturalist.org/taxon_names/3369108/edit,Catalan,,2023-11-10T03:53:24Z
615139,Bakoko vela,ca,"","",https://www.inaturalist.org/taxon_names/3374803/edit,Catalan,,2023-11-10T03:55:48Z
1508381,Serrà de dues taques,ca,"","",https://www.inaturalist.org/taxon_names/3367843/edit,Catalan,,2023-11-10T04:10:02Z
1313112,Anthias de Graham,ca,"","",https://www.inaturalist.org/taxon_names/3369081/edit,Catalan,,2023-11-10T04:29:57Z
131517,Ballesta tropical,ca,"","",https://www.inaturalist.org/taxon_names/3351124/edit,Catalan,,2023-11-10T04:39:43Z
231086,Corc del blat,ca,"","",,Catalan,Izan Lopez Vergel,2023-11-14T19:53:15Z
194433,Rovelló de cabra,ca,"","",,Catalan,Izan Lopez Vergel,2023-11-16T16:36:09Z
206118,Escarlet vermell,ca,"","",,Catalan,Izan Lopez Vergel,2023-11-16T16:36:57Z
55950,Flota d'alzina,ca,"","",,Catalan,Izan Lopez Vergel,2023-11-16T16:37:27Z
510199,Carner bord,ca,"","",,Catalan,Izan Lopez Vergel,2023-11-16T16:38:04Z
333772,Cep negre,ca,"","",,Catalan,Izan Lopez Vergel,2023-11-16T16:42:13Z
352311,Llora groga,ca,"","",,Catalan,Izan Lopez Vergel,2023-11-16T16:45:54Z
515021,Lleterola blanca,ca,"","",,Catalan,Izan Lopez Vergel,2023-11-16T16:46:50Z
823802,Lleterola roja,ca,"","",,Catalan,Izan Lopez Vergel,2023-11-16T16:48:15Z
514218,Rossinyol de pi,ca,"","",,Catalan,Izan Lopez Vergel,2023-11-16T16:49:47Z
194275,Pota de perdiu,ca,"","",,Catalan,Izan Lopez Vergel,2023-11-16T16:50:51Z
194437,Cualba llora,ca,"","",,Catalan,Izan Lopez Vergel,2023-11-16T16:51:19Z
352308,Escaldabec vermell,ca,"","",,Catalan,Izan Lopez Vergel,2023-11-16T16:51:49Z
1155642,Rovelló esclata-sang,ca,"","",,Catalan,Izan Lopez Vergel,2023-11-16T16:52:39Z
117393,fiteuma hemisfèric,ca,"","",,Catalan,Salvador Prat Oller,2023-11-17T17:33:38Z
76943,Cànem bord,ca,"","",,Catalan,Izan Lopez Vergel,2023-11-17T19:33:45Z
1510501,Espiadimonis ataronjat,ca,"","",https://www.inaturalist.org/taxon_names/2109812/edit,Catalan,,2023-11-19T00:03:35Z
75310,Niella,ca,"","",,Catalan,Izan Lopez Vergel,2023-11-19T07:29:10Z
942779,Borró,ca,"","",https://www.inaturalist.org/taxon_names/1887965/edit,Catalan,,2023-11-19T23:38:12Z
1398026,Selí pirinenc,ca,"","",https://www.inaturalist.org/taxon_names/3053789/edit,Catalan,,2023-11-20T21:32:58Z
1512112,Capironat marí,ca,"","",https://www.inaturalist.org/taxon_names/1358659/edit,Catalan,,2023-11-25T03:15:31Z
1470430,Papaorelles,ca,"","",,Catalan,Izan Lopez Vergel,2023-11-25T08:16:16Z
199317,Pastanaga borda,ca,"","",,Catalan,Izan Lopez Vergel,2023-11-27T18:04:27Z
1065391,Barba de boc,ca,"","",,Catalan,Izan Lopez Vergel,2023-11-27T18:08:32Z
237528,Ullastre,ca,"","",,Catalan,Izan Lopez Vergel,2023-11-27T18:12:42Z
47787,Iuques,ca,"","",,Catalan,Izan Lopez Vergel,2023-11-27T18:17:05Z
1326524,Lletsó de paret,ca,"","",,Catalan,Izan Lopez Vergel,2023-11-27T19:22:53Z
445004,Pinsap espanyol,ca,"","",,Catalan,Izan Lopez Vergel,2023-11-27T19:24:30Z
126264,Fals Porquet de Sant Antoni,ca,"","",,Catalan,Izan Lopez Vergel,2023-11-27T19:26:04Z
129783,Ciques,ca,"","",,Catalan,Izan Lopez Vergel,2023-11-27T19:26:50Z
126882,Atzavara vera,ca,"","",,Catalan,Izan Lopez Vergel,2023-11-27T19:27:53Z
126882,Àloe vera,ca,"","",,Catalan,Izan Lopez Vergel,2023-11-27T19:28:07Z
81519,Canelobre,ca,"","",,Catalan,Izan Lopez Vergel,2023-11-27T19:29:15Z
290822,Falsa atzavara,ca,"","",,Catalan,Izan Lopez Vergel,2023-11-27T19:30:29Z
55978,Malves,ca,"","",,Catalan,Izan Lopez Vergel,2023-11-27T19:32:11Z
487096,Seneci primaveral,ca,"","",,Catalan,Izan Lopez Vergel,2023-11-27T19:39:33Z
158434,Cerfull,ca,"","",,Catalan,Izan Lopez Vergel,2023-11-27T19:47:55Z
48571,Càrex,ca,"","",,Catalan,Izan Lopez Vergel,2023-11-27T19:48:24Z
53208,Heura groga,ca,"","",,Catalan,Izan Lopez Vergel,2023-11-27T19:51:11Z
49143,Estrelítzia,ca,"","",,Catalan,Izan Lopez Vergel,2023-11-27T19:52:41Z
122850,Fesol,ca,"","",,Catalan,Izan Lopez Vergel,2023-11-27T19:56:22Z
51556,Pixavins,ca,"","",,Catalan,Izan Lopez Vergel,2023-11-27T19:57:31Z
239137,Ceba,ca,"","",,Catalan,Izan Lopez Vergel,2023-11-27T19:58:03Z
515481,Gavià argentat mediterrani,ca,"","",,Catalan,Izan Lopez Vergel,2023-11-27T19:58:23Z
204746,Faraona,ca,"","",,Catalan,Izan Lopez Vergel,2023-11-27T19:59:04Z
589815,Herba de plata,ca,"","",,Catalan,Izan Lopez Vergel,2023-11-27T19:59:46Z
119980,Figuera de moro de Texas,ca,"","",,Catalan,Izan Lopez Vergel,2023-11-27T20:00:48Z
126507,Ficus de cautxú,ca,"","",,Catalan,Izan Lopez Vergel,2023-11-27T20:01:26Z
56006,Cal·la,ca,"","",,Catalan,Izan Lopez Vergel,2023-11-27T20:02:49Z
76762,Card d'eriçó,ca,"","",,Catalan,Izan Lopez Vergel,2023-11-28T18:22:15Z
1289280,Figuera de moro de llengua de lleó,ca,"","",,Catalan,Izan Lopez Vergel,2023-11-29T17:36:45Z
809289,Figuera de moro de platja,ca,"","",,Catalan,Izan Lopez Vergel,2023-11-29T17:37:21Z
78265,Figuera de moro groga,ca,"","",,Catalan,Izan Lopez Vergel,2023-11-29T17:38:20Z
78270,Figuera de moro rodona,ca,"","",,Catalan,Izan Lopez Vergel,2023-11-29T17:38:47Z
273618,Cardenx,ca,"","",,Catalan,Izan Lopez Vergel,2023-11-29T17:39:54Z
82963,arçot (comú),ca,"","",,Catalan,Salvador Prat Oller,2023-12-07T23:10:24Z
82962,arçot,ca,"","",,Catalan,Salvador Prat Oller,2023-12-07T23:13:54Z
995835,arçot oleoide,ca,"","",,Catalan,Salvador Prat Oller,2023-12-07T23:18:17Z
4626,Calàbria grossa,ca,"","",,Catalan,Marc,2023-12-19T11:00:07Z
121263,Tipuana,ca,"","",,Catalan,Izan Lopez Vergel,2023-12-21T15:53:43Z
371700,Pterocarya de fulles de freixe,ca,"","",,Catalan,Izan Lopez Vergel,2023-12-21T15:55:50Z
119793,Perera de Callery,ca,"","",,Catalan,Izan Lopez Vergel,2023-12-21T15:56:55Z
135394,Arbre de Júpiter,ca,"","",,Catalan,Izan Lopez Vergel,2023-12-21T16:00:52Z
146643,Canya d'Índia,ca,"","",,Catalan,Izan Lopez Vergel,2023-12-24T08:46:14Z
1520931,Gobi de Splechtna,ca,"","",https://www.inaturalist.org/taxon_names/2813900/edit,Catalan,,2023-12-27T01:02:49Z
77378,Xiprer de Lambert,ca,"","",https://www.inaturalist.org/taxon_names/1887771/edit,Catalan,,2023-12-28T12:45:02Z
159098,belladona,ca,"","",https://www.inaturalist.org/taxon_names/3120206/edit,Catalan,,2023-12-28T18:49:47Z
159098,tabac bord,ca,"","",https://www.inaturalist.org/taxon_names/3120211/edit,Catalan,,2023-12-28T18:49:47Z
1521718,Corretjola de serp,ca,"","",https://www.inaturalist.org/taxon_names/810746/edit,Catalan,Errol Véla,2023-12-31T19:58:23Z
334576,corretjola de serp oriental,ca,"","",https://www.inaturalist.org/taxon_names/2541685/edit,Catalan,,2023-12-31T23:59:47Z
1521906,corretjola de serp,ca,"","",https://www.inaturalist.org/taxon_names/2541684/edit,Catalan,,2024-01-01T00:24:56Z
359456,Cominassa hirsuta,ca,"","",,Catalan,Alba Rovira,2024-01-06T14:17:50Z
492333,Cranc verd,ca,"","",,Catalan,Naturalista,2024-01-14T10:36:48Z
1525548,Pimpinella Morada,ca,"","",https://www.inaturalist.org/taxon_names/1092550/edit,Catalan,,2024-01-19T10:13:46Z
512436,Centàurea intibàcia,ca,"","",,Catalan,Alain Cervantes,2024-01-19T20:13:34Z
77238,Ginesta linifòlia,ca,"","",,Catalan,Alba Rovira,2024-01-19T20:45:34Z
163222,ginesta de tintorers,ca,"","",,Catalan,Alba Rovira,2024-01-19T20:50:29Z
7188,Ànec de pit tacat,ca,"","",,Catalan,Marc,2024-01-22T10:56:05Z
120023,Aligot comú d'estepa,ca,"","",,Catalan,Marc,2024-01-23T10:05:30Z
512766,Aligot comú occidental,ca,"","",,Catalan,Marc,2024-01-23T10:08:24Z
450428,Negret,ca,"","",,Catalan,Izan Lopez Vergel,2024-01-23T20:12:47Z
465256,Calamar japonès,ca,"","",,Catalan,Izan Lopez Vergel,2024-01-23T20:14:55Z
120676,Sorell fumat,ca,"","",,Catalan,Izan Lopez Vergel,2024-01-23T20:16:20Z
41532,Cap d’olla negre d’aleta curta,ca,"","",,Catalan,Naturalista,2024-02-15T09:19:16Z
615142,Dara espinosa,ca,"","",https://www.inaturalist.org/taxon_names/3374775/edit,Catalan,,2024-03-06T13:53:08Z
1538826,Peix cofre hawaià,ca,"","",https://www.inaturalist.org/taxon_names/3376509/edit,Catalan,,2024-03-06T14:02:11Z
559534,Damisel·la palata,ca,"","",https://www.inaturalist.org/taxon_names/3355155/edit,Catalan,,2024-03-06T14:29:53Z
1377466,desmai sepulcral,ca,"","",https://www.inaturalist.org/taxon_names/2616800/edit,Catalan,,2024-03-16T12:04:01Z
41494,Dofí llistat,ca,"","",,Catalan,Naturalista,2024-03-17T10:44:36Z
119115,Mosca Vironera,ca,"","",,Catalan,Noé Liria Alfonso,2024-03-26T19:35:55Z
119115,Mosca blava,ca,"","",,Catalan,Noé Liria Alfonso,2024-03-26T19:36:53Z
995125,Rave,ca,"","",https://www.inaturalist.org/taxon_names/1952283/edit,Catalan,Dmitriy Bochkov,2024-03-27T02:49:08Z
356062,esteperola,ca,"","",,Catalan,Naturalista,2024-04-14T14:30:58Z
48984,centàurea montana,ca,"","",,Catalan,Salvador Prat Oller,2024-04-21T22:55:01Z
1545318,Peix cofre de taques grogues,ca,"","",,Catalan,José Pedro De Campos Fogaça,2024-04-24T15:32:26Z
55830,heura de terra,ca,"","",,Catalan,Alba Rovira,2024-04-27T15:08:36Z
204339,ortiga morta groga,ca,"","",,Catalan,Alba Rovira,2024-04-27T16:10:43Z
53983,digital,ca,"","",,Catalan,Joan Simon,2024-04-28T10:06:05Z
53983,didalera,ca,"","",,Catalan,Joan Simon,2024-04-28T10:07:47Z
53983,didals,ca,"","",,Catalan,Joan Simon,2024-04-28T10:08:55Z
53983,herba didalera,ca,"","",,Catalan,Joan Simon,2024-04-28T10:09:16Z
161899,digital groga,ca,"","",,Catalan,Joan Simon,2024-04-28T10:11:45Z
161899,didalera groga,ca,"","",,Catalan,Joan Simon,2024-04-28T10:12:15Z
161899,didalera de Sant Jeroni,ca,"","",,Catalan,Joan Simon,2024-04-28T10:12:44Z
210354,melgó marí,ca,"","",,Catalan,ksivilla,2024-04-28T20:09:03Z
130714,lluqueta de tija nua,ca,"","",,Catalan,Joan Simon,2024-04-30T20:51:19Z
1551489,cranc de sopa,ca,"","",https://www.inaturalist.org/taxon_names/2797061/edit,Catalan,,2024-05-09T14:09:35Z
319385,petadors,ca,"","",,Catalan,Joan Simon,2024-05-11T17:36:53Z
319385,Trèvol de mamella,ca,"","",,Catalan,Joan Simon,2024-05-11T17:39:54Z
537849,vivorera de platja,ca,"","",,Catalan,Joan Simon,2024-05-11T18:04:40Z
537849,Bolenga dels arenals,ca,"","",,Catalan,Joan Simon,2024-05-11T18:05:09Z
165209,melgó litoral,ca,"","",,Catalan,Joan Simon,2024-05-11T18:17:27Z
450269,carrossí,ca,"","",,Catalan,Joan Simon,2024-05-11T18:33:22Z
963701,gavó groc,ca,"","",,Catalan,Joan Simon,2024-05-11T18:36:57Z
341175,cutàndia marítima,ca,"","",,Catalan,Joan Simon,2024-05-11T19:01:12Z
54811,Espina-cervina,ca,"","",,Catalan,Alba Rovira,2024-05-12T20:29:32Z
1551784,peu de colom,ca,"","",,Catalan,Salvador Prat Oller,2024-05-14T11:44:28Z
163953,balllarida comuna,ca,"","",,Catalan,ksivilla,2024-05-22T19:52:45Z
56137,Llet de gallina,ca,"","",,Catalan,Alba Rovira,2024-05-27T12:39:03Z
60905,flor del vent,ca,"","",,Catalan,Alba Rovira,2024-05-27T12:51:36Z
55814,tisoretes,ca,"","",,Catalan,Alba Rovira,2024-05-27T12:54:07Z
136896,Pinsap,ca,"","",,Catalan,Izan Lopez Vergel,2024-06-02T11:02:10Z
58185,Facèlia,ca,"","",,Catalan,Izan Lopez Vergel,2024-06-02T15:31:10Z
889195,filaguera piramidal,ca,"","",,Catalan,Alba Rovira,2024-06-02T19:49:47Z
57066,almegó,ca,"","",,Catalan,Alba Rovira,2024-06-02T19:57:19Z
335838,herba rodona,ca,"","",,Catalan,Alba Rovira,2024-06-02T19:59:05Z
335838,fenal,ca,"","",,Catalan,Alba Rovira,2024-06-02T20:01:11Z
333961,fenal,ca,"","",,Catalan,Alba Rovira,2024-06-02T20:02:27Z
341695,maleïda,ca,"","",,Catalan,Alba Rovira,2024-06-02T20:09:45Z
77253,gerani de colom,ca,"","",,Catalan,Alba Rovira,2024-06-02T20:12:10Z
60020,clavellet prolífer,ca,"","",,Catalan,Alba Rovira,2024-06-02T20:14:05Z
79385,salsifí,ca,"","",,Catalan,Alba Rovira,2024-06-02T20:16:53Z
126585,Malva reial,ca,"","",,Catalan,Izan Lopez Vergel,2024-06-03T08:27:19Z
126585,Hibisc de Síria,ca,"","",,Catalan,Izan Lopez Vergel,2024-06-03T08:27:34Z
54854,Til·ler americà,ca,"","",,Catalan,Izan Lopez Vergel,2024-06-03T08:30:10Z
54805,Freixe blanc,ca,"","",,Catalan,Izan Lopez Vergel,2024-06-03T08:36:49Z
162991,Firmiana,ca,"","",,Catalan,Izan Lopez Vergel,2024-06-03T08:40:56Z
64128,Eucaliptus bord,ca,"","",,Catalan,Izan Lopez Vergel,2024-06-03T08:56:15Z
79521,Washingtònia de Mèxic,ca,"","",,Catalan,Izan Lopez Vergel,2024-06-03T08:57:28Z
773801,Falsa morera blanca,ca,"","",,Catalan,Izan Lopez Vergel,2024-06-03T08:59:26Z
638135,Lledoner de l'Índia,ca,"","",,Catalan,Izan Lopez Vergel,2024-06-03T09:02:13Z
64350,Ginkgo,ca,"","",,Catalan,Izan Lopez Vergel,2024-06-03T09:07:36Z
136234,Cedre de l'Atles,ca,"","",,Catalan,Izan Lopez Vergel,2024-06-03T09:09:35Z
79463,Om de Sibèria,ca,"","",,Catalan,Izan Lopez Vergel,2024-06-03T09:14:34Z
1515459,Xiprer blau,ca,"","",,Catalan,Izan Lopez Vergel,2024-06-03T09:23:22Z
50184,Washingtònia,ca,"","",,Catalan,Izan Lopez Vergel,2024-06-04T05:49:25Z
201452,Iuca peu d'elefant,ca,"","",,Catalan,Izan Lopez Vergel,2024-06-04T05:55:42Z
62829,Parquinsònia,ca,"","",,Catalan,Izan Lopez Vergel,2024-06-04T06:10:43Z
160233,Casuarina de Cunningham,ca,"","",,Catalan,Izan Lopez Vergel,2024-06-04T06:13:25Z
163951,jusquiam,ca,"","",,Catalan,Alba Rovira,2024-06-06T18:47:12Z
133227,asarina,ca,"","",,Catalan,Alba Rovira,2024-06-06T18:56:34Z
85429,Gerani de bosc,ca,"","",,Catalan,Alba Rovira,2024-06-06T18:59:33Z
163682,belleraca,ca,"","",,Catalan,Alba Rovira,2024-06-06T19:04:00Z
509226,genciana pirinenca,ca,"","",,Catalan,Arnau Duran,2024-06-08T15:47:01Z
62379,matafocs,ca,"","",,Catalan,Arnau Duran,2024-06-08T15:49:03Z
1556569,Anthias hawaià,ca,"","",https://www.inaturalist.org/taxon_names/3369679/edit,Catalan,,2024-06-12T21:14:41Z
1556570,Anthias reial,ca,"","",https://www.inaturalist.org/taxon_names/3369724/edit,Catalan,,2024-06-12T21:16:20Z
1502186,Cardigassa equinada,ca,"","",,Catalan,Daniel Espejo Fraga,2024-06-16T11:02:19Z
210259,telefi,ca,"","",,Catalan,Daniel Espejo Fraga,2024-06-16T15:54:10Z
978328,Avènula de prat,ca,"","",,Catalan,Daniel Espejo Fraga,2024-06-16T16:05:11Z
39665,Tortuga careta,ca,"","",,Catalan,Izan Lopez Vergel,2024-06-19T06:31:23Z
39665,Tortuga babaua,ca,"","",,Catalan,Izan Lopez Vergel,2024-06-19T06:31:37Z
335864,espunyidella blanca,ca,"","",,Catalan,Alba Rovira,2024-06-19T21:03:32Z
9196,Hortolà,ca,"Catalunya, ES","",,Catalan,Jacobo Krauel,2024-06-20T11:33:40Z
483326,Corall vermell,ca,"Catalunya, ES","",,Catalan,Jacobo Krauel,2024-06-21T09:18:35Z
256089,Acàlef luminescent,ca,"Catalunya, ES","",,Catalan,Jacobo Krauel,2024-06-21T09:42:58Z
360314,Borm radiat,ca,"Catalunya, ES","",,Catalan,Jacobo Krauel,2024-06-21T09:46:18Z
205252,Bonèl·lia,ca,"Catalunya, ES","",,Catalan,Jacobo Krauel,2024-06-21T10:02:37Z
118753,Garota violeta,ca,"Catalunya, ES","",,Catalan,Jacobo Krauel,2024-06-21T10:12:36Z
627408,Garotina,ca,"Catalunya, ES","",,Catalan,Jacobo Krauel,2024-06-21T10:14:08Z
48032,Garota de roca,ca,"Catalunya, ES","",,Catalan,Jacobo Krauel,2024-06-21T10:21:07Z
210121,Estrelleta,ca,"Catalunya, ES","",,Catalan,Jacobo Krauel,2024-06-21T10:49:29Z
326322,Clavellina,ca,"Catalunya, ES","",,Catalan,Jacobo Krauel,2024-06-21T10:52:07Z
53462,Ostra,ca,"Catalunya, ES","",,Catalan,Jacobo Krauel,2024-06-21T15:39:15Z
324540,Escopinya gravada,ca,"Catalunya, ES","",,Catalan,Jacobo Krauel,2024-06-21T15:43:06Z
493183,Llima,ca,"Catalunya, ES","",,Catalan,Jacobo Krauel,2024-06-21T15:46:54Z
210285,Orella de mar,ca,"Catalunya, ES","",,Catalan,Jacobo Krauel,2024-06-21T16:01:19Z
326443,Corn blanc,ca,"Catalunya, ES","",,Catalan,Jacobo Krauel,2024-06-21T16:18:22Z
338021,Botzina,ca,"Catalunya, ES","",,Catalan,Jacobo Krauel,2024-06-21T16:24:06Z
363939,Poll de mar,ca,"Catalunya, ES","",,Catalan,Jacobo Krauel,2024-06-21T16:54:11Z
128834,Cranc Pelut,ca,"","",,Catalan,Jacobo Krauel,2024-06-22T13:49:03Z
359111,Cranc pelfut,ca,"Catalunya, ES","",,Catalan,Jacobo Krauel,2024-06-22T13:56:07Z
326069,Cabrella,ca,"Catalunya, ES","",,Catalan,Jacobo Krauel,2024-06-22T14:04:09Z
324536,Llagosta,ca,"Catalunya, ES","",,Catalan,Jacobo Krauel,2024-06-22T14:19:13Z
112400,Llagosta lluïsa,ca,"Catalunya, ES","",,Catalan,Jacobo Krauel,2024-06-22T14:26:17Z
338037,Sastre,ca,"Catalunya, ES","",,Catalan,Jacobo Krauel,2024-06-22T14:41:50Z
112381,Gatvaire,ca,"Catalunya, ES","",,Catalan,Jacobo Krauel,2024-06-22T15:10:19Z
94105,Anguila,ca,"Catalunya, ES","",,Catalan,Jacobo Krauel,2024-06-22T15:32:04Z
472138,Aferrapedres,ca,"Catalunya, ES","",,Catalan,Jacobo Krauel,2024-06-22T15:37:55Z
118625,Peix bada,ca,"Catalunya, ES","",,Catalan,Jacobo Krauel,2024-06-22T15:42:05Z
78465,Julivert,ca,"","",,Catalan,Izan Lopez Vergel,2024-06-24T16:42:36Z
55366,Maduixot,ca,"","",,Catalan,Izan Lopez Vergel,2024-06-24T16:43:04Z
113533,Tord roquer,ca,"Catalunya, ES","",,Catalan,Jacobo Krauel,2024-06-25T12:33:20Z
1316741,Llambrega,ca,"Catalunya, ES","",,Catalan,Jacobo Krauel,2024-06-25T12:42:11Z
113534,Enrocador,ca,"Catalunya, ES","",,Catalan,Jacobo Krauel,2024-06-25T12:51:51Z
113530,Tord flassader,ca,"Catalunya, ES","",,Catalan,Jacobo Krauel,2024-06-25T12:55:20Z
118686,Bavosa de roca,ca,"Catalunya, ES","",,Catalan,Jacobo Krauel,2024-06-25T13:05:10Z
342285,Futarra,ca,"Catalunya, ES","",,Catalan,Jacobo Krauel,2024-06-25T13:07:51Z
118692,Bavosa de llongada,ca,"Catalunya, ES","",,Catalan,Jacobo Krauel,2024-06-25T13:14:41Z
446216,Bavosa de mar,ca,"Catalunya, ES","",,Catalan,Jacobo Krauel,2024-06-25T13:27:03Z
47255,Espet,ca,"Catalunya, ES","",,Catalan,Jacobo Krauel,2024-06-25T13:56:49Z
94786,Joell,ca,"Catalunya, ES","",,Catalan,Jacobo Krauel,2024-06-25T14:04:04Z
69840,Bis,ca,"Catalunya, ES","",,Catalan,Jacobo Krauel,2024-06-25T14:07:09Z
450829,Moixernó,ca,"","",,Catalan,Jacobo Krauel,2024-07-04T10:27:01Z
351304,Pinetell d'avet,ca,"","",,Catalan,Jacobo Krauel,2024-07-04T10:51:15Z
57421,lli viscós,ca,"","",,Catalan,Alba Rovira,2024-07-04T16:03:26Z
768177,Fajol alpí,ca,"","",,Catalan,Alba Rovira,2024-07-05T19:33:34Z
207662,jasione nana,ca,"","",,Catalan,Alba Rovira,2024-07-06T14:47:26Z
443674,herba del bàlsam,ca,"","",,Catalan,Alba Rovira,2024-07-06T14:58:34Z
1383494,Erísim de flor gran,ca,"","",,Catalan,Alba Rovira,2024-07-06T15:09:38Z
515788,esperó muntanyenc,ca,"","",,Catalan,Alba Rovira,2024-07-06T16:38:17Z
78697,polístic pirinenc,ca,"","",,Catalan,Alba Rovira,2024-07-06T16:50:52Z
359468,herba del meu,ca,"","",,Catalan,Alba Rovira,2024-07-06T16:52:38Z
82572,gimnocarpi silicícola,ca,"","",,Catalan,Alba Rovira,2024-07-06T16:55:43Z
169752,farigola de muntanya,ca,"","",,Catalan,Alba Rovira,2024-07-06T17:00:25Z
85423,regalèssia de muntanya,ca,"","",,Catalan,Alba Rovira,2024-07-06T17:01:53Z
798000,espunyidella de pedrusca,ca,"","",,Catalan,Alba Rovira,2024-07-06T17:12:45Z
741480,patacs petits,ca,"","",,Catalan,Alba Rovira,2024-07-06T17:28:11Z
132622,tormentil·la,ca,"","",,Catalan,Alba Rovira,2024-07-07T16:45:33Z
133517,fiteuma d'espiga,ca,"","",,Catalan,Alba Rovira,2024-07-07T16:46:33Z
209374,crespinell alpestre,ca,"","",,Catalan,Alba Rovira,2024-07-07T16:54:23Z
503308,crespinell anual,ca,"","",,Catalan,Alba Rovira,2024-07-07T16:55:23Z
1123473,potentil·la pirinenca,ca,"","",,Catalan,Alba Rovira,2024-07-07T17:12:24Z
41900,Mangosta comuna,ca,"Catalunya, ES","",,Catalan,Jacobo Krauel,2024-07-11T22:09:04Z
55996,Esfinx grossa de la vinya,ca,"Catalunya, ES","",,Catalan,Jacobo Krauel,2024-07-12T06:26:47Z
56933,cabells de farigola,ca,"","",,Catalan,Joan Simon,2024-07-13T12:19:11Z
56933,barba de caputxí,ca,"","",,Catalan,Joan Simon,2024-07-13T12:20:22Z
1081492,Virus de la COVID-19,ca,"","",,Catalan,Izan Lopez Vergel,2024-07-16T05:53:30Z
75291,traiguera,ca,"","",,Catalan,Alba Rovira,2024-07-16T18:43:57Z
482888,narciset valencià,ca,"","",,Catalan,Alba Rovira,2024-07-16T18:45:56Z
324716,silene ciliada,ca,"","",,Catalan,Alba Rovira,2024-07-16T18:56:00Z
416199,erígeron alpí,ca,"","",,Catalan,Alba Rovira,2024-07-16T18:58:54Z
288069,descàmpsia,ca,"","",,Catalan,Alba Rovira,2024-07-17T20:06:20Z
154238,oxítrop campestre,ca,"","",,Catalan,Alba Rovira,2024-07-17T20:07:40Z
130545,bistorta vivípara,ca,"","",,Catalan,Alba Rovira,2024-07-17T20:09:18Z
84229,criptogramma,ca,"","",,Catalan,Alba Rovira,2024-07-18T05:57:32Z
204337,herba pedrera,ca,"","",,Catalan,Alba Rovira,2024-07-18T05:58:52Z
130537,gèum de muntanya,ca,"","",,Catalan,Alba Rovira,2024-07-18T05:59:49Z
521408,camamilla de muntanya,ca,"","",,Catalan,Alba Rovira,2024-07-18T06:10:57Z
132481,cardamina amarga,ca,"","",,Catalan,Alba Rovira,2024-07-18T06:16:03Z
483171,astrància menuda,ca,"","",,Catalan,Alba Rovira,2024-07-18T06:16:47Z
133257,pedicularis pirinenca,ca,"","",,Catalan,Alba Rovira,2024-07-18T06:17:39Z
209350,trèvol brunenc,ca,"","",,Catalan,Alba Rovira,2024-07-18T06:26:37Z
78923,sagina pirinenca,ca,"","",,Catalan,Alba Rovira,2024-07-18T06:27:27Z
479420,salze nan,ca,"","",,Catalan,Alba Rovira,2024-07-18T06:28:30Z
131144,bàrtsia alpina,ca,"","",,Catalan,Alba Rovira,2024-07-19T13:56:23Z
54333,verònica becabunga,ca,"","",,Catalan,Alba Rovira,2024-07-19T14:01:13Z
83541,dries,ca,"","",,Catalan,Alba Rovira,2024-07-19T14:02:49Z
823732,cerasti trigin,ca,"","",,Catalan,Alba Rovira,2024-07-19T14:09:02Z
207839,enciam de font,ca,"","",,Catalan,Alba Rovira,2024-07-19T14:10:04Z
78540,cua de rata,ca,"","",,Catalan,Alba Rovira,2024-07-19T14:11:42Z
487635,potentil·la nival,ca,"","",,Catalan,Alba Rovira,2024-07-19T14:12:27Z
1402722,jonc trífid,ca,"","",,Catalan,Alba Rovira,2024-07-19T14:13:34Z
1262449,ínula,ca,"","",,Catalan,Joan Simon,2024-07-20T15:52:14Z
55766,lleteresa de fulla estreta,ca,"","",,Catalan,Salvador Prat Oller,2024-07-20T16:46:57Z
339979,Pollancre gavatx,ca,"","",,Catalan,Izan Lopez Vergel,2024-07-27T20:53:40Z
135331,Albercoquer,ca,"","",,Catalan,Izan Lopez Vergel,2024-07-30T11:34:48Z
63014,Greixa,ca,"Catalunya, ES","",,Catalan,Jacobo Krauel,2024-07-31T09:51:40Z
351313,Cabra de beç,ca,"Catalunya, ES","",,Catalan,Jacobo Krauel,2024-07-31T10:03:45Z
124085,Tremolí,ca,"Catalunya, ES","",,Catalan,Jacobo Krauel,2024-07-31T10:17:58Z
63232,Albereny,ca,"Catalunya, ES","",,Catalan,Jacobo Krauel,2024-07-31T10:22:28Z
55941,Paxil,ca,"Catalunya, ES","",,Catalan,Jacobo Krauel,2024-07-31T10:24:16Z
85120,Bolet de greix,ca,"Catalunya, ES","",,Catalan,Jacobo Krauel,2024-07-31T10:33:08Z
194275,Cama de perdiu,ca,"Catalunya, ES","",,Catalan,Jacobo Krauel,2024-07-31T10:39:03Z
352185,Manetes de coliflor,ca,"Catalunya, ES","",,Catalan,Jacobo Krauel,2024-07-31T10:41:02Z
63255,Moixernó de tardor,ca,"Catalunya, ES","",,Catalan,Jacobo Krauel,2024-07-31T10:45:29Z
154875,Cualbra vinosa,ca,"Catalunya, ES","",,Catalan,Jacobo Krauel,2024-07-31T10:52:13Z
497251,Marçot,ca,"Catalunya, ES","",,Catalan,Jacobo Krauel,2024-08-01T08:59:37Z
118215,Verderol,ca,"Catalunya, ES","",,Catalan,Jacobo Krauel,2024-08-01T09:02:14Z
194460,Fredolic gros,ca,"Catalunya, ES","",,Catalan,Jacobo Krauel,2024-08-01T09:20:18Z
335942,Sureny,ca,"Catalunya, ES","",,Catalan,Jacobo Krauel,2024-08-01T09:26:33Z
118324,Mocosa ensofrada,ca,"Catalunya, ES","",,Catalan,Jacobo Krauel,2024-08-01T09:32:27Z
48443,Pet de llop,ca,"Catalunya, ES","",,Catalan,Jacobo Krauel,2024-08-01T09:35:39Z
135888,Savina turífera,ca,"Catalunya, ES","",,Catalan,Jacobo Krauel,2024-08-01T10:40:35Z
1277863,Moixera nana,ca,"Catalunya, ES","",,Catalan,Jacobo Krauel,2024-08-06T09:42:44Z
450371,Salenca lapònica,ca,"Catalunya, ES","",,Catalan,Jacobo Krauel,2024-08-06T10:01:49Z
204243,Boixerola alpina,ca,"Catalunya, ES","",,Catalan,Jacobo Krauel,2024-08-06T10:18:03Z
235792,Èmpetrum,ca,"Catalunya, ES","",,Catalan,Jacobo Krauel,2024-08-06T10:30:21Z
198887,Roser alpí,ca,"Catalunya, ES","",,Catalan,Jacobo Krauel,2024-08-06T10:52:01Z
447878,Esbarzer de roca,ca,"Catalunya, ES","",,Catalan,Jacobo Krauel,2024-08-06T11:03:35Z
133157,Estepa de muntanya,ca,"Catalunya, ES","",,Catalan,Jacobo Krauel,2024-08-06T11:18:12Z
487752,Xuclamel negre,ca,"Catalunya, ES","",,Catalan,Jacobo Krauel,2024-08-06T11:29:35Z
450956,Brúcol,ca,"Catalunya, ES","",,Catalan,Jacobo Krauel,2024-08-06T17:37:52Z
320704,Adenostil,ca,"Catalunya, ES","",,Catalan,Jacobo Krauel,2024-08-06T17:40:22Z
77490,Balsamina de Balfour,ca,"Catalunya, ES","",,Catalan,Jacobo Krauel,2024-08-06T17:51:18Z
75583,Fromental,ca,"Catalunya, ES","",,Catalan,Jacobo Krauel,2024-08-06T17:57:13Z
170025,Fromental petit,ca,"Catalunya, ES","",,Catalan,Jacobo Krauel,2024-08-06T17:59:05Z
55821,Agrella,ca,"Catalunya, ES","",,Catalan,Jacobo Krauel,2024-08-06T18:01:09Z
79385,Barba cabruna,ca,"Catalunya, ES","",,Catalan,Jacobo Krauel,2024-08-06T18:04:42Z
51875,Trèvol de prat,ca,"Catalunya, ES","",,Catalan,Jacobo Krauel,2024-08-06T18:07:28Z
359458,Cominassa àuria,ca,"Catalunya, ES","",,Catalan,Jacobo Krauel,2024-08-06T18:15:26Z
509221,Genciana de Burser,ca,"Catalunya, ES","",,Catalan,Jacobo Krauel,2024-08-06T18:35:24Z
56322,Botó d'or,ca,"Catalunya, ES","",,Catalan,Jacobo Krauel,2024-08-06T19:15:57Z
468777,Ranuncle pirinenc,ca,"Catalunya, ES","",,Catalan,Jacobo Krauel,2024-08-06T19:18:27Z
764985,Esquellada grossa,ca,"Catalunya, ES","",,Catalan,Jacobo Krauel,2024-08-07T11:07:20Z
209347,Pensament pirinenc,ca,"Catalunya, ES","",,Catalan,Jacobo Krauel,2024-08-07T11:12:56Z
363514,Clavell blanc,ca,"Catalunya, ES","",,Catalan,Jacobo Krauel,2024-08-07T11:17:59Z
76647,Clavell deltoide,ca,"Catalunya, ES","",,Catalan,Jacobo Krauel,2024-08-07T11:21:42Z
167346,Potentil·la de Crantz,ca,"Catalunya, ES","",,Catalan,Jacobo Krauel,2024-08-07T11:31:57Z
286847,Crespinell,ca,"Catalunya, ES","",,Catalan,Jacobo Krauel,2024-08-08T08:46:44Z
128880,Herba de les set sagnies,ca,"Catalunya, ES","",,Catalan,Jacobo Krauel,2024-08-08T08:51:08Z
56299,Cardiguera,ca,"Catalunya, ES","",,Catalan,Jacobo Krauel,2024-08-08T09:07:20Z
132432,Paradísia,ca,"Catalunya, ES","",,Catalan,Jacobo Krauel,2024-08-08T09:10:02Z
55769,Safrà de muntanya,ca,"Catalunya, ES","",,Catalan,Jacobo Krauel,2024-08-08T09:41:34Z
55848,Narcís de muntanya,ca,"Catalunya, ES","",,Catalan,Jacobo Krauel,2024-08-08T09:52:53Z
56224,Calta,ca,"Catalunya, ES","",,Catalan,Jacobo Krauel,2024-08-08T10:05:49Z
131203,Escabiosa mossegada,ca,"Catalunya, ES","",,Catalan,Jacobo Krauel,2024-08-08T10:53:10Z
121266,Viola d'aigua,ca,"Catalunya, ES","",,Catalan,Jacobo Krauel,2024-08-08T10:56:40Z
127215,Cotonera de fulla estreta,ca,"Catalunya, ES","",,Catalan,Jacobo Krauel,2024-08-08T11:02:52Z
58990,Amanida de gripau,ca,"Catalunya, ES","",,Catalan,Jacobo Krauel,2024-08-08T11:17:27Z
79161,Espargani de muntanya,ca,"Catalunya, ES","",,Catalan,Jacobo Krauel,2024-08-08T11:22:56Z
152956,Càrex inflat,ca,"Catalunya, ES","",,Catalan,Jacobo Krauel,2024-08-08T11:38:29Z
76793,Elodea,ca,"Catalunya, ES","",,Catalan,Jacobo Krauel,2024-08-08T11:43:43Z
48586,Caragol llistat de bosc,ca,"Catalunya, ES","",,Catalan,Jacobo Krauel,2024-08-08T11:48:33Z
51560,Sírex gegant,ca,"Catalunya, ES","",,Catalan,Jacobo Krauel,2024-08-08T15:00:30Z
245865,Escarabat banyut,ca,"Catalunya, ES","",,Catalan,Jacobo Krauel,2024-08-08T15:18:41Z
56228,Banyarriquer del faig,ca,"Catalunya, ES","",,Catalan,Jacobo Krauel,2024-08-09T10:00:29Z
515219,Banyarriquer del pi,ca,"Catalunya, ES","",,Catalan,Jacobo Krauel,2024-08-09T10:10:12Z
97022,Banyarriquer del roure,ca,"Cataluña, ES | Catalunya, ES","",,Catalan,Jacobo Krauel,2024-08-09T10:18:07Z
20498,Casuaris,ca,"Catalunya, ES","",,Catalan,Guillem,2024-08-11T01:38:21Z
68330,Àrctia de jardí,ca,"Catalunya, ES","",,Catalan,Jacobo Krauel,2024-08-11T09:32:43Z
47516,Truita irisada,ca,"Catalunya, ES","",,Catalan,Jacobo Krauel,2024-08-11T14:15:38Z
49596,Truita de rierol,ca,"Catalunya, ES","",,Catalan,Jacobo Krauel,2024-08-11T14:18:15Z
60214,soja borda,ca,"","",,Catalan,Alba Rovira,2024-08-12T07:10:28Z
1069001,Bocabadat negre,ca,"Catalunya, ES","",,Catalan,Jacobo Krauel,2024-08-12T08:40:51Z
1110795,Cassoleta murgolera,ca,"Catalunya, ES","",,Catalan,Jacobo Krauel,2024-08-12T09:08:47Z
68183,Cassoleta Blava,ca,"Catalunya, ES","",,Catalan,Jacobo Krauel,2024-08-12T09:17:47Z
48494,Orellana,ca,"Catalunya, ES","",,Catalan,Jacobo Krauel,2024-08-12T09:28:25Z
118198,Carlet d'ovella,ca,"Catalunya, ES","",,Catalan,Jacobo Krauel,2024-08-12T09:33:54Z
118240,Cama-sec,ca,"Catalunya, ES","",,Catalan,Jacobo Krauel,2024-08-12T09:43:04Z
747487,Cama-sec de pineda,ca,"Catalunya, ES","",,Catalan,Jacobo Krauel,2024-08-12T09:53:08Z
625280,Pebràs pelut,ca,"Catalunya, ES","",,Catalan,Jacobo Krauel,2024-08-12T10:17:23Z
332501,Rovelló,ca,"Catalunya, ES","",,Catalan,Jacobo Krauel,2024-08-12T10:19:18Z
360306,Cualbra regera,ca,"Catalunya, ES","",,Catalan,Jacobo Krauel,2024-08-12T10:27:27Z
332680,Pebràs verdós,ca,"Catalunya, ES","",,Catalan,Jacobo Krauel,2024-08-12T10:29:32Z
976414,Llora d'estepa,ca,"Catalunya, ES","",,Catalan,Jacobo Krauel,2024-08-12T10:34:00Z
466630,Esteperol,ca,"Catalunya, ES","",,Catalan,Jacobo Krauel,2024-08-12T11:00:05Z
56534,Gita de bruixa,ca,"Catalunya, ES","",,Catalan,Jacobo Krauel,2024-08-12T11:04:19Z
503193,Molleric de carn groga,ca,"Catalunya, ES","",,Catalan,Jacobo Krauel,2024-08-12T11:09:11Z
61432,Llorer-cirer,ca,"Catalunya, ES","",,Catalan,Jacobo Krauel,2024-08-12T13:26:00Z
128032,Morera de paper,ca,"Catalunya, ES","",,Catalan,Jacobo Krauel,2024-08-12T13:29:53Z
76362,Estepa ladanífera,ca,"Catalunya, ES","",,Catalan,Jacobo Krauel,2024-08-12T13:43:45Z
161579,Ginesta triflora,ca,"Catalunya, ES","",,Catalan,Jacobo Krauel,2024-08-12T13:47:52Z
77128,Vinya del Tibet,ca,"Catalunya, ES","",,Catalan,Jacobo Krauel,2024-08-13T12:57:51Z
77496,Campanetes de jardí,ca,"Catalunya, ES","",,Catalan,Jacobo Krauel,2024-08-13T13:01:25Z
363595,Seneci enfiladís,ca,"Catalunya, ES","",,Catalan,Jacobo Krauel,2024-08-13T13:03:20Z
82741,Guixó articulat,ca,"Catalunya, ES","",,Catalan,Jacobo Krauel,2024-08-13T13:08:38Z
82631,Ullastre de frare,ca,"Catalunya, ES","",,Catalan,Jacobo Krauel,2024-08-13T13:38:52Z
61521,Corona de rei,ca,"Catalunya, ES","",,Catalan,Jacobo Krauel,2024-08-13T13:48:27Z
78820,Botó d'or,ca,"Catalunya, ES","",,Catalan,Jacobo Krauel,2024-08-13T13:51:58Z
521342,Consolda menor,ca,"Catalunya, ES","",,Catalan,Jacobo Krauel,2024-08-13T14:04:14Z
450816,Viola,ca,"Catalunya, ES","",,Catalan,Jacobo Krauel,2024-08-13T14:19:52Z
181594,Lleteresa vesquera,ca,"Catalunya, ES","",,Catalan,Jacobo Krauel,2024-08-13T14:24:24Z
59260,Boixac de camp,ca,"Catalunya, ES","",,Catalan,Jacobo Krauel,2024-08-13T14:27:55Z
633980,Gravit,ca,"Catalunya, ES","",,Catalan,Jacobo Krauel,2024-08-13T14:30:13Z
167373,Gram negre,ca,"Catalunya, ES","",,Catalan,Jacobo Krauel,2024-08-13T14:32:09Z
57057,Alfals,ca,"Catalunya, ES","",,Catalan,Jacobo Krauel,2024-08-13T14:40:35Z
236082,Fumdeterra,ca,"Catalunya, ES","",,Catalan,Jacobo Krauel,2024-08-13T15:17:33Z
78174,Creixen,ca,"Catalunya, ES","",,Catalan,Jacobo Krauel,2024-08-13T17:43:35Z
63848,Curraià pàl·lid,ca,"Catalunya, ES","",,Catalan,Jacobo Krauel,2024-08-13T18:02:23Z
181447,Fenàs de marge,ca,"Catalunya, ES","",,Catalan,Jacobo Krauel,2024-08-13T18:09:31Z
52696,Cugula,ca,"Catalunya, ES","",,Catalan,Jacobo Krauel,2024-08-13T18:14:08Z
52808,Pelosa,ca,"Catalunya, ES","",,Catalan,Jacobo Krauel,2024-08-13T18:16:09Z
58379,Cua de gos daurada,ca,"Catalunya, ES","",,Catalan,Jacobo Krauel,2024-08-13T18:22:46Z
78337,Nebulosa,ca,"Catalunya, ES","",,Catalan,Jacobo Krauel,2024-08-13T18:24:57Z
122238,Panerola,ca,"Catalunya, ES","",,Catalan,Jacobo Krauel,2024-08-13T19:05:58Z
49552,Centpeus Domèstic,ca,"Cataluña, ES","",,Catalan,Jacobo Krauel,2024-08-13T19:08:19Z
129385,Banyarriquer del salze,ca,"Catalunya, ES","",,Catalan,Jacobo Krauel,2024-08-13T19:32:11Z
556450,Corc de les glans,ca,"Catalunya, ES","",,Catalan,Jacobo Krauel,2024-08-13T19:57:31Z
53869,Estafilí olorós,ca,"Catalunya, ES","",,Catalan,Jacobo Krauel,2024-08-13T20:06:03Z
82764,Escarabat lluent,ca,"Catalunya, ES","",,Catalan,Jacobo Krauel,2024-08-13T20:08:39Z
354819,Papallona abella,ca,"Catalunya, ES","",,Catalan,Jacobo Krauel,2024-08-13T21:57:26Z
82825,Cigala negra,ca,"Catalunya, ES","",,Catalan,Jacobo Krauel,2024-08-13T22:42:16Z
1037811,Brunzidora de garriga,ca,"Catalunya, ES","",,Catalan,Jacobo Krauel,2024-08-13T22:44:10Z
894951,Cigalella argentada,ca,"Catalunya, ES","",,Catalan,Jacobo Krauel,2024-08-13T22:46:00Z
55637,Borinot de les pastures,ca,"Catalunya, ES","",,Catalan,Jacobo Krauel,2024-08-13T22:58:35Z
446575,Peix bola africà,ca,"","",https://www.inaturalist.org/taxon_names/3381179/edit,Catalan,,2024-08-13T23:32:47Z
51221,Cranc de riu americà,ca,"Catalunya, ES","",,Catalan,Jacobo Krauel,2024-08-14T00:04:17Z
548418,Granoteta de punts,ca,"Catalunya, ES","",,Catalan,Jacobo Krauel,2024-08-14T00:23:11Z
5167,Arpella cendrosa,ca,"Catalunya, ES","",,Catalan,Jacobo Krauel,2024-08-14T00:50:20Z
7087,Oca de collar,ca,"","",,Catalan,Naturalista,2024-08-14T07:27:35Z
15560,Leiòtrix bec-roig,ca,"Catalunya, ES","",,Catalan,Jacobo Krauel,2024-08-14T08:24:13Z
57534,Ratpenat de cova,ca,"Catalunya, ES","",,Catalan,Jacobo Krauel,2024-08-14T08:35:38Z
74908,Pipistrel·la nana,ca,"Catalunya, ES","",,Catalan,Jacobo Krauel,2024-08-14T08:43:31Z
43042,Eriçó fosc,ca,"Catalunya, ES","",,Catalan,Jacobo Krauel,2024-08-14T08:50:23Z
44688,Ratolí mediterrani,ca,"Catalunya, ES","",,Catalan,Jacobo Krauel,2024-08-14T08:56:12Z
44705,Ratolí domèstic,ca,"Catalunya, ES","",,Catalan,Jacobo Krauel,2024-08-14T09:00:27Z
45562,Ratolí de camp comú,ca,"Catalunya, ES","",,Catalan,Jacobo Krauel,2024-08-14T09:02:24Z
44276,Talpó comú,ca,"Catalunya, ES","",,Catalan,Jacobo Krauel,2024-08-14T09:05:18Z
58612,Carpí,ca,"Catalunya, ES","",,Catalan,Jacobo Krauel,2024-08-14T10:40:09Z
59262,Banya de cabra,ca,"","",,Catalan,Izan Lopez Vergel,2024-08-14T17:43:12Z
75457,Bàlsam emparrador,ca,"","",,Catalan,Izan Lopez Vergel,2024-08-14T17:46:44Z
79013,Estramoni,ca,"","",,Catalan,Izan Lopez Vergel,2024-08-14T17:51:34Z
133334,Iuca,ca,"","",,Catalan,Izan Lopez Vergel,2024-08-14T18:01:57Z
165894,Figuera de moro variegada,ca,"","",,Catalan,Izan Lopez Vergel,2024-08-14T18:07:34Z
336677,Morella gràcil,ca,"","",,Catalan,Izan Lopez Vergel,2024-08-14T18:08:39Z
53108,Enciam de bosc,ca,"","",,Catalan,Izan Lopez Vergel,2024-08-14T19:14:40Z
53266,Herba dels cantors,ca,"","",,Catalan,Izan Lopez Vergel,2024-08-14T19:18:01Z
55918,Rosella borda,ca,"","",,Catalan,Izan Lopez Vergel,2024-08-15T06:10:49Z
56617,Ceanot reptant,ca,"","",,Catalan,Izan Lopez Vergel,2024-08-15T06:14:00Z
59259,Herba felera,ca,"","",,Catalan,Izan Lopez Vergel,2024-08-15T06:29:17Z
59264,Guixonera,ca,"","",,Catalan,Izan Lopez Vergel,2024-08-15T06:32:15Z
59361,Amargall,ca,"","",,Catalan,Izan Lopez Vergel,2024-08-15T06:36:28Z
424254,Ratpenat d'aigua,ca,"Catalunya, ES","",,Catalan,Jacobo Krauel,2024-08-15T10:40:16Z
74927,Ratpenat orellut alpí,ca,"Catalunya, ES","",,Catalan,Jacobo Krauel,2024-08-15T10:46:23Z
45459,Talpó de tartera,ca,"Catalunya, ES","",,Catalan,Jacobo Krauel,2024-08-15T11:00:54Z
67819,Rata talpera,ca,"Catalunya, ES","",,Catalan,Jacobo Krauel,2024-08-15T11:04:44Z
45550,Ratolí lleonat,ca,"Catalunya, ES","",,Catalan,Jacobo Krauel,2024-08-15T11:06:53Z
144510,Gavina riallera,ca,"Catalunya, ES","",,Catalan,Jacobo Krauel,2024-08-15T11:35:41Z
1567961,om de fulla petita,ca,"","",https://www.inaturalist.org/taxon_names/654355/edit,Catalan,,2024-08-15T18:22:59Z
180365,Pet de llop gros,ca,"Catalunya, ES","",,Catalan,Jacobo Krauel,2024-08-16T07:57:34Z
57692,Pet de llop gegant,ca,"Catalunya, ES","",,Catalan,Jacobo Krauel,2024-08-16T08:06:24Z
192381,Alzinoi esquamós,ca,"Catalunya, ES","",,Catalan,Jacobo Krauel,2024-08-16T08:21:29Z
118213,Tricoloma saponaci,ca,"Catalunya, ES","",,Catalan,Jacobo Krauel,2024-08-16T08:24:23Z
553907,Mataparent de peu vermell,ca,"Catalunya, ES","",,Catalan,Jacobo Krauel,2024-08-16T08:29:55Z
351524,Moixernó de pastor,ca,"Catalunya, ES","",,Catalan,Jacobo Krauel,2024-08-16T08:32:25Z
47392,Bolet de tinta,ca,"Catalunya, ES","",,Catalan,Jacobo Krauel,2024-08-16T08:35:26Z
467402,Corn eriçonat,ca,"Catalunya, ES","",,Catalan,Jacobo Krauel,2024-08-16T14:25:34Z
450388,Hipèric maculat,ca,"Catalunya, ES","",,Catalan,Jacobo Krauel,2024-08-16T14:45:53Z
411133,Fals carlet brunenc,ca,"Cataluña, ES | Catalunya, ES","",,Catalan,Jacobo Krauel,2024-08-17T16:16:43Z
53488,Pinetell de calceta,ca,"Catalunya, ES","",,Catalan,Jacobo Krauel,2024-08-19T15:27:22Z
1440332,Llenega negra,ca,"Catalunya, ES | Cataluña, ES","",,Catalan,Jacobo Krauel,2024-08-19T15:38:16Z
483989,Cualbra de pineda,ca,"Catalunya, ES","",,Catalan,Jacobo Krauel,2024-08-19T15:46:06Z
986857,Carlí,ca,"Catalunya, ES","",,Catalan,Jacobo Krauel,2024-08-21T07:54:45Z
338627,Falzia glandulosa,ca,"Catalunya, ES | Cataluña, ES","",,Catalan,Jacobo Krauel,2024-08-21T10:13:49Z
245739,genciana campestre,ca,"","",,Catalan,Salvador Prat Oller,2024-08-24T16:40:47Z
62213,potentil·la palustre,ca,"","",,Catalan,Salvador Prat Oller,2024-08-24T16:58:58Z
55801,Carpí,ca,"","",,Catalan,Guifré Torruella,2024-08-25T17:35:40Z
1277867,Server,ca,"Catalunya, ES | Cataluña, ES","",,Catalan,Jacobo Krauel,2024-08-28T15:46:15Z
518537,Surolí,ca,"","",,Catalan,Izan Lopez Vergel,2024-08-29T13:00:47Z
123666,raïm de guineu,ca,"","",,Catalan,Alba Rovira,2024-09-20T16:35:41Z
64238,tríbol,ca,"","",,Catalan,Naturalista,2024-09-24T06:40:47Z
1561308,Peix argus gegant,ca,"","",,Catalan,br_creatures,2024-09-25T15:07:59Z
1578632,Passabarrancs bidentat,ca,"","",https://www.inaturalist.org/taxon_names/2109829/edit,Catalan,,2024-09-28T02:12:39Z
332963,Api d'aigua,ca,"","",https://www.inaturalist.org/taxon_names/945440/edit,Catalan,,2024-09-30T02:47:41Z
332963,Creixen bord,ca,"","",https://www.inaturalist.org/taxon_names/945439/edit,Catalan,,2024-09-30T02:47:42Z
53490,Mollerics,ca,"","",,Catalan,Izan Lopez Vergel,2024-10-02T07:39:30Z
360164,Rementerola,ca,"","",,Catalan,Izan Lopez Vergel,2024-10-03T06:41:28Z
54849,Sàlic,ca,"Cataluña, ES | Catalunya, ES","",,Catalan,Jacobo Krauel,2024-10-03T10:02:30Z
551865,càdec de mar,ca,"","",,Catalan,Naturalista,2024-10-11T04:28:00Z
429512,Salenca tortosina,ca,"Cataluña, ES | Catalunya, ES","",,Catalan,Jacobo Krauel,2024-10-11T09:30:58Z
469472,Pomera,ca,"Catalunya, ES | Cataluña, ES","",,Catalan,Jacobo Krauel,2024-10-11T09:46:27Z
126808,Cirerer de guineu,ca,"Cataluña, ES | Catalunya, ES","",,Catalan,Jacobo Krauel,2024-10-11T09:58:44Z
1581937,Esparver grec,ca,"","",https://www.inaturalist.org/taxon_names/3301074/edit,Catalan,,2024-10-23T17:55:28Z
1578961,Martinet menut,ca,"","",https://www.inaturalist.org/taxon_names/752831/edit,Catalan,,2024-10-23T22:12:39Z
1579015,Astor,ca,"","",https://www.inaturalist.org/taxon_names/752395/edit,Catalan,Raúl MT,2024-10-24T23:42:24Z
1580336,Corriol petit,ca,"","",https://www.inaturalist.org/taxon_names/752817/edit,Catalan,,2024-10-27T23:01:25Z
1579017,Astor de Cooper,ca,"","",,Catalan,Cyan Fox,2024-10-29T04:53:07Z
55884,Roser bord,ca,"","",,Catalan,Jacobo Krauel,2024-10-29T10:00:05Z
108355,llagosta bruna,ca,"","",,Catalan,Montse Almaraz-Rodríguez,2024-10-30T10:21:28Z
41559,rorqual del nord,ca,"Cataluña, ES","",,Catalan,Montse Almaraz-Rodríguez,2024-10-30T11:09:22Z
44277,Talpó de Cabrera,ca,"Cataluña, ES","",,Catalan,Montse Almaraz-Rodríguez,2024-10-30T11:51:23Z
1416287,bavosa de riu,ca,"Cataluña, ES","",,Catalan,Montse Almaraz-Rodríguez,2024-10-30T13:20:21Z
444737,Veça,ca,"Cataluña, ES","",,Catalan,Montse Almaraz-Rodríguez,2024-10-30T16:24:10Z
199875,Caragol dels Fideus,ca,"","",,Catalan,Izan Lopez Vergel,2024-10-31T19:13:03Z
18460,picot de Williamson,ca,"","",,Catalan,Sarah Abbate,2024-11-01T01:14:53Z
18463,picot de pit groc,ca,"","",,Catalan,Sarah Abbate,2024-11-01T01:26:55Z
1455918,Tórtora Colltacada Oriental,ca,"","",,Catalan,Sarah Abbate,2024-11-01T01:31:49Z
479640,Escombra de bruixa,ca,"","",,Catalan,Izan Lopez Vergel,2024-11-02T19:56:50Z
411086,Esplugabous,ca,"","",https://www.inaturalist.org/taxon_names/752530/edit,Catalan,Sean Cozart,2024-11-03T09:37:30Z
411086,Esplugabous occidental,ca,"","",https://www.inaturalist.org/taxon_names/3136669/edit,Catalan,Sean Cozart,2024-11-03T09:37:39Z
1578721,Gralla oriental,ca,"","",https://www.inaturalist.org/taxon_names/3115629/edit,Catalan,,2024-11-04T17:22:19Z
75865,Fenàs de bosc,ca,"","",,Catalan,Izan Lopez Vergel,2024-11-10T10:25:46Z
336399,Gralla,ca,"","",https://www.inaturalist.org/taxon_names/592851/edit,Catalan,,2024-11-17T14:29:22Z
438713,Cargola,ca,"Cataluña, ES","",,Catalan,Montse Almaraz-Rodríguez,2024-11-19T09:19:31Z
559061,lletrera,ca,"Cataluña, ES | Islas Baleares, ES","",,Catalan,Montse Almaraz-Rodríguez,2024-11-19T10:16:08Z
520160,romer moix,ca,"Cataluña, ES","",,Catalan,Montse Almaraz-Rodríguez,2024-11-19T12:10:47Z
1149895,ensopegall de Peñiscola,ca,"Cataluña, ES","",,Catalan,Montse Almaraz-Rodríguez,2024-11-19T14:51:07Z
866632,alfals arbori,ca,"","",,Catalan,Montse Almaraz-Rodríguez,2024-11-19T16:43:41Z
442915,botó d´or,ca,"","",,Catalan,Montse Almaraz-Rodríguez,2024-11-20T14:14:12Z
782884,estaquis de mar,ca,"Cataluña, ES","",,Catalan,Montse Almaraz-Rodríguez,2024-11-21T09:03:31Z
189357,api d'en Bermejo,ca,"","",,Catalan,Montse Almaraz-Rodríguez,2024-11-21T11:19:15Z
348720,Volvariel·la,ca,"Cataluña, ES | Catalunya, ES","",,Catalan,Jacobo Krauel,2024-11-28T14:43:14Z
1098280,Bolet d'esca amb vora,ca,"","",,Catalan,Enric Gràcia i Barba,2024-12-02T17:43:51Z
205516,Gírgola de panical,ca,"","",,Catalan,Enric Gràcia i Barba,2024-12-02T17:50:14Z
351875,Gírgola de corn,ca,"","",,Catalan,Enric Gràcia i Barba,2024-12-02T17:53:15Z
1579284,peu de colom,ca,"","",https://www.inaturalist.org/taxon_names/2802079/edit,Catalan,Nicolas Schwab,2024-12-06T01:42:49Z
1593830,corona de reina,ca,"","",https://www.inaturalist.org/taxon_names/2682770/edit,Catalan,,2024-12-08T16:34:21Z
1595768,Peix bola d'esquena marró,ca,"","",https://www.inaturalist.org/taxon_names/3381083/edit,Catalan,,2024-12-16T02:27:41Z
445765,Peix bola sud-africà,ca,"","",https://www.inaturalist.org/taxon_names/3381092/edit,Catalan,,2024-12-16T02:27:43Z
445763,Peix bola de Smith,ca,"","",https://www.inaturalist.org/taxon_names/3381085/edit,Catalan,,2024-12-16T02:27:45Z
1595769,Peix bola lleopard,ca,"","",https://www.inaturalist.org/taxon_names/3381087/edit,Catalan,,2024-12-16T02:27:48Z
1595787,Peix bola patoca,ca,"","",https://www.inaturalist.org/taxon_names/3381089/edit,Catalan,,2024-12-16T06:46:12Z
1595787,Peix bola de Bengala,ca,"","",https://www.inaturalist.org/taxon_names/3381084/edit,Catalan,,2024-12-16T06:46:12Z
204401,Englantina,ca,"Cataluña, ES | Catalunya, ES","",,Catalan,Jacobo Krauel,2024-12-16T11:38:49Z
775654,Ajocaperdius,ca,"Catalunya, ES | Cataluña, ES","",,Catalan,Jacobo Krauel,2024-12-16T12:00:05Z
78159,Murta,ca,"Cataluña, ES | Catalunya, ES","",,Catalan,Jacobo Krauel,2024-12-17T11:06:17Z
1154668,Ginesta patent,ca,"Cataluña, ES | Catalunya, ES","",,Catalan,Jacobo Krauel,2024-12-17T11:45:32Z
512068,Malrubí muntanyenc,ca,"Cataluña, ES | Catalunya, ES","",,Catalan,Jacobo Krauel,2024-12-18T10:57:26Z
58774,Blet menut,ca,"Catalunya, ES | Cataluña, ES","",,Catalan,Jacobo Krauel,2024-12-18T11:02:33Z
1177891,"Lleteresa d'Aragó,",ca,"Cataluña, ES | Catalunya, ES","",,Catalan,Jacobo Krauel,2024-12-18T11:15:38Z
77952,Malva de fulla rodona,ca,"Cataluña, ES | Catalunya, ES","",,Catalan,Jacobo Krauel,2024-12-18T11:18:28Z
333678,Turbit,ca,"Cataluña, ES | Catalunya, ES","",,Catalan,Jacobo Krauel,2024-12-18T11:26:58Z
56121,Bosses de pastor,ca,"Catalunya, ES | Cataluña, ES","",,Catalan,Jacobo Krauel,2024-12-18T11:51:20Z
545258,Saladet,ca,"Cataluña, ES | Catalunya, ES","",,Catalan,Jacobo Krauel,2024-12-18T11:57:29Z
57852,Fumària enfiladissa,ca,"Catalunya, ES | Cataluña, ES","",,Catalan,Jacobo Krauel,2024-12-18T12:00:18Z
204391,flor de la fam,ca,"","",,Catalan,Alba Rovira,2024-12-18T17:18:10Z
82675,Herba setge,ca,"Cataluña, ES | Catalunya, ES","",,Catalan,Jacobo Krauel,2024-12-19T09:05:01Z
84278,Espargell,ca,"Cataluña, ES | Catalunya, ES","",,Catalan,Jacobo Krauel,2024-12-19T09:13:14Z
62397,Eufràsia,ca,"Cataluña, ES | Catalunya, ES","",,Catalan,Jacobo Krauel,2024-12-19T09:18:29Z
219363,Llinària rovellenca,ca,"Cataluña, ES | Catalunya, ES","",,Catalan,Jacobo Krauel,2024-12-19T09:33:20Z
1401515,Herba poma,ca,"Catalunya, ES | Cataluña, ES","",,Catalan,Jacobo Krauel,2024-12-19T09:41:02Z
209637,Lluqueta,ca,"Catalunya, ES | Cataluña, ES","",,Catalan,Jacobo Krauel,2024-12-19T10:19:43Z
56077,Herba de Sant Joan,ca,"Cataluña, ES | Catalunya, ES | Islas Baleares, ES","",,Catalan,Jacobo Krauel,2024-12-19T10:30:35Z
82838,múria,ca,"","",,Catalan,Jacobo Krauel,2024-12-19T10:41:13Z
512366,Conillets blancs,ca,"Catalunya, ES | Cataluña, ES","",,Catalan,Jacobo Krauel,2024-12-19T10:51:27Z
208966,Crespinell glauc,ca,"Cataluña, ES | Catalunya, ES","",,Catalan,Jacobo Krauel,2024-12-19T11:39:11Z
60887,Conillet de penya,ca,"Cataluña, ES | Catalunya, ES","",,Catalan,Jacobo Krauel,2024-12-19T11:42:10Z
61480,Sabonera de muntanya,ca,"Cataluña, ES | Catalunya, ES","",,Catalan,Jacobo Krauel,2024-12-19T11:58:28Z
60476,Armèria alpina,ca,"Catalunya, ES | Cataluña, ES","",,Catalan,Jacobo Krauel,2024-12-19T12:15:09Z
467677,Herba freixurera,ca,"Cataluña, ES | Catalunya, ES","",,Catalan,Jacobo Krauel,2024-12-19T12:19:23Z
485898,Indianeta,ca,"Catalunya, ES | Cataluña, ES","",,Catalan,Jacobo Krauel,2024-12-19T12:22:55Z
341987,Clavell valencià,ca,"Catalunya, ES | Cataluña, ES","",,Catalan,Jacobo Krauel,2024-12-19T12:33:11Z
56865,Obriülls,ca,"Catalunya, ES | Cataluña, ES","",,Catalan,Jacobo Krauel,2024-12-20T09:49:19Z
118836,Cardot,ca,"Catalunya, ES | Cataluña, ES","",,Catalan,Jacobo Krauel,2024-12-20T10:01:56Z
61009,Pèsol silvestre,ca,"Cataluña, ES | Catalunya, ES","",,Catalan,Jacobo Krauel,2024-12-20T10:52:15Z
207702,Espunyidella prima,ca,"Catalunya, ES | Cataluña, ES","",,Catalan,Jacobo Krauel,2024-12-20T11:11:49Z
705710,Corniol dels Ports,ca,"Cataluña, ES | Catalunya, ES","",,Catalan,Jacobo Krauel,2024-12-20T11:17:56Z
82854,Gèum de bosc,ca,"Cataluña, ES | Catalunya, ES","",,Catalan,Jacobo Krauel,2024-12-20T11:21:55Z
484681,Melcoratge tomentós,ca,"Cataluña, ES | Catalunya, ES","",,Catalan,Jacobo Krauel,2024-12-20T11:30:57Z
485757,Acabacases,ca,"Cataluña, ES | Catalunya, ES","",,Catalan,Jacobo Krauel,2024-12-20T11:32:56Z
63337,Falaris,ca,"Catalunya, ES | Cataluña, ES","",,Catalan,Jacobo Krauel,2024-12-20T12:12:30Z
491058,Allassa,ca,"Catalunya, ES | Cataluña, ES","",,Catalan,Jacobo Krauel,2024-12-20T12:15:09Z
55798,Tulipa silvestre,ca,"Catalunya, ES | Cataluña, ES","",,Catalan,Jacobo Krauel,2024-12-20T12:17:52Z
170939,Àlber gris,ca,"","",,Catalan,Izan Lopez Vergel,2024-12-22T16:59:42Z
1500721,Castanyó,ca,"","",,Catalan,Izan Lopez Vergel,2024-12-23T12:06:48Z
324556,Pop mesquer,ca,"","",,Catalan,Izan Lopez Vergel,2024-12-23T12:16:17Z
1596896,Roncador crioll,ca,"","",https://www.inaturalist.org/taxon_names/3374671/edit,Catalan,,2024-12-23T19:49:08Z
115167,Peix espasa,ca,"","","Philips TK, Moretto P (2025) Revision of the genus _Pseudopedaria_ Felsche, 1904, with descriptions of three new species and a subspecies from Central Africa (Coleoptera: Scarabaeinae: Coprini). Catharsius La Revue (N.S.) 5: 1–26. doi:10.5281/zenodo.17036002.",Catalan,,2024-12-27T01:48:37Z
47230,Sorell castanyola,ca,"","","Philips TK, Moretto P (2025) Revision of the genus _Pseudopedaria_ Felsche, 1904, with descriptions of three new species and a subspecies from Central Africa (Coleoptera: Scarabaeinae: Coprini). Catharsius La Revue (N.S.) 5: 1–26. doi:10.5281/zenodo.17036002.",Catalan,,2024-12-28T14:17:02Z
57308,Galavars,ca,"","",,Catalan,Jacobo Krauel,2024-12-30T07:39:04Z
47866,tomísids,ca,"","",,Catalan,Stuart Longhorn,2025-01-01T01:46:18Z
1591537,rosella alpina,ca,"","",https://www.inaturalist.org/taxon_names/3686298/edit,Catalan,,2025-01-07T21:53:36Z
1600636,sacorrell bord,ca,"","",https://www.inaturalist.org/taxon_names/3797554/edit,Catalan,,2025-01-12T04:11:35Z
7024,Èider comú,ca,"Cataluña, ES | Catalunya, ES","",,Catalan,Jacobo Krauel,2025-01-23T10:24:47Z
850858,Ànec fosc eurasiàtic,ca,"Catalunya, ES | Cataluña, ES","",,Catalan,Jacobo Krauel,2025-01-23T10:28:26Z
7004,Bec de serra gros,ca,"Catalunya, ES | Cataluña, ES","",,Catalan,Jacobo Krauel,2025-01-23T10:40:35Z
1603657,Avet del Montseny,ca,"","",,Catalan,Izan Lopez Vergel,2025-01-26T08:29:20Z
518424,Milfills,ca,"","",,Catalan,Izan Lopez Vergel,2025-01-28T16:23:03Z
509582,Bolig,ca,"","",,Catalan,Izan Lopez Vergel,2025-01-28T16:28:02Z
53097,Citró,ca,"","",,Catalan,Izan Lopez Vergel,2025-01-28T16:31:02Z
514012,Blet de paret,ca,"","",,Catalan,Izan Lopez Vergel,2025-01-28T16:31:57Z
131201,Tora blava,ca,"","",,Catalan,Izan Lopez Vergel,2025-01-28T16:41:54Z
1604936,Sageta negra,ca,"","",https://www.inaturalist.org/taxon_names/2109726/edit,Catalan,,2025-02-04T22:32:41Z
131201,acònit,ca,"","",,Catalan,Wolfgang Jauch,2025-02-08T17:00:31Z
54329,Caputxina,ca,"","",,Catalan,Izan Lopez Vergel,2025-02-09T10:16:37Z
1606825,Coure violeta,ca,"","",https://www.inaturalist.org/taxon_names/2109979/edit,Catalan,,2025-02-10T01:38:50Z
1517731,Surí,ca,"","",,Catalan,Izan Lopez Vergel,2025-02-10T19:11:21Z
158103,Sisal,ca,"","",,Catalan,Izan Lopez Vergel,2025-02-13T09:16:19Z
63379,Mimosa de cuc,ca,"","",,Catalan,Izan Lopez Vergel,2025-02-13T10:59:19Z
75603,Esparreguera de Sprenger,ca,"","",,Catalan,Izan Lopez Vergel,2025-02-13T11:36:06Z
349786,Evònim del Japó,ca,"","",,Catalan,Izan Lopez Vergel,2025-02-13T11:47:08Z
162214,Eleagne punxent,ca,"","",,Catalan,Izan Lopez Vergel,2025-02-13T11:49:37Z
60107,Mesem fi,ca,"","",,Catalan,Izan Lopez Vergel,2025-02-13T12:59:44Z
127306,Glicina,ca,"","",,Catalan,Izan Lopez Vergel,2025-02-13T14:45:09Z
51454,Flor de la passió,ca,"","",,Catalan,Izan Lopez Vergel,2025-02-13T14:52:04Z
75995,Gessamí de Virgínia,ca,"","",,Catalan,Izan Lopez Vergel,2025-02-13T14:53:17Z
60295,Gram d'aigua,ca,"","",,Catalan,Izan Lopez Vergel,2025-02-13T14:56:41Z
76791,Eleusina,ca,"","",,Catalan,Izan Lopez Vergel,2025-02-13T15:02:58Z
181610,Lletera del Cap,ca,"","",,Catalan,Izan Lopez Vergel,2025-02-13T15:06:00Z
1607980,Erígeron aragonès,ca,"","",https://www.inaturalist.org/taxon_names/3381876/edit,Catalan,,2025-02-15T14:44:01Z
472794,Barrinadora de les Palmeres,ca,"","",,Catalan,Izan Lopez Vergel,2025-02-16T11:38:38Z
335785,Caparreta vermella de l'opuntia,ca,"","",,Catalan,Izan Lopez Vergel,2025-02-16T11:40:42Z
61293,Processonal dels pins,ca,"Maresme, CT, ES | Selva, ES","",,Catalan,Izan Lopez Vergel,2025-02-16T19:34:15Z
57469,Abelleres,ca,"","",,Catalan,Izan Lopez Vergel,2025-02-16T19:34:50Z
343495,Heura d'Algèria,ca,"","",,Catalan,Izan Lopez Vergel,2025-02-16T19:35:52Z
53103,Peluda,ca,"","",,Catalan,Izan Lopez Vergel,2025-02-16T19:38:35Z
55631,Trèvol negre,ca,"","",,Catalan,Izan Lopez Vergel,2025-02-16T19:39:06Z
118535,Ceba marina,ca,"","",,Catalan,Izan Lopez Vergel,2025-02-16T19:41:44Z
55576,Líquen de Pa d'Or,ca,"","",,Catalan,Izan Lopez Vergel,2025-02-20T18:08:09Z
54573,Ventall de branca,ca,"","",,Catalan,Izan Lopez Vergel,2025-02-20T18:09:10Z
605693,Puput eurasiàtica,ca,"","",,Catalan,Izan Lopez Vergel,2025-02-20T18:10:35Z
53858,Patatera,ca,"","",,Catalan,Izan Lopez Vergel,2025-02-20T18:11:36Z
170461,Auró de Freeman,ca,"","",,Catalan,Izan Lopez Vergel,2025-02-20T18:13:29Z
181635,Margarida,ca,"","",,Catalan,Izan Lopez Vergel,2025-02-20T18:14:13Z
169309,Espiguera de camp,ca,"","",,Catalan,Izan Lopez Vergel,2025-02-20T18:16:02Z
337559,Cotxa fumada occidental,ca,"","",,Catalan,Izan Lopez Vergel,2025-02-20T18:17:39Z
1367002,Nesprer,ca,"","",,Catalan,Izan Lopez Vergel,2025-02-20T18:18:47Z
464394,Garsa comuna eurasiàtica,ca,"","",,Catalan,Izan Lopez Vergel,2025-02-20T18:20:13Z
729201,Cercavores occidental,ca,"","",,Catalan,Izan Lopez Vergel,2025-02-20T18:21:51Z
337700,Cuereta blanca europea,ca,"","",,Catalan,Izan Lopez Vergel,2025-02-20T18:23:58Z
727684,Mallerenga carbonera eurasiàtica,ca,"","",,Catalan,Izan Lopez Vergel,2025-02-20T18:24:21Z
702706,Tord comú eurasiàtic,ca,"","",,Catalan,Izan Lopez Vergel,2025-02-20T18:25:09Z
509317,Garsa ibèrica,ca,"","",,Catalan,Izan Lopez Vergel,2025-02-20T18:25:31Z
726480,Cuereta torrentera eurasiàtica,ca,"","",,Catalan,Izan Lopez Vergel,2025-02-20T18:25:59Z
504779,Agró blanc eurasiàtic,ca,"","",,Catalan,Izan Lopez Vergel,2025-02-20T18:26:27Z
341569,Merla d'Europa occidental,ca,"","",,Catalan,Izan Lopez Vergel,2025-02-20T18:26:50Z
547051,Tallarol de casquet europeu,ca,"","",,Catalan,Izan Lopez Vergel,2025-02-20T18:27:08Z
728381,Mosquiter comú europeu,ca,"","",,Catalan,Izan Lopez Vergel,2025-02-20T18:28:25Z
342112,Pit-roig eurasiàtic,ca,"","",,Catalan,Izan Lopez Vergel,2025-02-20T18:28:42Z
124821,Tudó europeu,ca,"","",,Catalan,Izan Lopez Vergel,2025-02-20T18:29:16Z
727720,Pardal xarrec eurasiàtic,ca,"","",,Catalan,Izan Lopez Vergel,2025-02-20T18:30:05Z
723691,Xoriguer eurasiàtic,ca,"","",,Catalan,Izan Lopez Vergel,2025-02-20T18:30:51Z
1289961,Tallarol capnegre mediterrani,ca,"","",,Catalan,Izan Lopez Vergel,2025-02-20T18:31:10Z
722264,Mallerenga blava europea,ca,"","",,Catalan,Izan Lopez Vergel,2025-02-20T18:33:41Z
120479,Oca vulgar domèstica,ca,"","",,Catalan,Izan Lopez Vergel,2025-02-20T18:34:37Z
353304,Oreneta vulgar europea,ca,"","",,Catalan,Izan Lopez Vergel,2025-02-20T18:35:13Z
1505504,Ballester europeu,ca,"","",,Catalan,Izan Lopez Vergel,2025-02-20T18:36:01Z
709365,Bruel europeu,ca,"","",,Catalan,Izan Lopez Vergel,2025-02-20T18:36:23Z
342080,Cadernera espanyola,ca,"","",,Catalan,Izan Lopez Vergel,2025-02-20T18:36:40Z
711039,Gaig ibèric,ca,"","",,Catalan,Izan Lopez Vergel,2025-02-20T18:37:31Z
204640,Polla d'aigua eurasiàtica,ca,"","",,Catalan,Izan Lopez Vergel,2025-02-20T18:37:50Z
468039,Ànec collverd salvatge,ca,"","",,Catalan,Izan Lopez Vergel,2025-02-20T18:38:29Z
727707,Pardal mediterrani,ca,"","",,Catalan,Izan Lopez Vergel,2025-02-20T18:38:51Z
725658,Rossinyol europeu,ca,"","",,Catalan,Izan Lopez Vergel,2025-02-20T18:41:38Z
721186,Cigonya blanca europea,ca,"","",,Catalan,Izan Lopez Vergel,2025-02-20T18:42:32Z
721386,Trist occidental,ca,"","",,Catalan,Izan Lopez Vergel,2025-02-20T18:43:37Z
491311,Corb marí gros continental,ca,"","",,Catalan,Izan Lopez Vergel,2025-02-20T18:44:00Z
516831,Martinet blanc eurasiàtic,ca,"","",,Catalan,Izan Lopez Vergel,2025-02-20T18:44:21Z
720797,Rossinyol bord mediterrani,ca,"","",,Catalan,Izan Lopez Vergel,2025-02-20T18:44:40Z
629606,Mallerenga cuallarga grega,ca,"","",,Catalan,Izan Lopez Vergel,2025-02-20T18:45:05Z
333285,Bernat pescaire comú,ca,"","",,Catalan,Izan Lopez Vergel,2025-02-20T18:45:26Z
542536,Picot garser gros ibèric,ca,"","",,Catalan,Izan Lopez Vergel,2025-02-20T18:45:51Z
720742,Raspinell oriental,ca,"","",,Catalan,Izan Lopez Vergel,2025-02-20T18:48:22Z
236821,Pinsà comú eurasiàtic,ca,"","",,Catalan,Izan Lopez Vergel,2025-02-20T18:48:39Z
725535,Mallerenga emplomallada centreeuropea,ca,"","",,Catalan,Izan Lopez Vergel,2025-02-20T18:49:34Z
465661,Gavià argentat atlàntic,ca,"","",,Catalan,Izan Lopez Vergel,2025-02-20T18:49:59Z
515495,Cornella negra occidental,ca,"","",,Catalan,Izan Lopez Vergel,2025-02-20T18:51:43Z
1584188,Corriol petit eurasiàtic,ca,"","",,Catalan,Izan Lopez Vergel,2025-02-20T18:51:59Z
295630,Gamba vermella,ca,"","",,Catalan,Izan Lopez Vergel,2025-02-25T07:06:47Z
1053987,Cabirol europeu,ca,"","",,Catalan,Izan Lopez Vergel,2025-02-27T11:54:45Z
159600,Mostallola,ca,"","",,Catalan,Izan Lopez Vergel,2025-03-02T12:45:10Z
467521,coixí de monja,ca,"","",,Catalan,Alba Rovira,2025-03-08T08:17:10Z
133031,fetgera daurada,ca,"","",,Catalan,Joan Simon,2025-03-11T22:02:08Z
501208,Malva de runa,ca,"","",,Catalan,Izan Lopez Vergel,2025-03-22T11:24:20Z
428049,Flor de serp,ca,"","",,Catalan,Izan Lopez Vergel,2025-03-22T11:27:24Z
244407,Xinxa Assassina Nord-americana,ca,"","",,Catalan,Izan Lopez Vergel,2025-03-28T12:18:09Z
60105,Mesen taronja,ca,"","",,Catalan,Izan Lopez Vergel,2025-03-30T16:55:13Z
61774,All d'olor,ca,"","",,Catalan,Izan Lopez Vergel,2025-03-30T16:57:51Z
60987,Cervellina,ca,"","",,Catalan,Izan Lopez Vergel,2025-03-30T17:00:01Z
53151,Melgó de llapassa,ca,"","",,Catalan,Izan Lopez Vergel,2025-03-30T17:02:11Z
57056,Melgó menut,ca,"","",,Catalan,Izan Lopez Vergel,2025-03-30T17:02:47Z
164517,Morritort de fulla estreta,ca,"","",,Catalan,Izan Lopez Vergel,2025-03-30T17:03:35Z
486261,Asprella,ca,"","",,Catalan,Izan Lopez Vergel,2025-03-30T17:05:40Z
202988,Boga petita,ca,"","",,Catalan,Izan Lopez Vergel,2025-03-30T17:07:20Z
400464,Càrex de riba,ca,"","",,Catalan,Izan Lopez Vergel,2025-03-30T17:08:33Z
480754,Càrex vulpina,ca,"","",,Catalan,Izan Lopez Vergel,2025-03-30T17:09:38Z
77290,Glicèria,ca,"","",,Catalan,Izan Lopez Vergel,2025-03-30T17:11:22Z
168628,Jonc d'estany,ca,"","",,Catalan,Izan Lopez Vergel,2025-03-30T17:12:35Z
56153,Jonc d'estores,ca,"","",,Catalan,Izan Lopez Vergel,2025-03-30T17:13:05Z
1557189,Lliri d'aigua,ca,"","",,Catalan,Izan Lopez Vergel,2025-03-30T17:15:21Z
84160,Lotus americà,ca,"","",,Catalan,Izan Lopez Vergel,2025-03-30T17:16:23Z
77990,Menta d'aigua,ca,"","",,Catalan,Izan Lopez Vergel,2025-03-30T17:17:00Z
62009,Nenúfar blanc,ca,"","",,Catalan,Izan Lopez Vergel,2025-03-30T17:17:48Z
57850,Nenúfar groc,ca,"","",,Catalan,Izan Lopez Vergel,2025-03-30T17:18:15Z
161469,Papir,ca,"","",,Catalan,Izan Lopez Vergel,2025-03-30T17:18:45Z
208766,Paraigüets,ca,"","",,Catalan,Izan Lopez Vergel,2025-03-30T17:19:15Z
335049,Plantatge d'aigua,ca,"","",,Catalan,Izan Lopez Vergel,2025-03-30T17:19:53Z
52599,Pontedèria,ca,"","",,Catalan,Izan Lopez Vergel,2025-03-30T17:20:54Z
324005,Ranuncle de canyissar,ca,"","",,Catalan,Izan Lopez Vergel,2025-03-30T17:21:52Z
76225,Dama de nit,ca,"","",,Catalan,Izan Lopez Vergel,2025-03-31T10:17:56Z
83056,Camèlia,ca,"","",,Catalan,Izan Lopez Vergel,2025-03-31T10:20:43Z
57010,Cistàcies,ca,"","",,Catalan,Salvador Prat Oller,2025-04-14T10:48:25Z
339365,Escopinya de gallet,ca,"","",,Catalan,Izan Lopez Vergel,2025-04-15T05:30:43Z
51271,Tortuga d'orelles vermelles,ca,"","",,Catalan,Izan Lopez Vergel,2025-04-15T19:38:15Z
56739,Ricí,ca,"","",,Catalan,Izan Lopez Vergel,2025-04-15T19:41:06Z
55892,Violer groc,ca,"","",,Catalan,Izan Lopez Vergel,2025-04-16T05:30:22Z
82669,Silene acolorida,ca,"","",,Catalan,Izan Lopez Vergel,2025-04-16T05:31:17Z
363963,Escopinya verrucosa,ca,"","",,Catalan,Izan Lopez Vergel,2025-04-16T05:32:17Z
343592,Rovell de la malva,ca,"","",,Catalan,Izan Lopez Vergel,2025-04-16T05:33:49Z
704638,Oca vulgar europea,ca,"","",,Catalan,Izan Lopez Vergel,2025-04-16T05:41:13Z
631322,Agró roig occidental,ca,"","",,Catalan,Izan Lopez Vergel,2025-04-16T05:41:47Z
556361,Canyís europeu,ca,"","",,Catalan,Izan Lopez Vergel,2025-04-16T05:42:32Z
512826,Cabussó emplomallat eurasiàtic,ca,"","",,Catalan,Izan Lopez Vergel,2025-04-16T05:43:18Z
718535,Ànec griset comú,ca,"","",,Catalan,Izan Lopez Vergel,2025-04-16T05:43:53Z
44540,Rates,ca,"","",,Catalan,Izan Lopez Vergel,2025-04-16T05:47:26Z
337558,Fotja eurasiàtica,ca,"","",,Catalan,Izan Lopez Vergel,2025-04-16T05:47:48Z
524386,Àliga pescadora del Paleàrtic,ca,"","",,Catalan,Izan Lopez Vergel,2025-04-16T05:50:57Z
47336,Formigues,ca,"","",,Catalan,Izan Lopez Vergel,2025-04-16T06:18:11Z
127021,Txaga,ca,"","",,Catalan,Enric Gràcia i Barba,2025-04-22T11:48:30Z
333672,Aristolòquia rodona,ca,"","",,Catalan,Jacobo Krauel,2025-04-27T06:17:15Z
451456,"Territjol, Lotus baleàric",ca,"Islas Baleares, ES","",,Catalan,jaume,2025-04-30T09:14:27Z
170331,Glicina del Japó,ca,"","",,Catalan,Izan Lopez Vergel,2025-05-01T13:32:12Z
1505857,Corriol camanegre occidental,ca,"","",,Catalan,Izan Lopez Vergel,2025-05-04T09:59:10Z
85063,Herba verda,ca,"","",,Catalan,Izan Lopez Vergel,2025-05-04T10:01:44Z
740984,Cucut de rec,ca,"","",,Catalan,Izan Lopez Vergel,2025-05-04T10:04:29Z
61821,Veçot,ca,"","",,Catalan,Izan Lopez Vergel,2025-05-04T10:05:27Z
60232,Llengua bovina,ca,"","",,Catalan,Izan Lopez Vergel,2025-05-04T10:06:14Z
52703,Cua de guilla,ca,"","",,Catalan,Izan Lopez Vergel,2025-05-04T10:08:25Z
792216,Herba de la pulmonia,ca,"","",,Catalan,Izan Lopez Vergel,2025-05-04T10:11:22Z
341158,Seneci lívid,ca,"","",,Catalan,Izan Lopez Vergel,2025-05-04T10:13:01Z
52707,Blat de formiga,ca,"","",,Catalan,Izan Lopez Vergel,2025-05-04T10:14:00Z
53212,Molinets,ca,"","",,Catalan,Izan Lopez Vergel,2025-05-04T10:14:44Z
370492,Lantana comuna,ca,"","",,Catalan,Izan Lopez Vergel,2025-05-04T10:15:25Z
79013,Escrofulària,ca,"","",,Catalan,Oriol Sastre,2025-05-05T18:57:16Z
194133,Aranya saltadora,ca,"","",,Catalan,Izan Lopez Vergel,2025-05-10T06:50:46Z
126765,Tinya de la Col,ca,"","",,Catalan,Izan Lopez Vergel,2025-05-10T07:43:34Z
697809,Falciot negre europeu,ca,"","",,Catalan,Izan Lopez Vergel,2025-05-14T07:21:13Z
1623773,solorina saccata,ca,"","",https://www.inaturalist.org/taxon_names/2769753/edit,Catalan,,2025-05-19T14:01:56Z
1624584,"Peixos maori, Peixos llapis i Falsos peixos lloro",ca,"","",https://www.inaturalist.org/taxon_names/3365846/edit,Catalan,,2025-05-22T16:13:04Z
516508,Peixos lloro,ca,"","",https://www.inaturalist.org/taxon_names/3365847/edit,Catalan,,2025-05-23T08:56:06Z
337685,Magraneta,ca,"","",,Catalan,Izan Lopez Vergel,2025-05-27T18:00:54Z
336697,Tigressa de punts crema,ca,"","",,Catalan,Izan Lopez Vergel,2025-05-27T18:05:56Z
371834,Argelagó,ca,"","",,Catalan,Izan Lopez Vergel,2025-05-27T18:06:45Z
521101,estepa joana,ca,"","",,Catalan,Salvador Prat Oller,2025-05-27T18:53:02Z
121237,Panerola rossa,ca,"","",,Catalan,Izan Lopez Vergel,2025-05-27T21:08:52Z
58086,Sisimbri oriental,ca,"","",,Catalan,Izan Lopez Vergel,2025-05-27T21:34:13Z
130218,Pentecosta de Champagneux,ca,"","",,Catalan,Izan Lopez Vergel,2025-05-27T21:34:55Z
496092,Canonges,ca,"","",,Catalan,Izan Lopez Vergel,2025-05-27T21:36:25Z
83072,Lilà,ca,"","",,Catalan,Izan Lopez Vergel,2025-05-27T21:37:05Z
136894,Avet del Caucas,ca,"","",,Catalan,Izan Lopez Vergel,2025-05-27T21:38:00Z
334575,Corretjola cantàbrica,ca,"","",,Catalan,Izan Lopez Vergel,2025-05-27T21:39:19Z
56830,Múrgoles,ca,"","",,Catalan,Izan Lopez Vergel,2025-05-27T21:39:47Z
64265,Melgó d'estormia,ca,"","",,Catalan,Izan Lopez Vergel,2025-05-28T10:52:48Z
67328,Aranya de Cames Llargues,ca,"","",,Catalan,Izan Lopez Vergel,2025-05-28T10:53:18Z
544086,Talictre tuberós,ca,"","",,Catalan,Izan Lopez Vergel,2025-05-28T10:55:39Z
1057754,Fagina europea,ca,"","",,Catalan,Izan Lopez Vergel,2025-05-28T10:59:01Z
332502,Alzinenc,ca,"","",,Catalan,Izan Lopez Vergel,2025-05-28T11:00:24Z
1585644,Cassoleta blava,ca,"","",,Catalan,Izan Lopez Vergel,2025-05-28T11:02:18Z
83004,Tomaní,ca,"","",,Catalan,Izan Lopez Vergel,2025-05-28T11:03:07Z
1102658,Teixó europeu,ca,"","",,Catalan,Izan Lopez Vergel,2025-05-28T11:04:12Z
29451,Serp verda occidental,ca,"","",,Catalan,Izan Lopez Vergel,2025-05-28T11:04:51Z
122911,All romà,ca,"","",,Catalan,Izan Lopez Vergel,2025-05-28T11:05:43Z
151792,Aranya Violinista Mediterrània,ca,"","",,Catalan,Izan Lopez Vergel,2025-05-28T11:06:38Z
1628098,Hibisc de la Xina,ca,"","",https://www.inaturalist.org/taxon_names/3900048/edit,Catalan,Víctor de Paiva,2025-05-30T05:16:44Z
319122,Campanera blava,ca,"","",,Catalan,Izan Lopez Vergel,2025-06-04T17:02:27Z
164272,Jonc marí,ca,"","",,Catalan,Izan Lopez Vergel,2025-06-04T17:06:34Z
60294,Foliür,ca,"","",,Catalan,Izan Lopez Vergel,2025-06-04T17:08:55Z
514939,Ensopegall,ca,"","",,Catalan,Izan Lopez Vergel,2025-06-04T17:09:44Z
200930,Barrinador de la Fusta,ca,"","",,Catalan,Izan Lopez Vergel,2025-06-04T17:12:38Z
734863,Alga assassina,ca,"","",,Catalan,Izan Lopez Vergel,2025-06-04T17:13:56Z
1286606,Orelles,ca,"","",,Catalan,Izan Lopez Vergel,2025-06-04T17:14:27Z
167999,Kelèria,ca,"","",,Catalan,Izan Lopez Vergel,2025-06-04T17:16:12Z
120255,Pinets,ca,"","",,Catalan,Izan Lopez Vergel,2025-06-04T17:16:54Z
1629047,Tòtil mediterrani,ca,"","",https://www.inaturalist.org/taxon_names/2509614/edit,Catalan,,2025-06-05T15:15:16Z
559059,Milà negre occidental,ca,"","",,Catalan,Izan Lopez Vergel,2025-06-07T15:32:56Z
210401,Rater gris ibèric,ca,"","",,Catalan,Izan Lopez Vergel,2025-06-13T07:33:43Z
59254,all junciforme,ca,"","",,Catalan,Joan Simon,2025-06-15T09:02:46Z
59254,cibulet,ca,"","",,Catalan,Joan Simon,2025-06-15T09:03:59Z
165653,pèl caní,ca,"","",,Catalan,Joan Simon,2025-06-15T11:39:41Z
125396,Fulles,ca,"","",,Catalan,Izan Lopez Vergel,2025-06-16T15:31:55Z
53723,Calocedre de Califòrnia,ca,"","",,Catalan,Izan Lopez Vergel,2025-06-16T15:32:39Z
83468,Caquier,ca,"","",,Catalan,Izan Lopez Vergel,2025-06-16T15:33:12Z
54050,Crepis capil·lar,ca,"","",,Catalan,Izan Lopez Vergel,2025-06-16T15:34:01Z
64323,Margalló de la Xina,ca,"","",,Catalan,Izan Lopez Vergel,2025-06-16T15:34:52Z
82663,Repunxó,ca,"","",,Catalan,Izan Lopez Vergel,2025-06-16T15:35:30Z
51754,Lli de Nova Zelanda,ca,"","",,Catalan,Izan Lopez Vergel,2025-06-16T15:36:01Z
70260,Murtra africana,ca,"","",,Catalan,Izan Lopez Vergel,2025-06-16T15:36:31Z
142279,Setembrines,ca,"","",,Catalan,Izan Lopez Vergel,2025-06-16T15:38:47Z
1630712,Peix esquirol fosc,ca,"","",https://www.inaturalist.org/taxon_names/3367084/edit,Catalan,,2025-06-16T16:15:09Z
1630713,Peix esquirol de taca negra,ca,"","",https://www.inaturalist.org/taxon_names/3367094/edit,Catalan,,2025-06-16T16:18:28Z
55022,Herba de l’alegria,ca,"","",,Catalan,Izan Lopez Vergel,2025-06-17T18:42:50Z
55787,Aranya Caçadora,ca,"","",,Catalan,Izan Lopez Vergel,2025-06-17T18:45:01Z
167973,Creixen silvestre,ca,"","",,Catalan,Izan Lopez Vergel,2025-06-17T18:48:13Z
53104,Herba del falcó,ca,"","",,Catalan,Izan Lopez Vergel,2025-06-17T18:50:27Z
127186,Coroneta rosa,ca,"","",,Catalan,Izan Lopez Vergel,2025-06-17T19:14:11Z
55724,consolda major,ca,"","",,Catalan,Alba Rovira,2025-06-20T08:43:26Z
125787,guixó de prat,ca,"","",,Catalan,Alba Rovira,2025-06-20T08:45:29Z
495238,salenca vimetera,ca,"","",,Catalan,Alba Rovira,2025-06-20T08:48:25Z
539116,tora pirinenca,ca,"","",,Catalan,Alba Rovira,2025-06-20T08:57:38Z
764985,sorolla,ca,"","",,Catalan,Alba Rovira,2025-06-20T09:04:27Z
166253,pedicularis verticil·lada,ca,"","",,Catalan,Alba Rovira,2025-06-20T09:08:17Z
169753,serpoll,ca,"","",,Catalan,Alba Rovira,2025-06-20T09:14:06Z
133159,conillets,ca,"","",,Catalan,Alba Rovira,2025-06-20T09:16:12Z
133146,pulsatil·la de prat,ca,"","",,Catalan,Alba Rovira,2025-06-20T09:18:46Z
59747,làrix,ca,"","",,Catalan,Alba Rovira,2025-06-20T09:19:46Z
468754,Nigritel·la d'Àustria,ca,"","",,Catalan,Joan Simon,2025-06-21T15:43:31Z
160162,comí de prat,ca,"","",,Catalan,Joan Simon,2025-06-21T18:11:40Z
119608,Caragolina,ca,"","",,Catalan,Izan Lopez Vergel,2025-06-22T06:02:48Z
76746,Te bord,ca,"","",,Catalan,Izan Lopez Vergel,2025-06-24T05:46:08Z
1197769,Estepa d'arenal,ca,"","",,Catalan,Izan Lopez Vergel,2025-06-26T06:37:14Z
82731,Ginesta vimenera,ca,"","",,Catalan,Izan Lopez Vergel,2025-06-28T14:48:24Z
33603,Dragó ibèric,ca,"","",,Catalan,Izan Lopez Vergel,2025-06-29T11:00:30Z
39984,Tortuga de rierol mediterrània,ca,"","",,Catalan,Izan Lopez Vergel,2025-06-29T11:01:49Z
35628,Sargantana roquera francesa,ca,"","",,Catalan,Izan Lopez Vergel,2025-06-29T11:02:45Z
39875,Tortuga d'estany francoitaliana,ca,"","",,Catalan,Izan Lopez Vergel,2025-06-29T11:04:06Z
40043,Tortuga Mediterrània Occidental,ca,"","",,Catalan,Izan Lopez Vergel,2025-06-29T11:04:52Z
116220,Fardatxo,ca,"","",,Catalan,Izan Lopez Vergel,2025-06-29T11:11:47Z
56019,Flor de l'amor,ca,"","",,Catalan,Izan Lopez Vergel,2025-06-29T11:46:06Z
126236,Xirimoier,ca,"","",,Catalan,Izan Lopez Vergel,2025-06-29T11:47:25Z
64541,Clavell de bosc,ca,"","",,Catalan,Izan Lopez Vergel,2025-06-29T11:49:06Z
58822,Olivardó,ca,"","",,Catalan,Izan Lopez Vergel,2025-06-29T11:52:39Z
83435,Persimó,ca,"","",,Catalan,Izan Lopez Vergel,2025-06-29T11:53:34Z
54516,"Bròquil, coliflor i col",ca,"","",,Catalan,Izan Lopez Vergel,2025-06-29T14:29:53Z
540247,Fardatxo bètic,ca,"","",,Catalan,Izan Lopez Vergel,2025-06-29T14:41:25Z
138458,Garlanda,ca,"","",,Catalan,neuspip,2025-06-30T10:56:40Z
451784,Dereòcor roig,ca,"","",,Catalan,neuspip,2025-06-30T11:01:39Z
179305,Rafiolepis de la Xina,ca,"","",,Catalan,Izan Lopez Vergel,2025-07-03T06:15:14Z
39659,Tortuga Verda,ca,"","",,Catalan,Izan Lopez Vergel,2025-07-04T09:15:14Z
424973,falguereta de cingle,ca,"","",,Catalan,Salvador Prat Oller,2025-07-04T18:06:55Z
722558,Oreneta cuablanca mediterrània,ca,"","",,Catalan,Izan Lopez Vergel,2025-07-05T15:35:30Z
324587,Fil·loxera de la vinya,ca,"","",,Catalan,Izan Lopez Vergel,2025-07-06T13:41:43Z
52785,Abella gegant de la resina,ca,"","",,Catalan,Izan Lopez Vergel,2025-07-12T06:55:00Z
992310,Llagostí cafè,ca,"","",,Catalan,Izan Lopez Vergel,2025-07-12T16:34:40Z
48225,Rosella de Califòrnia,ca,"","",,Catalan,Izan Lopez Vergel,2025-07-14T13:10:41Z
201282,Fotja,ca,"Malgrat de Mar, CT, ES","",,Catalan,Izan Lopez Vergel,2025-07-14T13:11:41Z
482,Polla d'aigua,ca,"Malgrat de Mar, CT, ES","",,Catalan,Izan Lopez Vergel,2025-07-14T13:12:35Z
76923,Vitadínia,ca,"","",,Catalan,Izan Lopez Vergel,2025-07-18T06:24:11Z
470353,Escarabat de Nit,ca,"","",,Catalan,Izan Lopez Vergel,2025-07-21T18:05:57Z
164708,Festuca alta,ca,"","",,Catalan,Izan Lopez Vergel,2025-07-21T18:07:17Z
57215,Cama-roja vera,ca,"","",,Catalan,Izan Lopez Vergel,2025-07-21T18:09:55Z
551907,Savina híbrida,ca,"","",,Catalan,Izan Lopez Vergel,2025-07-21T19:40:56Z
43188,Pica Americana,ca,"","",,Catalan,neuspip,2025-07-24T05:28:10Z
255717,Estrella espinosa,ca,"","",,Catalan,Izan Lopez Vergel,2025-07-24T13:40:49Z
1636176,Cortinari gros,ca,"Catalunya, ES","",https://www.inaturalist.org/taxon_names/3711516/edit,Catalan,,2025-07-24T23:38:03Z
1050978,Blada de fulla petita,ca,"","",,Catalan,Izan Lopez Vergel,2025-07-26T13:27:05Z
75417,Siscla,ca,"","",,Catalan,Izan Lopez Vergel,2025-07-26T14:24:24Z
1196065,Rementerola,ca,"","",,Catalan,Izan Lopez Vergel,2025-07-30T06:06:51Z
75312,Pallenc,ca,"","",,Catalan,Izan Lopez Vergel,2025-07-30T06:08:46Z
135778,Pi de Turquia,ca,"","",,Catalan,Izan Lopez Vergel,2025-07-31T14:56:41Z
204776,Sorell déntol,ca,"","",,Catalan,Izan Lopez Vergel,2025-07-31T18:33:03Z
194885,Ruvet,ca,"","",,Catalan,Izan Lopez Vergel,2025-07-31T18:56:17Z
177104,Melva,ca,"","",,Catalan,Izan Lopez Vergel,2025-07-31T18:56:51Z
118677,Mèlvera,ca,"","",,Catalan,Izan Lopez Vergel,2025-07-31T18:57:22Z
56943,Bonítol de ventre ratllat,ca,"","",,Catalan,Izan Lopez Vergel,2025-07-31T18:57:52Z
47260,Espet gros,ca,"","",,Catalan,Izan Lopez Vergel,2025-07-31T18:58:28Z
120632,Amploia,ca,"","",,Catalan,Izan Lopez Vergel,2025-07-31T18:59:05Z
114125,Tonyina d'ulls grossos,ca,"","",,Catalan,Izan Lopez Vergel,2025-07-31T18:59:26Z
96740,Sorella del sud,ca,"","",,Catalan,Izan Lopez Vergel,2025-07-31T19:00:11Z
69675,Tonyina d'aleta groga,ca,"","",,Catalan,Izan Lopez Vergel,2025-07-31T19:01:10Z
338454,Rabosa,ca,"","",,Catalan,Izan Lopez Vergel,2025-08-03T16:16:35Z
104834,Barb comú,ca,"","",,Catalan,Izan Lopez Vergel,2025-08-03T16:23:53Z
721754,Colom roquer salvatge,ca,"","",,Catalan,Izan Lopez Vergel,2025-08-04T15:13:05Z
1290250,Corb marí emplomallat atlàntic,ca,"","",,Catalan,Izan Lopez Vergel,2025-08-05T07:01:51Z
625978,Corb marí gros de l'Atlàntic nord,ca,"","",,Catalan,Izan Lopez Vergel,2025-08-05T07:07:22Z
619672,Damisel·la blau senzilla,ca,"","",https://www.inaturalist.org/taxon_names/3355274/edit,Catalan,,2025-08-07T15:06:06Z
351301,Lleterola pàl·lida,ca,"","",,Catalan,Izan Lopez Vergel,2025-08-07T19:02:48Z
352309,Cualbra abellera gran,ca,"","",,Catalan,Izan Lopez Vergel,2025-08-07T19:04:37Z
130082,Aranya Bruna Mediterrània,ca,"","",,Catalan,neuspip,2025-08-09T05:20:22Z
12672,Moho de Kauai,ca,"","",,Catalan,Izan Lopez Vergel,2025-08-10T06:32:21Z
558682,Cargol Lluna,ca,"","",,Catalan,neuspip,2025-08-16T05:56:23Z
4093,Baldriga pufí,ca,"","",,Catalan,neuspip,2025-08-16T06:04:52Z
54919,Cogombre,ca,"","",,Catalan,neuspip,2025-08-16T06:12:30Z
4981,Martinet de nit comú,ca,"","",,Catalan,mestralet,2025-08-16T06:38:01Z
14068,Diamant escarlata ventrenegre,ca,"","",,Catalan,neuspip,2025-08-17T07:21:16Z
26068,Cocodril marí,ca,"","",,Catalan,neuspip,2025-08-17T07:23:35Z
51666,Dolicoris,ca,"","",,Catalan,neuspip,2025-08-17T07:27:13Z
8078,Àrtam ventreblanc,ca,"","",,Catalan,neuspip,2025-08-17T07:34:29Z
244276,Cua de ventall de Nova Zelanda,ca,"","",,Catalan,neuspip,2025-08-17T07:36:28Z
793286,Sit pardalenc de Nelson,ca,"","",,Catalan,neuspip,2025-08-17T07:37:58Z
480660,Herba de les palomes,ca,"","",,Catalan,neuspip,2025-08-18T06:46:56Z
326185,Flor de neu,ca,"","",,Catalan,neuspip,2025-08-18T06:53:09Z
169489,Trencadalles,ca,"","",,Catalan,Izan Lopez Vergel,2025-08-19T06:15:16Z
181590,Carabassera de cabell d'àngel,ca,"","",,Catalan,Izan Lopez Vergel,2025-08-19T06:22:17Z
1470952,Virus del mosaic de la figuera,ca,"","",,Catalan,Izan Lopez Vergel,2025-08-19T06:23:13Z
76300,Màstec,ca,"","",,Catalan,Izan Lopez Vergel,2025-08-19T06:27:44Z
903463,Oxiür,ca,"","",,Catalan,Izan Lopez Vergel,2025-08-19T16:19:46Z
79487,Berbena de Buenos Aires,ca,"","",,Catalan,Izan Lopez Vergel,2025-08-24T06:32:14Z
1591063,Camforer,ca,"","",,Catalan,Izan Lopez Vergel,2025-08-31T08:38:32Z
1596127,Ratpenat bru dels graners,ca,"Catalunya, ES","",https://www.inaturalist.org/taxon_names/819931/edit,Catalan,Sean Cozart,2025-09-02T22:12:24Z
780838,Ortiga morta,ca,"","",,Catalan,Izan Lopez Vergel,2025-09-06T07:15:09Z
49323,Bàlsams,ca,"","",,Catalan,Izan Lopez Vergel,2025-09-08T19:03:42Z
27730,Salamandra de Còrsega,ca,"","",,Catalan,Xavier Béjar,2025-09-23T09:26:53Z
117028,Mosquiter de doble ratlla,ca,"","",,Catalan,neuspip,2025-09-25T03:12:21Z
412998,Pinassa austríaca,ca,"","",,Catalan,Izan Lopez Vergel,2025-09-26T09:05:21Z
525515,Trencapinyes comú d'Europa Occidental,ca,"","",,Catalan,Izan Lopez Vergel,2025-10-18T14:14:38Z
727987,Mallerenga petita ibèrica,ca,"","",,Catalan,Izan Lopez Vergel,2025-10-18T14:15:34Z
723922,Cogullada fosca ibèrica,ca,"","",,Catalan,Izan Lopez Vergel,2025-10-18T14:17:08Z
730078,Bitxac comú continental,ca,"","",,Catalan,Izan Lopez Vergel,2025-10-18T14:18:12Z
725537,Mallerenga emplomallada ibèrica,ca,"","",,Catalan,Izan Lopez Vergel,2025-10-18T14:19:25Z
697779,Piula dels arbres migradora,ca,"","",,Catalan,Izan Lopez Vergel,2025-10-18T14:21:32Z
719800,Mussol d'Europa occidental,ca,"","",,Catalan,Izan Lopez Vergel,2025-10-18T14:22:39Z
698430,Papamosques gris comú,ca,"","",,Catalan,Izan Lopez Vergel,2025-10-18T14:28:38Z
484840,Capsigrany occidental,ca,"","",,Catalan,Izan Lopez Vergel,2025-10-18T14:29:55Z
411292,Herba pulmonària,ca,"","",,Catalan,Izan Lopez Vergel,2025-10-19T17:33:04Z
144631,Salangana de niu blanc,ca,"","",,Catalan,neuspip,2025-10-24T11:28:54Z
629973,Blauet europeu,ca,"","",,Catalan,Izan Lopez Vergel,2025-10-26T08:20:59Z
826617,fadrins-i-fadrines,ca,"","",,Catalan,Salvador Prat Oller,2025-11-01T11:56:35Z
341804,frare del panical,ca,"","",,Catalan,Salvador Prat Oller,2025-11-01T12:43:35Z
718956,Gamarús del Magrib,ca,"","",https://www.inaturalist.org/taxon_names/3301056/edit,Catalan,,2025-11-01T18:38:04Z
338357,Cugoti,ca,"","",,Catalan,Izan Lopez Vergel,2025-11-02T17:36:31Z
131201,matallops,ca,"","",,Catalan,Cenaida,2025-11-04T12:12:00Z
346795,Bambusa balcooa,ca,"","",,Catalan,Johan Devos,2025-11-07T19:08:30Z
122530,bambú gros,ca,"","",,Catalan,Johan Devos,2025-11-07T19:22:42Z
468902,Bernat del pi,ca,"","",,Catalan,neuspip,2025-11-12T06:23:22Z
53219,Xia,ca,"","",,Catalan,Izan Lopez Vergel,2025-11-16T18:39:41Z
52788,Acars i paparres,ca,"Catalunya, ES | Valencia County, US, NM | Islas Baleares, ES","",,Catalan,ferran garcia mari,2025-11-18T11:25:19Z
132458,Ulls negres,ca,"","",,Catalan,Izan Lopez Vergel,2025-11-18T14:15:05Z
41733,Foca grisa,ca,"","",,Catalan,neuspip,2025-11-21T08:33:11Z
56406,Herba freixurera,ca,"","",,Catalan,Izan Lopez Vergel,2025-11-21T16:55:02Z
980095,Lori irisat,ca,"","",,Catalan,neuspip,2025-11-25T09:55:23Z
548192,Escarabat de Sang Balear,ca,"","",,Catalan,Rafel Matamales Andreu,2025-11-25T19:08:59Z
1525442,Caragol de Serp,ca,"","",,Catalan,Rafel Matamales Andreu,2025-11-25T19:13:15Z
510790,Escorpí Balear,ca,"","",,Catalan,Rafel Matamales Andreu,2025-11-25T19:14:09Z
57516,Borino,ca,"Islas Baleares, ES","",,Catalan,Rafel Matamales Andreu,2025-11-25T19:22:22Z
12971,Menjamosques,ca,"Islas Baleares, ES","",,Catalan,Rafel Matamales Andreu,2025-11-25T19:25:02Z
342899,Formiga Carnissera,ca,"Islas Baleares, ES","",,Catalan,Rafel Matamales Andreu,2025-11-25T19:27:21Z
202861,Viuda,ca,"Islas Baleares, ES","",,Catalan,Rafel Matamales Andreu,2025-11-25T19:30:15Z
131833,Caragola,ca,"Islas Baleares, ES","",,Catalan,Rafel Matamales Andreu,2025-11-25T19:31:04Z
560080,Lluerna Balear,ca,"Islas Baleares, ES","",,Catalan,Rafel Matamales Andreu,2025-11-25T19:33:54Z
124145,Borino Negre,ca,"Islas Baleares, ES","",,Catalan,Rafel Matamales Andreu,2025-11-25T19:35:04Z
150049,Pegellida de Riu,ca,"","",,Catalan,Rafel Matamales Andreu,2025-11-25T19:35:59Z
6930,Ànnera de Coll Verd,ca,"Islas Baleares, ES","",,Catalan,Rafel Matamales Andreu,2025-11-25T19:37:54Z
123912,Papallona de l'Arbocera,ca,"Islas Baleares, ES","",,Catalan,Rafel Matamales Andreu,2025-11-25T19:40:25Z
292602,Corn de Fel,ca,"","",,Catalan,Rafel Matamales Andreu,2025-11-25T19:42:34Z
13094,Rupit,ca,"Islas Baleares, ES","",,Catalan,Rafel Matamales Andreu,2025-11-25T19:44:49Z
56293,Borino Ros,ca,"Islas Baleares, ES","",,Catalan,Rafel Matamales Andreu,2025-11-25T19:46:49Z
119608,Caragolí,ca,"Islas Baleares, ES","",,Catalan,Rafel Matamales Andreu,2025-11-25T19:53:05Z
56529,Papallona Rei,ca,"Islas Baleares, ES","",,Catalan,Rafel Matamales Andreu,2025-11-25T19:54:39Z
117097,Reietó,ca,"Islas Baleares, ES","",,Catalan,Rafel Matamales Andreu,2025-11-25T19:57:46Z
11901,Oronella Comuna,ca,"Islas Baleares, ES","",,Catalan,Rafel Matamales Andreu,2025-11-25T20:02:02Z
12716,Mèrlera,ca,"Islas Baleares, ES","",,Catalan,Rafel Matamales Andreu,2025-11-25T20:02:44Z
13858,Teulader Comú,ca,"Islas Baleares, ES","",,Catalan,Rafel Matamales Andreu,2025-11-25T20:04:00Z
53905,Cavall de Serp,ca,"Islas Baleares, ES","",,Catalan,Rafel Matamales Andreu,2025-11-25T20:05:51Z
55016,Xoric,ca,"Mallorca, ES, PM | Islas Baleares, ES","",,Catalan,Rafel Matamales Andreu,2025-11-25T20:06:25Z
62984,Moscard Tigre,ca,"Islas Baleares, ES","",,Catalan,Rafel Matamales Andreu,2025-11-25T20:07:17Z
118552,Moix,ca,"Islas Baleares, ES","",,Catalan,Rafel Matamales Andreu,2025-11-25T20:07:53Z
144849,Ferrerico blau,ca,"Islas Baleares, ES","",,Catalan,Rafel Matamales Andreu,2025-11-25T20:09:08Z
200408,Serp de Garriga,ca,"","",,Catalan,Rafel Matamales Andreu,2025-11-25T20:09:37Z
324852,Medusa Ou Estrellat,ca,"Islas Baleares, ES","",,Catalan,Rafel Matamales Andreu,2025-11-25T20:10:39Z
627669,Tomàtiga de Mar,ca,"Baleares, PM, ES","",,Catalan,Rafel Matamales Andreu,2025-11-25T20:11:59Z
1636936,Pada,ca,"","",,Catalan,Rafel Matamales Andreu,2025-11-25T20:12:40Z
35637,Sargantana Gimnèsica,ca,"","",,Catalan,Rafel Matamales Andreu,2025-11-25T20:14:35Z
24477,Ferreret,ca,"","",,Catalan,Rafel Matamales Andreu,2025-11-25T20:15:07Z
73315,Virot Petit,ca,"Islas Baleares, ES","",,Catalan,Rafel Matamales Andreu,2025-11-25T20:15:44Z
1289466,Busqueret de Coa Llarga,ca,"Islas Baleares, ES","",,Catalan,Rafel Matamales Andreu,2025-11-25T20:17:20Z
12039,Capserigany,ca,"Islas Baleares, ES","",,Catalan,Rafel Matamales Andreu,2025-11-25T20:20:10Z
10411,Trencapinyons,ca,"Islas Baleares, ES","",,Catalan,Rafel Matamales Andreu,2025-11-25T20:21:14Z
538809,Menjamosques Balear,ca,"","",,Catalan,Rafel Matamales Andreu,2025-11-25T20:22:44Z
35643,Sargantana de sa Dragonera,ca,"","",,Catalan,Rafel Matamales Andreu,2025-11-25T20:23:46Z
35614,Sargantana de Formentera,ca,"","",,Catalan,Rafel Matamales Andreu,2025-11-25T20:26:44Z
35640,Sargantana de Cabrera,ca,"","",,Catalan,Rafel Matamales Andreu,2025-11-25T20:27:46Z
525504,Trencapinyons Balear,ca,"","",,Catalan,Rafel Matamales Andreu,2025-11-25T20:28:19Z
709366,Reietó Balear,ca,"","",,Catalan,Rafel Matamales Andreu,2025-11-25T20:31:12Z
35642,Sargantana de les Malgrats,ca,"","",,Catalan,Rafel Matamales Andreu,2025-11-25T20:34:24Z
35639,Sargantana de na Guardis,ca,"","",,Catalan,Rafel Matamales Andreu,2025-11-25T20:35:35Z
35655,Sargantana del Toro,ca,"","",,Catalan,Rafel Matamales Andreu,2025-11-25T20:36:04Z
35650,Sargantana del Colomer,ca,"","",,Catalan,Rafel Matamales Andreu,2025-11-25T20:36:30Z
35662,Sargantana de l'Illa de ses Rates,ca,"","",,Catalan,Rafel Matamales Andreu,2025-11-25T20:38:37Z
889769,Sargantana de l'Illa d'en Colom,ca,"","",,Catalan,Rafel Matamales Andreu,2025-11-25T20:39:11Z
35657,Sargantana de l'Illa de l'Aire,ca,"","",,Catalan,Rafel Matamales Andreu,2025-11-25T20:39:43Z
35653,Sargantana de l'Illa del Rei,ca,"","",,Catalan,Rafel Matamales Andreu,2025-11-25T20:40:59Z
35644,Sargantana de na Foradada,ca,"","",,Catalan,Rafel Matamales Andreu,2025-11-25T20:41:41Z
35645,Sargantana de l'Illa des Porros,ca,"","",,Catalan,Rafel Matamales Andreu,2025-11-25T20:42:18Z
35649,Sargantana de l'Illot de Binicodrell,ca,"","",,Catalan,Rafel Matamales Andreu,2025-11-25T20:43:09Z
35651,Sargantana de l'Illot d'en Carbó,ca,"","",,Catalan,Rafel Matamales Andreu,2025-11-25T20:43:42Z
35654,Sargantana de les Illes d'Addaia,ca,"","",,Catalan,Rafel Matamales Andreu,2025-11-25T20:44:15Z
35661,Sargantana de l'Illa des Porros de Fornells,ca,"","",,Catalan,Rafel Matamales Andreu,2025-11-25T20:45:08Z
35663,Sargantana de l'Illa Sargantana,ca,"","",,Catalan,Rafel Matamales Andreu,2025-11-25T20:45:50Z
35638,Sargantana de l'Imperial,ca,"","",,Catalan,Rafel Matamales Andreu,2025-11-25T20:46:29Z
35646,Sargantana de l'Illa des Conills,ca,"","",,Catalan,Rafel Matamales Andreu,2025-11-25T20:47:31Z
35647,Sargantana de l'Esponja,ca,"","",,Catalan,Rafel Matamales Andreu,2025-11-25T20:47:59Z
35648,Sargantana dels Estells de Fora,ca,"","",,Catalan,Rafel Matamales Andreu,2025-11-25T20:48:36Z
35656,Sargantana dels Estells de Terra,ca,"","",,Catalan,Rafel Matamales Andreu,2025-11-25T20:49:01Z
35658,Sargantana de ses Bledes,ca,"","",,Catalan,Rafel Matamales Andreu,2025-11-25T20:50:15Z
35659,Sargantana de na Plana,ca,"","",,Catalan,Rafel Matamales Andreu,2025-11-25T20:50:44Z
35660,Sargantana de na Pobra,ca,"","",,Catalan,Rafel Matamales Andreu,2025-11-25T20:51:11Z
35605,Sargantana de l'Illa de ses Rates,ca,"","",,Catalan,Rafel Matamales Andreu,2025-11-25T20:53:19Z
35604,Sargantana Eivissenca,ca,"","",,Catalan,Rafel Matamales Andreu,2025-11-25T20:53:53Z
35600,Sargantana des Vedrà,ca,"","",,Catalan,Rafel Matamales Andreu,2025-11-25T20:54:32Z
35607,Sargantana de l'Illot de s'Hort,ca,"","",,Catalan,Rafel Matamales Andreu,2025-11-25T20:55:22Z
9847,Dansaire de bec taronja,ca,"","",,Catalan,neuspip,2025-11-28T13:09:44Z
1604935,sageta petita,ca,"Cataluña, ES","",,Catalan,Montse Almaraz-Rodríguez,2025-12-04T15:04:29Z
1738,Cucut maragda pitblanc,ca,"","",,Catalan,neuspip,2025-12-05T06:57:05Z
204519,Alció d'Esmirna,ca,"","",,Catalan,neuspip,2025-12-05T07:00:31Z
201192,Vitrac,ca,"Islas Baleares, ES","",,Catalan,Rafel Matamales Andreu,2025-12-09T18:56:26Z
1289472,Busqueret de Cap Negre,ca,"Islas Baleares, ES","",,Catalan,Rafel Matamales Andreu,2025-12-09T19:00:54Z
126571,Cavall de Serp Gegant Africà,ca,"Islas Baleares, ES","",,Catalan,Rafel Matamales Andreu,2025-12-09T19:02:04Z
5267,Milana,ca,"Islas Baleares, ES","",,Catalan,Rafel Matamales Andreu,2025-12-09T19:02:52Z
5154,Esparver,ca,"Islas Baleares, ES","",,Catalan,Rafel Matamales Andreu,2025-12-09T19:03:45Z
472766,Xoric,ca,"Islas Baleares, ES","",,Catalan,Rafel Matamales Andreu,2025-12-09T19:04:38Z
7067,Ànnera Blanca,ca,"Islas Baleares, ES","",,Catalan,Rafel Matamales Andreu,2025-12-09T19:05:23Z
13000,Coa-roja de Barraca,ca,"Islas Baleares, ES","",,Catalan,Rafel Matamales Andreu,2025-12-09T19:07:10Z
337045,Sargantana Italiana,ca,"Islas Baleares, ES","",,Catalan,Rafel Matamales Andreu,2025-12-09T19:10:47Z
145360,Verderol,ca,"Islas Baleares, ES","",,Catalan,Rafel Matamales Andreu,2025-12-09T19:41:26Z
13141,Pàssera,ca,"Islas Baleares, ES","",,Catalan,Rafel Matamales Andreu,2025-12-09T19:42:10Z
4954,Agró Blau,ca,"Islas Baleares, ES","",,Catalan,Rafel Matamales Andreu,2025-12-09T19:42:43Z
117016,Ullet de Bou,ca,"Islas Baleares, ES","",,Catalan,Rafel Matamales Andreu,2025-12-09T19:43:31Z
4923,Sebel·lí,ca,"Islas Baleares, ES","",,Catalan,Rafel Matamales Andreu,2025-12-09T19:44:11Z
5361,Miloca,ca,"Islas Baleares, ES","",,Catalan,Rafel Matamales Andreu,2025-12-09T19:44:43Z
203153,Ferrerico,ca,"Islas Baleares, ES","",,Catalan,Rafel Matamales Andreu,2025-12-09T19:46:03Z
13695,Titina,ca,"Islas Baleares, ES","",,Catalan,Rafel Matamales Andreu,2025-12-09T19:47:08Z
20244,Mussol,ca,"Islas Baleares, ES","",,Catalan,Rafel Matamales Andreu,2025-12-09T19:54:09Z
4857,Juia,ca,"Islas Baleares, ES","",,Catalan,Rafel Matamales Andreu,2025-12-09T19:55:01Z
3931,Cega,ca,"Islas Baleares, ES","",,Catalan,Rafel Matamales Andreu,2025-12-09T20:00:19Z
569428,Mostel,ca,"Islas Baleares, ES","",,Catalan,Rafel Matamales Andreu,2025-12-09T20:02:37Z
118682,Tuta,ca,"Islas Baleares, ES","",,Catalan,Rafel Matamales Andreu,2025-12-09T20:04:10Z
1453013,Calàpet,ca,"Islas Baleares, ES","",,Catalan,Rafel Matamales Andreu,2025-12-09T20:04:41Z
1453015,Calàpet Balear,ca,"Islas Baleares, ES","",,Catalan,Rafel Matamales Andreu,2025-12-09T20:05:51Z
47144,Ca,ca,"Islas Baleares, ES","",,Catalan,Rafel Matamales Andreu,2025-12-09T20:27:35Z
82689,Arbocera,ca,"Islas Baleares, ES","",,Catalan,Rafel Matamales Andreu,2025-12-09T21:20:45Z
201279,Ciurelleta,ca,"","",,Catalan,Rafel Matamales Andreu,2025-12-09T21:29:07Z
52913,Cama-roja,ca,"Islas Baleares, ES","",,Catalan,Rafel Matamales Andreu,2025-12-09T21:29:46Z
61168,Rapa,ca,"Islas Baleares, ES","",,Catalan,Rafel Matamales Andreu,2025-12-09T21:30:15Z
59904,Sordonaia,ca,"Islas Baleares, ES","",,Catalan,Rafel Matamales Andreu,2025-12-09T21:31:15Z
132759,Garballó,ca,"Islas Baleares, ES","",,Catalan,Rafel Matamales Andreu,2025-12-09T21:32:15Z
82742,Garrover,ca,"Islas Baleares, ES","",,Catalan,Rafel Matamales Andreu,2025-12-09T21:32:44Z
53169,Vinagrella,ca,"Islas Baleares, ES","",,Catalan,Rafel Matamales Andreu,2025-12-09T21:33:09Z
545482,Card Blanc,ca,"Islas Baleares, ES","",,Catalan,Rafel Matamales Andreu,2025-12-09T21:33:37Z
76610,Fonollassa,ca,"Islas Baleares, ES","",,Catalan,Rafel Matamales Andreu,2025-12-09T21:34:09Z
82903,Aritja,ca,"Islas Baleares, ES","",,Catalan,Rafel Matamales Andreu,2025-12-09T21:34:41Z
82906,Porrassa,ca,"Islas Baleares, ES","",,Catalan,Rafel Matamales Andreu,2025-12-09T21:35:07Z
311358,Xiprell,ca,"Islas Baleares, ES","",,Catalan,Rafel Matamales Andreu,2025-12-09T21:35:31Z
82600,Mata de Llentiscle,ca,"Islas Baleares, ES","",,Catalan,Rafel Matamales Andreu,2025-12-09T21:36:09Z
49133,Papallona Reina,ca,"Islas Baleares, ES","",,Catalan,Rafel Matamales Andreu,2025-12-09T21:37:35Z
64103,Donarda,ca,"Islas Baleares, ES","",,Catalan,Rafel Matamales Andreu,2025-12-09T21:38:12Z
67715,Taperera,ca,"Islas Baleares, ES","",,Catalan,Rafel Matamales Andreu,2025-12-09T21:39:05Z
126155,Vespa Carnissera,ca,"Islas Baleares, ES","",,Catalan,Rafel Matamales Andreu,2025-12-09T21:48:03Z
551692,Didalera,ca,"Islas Baleares, ES","",,Catalan,Rafel Matamales Andreu,2025-12-09T21:48:33Z
51147,Cirerer de Bon Pastor,ca,"Islas Baleares, ES","",,Catalan,Rafel Matamales Andreu,2025-12-09T21:50:23Z
118640,Pedaç,ca,"Islas Baleares, ES","",,Catalan,Rafel Matamales Andreu,2025-12-09T21:50:52Z
326346,Ostra Vermella,ca,"Islas Baleares, ES","",,Catalan,Rafel Matamales Andreu,2025-12-09T21:51:20Z
292173,Nacra de Roca,ca,"Islas Baleares, ES","",,Catalan,Rafel Matamales Andreu,2025-12-09T21:51:44Z
357169,Garrotet Vivent Mediterrani,ca,"Islas Baleares, ES","",,Catalan,Rafel Matamales Andreu,2025-12-09T21:53:28Z
57030,Coa de Cavall Grossa,ca,"Islas Baleares, ES","",,Catalan,Rafel Matamales Andreu,2025-12-09T21:54:03Z
56557,Nedadores,ca,"Islas Baleares, ES","",,Catalan,Rafel Matamales Andreu,2025-12-10T11:34:58Z
112372,Gató,ca,"Islas Baleares, ES","",,Catalan,Rafel Matamales Andreu,2025-12-10T11:36:41Z
118686,Rabosa de Roca,ca,"Islas Baleares, ES","",,Catalan,Rafel Matamales Andreu,2025-12-10T11:37:28Z
362756,Cigarra Mora,ca,"Islas Baleares, ES","",,Catalan,Rafel Matamales Andreu,2025-12-10T11:38:36Z
925969,Mangosta Vermella de l'Índia,ca,"","",,Catalan,Rafel Matamales Andreu,2025-12-10T11:41:32Z
979665,Gaig Blau de l'Índia,ca,"","",,Catalan,Rafel Matamales Andreu,2025-12-10T11:42:23Z
1677,Cucal Gros,ca,"","",,Catalan,Rafel Matamales Andreu,2025-12-10T11:43:02Z
2212,Abellerol de Coa Blava,ca,"Islas Baleares, ES","",,Catalan,Rafel Matamales Andreu,2025-12-10T11:43:48Z
3211,Colom Imperial Verd,ca,"","",,Catalan,Rafel Matamales Andreu,2025-12-10T11:44:27Z
3394,Colom Verdós de Doble Collar,ca,"","",,Catalan,Rafel Matamales Andreu,2025-12-10T11:45:07Z
3738,Ibis de Cap Negre,ca,"","",,Catalan,Rafel Matamales Andreu,2025-12-10T11:45:43Z
4589,Jacana de Coa de Faisà,ca,"Islas Baleares, ES","",,Catalan,Rafel Matamales Andreu,2025-12-10T11:46:32Z
4449,Xatrac Àrtic,ca,"","",,Catalan,Rafel Matamales Andreu,2025-12-10T11:47:07Z
4775,Bec-obert Asiàtic,ca,"","",,Catalan,Rafel Matamales Andreu,2025-12-10T11:48:37Z
4993,Martinet Ros de l'Índia,ca,"","",,Catalan,Rafel Matamales Andreu,2025-12-10T11:49:26Z
5062,Afitorador Oriental,ca,"Islas Baleares, ES","",,Catalan,Rafel Matamales Andreu,2025-12-10T11:50:49Z
5539,Calau Gris d'Sri Lanka,ca,"","",,Catalan,Rafel Matamales Andreu,2025-12-10T11:52:46Z
5555,Calau Becfalçat de l'Índia,ca,"","",,Catalan,Rafel Matamales Andreu,2025-12-10T11:53:39Z
8276,Dongo de Ventre Blanc,ca,"","",,Catalan,Rafel Matamales Andreu,2025-12-10T11:54:15Z
44189,Jerbu d'en Cheesman,ca,"","",,Catalan,Rafel Matamales Andreu,2025-12-10T11:58:35Z
12976,Menjamosques de Pit Marró,ca,"","",,Catalan,Rafel Matamales Andreu,2025-12-10T11:59:33Z
13251,Menjamosques Fiscal,ca,"","",,Catalan,Rafel Matamales Andreu,2025-12-10T12:00:11Z
13300,Suimanga Malaquita,ca,"","",,Catalan,Rafel Matamales Andreu,2025-12-10T12:01:03Z
15347,Ocell Sastre de Coa Llarga,ca,"","",,Catalan,Rafel Matamales Andreu,2025-12-10T12:02:13Z
26063,Cocodril Persa,ca,"","",,Catalan,Rafel Matamales Andreu,2025-12-10T12:03:04Z
1492021,Sabater Camacurt Gimnèsic,ca,"","",,Catalan,Rafel Matamales Andreu,2025-12-10T12:07:29Z
130088,Pegellides,ca,"","",,Catalan,Rafel Matamales Andreu,2025-12-10T12:08:02Z
61372,Cranc Aranya,ca,"","",,Catalan,Rafel Matamales Andreu,2025-12-10T12:08:37Z
1620528,Somereta Aquàtica de la Font de s'Olla,ca,"","",,Catalan,Rafel Matamales Andreu,2025-12-10T12:09:36Z
1392387,Escarabat Rinoceront Balear,ca,"","",,Catalan,Rafel Matamales Andreu,2025-12-10T12:11:45Z
83806,Barrinadora de la Tomàtiga,ca,"Islas Baleares, ES","",,Catalan,Rafel Matamales Andreu,2025-12-10T12:15:48Z
31276,Llangardaix Verd de Bosc,ca,"","",,Catalan,Rafel Matamales Andreu,2025-12-10T13:26:26Z
39415,Varà de Bengala,ca,"","",,Catalan,Rafel Matamales Andreu,2025-12-10T13:26:59Z
2229,Abellerol Maragda Oriental,ca,"","",,Catalan,Rafel Matamales Andreu,2025-12-10T13:27:40Z
4871,Juia de Màscara Vermella,ca,"Islas Baleares, ES","",,Catalan,Rafel Matamales Andreu,2025-12-10T13:28:48Z
1636538,Planària de Sóller,ca,"","",,Catalan,Rafel Matamales Andreu,2025-12-10T13:29:19Z
43456,Macaco de Còfia,ca,"","",,Catalan,Rafel Matamales Andreu,2025-12-10T13:29:58Z
45938,Esquirol Indi de les Palmeres,ca,"","",,Catalan,Rafel Matamales Andreu,2025-12-10T13:30:45Z
31498,Agama Aràbiga de Cap de Calàpet,ca,"Islas Baleares, ES","",,Catalan,Rafel Matamales Andreu,2025-12-10T13:31:54Z
42166,Axis,ca,"","",,Catalan,Rafel Matamales Andreu,2025-12-10T13:32:39Z
4743,Tàntal de l'Índia,ca,"","",,Catalan,Rafel Matamales Andreu,2025-12-10T13:33:11Z
5158,Serpentari Comú,ca,"","",,Catalan,Rafel Matamales Andreu,2025-12-10T13:34:02Z
8031,Corb de l'Índia,ca,"","",,Catalan,Rafel Matamales Andreu,2025-12-10T13:34:35Z
31150,Agama de Roca Meridional,ca,"","",,Catalan,Rafel Matamales Andreu,2025-12-10T13:35:46Z
42283,Gatzella Saltadora,ca,"Islas Baleares, ES","",,Catalan,Rafel Matamales Andreu,2025-12-10T13:36:55Z
46031,Esquirol Gegant d'Sri Lanka,ca,"","",,Catalan,Rafel Matamales Andreu,2025-12-10T13:38:26Z
5338,Astor Cantaire Pàl·lid,ca,"","",,Catalan,Rafel Matamales Andreu,2025-12-10T13:40:08Z
12021,Capserigany Bru,ca,"Islas Baleares, ES","",,Catalan,Rafel Matamales Andreu,2025-12-10T13:40:45Z
13906,Maniquí Gorjanegre,ca,"","",,Catalan,Rafel Matamales Andreu,2025-12-10T13:41:20Z
37640,Peix d'Arena Aràbig,ca,"","",,Catalan,Rafel Matamales Andreu,2025-12-10T13:42:35Z
39420,Varà de Coll Blanc,ca,"","",,Catalan,Rafel Matamales Andreu,2025-12-10T13:43:15Z
42275,Damalisc,ca,"","",,Catalan,Rafel Matamales Andreu,2025-12-10T13:43:50Z
542405,Elefant d'Sri Lanka,ca,"","",,Catalan,Rafel Matamales Andreu,2025-12-10T13:44:40Z
68137,Vervet,ca,"","",,Catalan,Rafel Matamales Andreu,2025-12-10T13:47:35Z
73100,Àguila Variable,ca,"","",,Catalan,Rafel Matamales Andreu,2025-12-10T13:48:15Z
727033,Àguila Variable d'Sri Lanka,ca,"","",,Catalan,Rafel Matamales Andreu,2025-12-10T13:48:55Z
75053,Sambar,ca,"","",,Catalan,Rafel Matamales Andreu,2025-12-10T13:49:40Z
97154,Peix Papallona de Coa Groga,ca,"Islas Baleares, ES","",,Catalan,Rafel Matamales Andreu,2025-12-10T13:50:19Z
114891,Varà Aquàtic,ca,"","",,Catalan,Rafel Matamales Andreu,2025-12-10T13:50:58Z
204491,Shama Oriental,ca,"","",,Catalan,Rafel Matamales Andreu,2025-12-10T13:51:31Z
549464,Monarca del Paradís de l'Índia,ca,"","",,Catalan,Rafel Matamales Andreu,2025-12-10T13:52:16Z
627669,Tomàtiga de la Mar,ca,"Islas Baleares, ES","",,Catalan,Rafel Matamales Andreu,2025-12-10T13:52:56Z
979677,Menjamosques Blau d'en Tickell,ca,"","",,Catalan,Rafel Matamales Andreu,2025-12-10T13:53:50Z
980260,Ull-blanc Oriental,ca,"","",,Catalan,Rafel Matamales Andreu,2025-12-10T13:54:31Z
1583799,Alosa de Jerdon,ca,"","",,Catalan,Rafel Matamales Andreu,2025-12-10T13:54:58Z
1585373,Esplugabous Oriental,ca,"","",,Catalan,Rafel Matamales Andreu,2025-12-10T13:55:33Z
1641421,Rabosa Voladora de l'Índia,ca,"","",,Catalan,Rafel Matamales Andreu,2025-12-10T13:56:12Z
517414,Calàpet d'Aràbia,ca,"Islas Baleares, ES","",,Catalan,Rafel Matamales Andreu,2025-12-10T14:00:54Z
1629650,Dragó Semàfor de Roca,ca,"","",,Catalan,Rafel Matamales Andreu,2025-12-10T14:01:35Z
711776,Serpentari d'Sri Lanka,ca,"","",,Catalan,Rafel Matamales Andreu,2025-12-10T14:02:28Z
51940,Dragó Domèstic Asiàtic,ca,"","",,Catalan,Rafel Matamales Andreu,2025-12-10T14:03:25Z
1462597,Calàpet d'Oman,ca,"Islas Baleares, ES","",,Catalan,Rafel Matamales Andreu,2025-12-10T14:04:17Z
1428,Faraona de Guinea,ca,"Islas Baleares, ES","",,Catalan,Rafel Matamales Andreu,2025-12-10T14:05:05Z
597385,Faraona de Guinea Meridional,ca,"Islas Baleares, ES","",,Catalan,Rafel Matamales Andreu,2025-12-10T14:06:20Z
3885,Becassineta,ca,"Islas Baleares, ES","",,Catalan,Rafel Matamales Andreu,2025-12-10T14:07:21Z
12707,Tord Reial,ca,"Islas Baleares, ES","",,Catalan,Rafel Matamales Andreu,2025-12-10T14:09:25Z
145193,Suimanga Porpra,ca,"","",,Catalan,Rafel Matamales Andreu,2025-12-10T14:11:14Z
367520,Barbut de Front Vermell d'Sri Lanka,ca,"","",,Catalan,Rafel Matamales Andreu,2025-12-10T14:12:15Z
472764,Xoric Africà,ca,"Islas Baleares, ES","",,Catalan,Rafel Matamales Andreu,2025-12-10T14:12:57Z
1289422,Tordenc de Bec Groc,ca,"","",,Catalan,Rafel Matamales Andreu,2025-12-10T14:13:29Z
1289477,Busqueret Asiàtic del Desert,ca,"Islas Baleares, ES","",,Catalan,Rafel Matamales Andreu,2025-12-10T14:14:10Z
1505620,Tiruril·lo camanegre,ca,"Islas Baleares, ES","",,Catalan,Rafel Matamales Andreu,2025-12-10T14:15:23Z
26654,Serp Arborícola d'Esquena de Bronze Comuna,ca,"","",,Catalan,Rafel Matamales Andreu,2025-12-10T14:16:47Z
31265,Llangardaix Xiulador d'Sri Lanka,ca,"","",,Catalan,Rafel Matamales Andreu,2025-12-10T14:17:29Z
33923,Dragó de Roca d'Oman,ca,"","",,Catalan,Rafel Matamales Andreu,2025-12-10T14:18:12Z
35772,Llangardaix Omaní d'en Jayakar,ca,"","",,Catalan,Rafel Matamales Andreu,2025-12-10T14:19:02Z
31281,Llangardaix de Jardí Oriental,ca,"","",,Catalan,Rafel Matamales Andreu,2025-12-10T14:38:22Z
116303,Varà Aquàtic d'Sri Lanka,ca,"","",,Catalan,Rafel Matamales Andreu,2025-12-10T14:39:31Z
484771,Agama del Desert d'Aràbia Oriental,ca,"","",,Catalan,Rafel Matamales Andreu,2025-12-10T14:41:02Z
116293,Varà de Coll Blanc Meridional,ca,"","",,Catalan,Rafel Matamales Andreu,2025-12-10T14:43:52Z
102550,Dragó de Dits Foliars d'en Leschenault,ca,"","",,Catalan,Rafel Matamales Andreu,2025-12-10T14:45:15Z
114297,Escinc Variegat,ca,"","",,Catalan,Rafel Matamales Andreu,2025-12-10T14:46:29Z
732129,Juia de Màscara Vermella d'Sri Lanka,ca,"Islas Baleares, ES","",,Catalan,Rafel Matamales Andreu,2025-12-10T14:53:16Z
1287012,Prínia Delicada,ca,"","",,Catalan,Rafel Matamales Andreu,2025-12-10T17:14:42Z
698381,Astor Cantaire Pàl·lid Meridional,ca,"","",,Catalan,Rafel Matamales Andreu,2025-12-10T17:15:30Z
1051463,Caragolí Mediterrani,ca,"","",,Catalan,Rafel Matamales Andreu,2025-12-10T17:52:59Z
1647587,Caragol de Vidre Pitiúsic,ca,"","",,Catalan,Rafel Matamales Andreu,2025-12-10T17:55:11Z
464846,Somereta Granulada,ca,"Islas Baleares, ES","",,Catalan,Rafel Matamales Andreu,2025-12-10T19:43:36Z
3978,Cegall Blanc,ca,"Islas Baleares, ES","",,Catalan,Rafel Matamales Andreu,2025-12-10T19:45:30Z
118895,Fideus Verds,ca,"","",,Catalan,Rafel Matamales Andreu,2025-12-10T19:46:45Z
125669,Caragol de Pada,ca,"","",,Catalan,Rafel Matamales Andreu,2025-12-10T19:47:45Z
82231,Cuca-molla Americana,ca,"Islas Baleares, ES","",,Catalan,Rafel Matamales Andreu,2025-12-10T19:48:55Z
59698,Balandrí,ca,"Islas Baleares, ES","",,Catalan,Rafel Matamales Andreu,2025-12-10T19:49:26Z
1633862,Escarabatí de la Molsa Balear,ca,"","",,Catalan,Rafel Matamales Andreu,2025-12-10T19:50:52Z
44575,Rata Traginera,ca,"Islas Baleares, ES","",,Catalan,Rafel Matamales Andreu,2025-12-10T21:46:52Z
1562952,herba del verí,ca,"","",,Catalan,Salvador Prat Oller,2025-12-13T12:17:29Z
144502,Gavina de Bonaparte,ca,"","",,Catalan,neuspip,2025-12-14T07:51:51Z
906,Indiot,ca,"Islas Baleares, ES","",,Catalan,Rafel Matamales Andreu,2025-12-15T15:55:24Z
359068,Pegellida Mediterrània,ca,"","",,Catalan,Rafel Matamales Andreu,2025-12-15T21:10:08Z
51660,Poriol Groc de Vint-i-dos Punts,ca,"","",,Catalan,Rafel Matamales Andreu,2025-12-15T21:16:32Z
318777,Poriol Vermell de Devuit Punts,ca,"Islas Baleares, ES","",,Catalan,Rafel Matamales Andreu,2025-12-15T21:17:45Z
51702,Poriol de Set Punts,ca,"Islas Baleares, ES","",,Catalan,Rafel Matamales Andreu,2025-12-15T21:18:19Z
84804,Xinxa Retxada,ca,"Islas Baleares, ES","",,Catalan,Rafel Matamales Andreu,2025-12-15T21:19:08Z
1456194,Caragol de Serp Petit,ca,"","",,Catalan,Rafel Matamales Andreu,2025-12-15T21:23:18Z
1655172,Aranya Camell Aràbiga d'Esquena Fosca,ca,"","",,Catalan,Rafel Matamales Andreu,2025-12-15T21:25:21Z
118514,Mare d'Anfós,ca,"Islas Baleares, ES","",,Catalan,Rafel Matamales Andreu,2025-12-15T21:32:14Z
203710,Hidres,ca,"","",,Catalan,Rafel Matamales Andreu,2025-12-15T21:32:41Z
336708,Cuc Capgròs,ca,"","",,Catalan,Rafel Matamales Andreu,2025-12-15T21:34:09Z
466946,Aranya Camell Ibèrica,ca,"","",,Catalan,Rafel Matamales Andreu,2025-12-15T21:34:35Z
728013,Aligot Vesper de l'Índia,ca,"","",,Catalan,Rafel Matamales Andreu,2025-12-15T21:36:21Z
342274,Porcellana Marró,ca,"","",,Catalan,Rafel Matamales Andreu,2025-12-15T21:38:12Z
76363,Estepa Llimonenca,ca,"Islas Baleares, ES","",,Catalan,Rafel Matamales Andreu,2025-12-15T21:46:36Z
181594,Lletrera Vera,ca,"Islas Baleares, ES","",,Catalan,Rafel Matamales Andreu,2025-12-15T21:47:09Z
82856,Llampúgol,ca,"Islas Baleares, ES","",,Catalan,Rafel Matamales Andreu,2025-12-15T21:47:40Z
633980,Pare-i-fill,ca,"Islas Baleares, ES","",,Catalan,Rafel Matamales Andreu,2025-12-15T21:48:32Z
76365,Estepa Negra,ca,"Islas Baleares, ES","",,Catalan,Rafel Matamales Andreu,2025-12-15T21:49:34Z
71214,Socarrell,ca,"","",,Catalan,Rafel Matamales Andreu,2025-12-15T21:50:16Z
482862,Pa de Porc,ca,"","",,Catalan,Rafel Matamales Andreu,2025-12-15T21:50:38Z
43086,Damà roquer,ca,"","",,Catalan,neuspip,2025-12-16T06:57:45Z
82904,Cirerer de Betlem,ca,"Islas Baleares, ES","",,Catalan,Rafel Matamales Andreu,2025-12-16T08:15:27Z
59281,Aranya Cranc de les Flors,ca,"Islas Baleares, ES","",,Catalan,Rafel Matamales Andreu,2025-12-16T08:16:05Z
204545,Titina Groga,ca,"Islas Baleares, ES","",,Catalan,Rafel Matamales Andreu,2025-12-16T08:16:41Z
150382,Conus Mediterrani,ca,"","",,Catalan,Rafel Matamales Andreu,2025-12-16T08:17:17Z
359113,Fals Corall,ca,"","",,Catalan,Rafel Matamales Andreu,2025-12-16T08:17:48Z
53785,Herba de Fum,ca,"Islas Baleares, ES","",,Catalan,Rafel Matamales Andreu,2025-12-16T08:18:26Z
13688,Titina Torrentera,ca,"Islas Baleares, ES","",,Catalan,Rafel Matamales Andreu,2025-12-16T08:19:10Z
62313,Flor d'Aranya,ca,"","",,Catalan,Rafel Matamales Andreu,2025-12-16T08:20:42Z
73940,Sargantana Mora,ca,"","",,Catalan,Rafel Matamales Andreu,2025-12-16T08:35:13Z
371940,Tortuga Mapa de l'Ouachita,ca,"","",,Catalan,Rafel Matamales Andreu,2025-12-16T08:38:39Z
39830,Tortuga Jeroglífic,ca,"","",,Catalan,Rafel Matamales Andreu,2025-12-16T08:39:59Z
39950,Tortuga d'Aigua Xinesa,ca,"","",,Catalan,Rafel Matamales Andreu,2025-12-16T08:40:49Z
39847,Falsa Tortuga Mapa,ca,"","",,Catalan,Rafel Matamales Andreu,2025-12-16T08:41:32Z
39913,Tortuga d'Estany Xinesa,ca,"","",,Catalan,Rafel Matamales Andreu,2025-12-16T08:43:24Z
15282,Busqueret de Capell,ca,"Islas Baleares, ES","",,Catalan,Rafel Matamales Andreu,2025-12-16T08:58:15Z
509656,Virot Gros,ca,"Islas Baleares, ES","",,Catalan,Rafel Matamales Andreu,2025-12-16T09:00:26Z
1228561,Caragol de Vidre Menorquí,ca,"","",,Catalan,Rafel Matamales Andreu,2025-12-16T09:06:40Z
1167512,Fura Pitiúsica,ca,"","",,Catalan,Rafel Matamales Andreu,2025-12-16T09:07:54Z
1456192,Caragol de Serp Eivissenc,ca,"","",,Catalan,Rafel Matamales Andreu,2025-12-16T09:08:33Z
1456193,Caragol de Serp de ses Bledes,ca,"","",,Catalan,Rafel Matamales Andreu,2025-12-16T09:09:00Z
1268442,Mart de Menorca,ca,"","",,Catalan,Rafel Matamales Andreu,2025-12-16T09:21:03Z
1658116,Geneta Eivissenca,ca,"","",,Catalan,Rafel Matamales Andreu,2025-12-16T09:35:11Z
712479,Sambar d'Sri Lanka,ca,"","",,Catalan,Rafel Matamales Andreu,2025-12-16T09:50:42Z
43095,Conills i Llebres,ca,"","",,Catalan,Rafel Matamales Andreu,2025-12-16T09:51:29Z
566746,Vervet Meridional,ca,"","",,Catalan,Rafel Matamales Andreu,2025-12-16T09:54:37Z
129724,Blesbok,ca,"","",,Catalan,Rafel Matamales Andreu,2025-12-16T09:57:32Z
131970,Manganella,ca,"Islas Baleares, ES","",,Catalan,Rafel Matamales Andreu,2025-12-16T11:36:54Z
129200,Planorbe de Florida,ca,"","",,Catalan,Rafel Matamales Andreu,2025-12-16T13:50:28Z
150164,Bitínia Mallorquina,ca,"","",,Catalan,Rafel Matamales Andreu,2025-12-16T13:51:18Z
143390,Milpeus Japonès d'Hivernacle,ca,"","",,Catalan,Rafel Matamales Andreu,2025-12-16T13:52:04Z
61532,Poriol Groc de Catorze Punts,ca,"Islas Baleares, ES","",,Catalan,Rafel Matamales Andreu,2025-12-16T13:52:42Z
1647283,Vespa de Galet,ca,"","",,Catalan,Rafel Matamales Andreu,2025-12-16T13:55:25Z
41728,Elefant marí septentrional,ca,"","",,Catalan,neuspip,2025-12-17T07:48:52Z
179249,Rubiol d’ametlla,ca,"","",,Catalan,Enric Gràcia i Barba,2025-12-19T07:26:39Z
480130,Lingzhi,ca,"","",,Catalan,Enric Gràcia i Barba,2025-12-19T07:40:21Z
1156575,Enoki,ca,"","",,Catalan,Enric Gràcia i Barba,2025-12-19T17:24:32Z
504060,Orellana groga,ca,"","",,Catalan,Enric Gràcia i Barba,2025-12-21T07:30:10Z
53714,Gírgola de castanyer,ca,"","",,Catalan,Enric Gràcia i Barba,2025-12-21T07:49:11Z
53714,Crespell de castanyer,ca,"","",,Catalan,Enric Gràcia i Barba,2025-12-21T07:49:45Z
143384,Tremolosa blanca,ca,"","",,Catalan,Enric Gràcia i Barba,2025-12-21T09:48:46Z
879906,Orella negra,ca,"","",,Catalan,Enric Gràcia i Barba,2025-12-21T09:57:09Z
123351,Xiitake,ca,"","",,Catalan,Enric Gràcia i Barba,2025-12-21T10:20:42Z
179202,Capçat d'hivern,ca,"","",,Catalan,Enric Gràcia i Barba,2025-12-21T11:45:02Z
54025,Cama-sec de bruixa frigi,ca,"","",,Catalan,Enric Gràcia i Barba,2025-12-22T01:51:28Z
54025,Bruixa frígia,ca,"","",,Catalan,Enric Gràcia i Barba,2025-12-22T01:51:59Z
35618,Sargantana de l'Illeta de Cala Salada,ca,"","",,Catalan,Rafel Matamales Andreu,2025-12-23T10:47:26Z
35619,Sargantana de l'Illa des Penjats,ca,"","",,Catalan,Rafel Matamales Andreu,2025-12-23T10:48:11Z
116008,Sargantana de l'Illot des Canaret,ca,"","",,Catalan,Rafel Matamales Andreu,2025-12-23T10:48:38Z
35617,Sargantana de l'Illa des Canar,ca,"","",,Catalan,Rafel Matamales Andreu,2025-12-23T10:49:27Z
35612,Sargantana d'en Caragoler,ca,"","",,Catalan,Rafel Matamales Andreu,2025-12-23T10:49:56Z
35613,Sargantana de sa Conillera (Eivissa),ca,"","",,Catalan,Rafel Matamales Andreu,2025-12-23T10:50:27Z
540599,Sargantana de l'Illot de sa Mesquida,ca,"","",,Catalan,Rafel Matamales Andreu,2025-12-23T10:51:13Z
35615,Sargantana de s'Espardell de s'Espartar,ca,"","",,Catalan,Rafel Matamales Andreu,2025-12-23T10:51:39Z
35616,Sargantana de l'Illa de Casteví,ca,"","",,Catalan,Rafel Matamales Andreu,2025-12-23T10:52:05Z
35611,Sargantana de na Bosc i na Gorra,ca,"","",,Catalan,Rafel Matamales Andreu,2025-12-23T10:53:08Z
35610,Sargantana de ses Margalides,ca,"","",,Catalan,Rafel Matamales Andreu,2025-12-23T10:53:36Z
35608,Sargantana de s'Espartar,ca,"","",,Catalan,Rafel Matamales Andreu,2025-12-23T10:53:58Z
35609,Sargantana de Na Plana i Escull Vermell,ca,"","",,Catalan,Rafel Matamales Andreu,2025-12-23T10:54:33Z
35606,Sargantana de l'Illa Murada,ca,"","",,Catalan,Rafel Matamales Andreu,2025-12-23T10:54:55Z
35603,Sargantana de les Illetes Negres,ca,"","",,Catalan,Rafel Matamales Andreu,2025-12-23T10:55:21Z
35601,Sargantana de l'Illa Rodona,ca,"","",,Catalan,Rafel Matamales Andreu,2025-12-23T10:55:58Z
35602,Sargantana des Malvins,ca,"","",,Catalan,Rafel Matamales Andreu,2025-12-23T10:56:24Z
35598,Sargantana de l'Illa de Tagomago,ca,"","",,Catalan,Rafel Matamales Andreu,2025-12-23T10:56:56Z
35599,Sargantana de l'Illa de sa Torreta,ca,"","",,Catalan,Rafel Matamales Andreu,2025-12-23T10:57:20Z
516758,Capserigany Balear,ca,"","",,Catalan,Rafel Matamales Andreu,2025-12-23T11:07:39Z
722263,Ferrerico Blau Balear,ca,"","",,Catalan,Rafel Matamales Andreu,2025-12-23T11:08:07Z
804,Guàtlera,ca,"Islas Baleares, ES","",,Catalan,Rafel Matamales Andreu,2025-12-23T11:09:04Z
723263,Repicatalons espanyol,ca,"","",,Catalan,Izan Lopez Vergel,2025-12-31T16:10:28Z
718001,Grasset de muntanya occidental,ca,"","",,Catalan,Izan Lopez Vergel,2025-12-31T16:13:10Z
709352,Reietó europeu,ca,"","",,Catalan,Izan Lopez Vergel,2026-01-02T20:10:11Z
1659699,Falsa somereta de n'Àngel Ginés,ca,"","",,Catalan,Rafel Matamales Andreu,2026-01-03T15:18:56Z
1160413,Caragol de Serp Menorquí,ca,"","",,Catalan,Rafel Matamales Andreu,2026-01-03T15:23:23Z
74219,Rat-grill,ca,"","",,Catalan,Rafel Matamales Andreu,2026-01-03T18:49:50Z
1370737,Rata Aranyera,ca,"","",,Catalan,Rafel Matamales Andreu,2026-01-03T18:50:35Z
1661089,Rata de Coa Blanca,ca,"","",,Catalan,Rafel Matamales Andreu,2026-01-03T19:08:11Z
1661539,Peix joia de Azuma,ca,"","",https://www.inaturalist.org/taxon_names/3369102/edit,Catalan,,2026-01-06T13:21:02Z
620729,Peix joia de Kellogg,ca,"","",https://www.inaturalist.org/taxon_names/3369135/edit,Catalan,Donald Davesne,2026-01-06T13:24:17Z
1661540,Peix joia de Arafura,ca,"","",https://www.inaturalist.org/taxon_names/3369167/edit,Catalan,,2026-01-06T13:26:41Z
1661541,Peix joia mesofòtic,ca,"","",https://www.inaturalist.org/taxon_names/3369124/edit,Catalan,Donald Davesne,2026-01-06T13:29:22Z
1661542,Peix joia bandera,ca,"","",https://www.inaturalist.org/taxon_names/3369176/edit,Catalan,,2026-01-06T13:31:41Z
1661543,Peix joia coure,ca,"","",https://www.inaturalist.org/taxon_names/3369180/edit,Catalan,Donald Davesne,2026-01-06T13:34:23Z
1661545,Peix joia de Mauge,ca,"","",https://www.inaturalist.org/taxon_names/3369160/edit,Catalan,,2026-01-06T13:45:00Z
1661556,Peix joia sol,ca,"","",https://www.inaturalist.org/taxon_names/3369092/edit,Catalan,,2026-01-06T15:27:44Z
1661558,Peix joia furtiu,ca,"","",https://www.inaturalist.org/taxon_names/3369097/edit,Catalan,,2026-01-06T15:28:55Z
1661559,Peix joia de Alcock,ca,"","",https://www.inaturalist.org/taxon_names/3369093/edit,Catalan,,2026-01-06T15:30:36Z
1661560,Peix joia australià,ca,"","",https://www.inaturalist.org/taxon_names/3369094/edit,Catalan,,2026-01-06T15:31:59Z
1661561,Peix joia ratllat,ca,"","",https://www.inaturalist.org/taxon_names/3369104/edit,Catalan,,2026-01-06T15:34:18Z
1661562,Peix joia de Kermadec,ca,"","",https://www.inaturalist.org/taxon_names/3369105/edit,Catalan,,2026-01-06T15:35:31Z
1661563,Peix joia de roca,ca,"","",https://www.inaturalist.org/taxon_names/3369106/edit,Catalan,,2026-01-06T15:36:42Z
1661564,Peix joia vermell,ca,"","",https://www.inaturalist.org/taxon_names/3369107/edit,Catalan,,2026-01-06T15:38:10Z
1661566,Peix joia de taques taronges,ca,"","",https://www.inaturalist.org/taxon_names/3369109/edit,Catalan,,2026-01-06T15:41:00Z
1661567,Peix joia de Juan Fernández,ca,"","",https://www.inaturalist.org/taxon_names/3369110/edit,Catalan,,2026-01-06T15:42:38Z
1661570,Peix joia rovellat,ca,"","",https://www.inaturalist.org/taxon_names/3369111/edit,Catalan,,2026-01-06T15:46:11Z
1661571,Peix joia de Fiji,ca,"","",https://www.inaturalist.org/taxon_names/3369112/edit,Catalan,,2026-01-06T15:47:13Z
1661572,Peix joia tigre,ca,"","",https://www.inaturalist.org/taxon_names/3369113/edit,Catalan,,2026-01-06T15:48:37Z
1661573,Peix joia de Forest,ca,"","",https://www.inaturalist.org/taxon_names/3369114/edit,Catalan,,2026-01-06T15:49:56Z
1661574,Peix joia de taques dobles,ca,"","",https://www.inaturalist.org/taxon_names/3369116/edit,Catalan,,2026-01-06T15:52:09Z
1661575,Peix joia rei,ca,"","",https://www.inaturalist.org/taxon_names/3369365/edit,Catalan,,2026-01-06T15:54:59Z
1661576,Peix joia de Hinano,ca,"","",https://www.inaturalist.org/taxon_names/3369121/edit,Catalan,,2026-01-06T15:57:43Z
1661577,Peix joia escacs,ca,"","",https://www.inaturalist.org/taxon_names/3369122/edit,Catalan,,2026-01-06T15:58:58Z
1661578,Peix joia costaner,ca,"","",https://www.inaturalist.org/taxon_names/3369153/edit,Catalan,,2026-01-06T16:02:06Z
1661580,Peix joia vermellós,ca,"","",https://www.inaturalist.org/taxon_names/3369149/edit,Catalan,,2026-01-06T16:04:53Z
1661581,Peix joia de Last,ca,"","",https://www.inaturalist.org/taxon_names/3369151/edit,Catalan,,2026-01-06T16:06:09Z
1661582,Peix joia cítric,ca,"","",https://www.inaturalist.org/taxon_names/3369170/edit,Catalan,,2026-01-06T16:10:13Z
1661584,Peix joia nan,ca,"","",https://www.inaturalist.org/taxon_names/3369174/edit,Catalan,,2026-01-06T16:12:05Z
1661585,Peix joia de Nazca,ca,"","",https://www.inaturalist.org/taxon_names/3369352/edit,Catalan,,2026-01-06T16:13:34Z
1661586,Peix joia de Hinomaru,ca,"","",,Catalan,José Pedro De Campos Fogaça,2026-01-06T16:15:32Z
1661586,Peix joia de punt gran,ca,"","",,Catalan,José Pedro De Campos Fogaça,2026-01-06T16:15:33Z
1661587,Peix joia d'escull profund,ca,"","",https://www.inaturalist.org/taxon_names/3369355/edit,Catalan,,2026-01-06T16:17:12Z
1661588,Peix joia falcó,ca,"","",https://www.inaturalist.org/taxon_names/3369357/edit,Catalan,,2026-01-06T16:19:48Z
1661589,Peix joia de antena,ca,"","",https://www.inaturalist.org/taxon_names/3369360/edit,Catalan,,2026-01-06T16:22:03Z
1661591,Peix joia elegant,ca,"","",https://www.inaturalist.org/taxon_names/3369369/edit,Catalan,,2026-01-06T16:24:48Z
1661592,Peix joia japonès,ca,"","",https://www.inaturalist.org/taxon_names/3369373/edit,Catalan,,2026-01-06T16:25:58Z
1661593,Peix joia d'Oman,ca,"","",https://www.inaturalist.org/taxon_names/3369382/edit,Catalan,,2026-01-06T16:27:20Z
1661594,Peix joia nugget,ca,"","",https://www.inaturalist.org/taxon_names/3369386/edit,Catalan,,2026-01-06T16:28:24Z
1661595,Peix joia de Melanèsia,ca,"","",https://www.inaturalist.org/taxon_names/3369172/edit,Catalan,,2026-01-06T16:29:40Z
1661596,Peix joia críptic,ca,"","",https://www.inaturalist.org/taxon_names/3369385/edit,Catalan,,2026-01-06T16:31:15Z
1661597,Peix joia de cua taca,ca,"","",https://www.inaturalist.org/taxon_names/3369155/edit,Catalan,Donald Davesne,2026-01-06T16:32:53Z
1661598,Peix joia escorpí,ca,"","",https://www.inaturalist.org/taxon_names/3369117/edit,Catalan,,2026-01-06T16:34:28Z
1661599,Peix joia cap de mel,ca,"","",https://www.inaturalist.org/taxon_names/3369375/edit,Catalan,,2026-01-06T16:35:39Z
95784,Bitínia de Fornalutx,ca,"","",,Catalan,Rafel Matamales Andreu,2026-01-14T20:55:10Z
95794,Bitínia de Sóller,ca,"","",,Catalan,Rafel Matamales Andreu,2026-01-14T20:55:58Z
631748,Miotragus,ca,"","",,Catalan,Rafel Matamales Andreu,2026-01-15T09:18:46Z
48256,Avet de Douglas,ca,"","",,Catalan,Izan Lopez Vergel,2026-01-15T11:12:54Z
112706,Peix llapis nas afilat,ca,"","",https://www.inaturalist.org/taxon_names/3365836/edit,Catalan,,2026-01-16T16:05:15Z
112705,Peix llapis pigmeu,ca,"","",https://www.inaturalist.org/taxon_names/3365841/edit,Catalan,,2026-01-16T16:05:15Z
112707,Peix llapis bec d'ànec,ca,"","",https://www.inaturalist.org/taxon_names/3365843/edit,Catalan,,2026-01-16T16:05:18Z
68648,Peix llapis fi,ca,"","",https://www.inaturalist.org/taxon_names/3365840/edit,Catalan,,2026-01-16T16:05:22Z
112708,Peix llapis d'algues,ca,"","",https://www.inaturalist.org/taxon_names/3365844/edit,Catalan,,2026-01-16T16:05:24Z
335858,Creuadeta marina,ca,"","",,Catalan,Izan Lopez Vergel,2026-01-18T19:21:39Z
418789,Silene de platja,ca,"","",,Catalan,Izan Lopez Vergel,2026-01-18T19:24:28Z
553848,Timó marí,ca,"","",,Catalan,Izan Lopez Vergel,2026-01-18T19:28:04Z
371900,Violer marí,ca,"","",,Catalan,Izan Lopez Vergel,2026-01-18T19:46:35Z
333720,Bolig bord,ca,"","",,Catalan,Izan Lopez Vergel,2026-01-18T19:58:34Z
56024,Artoteca,ca,"","",,Catalan,Izan Lopez Vergel,2026-01-18T19:59:42Z
67328,Monja,ca,"Islas Baleares, ES","",,Catalan,Rafel Matamales Andreu,2026-01-21T20:05:17Z
1095317,escorpí negre,ca,"","",https://www.inaturalist.org/taxon_names/574487/edit,Catalan,,2026-01-24T18:55:33Z
41503,Dofí tacat de l'Atlàntic,ca,"","",,Catalan,Izan Lopez Vergel,2026-02-04T15:04:59Z
399272,Fura,ca,"","",,Catalan,Izan Lopez Vergel,2026-02-04T15:05:38Z
40574,Nòctul de les Açores,ca,"","",,Catalan,Izan Lopez Vergel,2026-02-04T15:06:35Z
77310,Ruibarbe gegant,ca,"","",,Catalan,Izan Lopez Vergel,2026-02-04T15:19:17Z
483201,pensament del Montseny,ca,"","",,Catalan,Alba Rovira,2026-02-04T20:45:36Z
1533950,Caragol disc,ca,"","",,Catalan,Izan Lopez Vergel,2026-02-06T17:43:06Z
102393,Caragol pla,ca,"","",,Catalan,Izan Lopez Vergel,2026-02-06T17:43:34Z
326871,Aranya Llop,ca,"","",,Catalan,Izan Lopez Vergel,2026-02-06T17:46:15Z
127112,Falsa Aranya Llop,ca,"","",,Catalan,Izan Lopez Vergel,2026-02-06T17:47:16Z
52628,Aranya de la creu,ca,"","",,Catalan,Izan Lopez Vergel,2026-02-06T17:47:55Z
124540,Escarabat vespa,ca,"","",,Catalan,Izan Lopez Vergel,2026-02-06T17:48:53Z
341066,Banyarriquer del pi,ca,"","",,Catalan,Izan Lopez Vergel,2026-02-06T17:49:35Z
495900,Falena,ca,"","",,Catalan,Izan Lopez Vergel,2026-02-06T17:56:59Z
509000,Barrera rosada comuna,ca,"","",,Catalan,Izan Lopez Vergel,2026-02-06T17:57:43Z
499838,Gitana,ca,"","",,Catalan,Izan Lopez Vergel,2026-02-06T17:59:09Z
1071036,Langur Gris Meridional,ca,"","",,Catalan,Rafel Matamales Andreu,2026-02-17T20:33:33Z
147842,Langur Gris d'Sri Lanka,ca,"","",,Catalan,Rafel Matamales Andreu,2026-02-17T20:34:05Z
31508,Llangardaix Cangur d'Sri Lanka,ca,"","",,Catalan,Rafel Matamales Andreu,2026-02-17T20:37:37Z
1304712,Cròtal Verd d'Sri Lanka,ca,"","",,Catalan,Rafel Matamales Andreu,2026-02-17T20:41:00Z
31525,Llangardaix de Cap de Lira,ca,"","",,Catalan,Rafel Matamales Andreu,2026-02-17T20:45:28Z
100813,Escinc Bronzat d'Sri Lanka,ca,"","",,Catalan,Rafel Matamales Andreu,2026-02-17T20:46:24Z
1123343,Axis d'Sri Lanka,ca,"","",,Catalan,Rafel Matamales Andreu,2026-02-17T20:48:43Z
7710,Prínia Senzilla,ca,"","",,Catalan,Rafel Matamales Andreu,2026-02-17T20:53:22Z
7875,Oriol Capnegre Asiàtic,ca,"","",,Catalan,Rafel Matamales Andreu,2026-02-17T20:54:11Z
72847,Menjamosques Blau d'Sri Lanka,ca,"","",,Catalan,Rafel Matamales Andreu,2026-02-17T20:55:15Z
642466,Monarca del Paradís d'Sri Lanka,ca,"","",,Catalan,Rafel Matamales Andreu,2026-02-17T20:56:16Z
145203,Suimanga de Loten,ca,"","",,Catalan,Rafel Matamales Andreu,2026-02-17T20:57:03Z
4264,Corb Marí de l'Índia,ca,"","",,Catalan,Rafel Matamales Andreu,2026-02-17T20:58:44Z
4738,Cigonya Collblanca Asiàtica,ca,"","",,Catalan,Rafel Matamales Andreu,2026-02-17T20:59:24Z
8126,Coa de Ventall de Cella Blanca,ca,"","",,Catalan,Rafel Matamales Andreu,2026-02-17T21:00:17Z
729859,Coa de Ventall de Cella Blanca d'Sri Lanka,ca,"","",,Catalan,Rafel Matamales Andreu,2026-02-17T21:01:53Z
8414,Garsa Blava d'Sri Lanka,ca,"","",,Catalan,Rafel Matamales Andreu,2026-02-17T21:03:19Z
497004,Corb Marí de Java,ca,"","",,Catalan,Rafel Matamales Andreu,2026-02-18T08:20:27Z
717333,Minivet Flamíger,ca,"","",,Catalan,Rafel Matamales Andreu,2026-02-18T08:21:20Z
114226,Carpa del Deccan,ca,"","",,Catalan,Rafel Matamales Andreu,2026-02-18T08:22:58Z
103089,Cròtal Nassut de les Terres Baixes,ca,"","",,Catalan,Rafel Matamales Andreu,2026-02-18T08:24:42Z
34517,Dragó Domèstic Clapat,ca,"","",,Catalan,Rafel Matamales Andreu,2026-02-18T08:25:50Z
13887,Maniquí de Carpó Blanc,ca,"","",,Catalan,Rafel Matamales Andreu,2026-02-18T08:27:12Z
1289850,Tordenc de Bec Groc d'Sri Lanka,ca,"","",,Catalan,Rafel Matamales Andreu,2026-02-18T08:31:18Z
29223,Serp Kukri d'en Duméril,ca,"","",,Catalan,Rafel Matamales Andreu,2026-02-18T08:33:48Z
34429,Dragó Arborícola Indopacífic,ca,"","",,Catalan,Rafel Matamales Andreu,2026-02-18T08:34:42Z
34511,Dragó de Dits Foliars d'Sri Lanka,ca,"","",,Catalan,Rafel Matamales Andreu,2026-02-18T08:35:20Z
68528,Serp Liana Verda d'Sri Lanka,ca,"","",,Catalan,Rafel Matamales Andreu,2026-02-18T08:36:06Z
144686,Pica-soques Sultà d'Sri Lanka,ca,"","",,Catalan,Rafel Matamales Andreu,2026-02-18T08:37:04Z
428379,Caragol Gegant d'Sri Lanka,ca,"","",,Catalan,Rafel Matamales Andreu,2026-02-23T16:10:30Z
504093,Formiga Sense-reina de Borneo,ca,"","",,Catalan,Rafel Matamales Andreu,2026-02-23T16:25:32Z
117293,Formiga Teixidora Asiàtica,ca,"","",,Catalan,Rafel Matamales Andreu,2026-02-23T16:26:13Z
796160,Aranya Imitadora de la Formiga Teixidora Asiàtica,ca,"","",,Catalan,Rafel Matamales Andreu,2026-02-23T16:27:03Z
245955,Abella de la Mel Gegant,ca,"","",,Catalan,Rafel Matamales Andreu,2026-02-23T16:41:03Z
338194,Abella de la Mel Asiàtica,ca,"","",,Catalan,Rafel Matamales Andreu,2026-02-23T16:41:33Z
342689,Vespa Asiàtica Cintada Menor,ca,"","",,Catalan,Rafel Matamales Andreu,2026-02-23T16:42:56Z
1489269,Abella Sense Fibló d'Ales Irisades,ca,"","",,Catalan,Rafel Matamales Andreu,2026-02-23T16:44:04Z
3756,Ibis Negre,ca,"Islas Baleares, ES","",,Catalan,Rafel Matamales Andreu,2026-02-23T16:58:52Z
3901,Curlera,ca,"Islas Baleares, ES","",,Catalan,Rafel Matamales Andreu,2026-02-23T17:00:08Z
21444,Calàpet Nan de n'Schneider,ca,"","",,Catalan,Rafel Matamales Andreu,2026-02-23T17:09:19Z
21827,Calàpet Nan d'en Kelaart,ca,"","",,Catalan,Rafel Matamales Andreu,2026-02-23T17:09:54Z
26093,Granota Àgil Comuna,ca,"","",,Catalan,Rafel Matamales Andreu,2026-02-23T17:10:23Z
26262,Granota Toro d'en Jerdon,ca,"","",,Catalan,Rafel Matamales Andreu,2026-02-23T17:10:52Z
62345,Calàpet Comú Asiàtic,ca,"Islas Baleares, ES","",,Catalan,Rafel Matamales Andreu,2026-02-23T17:12:17Z
107889,Tilàpia de Moçambic,ca,"","",,Catalan,Rafel Matamales Andreu,2026-02-23T17:12:53Z
173412,Gupi,ca,"","",,Catalan,Rafel Matamales Andreu,2026-02-23T17:13:42Z
778426,Esquirol Gegant d'Sri Lanka Meridional,ca,"","",,Catalan,Rafel Matamales Andreu,2026-02-23T17:22:00Z
1058061,Esquirol Gegant d'Sri Lanka Septentrional,ca,"","",,Catalan,Rafel Matamales Andreu,2026-02-23T17:22:28Z
1526887,Esquirol Gegant d'Sri Lanka d'Esquena Fosca,ca,"","",,Catalan,Rafel Matamales Andreu,2026-02-23T17:23:09Z
1369308,Langur de Cara Porprada,ca,"","",,Catalan,Rafel Matamales Andreu,2026-02-23T17:24:22Z
1072982,Langur de Cara Porprada de Muntanya,ca,"","",,Catalan,Rafel Matamales Andreu,2026-02-23T17:25:04Z
1369322,Langur de Cara Porprada Occidental,ca,"","",,Catalan,Rafel Matamales Andreu,2026-02-23T17:26:21Z
1369323,Langur de Cara Porprada Septentrional,ca,"","",,Catalan,Rafel Matamales Andreu,2026-02-23T17:26:50Z
1081881,Langur de Cara Porprada Meridional,ca,"","",,Catalan,Rafel Matamales Andreu,2026-02-23T17:27:11Z
1290007,Bulbul de Cul Vermell d'Sri Lanka,ca,"","",,Catalan,Rafel Matamales Andreu,2026-02-23T17:29:16Z
356050,Abella Sense Fibló d'Ales Irisades,ca,"","",,Catalan,Rafel Matamales Andreu,2026-02-23T17:33:55Z
47552,Aranyes de Jardí,ca,"","",,Catalan,Rafel Matamales Andreu,2026-02-23T17:39:50Z
476582,Granota Toro d'Sri Lanka,ca,"","",,Catalan,Rafel Matamales Andreu,2026-02-23T17:40:32Z
343173,Planària Asiàtica de Cap de Martell,ca,"","",,Catalan,Rafel Matamales Andreu,2026-02-23T17:41:22Z
155026,Formiga Arbòria Gràcil Bicolor,ca,"","",,Catalan,Rafel Matamales Andreu,2026-02-23T17:42:46Z
793777,Aranya Imitadora de la Formiga Arbòria Gràcil Bicolor,ca,"","",,Catalan,Rafel Matamales Andreu,2026-02-23T17:43:23Z
67596,Formiga de Foc Tropical,ca,"","",,Catalan,Rafel Matamales Andreu,2026-02-23T17:44:00Z
123386,Formiga Boja Groga,ca,"","",,Catalan,Rafel Matamales Andreu,2026-02-23T17:44:40Z
366830,Formiga Espinosa d'Ulls Separats,ca,"","",,Catalan,Rafel Matamales Andreu,2026-02-23T17:48:05Z
69568,Formiga Domèstica de Peus Blancs,ca,"","",,Catalan,Rafel Matamales Andreu,2026-02-23T17:48:42Z
428254,Formiga Vellutada del Sucre,ca,"","",,Catalan,Rafel Matamales Andreu,2026-02-23T17:49:22Z
7120,Ànnera Muda,ca,"Islas Baleares, ES","",,Catalan,Rafel Matamales Andreu,2026-02-27T20:41:33Z
204094,Ànnera Muda Domèstica,ca,"Islas Baleares, ES","",,Catalan,Rafel Matamales Andreu,2026-02-27T20:42:44Z
326092,Ànnera de Coll Verd × Ànnera Muda,ca,"Islas Baleares, ES","",,Catalan,Rafel Matamales Andreu,2026-02-27T20:44:23Z
1319807,Granota comuna europea,ca,"","",https://www.inaturalist.org/taxon_names/2541650/edit,Catalan,Chris Thawley,2026-03-03T10:28:14Z
1671323,Escarabat pudent,ca,"Catalunya, ES","",https://www.inaturalist.org/taxon_names/3705858/edit,Catalan,,2026-03-03T16:07:05Z
339480,Abellera aranyosa,ca,"","",,Catalan,Izan Lopez Vergel,2026-03-09T13:21:51Z
83816,Flor d'abella,ca,"","",,Catalan,Izan Lopez Vergel,2026-03-09T13:23:39Z
82875,Abellera de mirall,ca,"","",,Catalan,Izan Lopez Vergel,2026-03-09T13:24:29Z
1455311,Abellera fosca,ca,"","",,Catalan,Izan Lopez Vergel,2026-03-09T13:25:02Z
131625,consolda petita,ca,"","",,Catalan,Alba Rovira,2026-03-14T13:41:51Z
56327,Antocerotes,ca,"","",,Catalan,Izan Lopez Vergel,2026-03-16T12:38:05Z
980854,Alzina continental,ca,"","",,Catalan,Izan Lopez Vergel,2026-03-18T08:28:49Z
78805,Alzina litoral,ca,"Cataluña, ES","",,Catalan,Izan Lopez Vergel,2026-03-18T08:31:27Z
82946,Alzina carrasca,ca,"","",,Catalan,Izan Lopez Vergel,2026-03-18T08:32:40Z
57723,Orgull de Madeira,ca,"","",,Catalan,Izan Lopez Vergel,2026-03-20T13:26:31Z
82946,Alzina d’aglà dolç,ca,"","",,Catalan,Izan Lopez Vergel,2026-03-23T09:35:47Z
78805,Alzina de fulla llarga,ca,"","",,Catalan,Izan Lopez Vergel,2026-03-23T09:40:02Z
342171,Ratolí domèstic,ca,"","",,Catalan,Izan Lopez Vergel,2026-03-30T13:27:09Z
874749,Cuc Sabater de Cames Grogues,ca,"","",,Catalan,Rafel Matamales Andreu,2026-04-12T09:54:46Z
461070,Cuc de Cent Cames d'Oran,ca,"","",,Catalan,Rafel Matamales Andreu,2026-04-12T09:57:16Z
1029104,Cuc Milà de Llevant,ca,"","",,Catalan,Rafel Matamales Andreu,2026-04-12T09:59:17Z
65629,Granota d'Esquena Daurada d'en Günther,ca,"","",https://www.inaturalist.org/taxon_names/4151669/edit,Catalan,,2026-04-12T18:27:19Z
776009,Cigala Borda Gimnèsica,ca,"","",,Catalan,Rafel Matamales Andreu,2026-04-17T09:38:23Z
12992,Coa-roja,ca,"Islas Baleares, ES","",,Catalan,Rafel Matamales Andreu,2026-04-17T09:52:46Z
523123,Cigales Bordes,ca,"Islas Baleares, ES","",,Catalan,Rafel Matamales Andreu,2026-04-17T09:54:52Z
757608,Llagost Balear,ca,"","",,Catalan,Rafel Matamales Andreu,2026-04-17T10:03:23Z
132070,Cigala Borda Verda de Coll Curt,ca,"Islas Baleares, ES","",,Catalan,Rafel Matamales Andreu,2026-04-17T10:54:07Z
434250,Cigala Borda Verda de Coll Llarg,ca,"Islas Baleares, ES","",,Catalan,Rafel Matamales Andreu,2026-04-17T10:54:50Z
548418,Gripauet,ca,"","",,Catalan,Xavier Béjar,2026-04-18T10:39:54Z
118895,Anemone de mar comuna,ca,"","",https://www.inaturalist.org/taxon_names/943865/edit,Catalan,,2026-04-19T13:24:10Z
118895,fideus de mar,ca,"","",https://www.inaturalist.org/taxon_names/943866/edit,Catalan,,2026-04-19T13:24:10Z
974757,Escarabat Buiner Mallorquí,ca,"","",,Catalan,Rafel Matamales Andreu,2026-04-19T16:09:14Z
424336,Llagost Ploraner,ca,"","",,Catalan,Rafel Matamales Andreu,2026-04-20T18:37:30Z
469149,Poriol Dolent,ca,"","",,Catalan,Rafel Matamales Andreu,2026-04-20T18:40:01Z
120156,Mosca Domèstica,ca,"","",,Catalan,Rafel Matamales Andreu,2026-04-20T18:40:29Z
448024,Caragol de Bufeta Punxegut,ca,"","",,Catalan,Rafel Matamales Andreu,2026-04-20T19:08:50Z
104839,Barb comú,ca,"","",,Catalan,Jenna Whitney,2026-04-21T00:53:23Z
135408,Roure turc,ca,"","",,Catalan,Izan Lopez Vergel,2026-04-21T07:15:47Z
135408,Roure cerris,ca,"","",,Catalan,Izan Lopez Vergel,2026-04-21T07:16:01Z
133250,Saltamartí,ca,"","",,Catalan,Rafel Matamales Andreu,2026-04-23T15:24:35Z
1359234,Espernallac silvestre,ca,"","",,Catalan,Izan Lopez Vergel,2026-04-25T06:53:31Z
169649,Bengranat,ca,"","",,Catalan,Izan Lopez Vergel,2026-04-25T06:56:59Z
61024,Trèvol pelut,ca,"","",,Catalan,Izan Lopez Vergel,2026-04-25T06:59:18Z
1662516,Arenària del Montcau,ca,"","",,Catalan,Izan Lopez Vergel,2026-04-25T07:00:32Z
543645,Cotonets,ca,"","",,Catalan,Izan Lopez Vergel,2026-04-25T13:13:30Z
77971,Userda borda,ca,"","",,Catalan,Izan Lopez Vergel,2026-04-25T13:15:53Z
1117731,Espantallops,ca,"","",,Catalan,Izan Lopez Vergel,2026-04-25T14:31:01Z
795450,Llet de bruixa,ca,"","",,Catalan,Izan Lopez Vergel,2026-04-26T08:54:58Z
162205,Équium crètic,ca,"","",,Catalan,Izan Lopez Vergel,2026-04-26T08:56:43Z
1426045,Llengua de bou de Can Palomeres,ca,"","",,Catalan,Izan Lopez Vergel,2026-04-26T08:58:11Z
243620,Gallets,ca,"","",,Catalan,Izan Lopez Vergel,2026-04-29T20:29:22Z
115188,Raor,ca,"Islas Baleares, ES","",,Catalan,Rafel Matamales Andreu,2026-05-01T14:22:26Z
1019125,Pota d’euga,ca,"","",,Catalan,Izan Lopez Vergel,2026-05-03T07:41:12Z
546356,Xinxa Retxada de Sardenya,ca,"","",,Catalan,Rafel Matamales Andreu,2026-05-06T18:47:05Z
1671319,Escarabatera Grossa,ca,"","",,Catalan,Rafel Matamales Andreu,2026-05-07T14:07:44Z
1671323,Escarabatera Pudenta,ca,"Islas Baleares, ES","",,Catalan,Rafel Matamales Andreu,2026-05-07T14:09:43Z
1671313,Escarabateres,ca,"","",,Catalan,Rafel Matamales Andreu,2026-05-07T14:10:27Z
347542,Formiga Traginera,ca,"","",,Catalan,Rafel Matamales Andreu,2026-05-08T09:15:59Z
4835,Avisador,ca,"Islas Baleares, ES","",,Catalan,Rafel Matamales Andreu,2026-05-08T09:16:42Z
123815,Papallona Llimonera,ca,"Islas Baleares, ES","",,Catalan,Rafel Matamales Andreu,2026-05-08T09:17:26Z
369808,Puça de Mar Mediterrània,ca,"Islas Baleares, ES","",,Catalan,Rafel Matamales Andreu,2026-05-08T09:19:47Z
55721,Colitxos,ca,"Catalunya, ES","",,Catalan,Xavier Béjar,2026-05-10T16:21:02Z
55910,Herba de l'esparver,ca,"Catalunya, ES","",,Catalan,Xavier Béjar,2026-05-10T21:29:01Z
628203,espunyidella peluda,ca,"Catalunya, ES","",,Catalan,Xavier Béjar,2026-05-10T21:34:16Z
60888,linària origanifòlia,ca,"","",,Catalan,Salvador Prat Oller,2026-05-12T10:07:47Z
59202,Gavina de Mantell Blau,ca,"Islas Baleares, ES","",,Catalan,Rafel Matamales Andreu,2026-05-15T13:08:58Z
144510,Gavina d'Hivern,ca,"Islas Baleares, ES","",,Catalan,Rafel Matamales Andreu,2026-05-15T13:09:38Z
4450,Llambritja,ca,"Islas Baleares, ES","",,Catalan,Rafel Matamales Andreu,2026-05-15T13:10:19Z
144529,Llambritja Menuda,ca,"Islas Baleares, ES","",,Catalan,Rafel Matamales Andreu,2026-05-15T13:11:26Z
4504,Cadafet,ca,"Islas Baleares, ES","",,Catalan,Rafel Matamales Andreu,2026-05-15T13:12:13Z
4627,Cabussó Petit,ca,"Islas Baleares, ES","",,Catalan,Rafel Matamales Andreu,2026-05-15T13:32:15Z
4623,Cabussó,ca,"Islas Baleares, ES","",,Catalan,Rafel Matamales Andreu,2026-05-15T13:33:05Z
4626,Cabussó Gros,ca,"Islas Baleares, ES","",,Catalan,Rafel Matamales Andreu,2026-05-15T13:33:40Z
4237,Setmesó,ca,"Islas Baleares, ES","",,Catalan,Rafel Matamales Andreu,2026-05-15T13:34:25Z
4205,Soterí,ca,"Islas Baleares, ES","",,Catalan,Rafel Matamales Andreu,2026-05-15T13:35:03Z
4209,Soterí de Coll Blanc,ca,"Islas Baleares, ES","",,Catalan,Rafel Matamales Andreu,2026-05-15T13:35:52Z
4224,Soterí Gris,ca,"Islas Baleares, ES","",,Catalan,Rafel Matamales Andreu,2026-05-15T13:36:42Z
4208,Soterí Gros,ca,"Islas Baleares, ES","",,Catalan,Rafel Matamales Andreu,2026-05-15T13:38:00Z
512826,Soterí Gros Eurasiàtic,ca,"Islas Baleares, ES","",,Catalan,Rafel Matamales Andreu,2026-05-15T13:38:39Z
475120,Virot capnegre,ca,"Islas Baleares, ES","",,Catalan,Rafel Matamales Andreu,2026-05-15T13:40:30Z
4170,Noneta,ca,"Islas Baleares, ES","",,Catalan,Rafel Matamales Andreu,2026-05-15T13:41:08Z
1289622,Noneta Grossa,ca,"Islas Baleares, ES","",,Catalan,Rafel Matamales Andreu,2026-05-15T13:41:53Z
4270,Corpetassa,ca,"Islas Baleares, ES","",,Catalan,Rafel Matamales Andreu,2026-05-15T13:43:26Z
1289604,Corb Marí,ca,"Islas Baleares, ES","",,Catalan,Rafel Matamales Andreu,2026-05-15T13:43:53Z
1578961,Suís,ca,"Islas Baleares, ES","",,Catalan,Rafel Matamales Andreu,2026-05-15T13:44:58Z
4981,Orval,ca,"Islas Baleares, ES","",,Catalan,Rafel Matamales Andreu,2026-05-15T13:45:40Z
4994,Toret,ca,"Islas Baleares, ES","",,Catalan,Rafel Matamales Andreu,2026-05-15T13:46:16Z
4943,Agró Blanc,ca,"Islas Baleares, ES","",,Catalan,Rafel Matamales Andreu,2026-05-15T13:48:25Z
516831,Agró Blanc Eurasiàtic,ca,"Islas Baleares, ES","",,Catalan,Rafel Matamales Andreu,2026-05-15T13:49:26Z
2599,Arner,ca,"Islas Baleares, ES","",,Catalan,Rafel Matamales Andreu,2026-05-15T13:51:37Z
31260,Llangardaixos de Jardí Orientals,ca,"","",,Catalan,Rafel Matamales Andreu,2026-05-15T13:58:24Z
1167507,Fura Gimnèsica,ca,"","",,Catalan,Rafel Matamales Andreu,2026-05-15T13:58:48Z
4993,Toret de l'Índia,ca,"Islas Baleares, ES","",,Catalan,Rafel Matamales Andreu,2026-05-15T13:59:58Z
4449,Llambritja Àrtica,ca,"Islas Baleares, ES","",,Catalan,Rafel Matamales Andreu,2026-05-15T14:03:28Z
7359,Cucullada,ca,"Islas Baleares, ES","",,Catalan,Rafel Matamales Andreu,2026-05-15T14:03:57Z
9192,Hortolà de Coll Negre,ca,"Islas Baleares, ES","",,Catalan,Rafel Matamales Andreu,2026-05-15T14:06:07Z
13712,Titina de Camp,ca,"Islas Baleares, ES","",,Catalan,Rafel Matamales Andreu,2026-05-15T14:07:07Z
145031,Rupit Indi,ca,"Islas Baleares, ES","",,Catalan,Rafel Matamales Andreu,2026-05-15T14:08:26Z
1471481,Herba prima,ca,"","",https://www.inaturalist.org/taxon_names/2371354/edit,Catalan,,2026-05-17T20:22:06Z
856252,Gambeta fada de bassal,ca,"","",,Catalan,Naturalista,2026-05-18T16:19:49Z
856252,Peixet de bassal,ca,"","",,Catalan,Naturalista,2026-05-18T16:23:59Z
119123,Gambetes fada,ca,"","",,Catalan,Naturalista,2026-05-18T16:32:08Z
119123,Anostracis,ca,"","",,Catalan,Naturalista,2026-05-18T16:34:33Z
68543,Pedrenca marina,ca,"","",,Catalan,Enric Gràcia i Barba,2026-05-18T18:58:38Z
1654526,Conillets,ca,"","",https://www.inaturalist.org/taxon_names/4203869/edit,Catalan,,2026-05-18T19:19:22Z
787617,Granota Grill Asiàtica Comuna,ca,"","",,Catalan,Rafel Matamales Andreu,2026-05-20T19:20:13Z
474831,Sabater Gros,ca,"","",,Catalan,Rafel Matamales Andreu,2026-05-20T19:21:01Z
1455918,Tórtora Favada,ca,"Islas Baleares, ES","",,Catalan,Rafel Matamales Andreu,2026-05-20T19:21:46Z
48032,Vogamarí de Roca,ca,"Islas Baleares, ES","",,Catalan,Rafel Matamales Andreu,2026-05-20T19:26:18Z
348362,Vespa Maragda de les Cuques Molles,ca,"","",,Catalan,Rafel Matamales Andreu,2026-05-20T19:27:31Z
361850,Cranc Fantasma d'Ulls Banyuts,ca,"","",,Catalan,Rafel Matamales Andreu,2026-05-20T19:28:08Z
486293,Hidra Bruna Vulgar,ca,"","",,Catalan,Rafel Matamales Andreu,2026-05-20T19:28:39Z
1620176,Somereta Peluda Balear,ca,"","",,Catalan,Rafel Matamales Andreu,2026-05-20T19:29:35Z
47716,Cranques,ca,"","",,Catalan,Rafel Matamales Andreu,2026-05-20T19:30:17Z
53737,Cranc Fantasma Pàl·lid,ca,"","",,Catalan,Rafel Matamales Andreu,2026-05-20T19:30:57Z
56651,Orelles de la Mar,ca,"","",,Catalan,Rafel Matamales Andreu,2026-05-20T19:31:20Z
64582,Sabaters Petits,ca,"","",,Catalan,Rafel Matamales Andreu,2026-05-20T19:32:10Z
116999,Àguila Peixatera,ca,"Islas Baleares, ES","",,Catalan,Rafel Matamales Andreu,2026-05-20T19:32:59Z
129454,Capellets,ca,"Islas Baleares, ES","",,Catalan,Rafel Matamales Andreu,2026-05-20T19:33:40Z
141177,Lliri de Foc,ca,"","",,Catalan,Rafel Matamales Andreu,2026-05-20T19:34:23Z
1096121,sarcocapne,ca,"","",,Catalan,Salvador Prat Oller,2026-05-22T09:39:44Z
1238721,espurna voladora,ca,"Catalunya, ES","",,Catalan,Xavier Béjar,2026-05-23T05:17:16Z
48765,Aranya Caçadora Gegant,ca,"","",,Catalan,Rafel Matamales Andreu,2026-05-23T11:12:43Z
1056613,Caragol Gegant d'Sri Lanka de Selva,ca,"","",,Catalan,Rafel Matamales Andreu,2026-05-23T11:22:36Z
428378,Caragol Gegant d'Sri Lanka de Bosc,ca,"","",,Catalan,Rafel Matamales Andreu,2026-05-23T11:23:33Z
428380,Caragol Gegant d'Sri Lanka Superb,ca,"","",,Catalan,Rafel Matamales Andreu,2026-05-23T11:24:38Z
428377,Caragols Gegants d'Sri Lanka,ca,"","",,Catalan,Rafel Matamales Andreu,2026-05-23T11:25:41Z
560892,Fulgora Clapada d'Sri Lanka,ca,"","",,Catalan,Rafel Matamales Andreu,2026-05-23T12:12:56Z
68390,Aranya de Seda d'Or Gegant,ca,"","",,Catalan,Rafel Matamales Andreu,2026-05-23T12:38:42Z
123384,Cranc Fantasma de Mordales Llises,ca,"","",,Catalan,Rafel Matamales Andreu,2026-05-23T12:58:40Z
367470,Gall d'Sri Lanka,ca,"","",,Catalan,Rafel Matamales Andreu,2026-05-23T19:03:57Z
880,Gall Gris de l'Índia,ca,"","",,Catalan,Rafel Matamales Andreu,2026-05-23T19:04:52Z
888,Gall de Java,ca,"","",,Catalan,Rafel Matamales Andreu,2026-05-23T19:05:32Z
1656672,Gall Domèstic × Gall Gris de l'Índia,ca,"","",,Catalan,Rafel Matamales Andreu,2026-05-23T19:06:30Z
495541,estepa terrera,ca,"Catalunya, ES","",,Catalan,Xavier Béjar,2026-05-24T21:15:31Z
338749,Frare del ginestell,ca,"","",,Catalan,Johan Devos,2026-05-25T16:22:07Z
64331,lliri pudent,ca,"Catalunya, ES","",,Catalan,Xavier Béjar,2026-05-27T19:09:02Z
1685281,Caragolí de s'Escull Vermell,ca,"","",,Catalan,Rafel Matamales Andreu,2026-05-29T07:52:52Z
1228623,Caragolí de s'Espartar i Espardell de s'Espartar,ca,"","",,Catalan,Rafel Matamales Andreu,2026-05-29T07:53:54Z
1228624,Caragolí de sa Conillera,ca,"","",,Catalan,Rafel Matamales Andreu,2026-05-29T07:54:40Z
1633903,Caragolí de na Plana i na Gorra,ca,"","",,Catalan,Rafel Matamales Andreu,2026-05-29T07:55:19Z
1633904,Caragolí des Vedrà,ca,"","",,Catalan,Rafel Matamales Andreu,2026-05-29T07:55:44Z
1633905,Caragolí des Vedranell,ca,"","",,Catalan,Rafel Matamales Andreu,2026-05-29T07:56:07Z
1228621,Caragolí dels illots de Porroig,ca,"","",,Catalan,Rafel Matamales Andreu,2026-05-29T07:57:06Z
1633901,"Caragolí d'Eivissa sud-occidental, l'illot de s'Espalmador i es Penjats",ca,"","",,Catalan,Rafel Matamales Andreu,2026-05-29T07:58:00Z
1685393,Cavall de Serp Nan Balear,ca,"","",,Catalan,Rafel Matamales Andreu,2026-05-30T10:24:37Z
430051,Cavall de Serp Nan Europeu,ca,"","",,Catalan,Rafel Matamales Andreu,2026-05-30T10:40:54Z
476105,Cavall de Serp Nan Pàl·lid,ca,"","",,Catalan,Rafel Matamales Andreu,2026-05-30T10:42:41Z
1685171,Escarabat de ses Bledes,ca,"","",,Catalan,Rafel Matamales Andreu,2026-05-30T14:56:58Z
199614,fagònia,ca,"Catalunya, ES","",,Catalan,Montse Almaraz-Rodríguez,2026-06-02T10:01:49Z
78886,roser rubiginós,ca,"Catalunya, ES | Cataluña, ES","",,Catalan,Montse Almaraz-Rodríguez,2026-06-02T10:28:16Z
77655,llentia d´aigua,ca,"Cataluña, ES | Catalunya, ES","",,Catalan,Montse Almaraz-Rodríguez,2026-06-02T12:37:35Z
78016,trifoli lluent,ca,"Cataluña, ES | Catalunya, ES","",,Catalan,Montse Almaraz-Rodríguez,2026-06-02T12:41:21Z
79501,vícia bitínica,ca,"Cataluña, ES | Catalunya, ES","",,Catalan,Montse Almaraz-Rodríguez,2026-06-02T12:47:23Z
122987,sumac,ca,"Cataluña, ES | Catalunya, ES","",,Catalan,Montse Almaraz-Rodríguez,2026-06-02T13:33:07Z
204169,tricòfor,ca,"Cataluña, ES | Catalunya, ES","",,Catalan,Montse Almaraz-Rodríguez,2026-06-02T15:21:09Z
208910,espiga d/'aigua,ca,"Cataluña, ES | Catalunya, ES","",,Catalan,Montse Almaraz-Rodríguez,2026-06-02T15:26:30Z
192623,ginestell doricnifoli,ca,"Cataluña, ES | Catalunya, ES","",,Catalan,Montse Almaraz-Rodríguez,2026-06-02T16:40:34Z
333951,llonja,ca,"Cataluña, ES | Catalunya, ES","",,Catalan,Montse Almaraz-Rodríguez,2026-06-02T19:25:49Z
335681,vidalba,ca,"Cataluña, ES | Catalunya, ES","",,Catalan,Montse Almaraz-Rodríguez,2026-06-03T10:19:34Z
338385,escopiosa,ca,"Cataluña, ES | Catalunya, ES","",,Catalan,Montse Almaraz-Rodríguez,2026-06-03T10:34:16Z
341577,fonollassa,ca,"","",,Catalan,Montse Almaraz-Rodríguez,2026-06-03T10:51:28Z
417289,herba botera,ca,"Cataluña, ES | Catalunya, ES","",,Catalan,Montse Almaraz-Rodríguez,2026-06-03T12:29:22Z
447455,bufera,ca,"","",,Catalan,Montse Almaraz-Rodríguez,2026-06-03T13:01:30Z
165925,Marduix,ca,"","",,Catalan,Jacobo Krauel,2026-06-03T16:58:10Z
57116,Poliol,ca,"","",,Catalan,Jacobo Krauel,2026-06-04T12:45:48Z
48622,Herba gatera,ca,"","",,Catalan,Jacobo Krauel,2026-06-04T13:01:04Z
64549,Pimpinella major,ca,"Catalunya, ES","",,Catalan,Jacobo Krauel,2026-06-04T13:44:52Z
866675,Eufràsia,ca,"Cataluña, ES | Catalunya, ES | Catalunya, ES | Catalunya Nord, ES","",,Catalan,Jacobo Krauel,2026-06-05T07:08:17Z
56229,Tabac de muntanya,ca,"","",,Catalan,Jacobo Krauel,2026-06-05T07:23:40Z
77295,Regalèssia,ca,"Cataluña, ES | Catalunya, ES","",,Catalan,Jacobo Krauel,2026-06-05T07:26:18Z
448161,Herba prima,ca,"Cataluña, ES | Catalunya, ES","",,Catalan,Jacobo Krauel,2026-06-05T07:29:58Z
851211,Serp de collaret atlàntica,ca,"Cataluña, ES | Catalunya, ES | Catalunya Nord, ES","",,Catalan,Jacobo Krauel,2026-06-05T09:07:40Z
46631,Musaranya de jardí,ca,"Cataluña, ES | Catalunya, ES","",,Catalan,Jacobo Krauel,2026-06-05T10:46:14Z
1370695,Musaranya d'aigua europea,ca,"Cataluña, ES | Catalunya, ES","",,Catalan,Jacobo Krauel,2026-06-05T10:52:36Z
1431618,talpó pirinenc,ca,"Cataluña, ES | Catalunya, ES","",,Catalan,Jacobo Krauel,2026-06-05T11:04:08Z
40691,Ferradura mitjana,ca,"Cataluña, ES | Catalunya, ES","",,Catalan,Jacobo Krauel,2026-06-05T14:25:24Z
74692,rater de bigotis petit,ca,"Cataluña, ES | Catalunya, ES","",,Catalan,Jacobo Krauel,2026-06-05T14:34:05Z
40383,Pipistrel·la de vores clares,ca,"Catalunya, ES | Cataluña, ES","",,Catalan,Jacobo Krauel,2026-06-05T14:40:10Z
40391,Pipistrel·la de Nathusius,ca,"Catalunya, ES | Cataluña, ES","",,Catalan,Jacobo Krauel,2026-06-05T14:42:21Z
40364,pipistrel·la comuna,ca,"Cataluña, ES | Catalunya, ES","",,Catalan,Jacobo Krauel,2026-06-05T14:44:03Z
40416,orellut daurat,ca,"Cataluña, ES | Catalunya, ES","",,Catalan,Jacobo Krauel,2026-06-05T14:50:33Z
1596127,Ratpenat dels graners eurasiàtic,ca,"Catalunya, ES | Cataluña, ES","",,Catalan,Jacobo Krauel,2026-06-05T14:57:14Z
40446,ratpenat argentat eurasiàtic,ca,"","",,Catalan,Jacobo Krauel,2026-06-05T15:05:19Z
164026,hisop,ca,"Catalunya, ES | Cataluña, ES","",,Catalan,Jacobo Krauel,2026-06-05T15:33:09Z
204455,Boscarla de canyar,ca,"Cataluña, ES | Catalunya, ES","",,Catalan,Jacobo Krauel,2026-06-05T16:35:58Z
72458,Xivitona maculada,ca,"Cataluña, ES | Catalunya, ES","",,Catalan,Jacobo Krauel,2026-06-05T16:58:13Z
73203,escuraflascons becgròs,ca,"Cataluña, ES | Catalunya, ES","",,Catalan,Jacobo Krauel,2026-06-05T17:02:09Z
516311,Pastanaga marina,ca,"","",,Catalan,Izan Lopez Vergel,2026-06-09T06:29:42Z
1149897,Ensopeguera menuda,ca,"","",,Catalan,Izan Lopez Vergel,2026-06-09T08:20:04Z
116918,Bosqueta icterina,ca,"","",,Catalan,Eduard Codó Cónsol,2026-06-09T17:29:02Z
116802,Boscarla menjamosquits,ca,"","",,Catalan,Eduard Codó Cónsol,2026-06-09T17:41:50Z
133250,Cigala de Nit,ca,"Islas Baleares, ES","",,Catalan,Rafel Matamales Andreu,2026-06-10T18:43:36Z
711373,Falsa Somereta Gegant,ca,"","",,Catalan,Rafel Matamales Andreu,2026-06-10T18:45:37Z
711376,Falsa Somereta Gegant Pitiúsica,ca,"","",,Catalan,Rafel Matamales Andreu,2026-06-10T18:46:12Z
461232,Caragolí Ferruginós Balear,ca,"","",,Catalan,Rafel Matamales Andreu,2026-06-10T18:46:51Z
1636539,Planària de sa Calobra,ca,"","",,Catalan,Rafel Matamales Andreu,2026-06-10T18:49:50Z
58345,jonca marítima,ca,"Catalunya, ES","",,Catalan,Xavier Béjar,2026-06-13T15:36:56Z
73844,Tortuga de bec de lloro,ca,"","",,Catalan,Izan Lopez Vergel,2026-06-16T17:58:20Z
73844,Tortuga bastarda,ca,"","",,Catalan,Izan Lopez Vergel,2026-06-16T17:58:36Z
39670,Tortuga olivàcia,ca,"","",,Catalan,Izan Lopez Vergel,2026-06-16T17:58:59Z
1555576,Caragolí Esplèndid,ca,"","",,Catalan,Rafel Matamales Andreu,2026-06-16T20:35:37Z
506745,Baldufa,ca,"","",,Catalan,Rafel Matamales Andreu,2026-06-16T20:36:09Z
73876,Tortuga plana australiana,ca,"","",,Catalan,Izan Lopez Vergel,2026-06-17T10:06:23Z
109317,Veró de Llenguadoc,ca,"Cataluña, ES | Catalunya, ES | Catalunya Nord, ES","",,Catalan,Jacobo Krauel,2026-06-17T11:17:23Z
359085,Caragol de les Pedres de Santa Llucia,ca,"","",,Catalan,Rafel Matamales Andreu,2026-06-23T14:27:34Z
205175,Cigales Europees,ca,"","",,Catalan,Rafel Matamales Andreu,2026-06-23T14:28:08Z
360353,Escarabat de Sant Joan,ca,"Islas Baleares, ES","",,Catalan,Rafel Matamales Andreu,2026-06-23T14:29:49Z
47792,Libèl·lules i Espiadimonis,ca,"","",,Catalan,Rafel Matamales Andreu,2026-06-23T14:31:37Z
43584,Humà,ca,"","",,Catalan,Izan Lopez Vergel,2026-06-27T15:45:35Z
151045,Caragolí Fontinal de Tramuntana,ca,"","",,Catalan,Rafel Matamales Andreu,2026-07-05T16:34:26Z
1228564,Caragolí Fontinal de Betlem,ca,"","",,Catalan,Rafel Matamales Andreu,2026-07-05T16:36:48Z
49552,Cinquanta-cames,ca,"Islas Baleares, ES","",,Catalan,Rafel Matamales Andreu,2026-07-05T16:39:32Z
1635109,Escarabatí dels Ràpids Gimnèsic,ca,"","",,Catalan,Rafel Matamales Andreu,2026-07-05T16:41:43Z
475763,Sabater Petit d'Esquena Rossa,ca,"","",,Catalan,Rafel Matamales Andreu,2026-07-05T16:45:01Z
59283,Cranc Sabater,ca,"Islas Baleares, ES","",,Catalan,Rafel Matamales Andreu,2026-07-05T17:00:43Z
56558,Nedadora Clapada,ca,"Islas Baleares, ES","",,Catalan,Rafel Matamales Andreu,2026-07-05T17:01:38Z
548192,Marieta-treu-sang,ca,"","",,Catalan,Rafel Matamales Andreu,2026-07-06T07:49:35Z
548192,Monja,ca,"","",,Catalan,Rafel Matamales Andreu,2026-07-06T07:49:54Z
493725,Aucell d'Or Occidental,ca,"","",,Catalan,Rafel Matamales Andreu,2026-07-09T16:15:29Z
467446,Aucell d'Or,ca,"Islas Baleares, ES","",,Catalan,Rafel Matamales Andreu,2026-07-09T16:15:59Z
4566,xatrac blanc atlàntic,ca,"","",,Catalan,Sean Cozart,2026-07-10T20:01:16Z
68763,Guinder,ca,"","",,Catalan,Izan Lopez Vergel,2026-07-11T08:57:48Z
101906,Mantellina,ca,"","",,Catalan,Rafel Matamales Andreu,2026-07-17T08:55:24Z
784837,Pegellida Roja,ca,"","",,Catalan,Rafel Matamales Andreu,2026-07-17T09:02:07Z
256089,Grumer Rosat,ca,"Islas Baleares, ES","",,Catalan,Rafel Matamales Andreu,2026-07-17T09:03:45Z
465948,Borino Negre Gegant d'Ales Verdes,ca,"","",,Catalan,Rafel Matamales Andreu,2026-07-17T09:12:24Z
209144,Cornet Trompeta de Malàisia,ca,"","",,Catalan,Rafel Matamales Andreu,2026-07-17T09:16:54Z
623409,Planària Xoroia,ca,"","",,Catalan,Rafel Matamales Andreu,2026-07-17T09:17:52Z
211210,Monja Pintada,ca,"","",,Catalan,Rafel Matamales Andreu,2026-07-17T10:19:27Z
143139,Vogamarí Negre,ca,"Islas Baleares, ES","",,Catalan,Rafel Matamales Andreu,2026-07-17T10:21:34Z
151050,Caragolí Fontinal de sa Granja d'Esporles,ca,"","",,Catalan,Rafel Matamales Andreu,2026-07-17T10:25:46Z
978755,Escarabatí de la Molsa Marró,ca,"","",,Catalan,Rafel Matamales Andreu,2026-07-19T17:03:18Z
207831,saxífraga moscada,ca,"","",,Catalan,Alba Rovira,2026-07-27T07:37:10Z
82564,falguera austríaca,ca,"","",,Catalan,Alba Rovira,2026-07-27T07:40:03Z
133011,saxífraga geranioide,ca,"","",,Catalan,Alba Rovira,2026-07-27T07:42:45Z
1123333,galeopsis pirinenca,ca,"","",,Catalan,Alba Rovira,2026-07-27T07:48:44Z
504386,llebrenca ranunculoide,ca,"","",,Catalan,Alba Rovira,2026-07-27T07:59:28Z
126887,Mahònia,ca,"","",,Catalan,Lídia Carrera,2026-07-27T18:40:07Z
243499,besneula de fulla blanca,ca,"","",,Catalan,Salvador Prat Oller,2026-07-27T21:32:16Z
1696537,bisó europeu,ca,"","",https://www.inaturalist.org/taxon_names/2655312/edit,Catalan,Sean Cozart,2026-07-29T04:22:52Z
354760,tora blava,ca,"","",,Catalan,Salvador Prat Oller,2026-07-31T18:11:34Z
1628703,Cinosur equinat,ca,"","",https://www.inaturalist.org/taxon_names/2094952/edit,Catalan,,2026-08-05T17:10:18Z
51111,Abelles fusteres grosses,ca,"Islas Baleares, ES","",,Catalan,Rafel Matamales Andreu,2026-08-13T09:03:07Z
857419,Cuetes del melgó,ca,"","",https://www.inaturalist.org/taxon_names/2109725/edit,Catalan,,2026-08-13T12:59:16Z
59146,Cuetes de taques taronges,ca,"","",https://www.inaturalist.org/taxon_names/2109688/edit,Catalan,,2026-08-13T14:18:46Z
492864,Mamelletes de monja,ca,"","",,Catalan,Lídia Carrera,2026-08-13T16:33:27Z
55840,cucut,ca,"","",,Catalan,Alba Rovira,2026-08-13T18:31:01Z
1391837,prímula gran,ca,"","",,Catalan,Alba Rovira,2026-08-13T18:32:38Z
49134,cassoleta vermella,ca,"","",,Catalan,Alba Rovira,2026-08-14T06:49:37Z
132612,hutquínsia alpina,ca,"","",,Catalan,Alba Rovira,2026-08-14T15:13:38Z
816275,violeta de font,ca,"","",,Catalan,Alba Rovira,2026-08-15T08:55:16Z
198884,Blada de fulla grossa,ca,"","",,Catalan,Izan Lopez Vergel,2026-08-19T10:51:38Z
1632829,Somereta de la Cova de Ses Rodes,ca,"","",,Catalan,Rafel Matamales Andreu,2026-08-19T20:22:40Z
1702353,Cavallet de mar minotaure,ca,"","",https://www.inaturalist.org/taxon_names/3382706/edit,Catalan,,2026-08-20T18:06:20Z
1702354,Cavallet de mar paradoxal,ca,"","",https://www.inaturalist.org/taxon_names/3382710/edit,Catalan,,2026-08-20T18:07:32Z
52588,blanquiella,ca,"","",,Catalan,Xavier Béjar,2026-08-21T20:18:44Z
553391,cerasti pirinenc,ca,"","",,Catalan,Salvador Prat Oller,2026-08-29T14:58:04Z
199875,Monja,ca,"Islas Baleares, ES","",,Catalan,Rafel Matamales Andreu,2026-08-29T18:01:33Z
1160413,Mongeta,ca,"Islas Baleares, ES","",,Catalan,Rafel Matamales Andreu,2026-08-29T18:02:22Z
