id,vernacularName,language,locality,countryCode,source,lexicon,contributor,created
61769,Lusnec,sl,"","",,Slovenian,,2016-05-30T07:18:14Z
55797,Močvirski tulipan,sl,"","",,Slovenian,,2016-05-30T07:19:05Z
48011,Enodnevnice,sl,"","",,Slovenian,,2016-05-30T07:21:38Z
52775,Čmrlji,sl,"","",,Slovenian,,2016-05-30T07:23:23Z
49567,Krešiči,sl,"","",,Slovenian,,2016-05-30T07:27:04Z
59895,Vijolični krešič,sl,"","",,Slovenian,,2016-05-30T07:28:49Z
128214,Brezov prelec,sl,"","",,Slovenian,,2017-03-20T18:36:48Z
50867,Osasti pajek,sl,"","",,Slovenian,Stuart Longhorn,2017-03-20T18:46:04Z
130398,Travniški lisar,sl,"","",,Slovenian,,2017-03-20T18:50:05Z
333774,Pomladni rjavček,sl,"","",,Slovenian,,2017-03-20T18:54:30Z
334985,Močvirski livadar,sl,"","",,Slovenian,,2017-03-20T18:55:07Z
462042,hrastov lesni molj,sl,"","",,Slovenian,Irena Hrovat,2017-05-26T14:16:22Z
393053,Črna češnjeva uš,sl,"","",,Slovenian,Irena Hrovat,2017-05-26T14:21:52Z
326412,"zeleni čeladnik, zelena ščitarka",sl,"","",,Slovenian,Irena Hrovat,2017-05-26T14:33:29Z
70192,Kapusova stenica,sl,"","",,Slovenian,Irena Hrovat,2017-05-26T14:44:03Z
70357,Penušina kapusnica,sl,"","",,Slovenian,Irena Hrovat,2017-05-26T14:49:12Z
62060,Zelena listna stenica,sl,"","",,Slovenian,Irena Hrovat,2017-05-26T14:50:12Z
56088,Robinija,sl,"","",,Slovenian,Irena Hrovat,2017-05-26T15:04:46Z
125655,Gozdni govnač,sl,"","",,Slovenian,Irena Hrovat,2017-05-26T15:07:49Z
52406,Siva pokalica,sl,"","",,Slovenian,Irena Hrovat,2017-05-26T15:08:47Z
203409,Mračni gozdni ščurek,sl,"","",,Slovenian,Irena Hrovat,2017-05-26T15:12:18Z
362078,Ljubki modrin,sl,"","",,Slovenian,Irena Hrovat,2017-05-26T15:14:31Z
359884,Alpski vimček,sl,"","",,Slovenian,Irena Hrovat,2017-05-26T15:32:09Z
56224,Navadna kalužnica,sl,"","",,Slovenian,Irena Hrovat,2017-05-26T15:35:12Z
143291,Gozdni slinar,sl,"","",,Slovenian,Irena Hrovat,2017-05-26T15:42:37Z
347956,Rdečedlakavi kozliček,sl,"","",,Slovenian,Irena Hrovat,2017-05-26T15:57:55Z
354801,"resavski pedic, navadni vresnik",sl,"","",,Slovenian,Irena Hrovat,2017-05-26T16:03:13Z
143114,Cimetasti pestrin,sl,"","",,Slovenian,Irena Hrovat,2017-05-26T16:04:56Z
55610,"Rdeči škratec, Šuštar",sl,"","",,Slovenian,Irena Hrovat,2017-05-26T16:07:30Z
51557,"Velika čmrljevka, Volnarica",sl,"","",,Slovenian,Irena Hrovat,2017-05-26T16:08:27Z
48494,Bukov ostrigar,sl,"","",,Slovenian,Irena Hrovat,2017-05-26T16:10:33Z
168691,Kranjska bunika,sl,"","",,Slovenian,Irena Hrovat,2017-05-26T16:14:32Z
127029,Navadna borovnica,sl,"","",,Slovenian,Irena Hrovat,2017-05-26T16:21:53Z
57489,Ivanjska ptičica,sl,"","",,Slovenian,Irena Hrovat,2017-05-26T16:29:12Z
243623,Osjeliko mačje uho,sl,"","",,Slovenian,Irena Hrovat,2017-05-26T17:05:34Z
42184,Srna/srnjak,sl,"","",,Slovenian,Irena Hrovat,2017-05-26T17:09:03Z
55637,Rjavi čmrlj,sl,"","",,Slovenian,Irena Hrovat,2017-05-26T17:11:28Z
538513,Cesarski kratkokrilec,sl,"","",,Slovenian,Irena Hrovat,2017-05-26T17:12:48Z
61937,Štiriindvajsetpikčasta polonica,sl,"","",,Slovenian,Irena Hrovat,2017-05-26T17:13:44Z
127510,Bukova kresilka,sl,"","",,Slovenian,Irena Hrovat,2017-05-26T17:14:33Z
69626,Nasprotnolistni vraničnik,sl,"","",,Slovenian,Irena Hrovat,2017-05-26T17:18:40Z
41,Žerjav,sl,"","",,Slovenian,Irena Hrovat,2017-05-26T17:21:04Z
132888,Deteljna sovka,sl,"","",,Slovenian,Irena Hrovat,2017-05-26T17:33:23Z
94975,Navadni koščak,sl,"","",,Slovenian,Irena Hrovat,2017-05-26T17:36:21Z
348017,Japonska sviloprejka,sl,"","",,Slovenian,Irena Hrovat,2017-05-26T17:37:53Z
55361,Lipov prelec,sl,"","",,Slovenian,Irena Hrovat,2017-05-26T17:46:15Z
55361,Lunik,sl,"","",,Slovenian,Irena Hrovat,2017-05-26T17:46:40Z
51275,Uhata rosonožka,sl,"","",,Slovenian,Irena Hrovat,2017-06-12T16:07:12Z
461997,tkalski kozliček,sl,"","",,Slovenian,,2017-10-01T16:06:55Z
19350,sove,sl,"","",,Slovenian,John E. Christensen,2017-11-28T11:30:18Z
47115,"Mehkužci, Mollusca",sl,"","",,Slovenian,John E. Christensen,2017-11-29T22:02:46Z
47158,"Žuželke, insekti",sl,"","",,Slovenian,John E. Christensen,2017-12-04T08:36:39Z
43792,Bober,sl,"","",,Slovenian,John E. Christensen,2017-12-06T08:49:21Z
48582,Jerebika,sl,"","",,Slovenian,John E. Christensen,2017-12-18T06:22:48Z
47132,Rožnice,sl,"","",,Slovenian,John E. Christensen,2017-12-23T15:03:55Z
311249,Mahovi,sl,"","",,Slovenian,John E. Christensen,2018-01-01T10:03:59Z
47534,Ožigalkarji,sl,"","",,Slovenian,John E. Christensen,2018-01-04T10:38:52Z
52319,Ploski črvi,sl,"","",,Slovenian,John E. Christensen,2018-01-05T10:28:34Z
20978,Dvoživke,sl,"","",,Slovenian,John E. Christensen,2018-01-07T09:26:12Z
47686,Praživali,sl,"","",,Slovenian,John E. Christensen,2018-01-10T08:48:47Z
47120,Členonožci,sl,"","",,Slovenian,John E. Christensen,2018-01-18T15:48:22Z
6888,Plojkokljuni,sl,"","",,Slovenian,John E. Christensen,2018-01-25T15:53:42Z
481959,Morske zvezde,sl,"","",,Slovenian,John E. Christensen,2018-01-29T09:52:20Z
9398,Lišček,sl,"","",,Slovenian,John E. Christensen,2018-02-14T11:05:34Z
98531,Delfini,sl,"","",,Slovenian,John E. Christensen,2018-02-16T15:42:23Z
372739,Šesteronožni členonožci,sl,"","",,Slovenian,John E. Christensen,2018-03-07T09:46:14Z
53178,Ozkolistni trpotec,sl,"","",,Slovenian,John E. Christensen,2018-04-03T06:46:29Z
59254,Drobnjak,sl,"","",,Slovenian,John E. Christensen,2018-04-04T07:08:04Z
47429,Bokoživčniki,sl,"","",,Slovenian,John E. Christensen,2018-05-02T14:14:23Z
325295,Pušpanova vešča,sl,"","",,Slovenian,John E. Christensen,2018-05-08T12:21:01Z
63081,Pijavke,sl,"","",,Slovenian,John E. Christensen,2018-06-13T08:46:23Z
563098,Modri ploščec,sl,"","",,Slovenian,mirorepar1965,2018-06-26T13:44:39Z
47727,Javor,sl,"","",,Slovenian,John E. Christensen,2018-07-01T09:05:06Z
53350,Divji kostanj,sl,"","",,Slovenian,John E. Christensen,2018-07-06T13:56:16Z
47892,Žlezava nedotika,sl,"","",,Slovenian,John E. Christensen,2018-07-15T12:48:29Z
151882,Dvokrpi ginko,sl,"","",,Slovenian,John E. Christensen,2018-08-12T07:03:30Z
58321,Sapindovke,sl,"","",,Slovenian,John E. Christensen,2018-10-29T16:55:38Z
41789,Jazbec,sl,"","",,Slovenian,John E. Christensen,2018-11-14T10:01:11Z
4730,Štorklje,sl,"","",,Slovenian,John E. Christensen,2018-11-15T08:22:22Z
49203,bukev,sl,"","",,Slovenian,Andy,2018-11-19T15:58:23Z
49556,Strige,sl,"","",,Slovenian,John E. Christensen,2018-12-12T11:01:22Z
6930,Mlakarica,sl,Slovenia,SI,,Slovenian,John E. Christensen,2018-12-14T15:06:41Z
63573,Smreka,sl,"","",,Slovenian,John E. Christensen,2018-12-16T09:42:28Z
47373,Sekvoja,sl,"","",,Slovenian,John E. Christensen,2019-01-25T13:21:00Z
48836,Kačjerepi,sl,"","",,Slovenian,John E. Christensen,2019-01-27T08:22:24Z
42241,Votlorogi,sl,"","",,Slovenian,John E. Christensen,2019-01-30T16:15:40Z
40151,Sesalci,sl,"","",,Slovenian,John E. Christensen,2019-02-07T16:13:10Z
210289,Vitičnjaki,sl,"","",,Slovenian,John E. Christensen,2019-02-10T10:58:45Z
85493,Raki,sl,"","",,Slovenian,John E. Christensen,2019-02-10T11:08:43Z
81769,Ščurki,sl,"","",,Slovenian,John E. Christensen,2019-02-18T07:23:19Z
54960,Gliste,sl,"","",,Slovenian,John E. Christensen,2019-03-01T09:38:09Z
7251,Pevci,sl,"","",,Slovenian,John E. Christensen,2019-03-02T10:02:07Z
18874,Papige,sl,"","",,Slovenian,John E. Christensen,2019-03-04T13:04:44Z
43698,Glodavci,sl,"","",,Slovenian,John E. Christensen,2019-03-05T06:33:25Z
47516,Šarenka,sl,"","",,Slovenian,John E. Christensen,2019-03-13T09:38:43Z
47217,Kukavičevke,sl,"","",,Slovenian,John E. Christensen,2019-03-15T10:42:02Z
118552,Domača mačka,sl,"","",,Slovenian,John E. Christensen,2019-04-14T11:44:00Z
47125,Kritosemenke,sl,"","",,Slovenian,John E. Christensen,2019-04-27T09:45:46Z
47563,Navadni oleander,sl,"","",,Slovenian,John E. Christensen,2019-05-20T11:29:00Z
47584,Školjke,sl,"","",,Slovenian,John E. Christensen,2019-05-21T07:21:33Z
47518,Morska postrv,sl,"","",,Slovenian,Chris Cheatle,2019-05-31T14:55:40Z
61267,Stenice,sl,"","",,Slovenian,John E. Christensen,2019-06-13T08:54:09Z
57563,Artičoka,sl,"","",,Slovenian,John E. Christensen,2019-07-06T09:43:55Z
914922,Japonski dresnik,sl,"","",,Slovenian,John E. Christensen,2019-07-30T18:48:59Z
82602,Navadni koprc,sl,"","",,Slovenian,Vladimir Tkalčić,2019-08-02T09:00:11Z
104875,močvirski cekinček,sl,"","",,Slovenian,PH,2019-08-14T15:09:42Z
54704,Šotni mah,sl,"","",,Slovenian,John E. Christensen,2019-09-26T10:55:46Z
505478,Domača kokoš,sl,"","",,Slovenian,John E. Christensen,2019-12-28T14:28:46Z
994898,Gabrov ded,sl,"","",https://eol.org/pages/18506163,Slovenian,,2020-01-24T17:39:58Z
363586,Žlahtni ded,sl,"","",https://eol.org/pages/11447583,Slovenian,,2020-01-24T17:39:58Z
130558,Kochov svišč,sl,"","",,Slovenian,Johan Devos,2020-01-29T18:28:49Z
204339,rumena mrtva kopriva,sl,"","",,Slovenian,Miha Zotler,2020-05-01T17:56:52Z
167210,navadna grebenuša,sl,Slovenia,SI,,Slovenian,Miha Zotler,2020-05-01T18:01:53Z
54227,bukev,sl,Slovenia,SI,,Slovenian,Miha Zotler,2020-05-01T18:07:56Z
63567,navadna smreka,sl,Slovenia,SI,,Slovenian,Miha Zotler,2020-05-01T18:11:45Z
47602,navadni regrat,sl,Slovenia,SI,,Slovenian,Miha Zotler,2020-05-01T18:14:01Z
167599,navadni pljučnik,sl,Slovenia,SI,,Slovenian,Miha Zotler,2020-05-01T18:26:03Z
56061,Česnovka,sl,Slovenia,SI,,Slovenian,Miha Zotler,2020-05-01T18:57:40Z
764793,Preslica,sl,"","",,Slovenian,John E. Christensen,2020-05-11T12:36:27Z
57629,Dvolistni vimenjak,sl,Slovenia,SI,,Slovenian,Miha Zotler,2020-06-30T15:05:24Z
158434,Prava krebuljica,sl,"","",https://www.inaturalist.org/taxon_names/1207903/edit,Slovenian,,2020-09-28T02:58:24Z
200958,Ribji orel,sl,"","",,Slovenian,John E. Christensen,2020-12-01T08:00:33Z
55848,Divja narcisa,sl,"","",https://eol.org/pages/1004073,Slovenian,rjq,2021-01-04T17:01:06Z
69320,Faraonska mravlja,sl,"","",,Slovenian,Johan Devos,2021-01-23T17:00:37Z
555561,"sivi jajčar, sivi otavčič",sl,Slovenia,SI,,Slovenian,Alenka Mihoric,2021-04-07T22:14:35Z
53326,veliki zimzelen,sl,Slovenia,SI,,Slovenian,Alenka Mihoric,2021-04-07T22:38:16Z
575102,volčje jabolko,sl,Slovenia,SI,,Slovenian,Alenka Mihoric,2021-04-07T22:43:10Z
450542,bleda kukavica,sl,Slovenia,SI,,Slovenian,Alenka Mihoric,2021-04-07T22:44:19Z
124720,brstična konopnica,sl,Slovenia,SI,,Slovenian,Alenka Mihoric,2021-04-07T22:49:03Z
55858,rumeni dren,sl,Slovenia,SI,,Slovenian,Alenka Mihoric,2021-04-07T22:50:19Z
50851,njivska smiljka,sl,Slovenia,SI,,Slovenian,Alenka Mihoric,2021-04-08T08:19:34Z
56224,navadna kalužnuca,sl,"","",,Slovenian,Ljaž,2021-04-08T08:45:24Z
461195,blagajev volčin,sl,"","",,Slovenian,Ljaž,2021-04-08T08:46:47Z
167911,alpsko grozdičje,sl,"","",,Slovenian,Alenka Mihoric,2021-04-09T09:03:07Z
161118,smrdljivi dimek,sl,"","",,Slovenian,Alenka Mihoric,2021-04-09T09:36:10Z
472200,svečniški osat,sl,"","",,Slovenian,Alenka Mihoric,2021-04-09T09:42:44Z
62207,dvoletni svetlin,sl,"","",,Slovenian,Alenka Mihoric,2021-04-09T09:44:23Z
129017,zeleni križevec,sl,"","",,Slovenian,Alenka Mihoric,2021-04-09T13:45:52Z
334263,širokolistni munec,sl,"","",,Slovenian,Alenka Mihoric,2021-04-09T13:46:54Z
61546,Degerjev dolgotipalkar,sl,"","",,Slovenian,Alenka Mihoric,2021-04-09T13:49:32Z
243592,gomoljasti grban,sl,"","",,Slovenian,Alenka Mihoric,2021-04-09T13:50:18Z
164252,alpsko ločje,sl,"","",,Slovenian,Alenka Mihoric,2021-04-09T13:57:34Z
448092,trebušasti svišč,sl,"","",,Slovenian,Alenka Mihoric,2021-04-09T14:01:17Z
56233,navadna močvirnica,sl,"","",,Slovenian,Alenka Mihoric,2021-04-09T14:04:07Z
371892,gozdna grašica,sl,"","",,Slovenian,Alenka Mihoric,2021-04-09T14:09:34Z
76581,navadni pasji rep,sl,"","",,Slovenian,Alenka Mihoric,2021-04-09T14:10:46Z
498266,dlakava panešplja,sl,"","",,Slovenian,Alenka Mihoric,2021-04-09T14:14:08Z
897677,ostnati šaš,sl,"","",,Slovenian,Alenka Mihoric,2021-04-09T14:14:53Z
84960,navadni klinček,sl,"","",,Slovenian,Alenka Mihoric,2021-04-10T21:09:12Z
448161,kamnokrečna lepnica,sl,"","",,Slovenian,Alenka Mihoric,2021-04-10T21:13:29Z
360047,njivni šipek,sl,"","",,Slovenian,Alenka Mihoric,2021-04-10T21:27:28Z
1047389,veliki jetičnik,sl,"","",,Slovenian,Alenka Mihoric,2021-04-10T21:28:12Z
523400,obloplodno ptičje mleko,sl,"","",,Slovenian,Alenka Mihoric,2021-04-10T21:35:46Z
60837,pikastocvetna kukavica,sl,"","",,Slovenian,Alenka Mihoric,2021-04-11T07:57:05Z
124359,pasja vijolica,sl,"","",,Slovenian,Alenka Mihoric,2021-04-11T09:55:28Z
379255,dresnik,sl,"","",,Slovenian,Alenka Mihoric,2021-04-11T15:46:57Z
78712,plavajoči dristavec,sl,"","",,Slovenian,Alenka Mihoric,2021-04-11T15:52:54Z
437964,podaljšani šaš,sl,"","",,Slovenian,Alenka Mihoric,2021-04-11T15:59:56Z
79385,travniška kozja brada,sl,"","",,Slovenian,Alenka Mihoric,2021-04-11T16:07:34Z
57310,štirisemenska grašica,sl,"","",,Slovenian,Alenka Mihoric,2021-04-11T18:40:49Z
159858,ostroluski šaš,sl,"","",,Slovenian,Alenka Mihoric,2021-04-11T18:42:26Z
480754,lisičjerepi šaš,sl,"","",,Slovenian,Alenka Mihoric,2021-04-11T18:43:18Z
76067,zajčji šaš,sl,"","",,Slovenian,Alenka Mihoric,2021-04-11T18:43:59Z
61470,mali škrobotec,sl,"","",,Slovenian,Alenka Mihoric,2021-04-11T18:50:22Z
163663,rumena maslenica,sl,"","",,Slovenian,Alenka Mihoric,2021-04-11T18:50:58Z
59943,sibirska perunika,sl,"","",,Slovenian,Alenka Mihoric,2021-04-11T18:55:57Z
68328,žalni cvetožer,sl,"","",,Slovenian,Alenka Mihoric,2021-04-11T18:58:11Z
68328,lisasta minica,sl,"","",,Slovenian,Alenka Mihoric,2021-04-11T18:58:40Z
146804,lanika,sl,"","",,Slovenian,Alenka Mihoric,2021-04-12T19:00:44Z
57468,muholiko mačje uho,sl,"","",,Slovenian,Alenka Mihoric,2021-04-12T19:11:15Z
209478,francoski lan,sl,"","",,Slovenian,Alenka Mihoric,2021-04-12T19:16:30Z
60972,kodrastolistni jajčar,sl,"","",,Slovenian,Alenka Mihoric,2021-04-12T19:17:46Z
527872,travniška stenica,sl,"","",,Slovenian,Alenka Mihoric,2021-04-12T19:24:28Z
489982,alpski volčin,sl,"","",,Slovenian,Alenka Mihoric,2021-04-12T19:26:12Z
1154680,rdeča relika,sl,"","",,Slovenian,Alenka Mihoric,2021-04-12T19:36:02Z
60221,močvirska ludvigija,sl,"","",,Slovenian,Alenka Mihoric,2021-04-12T19:48:34Z
326052,modrokrila peščenka,sl,"","",,Slovenian,Alenka Mihoric,2021-04-12T20:09:28Z
207572,krilata krčnica,sl,"","",,Slovenian,Alenka Mihoric,2021-04-12T20:11:44Z
64549,zdravilna strašnica,sl,"","",,Slovenian,Alenka Mihoric,2021-04-12T20:13:58Z
60253,trpotčasti porečnik,sl,"","",,Slovenian,Alenka Mihoric,2021-04-12T20:16:03Z
637060,češki šaš,sl,"","",,Slovenian,Alenka Mihoric,2021-04-12T20:16:53Z
169556,močvirski regrat,sl,"","",,Slovenian,Alenka Mihoric,2021-04-13T18:29:31Z
124549,osjelika trepetavka,sl,"","",,Slovenian,Alenka Mihoric,2021-04-13T18:33:45Z
450251,skalni petoprstnik,sl,"","",,Slovenian,Alenka Mihoric,2021-04-13T19:09:14Z
56299,bodeča neža,sl,"","",,Slovenian,Alenka Mihoric,2021-04-13T20:32:52Z
487629,spremenjeni kamnokreč,sl,"","",,Slovenian,Alenka Mihoric,2021-04-13T20:35:12Z
131196,svečnik,sl,"","",,Slovenian,Alenka Mihoric,2021-04-13T20:39:32Z
466041,planinski skalnik,sl,"","",,Slovenian,Alenka Mihoric,2021-04-13T20:48:16Z
334393,deteljin modrin,sl,"","",,Slovenian,Alenka Mihoric,2021-04-14T12:49:59Z
346129,srebrni mnogook,sl,"","",,Slovenian,Alenka Mihoric,2021-04-14T12:51:21Z
60027,nežni pojalnik,sl,"","",,Slovenian,Alenka Mihoric,2021-04-14T12:52:54Z
712815,plodova muha,sl,"","",,Slovenian,Alenka Mihoric,2021-04-14T12:53:50Z
131605,čeladasta kukavica,sl,"","",,Slovenian,Alenka Mihoric,2021-04-14T12:54:31Z
243627,čmrljeliko mačje uho,sl,"","",,Slovenian,Alenka Mihoric,2021-04-14T12:55:21Z
61846,rogin,sl,"","",,Slovenian,Alenka Mihoric,2021-04-14T13:00:27Z
77188,severna lakota,sl,"","",,Slovenian,Alenka Mihoric,2021-04-14T13:01:52Z
357413,skakač,sl,"","",,Slovenian,Alenka Mihoric,2021-04-14T13:02:59Z
85437,vanež,sl,"","",,Slovenian,Alenka Mihoric,2021-04-15T11:58:21Z
493437,planinski slanozor,sl,"","",,Slovenian,Alenka Mihoric,2021-04-15T11:59:43Z
836850,avstrijska črvinka,sl,"","",,Slovenian,Alenka Mihoric,2021-04-15T12:02:36Z
130713,platanolistna zlatica,sl,"","",,Slovenian,Alenka Mihoric,2021-04-15T12:15:11Z
48984,gorski glavinec,sl,"","",,Slovenian,Alenka Mihoric,2021-04-15T12:22:00Z
130706,Scopolijev jajčasti rilčkar,sl,"","",,Slovenian,Alenka Mihoric,2021-04-15T19:15:34Z
517575,kašubska zlatica,sl,"","",,Slovenian,Alenka Mihoric,2021-04-15T19:16:59Z
124544,gozdna krebuljica,sl,"","",,Slovenian,Alenka Mihoric,2021-04-15T19:24:06Z
55821,navadna kislica,sl,"","",,Slovenian,Alenka Mihoric,2021-04-18T08:01:01Z
204321,lopatičasta zlatica,sl,"","",,Slovenian,Alenka Mihoric,2021-04-18T08:11:51Z
82391,sploščeni dvorednik,sl,"","",,Slovenian,Alenka Mihoric,2021-04-18T08:25:24Z
136319,bela jelka,sl,"","",,Slovenian,Alenka Mihoric,2021-04-18T08:26:53Z
56312,brusnica,sl,"","",,Slovenian,Alenka Mihoric,2021-04-18T08:31:46Z
950596,zlatičnata vetrnica,sl,"","",,Slovenian,Alenka Mihoric,2021-04-18T08:33:46Z
135727,ruševje,sl,"","",,Slovenian,Alenka Mihoric,2021-04-18T13:44:50Z
131144,alpska žalujka,sl,"","",,Slovenian,Alenka Mihoric,2021-04-18T13:45:27Z
987837,bohinjski repnjak,sl,"","",,Slovenian,Alenka Mihoric,2021-04-18T13:46:54Z
517642,izrodna zlatica,sl,"","",,Slovenian,Alenka Mihoric,2021-04-18T13:56:37Z
517532,koroška zlatica,sl,"","",,Slovenian,Alenka Mihoric,2021-04-18T14:02:36Z
130714,golostebelna mračica,sl,"","",,Slovenian,Alenka Mihoric,2021-04-18T14:06:17Z
133522,najmanjši alpski zvonček,sl,"","",,Slovenian,Alenka Mihoric,2021-04-18T14:08:21Z
367117,navadna metuljčnica,sl,"","",,Slovenian,Alenka Mihoric,2021-04-19T13:12:13Z
496963,vrednikov pojalnik,sl,"","",,Slovenian,Alenka Mihoric,2021-04-19T13:17:24Z
61856,svetli zemeljski čmrlj,sl,"","",,Slovenian,Alenka Mihoric,2021-04-19T13:23:44Z
336296,močvirski dimek,sl,"","",,Slovenian,Alenka Mihoric,2021-04-19T13:29:01Z
497577,lapuhov rilčkar,sl,"","",,Slovenian,Alenka Mihoric,2021-04-19T13:31:48Z
406483,vetrovka,sl,"","",,Slovenian,Alenka Mihoric,2021-04-19T13:34:17Z
244049,vretenčasti salomonov pečat,sl,"","",,Slovenian,Alenka Mihoric,2021-04-19T13:37:07Z
55667,polegli pitomec,sl,"","",,Slovenian,Alenka Mihoric,2021-04-19T13:38:28Z
435946,ostri šaš,sl,"","",,Slovenian,Alenka Mihoric,2021-04-19T19:48:49Z
400433,podlesni šaš,sl,"","",,Slovenian,Alenka Mihoric,2021-04-19T19:52:06Z
55727,zidni poponec,sl,"","",,Slovenian,Alenka Mihoric,2021-04-20T09:58:19Z
164948,mnogocvetna bekica,sl,"","",,Slovenian,Alenka Mihoric,2021-04-20T10:03:27Z
491496,štiripikasti krasnik,sl,"","",,Slovenian,Alenka Mihoric,2021-04-20T10:07:49Z
56935,zlati petoprstnik,sl,"","",,Slovenian,Alenka Mihoric,2021-04-21T12:35:00Z
868167,zelena jelša,sl,"","",,Slovenian,Alenka Mihoric,2021-04-21T12:46:14Z
131817,kozliček,sl,"","",,Slovenian,Alenka Mihoric,2021-04-21T12:47:54Z
119147,brezklaso lisičje,sl,"","",,Slovenian,Alenka Mihoric,2021-04-21T12:48:34Z
466055,lepenec,sl,"","",,Slovenian,Alenka Mihoric,2021-04-21T12:52:32Z
803993,beli kosmatinec,sl,"","",,Slovenian,Alenka Mihoric,2021-04-21T12:55:19Z
68049,vednozeleni gornik,sl,"","",,Slovenian,Alenka Mihoric,2021-04-21T12:56:46Z
514165,kuštravi jeglič,sl,"","",,Slovenian,Alenka Mihoric,2021-04-21T12:57:37Z
415473,najmanjši jeglič,sl,"","",,Slovenian,Alenka Mihoric,2021-04-21T12:59:59Z
119805,Navadna kalina,sl,Slovenia,SI,,Slovenian,Alenka Mihoric,2021-04-25T21:02:28Z
128544,dolgočrti debeloglavček,sl,"","",,Slovenian,Alenka Mihoric,2021-04-26T19:52:29Z
55022,gorski ovčin,sl,"","",,Slovenian,Alenka Mihoric,2021-04-26T19:57:22Z
330718,alpska cepetuljka,sl,"","",,Slovenian,Alenka Mihoric,2021-04-26T21:20:27Z
130545,živorodna dresen,sl,"","",,Slovenian,Alenka Mihoric,2021-04-26T21:22:40Z
84274,velecvetni popon,sl,"","",,Slovenian,Alenka Mihoric,2021-04-26T21:26:51Z
137689,Villarjeva glistovnica,sl,"","",,Slovenian,Alenka Mihoric,2021-04-26T21:32:07Z
59932,smetlika,sl,"","",,Slovenian,Alenka Mihoric,2021-04-26T21:33:13Z
358458,čvrsti šaš,sl,"","",,Slovenian,Alenka Mihoric,2021-04-26T21:44:05Z
334221,Sieberjev repuš,sl,"","",,Slovenian,Alenka Mihoric,2021-04-26T21:47:20Z
472350,črnikasti rman,sl,"","",,Slovenian,Alenka Mihoric,2021-04-26T21:48:02Z
486047,homulični kamnokreč,sl,"","",,Slovenian,Alenka Mihoric,2021-04-26T21:49:09Z
472351,resasta popkoresa,sl,"","",,Slovenian,Alenka Mihoric,2021-04-26T21:51:17Z
57871,petpikčasta polonica,sl,"","",,Slovenian,Alenka Mihoric,2021-04-28T19:46:50Z
167982,francoski šipek,sl,"","",,Slovenian,Alenka Mihoric,2021-04-28T20:04:59Z
52720,navadna pasja trava,sl,"","",,Slovenian,Alenka Mihoric,2021-04-28T20:07:56Z
63337,pisana čužka,sl,"","",,Slovenian,Alenka Mihoric,2021-04-28T20:10:42Z
366821,velecvetni čober,sl,"","",,Slovenian,Alenka Mihoric,2021-04-28T20:11:25Z
524182,zelenkasta riževka,sl,"","",,Slovenian,Alenka Mihoric,2021-04-28T20:12:44Z
167957,prava potočarka,sl,"","",,Slovenian,Alenka Mihoric,2021-04-28T20:18:26Z
170192,dolgolistni jetičnik,sl,"","",,Slovenian,Alenka Mihoric,2021-04-28T20:23:13Z
70405,muha trepetavka,sl,"","",,Slovenian,Alenka Mihoric,2021-04-28T20:25:05Z
57644,močvirska krvomočnica,sl,"","",,Slovenian,Alenka Mihoric,2021-04-28T20:28:08Z
163974,polegla krčnica,sl,"","",,Slovenian,Alenka Mihoric,2021-04-28T20:29:12Z
84640,francoska poljska osa,sl,"","",,Slovenian,Alenka Mihoric,2021-04-28T20:34:07Z
119450,jesenska vresa,sl,"","",,Slovenian,Alenka Mihoric,2021-04-28T20:36:41Z
199266,afriška sovka,sl,"","",,Slovenian,Alenka Mihoric,2021-04-29T21:36:22Z
514669,liburnijski lan,sl,"","",,Slovenian,Alenka Mihoric,2021-04-29T21:37:28Z
336260,južna mešinka,sl,"","",,Slovenian,Alenka Mihoric,2021-04-29T21:42:29Z
4424,čigra,sl,"","",,Slovenian,Alenka Mihoric,2021-04-29T21:43:13Z
52795,zajčji ječmen,sl,"","",,Slovenian,Alenka Mihoric,2021-04-29T21:44:03Z
876694,mehkokrilec,sl,"","",,Slovenian,Alenka Mihoric,2021-04-29T21:45:29Z
160698,južni srobot,sl,"","",,Slovenian,Alenka Mihoric,2021-04-29T21:46:16Z
57197,francoska bradica,sl,"","",,Slovenian,Alenka Mihoric,2021-04-29T21:48:29Z
75900,spremenljiva stoklasa,sl,"","",,Slovenian,Alenka Mihoric,2021-04-29T21:50:39Z
61844,debelonogi bleščeči rogin,sl,"","",,Slovenian,Alenka Mihoric,2021-04-29T21:52:30Z
129033,povodni škratec,sl,"","",,Slovenian,Alenka Mihoric,2021-04-29T21:58:33Z
48586,mali vrtni polž,sl,"","",,Slovenian,Alenka Mihoric,2021-04-29T22:04:29Z
54638,lepi čeveljc,sl,"","",,Slovenian,Alenka Mihoric,2021-04-29T22:05:17Z
133490,skalna kernerjevka,sl,"","",,Slovenian,Alenka Mihoric,2021-04-29T22:05:54Z
334984,dvopiki livadar,sl,"","",,Slovenian,Alenka Mihoric,2021-05-01T19:20:16Z
155030,modri trepetlikar,sl,"","",,Slovenian,Alenka Mihoric,2021-05-01T19:22:28Z
511878,brezstebelni ušivec,sl,"","",,Slovenian,Alenka Mihoric,2021-05-01T19:35:10Z
483183,nenavadna vijolica,sl,"","",,Slovenian,Alenka Mihoric,2021-05-01T19:40:05Z
153982,sedmerolistni petoprstnik,sl,"","",,Slovenian,Alenka Mihoric,2021-05-01T19:45:27Z
362292,travniška listarica,sl,"","",,Slovenian,Alenka Mihoric,2021-05-02T08:54:59Z
141737,navadna srparica,sl,"","",,Slovenian,Alenka Mihoric,2021-05-02T08:56:11Z
82106,rjava deva,sl,"","",,Slovenian,Alenka Mihoric,2021-05-02T09:00:19Z
75767,tridelni mrkač,sl,"","",,Slovenian,Alenka Mihoric,2021-05-02T09:01:03Z
521268,dvobarvna kosmatulja,sl,"","",,Slovenian,Alenka Mihoric,2021-05-02T17:03:33Z
371824,skalna prerast,sl,"","",,Slovenian,Alenka Mihoric,2021-05-02T17:06:41Z
513594,kamniška ivanjščica,sl,"","",,Slovenian,Alenka Mihoric,2021-05-02T21:14:04Z
952267,Froelichov svišč,sl,"","",,Slovenian,Alenka Mihoric,2021-05-02T21:16:02Z
58468,biserni vejičar,sl,"","",,Slovenian,Alenka Mihoric,2021-05-03T10:25:12Z
326382,žametni modrook,sl,"","",,Slovenian,Alenka Mihoric,2021-05-03T10:28:04Z
436182,laponska prstasta kukavica,sl,"","",,Slovenian,Alenka Mihoric,2021-05-04T13:17:27Z
418806,žarkasta košeničica,sl,"","",,Slovenian,Alenka Mihoric,2021-05-04T13:18:49Z
497423,mali kratkokrili kozliček,sl,"","",,Slovenian,Alenka Mihoric,2021-05-04T13:24:13Z
60376,navadna enocvetka,sl,"","",,Slovenian,Alenka Mihoric,2021-05-04T13:25:14Z
60374,okroglolistna zelenka,sl,"","",,Slovenian,Alenka Mihoric,2021-05-04T13:25:52Z
57427,njivno zrcalce,sl,"","",,Slovenian,Alenka Mihoric,2021-05-04T21:22:23Z
57858,vodni jetičnik,sl,"","",,Slovenian,Alenka Mihoric,2021-05-04T21:24:00Z
75383,njivski lisičji rep,sl,"","",,Slovenian,Alenka Mihoric,2021-05-04T21:24:55Z
472766,navadna postovka,sl,"","",,Slovenian,Alenka Mihoric,2021-05-04T21:26:02Z
61770,veliki mlakar,sl,"","",,Slovenian,Alenka Mihoric,2021-05-05T20:57:17Z
209688,veliki rdečeokec,sl,"","",,Slovenian,Alenka Mihoric,2021-05-05T20:58:05Z
78707,kodravi dristavec,sl,"","",,Slovenian,Alenka Mihoric,2021-05-05T20:59:07Z
77422,navadna smrečica,sl,"","",,Slovenian,Alenka Mihoric,2021-05-05T21:00:15Z
133250,drevesna zelenka,sl,"","",,Slovenian,Alenka Mihoric,2021-05-05T21:04:28Z
132663,bledi peščenec,sl,"","",,Slovenian,Alenka Mihoric,2021-05-05T21:05:05Z
209683,mali rdečeokec,sl,"","",,Slovenian,Alenka Mihoric,2021-05-05T21:11:16Z
130408,obvodna zverca,sl,"","",,Slovenian,Alenka Mihoric,2021-05-05T21:12:27Z
62009,beli lokvanj,sl,"","",,Slovenian,Alenka Mihoric,2021-05-05T21:17:51Z
78157,klasasti rmanec,sl,"","",,Slovenian,Alenka Mihoric,2021-05-05T21:20:01Z
78158,vretenčasti rmanec,sl,"","",,Slovenian,Alenka Mihoric,2021-05-05T21:22:25Z
118537,gozdna preslica,sl,"","",,Slovenian,Alenka Mihoric,2021-05-06T15:18:31Z
324089,modri kozliček,sl,"","",,Slovenian,Alenka Mihoric,2021-05-06T15:19:18Z
62439,modri grašičar,sl,"","",,Slovenian,Alenka Mihoric,2021-05-06T15:21:33Z
57491,alpski mavček,sl,"","",,Slovenian,Alenka Mihoric,2021-05-06T15:22:12Z
78016,navadni mrzličnik,sl,"","",,Slovenian,Alenka Mihoric,2021-05-06T15:23:17Z
104547,barjanski spreletavec,sl,"","",,Slovenian,Alenka Mihoric,2021-05-06T15:24:12Z
78991,močvirska grezulja,sl,"","",,Slovenian,Alenka Mihoric,2021-05-06T15:26:01Z
57862,bela kljunka,sl,"","",,Slovenian,Alenka Mihoric,2021-05-06T15:27:53Z
371656,gola mahovnica,sl,"","",,Slovenian,Alenka Mihoric,2021-05-06T15:28:47Z
119892,navadna rožmarinka,sl,"","",,Slovenian,Alenka Mihoric,2021-05-06T15:30:04Z
62577,malocvetni šaš,sl,"","",,Slovenian,Alenka Mihoric,2021-05-06T15:30:56Z
890729,ilirska perunika,sl,"","",,Slovenian,Alenka Mihoric,2021-05-07T19:21:09Z
518095,raznobarvni grahor,sl,"","",,Slovenian,Alenka Mihoric,2021-05-07T19:31:06Z
546074,robati mleček,sl,"","",,Slovenian,Alenka Mihoric,2021-05-07T19:33:49Z
59398,rumeni podraščec,sl,"","",,Slovenian,Alenka Mihoric,2021-05-07T19:37:17Z
333217,petelinček,sl,"","",,Slovenian,Alenka Mihoric,2021-05-07T19:38:19Z
57444,mokriščna tleskavka,sl,"","",,Slovenian,Alenka Mihoric,2021-05-07T19:42:26Z
324401,vešča,sl,"","",,Slovenian,Alenka Mihoric,2021-05-07T19:44:54Z
109983,kraški argus,sl,"","",,Slovenian,Alenka Mihoric,2021-05-07T20:04:11Z
342541,krpatonoga bogomolka,sl,"","",,Slovenian,Alenka Mihoric,2021-05-10T08:51:26Z
72378,bodalica,sl,"","",,Slovenian,Alenka Mihoric,2021-05-10T08:54:18Z
70086,obloplodni grahor,sl,"","",,Slovenian,Alenka Mihoric,2021-05-10T09:02:06Z
512067,sivkastobela črna meta,sl,"","",,Slovenian,Alenka Mihoric,2021-05-10T09:03:48Z
859208,Tommasinijev petoprstnik,sl,"","",,Slovenian,Alenka Mihoric,2021-05-10T14:12:09Z
59255,rimska belvalovka,sl,"","",,Slovenian,Alenka Mihoric,2021-05-10T14:21:42Z
483101,razprto ptičje mleko,sl,"","",,Slovenian,Alenka Mihoric,2021-05-10T14:22:42Z
53462,ostriga,sl,"","",,Slovenian,Alenka Mihoric,2021-05-10T14:23:24Z
514630,napolitanska zlatica,sl,"","",,Slovenian,Alenka Mihoric,2021-05-10T14:25:00Z
82722,alepski bor,sl,"","",,Slovenian,Alenka Mihoric,2021-05-10T14:26:03Z
82666,nepravi lovor,sl,"","",,Slovenian,Alenka Mihoric,2021-05-10T14:29:33Z
488778,vitezovka,sl,"","",,Slovenian,Alenka Mihoric,2021-05-10T14:32:40Z
514631,napihnjena zlatica,sl,"","",,Slovenian,Alenka Mihoric,2021-05-10T14:35:02Z
735487,gozdni repinec,sl,"","",,Slovenian,Alenka Mihoric,2021-05-12T17:03:41Z
52703,ječmenasta stoklasa,sl,"","",,Slovenian,Alenka Mihoric,2021-05-12T17:16:35Z
1000780,navadni jelenovec,sl,"","",,Slovenian,Alenka Mihoric,2021-05-13T19:21:40Z
204398,rdečelistni šipek,sl,"","",,Slovenian,Alenka Mihoric,2021-05-13T19:22:50Z
513831,jelenovčev pojalnik,sl,"","",,Slovenian,Alenka Mihoric,2021-05-13T20:11:29Z
113497,prisojni zimnik,sl,"","",,Slovenian,Alenka Mihoric,2021-05-13T20:12:45Z
340425,zelena bleščavka,sl,"","",,Slovenian,Alenka Mihoric,2021-05-13T20:14:28Z
514158,Wulfenov jeglič,sl,"","",,Slovenian,Alenka Mihoric,2021-05-13T20:16:01Z
511879,bosenski ušivec,sl,"","",,Slovenian,Alenka Mihoric,2021-05-13T20:18:00Z
501527,pirenejski kamnokras,sl,"","",,Slovenian,Alenka Mihoric,2021-05-13T20:23:07Z
130482,rumeni grahor,sl,"","",,Slovenian,Alenka Mihoric,2021-05-13T20:51:47Z
484083,planinski tratar,sl,"","",,Slovenian,Alenka Mihoric,2021-05-14T09:30:10Z
470111,ruševni postavnež,sl,"","",,Slovenian,Alenka Mihoric,2021-05-14T09:32:38Z
60385,sviščevec,sl,"","",,Slovenian,Alenka Mihoric,2021-05-14T09:41:50Z
509000,navadni škrlatar,sl,"","",,Slovenian,Alenka Mihoric,2021-05-14T18:24:30Z
202239,koprivova sovka,sl,"","",,Slovenian,Alenka Mihoric,2021-05-15T13:17:52Z
546522,javorjeva osa šiškarica,sl,"","",,Slovenian,Alenka Mihoric,2021-05-15T13:20:17Z
51662,vrtni listni hrošč,sl,"","",,Slovenian,Alenka Mihoric,2021-05-15T13:23:46Z
1103225,gozdna smiljka,sl,"","",,Slovenian,Alenka Mihoric,2021-05-15T13:27:27Z
450677,lepi mali pedic,sl,"","",,Slovenian,Alenka Mihoric,2021-05-15T20:47:21Z
147950,travniška plenilka,sl,"","",,Slovenian,Alenka Mihoric,2021-05-15T20:50:02Z
896569,avstrijska konjska kumina,sl,"","",,Slovenian,Alenka Mihoric,2021-05-15T21:21:11Z
448072,šopasta zvončica,sl,"","",,Slovenian,Alenka Mihoric,2021-05-15T21:23:39Z
447833,širokolistni jelenovec,sl,"","",,Slovenian,Alenka Mihoric,2021-05-15T21:56:17Z
124815,volnati repinec,sl,"","",,Slovenian,Alenka Mihoric,2021-05-15T21:57:39Z
483200,divja vijolica,sl,"","",,Slovenian,Alenka Mihoric,2021-05-16T19:26:47Z
956946,srhkodlakavi netreskovec,sl,"","",,Slovenian,Alenka Mihoric,2021-05-16T19:29:28Z
51618,dišeči kromač,sl,"","",,Slovenian,Alenka Mihoric,2021-05-16T19:30:46Z
68853,jalovi petoprstnik,sl,"","",,Slovenian,Alenka Mihoric,2021-05-17T21:09:46Z
336279,pegasti svinjak,sl,"","",,Slovenian,Alenka Mihoric,2021-05-17T21:19:21Z
332693,jagodnjakov slezovček,sl,"","",,Slovenian,Alenka Mihoric,2021-05-17T21:20:28Z
333994,gorska nebina,sl,"","",,Slovenian,Alenka Mihoric,2021-05-17T21:26:33Z
158234,konopljeni slez,sl,"","",,Slovenian,Alenka Mihoric,2021-05-17T21:47:22Z
132118,klasasti jetičnik,sl,"","",,Slovenian,Alenka Mihoric,2021-05-18T12:17:11Z
326871,žarkasta tarantela,sl,"","",,Slovenian,Alenka Mihoric,2021-05-18T14:06:55Z
52329,gladki ščir,sl,"","",,Slovenian,Alenka Mihoric,2021-05-18T14:10:35Z
337554,zlata prosnica,sl,"","",,Slovenian,Alenka Mihoric,2021-05-18T14:15:46Z
147078,zlati cekinček,sl,"","",,Slovenian,Alenka Mihoric,2021-05-18T14:22:33Z
48543,zajčji lapuh,sl,"","",,Slovenian,Alenka Mihoric,2021-05-18T14:23:31Z
159760,širokolistna zvončica,sl,"","",,Slovenian,Alenka Mihoric,2021-05-18T14:25:09Z
130694,škrlatnordeča zajčica,sl,"","",,Slovenian,Alenka Mihoric,2021-05-18T14:27:56Z
336343,velelistni vratič,sl,"","",,Slovenian,Alenka Mihoric,2021-05-18T14:29:20Z
55021,navadni repnjakovec,sl,"","",,Slovenian,Alenka Mihoric,2021-05-18T14:33:34Z
472673,jesenski pajek,sl,"","",,Slovenian,Alenka Mihoric,2021-05-18T14:57:27Z
52482,navadna zimska trepetavka,sl,"","",,Slovenian,Alenka Mihoric,2021-05-18T15:00:14Z
363514,montpellierski klinček,sl,"","",,Slovenian,Alenka Mihoric,2021-05-18T15:00:54Z
344870,prametuljček,sl,"","",,Slovenian,Alenka Mihoric,2021-05-19T08:59:01Z
126583,rumenorjava maslenica,sl,"","",,Slovenian,Alenka Mihoric,2021-05-19T13:08:10Z
362062,temni poplesovalec,sl,"","",,Slovenian,Alenka Mihoric,2021-05-19T13:08:49Z
119602,drobnocvetni vrbovec,sl,"","",,Slovenian,Alenka Mihoric,2021-05-19T13:13:31Z
63886,ščavjelistna dresen,sl,"","",,Slovenian,Alenka Mihoric,2021-05-19T13:16:19Z
401781,nazobčanolistni mleček,sl,"","",,Slovenian,Alenka Mihoric,2021-05-19T13:18:55Z
130304,veliki lijakar,sl,"","",,Slovenian,Alenka Mihoric,2021-05-19T13:20:24Z
76214,renski glavinec,sl,"","",,Slovenian,Alenka Mihoric,2021-05-20T09:47:18Z
71173,ilirski meček,sl,"","",,Slovenian,Alenka Mihoric,2021-05-20T09:48:16Z
61968,črtasta pižamarka,sl,"","",,Slovenian,Alenka Mihoric,2021-05-20T09:53:08Z
62575,enostavni ježek,sl,"","",,Slovenian,Alenka Mihoric,2021-05-20T14:42:09Z
55048,čebelji volkec,sl,"","",,Slovenian,Alenka Mihoric,2021-05-20T14:42:59Z
192345,Marchesettijeva smetlika,sl,"","",,Slovenian,Alenka Mihoric,2021-05-20T20:36:29Z
362091,lepi brezar,sl,"","",,Slovenian,Alenka Mihoric,2021-05-20T20:37:58Z
354776,rumeni talin,sl,"","",,Slovenian,Alenka Mihoric,2021-05-21T10:06:27Z
52519,zelenomodra deva,sl,"","",,Slovenian,Alenka Mihoric,2021-05-21T10:11:42Z
319307,mala voščica,sl,"","",,Slovenian,Alenka Mihoric,2021-05-21T16:06:14Z
204169,rušnati mavček,sl,"","",,Slovenian,Alenka Mihoric,2021-05-24T13:51:22Z
128735,nožničavi munec,sl,"","",,Slovenian,Alenka Mihoric,2021-05-24T13:54:43Z
60214,Baržunasti oslezovec,sl,"","",,Slovenian,Alenka Mihoric,2021-05-24T13:56:25Z
52992,vonjava kamilica,sl,"","",,Slovenian,Alenka Mihoric,2021-05-24T14:05:52Z
1154661,regensburška relika,sl,"","",,Slovenian,Alenka Mihoric,2021-05-25T10:17:25Z
207669,turkizni modrin,sl,"","",,Slovenian,Alenka Mihoric,2021-05-26T12:40:27Z
204314,dišeči šebenik,sl,"","",,Slovenian,Alenka Mihoric,2021-05-26T12:44:02Z
503964,kljukastosemenska zvezdica,sl,"","",,Slovenian,Alenka Mihoric,2021-05-26T20:52:09Z
78818,njivska zlatica,sl,"","",,Slovenian,Alenka Mihoric,2021-05-29T20:38:36Z
361312,travniška kozja brada,sl,"","",,Slovenian,Alenka Mihoric,2021-05-29T20:41:50Z
601724,peteroštevna prženka,sl,"","",,Slovenian,Alenka Mihoric,2021-05-29T20:45:24Z
487562,brazdasti motovilec,sl,"","",,Slovenian,Alenka Mihoric,2021-05-29T20:47:02Z
47691,njivska rdečina,sl,"","",,Slovenian,Alenka Mihoric,2021-05-29T20:47:38Z
57316,pisana grašica,sl,"","",,Slovenian,Alenka Mihoric,2021-05-29T20:52:12Z
127196,toga spominčica,sl,"","",,Slovenian,Alenka Mihoric,2021-05-29T20:52:45Z
447812,zeleni jagodnjak,sl,"","",,Slovenian,Alenka Mihoric,2021-05-29T20:56:22Z
61935,enoletni mešič,sl,"","",,Slovenian,Alenka Mihoric,2021-05-29T20:57:01Z
124552,srebrni petoprstnik,sl,"","",,Slovenian,Alenka Mihoric,2021-05-29T20:57:43Z
78288,enostranska hruškolistka,sl,"","",,Slovenian,Alenka Mihoric,2021-05-29T21:06:06Z
113507,malinovordeči kamenjak,sl,"","",,Slovenian,Alenka Mihoric,2021-05-29T21:17:35Z
497572,čeladnik,sl,"","",,Slovenian,Alenka Mihoric,2021-05-29T21:21:16Z
491359,razmaknjena detelja,sl,"","",,Slovenian,Alenka Mihoric,2021-05-29T21:22:44Z
118027,rogasti rožički,sl,"","",,Slovenian,Alenka Mihoric,2021-05-29T21:28:53Z
464807,Renejeva čeladica,sl,"","",,Slovenian,Alenka Mihoric,2021-05-29T21:29:31Z
466237,Matthiolijeva kortuzovka,sl,"","",,Slovenian,Alenka Mihoric,2021-05-30T08:51:49Z
77780,severna linejevka,sl,"","",,Slovenian,Alenka Mihoric,2021-05-30T09:14:29Z
794409,Vardjanov košutnik,sl,"","",,Slovenian,Alenka Mihoric,2021-05-30T13:13:44Z
471629,alpska medenica,sl,"","",,Slovenian,Alenka Mihoric,2021-05-30T13:14:17Z
565693,lojdija,sl,"","",,Slovenian,Alenka Mihoric,2021-05-30T13:30:21Z
55840,visoki jeglič,sl,"","",,Slovenian,Alenka Mihoric,2021-05-30T13:32:57Z
498104,prisekani ušivec,sl,"","",,Slovenian,Alenka Mihoric,2021-05-30T13:33:54Z
740864,alpski kosmatinec,sl,"","",,Slovenian,Alenka Mihoric,2021-05-30T13:35:26Z
509916,Hostov kamnokreč,sl,"","",,Slovenian,Alenka Mihoric,2021-05-30T13:37:54Z
62437,planinski belin,sl,"","",,Slovenian,Alenka Mihoric,2021-05-30T13:39:59Z
53197,kodrastolistna kislica,sl,"","",,Slovenian,Alenka Mihoric,2021-05-31T10:30:10Z
440304,kraška meteljka,sl,"","",,Slovenian,Alenka Mihoric,2021-05-31T15:03:05Z
75566,navadni hren,sl,"","",,Slovenian,Alenka Mihoric,2021-06-01T13:54:22Z
209342,potočni osat,sl,"","",,Slovenian,Alenka Mihoric,2021-06-01T13:55:34Z
524007,Hladnikov grintavec,sl,"","",,Slovenian,Alenka Mihoric,2021-06-02T16:40:38Z
515338,kranjski šebenik,sl,"","",,Slovenian,Alenka Mihoric,2021-06-02T17:03:36Z
358780,homuljičin krivček,sl,"","",,Slovenian,Alenka Mihoric,2021-06-02T17:07:13Z
133517,klasasti repuš,sl,"","",,Slovenian,Alenka Mihoric,2021-06-02T17:25:16Z
57107,žabje ločje,sl,"","",,Slovenian,Alenka Mihoric,2021-06-03T22:15:56Z
68290,kapičar,sl,"","",,Slovenian,Alenka Mihoric,2021-06-03T22:17:24Z
55809,poletni veliki zvonček,sl,"","",,Slovenian,Alenka Mihoric,2021-06-06T15:01:50Z
487710,dlakavi mleček,sl,"","",,Slovenian,Alenka Mihoric,2021-06-06T15:04:01Z
604353,Šmidtova lepotka,sl,"","",,Slovenian,Alenka Mihoric,2021-06-06T15:06:59Z
447962,latasta preobjeda,sl,"","",,Slovenian,Alenka Mihoric,2021-06-06T15:08:25Z
362413,dlakava ščetica,sl,"","",,Slovenian,Alenka Mihoric,2021-06-06T15:09:45Z
118863,močvirski svišč,sl,"","",,Slovenian,Alenka Mihoric,2021-06-06T15:15:00Z
54055,pehtranov rman,sl,"","",,Slovenian,Alenka Mihoric,2021-06-06T15:16:40Z
75903,goli stoklasec,sl,"","",,Slovenian,Alenka Mihoric,2021-06-07T08:08:17Z
321526,koprivovčev nosar,sl,"","",,Slovenian,Alenka Mihoric,2021-06-07T08:54:50Z
334893,progasti žafran,sl,"","",,Slovenian,Alenka Mihoric,2021-06-07T08:55:29Z
450771,deljenolistni teloh,sl,"","",,Slovenian,Alenka Mihoric,2021-06-07T09:30:31Z
509229,tržaški svišč,sl,"","",,Slovenian,Alenka Mihoric,2021-06-07T09:33:56Z
1105522,kranjski grahovec,sl,"","",,Slovenian,Alenka Mihoric,2021-06-07T13:25:13Z
354807,lisasta sovka,sl,"","",,Slovenian,Alenka Mihoric,2021-06-07T14:11:32Z
209633,Jacquinijev ranjak,sl,"","",,Slovenian,Alenka Mihoric,2021-06-07T14:21:23Z
524177,navadna oklasnica,sl,"","",,Slovenian,Alenka Mihoric,2021-06-08T08:02:17Z
777576,Fleischmannovo grabljišče,sl,"","",,Slovenian,Alenka Mihoric,2021-06-08T08:21:49Z
471387,rdeča regljalka,sl,"","",,Slovenian,Alenka Mihoric,2021-06-08T08:27:24Z
905827,visoka prerast,sl,"","",,Slovenian,Alenka Mihoric,2021-06-08T08:30:49Z
1115313,gozdna košeničica,sl,"","",,Slovenian,Alenka Mihoric,2021-06-08T08:32:12Z
62407,plazeča mrežolistka,sl,"","",,Slovenian,Alenka Mihoric,2021-06-08T08:36:27Z
159756,bolonjska zvončica,sl,"","",,Slovenian,Alenka Mihoric,2021-06-08T08:37:11Z
516455,rebrinčevolistna hladnikija,sl,"","",,Slovenian,Alenka Mihoric,2021-06-08T14:01:52Z
138458,drobnolistna grašica,sl,"","",,Slovenian,Alenka Mihoric,2021-06-10T15:53:04Z
160689,celolistni srobot,sl,"","",,Slovenian,Alenka Mihoric,2021-06-11T18:38:20Z
335864,bleščeča lakota,sl,"","",,Slovenian,Alenka Mihoric,2021-06-11T18:55:16Z
61419,navadni kačji jezik,sl,"","",,Slovenian,Alenka Mihoric,2021-06-12T20:22:22Z
447920,visoka vijolica,sl,"","",,Slovenian,Alenka Mihoric,2021-06-12T20:24:13Z
202083,mali vinski veščec,sl,"","",,Slovenian,Alenka Mihoric,2021-06-12T20:25:14Z
336923,dvopikasti kozliček,sl,"","",,Slovenian,Alenka Mihoric,2021-06-14T20:12:28Z
60284,plazeča pirnica,sl,"","",,Slovenian,Alenka Mihoric,2021-06-14T20:13:44Z
61152,rani plamenec,sl,"","",,Slovenian,Alenka Mihoric,2021-06-15T08:14:53Z
482,črna liska,sl,"","",,Slovenian,Alenka Mihoric,2021-06-15T08:16:58Z
54573,navadna cepilistka,sl,"","",,Slovenian,Alenka Mihoric,2021-06-15T13:58:15Z
209691,modri marogarček,sl,"","",,Slovenian,Alenka Mihoric,2021-06-15T14:00:38Z
336237,Scheuchzerjev repuš,sl,"","",,Slovenian,Alenka Mihoric,2021-06-17T17:45:30Z
105906,bukova olivka,sl,"","",,Slovenian,Alenka Mihoric,2021-06-17T17:47:47Z
711103,oranžna škržolica,sl,"","",,Slovenian,Alenka Mihoric,2021-06-17T17:51:59Z
448075,debelolistni bodak,sl,"","",,Slovenian,Alenka Mihoric,2021-06-18T09:27:17Z
165927,pirenejsko ptičje mleko,sl,"","",,Slovenian,Alenka Mihoric,2021-06-18T09:31:18Z
1072916,skalni mleček,sl,"","",,Slovenian,Alenka Mihoric,2021-06-18T09:35:29Z
356272,rumeni lan,sl,"","",,Slovenian,Alenka Mihoric,2021-06-18T10:47:03Z
192624,primorska košeničica,sl,"","",,Slovenian,Alenka Mihoric,2021-06-18T12:59:29Z
334480,Jacquinov bodičnik,sl,"","",,Slovenian,Alenka Mihoric,2021-06-18T13:10:58Z
164258,stisnjeno ločje,sl,"","",,Slovenian,Alenka Mihoric,2021-06-21T10:06:46Z
363724,Bertolonijev mačji rep,sl,"","",,Slovenian,Alenka Mihoric,2021-06-21T10:19:53Z
56189,navadna slinarica,sl,"","",,Slovenian,Alenka Mihoric,2021-06-21T10:24:27Z
68479,laška ljuljka,sl,"","",,Slovenian,Alenka Mihoric,2021-06-21T10:28:08Z
207816,kuštravi oklep,sl,"","",,Slovenian,Alenka Mihoric,2021-06-22T19:19:39Z
896535,Malyjeva konjska kumina,sl,"","",,Slovenian,Alenka Mihoric,2021-06-22T19:22:48Z
131148,predalpska grebenuša,sl,"","",,Slovenian,Alenka Mihoric,2021-06-22T19:24:43Z
56322,gorska zlatica,sl,"","",,Slovenian,Alenka Mihoric,2021-06-22T19:25:19Z
55650,planinski pelin,sl,"","",,Slovenian,Alenka Mihoric,2021-06-22T19:30:01Z
1115332,bosanska bilnica,sl,"","",,Slovenian,Alenka Mihoric,2021-06-22T20:08:15Z
133015,skalno grozdičje,sl,"","",,Slovenian,Alenka Mihoric,2021-06-22T20:10:54Z
469789,gornica,sl,"","",,Slovenian,Alenka Mihoric,2021-06-22T20:14:12Z
130542,velebitska plahtica,sl,"","",,Slovenian,Alenka Mihoric,2021-06-22T20:17:00Z
78450,vodna dresen,sl,"","",,Slovenian,Alenka Mihoric,2021-06-25T08:29:20Z
140688,purpurna močvirnica,sl,"","",,Slovenian,Alenka Mihoric,2021-06-25T08:41:04Z
465117,dolgokrila škrebetulja,sl,"","",,Slovenian,Alenka Mihoric,2021-06-25T17:57:07Z
461997,črni kosec,sl,"","",,Slovenian,Alenka Mihoric,2021-06-25T17:58:24Z
336273,gomoljasti osat,sl,"","",,Slovenian,Alenka Mihoric,2021-06-25T18:00:12Z
461835,navadna panešplja,sl,"","",,Slovenian,Alenka Mihoric,2021-06-25T18:08:40Z
76762,oblasti bodoglavec,sl,"","",,Slovenian,Alenka Mihoric,2021-06-25T18:14:50Z
78832,srhkodlakava zlatica,sl,"","",,Slovenian,Alenka Mihoric,2021-06-26T15:46:20Z
67594,zimska panjevka,sl,"","",,Slovenian,Alenka Mihoric,2021-06-26T15:47:47Z
165848,njivski gladež,sl,"","",,Slovenian,Alenka Mihoric,2021-06-26T15:50:29Z
358060,navadna ognjica,sl,"","",,Slovenian,Alenka Mihoric,2021-07-01T22:43:15Z
524186,dlakavi mačji rep,sl,"","",,Slovenian,Alenka Mihoric,2021-07-04T14:02:54Z
366188,kapucinska sovka,sl,"","",,Slovenian,Alenka Mihoric,2021-07-04T14:04:51Z
548481,navadna krvomočničarka,sl,"","",,Slovenian,Alenka Mihoric,2021-07-04T14:10:14Z
130785,ozkorobi mnogook,sl,"","",,Slovenian,Alenka Mihoric,2021-07-04T14:11:12Z
472304,zlatorumeni pediček,sl,"","",,Slovenian,Alenka Mihoric,2021-07-04T14:13:30Z
62236,kobulasti zelenček,sl,"","",,Slovenian,Alenka Mihoric,2021-07-04T14:41:23Z
52964,muha trepetavka,sl,"","",,Slovenian,Alenka Mihoric,2021-07-05T13:59:29Z
59585,plodova muha,sl,"","",,Slovenian,Alenka Mihoric,2021-07-05T14:07:23Z
76639,rušnata masnica,sl,"","",,Slovenian,Alenka Mihoric,2021-07-05T14:12:03Z
335890,opojna zlatica,sl,"","",,Slovenian,Alenka Mihoric,2021-07-05T19:15:11Z
557821,rumena sneženka,sl,"","",,Slovenian,Alenka Mihoric,2021-07-05T20:00:33Z
360026,minica,sl,"","",,Slovenian,Alenka Mihoric,2021-07-05T20:01:23Z
447978,karnijska zvončica,sl,"","",,Slovenian,Alenka Mihoric,2021-07-05T20:02:05Z
334311,vednozelena gladnica,sl,"","",,Slovenian,Alenka Mihoric,2021-07-08T12:40:33Z
354402,Zoisova vijolica,sl,"","",,Slovenian,Alenka Mihoric,2021-07-08T12:43:22Z
64232,volnati rumenik,sl,"","",,Slovenian,Alenka Mihoric,2021-07-08T12:46:12Z
76033,zeleni šaš,sl,"","",,Slovenian,Alenka Mihoric,2021-07-08T13:02:24Z
155848,srednja pirnica,sl,"","",,Slovenian,Alenka Mihoric,2021-07-08T13:04:40Z
60905,spomladanski kosmatinec,sl,"","",,Slovenian,Alenka Mihoric,2021-07-09T09:56:35Z
1262468,mečastolistni oman,sl,"","",https://www.inaturalist.org/taxon_names/2567477/edit,Slovenian,,2021-07-09T14:21:20Z
772766,kranjski kamnokreč,sl,"","",,Slovenian,Alenka Mihoric,2021-07-10T09:14:28Z
334587,črnikasta homulica,sl,"","",,Slovenian,Alenka Mihoric,2021-07-10T09:25:56Z
492354,koroška smiljka,sl,"","",,Slovenian,Alenka Mihoric,2021-07-10T09:30:07Z
472368,raznolistna lakota,sl,"","",,Slovenian,Alenka Mihoric,2021-07-10T09:34:15Z
772748,zvezdasti kamnokreč,sl,"","",,Slovenian,Alenka Mihoric,2021-07-10T09:36:20Z
487027,karpatska majnica,sl,"","",,Slovenian,Alenka Mihoric,2021-07-10T09:37:31Z
136463,pritlikavi alpski zvonček,sl,"","",,Slovenian,Alenka Mihoric,2021-07-10T09:38:42Z
500778,dolgocvetni jeglič,sl,"","",,Slovenian,Alenka Mihoric,2021-07-10T09:43:45Z
168355,mrežolistna vrba,sl,"","",,Slovenian,Alenka Mihoric,2021-07-10T09:44:23Z
448080,lasuljasti glavinec,sl,"","",,Slovenian,Alenka Mihoric,2021-07-10T10:40:55Z
199181,Rhellicanova murka,sl,"","",,Slovenian,Alenka Mihoric,2021-07-10T10:42:03Z
344733,črna čmerika,sl,"","",,Slovenian,Alenka Mihoric,2021-07-10T13:29:10Z
509981,skalni kamnokreč,sl,"","",,Slovenian,Alenka Mihoric,2021-07-10T13:30:37Z
124031,slakov veščec,sl,"","",,Slovenian,Alenka Mihoric,2021-07-10T13:31:13Z
469355,dvobarvni glavinec,sl,"","",,Slovenian,Alenka Mihoric,2021-07-10T13:32:59Z
515770,ozkolistna preobjeda,sl,"","",,Slovenian,Alenka Mihoric,2021-07-10T13:35:22Z
60350,pravi pelin,sl,"","",,Slovenian,Alenka Mihoric,2021-07-10T18:24:40Z
118897,zavita škrbica,sl,"","",,Slovenian,Alenka Mihoric,2021-07-10T18:26:14Z
208495,latasti šaš,sl,"","",,Slovenian,Alenka Mihoric,2021-07-10T18:28:20Z
84342,poljski glavinec,sl,"","",,Slovenian,Alenka Mihoric,2021-07-10T18:31:24Z
442839,velikonočnica,sl,"","",,Slovenian,Alenka Mihoric,2021-07-10T19:04:27Z
50709,trokrpi koralasti koren,sl,"","",,Slovenian,Alenka Mihoric,2021-07-10T19:37:34Z
57190,travniški mačji rep,sl,"","",,Slovenian,Alenka Mihoric,2021-07-11T13:53:06Z
485792,obrežna zijalka,sl,"","",,Slovenian,Alenka Mihoric,2021-07-11T13:55:51Z
93426,višnjeva deva,sl,"","",,Slovenian,Alenka Mihoric,2021-07-11T17:58:56Z
434390,sredozemski lesketnik,sl,"","",,Slovenian,Alenka Mihoric,2021-07-11T17:59:34Z
57454,popotni porečnik,sl,"","",,Slovenian,Alenka Mihoric,2021-07-11T18:00:36Z
94043,veliki spremljevalec,sl,"","",,Slovenian,Alenka Mihoric,2021-07-11T18:02:17Z
1227311,Tomasinijeva zvončica,sl,"","",,Slovenian,Vladimir Tkalčić,2021-07-11T18:59:35Z
94041,afriški minljivec,sl,"","",,Slovenian,Alenka Mihoric,2021-07-12T10:22:32Z
460587,krilatoplodni dimek,sl,"","",,Slovenian,Alenka Mihoric,2021-07-12T10:36:46Z
897426,prerasli mošnjak,sl,"","",,Slovenian,Alenka Mihoric,2021-07-12T10:37:31Z
60897,divja vijolica,sl,"","",,Slovenian,Alenka Mihoric,2021-07-12T10:38:09Z
1117377,pontska močvirnica,sl,"","",,Slovenian,Alenka Mihoric,2021-07-12T13:29:54Z
57485,črni apolon,sl,"","",,Slovenian,Alenka Mihoric,2021-07-12T14:57:02Z
511929,bledorumeni ušivec,sl,"","",,Slovenian,Alenka Mihoric,2021-07-12T14:58:47Z
1031140,šmarna trava,sl,"","",,Slovenian,Alenka Mihoric,2021-07-12T15:08:20Z
849931,Scopolijev grint,sl,"","",,Slovenian,Alenka Mihoric,2021-07-12T15:09:09Z
58961,veliki trpotec,sl,"","",,Slovenian,Alenka Mihoric,2021-07-13T19:19:56Z
518201,razkrečeni grint,sl,"","",,Slovenian,Alenka Mihoric,2021-07-13T19:26:59Z
765284,repinčasti bodak,sl,"","",,Slovenian,Alenka Mihoric,2021-07-14T15:46:37Z
48156,Smuc,sl,"","",http://www.catalogueoflife.org/annual-checklist/details/species/id/10071449/common/135157,Slovenian,iSea,2021-07-14T18:18:02Z
516443,skalna jelenka,sl,"","",,Slovenian,Alenka Mihoric,2021-07-14T20:35:43Z
450956,progasti kobul,sl,"","",,Slovenian,Alenka Mihoric,2021-07-14T20:37:10Z
521526,alpski glavinec,sl,"","",,Slovenian,Alenka Mihoric,2021-07-14T20:38:53Z
436401,gorska logarica,sl,"","",,Slovenian,Alenka Mihoric,2021-07-14T20:45:20Z
525412,siljelistni jelenovec,sl,"","",,Slovenian,Alenka Mihoric,2021-07-14T20:47:36Z
334028,skalna špajka,sl,"","",,Slovenian,Alenka Mihoric,2021-07-14T21:00:01Z
336655,peresasti glavinec,sl,"","",,Slovenian,Alenka Mihoric,2021-07-14T21:13:45Z
336657,predalpski vrbovec,sl,"","",,Slovenian,Alenka Mihoric,2021-07-14T21:16:24Z
486503,osatova koškova muha,sl,"","",,Slovenian,Alenka Mihoric,2021-07-14T21:22:09Z
1101755,pritlikava kosmatulja,sl,"","",,Slovenian,Alenka Mihoric,2021-07-15T09:15:15Z
102975,Beluga,sl,"","",,Slovenian,Zane Roskoph,2021-07-16T12:11:09Z
511767,transsilvanska prstasta kukavica,sl,"","",,Slovenian,Alenka Mihoric,2021-07-16T17:38:31Z
118803,močvirski ušivec,sl,"","",,Slovenian,Alenka Mihoric,2021-07-16T17:39:09Z
54583,španski lazar,sl,"","",,Slovenian,Alenka Mihoric,2021-07-16T17:44:42Z
58822,smrdljiva ditrihovka,sl,"","",,Slovenian,Alenka Mihoric,2021-07-16T17:46:42Z
158615,gosji petoprstnik,sl,"","",,Slovenian,Alenka Mihoric,2021-07-16T17:57:20Z
59549,mnogolistni volčji bob,sl,"","",,Slovenian,Alenka Mihoric,2021-07-16T17:59:45Z
366365,ozkoustna močvirnica,sl,"","",,Slovenian,Alenka Mihoric,2021-07-16T18:09:17Z
54594,smrdljivi mavrahovec,sl,"","",,Slovenian,Alenka Mihoric,2021-07-16T18:09:58Z
59986,dlakavi samovratec,sl,"","",,Slovenian,Alenka Mihoric,2021-07-16T18:11:00Z
366363,brezlistni nadbradec,sl,"","",,Slovenian,Alenka Mihoric,2021-07-16T18:12:38Z
348814,uhati drhtavež,sl,"","",,Slovenian,Alenka Mihoric,2021-07-16T18:13:28Z
773391,Waldsteinov osat,sl,"","",,Slovenian,Alenka Mihoric,2021-07-17T14:45:16Z
334492,šopasti repušnik,sl,"","",,Slovenian,Alenka Mihoric,2021-07-17T14:46:19Z
362875,srebrna krvomočnica,sl,"","",,Slovenian,Alenka Mihoric,2021-07-17T14:49:00Z
78697,kopjasta podlesnica,sl,"","",,Slovenian,Alenka Mihoric,2021-07-17T14:52:10Z
77259,pirenejska krvomočnica,sl,"","",,Slovenian,Alenka Mihoric,2021-07-17T14:55:32Z
332407,jelenova cvrčalka,sl,"","",,Slovenian,Alenka Mihoric,2021-07-17T14:59:52Z
84772,Dillenijeva zajčja deteljica,sl,"","",,Slovenian,Alenka Mihoric,2021-07-18T10:27:41Z
55267,vitka lesenjača,sl,"","",,Slovenian,Alenka Mihoric,2021-07-18T10:31:21Z
143666,ostra suholetnica,sl,"","",,Slovenian,Alenka Mihoric,2021-07-18T19:08:58Z
191914,alpska možina,sl,"","",,Slovenian,Alenka Mihoric,2021-07-18T19:11:21Z
440750,kratkodlakava popkoresa,sl,"","",,Slovenian,Alenka Mihoric,2021-07-18T19:13:31Z
521389,veleglava mačina,sl,"","",,Slovenian,Alenka Mihoric,2021-07-18T19:15:42Z
485938,avstrijska obočnica,sl,"","",,Slovenian,Alenka Mihoric,2021-07-18T19:17:51Z
511093,prešerna lepotka,sl,"","",,Slovenian,Alenka Mihoric,2021-07-18T19:19:13Z
509995,Hohenwartov kamnokreč,sl,"","",,Slovenian,Alenka Mihoric,2021-07-18T20:41:46Z
438903,panonski svišč,sl,"","",,Slovenian,Alenka Mihoric,2021-07-18T20:45:14Z
100290,rumenolisi rjavček,sl,"","",,Slovenian,Alenka Mihoric,2021-07-18T20:50:06Z
48561,osat,sl,"","",,Slovenian,Ljaž,2021-07-18T21:57:36Z
705700,julijska orlica,sl,"","",,Slovenian,Alenka Mihoric,2021-07-19T13:30:11Z
523998,dolgolistno grabljišče,sl,"","",,Slovenian,Alenka Mihoric,2021-07-19T13:33:20Z
1264841,črnoškrlatni kamnokreč,sl,"","",,Slovenian,Alenka Mihoric,2021-07-19T13:34:36Z
563608,alpski bodak,sl,"","",,Slovenian,Alenka Mihoric,2021-07-19T13:40:39Z
55722,travniška krvomočnica,sl,"","",,Slovenian,Alenka Mihoric,2021-07-19T22:09:08Z
52438,osatov kozliček,sl,"","",,Slovenian,Alenka Mihoric,2021-07-20T10:19:10Z
118797,barvilna mačina,sl,"","",,Slovenian,Alenka Mihoric,2021-07-20T10:20:39Z
75765,celolistni mrkač,sl,"","",,Slovenian,Alenka Mihoric,2021-07-20T10:21:13Z
50984,Skakavka,sl,"","",,Slovenian,Zane Roskoph,2021-07-20T12:52:55Z
79441,nedišeča trirobka,sl,"","",,Slovenian,Alenka Mihoric,2021-07-20T19:46:08Z
1122539,artičokasta hrastova šiškarica,sl,"","",,Slovenian,Alenka Mihoric,2021-07-20T19:49:47Z
204409,navadna seljanka,sl,"","",,Slovenian,Alenka Mihoric,2021-07-20T19:51:26Z
52565,navadni slez,sl,"","",,Slovenian,Alenka Mihoric,2021-07-20T19:54:21Z
61910,evropski čudak,sl,"","",,Slovenian,Alenka Mihoric,2021-07-20T19:55:01Z
71065,suličastolistni porečnik,sl,"","",,Slovenian,Alenka Mihoric,2021-07-21T13:31:06Z
324005,velika zlatica,sl,"","",,Slovenian,Alenka Mihoric,2021-07-21T13:32:05Z
55979,navadni zebrat,sl,"","",,Slovenian,Alenka Mihoric,2021-07-21T13:46:03Z
160056,proseni šaš,sl,"","",,Slovenian,Alenka Mihoric,2021-07-21T14:38:08Z
61970,rjavi menih,sl,"","",,Slovenian,Alenka Mihoric,2021-07-22T10:58:57Z
485803,ozkolistni talin,sl,"","",,Slovenian,Alenka Mihoric,2021-07-22T14:07:42Z
57439,žajbljasti vrednik,sl,"","",,Slovenian,Alenka Mihoric,2021-07-22T14:11:03Z
146876,ostrolistni slezenovec,sl,"","",,Slovenian,Alenka Mihoric,2021-07-22T21:26:10Z
62208,rdečečašni svetlin,sl,"","",,Slovenian,Alenka Mihoric,2021-07-22T21:29:00Z
204320,hostni slakovec,sl,"","",,Slovenian,Alenka Mihoric,2021-07-22T21:36:16Z
437987,navadna krpača,sl,"","",,Slovenian,Alenka Mihoric,2021-07-23T14:14:10Z
351371,obuti dežniček,sl,"","",,Slovenian,Alenka Mihoric,2021-07-23T14:15:29Z
130483,goli grahor,sl,"","",,Slovenian,Alenka Mihoric,2021-07-23T14:18:39Z
511935,julijski ušivec,sl,"","",,Slovenian,Alenka Mihoric,2021-07-23T14:20:36Z
371663,Scopolijeva črnobina,sl,"","",,Slovenian,Alenka Mihoric,2021-07-23T14:23:17Z
318926,črtasti pedic,sl,"","",,Slovenian,Alenka Mihoric,2021-07-24T08:12:30Z
336351,nazobčani rman,sl,"","",,Slovenian,Alenka Mihoric,2021-07-24T08:17:04Z
320310,gorski jetičnik,sl,"","",,Slovenian,Alenka Mihoric,2021-07-24T08:19:43Z
515518,nizki repnjak,sl,"","",,Slovenian,Alenka Mihoric,2021-07-24T08:21:39Z
1064978,gola vrba,sl,"","",,Slovenian,Alenka Mihoric,2021-07-24T08:22:12Z
354803,oranžni lišajar,sl,"","",,Slovenian,Alenka Mihoric,2021-07-24T08:23:08Z
472262,travniška vešča,sl,"","",,Slovenian,Alenka Mihoric,2021-07-24T08:23:52Z
58682,užitni smrček,sl,"","",,Slovenian,Alenka Mihoric,2021-07-24T08:54:40Z
55605,plišasta tintnica,sl,"","",,Slovenian,Alenka Mihoric,2021-07-24T08:56:04Z
180365,senožetna plešivka,sl,"","",,Slovenian,Alenka Mihoric,2021-07-24T13:54:39Z
55658,zlata travniška vešča,sl,"","",,Slovenian,Alenka Mihoric,2021-07-24T14:00:18Z
209373,spomladanski svišč,sl,"","",,Slovenian,Alenka Mihoric,2021-07-24T14:04:05Z
56933,drobnocvetna predenica,sl,"","",,Slovenian,Alenka Mihoric,2021-07-24T14:10:22Z
938801,abraščevolistni grint,sl,"","",,Slovenian,Alenka Mihoric,2021-07-24T21:43:22Z
126911,žilnata ponvica,sl,"","",,Slovenian,Alenka Mihoric,2021-07-24T21:45:47Z
487625,alpska vrba,sl,"","",,Slovenian,Alenka Mihoric,2021-07-24T21:47:54Z
160277,črnikasti glavinec,sl,"","",,Slovenian,Alenka Mihoric,2021-07-26T12:24:11Z
483210,Witasekina zvončica,sl,"","",,Slovenian,Alenka Mihoric,2021-07-26T12:36:03Z
933410,avstrijski silj,sl,"","",,Slovenian,Alenka Mihoric,2021-07-26T12:45:06Z
163450,apnenka,sl,"","",,Slovenian,Alenka Mihoric,2021-07-26T12:45:56Z
461119,travniška stenica,sl,"","",,Slovenian,Alenka Mihoric,2021-07-26T13:01:45Z
361064,travniška morska čebulica,sl,"","",,Slovenian,Alenka Mihoric,2021-07-26T23:01:32Z
461357,gladki naprstec,sl,"","",,Slovenian,Alenka Mihoric,2021-07-26T23:05:09Z
245749,preraslolistna grenčica,sl,"","",,Slovenian,Alenka Mihoric,2021-07-26T23:06:05Z
434282,žagasta kamenka,sl,"","",,Slovenian,Alenka Mihoric,2021-07-26T23:06:42Z
362307,beloproga regljalka,sl,"","",,Slovenian,Alenka Mihoric,2021-07-26T23:07:41Z
468232,dolgolegla steblikovka,sl,"","",,Slovenian,Alenka Mihoric,2021-07-26T23:09:24Z
856319,progasta zalezovalka,sl,"","",,Slovenian,Alenka Mihoric,2021-07-26T23:10:10Z
168242,zlatorumena kislica,sl,"","",,Slovenian,Alenka Mihoric,2021-07-27T18:55:41Z
486474,latasta kislica,sl,"","",,Slovenian,Alenka Mihoric,2021-07-27T18:58:23Z
774925,snežna kislica,sl,"","",,Slovenian,Alenka Mihoric,2021-07-27T18:59:17Z
448081,soška smiljka,sl,"","",,Slovenian,Alenka Mihoric,2021-07-27T19:01:11Z
739460,triglavski dimek,sl,"","",,Slovenian,Alenka Mihoric,2021-07-27T19:03:00Z
136366,močevna molova roža,sl,"","",,Slovenian,Alenka Mihoric,2021-07-27T19:10:24Z
78237,ščitolistna močvirka,sl,"","",,Slovenian,Alenka Mihoric,2021-07-27T19:13:56Z
58934,ižopasta krvenka,sl,"","",,Slovenian,Alenka Mihoric,2021-07-27T19:16:02Z
358152,brstični kamnokreč,sl,"","",,Slovenian,Alenka Mihoric,2021-07-28T12:52:33Z
70265,pisana spominčica,sl,"","",,Slovenian,Alenka Mihoric,2021-07-28T12:54:34Z
79503,grahorasta grašica,sl,"","",,Slovenian,Alenka Mihoric,2021-07-28T12:55:46Z
82306,pravi kolmež,sl,"","",,Slovenian,Alenka Mihoric,2021-07-28T12:56:56Z
62017,Nissolejev grahor,sl,"","",,Slovenian,Alenka Mihoric,2021-07-28T12:58:54Z
154224,podlesna pijavčnica,sl,"","",,Slovenian,Alenka Mihoric,2021-07-28T12:59:28Z
416654,kroglasta hrastova šiškarica,sl,"","",,Slovenian,Alenka Mihoric,2021-07-28T13:02:17Z
99786,Električna jegulja,sl,"","",,Slovenian,Zane Roskoph,2021-07-29T03:22:05Z
48197,majski hrošč,sl,"","",,Slovenian,Alenka Mihoric,2021-07-29T12:40:39Z
144153,kipeči kamnokreč,sl,"","",,Slovenian,Alenka Mihoric,2021-07-29T12:42:19Z
486303,dvobarvni planinšček,sl,"","",,Slovenian,Alenka Mihoric,2021-07-29T12:44:16Z
78923,alpski pitomec,sl,"","",,Slovenian,Alenka Mihoric,2021-07-29T12:46:16Z
777863,lepničevolistni grintavec,sl,"","",,Slovenian,Alenka Mihoric,2021-07-29T13:25:05Z
333622,travnolistna vrčica,sl,"","",,Slovenian,Alenka Mihoric,2021-07-29T13:27:57Z
483255,deljenolistna črnobina,sl,"","",,Slovenian,Alenka Mihoric,2021-07-29T13:29:37Z
903891,rdeča murka,sl,"","",,Slovenian,Alenka Mihoric,2021-07-29T13:30:21Z
41970,Jaguar,sl,"","",,Slovenian,Zane Roskoph,2021-07-30T12:17:41Z
50873,Beli morski volk,sl,"","",,Slovenian,Zane Roskoph,2021-07-30T14:08:04Z
521986,veleperesasti glavinec,sl,"","",,Slovenian,Alenka Mihoric,2021-07-31T19:51:31Z
42007,Puma,sl,"","",,Slovenian,Zane Roskoph,2021-08-01T01:55:37Z
126209,medeči škržatek,sl,"","",,Slovenian,Alenka Mihoric,2021-08-01T15:57:55Z
120242,črtkani košek,sl,"","",,Slovenian,Alenka Mihoric,2021-08-01T15:58:55Z
62212,paostrični šaš,sl,"","",,Slovenian,Alenka Mihoric,2021-08-01T16:35:48Z
336344,Verlotov pelin,sl,"","",,Slovenian,Alenka Mihoric,2021-08-01T16:36:37Z
325603,ostnati biček,sl,"","",,Slovenian,Alenka Mihoric,2021-08-01T16:37:29Z
76855,mala kosmatka,sl,"","",,Slovenian,Alenka Mihoric,2021-08-01T16:38:11Z
61089,vitičasta rupija,sl,"","",,Slovenian,Alenka Mihoric,2021-08-01T16:40:02Z
366369,gostocvetni kukovičnik,sl,"","",,Slovenian,Alenka Mihoric,2021-08-01T16:45:52Z
447879,rjasti sitovec,sl,"","",,Slovenian,Alenka Mihoric,2021-08-01T16:46:42Z
56406,studenčni jetrenjak,sl,"","",,Slovenian,Alenka Mihoric,2021-08-01T16:47:40Z
119946,pekovski kozliček,sl,"","",,Slovenian,Alenka Mihoric,2021-08-01T16:48:53Z
122090,dlakava vudsovka,sl,"","",,Slovenian,Alenka Mihoric,2021-08-01T16:52:46Z
60472,leskov zvijač,sl,"","",,Slovenian,Alenka Mihoric,2021-08-01T16:55:05Z
124356,dlakava pasja čebulica,sl,"","",,Slovenian,Alenka Mihoric,2021-08-01T16:56:09Z
558441,navadna žvižgavka,sl,"","",,Slovenian,Alenka Mihoric,2021-08-01T17:03:56Z
509998,nežni kamnokreč,sl,"","",,Slovenian,Alenka Mihoric,2021-08-01T17:06:50Z
180450,islandski lišaj,sl,"","",,Slovenian,Alenka Mihoric,2021-08-01T17:26:20Z
488785,predalpski grint,sl,"","",,Slovenian,Alenka Mihoric,2021-08-02T10:10:53Z
509983,nenavadni kamnokreč,sl,"","",,Slovenian,Alenka Mihoric,2021-08-02T10:11:25Z
130502,snežnobeli repuh,sl,"","",,Slovenian,Alenka Mihoric,2021-08-02T10:18:31Z
35172,Celinski tajpan,sl,"","",,Slovenian,Zane Roskoph,2021-08-02T14:32:02Z
30472,Kraljeva kobra,sl,"","",,Slovenian,Zane Roskoph,2021-08-02T18:39:20Z
56843,navadna češljika,sl,"","",,Slovenian,Alenka Mihoric,2021-08-03T10:05:56Z
333670,kamni luk,sl,"","",,Slovenian,Alenka Mihoric,2021-08-03T10:08:38Z
164026,navadni ožepek,sl,"","",,Slovenian,Alenka Mihoric,2021-08-03T10:12:07Z
52188,Kitovec,sl,"","",,Slovenian,Zane Roskoph,2021-08-03T14:08:59Z
515659,srhka gladnica,sl,"","",,Slovenian,Alenka Mihoric,2021-08-03T19:07:04Z
1263735,skalna smiljka,sl,Slovenia,SI,,Slovenian,Alenka Mihoric,2021-08-03T19:22:24Z
100278,Lorkovičev rjavček,sl,"","",,Slovenian,Alenka Mihoric,2021-08-04T09:48:24Z
55651,glagolska sovka,sl,"","",,Slovenian,Alenka Mihoric,2021-08-04T17:29:31Z
56871,navadna jarica,sl,"","",,Slovenian,Alenka Mihoric,2021-08-04T17:36:26Z
512462,kimasta ovratnica,sl,"","",,Slovenian,Alenka Mihoric,2021-08-04T17:46:04Z
49105,Velika avstralska algovnica,sl,"","",,Slovenian,Zane Roskoph,2021-08-05T13:47:52Z
866208,mnogosemenska metlika,sl,"","",,Slovenian,Alenka Mihoric,2021-08-05T18:24:23Z
483275,pedic,sl,"","",,Slovenian,Alenka Mihoric,2021-08-05T18:26:55Z
1098280,smrekova kresilača,sl,"","",,Slovenian,Alenka Mihoric,2021-08-05T18:27:33Z
809966,pedic,sl,"","",,Slovenian,Alenka Mihoric,2021-08-05T18:30:37Z
82108,kosteničevjeva ivanjščica,sl,"","",,Slovenian,Alenka Mihoric,2021-08-05T18:31:53Z
318441,beločrti repkar,sl,"","",,Slovenian,Alenka Mihoric,2021-08-05T18:33:48Z
338595,veliki kresničar,sl,"","",,Slovenian,Alenka Mihoric,2021-08-05T18:35:24Z
513925,Kreutzerjev krešič,sl,"","",,Slovenian,Alenka Mihoric,2021-08-06T09:16:16Z
55583,zelenkasta strniščnica,sl,"","",,Slovenian,Alenka Mihoric,2021-08-06T09:17:35Z
179113,drhtavi zgubanec,sl,"","",,Slovenian,Alenka Mihoric,2021-08-06T09:18:56Z
48711,navadni pljučar,sl,"","",,Slovenian,Alenka Mihoric,2021-08-06T09:22:06Z
363774,pisana vilovina,sl,"","",,Slovenian,Alenka Mihoric,2021-08-06T09:41:42Z
10421,škotski krivokljun,sl,"","",,Slovenian,Zane Roskoph,2021-08-06T15:24:23Z
363754,sršenasta trepetavka,sl,"","",,Slovenian,Alenka Mihoric,2021-08-06T16:29:48Z
48688,sivozeleni muhvič,sl,"","",,Slovenian,Alenka Mihoric,2021-08-06T16:31:09Z
715802,sinja škržolica,sl,"","",,Slovenian,Alenka Mihoric,2021-08-06T16:32:20Z
62381,belolisi rjavček,sl,"","",,Slovenian,Alenka Mihoric,2021-08-06T16:39:05Z
53168,rogata zajčja deteljica,sl,"","",,Slovenian,Alenka Mihoric,2021-08-06T16:40:06Z
118102,pozemska roža,sl,"","",,Slovenian,Alenka Mihoric,2021-08-06T17:37:00Z
349275,travniški okarček,sl,"","",,Slovenian,Alenka Mihoric,2021-08-08T18:09:19Z
54500,jablana,sl,"","",,Slovenian,Alenka Mihoric,2021-08-08T18:18:55Z
497170,pisana šašulica,sl,"","",,Slovenian,Alenka Mihoric,2021-08-08T18:26:03Z
1054333,ptičjenogi šaš,sl,"","",,Slovenian,Alenka Mihoric,2021-08-08T18:31:10Z
199918,Modroobročkasta hobotnica,sl,"","",,Slovenian,Zane Roskoph,2021-08-09T11:33:51Z
333678,bleščeča velestika,sl,"","",https://www.inaturalist.org/taxon_names/2547320/edit,Slovenian,,2021-08-10T07:36:21Z
123356,Citrona,sl,"","",,Slovenian,Zane Roskoph,2021-08-10T12:49:07Z
164501,navadni jajčar,sl,"","",,Slovenian,Alenka Mihoric,2021-08-10T18:27:45Z
507897,puhasti zebrat,sl,"","",,Slovenian,Alenka Mihoric,2021-08-10T18:29:18Z
498016,navadna belka,sl,"","",,Slovenian,Alenka Mihoric,2021-08-10T18:30:37Z
194437,modrikasta golobica,sl,"","",,Slovenian,Alenka Mihoric,2021-08-10T18:31:27Z
4555,beli galeb,sl,"","",,Slovenian,Zane Roskoph,2021-08-11T12:16:20Z
3802,Strmoglavec,sl,"","",,Slovenian,Zane Roskoph,2021-08-11T15:51:21Z
510381,črnoroba steblikovka,sl,"","",,Slovenian,Alenka Mihoric,2021-08-12T08:35:09Z
118012,cinobrasta bradavička,sl,"","",,Slovenian,Alenka Mihoric,2021-08-12T08:36:51Z
824010,rdečerumeni goban,sl,"","",,Slovenian,Alenka Mihoric,2021-08-12T08:38:10Z
118838,šapasti lepenec,sl,"","",,Slovenian,Alenka Mihoric,2021-08-12T08:40:05Z
60579,rdečedlakava peščena čebela,sl,"","",,Slovenian,Alenka Mihoric,2021-08-12T08:40:57Z
200930,kostanjev lesovrt,sl,"","",,Slovenian,Alenka Mihoric,2021-08-12T08:41:42Z
56582,hrastova kokljica,sl,"","",,Slovenian,Alenka Mihoric,2021-08-12T08:42:42Z
207524,leskov pedic,sl,"","",,Slovenian,Alenka Mihoric,2021-08-12T08:44:45Z
98287,barjanski okarček,sl,"","",,Slovenian,Alenka Mihoric,2021-08-12T08:45:35Z
76217,zala tavžentroža,sl,"","",,Slovenian,Alenka Mihoric,2021-08-12T08:46:14Z
371315,beloproga ščebetulja,sl,"","",,Slovenian,Alenka Mihoric,2021-08-12T08:47:01Z
466317,dolgokrila ostroglavka,sl,"","",,Slovenian,Alenka Mihoric,2021-08-12T08:48:12Z
1110561,bivolček,sl,"","",,Slovenian,Alenka Mihoric,2021-08-12T08:53:01Z
129385,moškatni kozliček,sl,"","",,Slovenian,Alenka Mihoric,2021-08-12T08:53:55Z
483289,pedic,sl,"","",,Slovenian,Alenka Mihoric,2021-08-12T09:18:36Z
41955,Gepard,sl,"","",,Slovenian,Zane Roskoph,2021-08-13T12:25:09Z
515760,zlatična preobjeda,sl,"","",,Slovenian,Alenka Mihoric,2021-08-14T07:47:42Z
546395,Schottov silj,sl,"","",,Slovenian,Alenka Mihoric,2021-08-14T08:30:42Z
340791,abraščevolistni grint,sl,"","",,Slovenian,Alenka Mihoric,2021-08-14T08:47:31Z
448079,Haynaldov glavinec,sl,"","",,Slovenian,Alenka Mihoric,2021-08-14T08:51:45Z
78794,drobnocvetna zelenka,sl,"","",,Slovenian,Alenka Mihoric,2021-08-14T08:54:57Z
112581,Evropski som,sl,"","",,Slovenian,Zane Roskoph,2021-08-14T18:24:29Z
112581,Navadni som,sl,"","",,Slovenian,Zane Roskoph,2021-08-14T18:25:04Z
78338,golo proso,sl,"","",,Slovenian,Alenka Mihoric,2021-08-15T10:25:12Z
78678,ptičja dresen,sl,"","",,Slovenian,Alenka Mihoric,2021-08-15T10:27:30Z
79069,vretenčasti muhvič,sl,"","",,Slovenian,Alenka Mihoric,2021-08-15T10:28:23Z
52486,progasta trepetavka,sl,"","",,Slovenian,Alenka Mihoric,2021-08-15T10:32:27Z
58790,ozkolistni koščec,sl,"","",,Slovenian,Alenka Mihoric,2021-08-15T10:34:30Z
79156,njivska škrbinka,sl,"","",,Slovenian,Alenka Mihoric,2021-08-15T10:37:28Z
322366,muha trepetavka,sl,"","",,Slovenian,Alenka Mihoric,2021-08-15T10:38:28Z
53179,pohojena dresen,sl,"","",,Slovenian,Alenka Mihoric,2021-08-15T10:39:07Z
125932,svetlikava pološčenka,sl,"","",,Slovenian,Alenka Mihoric,2021-08-15T10:41:04Z
140830,Greuterjeva močvirnica,sl,"","",,Slovenian,Alenka Mihoric,2021-08-15T10:41:53Z
75722,jalovi oves,sl,"","",,Slovenian,Alenka Mihoric,2021-08-15T13:21:53Z
1272388,kranjska smetlika,sl,"","",,Slovenian,Alenka Mihoric,2021-08-15T13:39:55Z
41553,Sinji kit,sl,"","",,Slovenian,Zane Roskoph,2021-08-15T15:22:24Z
335611,smaragdni pedic,sl,"","",,Slovenian,Alenka Mihoric,2021-08-17T10:25:46Z
383374,zaviti širokolistar,sl,"","",,Slovenian,Alenka Mihoric,2021-08-17T10:29:28Z
179167,resasta zvezdica,sl,"","",,Slovenian,Alenka Mihoric,2021-08-17T10:32:02Z
940028,luskati luknjičar,sl,"","",,Slovenian,Alenka Mihoric,2021-08-17T10:37:05Z
343749,vijolični krešič,sl,"","",,Slovenian,Alenka Mihoric,2021-08-17T10:37:50Z
56226,veliki viličar,sl,"","",,Slovenian,Alenka Mihoric,2021-08-17T10:40:51Z
52135,zelena mušnica,sl,"","",,Slovenian,Alenka Mihoric,2021-08-17T10:42:39Z
795047,drobljivi kožozob,sl,"","",,Slovenian,Alenka Mihoric,2021-08-17T10:45:29Z
360306,zlatolistna golobica,sl,"","",,Slovenian,Alenka Mihoric,2021-08-17T10:46:38Z
154310,vednozeleni šaš,sl,"","",,Slovenian,Alenka Mihoric,2021-08-17T10:47:47Z
56551,štorov tintovec,sl,"","",,Slovenian,Alenka Mihoric,2021-08-17T10:50:43Z
62397,toga smetlika,sl,"","",,Slovenian,Alenka Mihoric,2021-08-17T10:52:42Z
47553,tisa,sl,"","",,Slovenian,Alenka Mihoric,2021-08-17T10:53:41Z
343169,ježasta prašnica,sl,"","",,Slovenian,Alenka Mihoric,2021-08-17T10:54:46Z
360830,usnjati krešič,sl,"","",,Slovenian,Alenka Mihoric,2021-08-17T10:57:40Z
367109,celinska grmovnica,sl,"","",,Slovenian,Alenka Mihoric,2021-08-17T10:58:40Z
747576,fiberjeva grmohodka,sl,"","",,Slovenian,Alenka Mihoric,2021-08-17T11:00:15Z
125099,beli T,sl,"","",,Slovenian,Alenka Mihoric,2021-08-17T11:04:07Z
460842,rdečevrati mrhar,sl,"","",,Slovenian,Alenka Mihoric,2021-08-17T11:05:15Z
76943,belkasta hudoletnica,sl,"","",,Slovenian,Alenka Mihoric,2021-08-17T11:10:52Z
58727,Thunbergov češmin,sl,"","",,Slovenian,Alenka Mihoric,2021-08-17T11:13:51Z
119999,podaljšana mušnica,sl,"","",,Slovenian,Alenka Mihoric,2021-08-17T11:15:29Z
350511,lijasta trobenta,sl,"","",,Slovenian,Alenka Mihoric,2021-08-17T15:03:09Z
335942,borov goban,sl,"","",,Slovenian,Alenka Mihoric,2021-08-17T15:03:59Z
179734,blazinasti plutozob,sl,"","",,Slovenian,Alenka Mihoric,2021-08-17T15:05:05Z
118207,vretenasta kolobarnica,sl,"","",,Slovenian,Alenka Mihoric,2021-08-17T15:06:10Z
55160,odsekani kijec,sl,"","",,Slovenian,Alenka Mihoric,2021-08-17T15:07:59Z
955949,rumena dvotroska,sl,"","",,Slovenian,Alenka Mihoric,2021-08-17T15:08:55Z
55483,čreslov cvet,sl,"","",,Slovenian,Alenka Mihoric,2021-08-17T15:09:30Z
136399,poletni ostrigar,sl,"","",,Slovenian,Alenka Mihoric,2021-08-17T15:10:31Z
351337,zeleni mesnatovec,sl,"","",,Slovenian,Alenka Mihoric,2021-08-17T15:11:31Z
67585,bagrena koprenka,sl,"","",,Slovenian,Alenka Mihoric,2021-08-17T15:12:38Z
124085,trepetlikov turek,sl,"","",,Slovenian,Alenka Mihoric,2021-08-17T15:14:28Z
49208,jesenski loputar,sl,"","",,Slovenian,Alenka Mihoric,2021-08-17T15:15:29Z
351036,beli ježek,sl,"","",,Slovenian,Alenka Mihoric,2021-08-18T14:34:22Z
179020,rožnata čeladica,sl,"","",,Slovenian,Alenka Mihoric,2021-08-18T14:35:20Z
63405,lepljivi rožički,sl,"","",,Slovenian,Alenka Mihoric,2021-08-18T14:36:59Z
510854,kostanjevka,sl,"","",,Slovenian,Alenka Mihoric,2021-08-18T14:38:40Z
55501,dlakava slojevka,sl,"","",,Slovenian,Alenka Mihoric,2021-08-18T14:39:30Z
701434,leponogi goban,sl,"","",,Slovenian,Alenka Mihoric,2021-08-18T14:42:09Z
54327,sršen,sl,"","",,Slovenian,Alenka Mihoric,2021-08-18T14:42:44Z
712413,glavotaj,sl,"","",,Slovenian,Alenka Mihoric,2021-08-18T14:44:15Z
119170,navadna hrastovka,sl,"","",,Slovenian,Alenka Mihoric,2021-08-18T14:44:58Z
76587,črnordeča ostrica,sl,"","",,Slovenian,Alenka Mihoric,2021-08-18T14:46:00Z
76585,rumenkasta ostrica,sl,"","",,Slovenian,Alenka Mihoric,2021-08-18T14:46:54Z
194737,betičasta livkarica,sl,"","",,Slovenian,Alenka Mihoric,2021-08-18T14:47:44Z
64177,navadna rižolica,sl,"","",,Slovenian,Alenka Mihoric,2021-08-18T14:48:34Z
153003,Barjanska robida,sl,"","",,Slovenian,Zane Roskoph,2021-08-18T16:13:38Z
77552,bleščeče ločje,sl,"","",,Slovenian,Alenka Mihoric,2021-08-19T20:16:46Z
326449,srčasti vitki kozliček,sl,"","",,Slovenian,Alenka Mihoric,2021-08-19T20:19:29Z
490380,srhkodlakavi slez,sl,"","",,Slovenian,Alenka Mihoric,2021-08-19T20:21:10Z
334192,šibasta ločika,sl,"","",,Slovenian,Alenka Mihoric,2021-08-19T20:25:59Z
447966,žitni hrošč,sl,"","",,Slovenian,Alenka Mihoric,2021-08-19T20:26:47Z
77411,navadni oslez,sl,"","",,Slovenian,Alenka Mihoric,2021-08-19T20:27:50Z
75355,latasti luk,sl,"","",,Slovenian,Alenka Mihoric,2021-08-19T20:28:49Z
78174,navadna vodna kreša,sl,"","",,Slovenian,Alenka Mihoric,2021-08-19T20:35:43Z
1274536,mična smetlika,sl,"","",,Slovenian,Alenka Mihoric,2021-08-20T16:57:51Z
465461,bronasta trsnica,sl,"","",,Slovenian,Alenka Mihoric,2021-08-20T18:57:02Z
356343,muha goseničarka,sl,"","",,Slovenian,Alenka Mihoric,2021-08-20T18:58:04Z
473905,celinska krivocerka,sl,"","",,Slovenian,Alenka Mihoric,2021-08-20T18:59:57Z
475564,pedic,sl,"","",,Slovenian,Alenka Mihoric,2021-08-20T19:00:57Z
61517,rdečeglavi ognjeni hrošč,sl,"","",,Slovenian,Alenka Mihoric,2021-08-20T19:01:38Z
130205,vijoličasta travnica,sl,"","",,Slovenian,Alenka Mihoric,2021-08-20T19:02:23Z
204113,navadni jelen,sl,"","",,Slovenian,Alenka Mihoric,2021-08-20T19:04:28Z
355788,trtar,sl,"","",,Slovenian,Alenka Mihoric,2021-08-20T19:07:10Z
109284,strašničin mravljiščar,sl,"","",,Slovenian,Alenka Mihoric,2021-08-20T19:09:19Z
60841,sovka,sl,"","",,Slovenian,Alenka Mihoric,2021-08-20T19:11:36Z
56203,zeleni dolgotipalkar,sl,"","",,Slovenian,Alenka Mihoric,2021-08-20T19:19:50Z
127618,pedic,sl,"","",,Slovenian,Alenka Mihoric,2021-08-20T19:20:37Z
55623,kislična sovka,sl,"","",,Slovenian,Alenka Mihoric,2021-08-20T19:21:24Z
545693,jajčasti rilčkar,sl,"","",,Slovenian,Alenka Mihoric,2021-08-20T19:22:42Z
448157,švicarska drežica,sl,"","",,Slovenian,Alenka Mihoric,2021-08-20T19:23:26Z
547280,čremsina pršica šiškarica,sl,"","",,Slovenian,Alenka Mihoric,2021-08-20T19:24:13Z
488499,muha goseničarka,sl,"","",,Slovenian,Alenka Mihoric,2021-08-20T19:33:44Z
82570,štiriperesna marzilka,sl,"","",,Slovenian,Alenka Mihoric,2021-08-20T19:36:48Z
874529,Deljenolistni sršaj,sl,"","",,Slovenian,Alenka Mihoric,2021-08-20T19:38:57Z
78340,navadno proso,sl,"","",,Slovenian,Alenka Mihoric,2021-08-21T10:48:35Z
62741,srhkodlakava rudbekija,sl,"","",,Slovenian,Alenka Mihoric,2021-08-21T10:49:27Z
59268,enoletna šmarna detelja,sl,"","",,Slovenian,Alenka Mihoric,2021-08-21T10:54:46Z
207530,navadna ločkarka,sl,"","",,Slovenian,Alenka Mihoric,2021-08-21T15:25:42Z
79519,vinska trta,sl,"","",,Slovenian,Alenka Mihoric,2021-08-21T15:31:31Z
1268286,skalni mleček,sl,"","",,Slovenian,Alenka Mihoric,2021-08-23T09:50:57Z
244182,mlahavi ježek,sl,"","",,Slovenian,Alenka Mihoric,2021-08-23T10:02:42Z
147951,razkrečenolistna vodna zlatica,sl,"","",,Slovenian,Alenka Mihoric,2021-08-23T13:48:44Z
60462,kobulasta vodoljuba,sl,"","",,Slovenian,Alenka Mihoric,2021-08-23T13:54:32Z
361308,mehkodlakavi pljučnik,sl,"","",,Slovenian,Alenka Mihoric,2021-08-23T14:00:26Z
410601,votlobetni gobanček,sl,"","",,Slovenian,Alenka Mihoric,2021-08-23T14:17:44Z
341963,kozjenogi ščitar,sl,"","",,Slovenian,Alenka Mihoric,2021-08-23T14:18:51Z
55964,sluzasta širokolistka,sl,"","",,Slovenian,Alenka Mihoric,2021-08-23T14:23:52Z
77490,Balfourova nedotika,sl,"","",,Slovenian,Alenka Mihoric,2021-08-23T14:24:35Z
972793,hruškasta prašnica,sl,"","",,Slovenian,Alenka Mihoric,2021-08-23T14:25:40Z
984339,srednja kompava,sl,"","",,Slovenian,Alenka Mihoric,2021-08-23T14:29:19Z
165838,gozdne mačje tačke,sl,"","",,Slovenian,Alenka Mihoric,2021-08-23T14:31:39Z
63951,navadna hruška,sl,"","",,Slovenian,Alenka Mihoric,2021-08-23T14:34:39Z
515413,mnogolistna konopnica,sl,"","",,Slovenian,Alenka Mihoric,2021-08-23T14:36:46Z
41964,Lev,sl,"","",,Slovenian,Zane Roskoph,2021-08-24T12:35:11Z
370877,travniška vešča,sl,"","",,Slovenian,Alenka Mihoric,2021-08-24T20:36:15Z
53151,mnogolična meteljka,sl,"","",,Slovenian,Alenka Mihoric,2021-08-24T20:55:05Z
52707,madridski glistnik,sl,"","",,Slovenian,Alenka Mihoric,2021-08-24T21:00:21Z
60968,tulajnik,sl,"","",,Slovenian,Alenka Mihoric,2021-08-24T21:10:37Z
74831,Snežni leopard,sl,"","",,Slovenian,Zane Roskoph,2021-08-25T12:00:58Z
41967,Tiger,sl,"","",,Slovenian,Zane Roskoph,2021-08-26T16:31:48Z
85426,žveplenorumeni kosmatinec,sl,"","",,Slovenian,Alenka Mihoric,2021-08-26T21:58:01Z
468825,enokoškasti grint,sl,"","",,Slovenian,Alenka Mihoric,2021-08-26T22:10:13Z
521375,zahodnoalpski rman,sl,"","",,Slovenian,Alenka Mihoric,2021-08-27T08:05:02Z
836819,macesnovolistna črvinka,sl,"","",,Slovenian,Alenka Mihoric,2021-08-27T08:07:55Z
734807,gorska homulica,sl,"","",,Slovenian,Alenka Mihoric,2021-08-27T08:13:26Z
333564,sibirska hlačničarka,sl,"","",,Slovenian,Alenka Mihoric,2021-08-27T08:15:45Z
547170,kačji trpotec,sl,"","",,Slovenian,Alenka Mihoric,2021-08-27T08:28:12Z
326143,alpski podlesek,sl,"","",,Slovenian,Alenka Mihoric,2021-08-27T08:32:30Z
333971,spomladanski repnjak,sl,"","",,Slovenian,Alenka Mihoric,2021-08-27T08:40:53Z
130799,Balijski tiger,sl,"","",,Slovenian,Zane Roskoph,2021-08-27T11:23:07Z
130799,Javanski tiger,sl,"","",,Slovenian,Zane Roskoph,2021-08-27T11:46:41Z
130793,Bengalski tiger,sl,"","",,Slovenian,Zane Roskoph,2021-08-27T12:40:50Z
472352,belopolsteni lepen,sl,"","",,Slovenian,Alenka Mihoric,2021-08-27T13:15:43Z
470115,zvezdasta prerast,sl,"","",,Slovenian,Alenka Mihoric,2021-08-27T13:17:08Z
448065,gorski tratar,sl,"","",,Slovenian,Alenka Mihoric,2021-08-27T13:39:13Z
60145,jajčar,sl,"","",,Slovenian,Alenka Mihoric,2021-08-27T13:51:13Z
208915,alpska ivanjščica,sl,"","",,Slovenian,Alenka Mihoric,2021-08-27T13:53:15Z
133007,širokolistni jeglič,sl,"","",,Slovenian,Alenka Mihoric,2021-08-27T13:54:01Z
501346,Kernerjev ušivec,sl,"","",,Slovenian,Alenka Mihoric,2021-08-27T13:58:18Z
323003,ukrivljenolistna črvinka,sl,"","",,Slovenian,Alenka Mihoric,2021-08-27T14:13:08Z
371637,Črna človeška ribica,sl,"","",,Slovenian,Zane Roskoph,2021-08-27T15:10:20Z
371637,Črni močeril,sl,"","",,Slovenian,Zane Roskoph,2021-08-27T15:12:51Z
27677,Človeška ribica,sl,"","",,Slovenian,Zane Roskoph,2021-08-27T15:13:28Z
27677,močeril,sl,"","",,Slovenian,Zane Roskoph,2021-08-27T15:13:44Z
27677,proteus,sl,"","",,Slovenian,Zane Roskoph,2021-08-27T15:13:57Z
334019,laponski rjavček,sl,"","",,Slovenian,Alenka Mihoric,2021-08-28T08:18:41Z
204243,alpski gornik,sl,"","",,Slovenian,Alenka Mihoric,2021-08-28T09:35:50Z
488694,enoglavi svinjak,sl,"","",,Slovenian,Alenka Mihoric,2021-08-28T10:25:38Z
362466,dolomitski rman,sl,"","",,Slovenian,Alenka Mihoric,2021-08-28T10:27:18Z
447244,čudoviti klinček,sl,"","",,Slovenian,Alenka Mihoric,2021-08-28T19:30:00Z
473679,enocvetna smiljka,sl,"","",,Slovenian,Alenka Mihoric,2021-08-28T19:30:34Z
511933,gomoljasti ušivec,sl,"","",,Slovenian,Alenka Mihoric,2021-08-30T13:43:13Z
908337,drobnocvetni naprstec,sl,"","",,Slovenian,Alenka Mihoric,2021-08-30T13:55:58Z
54520,beli vratič,sl,"","",,Slovenian,Alenka Mihoric,2021-08-30T14:21:13Z
521347,dvoustnati čišljak,sl,"","",,Slovenian,Alenka Mihoric,2021-08-30T14:22:42Z
334481,Linejev bodičnik,sl,"","",,Slovenian,Alenka Mihoric,2021-08-30T14:25:12Z
520131,velika grebenuša,sl,"","",,Slovenian,Alenka Mihoric,2021-08-30T14:29:06Z
511947,Wettsteinov škrobotec,sl,"","",,Slovenian,Alenka Mihoric,2021-08-30T14:35:18Z
334897,upognjena krvomočnica,sl,"","",,Slovenian,Alenka Mihoric,2021-08-30T15:02:15Z
335501,glavičasti lan,sl,"","",,Slovenian,Alenka Mihoric,2021-08-30T15:04:14Z
209629,gorski ranjak,sl,"","",,Slovenian,Alenka Mihoric,2021-08-30T15:09:58Z
357408,prilegli grahovec,sl,"","",,Slovenian,Alenka Mihoric,2021-08-30T15:14:04Z
335879,apeninski petoprstnik,sl,"","",,Slovenian,Alenka Mihoric,2021-08-30T15:19:27Z
930567,apeninska silina,sl,"","",,Slovenian,Alenka Mihoric,2021-08-30T15:38:02Z
207827,dlakavi jeglič,sl,"","",,Slovenian,Alenka Mihoric,2021-08-30T15:53:43Z
334577,sipinski papirjevec,sl,"","",,Slovenian,Alenka Mihoric,2021-08-30T21:02:42Z
862625,istrska osrečnica,sl,"","",,Slovenian,Alenka Mihoric,2021-08-30T21:48:17Z
59283,marogasta rakovica,sl,"","",,Slovenian,Alenka Mihoric,2021-08-30T21:52:41Z
244102,obmorska nokota,sl,"","",,Slovenian,Alenka Mihoric,2021-09-02T09:27:32Z
48896,posončnica,sl,"","",,Slovenian,Alenka Mihoric,2021-09-02T09:31:31Z
854322,grška suhocvetka,sl,"","",,Slovenian,Alenka Mihoric,2021-09-02T09:37:37Z
82641,sredozemski smilj,sl,"","",,Slovenian,Alenka Mihoric,2021-09-02T09:41:32Z
514950,ozkolistni gadovec,sl,"","",,Slovenian,Alenka Mihoric,2021-09-02T10:05:58Z
505249,bodeča cikorija,sl,"","",,Slovenian,Alenka Mihoric,2021-09-02T10:09:03Z
67715,navadni kaprovec,sl,"","",,Slovenian,Alenka Mihoric,2021-09-02T10:20:03Z
900799,mokovec,sl,"","",https://www.inaturalist.org/taxon_names/2512270/edit,Slovenian,Josué Orfão,2021-09-02T20:25:51Z
359477,srpasta prerast,sl,"","",,Slovenian,Alenka Mihoric,2021-09-02T20:38:29Z
334896,alpski čapljevec,sl,"","",,Slovenian,Alenka Mihoric,2021-09-02T20:45:43Z
465860,srhkodlakava zvončica,sl,"","",,Slovenian,Alenka Mihoric,2021-09-02T20:50:54Z
1277863,pritlikava jerebika,sl,"","",https://www.inaturalist.org/taxon_names/2518566/edit,Slovenian,,2021-09-03T00:31:14Z
155484,krhljasta barvilnica,sl,"","",,Slovenian,Alenka Mihoric,2021-09-03T15:15:18Z
410374,vodni grint,sl,"","",,Slovenian,Alenka Mihoric,2021-09-03T15:41:31Z
465258,lilijevka,sl,"","",,Slovenian,Alenka Mihoric,2021-09-03T15:43:08Z
62429,gozdni vratar,sl,"","",,Slovenian,Alenka Mihoric,2021-09-03T15:44:49Z
350509,siva lisička,sl,"","",,Slovenian,Alenka Mihoric,2021-09-03T21:25:26Z
60997,navadni rogolist,sl,"","",,Slovenian,Alenka Mihoric,2021-09-07T18:25:55Z
283890,bleščeči dristavec,sl,"","",,Slovenian,Alenka Mihoric,2021-09-07T18:27:12Z
61223,lesnika,sl,"","",,Slovenian,Alenka Mihoric,2021-09-07T18:33:12Z
132657,navadni kamenjak,sl,"","",,Slovenian,Alenka Mihoric,2021-09-07T19:38:37Z
536019,pusta strnjenka,sl,"","",https://www.inaturalist.org/taxon_names/2634780/edit,Slovenian,,2021-09-07T22:44:11Z
79169,morska nitnica,sl,"","",,Slovenian,Alenka Mihoric,2021-09-09T13:49:11Z
905463,glavičasti timijan,sl,"","",,Slovenian,Alenka Mihoric,2021-09-09T13:51:28Z
54605,navadna črna meta,sl,"","",,Slovenian,Alenka Mihoric,2021-09-09T13:55:15Z
56739,kloščevec,sl,"","",,Slovenian,Alenka Mihoric,2021-09-09T13:58:07Z
60275,ostika,sl,"","",,Slovenian,Alenka Mihoric,2021-09-09T13:59:35Z
71191,ozkolistna ledenka,sl,"","",,Slovenian,Alenka Mihoric,2021-09-09T14:03:15Z
555902,kretski vrednik,sl,"","",,Slovenian,Alenka Mihoric,2021-09-09T14:06:44Z
189914,Hilarijevo zelje,sl,"","",,Slovenian,Alenka Mihoric,2021-09-09T14:09:25Z
68008,repušica,sl,"","",,Slovenian,Alenka Mihoric,2021-09-09T14:16:21Z
53315,mala kopriva,sl,"","",,Slovenian,Alenka Mihoric,2021-09-09T14:22:38Z
75255,vrbasta akacija,sl,"","",,Slovenian,Alenka Mihoric,2021-09-09T14:29:19Z
58334,modrozeleni tobak,sl,"","",,Slovenian,Alenka Mihoric,2021-09-09T14:31:00Z
211055,nosata saranča,sl,"","",,Slovenian,Alenka Mihoric,2021-09-11T13:32:57Z
340941,dlakava kapinika,sl,"","",,Slovenian,Alenka Mihoric,2021-09-11T13:34:10Z
1280030,rušnati rdeči koren,sl,"","",,Slovenian,Alenka Mihoric,2021-09-11T13:37:08Z
496259,širokolistna križnolistnica,sl,"","",,Slovenian,Alenka Mihoric,2021-09-11T13:39:24Z
64261,vednozelena cipresa,sl,"","",,Slovenian,Alenka Mihoric,2021-09-11T13:42:10Z
1056842,orjaška lepnica,sl,"","",,Slovenian,Alenka Mihoric,2021-09-11T13:44:20Z
48969,veliki odolin,sl,"","",,Slovenian,Alenka Mihoric,2021-09-11T13:58:32Z
467550,sirski osat,sl,"","",,Slovenian,Alenka Mihoric,2021-09-11T14:04:29Z
481318,sirski javor,sl,"","",,Slovenian,Alenka Mihoric,2021-09-11T14:05:54Z
61872,navadni stiraks,sl,"","",,Slovenian,Alenka Mihoric,2021-09-11T14:17:15Z
348964,rimska kopriva,sl,"","",,Slovenian,Alenka Mihoric,2021-09-11T14:25:49Z
988967,ciprska kozjica,sl,"","",,Slovenian,Alenka Mihoric,2021-09-11T14:41:41Z
135778,kalabrijski bor,sl,"","",,Slovenian,Alenka Mihoric,2021-09-11T15:46:30Z
514647,arabska poljanka,sl,"","",,Slovenian,Alenka Mihoric,2021-09-11T15:47:39Z
72076,krupina,sl,"","",,Slovenian,Alenka Mihoric,2021-09-11T15:54:29Z
495531,bleščeči rogin,sl,"","",,Slovenian,Alenka Mihoric,2021-09-11T17:44:29Z
101481,ciprski iskrivček,sl,"","",,Slovenian,Alenka Mihoric,2021-09-11T17:45:39Z
514949,ščetinasta litodora,sl,"","",,Slovenian,Alenka Mihoric,2021-09-11T17:47:58Z
339416,bodeča kapinika,sl,"","",,Slovenian,Alenka Mihoric,2021-09-11T17:52:34Z
77758,krilata mrežica,sl,"","",,Slovenian,Alenka Mihoric,2021-09-11T18:06:29Z
547816,lepenec,sl,"","",,Slovenian,Alenka Mihoric,2021-09-12T20:05:15Z
63271,citronasta mušnica,sl,"","",,Slovenian,Alenka Mihoric,2021-09-12T20:05:56Z
205261,kijasti grivec,sl,"","",,Slovenian,Alenka Mihoric,2021-09-12T20:22:04Z
64694,ozkolistna oljčica,sl,"","",,Slovenian,Alenka Mihoric,2021-09-12T20:28:33Z
514813,siva lakota,sl,"","",,Slovenian,Alenka Mihoric,2021-09-12T20:33:07Z
68052,palisičji šaš,sl,"","",,Slovenian,Alenka Mihoric,2021-09-13T13:22:48Z
163165,Pisani zebrat,sl,Slovenia,SI,,Slovenian,Žan Rode,2021-09-14T08:54:40Z
967514,Regrati,sl,Slovenia,SI,,Slovenian,Žan Rode,2021-09-14T08:59:32Z
47124,Dvokaličnice,sl,Slovenia,SI,,Slovenian,Žan Rode,2021-09-14T09:00:50Z
211194,Višje rastline,sl,Slovenia,SI,,Slovenian,Žan Rode,2021-09-14T09:03:08Z
47126,Rastline,sl,Slovenia,SI,,Slovenian,Žan Rode,2021-09-14T09:03:41Z
57774,Rdeče alge,sl,Slovenia,SI,,Slovenian,Žan Rode,2021-09-14T09:05:09Z
64615,Jetrenjaki,sl,Slovenia,SI,,Slovenian,Žan Rode,2021-09-14T09:06:14Z
311312,Glaukofiti,sl,Slovenia,SI,,Slovenian,Žan Rode,2021-09-14T09:06:54Z
50863,Zelene alge,sl,Slovenia,SI,,Slovenian,Žan Rode,2021-09-14T09:07:19Z
56327,Rogovnjaki,sl,Slovenia,SI,,Slovenian,Žan Rode,2021-09-14T09:09:14Z
48372,Listnati mahovi,sl,Slovenia,SI,,Slovenian,Žan Rode,2021-09-14T09:12:47Z
136336,Sagovci,sl,Slovenia,SI,,Slovenian,Žan Rode,2021-09-14T09:16:04Z
151882,Ginkovci,sl,Slovenia,SI,,Slovenian,Žan Rode,2021-09-14T09:17:36Z
151883,Gnetovci,sl,Slovenia,SI,,Slovenian,Žan Rode,2021-09-14T09:19:13Z
47623,Lisičjakovci,sl,Slovenia,SI,,Slovenian,Žan Rode,2021-09-14T09:19:47Z
136329,Iglavci,sl,Slovenia,SI,,Slovenian,Žan Rode,2021-09-14T09:20:28Z
121943,Praprotnice,sl,Slovenia,SI,,Slovenian,Žan Rode,2021-09-14T09:21:03Z
49382,Aravkarijevke,sl,Slovenia,SI,,Slovenian,Žan Rode,2021-09-14T09:24:37Z
47374,Cipresovke,sl,Slovenia,SI,,Slovenian,Žan Rode,2021-09-14T09:25:22Z
47562,Borovke,sl,Slovenia,SI,,Slovenian,Žan Rode,2021-09-14T09:26:01Z
70279,Podokarpovke,sl,Slovenia,SI,,Slovenian,Žan Rode,2021-09-14T09:26:48Z
47556,Tisovke,sl,Slovenia,SI,,Slovenian,Žan Rode,2021-09-14T09:27:48Z
47375,Borovci,sl,Slovenia,SI,,Slovenian,Žan Rode,2021-09-14T09:28:44Z
47555,Tise,sl,Slovenia,SI,,Slovenian,Žan Rode,2021-09-14T12:32:42Z
47558,Slivove tise,sl,Slovenia,SI,,Slovenian,Žan Rode,2021-09-14T12:33:40Z
47553,Navadna tisa,sl,Slovenia,SI,,Slovenian,Žan Rode,2021-09-14T12:38:19Z
55209,Pacifiška tisa,sl,Slovenia,SI,,Slovenian,Žan Rode,2021-09-14T12:40:16Z
129509,Kanadska tisa,sl,Slovenia,SI,,Slovenian,Žan Rode,2021-09-14T12:40:37Z
153220,Kitajska tisa,sl,Slovenia,SI,,Slovenian,Žan Rode,2021-09-14T12:41:00Z
133386,Japonska tisa,sl,Slovenia,SI,,Slovenian,Žan Rode,2021-09-14T12:41:28Z
135548,Floridska tisa,sl,Slovenia,SI,,Slovenian,Žan Rode,2021-09-14T12:42:21Z
135516,Mehiška tisa,sl,Slovenia,SI,,Slovenian,Žan Rode,2021-09-14T12:42:48Z
135517,Himalajska tisa,sl,Slovenia,SI,,Slovenian,Žan Rode,2021-09-14T12:43:26Z
54262,Jelke,sl,Slovenia,SI,,Slovenian,Žan Rode,2021-09-14T12:44:45Z
69821,Cedre,sl,Slovenia,SI,,Slovenian,Žan Rode,2021-09-14T12:46:01Z
55571,Macesni,sl,Slovenia,SI,,Slovenian,Žan Rode,2021-09-14T12:46:40Z
63573,Smreke,sl,Slovenia,SI,,Slovenian,Žan Rode,2021-09-14T12:47:38Z
47561,Bori,sl,Slovenia,SI,,Slovenian,Žan Rode,2021-09-14T12:48:24Z
48257,Duglazije,sl,Slovenia,SI,,Slovenian,Žan Rode,2021-09-14T12:49:18Z
48255,Čuge,sl,Slovenia,SI,,Slovenian,Žan Rode,2021-09-14T12:50:18Z
84953,trnocljev repuš,sl,"","",,Slovenian,Alenka Mihoric,2021-09-14T19:46:58Z
335032,Petiverjeva vodna zlatica,sl,"","",,Slovenian,Alenka Mihoric,2021-09-14T19:50:37Z
487759,ledeniški pelin,sl,"","",,Slovenian,Alenka Mihoric,2021-09-15T20:06:58Z
515287,primorskoalpski šebenik,sl,"","",,Slovenian,Alenka Mihoric,2021-09-15T20:10:44Z
41808,hermelin,sl,"","",,Slovenian,Alenka Mihoric,2021-09-16T14:17:26Z
483171,mali zali kobulček,sl,"","",,Slovenian,Alenka Mihoric,2021-09-16T14:18:05Z
486318,barjanska vijolica,sl,"","",,Slovenian,Alenka Mihoric,2021-09-17T13:34:47Z
49601,Morski mesec,sl,"","","Philips TK, Moretto P (2025) Revision of the genus _Pseudopedaria_ Felsche, 1904, with descriptions of three new species and a subspecies from Central Africa (Coleoptera: Scarabaeinae: Coprini). Catharsius La Revue (N.S.) 5: 1–26. doi:10.5281/zenodo.17036002.",Slovenian,Victor HOYEAU,2021-09-19T15:43:46Z
48448,koruza,sl,"","",,Slovenian,Alenka Mihoric,2021-09-19T20:24:31Z
361270,turinska perla,sl,"","",,Slovenian,Alenka Mihoric,2021-09-19T20:27:24Z
64616,skalna zlatenka,sl,"","",,Slovenian,Alenka Mihoric,2021-09-19T20:28:51Z
464711,pisani grahor,sl,"","",,Slovenian,Alenka Mihoric,2021-09-20T13:54:07Z
164028,vednozeleni grenik,sl,"","",,Slovenian,Alenka Mihoric,2021-09-20T14:03:56Z
69923,širokolistna barčija,sl,"","",,Slovenian,Alenka Mihoric,2021-09-20T14:09:46Z
361653,polegli petoprstnik,sl,"","",,Slovenian,Alenka Mihoric,2021-09-20T14:10:56Z
168374,srebrna kadulja,sl,"","",,Slovenian,Alenka Mihoric,2021-09-20T14:11:42Z
62200,njivski volovski jezik,sl,"","",,Slovenian,Alenka Mihoric,2021-09-20T14:13:41Z
905335,črmlji skarabej,sl,"","",,Slovenian,Alenka Mihoric,2021-09-21T18:58:12Z
12825,sredozemski kupčar,sl,"","",,Slovenian,Alenka Mihoric,2021-09-21T19:00:16Z
76208,benediktinka,sl,"","",,Slovenian,Alenka Mihoric,2021-09-21T19:03:22Z
157622,krpatovenčnik,sl,"","",,Slovenian,Alenka Mihoric,2021-09-21T19:05:00Z
82838,izrobljenolistni lučnik,sl,"","",,Slovenian,Alenka Mihoric,2021-09-21T19:06:56Z
451053,progasta grašica,sl,"","",,Slovenian,Alenka Mihoric,2021-09-21T19:09:06Z
79009,španski žulj,sl,"","",,Slovenian,Alenka Mihoric,2021-09-23T15:19:14Z
764247,kratkokrila škrebetulja,sl,"","",,Slovenian,Alenka Mihoric,2021-09-23T15:21:39Z
122700,škrebetulja,sl,"","",,Slovenian,Alenka Mihoric,2021-09-23T15:26:17Z
333723,češuljasta kompava,sl,"","",,Slovenian,Alenka Mihoric,2021-09-23T15:27:48Z
154442,galska osa,sl,"","",,Slovenian,Alenka Mihoric,2021-09-23T15:29:39Z
60020,brsteča haljica,sl,"","",,Slovenian,Alenka Mihoric,2021-09-23T15:30:55Z
77365,navadna posončnica,sl,"","",,Slovenian,Alenka Mihoric,2021-09-23T15:32:04Z
335853,dišeči srobot,sl,"","",,Slovenian,Alenka Mihoric,2021-09-23T15:32:59Z
100362,hromi volnoritec,sl,"","",,Slovenian,Alenka Mihoric,2021-09-23T15:34:10Z
320685,korenikasta krvomočnica,sl,"","",,Slovenian,Alenka Mihoric,2021-09-23T15:34:40Z
133994,rdečeplodni brin,sl,"","",,Slovenian,Alenka Mihoric,2021-09-23T15:35:32Z
4736,črna štorklja,sl,"","",,Slovenian,Alenka Mihoric,2021-09-23T15:37:50Z
75605,prilegla lepica,sl,"","",,Slovenian,Alenka Mihoric,2021-09-23T15:38:57Z
57484,širokorobi mnogook,sl,"","",,Slovenian,Alenka Mihoric,2021-09-23T15:41:43Z
119664,pelargonijev bakrenček,sl,"","",,Slovenian,Alenka Mihoric,2021-09-24T08:55:17Z
473539,zelena pisanka,sl,"","",,Slovenian,Alenka Mihoric,2021-09-24T08:56:13Z
56525,krpasti osasti pajek,sl,"","",,Slovenian,Alenka Mihoric,2021-09-24T13:13:43Z
464211,laška kobilica,sl,"","",,Slovenian,Alenka Mihoric,2021-09-24T13:14:24Z
85030,opoldanski škrlatec,sl,"","",,Slovenian,Alenka Mihoric,2021-09-24T13:15:02Z
130407,rdeči voščenec,sl,"","",,Slovenian,Alenka Mihoric,2021-09-24T13:15:45Z
109650,sinji presličar,sl,"","",,Slovenian,Alenka Mihoric,2021-09-24T13:16:38Z
133295,rdeči pisanček,sl,"","",,Slovenian,Alenka Mihoric,2021-09-24T13:17:13Z
170271,navadna konopljika,sl,"","",,Slovenian,Alenka Mihoric,2021-09-24T13:19:12Z
35912,martinček,sl,"","",,Slovenian,Alenka Mihoric,2021-09-24T13:19:40Z
168639,navadno bičevje,sl,"","",,Slovenian,Alenka Mihoric,2021-09-24T13:20:34Z
59979,smrdljivi bezeg,sl,"","",,Slovenian,Alenka Mihoric,2021-09-24T13:21:08Z
51824,pasasti bleščavec,sl,"","",,Slovenian,Alenka Mihoric,2021-09-24T13:21:45Z
68354,veliki pisanček,sl,"","",,Slovenian,Alenka Mihoric,2021-09-24T13:22:27Z
447425,radičevke,sl,"","",,Slovenian,Alenka Mihoric,2021-09-27T08:36:43Z
54759,navadni lovor,sl,"","",,Slovenian,Alenka Mihoric,2021-09-27T09:31:33Z
167598,srčastolistna bolhača,sl,"","",,Slovenian,Alenka Mihoric,2021-09-27T09:37:13Z
82646,lepljiva ditrihovka,sl,"","",,Slovenian,Alenka Mihoric,2021-09-27T09:38:21Z
128032,navadna papirjevka,sl,"","",,Slovenian,Alenka Mihoric,2021-09-27T09:39:34Z
53052,navadni komarček,sl,"","",,Slovenian,Alenka Mihoric,2021-09-27T09:40:38Z
334209,ozkolistna mrežica,sl,"","",,Slovenian,Alenka Mihoric,2021-09-27T09:41:13Z
792837,grmičasta členjača,sl,"","",,Slovenian,Alenka Mihoric,2021-09-27T09:42:03Z
481783,beneški silj,sl,"","",,Slovenian,Alenka Mihoric,2021-09-27T09:43:10Z
238746,primorski slanorad,sl,"","",,Slovenian,Alenka Mihoric,2021-09-27T09:45:38Z
55625,progasti kamenjak,sl,"","",,Slovenian,Alenka Mihoric,2021-09-27T09:47:22Z
144510,rečni galeb,sl,"","",,Slovenian,Alenka Mihoric,2021-09-27T09:48:05Z
55909,kobulasta škržolica,sl,"","",,Slovenian,Alenka Mihoric,2021-09-27T09:48:50Z
168442,kraški šetraj,sl,"","",,Slovenian,Alenka Mihoric,2021-09-27T09:49:20Z
82903,hrapavi oponec,sl,"","",,Slovenian,Alenka Mihoric,2021-09-27T09:51:50Z
133366,navadni ruj,sl,"","",,Slovenian,Alenka Mihoric,2021-09-27T09:52:21Z
78592,navadni lepljivec,sl,"","",,Slovenian,Alenka Mihoric,2021-09-27T09:53:15Z
122970,topinambur,sl,"","",,Slovenian,Alenka Mihoric,2021-09-27T09:54:04Z
334013,pirenejska zmajevka,sl,"","",,Slovenian,Alenka Mihoric,2021-09-27T09:54:33Z
204544,planinski vrabec,sl,"","",,Slovenian,Alenka Mihoric,2021-09-27T09:55:03Z
119661,ozkolistni volčji bob,sl,"","",,Slovenian,Alenka Mihoric,2021-09-28T14:48:48Z
76365,kaduljelistni brškin,sl,"","",,Slovenian,Alenka Mihoric,2021-09-28T14:50:23Z
82689,navadna jagodičnica,sl,"","",,Slovenian,Alenka Mihoric,2021-09-28T14:55:17Z
203000,jezičasti ralovec,sl,"","",,Slovenian,Alenka Mihoric,2021-09-28T14:56:17Z
64119,smokvova opuncija,sl,"","",,Slovenian,Alenka Mihoric,2021-09-28T14:57:47Z
334754,črnikasta grašica,sl,"","",,Slovenian,Alenka Mihoric,2021-09-28T15:02:07Z
129454,skalni popkolist,sl,"","",,Slovenian,Alenka Mihoric,2021-09-28T15:05:16Z
167780,repuščev katanec,sl,"","",,Slovenian,Alenka Mihoric,2021-09-28T15:07:45Z
130726,laška lepnica,sl,"","",,Slovenian,Alenka Mihoric,2021-09-28T15:08:50Z
154238,poljska osivnica,sl,"","",,Slovenian,Alenka Mihoric,2021-09-28T15:10:16Z
56992,obmorska krpnica,sl,"","",,Slovenian,Alenka Mihoric,2021-09-28T20:07:17Z
78837,beli katanec,sl,"","",,Slovenian,Alenka Mihoric,2021-09-28T20:07:43Z
55505,trirobati luk,sl,"","",,Slovenian,Alenka Mihoric,2021-09-28T20:08:22Z
53212,francoska lepnica,sl,"","",,Slovenian,Alenka Mihoric,2021-09-28T20:09:42Z
545482,polsteni mlečni bodak,sl,"","",,Slovenian,Alenka Mihoric,2021-09-28T20:12:41Z
537967,lepljiva barčija,sl,"","",,Slovenian,Alenka Mihoric,2021-09-28T20:14:05Z
59343,mehkodlakava repatka,sl,"","",,Slovenian,Alenka Mihoric,2021-09-28T20:18:21Z
341172,srčasti ralovec,sl,"","",,Slovenian,Alenka Mihoric,2021-09-28T20:33:20Z
338478,repata kopriva,sl,"","",,Slovenian,Alenka Mihoric,2021-09-28T20:38:59Z
70045,mehki akant,sl,"","",,Slovenian,Alenka Mihoric,2021-09-28T20:40:17Z
484679,trirogljati šeboj,sl,"","",,Slovenian,Alenka Mihoric,2021-09-28T20:44:55Z
205947,vodoravni popkolist,sl,"","",,Slovenian,Alenka Mihoric,2021-09-28T20:45:59Z
59320,metuljasta kukavica,sl,"","",,Slovenian,Alenka Mihoric,2021-09-29T15:12:02Z
288259,navadna trdulja,sl,"","",,Slovenian,Alenka Mihoric,2021-09-29T15:13:10Z
57283,navadna rdeča špajka,sl,"","",,Slovenian,Alenka Mihoric,2021-09-29T15:14:17Z
63916,Venerini laski,sl,"","",,Slovenian,Alenka Mihoric,2021-09-29T15:15:03Z
59904,zlata krizantema,sl,"","",,Slovenian,Alenka Mihoric,2021-09-29T15:15:49Z
82632,navadna suhocvetka,sl,"","",,Slovenian,Alenka Mihoric,2021-09-29T15:16:26Z
82669,obrežna lepnica,sl,"","",,Slovenian,Alenka Mihoric,2021-09-29T15:17:20Z
60294,zakrivljena ozkorepka,sl,"","",,Slovenian,Alenka Mihoric,2021-09-29T15:18:54Z
198882,topokrpi javor,sl,"","",,Slovenian,Alenka Mihoric,2021-09-29T21:25:48Z
53856,navadna bodika,sl,"","",,Slovenian,Alenka Mihoric,2021-09-29T21:26:25Z
77255,blesteča krvomočnica,sl,"","",,Slovenian,Alenka Mihoric,2021-09-29T21:27:02Z
79461,poljski brest,sl,"","",,Slovenian,Alenka Mihoric,2021-09-29T21:27:37Z
53076,mehka krvomočnica,sl,"","",,Slovenian,Alenka Mihoric,2021-09-29T21:28:15Z
61904,čopasta sivka,sl,"","",,Slovenian,Alenka Mihoric,2021-09-29T21:29:28Z
334306,zvezdastodlakava modrika,sl,"","",,Slovenian,Alenka Mihoric,2021-09-29T21:31:32Z
334189,vzhodni divjakovec,sl,"","",,Slovenian,Alenka Mihoric,2021-09-29T21:32:09Z
76764,trpotčastolistni gadovec,sl,"","",,Slovenian,Alenka Mihoric,2021-09-30T09:14:40Z
356150,Javorkin rdeči koren,sl,"","",,Slovenian,Alenka Mihoric,2021-09-30T14:00:31Z
518362,mehkodlakava jurjevina,sl,"","",,Slovenian,Alenka Mihoric,2021-09-30T14:01:50Z
546520,škrlatnomodro ptičje seme,sl,"","",,Slovenian,Alenka Mihoric,2021-09-30T14:04:48Z
64318,kretski brškin,sl,"","",,Slovenian,Alenka Mihoric,2021-09-30T14:07:56Z
82856,vednozelena krhlika,sl,"","",,Slovenian,Alenka Mihoric,2021-09-30T14:09:25Z
243632,apulijsko mačje uho,sl,"","",,Slovenian,Alenka Mihoric,2021-09-30T14:11:26Z
335852,rumeni čepljec,sl,"","",,Slovenian,Alenka Mihoric,2021-09-30T14:13:05Z
59321,škrlatnordeča kukavica,sl,"","",,Slovenian,Alenka Mihoric,2021-09-30T14:13:46Z
181594,stebričasti mleček,sl,"","",,Slovenian,Alenka Mihoric,2021-09-30T14:14:55Z
361314,bela turška detelja,sl,"","",,Slovenian,Alenka Mihoric,2021-09-30T14:16:23Z
340032,bodeči mleček,sl,"","",,Slovenian,Alenka Mihoric,2021-09-30T14:18:32Z
358332,štiripikasta kukavica,sl,"","",,Slovenian,Alenka Mihoric,2021-09-30T14:19:53Z
326530,jamičasti skarabej,sl,"","",,Slovenian,Alenka Mihoric,2021-09-30T14:20:46Z
1106930,osasto mačje uho,sl,"","",,Slovenian,Alenka Mihoric,2021-09-30T14:23:19Z
59322,spakasta kukavica,sl,"","",,Slovenian,Alenka Mihoric,2021-09-30T14:24:50Z
54141,porolistna kozja brada,sl,"","",,Slovenian,Alenka Mihoric,2021-09-30T14:25:45Z
896177,Bertolonijevo mačje uho,sl,"","",,Slovenian,Alenka Mihoric,2021-09-30T14:27:50Z
82906,vejnati zlati koren,sl,"","",,Slovenian,Alenka Mihoric,2021-09-30T14:30:43Z
357634,malocvetna kukavica,sl,"","",,Slovenian,Alenka Mihoric,2021-09-30T14:31:47Z
340495,velecvetni ralovec,sl,"","",,Slovenian,Alenka Mihoric,2021-09-30T14:32:15Z
802788,sicilsko mačje uho,sl,"","",,Slovenian,Alenka Mihoric,2021-09-30T14:34:02Z
84983,rdeči dimek,sl,"","",,Slovenian,Alenka Mihoric,2021-09-30T14:36:04Z
210414,barvilna alkana,sl,"","",,Slovenian,Alenka Mihoric,2021-09-30T14:36:45Z
59315,laška kukavica,sl,"","",,Slovenian,Alenka Mihoric,2021-09-30T14:37:13Z
202282,apeninski popon,sl,"","",,Slovenian,Alenka Mihoric,2021-09-30T14:39:27Z
356122,Tommasinijev lan,sl,"","",,Slovenian,Alenka Mihoric,2021-09-30T14:40:36Z
50856,bodeča škorpijonka,sl,"","",,Slovenian,Alenka Mihoric,2021-10-01T09:33:01Z
358181,navadna sekirka,sl,"","",,Slovenian,Alenka Mihoric,2021-10-01T09:34:12Z
77950,drevesasti grmičasti oslez,sl,"","",,Slovenian,Alenka Mihoric,2021-10-01T09:34:58Z
338346,sicilski slak,sl,"","",,Slovenian,Alenka Mihoric,2021-10-01T09:37:15Z
59262,ptičja nokota,sl,"","",,Slovenian,Alenka Mihoric,2021-10-01T09:38:18Z
61068,jajčasti zajčji rep,sl,"","",,Slovenian,Alenka Mihoric,2021-10-01T09:39:40Z
129759,užitni karpobrot,sl,"","",,Slovenian,Alenka Mihoric,2021-10-01T09:45:04Z
144517,črnoglavi galeb,sl,"","",,Slovenian,Alenka Mihoric,2021-10-01T13:49:40Z
464914,ščetinastolistni grahor,sl,"","",,Slovenian,Alenka Mihoric,2021-10-01T16:14:04Z
319281,mali jesen,sl,"","",,Slovenian,Alenka Mihoric,2021-10-01T16:17:13Z
82853,kutina,sl,"","",,Slovenian,Alenka Mihoric,2021-10-01T16:18:52Z
874359,navadna mračica,sl,"","",,Slovenian,Alenka Mihoric,2021-10-01T16:19:40Z
59318,navadna kukavica,sl,"","",,Slovenian,Alenka Mihoric,2021-10-01T16:20:24Z
204337,polegla alpska azaleja,sl,"","",,Slovenian,Alenka Mihoric,2021-10-01T16:34:51Z
126149,Zlatih os,sl,"","",,Slovenian,villu,2021-10-03T08:55:19Z
1287152,rožnati gadnjak,sl,"","",https://www.inaturalist.org/taxon_names/2544324/edit,Slovenian,,2021-10-04T02:26:17Z
4883,sabljarka,sl,"","",,Slovenian,Alenka Mihoric,2021-10-07T14:15:43Z
989787,rumenocvetna smiljkita,sl,"","",,Slovenian,Alenka Mihoric,2021-10-07T14:16:47Z
7067,duplinska kozarka,sl,"","",,Slovenian,Alenka Mihoric,2021-10-07T14:23:41Z
126193,votli petelinček,sl,"","",,Slovenian,Alenka Mihoric,2021-10-07T14:24:50Z
56354,trpežna svercija,sl,"","",,Slovenian,Alenka Mihoric,2021-10-07T17:47:03Z
209374,planinska homulica,sl,"","",,Slovenian,Alenka Mihoric,2021-10-07T17:47:38Z
515769,turska preobjeda,sl,"","",,Slovenian,Alenka Mihoric,2021-10-07T17:48:26Z
740866,nizka milnica,sl,"","",,Slovenian,Alenka Mihoric,2021-10-07T17:51:15Z
145650,gorski netresk,sl,"","",,Slovenian,Alenka Mihoric,2021-10-07T17:54:45Z
55734,ostra homulica,sl,"","",,Slovenian,Alenka Mihoric,2021-10-07T17:55:28Z
332681,raznolistni osat,sl,"","",,Slovenian,Alenka Mihoric,2021-10-07T17:56:09Z
956934,peščeni netreskovec,sl,"","",,Slovenian,Alenka Mihoric,2021-10-07T17:56:41Z
486032,raskavi kamnokreč,sl,"","",,Slovenian,Alenka Mihoric,2021-10-07T17:58:22Z
319385,mehurjasti ranjak,sl,"","",,Slovenian,Alenka Mihoric,2021-10-07T20:11:54Z
451769,timijanovolistna poljanka,sl,"","",,Slovenian,Alenka Mihoric,2021-10-08T08:49:50Z
51738,žajbelj,sl,"","",,Slovenian,Alenka Mihoric,2021-10-08T08:52:35Z
82925,pritajena kadulja,sl,"","",,Slovenian,Alenka Mihoric,2021-10-08T08:54:00Z
128137,navadna splavka,sl,"","",,Slovenian,Alenka Mihoric,2021-10-08T08:58:14Z
128896,pavji rep,sl,"","",,Slovenian,Alenka Mihoric,2021-10-08T09:01:52Z
59361,srhkodlakava repatka,sl,"","",,Slovenian,Alenka Mihoric,2021-10-08T09:06:10Z
162850,žitni mleček,sl,"","",,Slovenian,Alenka Mihoric,2021-10-08T09:07:14Z
75771,smolni detelnjak,sl,"","",,Slovenian,Alenka Mihoric,2021-10-08T09:07:48Z
53152,meteljka,sl,"","",,Slovenian,Alenka Mihoric,2021-10-08T09:10:41Z
82600,sodopernata rujevina,sl,"","",,Slovenian,Alenka Mihoric,2021-10-08T09:14:04Z
337957,skalni čistec,sl,"","",,Slovenian,Alenka Mihoric,2021-10-08T09:20:22Z
82664,vzpenjavi kovačnik,sl,"","",,Slovenian,Alenka Mihoric,2021-10-08T09:21:28Z
243620,drobnocvetni ralovec,sl,"","",,Slovenian,Alenka Mihoric,2021-10-08T09:22:08Z
703646,kretska sekirka,sl,"","",,Slovenian,Alenka Mihoric,2021-10-08T09:25:56Z
155794,pravi cirmet,sl,"","",,Slovenian,Alenka Mihoric,2021-10-08T09:27:50Z
123815,kleopatra,sl,"","",,Slovenian,Alenka Mihoric,2021-10-08T09:29:24Z
363723,alpski lisičji rep,sl,"","",https://www.inaturalist.org/taxon_names/2657880/edit,Slovenian,,2021-10-10T06:33:52Z
77111,drevesasti mleček,sl,"","",,Slovenian,Alenka Mihoric,2021-10-10T18:27:08Z
337685,rdeči citinus,sl,"","",,Slovenian,Alenka Mihoric,2021-10-10T18:40:54Z
132892,egipčanska kobilica,sl,"","",,Slovenian,Alenka Mihoric,2021-10-10T18:41:35Z
333672,okroglolistni podraščec,sl,"","",,Slovenian,Alenka Mihoric,2021-10-10T18:42:23Z
59264,čičkasti grahor,sl,"","",,Slovenian,Alenka Mihoric,2021-10-10T18:43:51Z
35710,kraška kuščarica,sl,"","",,Slovenian,Alenka Mihoric,2021-10-10T18:44:44Z
59267,vrtna vetrnica,sl,"","",,Slovenian,Alenka Mihoric,2021-10-10T18:45:50Z
57240,bodičastoplodna zlatica,sl,"","",,Slovenian,Alenka Mihoric,2021-10-10T18:47:14Z
83085,piramidasti pilovec,sl,"","",,Slovenian,Alenka Mihoric,2021-10-10T18:47:56Z
333677,navadna ferula,sl,"","",,Slovenian,Alenka Mihoric,2021-10-10T18:48:36Z
869180,mehurjasti dimek,sl,"","",,Slovenian,Alenka Mihoric,2021-10-10T18:50:39Z
77056,srčastolistni čapljevec,sl,"","",,Slovenian,Alenka Mihoric,2021-10-10T19:02:41Z
492104,hibridna kozja brada,sl,"","",,Slovenian,Alenka Mihoric,2021-10-10T19:03:41Z
52990,zgoščenocvetni bodak,sl,"","",,Slovenian,Alenka Mihoric,2021-10-10T19:07:38Z
68838,enoletni golšec,sl,"","",,Slovenian,Alenka Mihoric,2021-10-11T17:47:07Z
55631,črnikasta detelja,sl,"","",,Slovenian,Alenka Mihoric,2021-10-11T17:47:51Z
57065,indijska medena detelja,sl,"","",,Slovenian,Alenka Mihoric,2021-10-11T17:51:24Z
334749,Cherlerova detelja,sl,"","",,Slovenian,Alenka Mihoric,2021-10-11T17:52:45Z
60201,podzemna detelja,sl,"","",,Slovenian,Alenka Mihoric,2021-10-11T17:54:27Z
82895,rožnati luk,sl,"","",,Slovenian,Alenka Mihoric,2021-10-11T17:55:31Z
467566,grški popovec,sl,"","",,Slovenian,Alenka Mihoric,2021-10-11T17:58:08Z
82679,Zanonijeva srebrna detelja,sl,"","",,Slovenian,Alenka Mihoric,2021-10-11T17:59:03Z
76422,drevesasta mehurka,sl,"","",,Slovenian,Alenka Mihoric,2021-10-11T18:00:02Z
63366,mrežica,sl,"","",,Slovenian,Alenka Mihoric,2021-10-11T18:01:56Z
128743,morski želodek,sl,"","",,Slovenian,Alenka Mihoric,2021-10-11T18:05:23Z
245746,preraslolistna grenčica,sl,"","",,Slovenian,Alenka Mihoric,2021-10-11T18:07:46Z
334601,navadna kamnica,sl,"","",,Slovenian,Alenka Mihoric,2021-10-11T18:08:35Z
1156684,jadranski kokoševec,sl,"","",,Slovenian,Alenka Mihoric,2021-10-11T18:09:14Z
319120,kretski pasji jezik,sl,"","",,Slovenian,Alenka Mihoric,2021-10-11T18:09:54Z
444224,bolhač,sl,"","",,Slovenian,Alenka Mihoric,2021-10-11T18:11:37Z
147298,okrasti skalnik,sl,"","",,Slovenian,Alenka Mihoric,2021-10-11T18:12:28Z
525532,sivkasta robida,sl,"","",,Slovenian,Alenka Mihoric,2021-10-11T18:13:01Z
75606,cevasti zlati koren,sl,"","",,Slovenian,Alenka Mihoric,2021-10-11T18:14:16Z
430662,Jupitrova brada,sl,"","",,Slovenian,Alenka Mihoric,2021-10-11T19:48:57Z
57307,panonska grašica,sl,"","",,Slovenian,Alenka Mihoric,2021-10-13T12:51:23Z
168387,podlesna kadulja,sl,"","",,Slovenian,Alenka Mihoric,2021-10-13T12:52:40Z
359461,šiljasti sovec,sl,"","",,Slovenian,Alenka Mihoric,2021-10-13T13:03:10Z
78259,navadna kozjica,sl,"","",,Slovenian,Alenka Mihoric,2021-10-13T13:04:33Z
318452,bledi kresničar,sl,"","",,Slovenian,Alenka Mihoric,2021-10-13T13:06:56Z
780067,vratičev menih,sl,"","",,Slovenian,Alenka Mihoric,2021-10-13T13:08:41Z
58345,obmorska srpica,sl,"","",,Slovenian,Alenka Mihoric,2021-10-13T13:09:24Z
203760,navadni osočnik,sl,"","",,Slovenian,Alenka Mihoric,2021-10-13T13:10:20Z
508406,Gmelinijeva mrežica,sl,"","",,Slovenian,Alenka Mihoric,2021-10-13T13:11:28Z
503367,obmorski pelin,sl,"","",,Slovenian,Alenka Mihoric,2021-10-13T13:13:07Z
162206,laški gadovec,sl,"","",,Slovenian,Alenka Mihoric,2021-10-13T13:15:21Z
59779,Srednji trpotec,sl,Slovenia,SI,,Slovenian,Žan Rode,2021-10-14T10:44:19Z
47911,sirska svilnica,sl,"","",,Slovenian,Alenka Mihoric,2021-10-14T21:10:23Z
162699,poljska možina,sl,"","",,Slovenian,Alenka Mihoric,2021-10-14T21:10:56Z
521800,peščeni glavinec,sl,"","",,Slovenian,Alenka Mihoric,2021-10-14T21:11:36Z
338352,oblasti luk,sl,"","",,Slovenian,Alenka Mihoric,2021-10-14T21:12:35Z
360160,pokončni čišljak,sl,"","",,Slovenian,Alenka Mihoric,2021-10-14T21:13:42Z
208988,trnov repkar,sl,"","",,Slovenian,Alenka Mihoric,2021-10-14T21:14:15Z
204272,njivski šetrajnik,sl,"","",,Slovenian,Alenka Mihoric,2021-10-14T21:14:52Z
57634,drobnocvetna vijolica,sl,"","",,Slovenian,Alenka Mihoric,2021-10-14T21:16:18Z
555935,peščeni rdeči koren,sl,"","",,Slovenian,Alenka Mihoric,2021-10-14T21:19:22Z
168481,rumenkasti grintavec,sl,"","",,Slovenian,Alenka Mihoric,2021-10-14T21:20:48Z
62749,jadralec,sl,"","",,Slovenian,Alenka Mihoric,2021-10-14T21:21:23Z
60834,grahovčev iskrivček,sl,"","",,Slovenian,Alenka Mihoric,2021-10-14T21:22:44Z
361305,dolgojadrni grahovec,sl,"","",,Slovenian,Alenka Mihoric,2021-10-14T21:24:20Z
55655,mali cekinček,sl,"","",,Slovenian,Alenka Mihoric,2021-10-14T21:25:03Z
549351,močvirski grint,sl,"","",,Slovenian,Alenka Mihoric,2021-10-14T21:25:35Z
337499,sredozemski kamenjak,sl,"","",,Slovenian,Alenka Mihoric,2021-10-14T21:28:08Z
181684,kanadski topol,sl,"","",,Slovenian,Alenka Mihoric,2021-10-15T11:13:18Z
53294,navadna škrbinka,sl,"","",,Slovenian,Alenka Mihoric,2021-10-17T18:46:24Z
132070,primorska srparica,sl,"","",,Slovenian,Alenka Mihoric,2021-10-23T13:29:41Z
120657,Poletaš,sl,"","","Philips TK, Moretto P (2025) Revision of the genus _Pseudopedaria_ Felsche, 1904, with descriptions of three new species and a subspecies from Central Africa (Coleoptera: Scarabaeinae: Coprini). Catharsius La Revue (N.S.) 5: 1–26. doi:10.5281/zenodo.17036002.",Slovenian,,2021-10-23T14:43:01Z
50278,navadna vinika,sl,"","",,Slovenian,Alenka Mihoric,2021-10-27T10:36:33Z
79301,suličastolistna nebina,sl,"","",,Slovenian,Alenka Mihoric,2021-10-27T10:38:10Z
78882,mnogocvetni šipek,sl,"","",,Slovenian,Alenka Mihoric,2021-10-27T10:40:01Z
61906,srhkolistna skrka,sl,"","",,Slovenian,Alenka Mihoric,2021-10-27T10:41:13Z
62771,navadni podraščec,sl,"","",,Slovenian,Alenka Mihoric,2021-10-27T10:41:54Z
118814,tolščakasta loboda,sl,"","",,Slovenian,Alenka Mihoric,2021-10-29T13:26:13Z
6937,kreheljc,sl,"","",,Slovenian,Alenka Mihoric,2021-10-29T13:54:48Z
201282,zelenonoga tukalica,sl,"","",,Slovenian,Alenka Mihoric,2021-10-29T14:08:30Z
605992,japonska ostriga,sl,"","",,Slovenian,Alenka Mihoric,2021-10-29T19:28:34Z
60176,kopjelistna loboda,sl,"","",,Slovenian,Alenka Mihoric,2021-10-29T19:30:15Z
169489,luskasta nebina,sl,"","",,Slovenian,Alenka Mihoric,2021-10-29T19:30:56Z
326880,obmorski oman,sl,"","",,Slovenian,Alenka Mihoric,2021-10-29T19:31:32Z
170020,obmorska nebina,sl,"","",,Slovenian,Alenka Mihoric,2021-10-29T19:32:09Z
341583,modrikasti pelin,sl,"","",,Slovenian,Alenka Mihoric,2021-10-29T19:32:59Z
4943,mala bela čaplja,sl,"","",,Slovenian,Alenka Mihoric,2021-10-29T19:35:35Z
82591,navadna slatinka,sl,"","",,Slovenian,Alenka Mihoric,2021-10-29T19:36:11Z
406016,jesenska vilovina,sl,"","",,Slovenian,Alenka Mihoric,2021-10-29T19:37:07Z
325561,gladki mleček,sl,"","",,Slovenian,Alenka Mihoric,2021-10-29T19:37:48Z
93437,bleda deva,sl,"","",,Slovenian,Alenka Mihoric,2021-10-29T19:39:11Z
64017,navadna kanela,sl,"","",,Slovenian,Alenka Mihoric,2021-10-29T19:39:47Z
337045,primorska kuščarica,sl,"","",,Slovenian,Alenka Mihoric,2021-10-29T19:40:29Z
60218,navadni smokvovec,sl,"","",,Slovenian,Alenka Mihoric,2021-10-29T19:41:09Z
475571,zlata nebina,sl,"","",,Slovenian,Alenka Mihoric,2021-10-29T19:41:51Z
55607,raznozobi grint,sl,"","",,Slovenian,Alenka Mihoric,2021-10-29T19:42:25Z
169432,primorski slanorad,sl,"","",,Slovenian,Alenka Mihoric,2021-10-29T19:43:03Z
786890,ilirski stenski polž,sl,"","",https://www.inaturalist.org/taxon_names/2651070/edit,Slovenian,,2021-11-01T04:04:14Z
130492,navadna šparnica,sl,"","",,Slovenian,Alenka Mihoric,2021-11-02T15:48:55Z
481760,gorski silj,sl,"","",,Slovenian,Alenka Mihoric,2021-11-02T15:49:26Z
198885,navadna šmarna hrušica,sl,"","",,Slovenian,Alenka Mihoric,2021-11-02T15:50:22Z
83992,Navadna breza,sl,"","",,Slovenian,Alenka Mihoric,2021-11-02T15:51:02Z
900799,navadni mokovec,sl,"","",,Slovenian,Alenka Mihoric,2021-11-02T15:52:10Z
47571,trepetlika,sl,"","",,Slovenian,Alenka Mihoric,2021-11-02T15:52:41Z
58725,navadni brin,sl,"","",,Slovenian,Alenka Mihoric,2021-11-02T15:53:17Z
1261744,srhkodlakavi oman,sl,"","",,Slovenian,Alenka Mihoric,2021-11-02T15:54:30Z
85338,travniška kadulja,sl,"","",,Slovenian,Alenka Mihoric,2021-11-02T15:55:05Z
60006,divji klinček,sl,"","",,Slovenian,Alenka Mihoric,2021-11-02T15:55:35Z
56306,spomladanska resa,sl,"","",,Slovenian,Alenka Mihoric,2021-11-02T15:56:10Z
127506,robidova kokljica,sl,"","",,Slovenian,Alenka Mihoric,2021-11-02T15:57:10Z
906118,navadni čistec,sl,"","",,Slovenian,Alenka Mihoric,2021-11-02T15:57:52Z
357176,vrbovolistni primožek,sl,"","",,Slovenian,Alenka Mihoric,2021-11-02T15:58:23Z
487751,rušnata zvončica,sl,"","",,Slovenian,Alenka Mihoric,2021-11-02T15:58:53Z
61396,navadna dobra misel,sl,"","",,Slovenian,Alenka Mihoric,2021-11-02T16:00:56Z
498350,navadni kokoševec,sl,"","",,Slovenian,Alenka Mihoric,2021-11-02T16:01:44Z
77253,golobja krvomočnica,sl,"","",,Slovenian,Alenka Mihoric,2021-11-02T16:05:18Z
448084,panonski osat,sl,"","",,Slovenian,Alenka Mihoric,2021-11-02T16:05:51Z
521279,Hoppejeva škržolica,sl,"","",,Slovenian,Alenka Mihoric,2021-11-02T16:22:24Z
1047228,jajčasti popon,sl,"","",,Slovenian,Alenka Mihoric,2021-11-02T16:22:52Z
131586,Jesenski podlesek,sl,"","",,Slovenian,Alenka Mihoric,2021-11-02T16:23:30Z
119791,beli javor,sl,"","",,Slovenian,Alenka Mihoric,2021-11-02T16:25:01Z
327220,navzkrižnolistni svišč,sl,"","",,Slovenian,Alenka Mihoric,2021-11-02T16:25:34Z
118834,navadna kompava,sl,"","",,Slovenian,Alenka Mihoric,2021-11-02T16:28:11Z
521396,Fritschev glavinec,sl,"","",,Slovenian,Alenka Mihoric,2021-11-02T16:30:39Z
131839,resasti sviščevec,sl,"","",,Slovenian,Alenka Mihoric,2021-11-02T16:32:01Z
168946,gorski sklepnjak,sl,"","",,Slovenian,Alenka Mihoric,2021-11-11T16:21:32Z
83072,španski bezeg,sl,"","",,Slovenian,Alenka Mihoric,2021-11-11T16:22:14Z
517833,sibirska zvončica,sl,"","",,Slovenian,Alenka Mihoric,2021-11-11T16:22:48Z
334575,primorski slak,sl,"","",,Slovenian,Alenka Mihoric,2021-11-11T16:23:25Z
161875,navadni jesenček,sl,"","",,Slovenian,Alenka Mihoric,2021-11-11T16:26:35Z
367138,rumeni luk,sl,"","",,Slovenian,Alenka Mihoric,2021-11-11T16:27:10Z
333961,vejicata kraslika,sl,"","",,Slovenian,Alenka Mihoric,2021-11-11T16:27:44Z
77776,dalmatinska madronščica,sl,"","",,Slovenian,Alenka Mihoric,2021-11-11T16:33:28Z
154791,bledi sleznik,sl,"","",,Slovenian,Alenka Mihoric,2021-11-11T16:41:06Z
179672,mali repkar,sl,"","",,Slovenian,Alenka Mihoric,2021-11-11T18:39:15Z
334347,robidov livadar,sl,"","",,Slovenian,Alenka Mihoric,2021-11-11T18:40:01Z
325871,slezenovčev kosmičar,sl,"","",,Slovenian,Alenka Mihoric,2021-11-11T18:43:08Z
62766,pisana lesketavka,sl,"","",,Slovenian,Alenka Mihoric,2021-11-11T18:43:46Z
75762,navadni sivec,sl,"","",,Slovenian,Alenka Mihoric,2021-11-11T18:45:01Z
62211,pokončni petoprstnik,sl,"","",,Slovenian,Alenka Mihoric,2021-11-11T18:45:58Z
170141,vijolični lučnik,sl,"","",,Slovenian,Alenka Mihoric,2021-11-11T18:46:32Z
75633,čičkasti grahovec,sl,"","",,Slovenian,Alenka Mihoric,2021-11-11T18:48:03Z
362863,nokotin ovnič,sl,"","",,Slovenian,Alenka Mihoric,2021-11-11T18:48:44Z
163951,črni zobnik,sl,"","",,Slovenian,Alenka Mihoric,2021-11-11T18:49:17Z
446672,zlati zobnik,sl,"","",,Slovenian,Alenka Mihoric,2021-11-11T18:49:55Z
47802,navadni gobar,sl,"","",,Slovenian,Alenka Mihoric,2021-11-12T17:52:10Z
544666,peščeni petoprstnik,sl,"","",,Slovenian,Alenka Mihoric,2021-11-12T17:52:45Z
12992,pogorelček,sl,"","",,Slovenian,Alenka Mihoric,2021-11-12T17:54:11Z
334385,travnar,sl,"","",,Slovenian,Alenka Mihoric,2021-11-12T17:54:57Z
106154,bukov kozliček,sl,"","",,Slovenian,Alenka Mihoric,2021-11-12T17:56:01Z
485191,dlakava lučca,sl,"","",,Slovenian,Alenka Mihoric,2021-11-12T17:59:03Z
85321,repuščevolistna zvončica,sl,"","",,Slovenian,Alenka Mihoric,2021-11-12T18:01:42Z
205088,širokolistna lobodika,sl,"","",,Slovenian,Alenka Mihoric,2021-11-12T18:02:18Z
334400,rombasti rjavček,sl,"","",,Slovenian,Alenka Mihoric,2021-11-12T18:03:01Z
464097,obalna cvrčalka,sl,"","",,Slovenian,Alenka Mihoric,2021-11-12T18:04:02Z
61749,rogač,sl,"","",,Slovenian,Alenka Mihoric,2021-11-12T18:05:39Z
84889,navadna krišina,sl,"","",,Slovenian,Alenka Mihoric,2021-11-12T18:06:18Z
56225,Beli C,sl,"","",,Slovenian,Alenka Mihoric,2021-11-12T18:08:43Z
49133,Admiral,sl,"","",,Slovenian,Alenka Mihoric,2021-11-12T18:09:14Z
79408,njivska detelja,sl,"","",,Slovenian,Alenka Mihoric,2021-11-13T11:19:36Z
145360,zelenec,sl,"","",,Slovenian,Alenka Mihoric,2021-11-13T11:20:12Z
169980,enosemenski triplat,sl,"","",,Slovenian,Alenka Mihoric,2021-11-13T11:22:07Z
52998,pikasti mišjak,sl,"","",,Slovenian,Alenka Mihoric,2021-11-13T11:22:48Z
55729,gomoljasti grahor,sl,"","",,Slovenian,Alenka Mihoric,2021-11-13T11:23:23Z
54404,poljski mak,sl,"","",,Slovenian,Alenka Mihoric,2021-11-13T11:23:54Z
76006,navadni bodak,sl,"","",,Slovenian,Alenka Mihoric,2021-11-13T11:24:44Z
470977,spremenljivi ovnič,sl,"","",,Slovenian,Alenka Mihoric,2021-11-13T11:25:14Z
127186,pisana šmarna detelja,sl,"","",,Slovenian,Alenka Mihoric,2021-11-13T11:25:47Z
56174,navadni gadovec,sl,"","",,Slovenian,Alenka Mihoric,2021-11-13T11:26:28Z
13695,bela pastirica,sl,"","",,Slovenian,Alenka Mihoric,2021-11-13T11:27:00Z
77295,golostebelni sladki koren,sl,"","",,Slovenian,Alenka Mihoric,2021-11-13T11:28:20Z
506778,panonska mačja meta,sl,"","",,Slovenian,Alenka Mihoric,2021-11-13T11:30:30Z
56171,deljenolistna srčnica,sl,"","",,Slovenian,Alenka Mihoric,2021-11-13T11:32:25Z
169308,enoletni čišljak,sl,"","",,Slovenian,Alenka Mihoric,2021-11-13T11:34:12Z
147328,razkošni bisernik,sl,"","",,Slovenian,Alenka Mihoric,2021-11-13T11:37:51Z
433838,nežnica,sl,"","",,Slovenian,Alenka Mihoric,2021-11-13T22:33:25Z
461125,lepotka,sl,"","",,Slovenian,Alenka Mihoric,2021-11-13T22:41:08Z
82989,nemški čišljak,sl,"","",,Slovenian,Alenka Mihoric,2021-11-16T22:09:01Z
55797,močvirska logarica,sl,"","",,Slovenian,Alenka Mihoric,2021-11-19T10:01:10Z
461273,topolov cigarar,sl,"","",,Slovenian,Alenka Mihoric,2021-11-20T18:08:15Z
82709,timijanasta poljanka,sl,"","",,Slovenian,Alenka Mihoric,2021-11-20T18:32:38Z
1142417,španska nokota,sl,"","",,Slovenian,Alenka Mihoric,2021-11-20T18:38:05Z
82688,drevesasta resa,sl,"","",,Slovenian,Alenka Mihoric,2021-11-20T18:40:53Z
59417,zvezdasta detelja,sl,"","",,Slovenian,Alenka Mihoric,2021-11-20T18:42:03Z
82848,divji brošč,sl,"","",,Slovenian,Alenka Mihoric,2021-11-20T18:46:14Z
51305,tamariša,sl,"","",,Slovenian,Alenka Mihoric,2021-11-20T18:46:46Z
492864,kretski tulajnik,sl,"","",,Slovenian,Alenka Mihoric,2021-11-20T18:49:24Z
334743,enoletni grahor,sl,"","",,Slovenian,Alenka Mihoric,2021-11-20T19:07:02Z
774737,feničanski brin,sl,"","",,Slovenian,Alenka Mihoric,2021-11-20T19:09:35Z
61168,laški kačnik,sl,"","",,Slovenian,Alenka Mihoric,2021-11-20T19:12:07Z
78841,užitna škrzobica,sl,"","",,Slovenian,Alenka Mihoric,2021-11-20T19:13:39Z
334745,kimasti gladež,sl,"","",,Slovenian,Alenka Mihoric,2021-11-20T19:16:42Z
81870,terebint,sl,"","",,Slovenian,Alenka Mihoric,2021-11-20T19:18:53Z
54522,navadni grah,sl,"","",,Slovenian,Alenka Mihoric,2021-11-20T19:23:14Z
338474,obmorska trdulja,sl,"","",,Slovenian,Alenka Mihoric,2021-11-21T09:59:09Z
153933,nazobčana drežica,sl,"","",,Slovenian,Alenka Mihoric,2021-11-21T11:24:41Z
47406,navadna žuka,sl,"","",,Slovenian,Alenka Mihoric,2021-11-21T11:25:11Z
82876,širokolistna zelenika,sl,"","",,Slovenian,Alenka Mihoric,2021-11-21T11:25:44Z
59260,njivski ognjič,sl,"","",,Slovenian,Alenka Mihoric,2021-11-21T11:27:06Z
57157,velika migalica,sl,"","",,Slovenian,Alenka Mihoric,2021-11-21T11:27:40Z
82905,francosko ptičje mleko,sl,"","",,Slovenian,Alenka Mihoric,2021-11-21T11:29:59Z
792216,modra kurja češnjica,sl,"","",,Slovenian,Alenka Mihoric,2021-11-21T11:31:20Z
59945,meček,sl,"","",,Slovenian,Alenka Mihoric,2021-11-21T11:31:49Z
59293,pomladanska ciklama,sl,"","",,Slovenian,Alenka Mihoric,2021-11-21T11:32:49Z
59339,rumeno mačje uho,sl,"","",,Slovenian,Alenka Mihoric,2021-11-21T11:33:29Z
57926,laški bodič,sl,"","",https://www.inaturalist.org/taxon_names/2666625/edit,Slovenian,,2021-11-23T16:40:47Z
47114,Polži,sl,"","",,Slovenian,Sonja Huc,2021-11-23T19:23:51Z
64237,navadni trst,sl,"","",,Slovenian,Alenka Mihoric,2021-11-25T23:01:13Z
160659,navadna rezika,sl,"","",,Slovenian,Alenka Mihoric,2021-11-25T23:02:05Z
82592,priostreni sršaj,sl,"","",,Slovenian,Alenka Mihoric,2021-11-25T23:02:42Z
61328,opičja kukavica,sl,"","",,Slovenian,Alenka Mihoric,2021-11-25T23:03:44Z
162161,navadni štrkavec,sl,"","",,Slovenian,Alenka Mihoric,2021-11-25T23:06:45Z
60896,zeleni robidar,sl,"","",,Slovenian,Alenka Mihoric,2021-11-25T23:07:21Z
162707,obmorska možina,sl,"","",,Slovenian,Alenka Mihoric,2021-11-25T23:08:07Z
78334,obmorski pankracij,sl,"","",,Slovenian,Alenka Mihoric,2021-11-25T23:08:47Z
319702,trnasti kobul,sl,"","",,Slovenian,Alenka Mihoric,2021-11-25T23:10:31Z
60982,navadna morska gorjuša,sl,"","",,Slovenian,Alenka Mihoric,2021-11-25T23:13:21Z
334577,glavičasta ostrica,sl,"","",,Slovenian,Alenka Mihoric,2021-11-25T23:15:05Z
210354,obrežna meteljka,sl,"","",,Slovenian,Alenka Mihoric,2021-11-25T23:17:06Z
60880,obmorski plotni slak,sl,"","",,Slovenian,Alenka Mihoric,2021-11-25T23:18:47Z
181666,grmičasti vrednik,sl,"","",,Slovenian,Alenka Mihoric,2021-11-25T23:20:08Z
20969,smrdokavra,sl,"","",,Slovenian,Alenka Mihoric,2021-11-26T14:51:28Z
335872,bela metlina,sl,"","",,Slovenian,Alenka Mihoric,2021-11-26T14:52:00Z
79429,zasukanocvetna detelja,sl,"","",,Slovenian,Alenka Mihoric,2021-11-26T14:52:33Z
48548,osatnik,sl,"","",,Slovenian,Alenka Mihoric,2021-11-27T19:33:25Z
77261,okroglolistna krvomočnica,sl,"","",,Slovenian,Alenka Mihoric,2021-11-27T19:34:09Z
170210,hibridna grašica,sl,"","",,Slovenian,Alenka Mihoric,2021-11-27T19:35:27Z
61293,pinijev sprevodni prelec,sl,"","",,Slovenian,Alenka Mihoric,2021-11-27T19:37:32Z
346778,perzijska zlatica,sl,"","",,Slovenian,Alenka Mihoric,2021-11-27T19:41:16Z
81756,bodeča strašnica,sl,"","",,Slovenian,Alenka Mihoric,2021-11-27T19:49:46Z
132622,srčna moč,sl,"","",,Slovenian,Alenka Mihoric,2021-11-27T20:32:05Z
324558,lignji,sl,"","",,Slovenian,Johan Devos,2021-11-29T15:48:20Z
371903,ploščevica,sl,"","",,Slovenian,Alenka Mihoric,2021-12-01T14:23:10Z
59317,rahlocvetna kukavica,sl,"","",,Slovenian,Alenka Mihoric,2021-12-01T14:24:35Z
105789,Èrnoglava babica,sl,"","",,Slovenian,Johan Devos,2021-12-05T17:11:14Z
101620,Bledi glavač,sl,"","",,Slovenian,Johan Devos,2021-12-06T10:27:50Z
118642,Rumeni sprehajalèek,sl,"","",,Slovenian,Johan Devos,2021-12-06T14:20:04Z
169496,raskavi gabez,sl,"","",,Slovenian,Alenka Mihoric,2021-12-08T15:38:39Z
72308,svinčevec,sl,"","",,Slovenian,Alenka Mihoric,2021-12-08T15:42:28Z
72109,bodoglavec,sl,"","",,Slovenian,Alenka Mihoric,2021-12-08T15:43:42Z
84517,dlakavi vrbovec,sl,"","",,Slovenian,Alenka Mihoric,2021-12-08T15:45:59Z
55690,belin,sl,"","",,Slovenian,Alenka Mihoric,2021-12-08T15:47:43Z
208983,spremenljivi priščnjak,sl,"","",,Slovenian,Alenka Mihoric,2021-12-08T15:48:32Z
52989,navadni osat,sl,"","",,Slovenian,Alenka Mihoric,2021-12-08T15:49:11Z
55640,svetli krhlikar,sl,"","",,Slovenian,Alenka Mihoric,2021-12-08T15:49:53Z
85460,skalni puščavar,sl,"","",,Slovenian,Alenka Mihoric,2021-12-08T15:50:30Z
72355,rž,sl,"","",,Slovenian,Alenka Mihoric,2021-12-08T15:52:20Z
1907,navadna kukavica,sl,"","",,Slovenian,Alenka Mihoric,2021-12-08T15:55:13Z
77992,dolgolistna meta,sl,"","",,Slovenian,Alenka Mihoric,2021-12-08T15:55:55Z
558633,severni repnik,sl,"","",,Slovenian,Alenka Mihoric,2021-12-08T16:11:27Z
343983,sršenjelika trepetavka,sl,"","",,Slovenian,Alenka Mihoric,2021-12-08T18:58:27Z
60271,beluš,sl,"","",,Slovenian,Alenka Mihoric,2021-12-09T10:01:38Z
76300,šibasta hrustavka,sl,"","",,Slovenian,Alenka Mihoric,2021-12-09T19:07:45Z
54811,čistilna kozja češnja,sl,"","",,Slovenian,Alenka Mihoric,2021-12-09T19:09:39Z
142948,beli L,sl,"","",,Slovenian,Alenka Mihoric,2021-12-09T19:12:53Z
57278,veliki pajesen,sl,"","",,Slovenian,Alenka Mihoric,2021-12-09T19:14:09Z
72332,katanec,sl,"","",,Slovenian,Alenka Mihoric,2021-12-09T19:14:47Z
128689,vretenčasta kadulja,sl,"","",,Slovenian,Alenka Mihoric,2021-12-09T19:35:22Z
133951,veliki oman,sl,"","",,Slovenian,Alenka Mihoric,2021-12-09T19:37:27Z
154654,temni cekinček,sl,"","",,Slovenian,Alenka Mihoric,2021-12-09T19:38:09Z
51822,mleček,sl,"","",,Slovenian,Alenka Mihoric,2021-12-09T19:39:42Z
55976,konjska griva,sl,"","",,Slovenian,Alenka Mihoric,2021-12-09T19:49:04Z
118936,črtasti medvedek,sl,"","",,Slovenian,Alenka Mihoric,2021-12-09T19:49:46Z
1318782,puhasta ovsika,sl,"","",https://www.inaturalist.org/taxon_names/2507019/edit,Slovenian,,2021-12-11T08:10:58Z
58045,trnati bodič,sl,"","",,Slovenian,Alenka Mihoric,2021-12-11T09:22:26Z
129282,navadni derak,sl,"","",,Slovenian,Alenka Mihoric,2021-12-11T09:28:32Z
144849,plavček,sl,"","",,Slovenian,Alenka Mihoric,2021-12-11T09:29:24Z
50636,trpotec,sl,"","",,Slovenian,Alenka Mihoric,2021-12-11T09:31:05Z
960200,pierojev marogarček,sl,"","",,Slovenian,Alenka Mihoric,2021-12-11T09:31:59Z
63935,navadni oreh,sl,"","",,Slovenian,Alenka Mihoric,2021-12-11T09:59:50Z
117438,deljenolistna ščetica,sl,"","",,Slovenian,Alenka Mihoric,2021-12-11T10:40:43Z
70105,pisani bisernik,sl,"","",,Slovenian,Alenka Mihoric,2021-12-11T10:41:15Z
56304,kompava,sl,"","",,Slovenian,Alenka Mihoric,2021-12-11T10:42:06Z
1262449,navadni oman,sl,"","",,Slovenian,Alenka Mihoric,2021-12-11T10:44:00Z
61321,navadna krvenka,sl,"","",,Slovenian,Alenka Mihoric,2021-12-11T10:44:55Z
488047,navadna ječmenka,sl,"","",,Slovenian,Alenka Mihoric,2021-12-11T10:47:12Z
123628,gospica,sl,"","",,Slovenian,Alenka Mihoric,2021-12-11T10:54:53Z
480251,modri hrastar,sl,"","",,Slovenian,Alenka Mihoric,2021-12-11T10:55:58Z
56193,maklen,sl,"","",,Slovenian,Alenka Mihoric,2021-12-11T11:07:48Z
472662,pikasti nosan,sl,"","",,Slovenian,Alenka Mihoric,2021-12-12T11:06:18Z
64206,žagarica,sl,"","",,Slovenian,Alenka Mihoric,2021-12-12T11:10:04Z
169662,mali talin,sl,"","",,Slovenian,Alenka Mihoric,2021-12-12T11:14:42Z
124741,dobrovita,sl,"","",,Slovenian,Alenka Mihoric,2021-12-12T11:15:27Z
120023,stepska kanja,sl,"","",,Slovenian,Alenka Mihoric,2021-12-14T20:25:30Z
64238,navadna zobačica,sl,"","",,Slovenian,Alenka Mihoric,2021-12-15T18:38:18Z
486033,mahovnati kamnokreč,sl,"","",,Slovenian,Alenka Mihoric,2021-12-16T19:05:30Z
128880,nasprotnolistni kamnokreč,sl,"","",,Slovenian,Alenka Mihoric,2021-12-16T19:06:19Z
55434,kamnokreč,sl,"","",,Slovenian,Alenka Mihoric,2021-12-16T19:07:05Z
130712,alpska zlatica,sl,"","",,Slovenian,Alenka Mihoric,2021-12-16T19:09:05Z
517679,Seguierijeva zlatica,sl,"","",,Slovenian,Alenka Mihoric,2021-12-16T19:09:45Z
509908,dvocvetni kamnokreč,sl,"","",,Slovenian,Alenka Mihoric,2021-12-16T19:11:38Z
486156,ledeniški klinček,sl,"","",,Slovenian,Alenka Mihoric,2021-12-16T19:12:12Z
132437,grozdasti kamnokreč,sl,"","",,Slovenian,Alenka Mihoric,2021-12-16T19:15:01Z
52855,pelin,sl,"","",,Slovenian,Alenka Mihoric,2021-12-16T19:18:32Z
777934,podaljšana špajka,sl,"","",,Slovenian,Alenka Mihoric,2021-12-16T19:19:11Z
55819,pomladanski jeglič,sl,"","",,Slovenian,Alenka Mihoric,2021-12-16T19:21:01Z
170185,alpski jetičnik,sl,"","",,Slovenian,Alenka Mihoric,2021-12-16T19:21:56Z
486045,oklepasti kamnokreč,sl,"","",,Slovenian,Alenka Mihoric,2021-12-16T19:22:52Z
461955,alpski pečnik,sl,"","",,Slovenian,Alenka Mihoric,2021-12-16T19:28:50Z
886666,timijanovolistna vrba,sl,"","",,Slovenian,Alenka Mihoric,2021-12-16T19:30:11Z
509235,triglavski svišč,sl,"","",,Slovenian,Alenka Mihoric,2021-12-16T19:32:25Z
836824,homulična črvinka,sl,"","",,Slovenian,Alenka Mihoric,2021-12-16T19:34:34Z
521412,visokogorski jajčar,sl,"","",,Slovenian,Alenka Mihoric,2021-12-16T19:40:11Z
778080,nizka špajka,sl,"","",,Slovenian,Alenka Mihoric,2021-12-16T19:42:34Z
68886,brezstebelna lepnica,sl,"","",,Slovenian,Alenka Mihoric,2021-12-16T19:43:23Z
950618,mala vetrnica,sl,"","",,Slovenian,Alenka Mihoric,2021-12-16T19:44:08Z
132612,alpska krešica,sl,"","",,Slovenian,Alenka Mihoric,2021-12-16T19:44:51Z
362346,okroglolistni mošnjak,sl,"","",,Slovenian,Alenka Mihoric,2021-12-16T19:45:34Z
334017,triglavska roža,sl,"","",,Slovenian,Alenka Mihoric,2021-12-16T19:48:56Z
334033,modro milje,sl,"","",,Slovenian,Alenka Mihoric,2021-12-16T19:53:12Z
485937,alpska jelenka,sl,"","",,Slovenian,Alenka Mihoric,2021-12-16T19:53:58Z
130710,navadna žiljka,sl,"","",,Slovenian,Alenka Mihoric,2021-12-16T19:55:42Z
324087,dehteči kukovičnik,sl,"","",,Slovenian,Alenka Mihoric,2021-12-16T19:57:37Z
332306,planika,sl,"","",,Slovenian,Alenka Mihoric,2021-12-16T19:59:49Z
130717,gorska špajka,sl,"","",,Slovenian,Alenka Mihoric,2021-12-16T20:00:37Z
132608,alpska madronščica,sl,"","",,Slovenian,Alenka Mihoric,2021-12-16T20:02:07Z
209350,kostanjevorjava detelja,sl,"","",,Slovenian,Alenka Mihoric,2021-12-16T20:02:43Z
130485,progasti volčin,sl,"","",,Slovenian,Alenka Mihoric,2021-12-16T20:03:17Z
1007759,resasti gadnjak,sl,"","",,Slovenian,Alenka Mihoric,2021-12-16T20:06:45Z
511934,podaljšani ušivec,sl,"","",,Slovenian,Alenka Mihoric,2021-12-16T20:08:26Z
402509,Dolgodlakava škržolica,sl,"","",,Slovenian,Alenka Mihoric,2021-12-16T20:09:11Z
52658,okroglolistna rosika,sl,"","",,Slovenian,Alenka Mihoric,2021-12-17T13:34:49Z
76035,bodičnati šaš,sl,"","",,Slovenian,Alenka Mihoric,2021-12-17T13:35:25Z
1242909,liburnijski sviščevec,sl,"","",,Slovenian,Alenka Mihoric,2021-12-17T13:36:45Z
56300,brkata zvončica,sl,"","",,Slovenian,Alenka Mihoric,2021-12-17T13:39:01Z
62213,močvirski petoprstnik,sl,"","",,Slovenian,Alenka Mihoric,2021-12-17T13:40:42Z
130539,rjasti sleč,sl,"","",,Slovenian,Alenka Mihoric,2021-12-17T13:42:04Z
117294,rumeni kamenjak,sl,"","",,Slovenian,Alenka Mihoric,2021-12-17T20:46:15Z
64265,okrogloplodna meteljka,sl,"","",,Slovenian,Alenka Mihoric,2021-12-18T19:28:55Z
69939,ozkolistna detelja,sl,"","",,Slovenian,Alenka Mihoric,2021-12-18T19:30:35Z
68765,kljukastoplodna detelja,sl,"","",,Slovenian,Alenka Mihoric,2021-12-18T19:32:17Z
163692,goli kilavec,sl,"","",,Slovenian,Alenka Mihoric,2021-12-18T19:33:20Z
82663,repuščeva zvončica,sl,"","",,Slovenian,Alenka Mihoric,2021-12-18T19:45:37Z
498265,poljski kozliček,sl,"","",,Slovenian,Alenka Mihoric,2021-12-18T19:48:52Z
446780,primorski poljski kozliček,sl,"","",,Slovenian,Alenka Mihoric,2021-12-18T19:50:06Z
337708,Kretska nokota,sl,"","",,Slovenian,Alenka Mihoric,2021-12-18T19:57:42Z
336697,črni medvedek,sl,"","",,Slovenian,Alenka Mihoric,2021-12-18T20:06:08Z
82741,purpurni grahor,sl,"","",,Slovenian,Alenka Mihoric,2021-12-18T20:07:50Z
71111,mala pritlikava planika,sl,"","",,Slovenian,Alenka Mihoric,2021-12-18T20:12:44Z
71192,togi lan,sl,"","",,Slovenian,Alenka Mihoric,2021-12-18T20:15:24Z
82867,zajčjenogi trpotec,sl,"","",,Slovenian,Alenka Mihoric,2021-12-18T20:20:42Z
633980,bodeči trnojek,sl,"","",,Slovenian,Alenka Mihoric,2021-12-18T20:21:23Z
78805,črničevje,sl,"","",,Slovenian,Alenka Mihoric,2021-12-18T20:27:04Z
52589,mali okarček,sl,"","",,Slovenian,Alenka Mihoric,2021-12-18T20:29:14Z
154576,sinji argus,sl,"","",,Slovenian,Alenka Mihoric,2021-12-18T20:29:55Z
1094846,Untchjevo mačje uho,sl,"","",,Slovenian,Alenka Mihoric,2021-12-18T20:30:40Z
161637,dlakavi žitec,sl,"","",,Slovenian,Alenka Mihoric,2021-12-18T20:33:06Z
319036,Bertolonijevo mačje uho,sl,"","",,Slovenian,Alenka Mihoric,2021-12-18T20:35:53Z
82686,ranjak,sl,"","",,Slovenian,Alenka Mihoric,2021-12-18T20:48:54Z
336281,trnata skrka,sl,"","",,Slovenian,Alenka Mihoric,2021-12-18T20:57:02Z
477033,črnobinov menih,sl,"","",,Slovenian,Alenka Mihoric,2021-12-18T20:58:24Z
335510,temno mačje uho,sl,"","",,Slovenian,Alenka Mihoric,2021-12-18T21:00:04Z
62020,navadni oslad,sl,"","",,Slovenian,Alenka Mihoric,2021-12-18T21:00:48Z
76363,francoski brškin,sl,"","",,Slovenian,Alenka Mihoric,2021-12-18T21:08:43Z
207831,moškatni kamnokreč,sl,"","",,Slovenian,Alenka Mihoric,2021-12-20T22:00:33Z
486732,pirenejska osivnica,sl,"","",,Slovenian,Alenka Mihoric,2021-12-20T22:01:01Z
625498,pritlikavi dimek,sl,"","",,Slovenian,Alenka Mihoric,2021-12-20T22:01:33Z
133257,pirenejski ušivec,sl,"","",,Slovenian,Alenka Mihoric,2021-12-20T22:04:35Z
60884,jetrno zdravje,sl,"","",,Slovenian,Alenka Mihoric,2021-12-20T22:15:44Z
243782,širokolistna perunika,sl,"","",,Slovenian,Alenka Mihoric,2021-12-20T22:18:05Z
163478,plazeča sadrenka,sl,"","",,Slovenian,Alenka Mihoric,2021-12-20T22:20:44Z
207668,rušnata milnica,sl,"","",,Slovenian,Alenka Mihoric,2021-12-20T22:24:10Z
209455,pirenejski vrednik,sl,"","",,Slovenian,Alenka Mihoric,2021-12-20T22:26:05Z
371411,travnolistni grintavec,sl,"","",,Slovenian,Alenka Mihoric,2021-12-20T22:34:29Z
906090,Jacquinov čistec,sl,"","",,Slovenian,Alenka Mihoric,2021-12-20T22:38:14Z
371375,nizka kozja češnja,sl,"","",,Slovenian,Alenka Mihoric,2021-12-20T22:40:31Z
811370,dolgolistna mastnica,sl,"","",,Slovenian,Alenka Mihoric,2021-12-20T22:44:46Z
55977,muškatni slezenovec,sl,"","",,Slovenian,Alenka Mihoric,2021-12-20T22:47:40Z
503384,lučnikovolistni dimek,sl,"","",,Slovenian,Alenka Mihoric,2021-12-20T22:49:58Z
130486,rumeni ušivec,sl,"","",,Slovenian,Alenka Mihoric,2021-12-20T22:53:10Z
57504,rumeni gladež,sl,"","",,Slovenian,Alenka Mihoric,2021-12-20T22:58:47Z
121993,repati lesketavček,sl,"","",,Slovenian,Alenka Mihoric,2021-12-20T23:02:05Z
163164,ozkolistni zebrat,sl,"","",,Slovenian,Alenka Mihoric,2021-12-20T23:03:29Z
741480,skalna lepnica,sl,"","",,Slovenian,Alenka Mihoric,2021-12-20T23:08:00Z
127391,lovorolistni volčin,sl,"","",,Slovenian,Alenka Mihoric,2021-12-20T23:08:37Z
334591,pajčevinasti netresk,sl,"","",,Slovenian,Alenka Mihoric,2021-12-20T23:10:55Z
85441,alpska plahtica,sl,"","",,Slovenian,Alenka Mihoric,2021-12-20T23:12:29Z
75608,severni sršaj,sl,"","",,Slovenian,Alenka Mihoric,2021-12-20T23:15:18Z
487791,alpska nokota,sl,"","",,Slovenian,Alenka Mihoric,2021-12-20T23:16:04Z
209347,rogata vijolica,sl,"","",,Slovenian,Alenka Mihoric,2021-12-20T23:17:00Z
497714,grizlica,sl,"","",,Slovenian,Alenka Mihoric,2021-12-21T22:31:24Z
473380,pirenejsko kosteničevje,sl,"","",,Slovenian,Alenka Mihoric,2021-12-21T23:00:19Z
77834,etruščanski kovačnik,sl,"","",,Slovenian,Alenka Mihoric,2021-12-21T23:03:23Z
208966,dlakavolistna homulica,sl,"","",,Slovenian,Alenka Mihoric,2021-12-24T11:25:46Z
336113,angleška homulica,sl,"","",,Slovenian,Alenka Mihoric,2021-12-24T11:26:19Z
64714,barjanska kopišnica,sl,"","",,Slovenian,Alenka Mihoric,2021-12-24T11:28:29Z
347298,skalni okar,sl,"","",,Slovenian,Alenka Mihoric,2021-12-24T11:29:12Z
746616,četverozobi slanozor,sl,"","",,Slovenian,Alenka Mihoric,2021-12-24T11:32:08Z
1111111,goli osat,sl,"","",,Slovenian,Alenka Mihoric,2021-12-24T11:33:16Z
13996,planinska pevka,sl,"","",,Slovenian,Alenka Mihoric,2021-12-24T23:02:04Z
13988,siva pevka,sl,"","",,Slovenian,Alenka Mihoric,2021-12-24T23:02:39Z
711959,pirenejska špajka,sl,"","",,Slovenian,Alenka Mihoric,2021-12-24T23:03:32Z
165653,volk,sl,"","",,Slovenian,Alenka Mihoric,2021-12-24T23:19:45Z
509910,skorjasti kamnokreč,sl,"","",,Slovenian,Alenka Mihoric,2021-12-26T22:14:56Z
509630,berardija,sl,"","",,Slovenian,Alenka Mihoric,2021-12-27T20:02:05Z
158837,južni grahovec,sl,"","",,Slovenian,Alenka Mihoric,2021-12-27T20:02:43Z
117382,planinska zvončica,sl,"","",,Slovenian,Alenka Mihoric,2021-12-27T20:05:32Z
500323,Allionijev jetičnik,sl,"","",,Slovenian,Alenka Mihoric,2021-12-27T20:09:27Z
627029,ceniški gladež,sl,"","",,Slovenian,Alenka Mihoric,2021-12-27T20:12:23Z
486159,prezrti klinček,sl,"","",,Slovenian,Alenka Mihoric,2021-12-27T20:14:42Z
476116,gorska turška detelja,sl,"","",,Slovenian,Alenka Mihoric,2021-12-27T20:21:13Z
480739,sinjezeleni kamnokreč,sl,"","",,Slovenian,Alenka Mihoric,2021-12-27T20:23:26Z
83541,alpska velesa,sl,"","",,Slovenian,Alenka Mihoric,2021-12-27T20:25:18Z
504386,zlatičnata prerast,sl,"","",,Slovenian,Alenka Mihoric,2021-12-27T20:29:17Z
485898,ozkolistna rdeča špajka,sl,"","",,Slovenian,Alenka Mihoric,2021-12-27T20:33:47Z
77626,navadni ježevec,sl,"","",,Slovenian,Alenka Mihoric,2021-12-27T20:35:50Z
51779,navadni netresk,sl,"","",,Slovenian,Alenka Mihoric,2021-12-27T20:38:49Z
167723,ledeniška zlatica,sl,"","",,Slovenian,Alenka Mihoric,2021-12-27T20:43:12Z
507514,napojna homulica,sl,"","",,Slovenian,Alenka Mihoric,2021-12-27T20:48:57Z
142299,rumeni košutnik,sl,"","",,Slovenian,Alenka Mihoric,2021-12-27T20:51:15Z
487756,pritlikavi rman,sl,"","",,Slovenian,Alenka Mihoric,2021-12-27T20:52:34Z
340551,gorski kapus,sl,"","",,Slovenian,Alenka Mihoric,2021-12-27T20:57:04Z
123449,alpska nebina,sl,"","",,Slovenian,Alenka Mihoric,2021-12-27T20:59:04Z
461874,plazeča sretena,sl,"","",,Slovenian,Alenka Mihoric,2021-12-27T21:01:53Z
189487,klasnati pelin,sl,"","",,Slovenian,Alenka Mihoric,2021-12-27T21:19:17Z
472973,širokolistna smiljka,sl,"","",,Slovenian,Alenka Mihoric,2021-12-27T21:23:23Z
143507,ceniška zvončica,sl,"","",,Slovenian,Alenka Mihoric,2021-12-27T21:27:59Z
76424,nežni sviščevec,sl,"","",,Slovenian,Alenka Mihoric,2021-12-27T21:34:04Z
511873,klasasti ušivec,sl,"","",,Slovenian,Alenka Mihoric,2021-12-27T21:38:52Z
76826,alpski vrbovec,sl,"","",,Slovenian,Alenka Mihoric,2021-12-27T21:42:50Z
357948,zvezdasti kamnokreč,sl,"","",,Slovenian,Alenka Mihoric,2021-12-27T21:45:53Z
56344,bavarski svišč,sl,"","",,Slovenian,Alenka Mihoric,2021-12-27T21:47:16Z
912320,Hoppejeve mačje tačke,sl,"","",,Slovenian,Alenka Mihoric,2021-12-27T21:49:30Z
126421,Scheuchzerjeva zvončica,sl,"","",,Slovenian,Alenka Mihoric,2021-12-27T21:52:08Z
133030,velecvetni divjakovec,sl,"","",,Slovenian,Alenka Mihoric,2021-12-27T21:54:10Z
366222,Allionijev ušivec,sl,"","",,Slovenian,Alenka Mihoric,2021-12-27T21:55:37Z
130537,gorska sretena,sl,"","",,Slovenian,Alenka Mihoric,2021-12-27T21:57:36Z
507512,peterolistna plahtica,sl,"","",,Slovenian,Alenka Mihoric,2021-12-27T22:01:57Z
487762,sivi grint,sl,"","",,Slovenian,Alenka Mihoric,2021-12-27T22:15:03Z
741458,alpska smolnica,sl,"","",,Slovenian,Alenka Mihoric,2021-12-27T22:19:28Z
366279,izbrazdani kamnokreč,sl,"","",,Slovenian,Alenka Mihoric,2021-12-27T22:24:05Z
165837,nizke mačje tačke,sl,"","",,Slovenian,Alenka Mihoric,2021-12-27T22:25:47Z
354400,dolgoostrožna vijolica,sl,"","",,Slovenian,Alenka Mihoric,2021-12-27T22:28:45Z
912450,švicarska osivnica,sl,"","",,Slovenian,Alenka Mihoric,2021-12-27T22:42:00Z
84344,poljski glavinec,sl,"","",,Slovenian,Alenka Mihoric,2021-12-27T22:43:21Z
521975,ozkolistni glavinec,sl,"","",,Slovenian,Alenka Mihoric,2021-12-27T22:45:01Z
520832,belkasta škržolica,sl,"","",,Slovenian,Alenka Mihoric,2021-12-27T22:49:57Z
165836,norveške mačje tačke,sl,"","",,Slovenian,Alenka Mihoric,2021-12-27T22:51:46Z
320704,dlakavi lepen,sl,"","",,Slovenian,Alenka Mihoric,2021-12-27T22:53:58Z
52821,navadni rman,sl,"","",,Slovenian,Alenka Mihoric,2021-12-27T22:55:20Z
524187,retijski mačji rep,sl,"","",,Slovenian,Alenka Mihoric,2021-12-27T22:56:06Z
79076,polegli žoltec,sl,"","",,Slovenian,Alenka Mihoric,2021-12-27T22:57:34Z
117393,polobli repuš,sl,"","",,Slovenian,Alenka Mihoric,2021-12-27T23:01:43Z
517633,pritlikava smetlika,sl,"","",,Slovenian,Alenka Mihoric,2021-12-27T23:04:23Z
245736,poljski sviščevec,sl,"","",,Slovenian,Alenka Mihoric,2021-12-27T23:05:53Z
131143,trnati osat,sl,"","",,Slovenian,Alenka Mihoric,2021-12-27T23:08:39Z
336295,navadna gorska ločika,sl,"","",,Slovenian,Alenka Mihoric,2021-12-27T23:09:47Z
334191,kosmata škržolica,sl,"","",,Slovenian,Alenka Mihoric,2021-12-27T23:11:40Z
82673,belkasti brškin,sl,"","",,Slovenian,Alenka Mihoric,2021-12-30T14:45:29Z
82850,gorska rutica,sl,"","",,Slovenian,Alenka Mihoric,2021-12-30T14:47:22Z
333734,dlakavi ptičji kljunček,sl,"","",,Slovenian,Alenka Mihoric,2021-12-30T15:00:57Z
64103,ameriška agava,sl,"","",,Slovenian,Alenka Mihoric,2021-12-30T15:03:44Z
57897,navadna solinka,sl,"","",,Slovenian,Alenka Mihoric,2021-12-30T15:06:27Z
56175,gadovec,sl,"","",,Slovenian,Alenka Mihoric,2021-12-30T15:07:46Z
768177,alpska dresen,sl,"","",,Slovenian,Alenka Mihoric,2021-12-30T15:09:43Z
487737,alpska čeladnica,sl,"","",,Slovenian,Alenka Mihoric,2021-12-31T15:15:58Z
503308,enoletna homulica,sl,"","",,Slovenian,Alenka Mihoric,2021-12-31T15:22:32Z
516522,ledeniška možina,sl,"","",,Slovenian,Alenka Mihoric,2022-01-03T10:02:47Z
767687,pirenejska lakota,sl,"","",,Slovenian,Alenka Mihoric,2022-01-03T10:03:16Z
208923,skalni jetičnik,sl,"","",,Slovenian,Alenka Mihoric,2022-01-03T10:06:41Z
448165,grmičasti jetičnik,sl,"","",,Slovenian,Alenka Mihoric,2022-01-03T10:11:25Z
490731,katančevolistna penuša,sl,"","",,Slovenian,Alenka Mihoric,2022-01-03T10:22:40Z
842007,ledeniška madronščica,sl,"","",,Slovenian,Alenka Mihoric,2022-01-03T10:24:12Z
902128,Boissierjev grint,sl,"","",,Slovenian,Alenka Mihoric,2022-01-03T10:28:59Z
902001,pritlikava jurjevina,sl,"","",,Slovenian,Alenka Mihoric,2022-01-03T10:33:57Z
514427,ledeniška šparnica,sl,"","",,Slovenian,Alenka Mihoric,2022-01-03T10:36:20Z
82602,navadni morski koprc,sl,"","",,Slovenian,Alenka Mihoric,2022-01-03T19:37:04Z
50868,plutasti hrast,sl,"","",,Slovenian,Alenka Mihoric,2022-01-05T21:24:42Z
986442,alpski grobeljnik,sl,"","",https://www.inaturalist.org/taxon_names/2610971/edit,Slovenian,Ljaž,2022-01-09T10:29:41Z
159452,navadna migalica,sl,"","",,Slovenian,Alenka Mihoric,2022-01-17T09:59:26Z
148950,navadni bored,sl,"","",,Slovenian,Alenka Mihoric,2022-01-17T16:09:43Z
153105,mali trepetlikar,sl,"","",,Slovenian,Alenka Mihoric,2022-01-17T16:10:25Z
362655,gozdna bilnica,sl,"","",,Slovenian,Alenka Mihoric,2022-01-17T16:11:40Z
57630,Fuchsova prstasta kukavica,sl,"","",,Slovenian,Alenka Mihoric,2022-01-17T16:12:31Z
488695,okrinkani bodak,sl,"","",,Slovenian,Alenka Mihoric,2022-01-17T16:13:04Z
55721,pokalica,sl,"","",,Slovenian,Alenka Mihoric,2022-01-17T16:13:57Z
52471,ptičja grašica,sl,"","",,Slovenian,Alenka Mihoric,2022-01-17T16:14:30Z
125787,travniški grahor,sl,"","",,Slovenian,Alenka Mihoric,2022-01-17T16:15:01Z
1037793,kranjski osat,sl,"","",,Slovenian,Alenka Mihoric,2022-01-17T16:15:31Z
120549,trpežna srebrenka,sl,"","",,Slovenian,Alenka Mihoric,2022-01-17T16:17:27Z
362351,mahovna popkoresa,sl,"","",,Slovenian,Alenka Mihoric,2022-01-17T16:19:35Z
55745,plazeča detelja,sl,"","",,Slovenian,Alenka Mihoric,2022-01-17T16:25:30Z
57215,klobčasta kislica,sl,"","",,Slovenian,Alenka Mihoric,2022-01-17T16:26:09Z
334321,poljski dežnik,sl,"","",,Slovenian,Alenka Mihoric,2022-01-17T16:27:28Z
60307,travniška latovka,sl,"","",,Slovenian,Alenka Mihoric,2022-01-17T16:28:25Z
164708,trstikasta bilnica,sl,"","",,Slovenian,Alenka Mihoric,2022-01-17T16:29:27Z
75312,lasasta šopulja,sl,"","",,Slovenian,Alenka Mihoric,2022-01-17T16:30:22Z
160921,obrežna jermenčica,sl,"","",,Slovenian,Alenka Mihoric,2022-01-17T16:37:44Z
335885,mandljevolistna hruška,sl,"","",,Slovenian,Alenka Mihoric,2022-01-17T16:41:33Z
55730,rdeča nitnica,sl,"","",,Slovenian,Alenka Mihoric,2022-01-17T16:43:25Z
159472,razvejeni stoklasec,sl,"","",,Slovenian,Alenka Mihoric,2022-01-20T10:49:42Z
326454,gozdni rjavček,sl,"","",,Slovenian,Alenka Mihoric,2022-01-20T10:52:42Z
347299,Scopolijev zlatook,sl,"","",,Slovenian,Alenka Mihoric,2022-01-20T10:54:55Z
448154,jajčasti repuš,sl,"","",,Slovenian,Alenka Mihoric,2022-01-20T10:56:51Z
85027,turška lilija,sl,"","",,Slovenian,Alenka Mihoric,2022-01-20T10:59:39Z
480000,navadna lilijevka,sl,"","",,Slovenian,Alenka Mihoric,2022-01-20T11:00:24Z
162364,gorski vrbovec,sl,"","",,Slovenian,Alenka Mihoric,2022-01-20T11:02:27Z
47321,pojalnik,sl,"","",,Slovenian,Alenka Mihoric,2022-01-20T11:05:35Z
129834,rdeča naglavka,sl,"","",,Slovenian,Alenka Mihoric,2022-01-20T11:06:09Z
133034,navadni volčin,sl,"","",,Slovenian,Alenka Mihoric,2022-01-20T11:06:44Z
129853,krvavordeča krvomočnica,sl,"","",,Slovenian,Alenka Mihoric,2022-01-20T11:07:24Z
361939,rumenkastobeli pojalnik,sl,"","",,Slovenian,Alenka Mihoric,2022-01-20T11:09:04Z
133488,navadna podkvica,sl,"","",,Slovenian,Alenka Mihoric,2022-01-20T11:09:43Z
245686,mrežasti pojalnik,sl,"","",,Slovenian,Alenka Mihoric,2022-01-20T11:17:51Z
899925,Berrelierov jetičnik,sl,"","",,Slovenian,Alenka Mihoric,2022-01-20T11:18:53Z
899928,Barrelierov jetičnik,sl,"","",,Slovenian,Alenka Mihoric,2022-01-20T11:19:56Z
245689,navadni pojalnik,sl,"","",,Slovenian,Alenka Mihoric,2022-01-20T11:22:06Z
162953,raznolistna bilnica,sl,"","",,Slovenian,Alenka Mihoric,2022-01-20T11:25:39Z
56236,navadna tavžentroža,sl,"","",,Slovenian,Alenka Mihoric,2022-01-20T11:28:17Z
50717,širokolistna močvirnica,sl,"","",,Slovenian,Alenka Mihoric,2022-01-20T11:28:55Z
978346,poletna kukavica,sl,"","",,Slovenian,Alenka Mihoric,2022-01-20T11:29:40Z
130398,navadni lisar,sl,"","",,Slovenian,Alenka Mihoric,2022-01-20T11:30:49Z
62094,kranjska ivanjščica,sl,"","",,Slovenian,Alenka Mihoric,2022-01-20T11:31:28Z
448071,šopasta zvončica,sl,"","",,Slovenian,Alenka Mihoric,2022-01-20T11:37:24Z
319817,črni nosan,sl,"","",,Slovenian,Alenka Mihoric,2022-01-20T11:39:14Z
516447,kranjska selivka,sl,"","",,Slovenian,Alenka Mihoric,2022-01-20T11:40:03Z
131623,veliki zali kobulček,sl,"","",,Slovenian,Alenka Mihoric,2022-01-20T11:41:58Z
48596,zvončica,sl,"","",,Slovenian,Alenka Mihoric,2022-01-20T11:50:55Z
168738,španska homulica,sl,"","",,Slovenian,Alenka Mihoric,2022-01-20T11:51:32Z
82160,temnordeča močvirnica,sl,"","",,Slovenian,Alenka Mihoric,2022-01-20T11:53:54Z
61310,dišeči volčin,sl,"","",,Slovenian,Alenka Mihoric,2022-01-20T11:56:07Z
127345,obplotna grašica,sl,"","",,Slovenian,Alenka Mihoric,2022-01-20T11:59:27Z
51726,njivska spominčica,sl,"","",,Slovenian,Alenka Mihoric,2022-01-20T12:00:10Z
60204,pritlična krvomočnica,sl,"","",,Slovenian,Alenka Mihoric,2022-01-20T12:00:45Z
59997,Sternbergov klinček,sl,"","",,Slovenian,Alenka Mihoric,2022-01-20T12:01:26Z
515284,gozdni šebenik,sl,"","",,Slovenian,Alenka Mihoric,2022-01-20T12:03:27Z
1181568,metuljasta kukavica,sl,"","",,Slovenian,Alenka Mihoric,2022-01-20T13:22:53Z
117055,severni kovaček,sl,"","",,Slovenian,Alenka Mihoric,2022-01-20T19:49:54Z
43997,nutrija,sl,"","",,Slovenian,Alenka Mihoric,2022-01-20T21:10:46Z
320809,vodna grebenika,sl,"","",,Slovenian,Alenka Mihoric,2022-01-20T21:11:19Z
25488,plavček,sl,"","",,Slovenian,Alenka Mihoric,2022-01-20T21:12:20Z
558429,reglja,sl,"","",,Slovenian,Alenka Mihoric,2022-01-20T21:13:37Z
63134,močvirski oslad,sl,"","",,Slovenian,Alenka Mihoric,2022-01-22T19:11:16Z
51678,travniški škratec,sl,"","",,Slovenian,Alenka Mihoric,2022-01-22T19:13:29Z
933404,plavica,sl,"","",,Slovenian,Alenka Mihoric,2022-01-22T19:14:10Z
55756,rjavordeča krvomočnica,sl,"","",,Slovenian,Alenka Mihoric,2022-01-22T19:14:44Z
82564,bodičasta glistovnica,sl,"","",,Slovenian,Alenka Mihoric,2022-01-22T19:16:49Z
85065,srednja detelja,sl,"","",,Slovenian,Alenka Mihoric,2022-01-22T19:17:24Z
57057,lucerna,sl,"","",,Slovenian,Alenka Mihoric,2022-01-22T19:18:06Z
163222,barvilna košeničica,sl,"","",,Slovenian,Alenka Mihoric,2022-01-22T19:18:39Z
583414,navadna kozja detelja,sl,"","",,Slovenian,Alenka Mihoric,2022-01-22T19:19:15Z
129850,gozdni čišljak,sl,"","",,Slovenian,Alenka Mihoric,2022-01-22T19:19:52Z
76610,navadno korenje,sl,"","",,Slovenian,Alenka Mihoric,2022-01-22T19:20:31Z
107942,temni modrač,sl,"","",,Slovenian,Alenka Mihoric,2022-01-22T19:21:19Z
55713,navadni glavinec,sl,"","",,Slovenian,Alenka Mihoric,2022-01-22T19:21:55Z
61948,travnata zvezdica,sl,"","",,Slovenian,Alenka Mihoric,2022-01-22T19:22:29Z
78636,dvorezna latovka,sl,"","",,Slovenian,Alenka Mihoric,2022-01-22T19:23:46Z
1154681,nizka relika,sl,"","",,Slovenian,Alenka Mihoric,2022-01-22T19:24:21Z
77129,navadni slakovec,sl,"","",,Slovenian,Alenka Mihoric,2022-01-22T19:26:39Z
61523,veliki vrtni polž,sl,"","",,Slovenian,Alenka Mihoric,2022-01-22T19:28:20Z
55981,navadni kolenček,sl,"","",,Slovenian,Alenka Mihoric,2022-01-22T19:29:12Z
76897,enoletna suholetnica,sl,"","",,Slovenian,Alenka Mihoric,2022-01-22T19:30:19Z
56188,dlakava grašica,sl,"","",,Slovenian,Alenka Mihoric,2022-01-22T19:30:59Z
84512,gozdni sitec,sl,"","",,Slovenian,Alenka Mihoric,2022-01-22T19:34:27Z
64162,navadna potočarka,sl,"","",,Slovenian,Alenka Mihoric,2022-01-22T19:35:06Z
558634,repnik,sl,"","",,Slovenian,Alenka Mihoric,2022-01-22T19:40:25Z
2969,turška grlica,sl,"","",,Slovenian,Alenka Mihoric,2022-01-22T19:41:11Z
75869,navadna ogrščica,sl,"","",,Slovenian,Alenka Mihoric,2022-01-22T19:45:17Z
56137,kobulasto ptičje mleko,sl,"","",,Slovenian,Alenka Mihoric,2022-01-22T19:46:00Z
55724,navadni gabez,sl,"","",,Slovenian,Alenka Mihoric,2022-01-22T19:47:04Z
71141,travniški lisičji rep,sl,"","",,Slovenian,Alenka Mihoric,2022-01-22T19:48:01Z
56152,čemaž,sl,"","",,Slovenian,Alenka Mihoric,2022-01-22T19:48:42Z
13851,poljski vrabec,sl,"","",,Slovenian,Alenka Mihoric,2022-01-22T19:49:56Z
9195,rumeni strnad,sl,"","",,Slovenian,Alenka Mihoric,2022-01-22T19:50:46Z
144455,velika bela čaplja,sl,"","",,Slovenian,Alenka Mihoric,2022-01-22T19:51:37Z
4733,bela štorklja,sl,"","",,Slovenian,Alenka Mihoric,2022-01-22T19:52:16Z
15282,črnoglavka,sl,"","",,Slovenian,Alenka Mihoric,2022-01-22T19:53:03Z
62312,okroglolistna zvončica,sl,"","",,Slovenian,Alenka Mihoric,2022-01-22T19:54:18Z
53313,mala detelja,sl,"","",,Slovenian,Alenka Mihoric,2022-01-24T11:57:32Z
48701,Jesenski goban,sl,"","",,Slovenian,Alenka Mihoric,2022-01-24T14:47:18Z
85085,rakita,sl,"","",,Slovenian,Alenka Mihoric,2022-01-24T14:53:27Z
10070,ščinkavec,sl,"","",,Slovenian,Alenka Mihoric,2022-01-24T14:58:46Z
55837,mirobalana,sl,"","",,Slovenian,Alenka Mihoric,2022-01-24T15:00:02Z
39793,rumenovratka,sl,"","",,Slovenian,Alenka Mihoric,2022-01-24T15:00:55Z
69624,navadna zajčja deteljica,sl,"","",,Slovenian,Alenka Mihoric,2022-01-24T15:01:36Z
128901,navadni kopitnik,sl,"","",,Slovenian,Alenka Mihoric,2022-01-24T15:02:16Z
127029,borovnica,sl,"","",,Slovenian,Alenka Mihoric,2022-01-24T15:04:08Z
61481,Rivinova vijolica,sl,"","",,Slovenian,Alenka Mihoric,2022-01-24T15:04:40Z
51741,navadna regačica,sl,"","",,Slovenian,Alenka Mihoric,2022-01-24T15:05:23Z
950603,podlesna vetrnica,sl,"","",,Slovenian,Alenka Mihoric,2022-01-24T15:05:55Z
57418,mnogocvetni salomonov pečat,sl,"","",,Slovenian,Alenka Mihoric,2022-01-24T15:06:29Z
69613,dlakava bekica,sl,"","",,Slovenian,Alenka Mihoric,2022-01-24T15:06:57Z
337076,muškatni jagodnjak,sl,"","",,Slovenian,Alenka Mihoric,2022-01-24T15:22:49Z
121763,pravi kostanj,sl,"","",,Slovenian,Alenka Mihoric,2022-01-24T15:23:28Z
55882,navadni bršljan,sl,"","",,Slovenian,Alenka Mihoric,2022-01-24T15:24:02Z
50298,navadni jagodnjak,sl,"","",,Slovenian,Alenka Mihoric,2022-01-24T15:24:51Z
159763,razprostrta zvončica,sl,"","",,Slovenian,Alenka Mihoric,2022-01-24T15:25:22Z
55766,cipresasti mleček,sl,"","",,Slovenian,Alenka Mihoric,2022-01-24T15:25:53Z
357982,mali tratar,sl,"","",,Slovenian,Alenka Mihoric,2022-01-24T15:26:25Z
440847,polegla spominčica,sl,"","",,Slovenian,Alenka Mihoric,2022-01-24T15:27:13Z
55969,brogovita,sl,"","",,Slovenian,Alenka Mihoric,2022-01-24T15:30:56Z
54491,navadna leska,sl,"","",,Slovenian,Alenka Mihoric,2022-01-24T15:31:33Z
200942,graden,sl,"","",,Slovenian,Alenka Mihoric,2022-01-24T15:34:00Z
53059,plezajoča lakota,sl,"","",,Slovenian,Alenka Mihoric,2022-01-24T15:35:51Z
348832,velecvetna mrtva kopriva,sl,"","",,Slovenian,Alenka Mihoric,2022-01-24T15:36:25Z
52793,volnata medena trava,sl,"","",,Slovenian,Alenka Mihoric,2022-01-24T15:38:53Z
55749,timijanov jetičnik,sl,"","",,Slovenian,Alenka Mihoric,2022-01-24T15:39:45Z
49130,močvirska spominčica,sl,"","",,Slovenian,Alenka Mihoric,2022-01-24T15:40:30Z
170112,dvodomna špajka,sl,"","",,Slovenian,Alenka Mihoric,2022-01-24T15:43:54Z
448146,zvezdnata kukavica,sl,"","",,Slovenian,Alenka Mihoric,2022-01-24T15:45:59Z
133145,gola dremota,sl,"","",,Slovenian,Alenka Mihoric,2022-01-24T15:53:41Z
85072,gorski grahor,sl,"","",,Slovenian,Alenka Mihoric,2022-01-24T15:54:13Z
131140,Clusijev svišč,sl,"","",,Slovenian,Alenka Mihoric,2022-01-25T21:46:18Z
290498,črnikasti šaš,sl,"","",,Slovenian,Alenka Mihoric,2022-01-25T21:48:24Z
436495,kamniška murka,sl,"","",,Slovenian,Alenka Mihoric,2022-01-25T21:50:26Z
930840,dlakavi oklep,sl,"","",,Slovenian,Alenka Mihoric,2022-01-25T21:52:44Z
334025,glavičasti ušivec,sl,"","",,Slovenian,Alenka Mihoric,2022-01-25T21:56:29Z
130487,predalpski popon,sl,"","",,Slovenian,Alenka Mihoric,2022-01-25T21:58:54Z
748403,Gerardova črvinka,sl,"","",,Slovenian,Alenka Mihoric,2022-01-25T22:00:56Z
132613,brezlistni jetičnik,sl,"","",,Slovenian,Alenka Mihoric,2022-01-25T22:01:42Z
128599,zeleni volčji jezik,sl,"","",,Slovenian,Alenka Mihoric,2022-01-25T22:04:08Z
130503,alpski ranjak,sl,"","",,Slovenian,Alenka Mihoric,2022-01-25T22:04:42Z
85424,bela čmerika,sl,"","",,Slovenian,Alenka Mihoric,2022-01-25T22:06:37Z
359456,dlakavo trebelje,sl,"","",,Slovenian,Alenka Mihoric,2022-01-25T22:08:57Z
448129,julijski lan,sl,"","",,Slovenian,Alenka Mihoric,2022-01-25T22:13:07Z
143417,dlakavi sleč,sl,"","",,Slovenian,Alenka Mihoric,2022-01-25T22:14:45Z
160679,planinski srobot,sl,"","",,Slovenian,Alenka Mihoric,2022-01-25T22:24:09Z
557850,jurska črnobina,sl,"","",,Slovenian,Alenka Mihoric,2022-01-25T22:24:45Z
118523,toga smiljka,sl,"","",,Slovenian,Alenka Mihoric,2022-01-25T22:27:07Z
475337,gorski pediček,sl,"","",,Slovenian,Alenka Mihoric,2022-01-25T22:28:56Z
244538,škrlatnordeča detelja,sl,"","",,Slovenian,Alenka Mihoric,2022-01-30T21:28:35Z
959237,modri skutovec,sl,"","",,Slovenian,Alenka Mihoric,2022-01-30T21:29:48Z
131612,gozdni črnilec,sl,"","",,Slovenian,Alenka Mihoric,2022-01-30T21:30:31Z
492233,vejicati šaš,sl,"","",,Slovenian,Alenka Mihoric,2022-01-30T21:35:11Z
130716,peterolistna konopnica,sl,"","",,Slovenian,Alenka Mihoric,2022-01-30T21:43:28Z
55795,poljska bekica,sl,"","",,Slovenian,Alenka Mihoric,2022-01-30T21:46:47Z
132481,grenka penuša,sl,"","",,Slovenian,Alenka Mihoric,2022-01-30T21:47:21Z
48607,črna trobenta,sl,"","",,Slovenian,Alenka Mihoric,2022-01-30T21:53:13Z
48424,veliki slinar,sl,"","",,Slovenian,Alenka Mihoric,2022-01-30T21:53:40Z
338368,češuljasti vratič,sl,"","",,Slovenian,Alenka Mihoric,2022-01-30T21:54:13Z
464801,travnolistna perunika,sl,"","",,Slovenian,Alenka Mihoric,2022-01-30T21:54:43Z
51680,škrlatni ognjeni hrošč,sl,"","",,Slovenian,Alenka Mihoric,2022-01-30T21:57:04Z
131610,navadni kukovičnik,sl,"","",,Slovenian,Alenka Mihoric,2022-01-30T21:58:11Z
76846,močvirska preslica,sl,"","",,Slovenian,Alenka Mihoric,2022-01-30T21:58:44Z
164269,sivozeleno ločje,sl,"","",,Slovenian,Alenka Mihoric,2022-01-30T21:59:17Z
129126,mali kupido,sl,"","",,Slovenian,Alenka Mihoric,2022-01-30T21:59:52Z
82685,pravi ranjak,sl,"","",,Slovenian,Alenka Mihoric,2022-01-30T22:00:31Z
53269,hrapava škrbinka,sl,"","",,Slovenian,Alenka Mihoric,2022-01-30T22:01:11Z
79204,prezrta zvezdica,sl,"","",,Slovenian,Alenka Mihoric,2022-01-30T22:04:41Z
54333,studenčni jetičnik,sl,"","",,Slovenian,Alenka Mihoric,2022-01-30T22:07:11Z
56002,divja ščetica,sl,"","",,Slovenian,Alenka Mihoric,2022-01-30T22:09:01Z
160055,bledi šaš,sl,"","",,Slovenian,Alenka Mihoric,2022-01-30T22:09:49Z
132600,lipovec,sl,"","",,Slovenian,Alenka Mihoric,2022-01-30T22:10:31Z
159973,dlakavi šaš,sl,"","",,Slovenian,Alenka Mihoric,2022-01-30T22:13:06Z
436444,nagubana sladika,sl,"","",,Slovenian,Alenka Mihoric,2022-01-30T22:16:21Z
76658,mala srakonja,sl,"","",,Slovenian,Alenka Mihoric,2022-01-30T22:19:35Z
76857,prava kosmatka,sl,"","",,Slovenian,Alenka Mihoric,2022-01-30T22:23:00Z
58893,pegasti mleček,sl,"","",,Slovenian,Alenka Mihoric,2022-01-30T22:24:53Z
145363,stržek,sl,"","",,Slovenian,Alenka Mihoric,2022-01-30T22:25:38Z
288069,vijugava masnica,sl,"","",,Slovenian,Alenka Mihoric,2022-01-30T22:26:21Z
163336,velika sladika,sl,"","",,Slovenian,Alenka Mihoric,2022-01-30T22:29:31Z
78164,velika podvodnica,sl,"","",,Slovenian,Alenka Mihoric,2022-01-30T22:33:46Z
1115333,opazna bilnica,sl,"","",,Slovenian,Alenka Mihoric,2022-01-30T22:35:21Z
521334,navadna kukavica,sl,"","",,Slovenian,Alenka Mihoric,2022-01-30T22:37:33Z
48588,koprivasta zvončica,sl,"","",,Slovenian,Alenka Mihoric,2022-02-01T11:03:46Z
143432,ožgani pedic,sl,"","",,Slovenian,Alenka Mihoric,2022-02-01T11:04:43Z
357839,kostanjeva šiškarica,sl,"","",,Slovenian,Alenka Mihoric,2022-02-01T11:06:31Z
13858,domači vrabec,sl,"","",,Slovenian,Alenka Mihoric,2022-02-01T11:08:29Z
318545,rjava usnjatka,sl,"","",,Slovenian,Alenka Mihoric,2022-02-03T10:06:23Z
325426,travniška vešča,sl,"","",,Slovenian,Alenka Mihoric,2022-02-03T10:07:06Z
55641,navadni modrin,sl,"","",,Slovenian,Alenka Mihoric,2022-02-03T10:07:44Z
120489,mesarska muha,sl,"","",,Slovenian,Alenka Mihoric,2022-02-03T10:08:41Z
415467,muha goseničarka,sl,"","",,Slovenian,Alenka Mihoric,2022-02-03T10:09:44Z
52447,dvopikčasti škržatek,sl,"","",,Slovenian,Alenka Mihoric,2022-02-03T10:10:15Z
470781,pedic,sl,"","",,Slovenian,Alenka Mihoric,2022-02-03T10:11:33Z
354801,navadni vresnik,sl,"","",,Slovenian,Alenka Mihoric,2022-02-03T10:12:26Z
56154,navadna milnica,sl,"","",,Slovenian,Alenka Mihoric,2022-02-03T10:13:05Z
451454,navadni rokavec,sl,"","",,Slovenian,Alenka Mihoric,2022-02-03T10:13:36Z
61536,modri bleščavec,sl,"","",,Slovenian,Alenka Mihoric,2022-02-03T10:14:05Z
61508,modri kresničar,sl,"","",,Slovenian,Alenka Mihoric,2022-02-03T10:14:43Z
157393,navadna jastrebina,sl,"","",,Slovenian,Alenka Mihoric,2022-02-03T10:15:14Z
124095,mreževček,sl,"","",,Slovenian,Alenka Mihoric,2022-02-03T10:16:29Z
57457,močvirnati čišljak,sl,"","",,Slovenian,Alenka Mihoric,2022-02-03T10:17:08Z
99901,bleščeči zmotec,sl,"","",,Slovenian,Alenka Mihoric,2022-02-03T10:17:47Z
458944,Roeselova bilčnica,sl,"","",,Slovenian,Alenka Mihoric,2022-02-03T10:18:25Z
143294,navadni senožetnik,sl,"","",,Slovenian,Alenka Mihoric,2022-02-03T10:19:03Z
55769,beli žafran,sl,"","",,Slovenian,Alenka Mihoric,2022-02-03T10:20:55Z
55736,mala strašnica,sl,"","",,Slovenian,Alenka Mihoric,2022-02-06T09:34:03Z
81895,rjava gnezdovnica,sl,"","",,Slovenian,Alenka Mihoric,2022-02-06T09:36:02Z
1116108,mesnordeči dimek,sl,"","",,Slovenian,Alenka Mihoric,2022-02-06T09:36:30Z
487711,grenka grebenuša,sl,"","",,Slovenian,Alenka Mihoric,2022-02-06T09:37:48Z
79000,črnikasti sitovec,sl,"","",,Slovenian,Alenka Mihoric,2022-02-06T09:40:07Z
475123,rožmarinolistna vrba,sl,"","",,Slovenian,Alenka Mihoric,2022-02-06T09:40:37Z
1045696,visoki trpotec,sl,"","",,Slovenian,Alenka Mihoric,2022-02-06T09:42:50Z
245990,česnov vrednik,sl,"","",,Slovenian,Alenka Mihoric,2022-02-06T09:43:50Z
333943,navadna božja milost,sl,"","",,Slovenian,Alenka Mihoric,2022-02-06T09:45:34Z
48178,drobnocvetni rogovilček,sl,"","",,Slovenian,Alenka Mihoric,2022-02-06T09:47:05Z
51633,krvavordeča srakonja,sl,"","",,Slovenian,Alenka Mihoric,2022-02-06T09:48:06Z
955095,kranjska kozja češnja,sl,"","",,Slovenian,Alenka Mihoric,2022-02-06T09:50:51Z
713933,gorska šmarna detelja,sl,"","",,Slovenian,Alenka Mihoric,2022-02-06T09:52:22Z
485949,jelenov silj,sl,"","",,Slovenian,Alenka Mihoric,2022-02-06T09:52:52Z
244036,gredljati luk,sl,"","",,Slovenian,Alenka Mihoric,2022-02-06T09:53:26Z
775855,gorski jelenovec,sl,"","",,Slovenian,Alenka Mihoric,2022-02-06T09:55:19Z
204388,beli petoprstnik,sl,"","",,Slovenian,Alenka Mihoric,2022-02-06T11:11:32Z
931908,pritlikavi šetraj,sl,"","",,Slovenian,Alenka Mihoric,2022-02-06T11:13:22Z
338354,rumenkasti luk,sl,"","",,Slovenian,Alenka Mihoric,2022-02-06T11:15:12Z
362835,križarska vitezovka,sl,"","",,Slovenian,Alenka Mihoric,2022-02-06T11:16:37Z
853888,razkrečena rutica,sl,"","",,Slovenian,Alenka Mihoric,2022-02-06T11:17:16Z
334194,črni gaber,sl,"","",,Slovenian,Alenka Mihoric,2022-02-06T11:19:12Z
361306,lasasti beluš,sl,"","",,Slovenian,Alenka Mihoric,2022-02-06T11:20:00Z
55841,črni teloh,sl,"","",,Slovenian,Alenka Mihoric,2022-02-06T11:22:31Z
131847,navadna ciklama,sl,"","",,Slovenian,Alenka Mihoric,2022-02-06T11:25:24Z
117299,bradavičasta trdoleska,sl,"","",,Slovenian,Alenka Mihoric,2022-02-06T11:26:02Z
549103,nožničnolistna šmarna detelja,sl,"","",,Slovenian,Alenka Mihoric,2022-02-06T11:28:18Z
75609,rjavi sršaj,sl,"","",,Slovenian,Alenka Mihoric,2022-02-06T11:30:26Z
158380,navadni gozdni koren,sl,"","",,Slovenian,Alenka Mihoric,2022-02-06T11:39:02Z
75865,gozdna glota,sl,"","",,Slovenian,Alenka Mihoric,2022-02-06T11:39:42Z
118850,navadna zlata rozga,sl,"","",,Slovenian,Alenka Mihoric,2022-02-06T11:40:29Z
143418,lepljiva kadulja,sl,"","",,Slovenian,Alenka Mihoric,2022-02-06T11:41:05Z
363392,gorski vrednik,sl,"","",,Slovenian,Alenka Mihoric,2022-02-06T11:41:40Z
58722,rdeči bor,sl,"","",,Slovenian,Alenka Mihoric,2022-02-06T11:42:25Z
327211,osatova vitezovka,sl,"","",,Slovenian,Alenka Mihoric,2022-02-06T11:43:06Z
79141,pasje zelišče,sl,"","",,Slovenian,Alenka Mihoric,2022-02-06T11:43:44Z
51147,enovrati glog,sl,"","",,Slovenian,Alenka Mihoric,2022-02-06T11:44:25Z
54428,navadni glog,sl,"","",,Slovenian,Alenka Mihoric,2022-02-06T11:45:04Z
135408,cer,sl,"","",,Slovenian,Alenka Mihoric,2022-02-06T11:45:52Z
75758,navadni češmin,sl,"","",,Slovenian,Alenka Mihoric,2022-02-06T11:46:33Z
55801,navadni gaber,sl,"","",,Slovenian,Alenka Mihoric,2022-02-06T11:47:12Z
131622,velecvetna črnoglavka,sl,"","",,Slovenian,Alenka Mihoric,2022-02-06T11:48:16Z
56133,dob,sl,"","",,Slovenian,Alenka Mihoric,2022-02-06T11:48:57Z
55847,navadna trdoleska,sl,"","",,Slovenian,Alenka Mihoric,2022-02-06T11:49:42Z
61964,češnja,sl,"","",,Slovenian,Alenka Mihoric,2022-02-06T11:50:27Z
160697,navadni srobot,sl,"","",,Slovenian,Alenka Mihoric,2022-02-06T11:51:40Z
13000,šmarnica,sl,"","",,Slovenian,Alenka Mihoric,2022-02-06T11:52:30Z
340991,poljski grintavec,sl,"","",,Slovenian,Alenka Mihoric,2022-02-06T11:53:16Z
169753,polajeva materina dušica,sl,"","",,Slovenian,Alenka Mihoric,2022-02-06T11:55:19Z
155124,rdeči dren,sl,"","",,Slovenian,Alenka Mihoric,2022-02-06T11:55:57Z
1053539,Hallerjev penušnjek,sl,"","",,Slovenian,Alenka Mihoric,2022-02-09T11:31:32Z
51495,zorica,sl,"","",,Slovenian,Alenka Mihoric,2022-02-09T11:42:56Z
69636,gozdna penuša,sl,"","",,Slovenian,Alenka Mihoric,2022-02-09T11:50:20Z
4208,čopasti ponirek,sl,"","",,Slovenian,Alenka Mihoric,2022-02-09T11:50:52Z
54531,travniška penuša,sl,"","",,Slovenian,Alenka Mihoric,2022-02-09T11:51:23Z
207977,dnevni pavlinček,sl,"","",,Slovenian,Alenka Mihoric,2022-02-09T11:51:54Z
52771,citronček,sl,"","",,Slovenian,Alenka Mihoric,2022-02-09T11:52:29Z
123666,volčja jagoda,sl,"","",,Slovenian,Alenka Mihoric,2022-02-09T11:53:02Z
346985,trilistna penuša,sl,"","",,Slovenian,Alenka Mihoric,2022-02-09T11:53:33Z
114529,dlakavi polž,sl,"","",,Slovenian,Alenka Mihoric,2022-02-09T11:54:48Z
55790,navadna pižmica,sl,"","",,Slovenian,Alenka Mihoric,2022-02-09T11:55:19Z
485030,evropska gomoljčica,sl,"","",,Slovenian,Alenka Mihoric,2022-02-09T11:55:48Z
55828,lisasta mrtva kopriva,sl,"","",,Slovenian,Alenka Mihoric,2022-02-09T12:01:50Z
144809,močvirska sinica,sl,"","",,Slovenian,Alenka Mihoric,2022-02-09T12:02:30Z
75475,dišeča boljka,sl,"","",,Slovenian,Alenka Mihoric,2022-02-09T12:03:06Z
486464,kranjski mleček,sl,"","",,Slovenian,Alenka Mihoric,2022-02-09T12:03:41Z
55851,škrlatnordeča mrtva kopriva,sl,"","",,Slovenian,Alenka Mihoric,2022-02-09T12:06:44Z
132627,navadna dremota,sl,"","",,Slovenian,Alenka Mihoric,2022-02-09T12:07:23Z
159951,sinjezeleni šaš,sl,"","",,Slovenian,Alenka Mihoric,2022-02-09T12:08:14Z
82315,togi šaš,sl,"","",,Slovenian,Alenka Mihoric,2022-02-09T12:08:56Z
51610,vrednikov jetičnik,sl,"","",,Slovenian,Alenka Mihoric,2022-02-10T09:54:45Z
168479,triprsti kamnokreč,sl,"","",,Slovenian,Alenka Mihoric,2022-02-10T09:55:17Z
486406,triroba košeničica,sl,"","",,Slovenian,Alenka Mihoric,2022-02-10T09:57:43Z
78820,gomoljasta zlatica,sl,"","",,Slovenian,Alenka Mihoric,2022-02-10T09:59:29Z
55748,poljski jetičnik,sl,"","",,Slovenian,Alenka Mihoric,2022-02-10T10:02:38Z
448134,kimasta kraslika,sl,"","",,Slovenian,Alenka Mihoric,2022-02-10T10:03:17Z
1092854,Hallerjev penušnjek,sl,"","",,Slovenian,Alenka Mihoric,2022-02-10T10:09:21Z
56099,plazeči skrečnik,sl,"","",,Slovenian,Alenka Mihoric,2022-02-10T10:15:12Z
55666,perzijski jetičnik,sl,"","",,Slovenian,Alenka Mihoric,2022-02-10T10:15:49Z
135229,njivsko ptičje seme,sl,"","",,Slovenian,Alenka Mihoric,2022-02-10T10:17:00Z
461239,gorski šaš,sl,"","",,Slovenian,Alenka Mihoric,2022-02-10T10:22:48Z
51875,črna detelja,sl,"","",,Slovenian,Alenka Mihoric,2022-02-11T15:20:37Z
208780,rumenkastobela detelja,sl,"","",,Slovenian,Alenka Mihoric,2022-02-11T15:21:21Z
196519,Thalova detelja,sl,"","",,Slovenian,Alenka Mihoric,2022-02-11T15:22:27Z
371840,Molinerjeva inkarnatka,sl,"","",,Slovenian,Alenka Mihoric,2022-02-11T15:23:36Z
85423,alpska detelja,sl,"","",,Slovenian,Alenka Mihoric,2022-02-11T15:26:07Z
138477,hrapava detelja,sl,"","",,Slovenian,Alenka Mihoric,2022-02-11T15:30:23Z
79409,zlata detelja,sl,"","",,Slovenian,Alenka Mihoric,2022-02-11T15:38:55Z
752322,bleda detelja,sl,"","",,Slovenian,Alenka Mihoric,2022-02-11T15:42:03Z
58167,jagodasta detelja,sl,"","",,Slovenian,Alenka Mihoric,2022-02-11T15:43:00Z
334750,gorska detelja,sl,"","",,Slovenian,Alenka Mihoric,2022-02-11T15:43:55Z
334748,predalpska detelja,sl,"","",,Slovenian,Alenka Mihoric,2022-02-11T15:44:37Z
61824,hibridna detelja,sl,"","",,Slovenian,Alenka Mihoric,2022-02-11T15:45:28Z
57076,poljska detelja,sl,"","",,Slovenian,Alenka Mihoric,2022-02-11T15:46:19Z
334752,noriška detelja,sl,"","",,Slovenian,Alenka Mihoric,2022-02-11T15:47:56Z
169761,navadna lipa,sl,"","",,Slovenian,Alenka Mihoric,2022-02-12T10:20:05Z
51606,navadni mali zvonček,sl,"","",,Slovenian,Alenka Mihoric,2022-02-12T11:04:43Z
650848,kranjska čebela,sl,"","",,Slovenian,Alenka Mihoric,2022-02-12T11:05:11Z
451952,blagodišeči teloh,sl,"","",,Slovenian,Alenka Mihoric,2022-02-12T11:07:09Z
6921,labod grbec,sl,"","",,Slovenian,Alenka Mihoric,2022-02-12T11:08:55Z
55576,rumenček,sl,"","",,Slovenian,Alenka Mihoric,2022-02-12T11:09:32Z
371700,kavkaški krilati oreškar,sl,"","",,Slovenian,Alenka Mihoric,2022-02-12T11:10:19Z
4954,siva čaplja,sl,"","",,Slovenian,Alenka Mihoric,2022-02-12T11:10:56Z
167373,plazeči petoprstnik,sl,"","",,Slovenian,Alenka Mihoric,2022-02-12T11:11:32Z
869898,žanjevec,sl,"","",,Slovenian,Alenka Mihoric,2022-02-12T11:12:10Z
55563,navadna marjetica,sl,"","",,Slovenian,Alenka Mihoric,2022-02-12T11:16:28Z
56136,trobentica,sl,"","",,Slovenian,Alenka Mihoric,2022-02-12T11:17:11Z
62380,škrlatni cekinček,sl,"","",,Slovenian,Alenka Mihoric,2022-02-13T09:18:52Z
979813,pritlikavi kormoran,sl,"","",,Slovenian,Alenka Mihoric,2022-02-13T09:22:43Z
4981,kvakač,sl,"","",,Slovenian,Alenka Mihoric,2022-02-13T09:34:57Z
341154,jajčastolistni muhovnik,sl,"","",,Slovenian,Alenka Mihoric,2022-02-13T09:46:54Z
57443,lisasti ploščec,sl,"","",,Slovenian,Alenka Mihoric,2022-02-13T09:53:23Z
47779,vodna perunika,sl,"","",,Slovenian,Alenka Mihoric,2022-02-13T19:08:06Z
76127,mehurjasti šaš,sl,"","",,Slovenian,Alenka Mihoric,2022-02-13T19:08:38Z
52681,orlova praprot,sl,"","",,Slovenian,Alenka Mihoric,2022-02-13T19:09:21Z
129115,njivsko grabljišče,sl,"","",,Slovenian,Alenka Mihoric,2022-02-13T19:09:57Z
76793,vodna kuga,sl,"","",,Slovenian,Alenka Mihoric,2022-02-13T19:11:02Z
437973,obloplodni šaš,sl,"","",,Slovenian,Alenka Mihoric,2022-02-13T19:11:39Z
464843,perunikov rilčkar,sl,"","",,Slovenian,Alenka Mihoric,2022-02-13T19:14:41Z
486448,jagodasti mleček,sl,"","",,Slovenian,Alenka Mihoric,2022-02-14T22:58:46Z
126808,rešeljika,sl,"","",,Slovenian,Alenka Mihoric,2022-02-14T23:06:53Z
59259,rumeni skrečnik,sl,"","",,Slovenian,Alenka Mihoric,2022-02-14T23:07:28Z
53785,navadna rosnica,sl,"","",,Slovenian,Alenka Mihoric,2022-02-14T23:08:07Z
167773,skrkasta grenica,sl,"","",,Slovenian,Alenka Mihoric,2022-02-14T23:09:52Z
334737,ilirski grahovec,sl,"","",,Slovenian,Alenka Mihoric,2022-02-14T23:10:43Z
334302,gorski grobeljnik,sl,"","",,Slovenian,Alenka Mihoric,2022-02-14T23:11:12Z
319280,prerasla repušica,sl,"","",,Slovenian,Alenka Mihoric,2022-02-14T23:12:01Z
966205,črna jelša,sl,"","",,Slovenian,Alenka Mihoric,2022-02-16T19:53:08Z
7278,dolgorepka,sl,"","",,Slovenian,Alenka Mihoric,2022-02-16T19:53:50Z
146853,obrežni mleček,sl,"","",,Slovenian,Alenka Mihoric,2022-02-17T19:58:31Z
450814,volnatoplodni motovilec,sl,"","",,Slovenian,Alenka Mihoric,2022-02-17T19:59:39Z
53324,navadna grašica,sl,"","",,Slovenian,Alenka Mihoric,2022-02-17T20:01:21Z
64617,zlatenka,sl,"","",,Slovenian,Alenka Mihoric,2022-02-17T20:02:11Z
75429,modri volovski jezik,sl,"","",,Slovenian,Alenka Mihoric,2022-02-17T20:04:08Z
77279,rumena ceduljka,sl,"","",,Slovenian,Alenka Mihoric,2022-02-17T20:04:42Z
60987,preščipnjena vranja noga,sl,"","",,Slovenian,Alenka Mihoric,2022-02-17T20:08:34Z
82109,hrapava travnica,sl,"","",,Slovenian,Alenka Mihoric,2022-02-18T14:05:14Z
35854,zelenec,sl,"","",,Slovenian,Alenka Mihoric,2022-02-18T14:06:51Z
636795,navadni rožmarin,sl,"","",,Slovenian,Alenka Mihoric,2022-02-18T14:07:50Z
55798,divji tulipan,sl,"","",,Slovenian,Alenka Mihoric,2022-02-18T14:08:23Z
55459,njivska mrtva kopriva,sl,"","",,Slovenian,Alenka Mihoric,2022-02-18T14:10:34Z
83851,hibridno njivno zrcalce,sl,"","",,Slovenian,Alenka Mihoric,2022-02-18T14:11:47Z
68846,grozdasta hrušica,sl,"","",,Slovenian,Alenka Mihoric,2022-02-18T14:13:06Z
71144,nohtnica,sl,"","",,Slovenian,Alenka Mihoric,2022-02-18T14:14:43Z
82511,naskalni mleček,sl,"","",,Slovenian,Alenka Mihoric,2022-02-18T14:15:39Z
82834,gomoljasta špajka,sl,"","",,Slovenian,Alenka Mihoric,2022-02-18T14:16:57Z
57011,popon,sl,"","",,Slovenian,Alenka Mihoric,2022-02-18T14:18:47Z
209637,srčastolistna mračica,sl,"","",,Slovenian,Alenka Mihoric,2022-02-18T14:19:36Z
57140,divja oljka,sl,"","",,Slovenian,Alenka Mihoric,2022-02-18T14:22:00Z
57805,členkasta zajčja deteljica,sl,"","",,Slovenian,Alenka Mihoric,2022-02-18T14:23:24Z
465859,jezičasta zvončica,sl,"","",,Slovenian,Alenka Mihoric,2022-02-18T14:24:11Z
52586,pegasti badelj,sl,"","",,Slovenian,Alenka Mihoric,2022-02-18T14:26:23Z
418222,drobnocvetni slezenovec,sl,"","",,Slovenian,Alenka Mihoric,2022-02-20T10:39:21Z
981578,žajbljevolistni čišljak,sl,"","",,Slovenian,Alenka Mihoric,2022-02-20T10:47:33Z
185356,rdeči koren,sl,"","",,Slovenian,Alenka Mihoric,2022-02-20T10:49:28Z
56529,Lastovičar,sl,"","",,Slovenian,Alenka Mihoric,2022-02-20T10:49:59Z
62313,vzhodna črnika,sl,"","",,Slovenian,Alenka Mihoric,2022-02-20T10:50:39Z
76487,navadna krupina,sl,"","",,Slovenian,Alenka Mihoric,2022-02-20T10:52:03Z
59270,navadni gobček,sl,"","",,Slovenian,Alenka Mihoric,2022-02-20T10:53:39Z
53169,rumena zajčja deteljica,sl,"","",,Slovenian,Alenka Mihoric,2022-02-20T10:58:53Z
170188,popončev jetičnik,sl,"","",,Slovenian,Alenka Mihoric,2022-02-20T10:59:41Z
147294,vinska rutica,sl,"","",,Slovenian,Alenka Mihoric,2022-02-20T12:20:21Z
451206,obmorska lepnica,sl,"","",,Slovenian,Alenka Mihoric,2022-02-22T11:11:43Z
738839,Jacquinov jetičnik,sl,"","",,Slovenian,Alenka Mihoric,2022-02-22T11:13:46Z
58382,gomoljasta latovka,sl,"","",,Slovenian,Alenka Mihoric,2022-02-22T11:15:57Z
82598,trokrpi javor,sl,"","",,Slovenian,Alenka Mihoric,2022-02-22T11:17:15Z
189393,navadni brinjekaz,sl,"","",,Slovenian,Alenka Mihoric,2022-02-22T11:23:09Z
135790,črni bor,sl,"","",,Slovenian,Alenka Mihoric,2022-02-22T11:25:10Z
734806,bledorumena homulica,sl,"","",,Slovenian,Alenka Mihoric,2022-02-22T11:27:30Z
737562,bledorumena homulica,sl,"","",,Slovenian,Alenka Mihoric,2022-02-22T11:28:10Z
57311,lečasti grahor,sl,"","",,Slovenian,Alenka Mihoric,2022-02-22T11:31:27Z
59278,kretski volovski jezik,sl,"","",,Slovenian,Alenka Mihoric,2022-02-22T11:34:59Z
153983,srhkodlakavi petoprstnik,sl,"","",,Slovenian,Alenka Mihoric,2022-02-22T11:36:15Z
81695,steničja kukavica,sl,"","",,Slovenian,Alenka Mihoric,2022-02-22T11:37:58Z
51286,pisana belardija,sl,"","",,Slovenian,Alenka Mihoric,2022-02-22T11:39:46Z
82873,bolhačica,sl,"","",,Slovenian,Alenka Mihoric,2022-02-22T11:52:03Z
493015,zelena kadulja,sl,"","",,Slovenian,Alenka Mihoric,2022-02-22T11:55:13Z
162822,mali mleček,sl,"","",,Slovenian,Alenka Mihoric,2022-02-22T11:56:39Z
1154339,dlakava španska detelja,sl,"","",,Slovenian,Alenka Mihoric,2022-02-22T12:00:54Z
58300,granatovec,sl,"","",,Slovenian,Alenka Mihoric,2022-02-22T12:06:27Z
57030,velika preslica,sl,"","",,Slovenian,Alenka Mihoric,2022-02-25T18:45:36Z
56222,navadni lapuh,sl,"","",,Slovenian,Alenka Mihoric,2022-02-25T18:46:11Z
158777,črni sršaj,sl,"","",,Slovenian,Alenka Mihoric,2022-02-25T18:46:35Z
55990,pozidna kuščarica,sl,"","",,Slovenian,Alenka Mihoric,2022-02-25T18:48:16Z
84954,pozidna rutica,sl,"","",,Slovenian,Alenka Mihoric,2022-02-25T18:48:53Z
765394,črni bezeg,sl,"","",,Slovenian,Alenka Mihoric,2022-02-25T18:49:22Z
56129,bršljanovolistni jetičnik,sl,"","",,Slovenian,Alenka Mihoric,2022-02-25T18:49:55Z
55757,krvavi mlečnik,sl,"","",,Slovenian,Alenka Mihoric,2022-02-25T18:52:47Z
55925,smrdljička,sl,"","",,Slovenian,Alenka Mihoric,2022-02-25T18:53:22Z
775404,hermelika,sl,"","",,Slovenian,Alenka Mihoric,2022-02-25T18:53:56Z
55830,bršljanasta grenkuljica,sl,"","",,Slovenian,Alenka Mihoric,2022-02-25T18:54:41Z
55763,beli repuh,sl,"","",,Slovenian,Alenka Mihoric,2022-02-25T18:55:12Z
47752,podlesnica,sl,"","",,Slovenian,Alenka Mihoric,2022-02-25T18:55:52Z
774894,rebrenjača,sl,"","",,Slovenian,Alenka Mihoric,2022-02-25T18:56:57Z
204321,navadna lopatica,sl,"","",,Slovenian,Alenka Mihoric,2022-02-25T18:57:56Z
133031,premenjalnolistni vraničnik,sl,"","",,Slovenian,Alenka Mihoric,2022-02-25T18:58:27Z
55829,dlakava penuša,sl,"","",,Slovenian,Alenka Mihoric,2022-02-25T18:59:06Z
54134,pisana ploskocevka,sl,"","",,Slovenian,Alenka Mihoric,2022-02-25T19:00:41Z
129105,Jelenov jezik,sl,"","",,Slovenian,Alenka Mihoric,2022-02-25T19:01:22Z
57510,pomladanski veliki zvonček,sl,"","",,Slovenian,Alenka Mihoric,2022-02-25T19:02:49Z
57662,mandljevolistni mleček,sl,"","",,Slovenian,Alenka Mihoric,2022-02-25T19:20:32Z
199876,obmorski trnjek,sl,"","",,Slovenian,Alenka Mihoric,2022-02-25T19:21:54Z
71134,nazobčana sivka,sl,"","",,Slovenian,Alenka Mihoric,2022-02-25T19:23:24Z
357682,sredozemska pepeluška,sl,"","",,Slovenian,Alenka Mihoric,2022-02-25T19:25:41Z
60460,močvirska kačunka,sl,"","",,Slovenian,Alenka Mihoric,2022-02-26T21:24:19Z
55823,spomladanska kokošnica,sl,"","",,Slovenian,Alenka Mihoric,2022-02-28T13:54:17Z
54504,črni oreh,sl,"","",,Slovenian,Alenka Mihoric,2022-02-28T13:54:53Z
51873,kovačnik,sl,"","",,Slovenian,Alenka Mihoric,2022-02-28T13:55:26Z
47687,navadni čapljevec,sl,"","",,Slovenian,Alenka Mihoric,2022-02-28T13:55:59Z
486466,bradavičasti mleček,sl,"","",,Slovenian,Alenka Mihoric,2022-02-28T13:56:30Z
57395,navadni kosmatinec,sl,"","",,Slovenian,Alenka Mihoric,2022-02-28T13:57:04Z
83473,pritlični petoprstnik,sl,"","",,Slovenian,Alenka Mihoric,2022-02-28T14:00:07Z
168750,šesterokotna homulica,sl,"","",,Slovenian,Alenka Mihoric,2022-02-28T14:02:08Z
53298,navadna zvezdica,sl,"","",,Slovenian,Alenka Mihoric,2022-02-28T14:04:56Z
204168,brinolistni lisičjak,sl,"","",,Slovenian,Alenka Mihoric,2022-03-01T13:40:22Z
145303,čižek,sl,"","",,Slovenian,Alenka Mihoric,2022-03-01T15:06:03Z
54849,rdeča vrba,sl,"","",,Slovenian,Alenka Mihoric,2022-03-01T15:06:36Z
56153,Navadno ločje,sl,"","",,Slovenian,Alenka Mihoric,2022-03-01T15:07:50Z
7004,veliki žagar,sl,"","",,Slovenian,Alenka Mihoric,2022-03-01T15:08:27Z
47565,črni topol,sl,"","",,Slovenian,Alenka Mihoric,2022-03-01T15:08:59Z
122658,beli mah,sl,"","",,Slovenian,Alenka Mihoric,2022-03-01T15:11:53Z
481818,bermudski modri meček,sl,"","",,Slovenian,Alenka Mihoric,2022-03-01T22:11:51Z
566630,srhkostebelna robida,sl,"","",,Slovenian,Alenka Mihoric,2022-03-02T09:43:00Z
448098,gozdni planinšček,sl,"","",,Slovenian,Alenka Mihoric,2022-03-02T09:44:57Z
437285,velecvetna orlica,sl,"","",,Slovenian,Alenka Mihoric,2022-03-02T10:42:36Z
124548,puhastolistno kosteničevje,sl,"","",,Slovenian,Alenka Mihoric,2022-03-02T10:45:47Z
448130,planinsko kosteničevje,sl,"","",,Slovenian,Alenka Mihoric,2022-03-02T10:46:18Z
484172,beli šaš,sl,"","",,Slovenian,Alenka Mihoric,2022-03-02T10:47:02Z
125312,lepi medvedek,sl,"","",,Slovenian,Alenka Mihoric,2022-03-02T10:49:27Z
126757,trpežni golšec,sl,"","",,Slovenian,Alenka Mihoric,2022-03-02T10:49:59Z
509878,Burserjev kamnokreč,sl,"","",,Slovenian,Alenka Mihoric,2022-03-02T10:50:40Z
132605,lepi jeglič,sl,"","",,Slovenian,Alenka Mihoric,2022-03-02T10:51:25Z
958425,marjetičasta nebina,sl,"","",,Slovenian,Alenka Mihoric,2022-03-02T10:53:39Z
415043,rumeno milje,sl,"","",,Slovenian,Alenka Mihoric,2022-03-02T10:56:35Z
338102,gozdna bekica,sl,"","",,Slovenian,Alenka Mihoric,2022-03-02T10:57:01Z
1065330,kranjski petoprstnik,sl,"","",,Slovenian,Alenka Mihoric,2022-03-02T11:08:30Z
639660,Navadni jetrnik,sl,"","",,Slovenian,Alenka Mihoric,2022-03-03T20:15:01Z
125440,veliki jesen,sl,"","",,Slovenian,Alenka Mihoric,2022-03-03T20:15:37Z
204472,Kanja,sl,"","",,Slovenian,Alenka Mihoric,2022-03-03T20:17:00Z
55846,iva,sl,"","",,Slovenian,Alenka Mihoric,2022-03-03T20:17:33Z
128167,navadna potonika,sl,"","",,Slovenian,Alenka Mihoric,2022-03-04T10:04:00Z
481305,gozdna zlatica,sl,"","",,Slovenian,Alenka Mihoric,2022-03-04T10:04:37Z
126756,spomladanski grahor,sl,"","",,Slovenian,Alenka Mihoric,2022-03-04T10:07:10Z
158472,alpski repnjak,sl,"","",,Slovenian,Alenka Mihoric,2022-03-04T10:07:48Z
59272,Drobnocvetni petoprstnik,sl,"","",,Slovenian,Alenka Mihoric,2022-03-04T10:08:15Z
338386,Sladki mleček,sl,"","",,Slovenian,Alenka Mihoric,2022-03-04T10:12:21Z
132621,stasita kukavica,sl,"","",,Slovenian,Alenka Mihoric,2022-03-04T10:14:11Z
495979,češuljasta škržolica,sl,"","",,Slovenian,Alenka Mihoric,2022-03-04T10:14:45Z
61335,gorski narcis,sl,"","",,Slovenian,Alenka Mihoric,2022-03-04T10:23:31Z
61334,gorski narcis,sl,"","",,Slovenian,Alenka Mihoric,2022-03-04T10:23:47Z
502513,purpurna pokalica,sl,"","",,Slovenian,Alenka Mihoric,2022-03-04T11:04:16Z
487736,rumeni vrednik,sl,"","",,Slovenian,Alenka Mihoric,2022-03-04T20:37:44Z
210513,ostrolistni beluš,sl,"","",,Slovenian,Alenka Mihoric,2022-03-06T19:33:02Z
41,sivi žerjav,sl,"","",,Slovenian,Alenka Mihoric,2022-03-06T19:34:18Z
56121,navadni plešec,sl,"","",,Slovenian,Alenka Mihoric,2022-03-06T19:37:48Z
868417,progasti žafran,sl,"","",,Slovenian,Alenka Mihoric,2022-03-06T19:38:59Z
64323,visoka žumara,sl,"","",,Slovenian,Alenka Mihoric,2022-03-06T19:46:23Z
82904,bodeča lobodika,sl,"","",,Slovenian,Alenka Mihoric,2022-03-06T19:47:04Z
56088,navadna robinija,sl,"","",,Slovenian,Alenka Mihoric,2022-03-06T19:53:12Z
132623,navadna oblasta kukavica,sl,"","",,Slovenian,Alenka Mihoric,2022-03-09T11:28:08Z
54639,zelenkasti vimenjak,sl,"","",,Slovenian,Alenka Mihoric,2022-03-09T11:28:37Z
79466,mala mešinka,sl,"","",,Slovenian,Alenka Mihoric,2022-03-09T11:29:08Z
52655,dolgolistna rosika,sl,"","",,Slovenian,Alenka Mihoric,2022-03-09T11:31:49Z
556621,hribski urh,sl,"","",,Slovenian,Alenka Mihoric,2022-03-09T11:33:06Z
121778,obvodni pajek,sl,"","",,Slovenian,Alenka Mihoric,2022-03-09T11:34:42Z
207956,travniški postavnež,sl,"","",,Slovenian,Alenka Mihoric,2022-03-09T11:35:34Z
121266,navadna mastnica,sl,"","",,Slovenian,Alenka Mihoric,2022-03-09T11:36:08Z
198888,črnikastovijolična orlica,sl,"","",,Slovenian,Alenka Mihoric,2022-03-09T11:36:51Z
866483,navadna njivka,sl,"","",https://www.inaturalist.org/taxon_names/2507006/edit,Slovenian,,2022-03-09T15:04:49Z
931428,sinjezeleni členkar,sl,"","",,Slovenian,Alenka Mihoric,2022-03-09T16:19:37Z
122912,poletni luk,sl,"","",,Slovenian,Alenka Mihoric,2022-03-12T14:12:42Z
58371,prstasti pesjak,sl,"","",,Slovenian,Alenka Mihoric,2022-03-12T14:13:17Z
59028,grozdasti lučnik,sl,"","",,Slovenian,Alenka Mihoric,2022-03-12T14:14:00Z
209429,velecvetna vehrica,sl,"","",,Slovenian,Alenka Mihoric,2022-03-12T14:16:22Z
1249918,tržaški klinček,sl,"","",,Slovenian,Alenka Mihoric,2022-03-12T14:18:43Z
55717,navadni vrednik,sl,"","",,Slovenian,Alenka Mihoric,2022-03-12T14:19:31Z
448090,polegla poljanka,sl,"","",,Slovenian,Alenka Mihoric,2022-03-12T14:20:49Z
61009,širokolistni grahor,sl,"","",,Slovenian,Alenka Mihoric,2022-03-12T14:28:15Z
85422,deljenolistna črnoglavka,sl,"","",,Slovenian,Alenka Mihoric,2022-03-12T14:31:16Z
204401,vednozeleni šipek,sl,"","",,Slovenian,Alenka Mihoric,2022-03-12T14:32:51Z
204355,srpasta meteljka,sl,"","",,Slovenian,Alenka Mihoric,2022-03-12T14:35:56Z
208996,lopatičastolistna lepnica,sl,"","",,Slovenian,Alenka Mihoric,2022-03-12T14:50:05Z
60272,dolgoresa ostika,sl,"","",,Slovenian,Alenka Mihoric,2022-03-12T14:54:56Z
75290,valjasta ostika,sl,"","",,Slovenian,Alenka Mihoric,2022-03-12T14:55:39Z
77952,navadni slezenovec,sl,"","",,Slovenian,Alenka Mihoric,2022-03-12T14:56:25Z
53304,kolenčasta oklobnica,sl,"","",,Slovenian,Alenka Mihoric,2022-03-12T14:57:49Z
53453,vrba,sl,"","",,Slovenian,Alenka Mihoric,2022-03-18T11:43:37Z
75611,zeleni sršaj,sl,"","",,Slovenian,Alenka Mihoric,2022-03-18T11:44:05Z
336131,klinolistni kamnokreč,sl,"","",,Slovenian,Alenka Mihoric,2022-03-18T11:44:45Z
542279,pasar,sl,"","",,Slovenian,Alenka Mihoric,2022-03-18T15:05:10Z
3,Ptiči,sl,"","",,Slovenian,abeing,2022-03-18T19:14:43Z
17835,Črna žolna,sl,"","",,Slovenian,abeing,2022-03-18T19:16:47Z
17871,Veliki detel,sl,"","",,Slovenian,abeing,2022-03-18T19:17:14Z
144757,Siva vrana,sl,"","",,Slovenian,abeing,2022-03-18T19:17:34Z
2715,Golobi,sl,"","",,Slovenian,abeing,2022-03-18T19:18:08Z
12716,Kos,sl,"","",,Slovenian,abeing,2022-03-18T19:18:35Z
7120,Moškatna bleščavka,sl,"","",,Slovenian,abeing,2022-03-18T19:19:16Z
8350,Planinska kavka,sl,"","",,Slovenian,abeing,2022-03-18T19:19:57Z
203153,Velika sinica,sl,"","",,Slovenian,abeing,2022-03-18T19:20:12Z
7122,Tatarska žvižgavka,sl,"","",,Slovenian,abeing,2022-03-18T19:20:47Z
6933,Dolgorepa raca,sl,"","",,Slovenian,abeing,2022-03-18T19:21:11Z
472766,Postovka,sl,"","",,Slovenian,abeing,2022-03-18T19:21:38Z
7449,Plezalček,sl,"","",,Slovenian,abeing,2022-03-18T19:22:09Z
4262,Kormorani,sl,"","",,Slovenian,abeing,2022-03-18T19:22:39Z
7450,Dolgoprsti plezalček,sl,"","",,Slovenian,abeing,2022-03-18T19:23:18Z
13094,Taščica,sl,"","",,Slovenian,abeing,2022-03-18T19:23:29Z
7018,Siva gos,sl,"","",,Slovenian,abeing,2022-03-18T19:23:54Z
482,Liska,sl,"","",,Slovenian,abeing,2022-03-18T19:24:03Z
6990,Zvonec,sl,"","",,Slovenian,abeing,2022-03-18T19:24:33Z
4237,Mali ponirek,sl,"","",,Slovenian,abeing,2022-03-18T19:25:01Z
7046,Čopasta črnica,sl,"","",,Slovenian,abeing,2022-03-18T19:25:17Z
14850,Škorec,sl,"","",,Slovenian,abeing,2022-03-18T19:25:26Z
4270,Veliki kormoran,sl,"","",,Slovenian,abeing,2022-03-18T19:25:55Z
7045,Sivka,sl,"","",,Slovenian,abeing,2022-03-18T19:26:06Z
13688,Siva pastirica,sl,"","",,Slovenian,abeing,2022-03-18T19:26:47Z
7192,Mali žagar,sl,"","",,Slovenian,abeing,2022-03-18T19:27:41Z
981,Fazan,sl,"","",,Slovenian,abeing,2022-03-18T19:28:06Z
8010,Krokar,sl,"","",,Slovenian,abeing,2022-03-18T19:29:09Z
117097,Rdečeglavi kraljiček,sl,"","",,Slovenian,abeing,2022-03-18T19:29:36Z
61769,Navadni lusnec,sl,"","",,Slovenian,abeing,2022-03-19T16:00:03Z
7647,Povodni kos,sl,"","",,Slovenian,abeing,2022-03-19T16:00:35Z
55814,Čvrsti petelinček,sl,"","",,Slovenian,abeing,2022-03-19T16:01:40Z
19898,Lesna sova,sl,"","",,Slovenian,abeing,2022-03-19T16:02:17Z
43793,Evropski bober,sl,"","",,Slovenian,abeing,2022-03-19T16:04:06Z
42184,Srna,sl,"","",,Slovenian,abeing,2022-03-19T16:04:27Z
56934,Dvolistna morska čebulica,sl,"","",,Slovenian,abeing,2022-03-19T16:05:46Z
42043,Psi,sl,"","",,Slovenian,abeing,2022-03-19T16:09:05Z
55610,Rdeči škratec,sl,"","",,Slovenian,abeing,2022-03-19T16:11:48Z
922180,Progasti vrtni polž,sl,"","",,Slovenian,abeing,2022-03-19T16:12:53Z
55845,Dišeča vijolica,sl,"","",,Slovenian,abeing,2022-03-19T16:13:52Z
343021,Navadni slepec,sl,"","",,Slovenian,abeing,2022-03-19T16:15:48Z
50829,Vijolica,sl,"","",,Slovenian,abeing,2022-03-19T16:16:17Z
243824,Indijski jagodnjak,sl,"","",,Slovenian,abeing,2022-03-19T16:18:45Z
950596,Zlatična vetrnica,sl,"","",,Slovenian,abeing,2022-03-19T16:19:23Z
59110,Dristavec,sl,"","",,Slovenian,abeing,2022-03-19T16:20:36Z
361315,Navadna polžarka,sl,"","",,Slovenian,abeing,2022-03-19T16:23:39Z
136319,Navadna jelka,sl,"","",,Slovenian,abeing,2022-03-19T16:25:03Z
55842,Teloh,sl,"","",,Slovenian,abeing,2022-03-19T16:26:15Z
326296,Navadna krastača,sl,"","",,Slovenian,abeing,2022-03-19T16:28:11Z
48715,Rdeča mušnica,sl,"","",,Slovenian,abeing,2022-03-19T16:28:46Z
461263,Deveterolistna konopnica,sl,"","",,Slovenian,abeing,2022-03-19T16:30:40Z
47219,Medonosna čebela,sl,"","",,Slovenian,abeing,2022-03-19T16:31:40Z
53905,Navadna bogomolka,sl,Slovenia,SI,,Slovenian,abeing,2022-03-19T16:32:40Z
27735,Planinski močerad,sl,"","",,Slovenian,abeing,2022-03-19T16:34:32Z
27726,Navadni močerad,sl,"","",,Slovenian,abeing,2022-03-19T16:34:48Z
25591,Sekulja,sl,"","",,Slovenian,abeing,2022-03-19T16:35:11Z
25473,Prave žabe,sl,"","",,Slovenian,abeing,2022-03-19T16:37:09Z
25669,Rosnica,sl,"","",,Slovenian,abeing,2022-03-19T16:38:35Z
25474,Prave žabe,sl,"","",,Slovenian,abeing,2022-03-19T16:39:21Z
66322,Zelena žaba,sl,"","",,Slovenian,abeing,2022-03-19T16:39:52Z
20979,žabe,sl,"","",,Slovenian,abeing,2022-03-19T16:40:17Z
21359,Krastače,sl,"","",,Slovenian,abeing,2022-03-19T16:41:12Z
27701,Pupki in močeradi,sl,"","",,Slovenian,abeing,2022-03-19T16:41:45Z
424147,Zelena rega,sl,"","",,Slovenian,abeing,2022-03-19T16:42:25Z
24495,Nižinski urh,sl,"","",,Slovenian,abeing,2022-03-19T16:42:49Z
26718,Repati krkoni,sl,"","",,Slovenian,abeing,2022-03-19T16:44:01Z
556656,Navadni pupek,sl,"","",,Slovenian,abeing,2022-03-19T16:45:00Z
1048822,Bela človeška ribica,sl,"","",,Slovenian,abeing,2022-03-19T16:45:44Z
556645,Pisana žaba,sl,"","",,Slovenian,abeing,2022-03-19T16:50:11Z
25664,Laška žaba,sl,"","",,Slovenian,abeing,2022-03-19T16:51:11Z
55844,Navadni zimzelen,sl,"","",,Slovenian,abeing,2022-03-19T17:08:28Z
27717,Veliki pupek,sl,"","",,Slovenian,abeing,2022-03-19T17:12:54Z
855297,Evropski jazbec,sl,"","",,Slovenian,abeing,2022-03-19T22:45:08Z
3017,Skalni golob,sl,"","",,Slovenian,abeing,2022-03-19T22:50:34Z
122767,Domači golob,sl,"","",,Slovenian,abeing,2022-03-19T22:51:25Z
8088,Šoja,sl,"","",,Slovenian,abeing,2022-03-20T10:41:15Z
14824,Brglez,sl,"","",,Slovenian,abeing,2022-03-20T10:41:57Z
224958,Veliki jamski pajek,sl,"","",,Slovenian,abeing,2022-03-20T10:43:07Z
55818,Petelinček,sl,"","",,Slovenian,abeing,2022-03-20T12:21:53Z
51884,Velika kopriva,sl,Slovenia,SI,,Slovenian,Žan Rode,2022-03-21T13:53:16Z
52764,Navadna črnoglavka,sl,Slovenia,SI,,Slovenian,Žan Rode,2022-03-21T13:54:28Z
82342,Maackovo kosteničevje,sl,Slovenia,SI,,Slovenian,Žan Rode,2022-03-21T14:32:39Z
751174,Veliki hišni pajek,sl,Slovenia,SI,,Slovenian,Žan Rode,2022-03-21T14:33:20Z
1366895,Tetrovec,sl,"","",https://www.inaturalist.org/taxon_names/919439/edit,Slovenian,,2022-03-21T20:46:13Z
559070,Veliki srakoper,sl,"","",,Slovenian,abeing,2022-03-21T22:54:35Z
891696,Sraka,sl,"","",,Slovenian,abeing,2022-03-21T22:55:08Z
8029,Poljska vrana,sl,"","",,Slovenian,abeing,2022-03-21T22:55:45Z
4843,Školjkarica,sl,"","",,Slovenian,abeing,2022-03-21T22:56:38Z
558439,Konopnica,sl,"","",,Slovenian,abeing,2022-03-21T22:56:55Z
3739,Sveti ibis,sl,"","",,Slovenian,abeing,2022-03-21T22:57:33Z
20307,Mala uharica,sl,"","",,Slovenian,abeing,2022-03-21T22:58:47Z
4623,Polarni slapnik,sl,"","",,Slovenian,abeing,2022-03-21T22:59:05Z
578607,Čopasti škrjanec,sl,"","",,Slovenian,abeing,2022-03-21T22:59:54Z
7462,Kratkoprsti plezalček,sl,"","",,Slovenian,abeing,2022-03-21T23:00:52Z
4857,Priba,sl,"","",,Slovenian,abeing,2022-03-21T23:01:22Z
10069,Pinoža,sl,"","",,Slovenian,abeing,2022-03-21T23:01:35Z
9462,Kalin,sl,"","",,Slovenian,abeing,2022-03-21T23:03:05Z
47758,Zajčja deteljica,sl,"","",,Slovenian,abeing,2022-03-22T12:15:12Z
12707,Brinovka,sl,"","",,Slovenian,abeing,2022-03-23T15:19:03Z
11901,Kmečka lastovka,sl,"","",,Slovenian,abeing,2022-03-23T15:19:20Z
3048,Grivar,sl,"","",,Slovenian,abeing,2022-03-23T15:19:43Z
9801,Dlesk,sl,"","",,Slovenian,abeing,2022-03-23T15:20:28Z
7089,Kanadska gos,sl,"","",,Slovenian,abeing,2022-03-23T15:20:44Z
12748,Cikovt,sl,"","",,Slovenian,abeing,2022-03-23T15:20:59Z
144823,Menišček,sl,"","",,Slovenian,abeing,2022-03-23T15:21:39Z
5267,Rjavi škarnik,sl,"","",,Slovenian,abeing,2022-03-23T15:22:19Z
7347,Poljski škrjanec,sl,"","",,Slovenian,abeing,2022-03-23T15:22:47Z
9201,Trstni strnad,sl,"","",,Slovenian,abeing,2022-03-23T15:23:27Z
72486,Nilska gos,sl,"","",,Slovenian,abeing,2022-03-23T15:23:39Z
4205,Črnovrati ponirek,sl,"","",,Slovenian,abeing,2022-03-23T15:24:14Z
144243,Zelena žolna,sl,"","",,Slovenian,abeing,2022-03-23T15:24:36Z
831,Jerebica,sl,"","",,Slovenian,abeing,2022-03-23T15:24:55Z
14799,Brglezi,sl,"","",,Slovenian,abeing,2022-03-23T15:25:42Z
12749,Vinski drozg,sl,"","",,Slovenian,abeing,2022-03-23T15:26:27Z
7102,Rdečevrata gos,sl,"","",,Slovenian,abeing,2022-03-23T15:26:42Z
7106,Mandarinka,sl,"","",,Slovenian,abeing,2022-03-23T15:27:25Z
204496,Črna vrana,sl,"","",,Slovenian,abeing,2022-03-23T15:27:58Z
59202,Rumenonogi galeb,sl,"","",,Slovenian,abeing,2022-03-23T15:28:39Z
792985,Srednji detel,sl,"","",,Slovenian,abeing,2022-03-23T15:28:47Z
117016,Vrbji kovaček,sl,"","",,Slovenian,abeing,2022-03-23T15:29:55Z
558438,Raca žličarica,sl,"","",,Slovenian,abeing,2022-03-23T15:30:05Z
558441,Žvižgavka,sl,"","",,Slovenian,abeing,2022-03-23T15:31:08Z
13729,Mala cipa,sl,"","",,Slovenian,abeing,2022-03-23T15:31:53Z
7019,Beločela gos,sl,"","",,Slovenian,abeing,2022-03-23T15:32:05Z
7101,Belolična gos,sl,"","",,Slovenian,abeing,2022-03-23T15:32:40Z
9236,Grilček,sl,"","",,Slovenian,abeing,2022-03-23T15:33:08Z
204512,Črnoglavi muhar,sl,"","",,Slovenian,abeing,2022-03-23T15:33:26Z
507971,Skobčevka,sl,"","",,Slovenian,abeing,2022-03-23T15:34:21Z
318836,Kozica,sl,"","",,Slovenian,abeing,2022-03-23T15:35:26Z
201192,Prosnik,sl,"","",,Slovenian,abeing,2022-03-23T15:35:38Z
236935,Domača raca,sl,"","",,Slovenian,abeing,2022-03-23T15:36:04Z
9079,Ščinkavci,sl,"","",,Slovenian,abeing,2022-03-23T15:36:21Z
144830,Čopasta sinica,sl,"","",,Slovenian,abeing,2022-03-23T15:36:57Z
966787,Belouška,sl,"","",,Slovenian,abeing,2022-03-25T21:32:59Z
47178,Žarkoplavutarice,sl,"","",,Slovenian,abeing,2022-03-26T11:14:00Z
538478,Pomladanski žafran,sl,"","",,Slovenian,abeing,2022-03-26T14:27:13Z
167276,Braunova podlesnica,sl,"","",,Slovenian,Alenka Mihoric,2022-03-29T10:00:00Z
61318,pegasti kačnik,sl,"","",,Slovenian,Alenka Mihoric,2022-03-29T10:00:48Z
533811,storževa pregradnica,sl,"","",,Slovenian,Alenka Mihoric,2022-03-29T10:02:46Z
52913,Navadni potrošnik,sl,"","",,Slovenian,abeing,2022-03-30T15:58:33Z
50867,Osji pajek,sl,"","",,Slovenian,abeing,2022-03-30T15:58:45Z
52628,Navadni križevec,sl,"","",,Slovenian,abeing,2022-03-30T15:59:06Z
244644,Bukova hržica,sl,"","",,Slovenian,abeing,2022-03-30T16:00:03Z
48484,Harlekinska polonica,sl,"","",,Slovenian,abeing,2022-03-30T16:00:33Z
47435,Navadna nokota,sl,"","",,Slovenian,abeing,2022-03-30T16:01:10Z
56077,Šentjanževka,sl,"","",,Slovenian,abeing,2022-03-30T16:01:37Z
52402,Zlata minica,sl,"","",,Slovenian,abeing,2022-03-30T16:02:19Z
55884,Navadni šipek,sl,"","",,Slovenian,abeing,2022-03-30T16:02:42Z
53779,Navadni hmelj,sl,"","",,Slovenian,abeing,2022-03-30T16:03:08Z
56057,Navadna ivanjščica,sl,"","",,Slovenian,abeing,2022-03-30T16:04:03Z
84804,Črtasta pižamarka,sl,"","",,Slovenian,abeing,2022-03-30T16:05:49Z
41641,Rjavi medved,sl,"","",,Slovenian,abeing,2022-03-30T16:06:21Z
59747,Navadni macesen,sl,"","",,Slovenian,abeing,2022-03-30T16:06:40Z
51702,Sedempikčasta polonica,sl,"","",,Slovenian,abeing,2022-03-30T16:07:36Z
48206,Šmarnica,sl,"","",,Slovenian,abeing,2022-03-30T16:08:25Z
47726,Amerikanski javor,sl,"","",,Slovenian,abeing,2022-03-30T16:08:36Z
51736,Drobnocvetna nedotika,sl,"","",,Slovenian,abeing,2022-03-30T16:09:17Z
55826,Gozdna spominčica,sl,"","",,Slovenian,abeing,2022-03-30T16:09:49Z
55811,Črni trn,sl,"","",,Slovenian,abeing,2022-03-30T16:10:24Z
73823,Črnica,sl,"","",,Slovenian,abeing,2022-04-01T08:42:39Z
46001,Navadna veverica,sl,"","",,Slovenian,abeing,2022-04-01T15:49:30Z
475573,francoska medenica,sl,"","",https://www.inaturalist.org/taxon_names/2699067/edit,Slovenian,,2022-04-01T18:43:10Z
50921,Hrušica,sl,"","",,Slovenian,abeing,2022-04-01T20:39:48Z
6996,Srednji žagar,sl,"","",,Slovenian,abeing,2022-04-02T22:19:13Z
44705,Hišna miš,sl,"","",,Slovenian,abeing,2022-04-03T10:03:35Z
56065,Dišeča lakota,sl,"","",,Slovenian,abeing,2022-04-04T11:04:54Z
56064,Ripeča zlatica,sl,"","",,Slovenian,abeing,2022-04-04T11:06:13Z
57056,Hmeljna meteljka,sl,"","",,Slovenian,abeing,2022-04-04T11:06:34Z
50790,Navadna madronščica,sl,"","",,Slovenian,abeing,2022-04-04T11:07:17Z
56293,Velerilec,sl,"","",,Slovenian,abeing,2022-04-04T11:07:43Z
58961,Širokolistni trpotec,sl,"","",,Slovenian,abeing,2022-04-04T11:07:57Z
67808,Kanadska zlata rozga,sl,"","",,Slovenian,abeing,2022-04-04T11:08:09Z
167829,Octovec,sl,"","",,Slovenian,abeing,2022-04-04T11:09:10Z
275961,bodeča podlesnica,sl,"","",,Slovenian,Alenka Mihoric,2022-04-04T13:17:07Z
130723,Navadna smrdljivka,sl,"","",,Slovenian,Alenka Mihoric,2022-04-04T20:59:20Z
56011,drobnocvetna tamariša,sl,"","",,Slovenian,Alenka Mihoric,2022-04-05T18:32:08Z
57489,Navadna ivanjska ptičica,sl,"","",,Slovenian,abeing,2022-04-05T20:33:44Z
53186,Petoprstnik,sl,"","",,Slovenian,abeing,2022-04-06T11:57:17Z
49131,Spominčica,sl,"","",,Slovenian,abeing,2022-04-06T11:58:47Z
73222,Veliki plamenec,sl,"","",,Slovenian,abeing,2022-04-06T12:02:54Z
42347,Gams,sl,"","",,Slovenian,abeing,2022-04-06T12:05:11Z
42069,Navadna lisica,sl,"","",,Slovenian,abeing,2022-04-06T12:05:46Z
3033,Duplar,sl,"","",,Slovenian,abeing,2022-04-06T12:06:53Z
204545,Rumena pastirica,sl,"","",,Slovenian,abeing,2022-04-06T18:53:50Z
131625,Gomoljasti gabez,sl,"","",,Slovenian,abeing,2022-04-06T18:54:06Z
3731,Navadna žličarka,sl,"","",,Slovenian,abeing,2022-04-07T13:01:51Z
19910,Kozača,sl,"","",,Slovenian,abeing,2022-04-07T13:02:21Z
54763,Ostrolistni javor,sl,"","",,Slovenian,abeing,2022-04-07T13:03:05Z
56100,Skrečnik,sl,"","",,Slovenian,abeing,2022-04-07T13:04:27Z
48571,Šaš,sl,"","",,Slovenian,abeing,2022-04-07T13:07:08Z
50299,Jagodnjak,sl,"","",,Slovenian,abeing,2022-04-07T13:10:30Z
51611,Jetičnik,sl,"","",,Slovenian,abeing,2022-04-07T13:14:23Z
53060,Lakota,sl,"","",,Slovenian,abeing,2022-04-07T13:18:18Z
53196,Kislica,sl,"","",,Slovenian,abeing,2022-04-07T13:18:53Z
47603,Regrat,sl,"","",,Slovenian,abeing,2022-04-07T13:19:15Z
1241058,južni petoprstnik,sl,"","",,Slovenian,Alenka Mihoric,2022-04-07T18:17:49Z
480126,francoska grebenuša,sl,"","",,Slovenian,Alenka Mihoric,2022-04-07T18:19:35Z
1235341,polegli reličnik,sl,"","",,Slovenian,Alenka Mihoric,2022-04-07T18:22:49Z
125849,puhasti hrast,sl,"","",,Slovenian,Alenka Mihoric,2022-04-07T18:24:37Z
56292,sončni mleček,sl,"","",,Slovenian,Alenka Mihoric,2022-04-07T18:25:34Z
56134,jagodasta hrušica,sl,"","",,Slovenian,Alenka Mihoric,2022-04-07T18:29:54Z
18448,Vijeglavka,sl,"","",,Slovenian,abeing,2022-04-07T20:23:12Z
10411,Krivokljun,sl,"","",,Slovenian,abeing,2022-04-07T20:24:13Z
52472,Grašica,sl,"","",,Slovenian,abeing,2022-04-07T20:24:31Z
78838,rumeni katanec,sl,"","",,Slovenian,Alenka Mihoric,2022-04-07T20:31:36Z
483180,hribska vijolica,sl,"","",,Slovenian,Alenka Mihoric,2022-04-07T20:32:58Z
165840,Spomladanska torilnica,sl,"","",,Slovenian,abeing,2022-04-07T20:33:44Z
159649,navadna kropilnica,sl,"","",,Slovenian,Alenka Mihoric,2022-04-07T20:35:36Z
79317,gladki regrat,sl,"","",,Slovenian,Alenka Mihoric,2022-04-07T20:37:53Z
450803,rani mošnjak,sl,"","",,Slovenian,Alenka Mihoric,2022-04-07T20:45:15Z
53176,Skrka,sl,"","",,Slovenian,abeing,2022-04-08T06:14:04Z
166867,Navadna skrka,sl,"","",,Slovenian,abeing,2022-04-08T06:14:42Z
131196,Svilničevolistni svišč,sl,"","",,Slovenian,abeing,2022-04-08T11:32:18Z
348017,Jamamaj,sl,"","",,Slovenian,abeing,2022-04-08T11:33:16Z
55653,Navadni lešnikar,sl,"","",,Slovenian,abeing,2022-04-08T11:33:45Z
127079,Navadna sladka koreninica,sl,"","",,Slovenian,abeing,2022-04-08T11:34:51Z
79109,Beli slizek,sl,"","",,Slovenian,abeing,2022-04-08T11:35:31Z
326185,Planika,sl,"","",,Slovenian,abeing,2022-04-08T11:36:10Z
57500,Podlesni črnilec,sl,"","",,Slovenian,abeing,2022-04-08T11:36:59Z
55620,Grenkoslad,sl,"","",,Slovenian,abeing,2022-04-08T11:37:40Z
64546,Sinjezelena robida,sl,Slovenia,SI,,Slovenian,Žan Rode,2022-04-08T13:50:38Z
450816,Bela vijolica,sl,"","",,Slovenian,abeing,2022-04-09T09:41:18Z
55760,Njivska vijolica,sl,"","",,Slovenian,abeing,2022-04-09T09:43:18Z
1374241,enoplodna podkvica,sl,"","",https://www.inaturalist.org/taxon_names/2900549/edit,Slovenian,,2022-04-09T15:15:17Z
81545,Navadni deževnik,sl,Slovenia,SI,,Slovenian,Žan Rode,2022-04-09T17:29:22Z
896922,planinska velestika,sl,"","",,Slovenian,Alenka Mihoric,2022-04-09T18:06:14Z
52287,Zdravilna boraga,sl,"","",,Slovenian,abeing,2022-04-09T20:25:33Z
710279,Wulfenov netresk,sl,"","",,Slovenian,Alenka Mihoric,2022-04-10T10:23:44Z
62379,netresk,sl,"","",,Slovenian,Alenka Mihoric,2022-04-10T10:24:18Z
62378,velecvetni netresk,sl,"","",,Slovenian,Alenka Mihoric,2022-04-10T10:25:10Z
483434,Jacquinovo ločje,sl,"","",,Slovenian,Alenka Mihoric,2022-04-10T10:26:39Z
144152,vednozeleni kamnokreč,sl,"","",,Slovenian,Alenka Mihoric,2022-04-10T10:28:31Z
61427,navadna mladomesečina,sl,"","",,Slovenian,Alenka Mihoric,2022-04-10T10:29:20Z
166549,jaščarica,sl,"","",,Slovenian,Alenka Mihoric,2022-04-10T10:29:47Z
51893,navadna majnica,sl,"","",,Slovenian,Alenka Mihoric,2022-04-10T10:31:27Z
483205,mračičinolistni repuš,sl,"","",,Slovenian,Alenka Mihoric,2022-04-10T10:33:16Z
501400,alpski oklep,sl,"","",,Slovenian,Alenka Mihoric,2022-04-10T10:34:39Z
509231,okroglolistni svišč,sl,"","",,Slovenian,Alenka Mihoric,2022-04-10T10:35:14Z
740827,kranjski grint,sl,"","",,Slovenian,Alenka Mihoric,2022-04-10T10:37:41Z
162543,enokoškasta suholetnica,sl,"","",,Slovenian,Alenka Mihoric,2022-04-10T10:40:53Z
83081,planinska spominčica,sl,"","",,Slovenian,Alenka Mihoric,2022-04-10T10:41:19Z
130476,kimastocvetni grahovec,sl,"","",,Slovenian,Alenka Mihoric,2022-04-10T10:42:19Z
501375,muškatni rman,sl,"","",,Slovenian,Alenka Mihoric,2022-04-10T10:43:16Z
55876,bela mrtva kopriva,sl,"","",,Slovenian,Alenka Mihoric,2022-04-10T10:44:31Z
322724,divjakovški grint,sl,"","",,Slovenian,Alenka Mihoric,2022-04-10T10:45:26Z
515517,modrikasti repnjak,sl,"","",,Slovenian,Alenka Mihoric,2022-04-10T10:46:38Z
54468,mali koprivar,sl,"","",,Slovenian,Alenka Mihoric,2022-04-10T10:47:17Z
55769,nunka,sl,"","",https://www.inaturalist.org/taxon_names/2509822/edit,Slovenian,,2022-04-10T12:31:36Z
55850,Navadni repuh,sl,"","",,Slovenian,Alenka Mihoric,2022-04-12T09:31:53Z
56063,jerebika,sl,"","",,Slovenian,Alenka Mihoric,2022-04-12T09:32:32Z
63371,topolistna kislica,sl,"","",,Slovenian,Alenka Mihoric,2022-04-12T09:33:27Z
57824,divji bezeg,sl,"","",,Slovenian,Alenka Mihoric,2022-04-12T09:34:03Z
334304,slokastoplodni repnjak,sl,"","",,Slovenian,Alenka Mihoric,2022-04-12T09:34:39Z
438907,dlakava grenkuljica,sl,"","",,Slovenian,Alenka Mihoric,2022-04-12T09:36:34Z
437967,prstasti šaš,sl,"","",,Slovenian,Alenka Mihoric,2022-04-12T09:37:41Z
57512,bela omela,sl,"","",,Slovenian,Alenka Mihoric,2022-04-12T09:40:15Z
9193,Skalni strnad,sl,"","",,Slovenian,abeing,2022-04-12T20:00:14Z
147293,Gozdna vijolica,sl,"","",,Slovenian,abeing,2022-04-12T20:01:29Z
55796,Bekica,sl,"","",,Slovenian,abeing,2022-04-12T20:02:02Z
50321,Grahor,sl,"","",,Slovenian,abeing,2022-04-12T20:02:42Z
47434,Trave,sl,"","",,Slovenian,abeing,2022-04-12T20:03:16Z
47822,Dvokrilci,sl,"","",,Slovenian,abeing,2022-04-12T20:03:26Z
48543,Navadni zajčji lapuh,sl,"","",,Slovenian,abeing,2022-04-12T20:04:17Z
286612,Srhkodlaka vijolica,sl,"","",,Slovenian,abeing,2022-04-12T20:04:51Z
54518,Mala vodna leča,sl,"","",,Slovenian,abeing,2022-04-12T20:05:39Z
52724,Njivska preslica,sl,"","",,Slovenian,abeing,2022-04-12T20:06:13Z
53327,Zimzelen,sl,"","",,Slovenian,abeing,2022-04-12T20:06:31Z
56138,Ptičje mleko,sl,"","",,Slovenian,abeing,2022-04-12T20:06:57Z
125137,Pljučnik,sl,"","",,Slovenian,abeing,2022-04-12T20:08:00Z
492418,Trilistna vetrnica,sl,"","",,Slovenian,abeing,2022-04-12T20:08:21Z
47570,Beli topol,sl,"","",,Slovenian,abeing,2022-04-12T20:08:51Z
47208,Hrošči,sl,"","",,Slovenian,abeing,2022-04-12T20:09:10Z
143034,Pisana adonija,sl,"","",,Slovenian,abeing,2022-04-13T14:27:03Z
49652,Penuša,sl,"","",,Slovenian,abeing,2022-04-13T14:28:36Z
168691,kranjski volčič,sl,"","",,Slovenian,Alenka Mihoric,2022-04-13T20:00:40Z
11941,Breguljka,sl,"","",,Slovenian,abeing,2022-04-14T16:22:47Z
198887,kimastoplodni šipek,sl,"","",,Slovenian,Alenka Mihoric,2022-04-15T20:19:02Z
162719,pasji zob,sl,"","",,Slovenian,Alenka Mihoric,2022-04-15T20:20:24Z
357480,Kosmata minica,sl,"","",,Slovenian,Alenka Mihoric,2022-04-15T20:20:48Z
704958,štajerski pljučnik,sl,"","",,Slovenian,Alenka Mihoric,2022-04-15T20:21:18Z
77290,plavajoča sladika,sl,"","",,Slovenian,Alenka Mihoric,2022-04-15T20:23:24Z
133434,nokotin sivček,sl,"","",,Slovenian,Alenka Mihoric,2022-04-15T20:25:57Z
143793,čremsa,sl,"","",,Slovenian,Alenka Mihoric,2022-04-15T20:27:02Z
75600,navadno kresničevje,sl,"","",,Slovenian,Alenka Mihoric,2022-04-15T20:27:49Z
50247,dvolistna senčnica,sl,"","",,Slovenian,Alenka Mihoric,2022-04-15T20:28:44Z
705439,plitvokrpati jetičnik,sl,"","",,Slovenian,Alenka Mihoric,2022-04-15T20:31:59Z
451051,tripernata špajka,sl,"","",,Slovenian,Alenka Mihoric,2022-04-15T20:33:18Z
437969,nizki šaš,sl,"","",,Slovenian,Alenka Mihoric,2022-04-15T20:36:59Z
100302,triglavski rjavček,sl,"","",,Slovenian,Alenka Mihoric,2022-04-15T20:41:59Z
36052,Črnopikčasta kuščarica,sl,"","",,Slovenian,abeing,2022-04-18T19:03:51Z
319948,jezerska blatnica,sl,"","",,Slovenian,Alenka Mihoric,2022-04-19T20:40:42Z
1089585,predalpski šaš,sl,"","",,Slovenian,Alenka Mihoric,2022-04-19T20:41:21Z
1005385,navadna smiljka,sl,"","",,Slovenian,Alenka Mihoric,2022-04-19T20:43:37Z
124817,zlatorumena zlatica,sl,"","",,Slovenian,Alenka Mihoric,2022-04-19T20:44:19Z
48256,duglazija,sl,"","",,Slovenian,Alenka Mihoric,2022-04-19T20:45:37Z
60362,kolenčasta krvomočnica,sl,"","",,Slovenian,Alenka Mihoric,2022-04-19T20:46:18Z
515745,kavkaški kopitnik,sl,"","",,Slovenian,Alenka Mihoric,2022-04-19T20:48:01Z
371920,peskovni penušnjek,sl,"","",,Slovenian,Alenka Mihoric,2022-04-19T20:51:42Z
564969,ozkolistno ciprje,sl,"","",,Slovenian,Alenka Mihoric,2022-04-19T20:53:31Z
164761,modro kosteničevje,sl,"","",,Slovenian,Alenka Mihoric,2022-04-19T20:54:21Z
336269,alpska kosmatulja,sl,"","",,Slovenian,Alenka Mihoric,2022-04-19T20:55:53Z
46082,alpski svizec,sl,"","",,Slovenian,Alenka Mihoric,2022-04-19T20:57:50Z
239148,gorski drobnjak,sl,"","",,Slovenian,Alenka Mihoric,2022-04-19T20:58:37Z
322341,črvinkasti vrbovec,sl,"","",,Slovenian,Alenka Mihoric,2022-04-19T21:06:03Z
130543,zlati dimek,sl,"","",,Slovenian,Alenka Mihoric,2022-04-19T21:08:40Z
518339,drobnolistna kopišnica,sl,"","",,Slovenian,Alenka Mihoric,2022-04-19T21:09:18Z
56229,arnika,sl,"","",,Slovenian,Alenka Mihoric,2022-04-19T21:11:17Z
160036,črni šaš,sl,"","",,Slovenian,Alenka Mihoric,2022-04-19T21:13:06Z
162680,Scheuchzerjev munec,sl,"","",,Slovenian,Alenka Mihoric,2022-04-19T21:19:20Z
133075,alpski trpotec,sl,"","",,Slovenian,Alenka Mihoric,2022-04-19T21:21:42Z
130478,alpski grahovec,sl,"","",,Slovenian,Alenka Mihoric,2022-04-19T21:24:21Z
479420,topolistna vrba,sl,"","",,Slovenian,Alenka Mihoric,2022-04-19T21:25:16Z
472080,krasni kamnokreč,sl,"","",,Slovenian,Alenka Mihoric,2022-04-19T21:27:59Z
131138,pikčasti svišč,sl,"","",,Slovenian,Alenka Mihoric,2022-04-19T21:32:05Z
168337,zelnata vrba,sl,"","",,Slovenian,Alenka Mihoric,2022-04-19T21:32:45Z
503258,Hallerjev jelenovec,sl,"","",,Slovenian,Alenka Mihoric,2022-04-19T21:34:22Z
416199,alpska suholetnica,sl,"","",,Slovenian,Alenka Mihoric,2022-04-19T21:37:58Z
77140,navadni bingeljc,sl,"","",,Slovenian,Alenka Mihoric,2022-04-20T08:44:04Z
54841,bela vrba,sl,"","",,Slovenian,Alenka Mihoric,2022-04-21T17:37:44Z
159906,pomladanski šaš,sl,"","",,Slovenian,Alenka Mihoric,2022-04-21T17:39:10Z
483070,migalični šaš,sl,"","",,Slovenian,Alenka Mihoric,2022-04-21T17:43:54Z
371833,dlakava košeničica,sl,"","",,Slovenian,Alenka Mihoric,2022-04-21T17:45:28Z
163682,navadni dežen,sl,"","",,Slovenian,Alenka Mihoric,2022-04-21T17:48:04Z
77206,navadna lakota,sl,"","",,Slovenian,Alenka Mihoric,2022-04-21T17:49:26Z
450670,enocvetna kraslika,sl,"","",,Slovenian,Alenka Mihoric,2022-04-21T17:50:27Z
1024536,velecvetna zvezdica,sl,"","",,Slovenian,Alenka Mihoric,2022-04-21T20:26:23Z
336396,navadni kloček,sl,"","",,Slovenian,Alenka Mihoric,2022-04-22T09:50:41Z
145537,Kosmata zlatica,sl,"","",,Slovenian,Alenka Mihoric,2022-04-22T09:52:21Z
468112,peskovni penušnjek,sl,"","",,Slovenian,Alenka Mihoric,2022-04-22T09:53:02Z
158900,sladki grahovec,sl,"","",,Slovenian,Alenka Mihoric,2022-04-22T09:55:07Z
371857,trižilna popkoresa,sl,"","",,Slovenian,Alenka Mihoric,2022-04-22T09:56:05Z
55401,kapusov belin,sl,"","",,Slovenian,Alenka Mihoric,2022-04-22T09:58:13Z
159836,penuša nedotika,sl,"","",,Slovenian,Alenka Mihoric,2022-04-22T18:38:14Z
56126,navadna barbica,sl,"","",,Slovenian,Alenka Mihoric,2022-04-22T18:38:46Z
61304,avstrijski divjakovec,sl,"","",,Slovenian,Alenka Mihoric,2022-04-22T18:41:30Z
371837,alpski nagnoj,sl,"","",,Slovenian,Alenka Mihoric,2022-04-22T18:43:12Z
170056,goli brest,sl,"","",,Slovenian,Alenka Mihoric,2022-04-22T18:46:28Z
53211,navadni grint,sl,"","",,Slovenian,Alenka Mihoric,2022-04-22T18:51:23Z
320094,spomladanska črnobina,sl,"","",,Slovenian,Alenka Mihoric,2022-04-22T18:52:05Z
75553,navadna peščenka,sl,"","",,Slovenian,Alenka Mihoric,2022-04-22T18:54:00Z
52973,klobčasta smiljka,sl,"","",,Slovenian,Alenka Mihoric,2022-04-22T18:54:42Z
447677,jelova omela,sl,"","",,Slovenian,Alenka Mihoric,2022-04-22T18:55:16Z
160107,klasasti šaš,sl,"","",,Slovenian,Alenka Mihoric,2022-04-22T18:57:01Z
51808,pikasta pijavčnica,sl,"","",,Slovenian,Alenka Mihoric,2022-04-22T18:59:21Z
50716,močvirnica,sl,"","",,Slovenian,Alenka Mihoric,2022-04-22T19:00:01Z
48229,plazeča zlatica,sl,"","",,Slovenian,Alenka Mihoric,2022-04-22T19:00:59Z
163793,gozdna škržolica,sl,"","",,Slovenian,Alenka Mihoric,2022-04-22T19:06:29Z
164947,belkasta bekica,sl,"","",,Slovenian,Alenka Mihoric,2022-04-22T19:14:10Z
82691,navadni bljušč,sl,"","",,Slovenian,Alenka Mihoric,2022-04-22T19:14:55Z
54087,repičin belin,sl,"","",,Slovenian,Alenka Mihoric,2022-04-22T19:15:34Z
69640,gozdni šaš,sl,"","",,Slovenian,Alenka Mihoric,2022-04-22T19:16:25Z
54464,Podraščec,sl,"","",,Slovenian,abeing,2022-04-22T20:27:17Z
335884,Gorski kosmatinec,sl,"","",,Slovenian,abeing,2022-04-22T20:27:46Z
132603,Spomladanski svišč,sl,"","",,Slovenian,abeing,2022-04-22T20:28:47Z
162820,mnogobarvni mleček,sl,"","",,Slovenian,Alenka Mihoric,2022-04-23T12:25:02Z
362146,Lepljivi jeglič,sl,"","",,Slovenian,abeing,2022-04-23T14:41:20Z
319371,Veliki klobučnjak,sl,"","",,Slovenian,abeing,2022-04-23T14:44:51Z
442594,Kranjski jeglič,sl,"","",,Slovenian,abeing,2022-04-23T21:02:06Z
4224,Rjavovrati ponirek,sl,"","",,Slovenian,abeing,2022-04-23T21:06:29Z
209233,Konj,sl,"","",,Slovenian,abeing,2022-04-23T21:08:03Z
13071,Modra taščica,sl,"","",,Slovenian,abeing,2022-04-24T10:14:00Z
12735,Carar,sl,"","",,Slovenian,abeing,2022-04-26T06:17:21Z
52808,enoletna latovka,sl,"","",,Slovenian,Alenka Mihoric,2022-04-26T20:18:14Z
54431,rdeči ribez,sl,"","",,Slovenian,Alenka Mihoric,2022-04-26T20:19:11Z
60885,bezgova prstasta kukavica,sl,"","",,Slovenian,Alenka Mihoric,2022-04-28T08:50:22Z
482449,nemška košeničica,sl,"","",,Slovenian,Alenka Mihoric,2022-04-28T08:51:02Z
489643,gozdni brzec,sl,"","",,Slovenian,Alenka Mihoric,2022-04-28T08:54:21Z
424020,širokolistna trdoleska,sl,"","",,Slovenian,Alenka Mihoric,2022-04-28T08:56:14Z
223665,brstična lilija,sl,"","",,Slovenian,Alenka Mihoric,2022-04-28T08:58:43Z
444739,Širokolistna grašica,sl,"","",,Slovenian,Alenka Mihoric,2022-04-28T09:02:55Z
168412,Navadni ženikelj,sl,"","",,Slovenian,Alenka Mihoric,2022-04-28T09:06:47Z
61326,dlakavi skrečnik,sl,"","",,Slovenian,Alenka Mihoric,2022-04-30T08:04:04Z
1145482,dlakava relika,sl,"","",,Slovenian,Alenka Mihoric,2022-04-30T08:04:59Z
825270,sinjezeleni šaš,sl,"","",,Slovenian,Alenka Mihoric,2022-04-30T08:07:51Z
63352,navadni poprovnik,sl,"","",,Slovenian,Alenka Mihoric,2022-04-30T08:09:47Z
137178,srednja sladka koreninica,sl,"","",,Slovenian,Alenka Mihoric,2022-04-30T08:10:36Z
371921,rdečkasti plešec,sl,"","",,Slovenian,Alenka Mihoric,2022-04-30T08:12:07Z
75388,navadni grobeljnik,sl,"","",,Slovenian,Alenka Mihoric,2022-04-30T08:13:11Z
79025,bela homulica,sl,"","",,Slovenian,Alenka Mihoric,2022-04-30T08:13:50Z
48230,zlatica,sl,"","",,Slovenian,Alenka Mihoric,2022-04-30T08:14:38Z
448405,grmičasta šmarna detelja,sl,"","",,Slovenian,Alenka Mihoric,2022-04-30T08:15:23Z
35360,Kuščarice,sl,"","",,Slovenian,abeing,2022-04-30T09:11:45Z
12822,Navadni kupčar,sl,"","",,Slovenian,abeing,2022-04-30T09:24:04Z
45856,Podlesek,sl,"","",,Slovenian,abeing,2022-04-30T13:47:32Z
163661,Zeleni teloh,sl,"","",,Slovenian,abeing,2022-04-30T18:29:08Z
130720,Dvocvetna vijolica,sl,"","",,Slovenian,abeing,2022-04-30T18:30:24Z
515415,zasavska konopnica,sl,"","",,Slovenian,Alenka Mihoric,2022-05-01T08:23:24Z
124910,pomladanski zemeljski čmrlj,sl,"","",,Slovenian,Alenka Mihoric,2022-05-01T08:25:26Z
126188,rumena pasja čebulica,sl,"","",,Slovenian,Alenka Mihoric,2022-05-01T08:26:32Z
462125,gorska rumenka,sl,"","",,Slovenian,Alenka Mihoric,2022-05-01T08:29:45Z
487752,črno kosteničevje,sl,"","",,Slovenian,Alenka Mihoric,2022-05-01T08:36:25Z
83073,orjaška zlata rozga,sl,"","",,Slovenian,Alenka Mihoric,2022-05-01T08:39:28Z
4835,Polojnik,sl,"","",,Slovenian,abeing,2022-05-01T17:35:01Z
793469,Rumenoglavi kraljiček,sl,"","",,Slovenian,abeing,2022-05-01T17:55:30Z
12971,Sivi muhar,sl,"","",,Slovenian,abeing,2022-05-01T20:21:42Z
12039,Rjavoglavi srakoper,sl,"","",,Slovenian,abeing,2022-05-01T20:22:03Z
48586,Gozdni polž,sl,"","",,Slovenian,abeing,2022-05-02T06:43:22Z
51607,zvonček,sl,"","",,Slovenian,nalagtus,2022-05-02T10:34:39Z
6638,Črni hudournik,sl,"","",,Slovenian,abeing,2022-05-02T12:45:45Z
4951,Rjava čaplja,sl,"","",,Slovenian,abeing,2022-05-02T12:46:49Z
13676,Plašica,sl,"","",,Slovenian,abeing,2022-05-02T12:48:54Z
7068,Rjasta kozarka,sl,"","",,Slovenian,abeing,2022-05-02T12:57:53Z
75377,Siva jelša,sl,"","",,Slovenian,abeing,2022-05-02T14:33:06Z
55891,Navadna sretena,sl,"","",,Slovenian,abeing,2022-05-02T16:03:57Z
204533,Srebrni galeb,sl,"","",,Slovenian,abeing,2022-05-02T16:07:25Z
4381,Rjavi galeb,sl,"","",,Slovenian,abeing,2022-05-02T16:07:36Z
2191,Čebelar,sl,"","",,Slovenian,abeing,2022-05-02T16:09:09Z
12740,Komatar,sl,"","",,Slovenian,abeing,2022-05-02T16:25:44Z
19410,Podhujka,sl,"","",,Slovenian,abeing,2022-05-02T16:32:20Z
43042,Rjavoprsi jež,sl,"","",,Slovenian,abeing,2022-05-02T20:59:11Z
64705,Mestna lastovka,sl,"","",,Slovenian,abeing,2022-05-03T09:23:20Z
7024,Gaga,sl,"","",,Slovenian,abeing,2022-05-03T10:24:24Z
30929,Laški gad,sl,"","",,Slovenian,abeing,2022-05-03T13:39:51Z
204094,Domača moškatna bleščavka,sl,"","",,Slovenian,abeing,2022-05-03T13:54:40Z
120479,Domača gos,sl,"","",,Slovenian,abeing,2022-05-03T13:55:41Z
13847,Vrabec,sl,"","",,Slovenian,abeing,2022-05-03T13:57:12Z
4209,Zlatouhi ponirek,sl,"","",,Slovenian,abeing,2022-05-03T14:02:16Z
81754,Materina dušica,sl,"","",,Slovenian,abeing,2022-05-03T14:28:02Z
2938,Divja grlica,sl,"","",,Slovenian,abeing,2022-05-03T17:40:34Z
133909,Drobnovratnik,sl,"","",,Slovenian,abeing,2022-05-03T20:31:52Z
4923,Prlivka,sl,"","",,Slovenian,abeing,2022-05-04T17:07:40Z
204556,Kobilar,sl,"","",,Slovenian,abeing,2022-05-04T18:58:25Z
52796,Mišji ječmen,sl,"","",,Slovenian,abeing,2022-05-04T21:11:31Z
13113,Mali muhar,sl,"","",,Slovenian,abeing,2022-05-05T10:58:59Z
56162,Gozdni slezenovec,sl,"","",,Slovenian,abeing,2022-05-05T12:19:23Z
1289697,Ruševec,sl,"","",,Slovenian,abeing,2022-05-05T17:00:25Z
170209,Velecvetna grašica,sl,"","",,Slovenian,abeing,2022-05-05T18:05:21Z
164439,črni grahor,sl,"","",,Slovenian,Alenka Mihoric,2022-05-06T09:58:04Z
57470,Dolgolistna naglavka,sl,"","",,Slovenian,Alenka Mihoric,2022-05-06T10:02:52Z
50830,preraslolistna riža,sl,"","",,Slovenian,Alenka Mihoric,2022-05-06T10:47:43Z
57495,pikasti pisanček,sl,"","",,Slovenian,Alenka Mihoric,2022-05-06T10:48:29Z
1277891,brek,sl,"","",,Slovenian,Alenka Mihoric,2022-05-06T10:49:01Z
61012,arabska meteljka,sl,"","",,Slovenian,Alenka Mihoric,2022-05-06T10:49:42Z
318952,Navadna medenika,sl,"","",,Slovenian,Alenka Mihoric,2022-05-06T10:50:23Z
326195,bela zebrovka,sl,"","",,Slovenian,Alenka Mihoric,2022-05-06T10:52:59Z
346413,južna sladka koreninica,sl,"","",,Slovenian,Alenka Mihoric,2022-05-06T10:56:47Z
523422,čopasto ptičje mleko,sl,"","",,Slovenian,Alenka Mihoric,2022-05-06T10:57:39Z
13079,mali slavec,sl,"","",,Slovenian,Alenka Mihoric,2022-05-06T10:58:59Z
326884,žitna stenica,sl,"","",,Slovenian,Alenka Mihoric,2022-05-06T10:59:48Z
76202,navadni koprivovec,sl,"","",,Slovenian,Alenka Mihoric,2022-05-06T11:00:22Z
57281,razrasla krišina,sl,"","",,Slovenian,Alenka Mihoric,2022-05-06T11:01:01Z
52801,trpežna ljuljka,sl,"","",,Slovenian,Alenka Mihoric,2022-05-06T11:01:49Z
543705,ščitasta stenica,sl,"","",,Slovenian,Alenka Mihoric,2022-05-06T17:28:06Z
77971,drobna meteljka,sl,"","",,Slovenian,Alenka Mihoric,2022-05-06T17:29:28Z
12038,Rjavi srakoper,sl,"","",,Slovenian,abeing,2022-05-07T10:14:04Z
7009,Njivska gos,sl,"","",,Slovenian,abeing,2022-05-07T10:29:01Z
17669,Triprsti detel,sl,"","",,Slovenian,abeing,2022-05-07T11:44:06Z
4647,Sokol selec,sl,"","",,Slovenian,abeing,2022-05-07T17:23:53Z
18301,Siva žolna,sl,"","",,Slovenian,abeing,2022-05-07T17:24:41Z
53021,Njivski slak,sl,"","",,Slovenian,abeing,2022-05-07T20:26:58Z
4994,Čopasta čaplja,sl,"","",,Slovenian,abeing,2022-05-08T07:28:11Z
204552,Krekovt,sl,"","",,Slovenian,abeing,2022-05-08T09:11:45Z
51135,Lovkasta mrežnica,sl,"","",,Slovenian,abeing,2022-05-08T20:18:42Z
117000,Brkata sinica,sl,"","",,Slovenian,abeing,2022-05-08T20:39:40Z
6916,Labod pevec,sl,"","",,Slovenian,abeing,2022-05-09T16:37:01Z
132616,Navadni alpski zvonček,sl,"","",,Slovenian,abeing,2022-05-09T18:46:16Z
792977,Mali detel,sl,"","",,Slovenian,abeing,2022-05-09T18:47:31Z
55048,Navadni čebelji volkec,sl,"","",,Slovenian,abeing,2022-05-09T18:56:45Z
47144,Domači pes,sl,"","",,Slovenian,abeing,2022-05-09T19:01:58Z
5379,Brkati ser,sl,"","",,Slovenian,abeing,2022-05-09T19:34:23Z
6914,Črni labod,sl,"","",,Slovenian,abeing,2022-05-09T19:38:00Z
4356,Sivi galeb,sl,"","",,Slovenian,abeing,2022-05-09T20:00:31Z
57643,škrlatnordeča krvomočnica,sl,"","",,Slovenian,Alenka Mihoric,2022-05-12T18:57:18Z
487703,svilnata košeničica,sl,"","",,Slovenian,Alenka Mihoric,2022-05-12T18:57:51Z
126536,kosmičasti lučnik,sl,"","",,Slovenian,Alenka Mihoric,2022-05-12T18:59:32Z
543324,skarabej,sl,"","",,Slovenian,Alenka Mihoric,2022-05-12T19:00:30Z
472829,smaragdni govnač,sl,"","",,Slovenian,Alenka Mihoric,2022-05-12T19:01:27Z
78874,avstrijska potočarka,sl,"","",,Slovenian,Alenka Mihoric,2022-05-12T19:02:30Z
1091349,srebrni trpotec,sl,"","",,Slovenian,Alenka Mihoric,2022-05-12T19:23:17Z
82954,pasja črnobina,sl,"","",,Slovenian,Alenka Mihoric,2022-05-12T19:24:22Z
440310,polegla meteljka,sl,"","",,Slovenian,Alenka Mihoric,2022-05-12T19:26:27Z
359483,sinjezelena trinija,sl,"","",,Slovenian,Alenka Mihoric,2022-05-12T19:27:15Z
514971,zlatolaska,sl,"","",,Slovenian,Alenka Mihoric,2022-05-12T19:44:38Z
335875,gredljasti trpotec,sl,"","",,Slovenian,Alenka Mihoric,2022-05-12T19:46:29Z
204348,navadni železnik,sl,"","",,Slovenian,Alenka Mihoric,2022-05-12T19:48:43Z
57163,jalovi glistnik,sl,"","",,Slovenian,Alenka Mihoric,2022-05-12T19:52:38Z
77663,poljska draguša,sl,"","",,Slovenian,Alenka Mihoric,2022-05-12T19:55:03Z
61454,dišeči salomonov pečat,sl,"","",,Slovenian,Alenka Mihoric,2022-05-12T19:58:50Z
217763,Pikčasta beluševka,sl,"","",,Slovenian,Alenka Mihoric,2022-05-12T20:00:59Z
119822,dlakavi repnjak,sl,"","",,Slovenian,Alenka Mihoric,2022-05-12T20:01:53Z
450818,bela vijolica,sl,"","",https://www.inaturalist.org/taxon_names/2891125/edit,Slovenian,,2022-05-13T02:44:12Z
84298,Navadni divji kostanj,sl,"","",,Slovenian,abeing,2022-05-13T19:29:35Z
54327,Evropski sršen,sl,"","",,Slovenian,abeing,2022-05-13T19:31:27Z
740984,Kukavičja lučca,sl,"","",,Slovenian,abeing,2022-05-14T14:42:30Z
205712,hrastova čipkarka,sl,"","",,Slovenian,Alenka Mihoric,2022-05-14T18:12:20Z
890874,polstenoplodni šaš,sl,"","",,Slovenian,Alenka Mihoric,2022-05-14T18:14:33Z
133005,navadna črnoga,sl,"","",,Slovenian,Alenka Mihoric,2022-05-14T18:15:21Z
54436,malinjak,sl,"","",,Slovenian,Alenka Mihoric,2022-05-14T18:16:51Z
57453,ozkočeladasta preobjeda,sl,"","",,Slovenian,Alenka Mihoric,2022-05-14T18:19:03Z
324630,čremsin zapredkar,sl,"","",,Slovenian,Alenka Mihoric,2022-05-14T18:22:12Z
361312,Vzhodna travniška kozja brada,sl,"","",,Slovenian,abeing,2022-05-14T21:52:20Z
1289604,vranjek,sl,"","",https://www.inaturalist.org/taxon_names/2693697/edit,Slovenian,max kirsch,2022-05-15T02:58:35Z
131617,koprivolistni jetičnik,sl,"","",,Slovenian,Alenka Mihoric,2022-05-16T09:01:49Z
55932,rdečejagodasti bluščec,sl,"","",,Slovenian,Alenka Mihoric,2022-05-16T09:03:41Z
61329,Trizoba kukavica,sl,"","",,Slovenian,Alenka Mihoric,2022-05-16T09:04:40Z
42357,Alpski kozorog,sl,"","",,Slovenian,abeing,2022-05-17T15:53:04Z
125563,mali kresničar,sl,"","",,Slovenian,Alenka Mihoric,2022-05-18T13:06:50Z
62338,navadna pijavčnica,sl,"","",,Slovenian,Alenka Mihoric,2022-05-18T18:01:01Z
337907,vratičev lepenec,sl,"","",,Slovenian,Alenka Mihoric,2022-05-18T18:01:42Z
1330161,hruška drobnica,sl,"","",,Slovenian,Alenka Mihoric,2022-05-18T18:05:24Z
55441,navadna turška detelja,sl,"","",,Slovenian,Alenka Mihoric,2022-05-18T18:10:12Z
400463,pikčastoplodni šaš,sl,"","",,Slovenian,Alenka Mihoric,2022-05-18T18:14:35Z
53075,nacepljenolistna krvomočnica,sl,"","",,Slovenian,Alenka Mihoric,2022-05-18T18:15:52Z
161116,dvoletni dimek,sl,"","",,Slovenian,Alenka Mihoric,2022-05-18T18:16:37Z
320288,rdeča sneženka,sl,"","",,Slovenian,Alenka Mihoric,2022-05-18T18:17:16Z
461111,navadna pljunkarica,sl,"","",,Slovenian,Alenka Mihoric,2022-05-18T18:17:58Z
132875,navadni pisanček,sl,"","",,Slovenian,Alenka Mihoric,2022-05-18T18:18:41Z
84280,predivec,sl,"","",,Slovenian,Alenka Mihoric,2022-05-18T18:19:14Z
85484,rumeni šaš,sl,"","",,Slovenian,Alenka Mihoric,2022-05-18T18:21:18Z
51809,okroglolistna pijavčnica,sl,"","",,Slovenian,Alenka Mihoric,2022-05-18T18:22:06Z
123816,navadni frfotavček,sl,"","",,Slovenian,Alenka Mihoric,2022-05-18T18:23:00Z
61781,rjasti vihravček,sl,"","",,Slovenian,Alenka Mihoric,2022-05-18T18:24:16Z
403427,Navadna ivanjščica,sl,"","",,Slovenian,Alenka Mihoric,2022-05-18T18:25:14Z
53195,mala kislica,sl,"","",,Slovenian,Alenka Mihoric,2022-05-18T18:25:53Z
53104,navadni svinjak,sl,"","",,Slovenian,Alenka Mihoric,2022-05-18T18:26:28Z
75583,visoka pahovka,sl,"","",,Slovenian,Alenka Mihoric,2022-05-18T18:27:15Z
141184,mlahavi šaš,sl,"","",,Slovenian,Alenka Mihoric,2022-05-18T18:54:54Z
208852,gozdna zvezdica,sl,"","",,Slovenian,Alenka Mihoric,2022-05-18T18:56:15Z
76721,navadna glistovnica,sl,"","",,Slovenian,Alenka Mihoric,2022-05-18T18:58:00Z
840769,Zahlbrucknerjev repuš,sl,"","",,Slovenian,Alenka Mihoric,2022-05-18T19:01:42Z
79460,goli repnjak,sl,"","",,Slovenian,Alenka Mihoric,2022-05-18T19:20:32Z
62396,mala zijalka,sl,"","",,Slovenian,Alenka Mihoric,2022-05-18T19:21:23Z
124138,kimasta lepnica,sl,"","",,Slovenian,Alenka Mihoric,2022-05-18T19:22:12Z
52856,navadni pelin,sl,"","",,Slovenian,Alenka Mihoric,2022-05-18T19:22:57Z
52669,navadna podborka,sl,"","",,Slovenian,Alenka Mihoric,2022-05-18T19:24:46Z
336671,Razrasla spominčica,sl,"","",,Slovenian,Alenka Mihoric,2022-05-18T19:25:18Z
49365,previsni šaš,sl,"","",,Slovenian,Alenka Mihoric,2022-05-18T19:25:55Z
165390,razprostrta prosulja,sl,"","",,Slovenian,Alenka Mihoric,2022-05-18T19:26:44Z
49005,rdeči hrast,sl,"","",,Slovenian,Alenka Mihoric,2022-05-18T19:44:11Z
741459,navadna smolnica,sl,"","",,Slovenian,Alenka Mihoric,2022-05-18T19:45:21Z
64268,Inkarnatka,sl,"","",,Slovenian,abeing,2022-05-20T17:03:34Z
343020,Italijanski slepec,sl,"","",,Slovenian,abeing,2022-05-20T17:07:46Z
43128,Poljski zajec,sl,"","",,Slovenian,abeing,2022-05-20T17:21:43Z
1393199,obirski grobeljnik,sl,"","",,Slovenian,Alenka Mihoric,2022-05-20T18:54:13Z
327167,mlečkova stenica,sl,"","",,Slovenian,Alenka Mihoric,2022-05-21T18:43:46Z
147332,rjava trnovka,sl,"","",,Slovenian,Alenka Mihoric,2022-05-22T06:58:12Z
334611,vitezovka,sl,"","",,Slovenian,Alenka Mihoric,2022-05-22T06:58:48Z
430052,ščitasta stenica,sl,"","",,Slovenian,Alenka Mihoric,2022-05-22T06:59:23Z
461120,rdeči nosan,sl,"","",,Slovenian,Alenka Mihoric,2022-05-22T07:00:09Z
546357,črtasta pižamarka,sl,"","",,Slovenian,Alenka Mihoric,2022-05-22T07:00:42Z
872134,kosteničeva ostrorobka,sl,"","",,Slovenian,Alenka Mihoric,2022-05-22T07:01:17Z
51666,ščitasta stenica,sl,"","",,Slovenian,Alenka Mihoric,2022-05-22T07:03:19Z
451784,Rdeča krempljarka,sl,"","",,Slovenian,Alenka Mihoric,2022-05-22T07:04:25Z
506684,travniška stenica,sl,"","",,Slovenian,Alenka Mihoric,2022-05-22T07:05:02Z
326896,lanikovec,sl,"","",,Slovenian,Alenka Mihoric,2022-05-22T07:05:36Z
887559,opasanka,sl,"","",,Slovenian,Alenka Mihoric,2022-05-22T07:07:34Z
61967,polpikčasta pižamarka,sl,"","",,Slovenian,Alenka Mihoric,2022-05-22T07:10:03Z
51707,steklokrila stenica,sl,"","",,Slovenian,Alenka Mihoric,2022-05-22T07:10:40Z
67771,storževa listonožka,sl,"","",,Slovenian,Alenka Mihoric,2022-05-22T07:11:20Z
502571,piratska roparska stenica,sl,"","",,Slovenian,Alenka Mihoric,2022-05-22T07:11:58Z
209661,rjava lipovka,sl,"","",,Slovenian,Alenka Mihoric,2022-05-22T07:12:31Z
82619,navadni upognjeni kačnik,sl,"","",,Slovenian,Alenka Mihoric,2022-05-22T08:01:04Z
81698,grški bodeči mleček,sl,"","",,Slovenian,Alenka Mihoric,2022-05-22T08:02:01Z
52734,ostrica,sl,"","",,Slovenian,Alenka Mihoric,2022-05-22T08:03:53Z
481479,rdeča zobnica,sl,"","",,Slovenian,Alenka Mihoric,2022-05-22T09:15:26Z
497526,rumena zobnica,sl,"","",,Slovenian,Alenka Mihoric,2022-05-22T09:15:54Z
311358,mnogocvetna resa,sl,"","",,Slovenian,Alenka Mihoric,2022-05-22T09:16:56Z
82601,grmasta prerast,sl,"","",,Slovenian,Alenka Mihoric,2022-05-22T09:18:09Z
166253,vretenčasti ušivec,sl,"","",,Slovenian,Alenka Mihoric,2022-05-22T17:43:44Z
448070,šopasta zvončica,sl,"","",,Slovenian,Alenka Mihoric,2022-05-22T17:45:10Z
85431,omejelistna zlatica,sl,"","",,Slovenian,Alenka Mihoric,2022-05-22T17:49:00Z
116999,Ribji orel,sl,"","",,Slovenian,abeing,2022-05-22T18:08:30Z
2599,Vodomec,sl,"","",,Slovenian,abeing,2022-05-23T06:15:55Z
5309,Belorepec,sl,"","",,Slovenian,abeing,2022-05-23T19:41:30Z
84328,Prava lakota,sl,"","",,Slovenian,abeing,2022-05-25T20:09:45Z
26904,Smokulja,sl,"","",,Slovenian,abeing,2022-05-25T20:13:56Z
74009,Navadni gož,sl,"","",,Slovenian,abeing,2022-05-26T20:46:22Z
5325,Sršenar,sl,"","",,Slovenian,abeing,2022-05-29T19:15:26Z
59944,močvirski meček,sl,"","",,Slovenian,Alenka Mihoric,2022-05-29T20:38:32Z
125815,Grmiščni okarček,sl,"","",,Slovenian,Alenka Mihoric,2022-05-29T20:40:55Z
327207,cvetna grabežljivka,sl,"","",,Slovenian,Alenka Mihoric,2022-05-29T20:41:48Z
47961,kozlički,sl,"","",,Slovenian,Alenka Mihoric,2022-05-29T20:42:26Z
836812,lasasta črvinka,sl,"","",,Slovenian,Alenka Mihoric,2022-05-29T20:42:55Z
124403,koničastokrili kozliček,sl,"","",,Slovenian,Alenka Mihoric,2022-05-30T09:22:00Z
170025,rumenkasti ovsenec,sl,"","",,Slovenian,Alenka Mihoric,2022-05-30T21:27:54Z
124485,navadna črnobina,sl,"","",,Slovenian,Alenka Mihoric,2022-05-30T21:28:27Z
61862,velika pljunkarica,sl,"","",,Slovenian,Alenka Mihoric,2022-05-30T21:29:10Z
416809,topolovka,sl,"","",,Slovenian,Alenka Mihoric,2022-05-30T21:29:59Z
398616,velika škrbinkina listna uš,sl,"","",,Slovenian,Alenka Mihoric,2022-05-30T21:32:53Z
547809,hieroglifni lepenec,sl,"","",,Slovenian,Alenka Mihoric,2022-05-30T21:34:38Z
354819,sršenar,sl,"","",,Slovenian,Alenka Mihoric,2022-05-30T21:35:28Z
48736,rilčkarji,sl,"","",,Slovenian,Alenka Mihoric,2022-05-30T21:36:12Z
64346,Kobranka,sl,"","",,Slovenian,abeing,2022-05-31T06:57:19Z
204335,klobčasto ločje,sl,"","",,Slovenian,Alenka Mihoric,2022-05-31T13:11:17Z
326739,kovinski dolgotipalkar,sl,"","",,Slovenian,Alenka Mihoric,2022-05-31T13:12:15Z
435637,močvirska kukavica,sl,"","",,Slovenian,Alenka Mihoric,2022-05-31T13:12:51Z
133012,Piramidasti skrečnik,sl,"","",,Slovenian,abeing,2022-06-01T16:17:41Z
4450,Navadna čigra,sl,"","",,Slovenian,abeing,2022-06-01T16:20:22Z
74113,Domače govedo,sl,"","",,Slovenian,abeing,2022-06-01T16:21:01Z
773804,Hitlerjev Brezokec,sl,"","",,Slovenian,Ramóna Molnár,2022-06-02T17:03:32Z
63848,bleda naglavka,sl,"","",,Slovenian,Alenka Mihoric,2022-06-03T13:20:11Z
132997,pomladni tratar,sl,"","",,Slovenian,Alenka Mihoric,2022-06-03T13:20:45Z
122375,lisasti debeloglavec,sl,"","",,Slovenian,Alenka Mihoric,2022-06-03T13:21:14Z
512480,obirska sivica,sl,"","",,Slovenian,Alenka Mihoric,2022-06-03T13:21:50Z
123625,velecvetni naprstec,sl,"","",,Slovenian,Alenka Mihoric,2022-06-03T13:23:46Z
129020,zdravilni jetičnik,sl,"","",,Slovenian,Alenka Mihoric,2022-06-03T13:24:34Z
154474,ilirski lepenec,sl,"","",,Slovenian,Alenka Mihoric,2022-06-03T13:25:37Z
133154,rjavi šekavček,sl,"","",,Slovenian,Alenka Mihoric,2022-06-03T13:26:15Z
139079,navadna prevezanka,sl,"","",,Slovenian,Alenka Mihoric,2022-06-03T13:26:49Z
160162,navadna kumina,sl,"","",,Slovenian,Alenka Mihoric,2022-06-03T13:27:30Z
447849,čopasta grebenuša,sl,"","",,Slovenian,Alenka Mihoric,2022-06-03T13:28:28Z
60083,resasti škrobotec,sl,"","",,Slovenian,Alenka Mihoric,2022-06-03T13:30:55Z
1062290,Bauhinova škržolica,sl,"","",,Slovenian,Alenka Mihoric,2022-06-03T13:33:36Z
159458,pokončni stoklasec,sl,"","",,Slovenian,Alenka Mihoric,2022-06-03T13:35:32Z
288251,navadna smiljica,sl,"","",,Slovenian,Alenka Mihoric,2022-06-03T13:39:38Z
497934,volnati lučnik,sl,"","",,Slovenian,Alenka Mihoric,2022-06-03T13:41:49Z
908741,bavarska lanika,sl,"","",,Slovenian,Alenka Mihoric,2022-06-03T13:43:52Z
52592,gozdni pegavček,sl,"","",,Slovenian,Alenka Mihoric,2022-06-03T13:45:51Z
336274,lepki osat,sl,"","",,Slovenian,Alenka Mihoric,2022-06-03T13:49:59Z
158194,divji luk,sl,"","",,Slovenian,Alenka Mihoric,2022-06-03T13:52:47Z
123661,Mravlji vrečkar,sl,"","",,Slovenian,abeing,2022-06-04T09:45:58Z
45763,Pižmovka,sl,"","",,Slovenian,abeing,2022-06-04T09:48:29Z
135727,Rušje,sl,"","",,Slovenian,abeing,2022-06-05T20:29:14Z
1092852,Kernerjev mošnjak,sl,"","",,Slovenian,Alenka Mihoric,2022-06-05T21:16:55Z
322024,mali spreminjavček,sl,"","",,Slovenian,Alenka Mihoric,2022-06-07T20:13:06Z
61429,močvirski lebduh,sl,"","",,Slovenian,Alenka Mihoric,2022-06-07T20:14:09Z
75911,žitna stoklasa,sl,"","",,Slovenian,Alenka Mihoric,2022-06-07T20:16:34Z
60017,navadna haljica,sl,"","",,Slovenian,Alenka Mihoric,2022-06-07T20:30:23Z
76603,trizoba oklasnica,sl,"","",,Slovenian,Alenka Mihoric,2022-06-07T20:34:13Z
67661,rdečkasta mušnica,sl,"","",,Slovenian,Alenka Mihoric,2022-06-07T20:36:06Z
57481,navadni plotni slak,sl,"","",,Slovenian,Alenka Mihoric,2022-06-07T20:37:04Z
53266,navadni dihnik,sl,"","",,Slovenian,Alenka Mihoric,2022-06-07T20:37:49Z
77965,prava kamilica,sl,"","",,Slovenian,Alenka Mihoric,2022-06-07T20:38:42Z
1321683,travniška vešča,sl,"","",https://www.inaturalist.org/taxon_names/2621369/edit,Slovenian,,2022-06-08T08:19:45Z
12908,Repaljščica,sl,"","",,Slovenian,abeing,2022-06-08T12:02:03Z
61295,Glogova belinka,sl,"","",,Slovenian,abeing,2022-06-08T12:10:12Z
77676,virginijska draguša,sl,"","",,Slovenian,Alenka Mihoric,2022-06-08T20:58:12Z
57066,navadna medena detelja,sl,"","",,Slovenian,Alenka Mihoric,2022-06-08T20:59:07Z
69930,nežno ločje,sl,"","",,Slovenian,Alenka Mihoric,2022-06-08T20:59:39Z
131846,črni ploščec,sl,"","",,Slovenian,Alenka Mihoric,2022-06-08T21:00:19Z
57850,rumeni blatnik,sl,"","",,Slovenian,Alenka Mihoric,2022-06-08T21:01:20Z
497672,podolgasta lakota,sl,"","",,Slovenian,Alenka Mihoric,2022-06-08T21:01:52Z
181927,peterolistna vinika,sl,"","",,Slovenian,Alenka Mihoric,2022-06-08T21:02:34Z
5366,Beloglavi jastreb,sl,"","",,Slovenian,abeing,2022-06-09T08:17:07Z
60076,navadni črnilec,sl,"","",,Slovenian,Alenka Mihoric,2022-06-09T10:30:47Z
107954,mali modrač,sl,"","",,Slovenian,Alenka Mihoric,2022-06-09T10:31:18Z
55746,cvetni pajek,sl,"","",,Slovenian,Alenka Mihoric,2022-06-09T10:32:28Z
60015,brkati klinček,sl,"","",,Slovenian,Alenka Mihoric,2022-06-09T10:33:14Z
145300,Brezovček,sl,"","",,Slovenian,abeing,2022-06-11T06:45:55Z
189380,Scopolijev repnjak,sl,"","",,Slovenian,Alenka Mihoric,2022-06-11T20:48:11Z
202776,škrlatni ovnič,sl,"","",,Slovenian,Alenka Mihoric,2022-06-11T21:08:00Z
102800,rjasti gozdnik,sl,"","",,Slovenian,Alenka Mihoric,2022-06-11T21:08:35Z
208979,hrastov repkar,sl,"","",,Slovenian,Alenka Mihoric,2022-06-11T21:09:53Z
245656,rdeči rakovičar,sl,"","",,Slovenian,Alenka Mihoric,2022-06-11T21:11:09Z
140593,jadranska smrdljiva kukavica,sl,"","",,Slovenian,Alenka Mihoric,2022-06-11T21:13:46Z
326491,oranžnolisi cevkar,sl,"","",,Slovenian,Alenka Mihoric,2022-06-11T21:14:37Z
58533,senožetnik,sl,"","",,Slovenian,Alenka Mihoric,2022-06-11T21:15:15Z
335502,drobnolistni lan,sl,"","",,Slovenian,Alenka Mihoric,2022-06-11T21:17:03Z
61297,trpežna ločika,sl,"","",,Slovenian,Alenka Mihoric,2022-06-11T21:19:36Z
336217,piramidasta zvončica,sl,"","",,Slovenian,Alenka Mihoric,2022-06-11T21:20:12Z
933555,dolgonoga zelenolistka,sl,"","",,Slovenian,Alenka Mihoric,2022-06-11T21:20:50Z
334574,bleda obloglavka,sl,"","",,Slovenian,Alenka Mihoric,2022-06-11T21:21:39Z
9192,plotni strnad,sl,"","",,Slovenian,Alenka Mihoric,2022-06-11T21:22:16Z
489092,skalna krhlika,sl,"","",,Slovenian,Alenka Mihoric,2022-06-11T21:22:58Z
487708,peščena turška detelja,sl,"","",,Slovenian,Alenka Mihoric,2022-06-11T21:26:06Z
486130,krvavordeči klinček,sl,"","",,Slovenian,Alenka Mihoric,2022-06-11T21:29:10Z
524005,ilirsko grabljišče,sl,"","",,Slovenian,Alenka Mihoric,2022-06-11T21:31:19Z
861379,hrustavkasti dimek,sl,"","",,Slovenian,Alenka Mihoric,2022-06-11T21:32:35Z
897631,malocvetna španska detelja,sl,"","",,Slovenian,Alenka Mihoric,2022-06-11T21:34:59Z
160282,Triumfettijev glavinec,sl,"","",,Slovenian,Alenka Mihoric,2022-06-11T21:37:06Z
60090,kraški črnilec,sl,"","",,Slovenian,Alenka Mihoric,2022-06-11T21:39:41Z
55783,dlakavi pelodar,sl,"","",,Slovenian,Alenka Mihoric,2022-06-12T18:43:30Z
62321,pegasti vitki kozliček,sl,"","",,Slovenian,Alenka Mihoric,2022-06-12T18:44:00Z
58755,krhka priščanica,sl,"","",,Slovenian,Alenka Mihoric,2022-06-12T18:44:42Z
85444,okroglolistni kamnokreč,sl,"","",,Slovenian,Alenka Mihoric,2022-06-12T18:45:34Z
850784,češki dresnik,sl,"","",,Slovenian,Alenka Mihoric,2022-06-12T18:46:30Z
60132,Njivski osat,sl,"","",,Slovenian,abeing,2022-06-12T20:50:08Z
3931,Sloka,sl,"","",,Slovenian,abeing,2022-06-13T05:06:13Z
57421,lepljivi lan,sl,"","",,Slovenian,Alenka Mihoric,2022-06-13T11:13:06Z
62498,šentjakobov grint,sl,"","",,Slovenian,Alenka Mihoric,2022-06-13T11:14:16Z
493437,planinski slizek,sl,"","",,Slovenian,Alenka Mihoric,2022-06-13T11:14:56Z
335895,razkrečena kozja češnja,sl,"","",,Slovenian,Alenka Mihoric,2022-06-13T11:16:09Z
62083,navadna ivanjščica,sl,"","",,Slovenian,Alenka Mihoric,2022-06-13T11:16:39Z
487690,vitki kozliček,sl,"","",,Slovenian,Alenka Mihoric,2022-06-13T11:17:27Z
245754,glavičasti repuš,sl,"","",,Slovenian,Alenka Mihoric,2022-06-13T11:17:58Z
133392,pokončni srobot,sl,"","",,Slovenian,Alenka Mihoric,2022-06-13T11:18:26Z
514183,raznolistna ivanjščica,sl,"","",,Slovenian,Alenka Mihoric,2022-06-13T11:19:33Z
83816,čebeljeliko mačje uho,sl,"","",,Slovenian,Alenka Mihoric,2022-06-13T11:20:49Z
132317,travni medvedek,sl,"","",,Slovenian,Alenka Mihoric,2022-06-13T11:21:46Z
1303140,listni zavijač,sl,"","",https://www.inaturalist.org/taxon_names/2651077/edit,Slovenian,,2022-06-14T18:07:17Z
55643,koprivov pajčevinar,sl,"","",,Slovenian,Alenka Mihoric,2022-06-14T18:14:06Z
204565,rumena smrekova uš šiškarica,sl,"","",,Slovenian,Alenka Mihoric,2022-06-14T18:15:29Z
56163,Navadni sporiš,sl,"","",,Slovenian,abeing,2022-06-14T20:20:50Z
39867,Močvirska sklednica,sl,"","",,Slovenian,abeing,2022-06-15T20:26:34Z
56228,Alpski kozliček,sl,"","",,Slovenian,abeing,2022-06-16T06:50:24Z
8349,Planinska vrana,sl,"","",,Slovenian,abeing,2022-06-17T12:03:23Z
76007,kimasti bodak,sl,"","",,Slovenian,Alenka Mihoric,2022-06-17T15:12:13Z
52792,pirnica,sl,"","",,Slovenian,Alenka Mihoric,2022-06-17T15:12:57Z
59281,beli rakovičar,sl,"","",,Slovenian,Alenka Mihoric,2022-06-17T15:13:27Z
448088,navadna koromačnica,sl,"","",,Slovenian,Alenka Mihoric,2022-06-17T15:14:06Z
1262450,nasršeni oman,sl,"","",,Slovenian,Alenka Mihoric,2022-06-17T15:16:34Z
333926,skalni glavinec,sl,"","",,Slovenian,Alenka Mihoric,2022-06-17T15:18:18Z
521810,češljasti glavinec,sl,"","",,Slovenian,Alenka Mihoric,2022-06-17T15:23:42Z
371661,Chaixov lučnik,sl,"","",,Slovenian,Alenka Mihoric,2022-06-17T15:25:02Z
476193,veronska prerast,sl,"","",,Slovenian,Alenka Mihoric,2022-06-17T15:28:01Z
52436,mali vitki kozliček,sl,"","",,Slovenian,Alenka Mihoric,2022-06-17T15:30:25Z
56846,njivska oklobnica,sl,"","",,Slovenian,Alenka Mihoric,2022-06-17T15:32:21Z
489615,križasti pšenični hrošč,sl,"","",,Slovenian,Alenka Mihoric,2022-06-17T15:33:54Z
130322,nosan,sl,"","",,Slovenian,Alenka Mihoric,2022-06-17T15:34:44Z
75371,vinograjski luk,sl,"","",,Slovenian,Alenka Mihoric,2022-06-17T15:36:41Z
124550,siva mesarska muha,sl,"","",,Slovenian,Alenka Mihoric,2022-06-18T10:42:46Z
204260,navadna šašulica,sl,"","",,Slovenian,Alenka Mihoric,2022-06-18T10:43:21Z
62456,oranžna sneženka,sl,"","",,Slovenian,Alenka Mihoric,2022-06-18T10:46:32Z
75487,navadni srakoperec,sl,"","",,Slovenian,Alenka Mihoric,2022-06-18T10:47:09Z
107949,sinji modrač,sl,"","",,Slovenian,Alenka Mihoric,2022-06-18T10:50:55Z
55893,Navadni repik,sl,"","",,Slovenian,abeing,2022-06-20T14:12:39Z
48685,Širokolistni rogoz,sl,"","",,Slovenian,abeing,2022-06-24T19:51:00Z
109062,Navadni ostriž,sl,"","",,Slovenian,abeing,2022-06-24T19:52:26Z
891045,gorski dimek,sl,"","",,Slovenian,Alenka Mihoric,2022-06-26T09:41:23Z
123920,mali rogač,sl,"","",,Slovenian,Alenka Mihoric,2022-06-27T08:08:14Z
5074,planinski orel,sl,"","",,Slovenian,Alenka Mihoric,2022-06-27T08:08:48Z
210266,pirenejska zlatica,sl,"","",,Slovenian,Alenka Mihoric,2022-06-27T20:30:16Z
488897,velecvetni petoprstnik,sl,"","",,Slovenian,Alenka Mihoric,2022-06-27T20:30:55Z
169007,avstrijski dihnik,sl,"","",,Slovenian,Alenka Mihoric,2022-06-27T20:34:17Z
50831,moknati jeglič,sl,"","",,Slovenian,Alenka Mihoric,2022-06-27T20:36:06Z
470430,Lobelova čmerika,sl,"","",,Slovenian,Alenka Mihoric,2022-06-27T20:38:55Z
48152,navadni pasji jezik,sl,"","",,Slovenian,Alenka Mihoric,2022-06-27T20:45:17Z
56932,predenica,sl,"","",,Slovenian,Alenka Mihoric,2022-06-27T20:46:39Z
133492,majska prstasta kukavica,sl,"","",,Slovenian,Alenka Mihoric,2022-06-27T20:47:24Z
61480,rdeča milnica,sl,"","",,Slovenian,Alenka Mihoric,2022-06-27T20:50:07Z
448069,klasasta zvončica,sl,"","",,Slovenian,Alenka Mihoric,2022-06-27T20:52:00Z
327227,alpski šetrajnik,sl,"","",,Slovenian,Alenka Mihoric,2022-06-27T21:08:33Z
133487,kačja dresen,sl,"","",,Slovenian,Alenka Mihoric,2022-06-27T21:09:51Z
130718,kosmati škrobotec,sl,"","",,Slovenian,Alenka Mihoric,2022-06-27T21:10:59Z
881556,kobulasta vetrnica,sl,"","",,Slovenian,Alenka Mihoric,2022-06-28T08:21:20Z
50853,smiljka,sl,"","",,Slovenian,Alenka Mihoric,2022-06-28T08:23:41Z
67591,alpski kislec,sl,"","",,Slovenian,Alenka Mihoric,2022-06-28T08:24:22Z
366221,rožnati ušivec,sl,"","",,Slovenian,Alenka Mihoric,2022-06-28T08:24:57Z
61519,ledeniški divjakovec,sl,"","",,Slovenian,Alenka Mihoric,2022-06-28T08:25:56Z
483431,rumena bekica,sl,"","",,Slovenian,Alenka Mihoric,2022-06-28T08:28:56Z
487704,vednozeleni grahovec,sl,"","",,Slovenian,Alenka Mihoric,2022-06-28T20:14:01Z
485935,enoletna konjska kumina,sl,"","",,Slovenian,Alenka Mihoric,2022-06-28T20:16:55Z
480315,peresasti glavinec,sl,"","",,Slovenian,Alenka Mihoric,2022-06-28T20:18:36Z
564973,Fleischerjevo ciprje,sl,"","",,Slovenian,Alenka Mihoric,2022-06-28T20:20:44Z
334755,esparzetna grašica,sl,"","",,Slovenian,Alenka Mihoric,2022-06-28T20:21:36Z
486827,potočna krvomočnica,sl,"","",,Slovenian,Alenka Mihoric,2022-06-28T20:23:43Z
59552,navadna pogačica,sl,"","",,Slovenian,Alenka Mihoric,2022-06-28T20:25:24Z
336137,srednja zelenka,sl,"","",,Slovenian,Alenka Mihoric,2022-06-28T20:26:05Z
555268,planinska kislica,sl,"","",,Slovenian,Alenka Mihoric,2022-06-28T20:28:17Z
507134,stajska metlika,sl,"","",,Slovenian,Alenka Mihoric,2022-06-28T20:33:35Z
55910,škržolica,sl,"","",,Slovenian,Alenka Mihoric,2022-06-28T20:37:19Z
47697,vrtna nočnica,sl,"","",,Slovenian,Alenka Mihoric,2022-06-28T20:38:51Z
84349,klobčasta zvončica,sl,"","",,Slovenian,Alenka Mihoric,2022-06-29T21:19:25Z
76647,deltasti klinček,sl,"","",,Slovenian,Alenka Mihoric,2022-06-29T21:19:59Z
48982,mesnordeča prstasta kukavica,sl,"","",,Slovenian,Alenka Mihoric,2022-06-29T21:20:27Z
55750,Potočna sretena,sl,"","",,Slovenian,Alenka Mihoric,2022-06-29T21:21:03Z
84960,kartavžar,sl,"","",,Slovenian,Alenka Mihoric,2022-06-29T21:22:12Z
323773,nemški strojevec,sl,"","",,Slovenian,Alenka Mihoric,2022-06-29T21:23:33Z
130479,alpski planinšček,sl,"","",,Slovenian,Alenka Mihoric,2022-06-29T21:26:19Z
209376,belkaste ročice,sl,"","",,Slovenian,Alenka Mihoric,2022-06-29T21:27:43Z
1187376,snežna detelja,sl,"","",,Slovenian,Alenka Mihoric,2022-06-29T21:29:24Z
53156,črvinka,sl,"","",,Slovenian,Alenka Mihoric,2022-06-29T21:30:26Z
58102,dlakavi kilavec,sl,"","",,Slovenian,Alenka Mihoric,2022-06-29T21:32:31Z
1398484,zlatičnata prerast,sl,"","",,Slovenian,Alenka Mihoric,2022-06-29T21:34:23Z
133070,šopasti ušivec,sl,"","",,Slovenian,Alenka Mihoric,2022-06-29T21:38:11Z
84278,navadni popon,sl,"","",,Slovenian,Alenka Mihoric,2022-06-29T21:42:47Z
85429,gozdna krvomočnica,sl,"","",,Slovenian,Alenka Mihoric,2022-06-29T21:45:15Z
121775,hrastovolistni pajek,sl,"","",,Slovenian,Alenka Mihoric,2022-06-29T22:03:15Z
56165,Lučnik,sl,"","",,Slovenian,abeing,2022-06-30T11:00:51Z
54856,lipa,sl,"","",,Slovenian,Alenka Mihoric,2022-06-30T20:24:04Z
57505,gladež,sl,"","",,Slovenian,Alenka Mihoric,2022-06-30T20:24:31Z
245680,poljski črnilec,sl,"","",,Slovenian,Alenka Mihoric,2022-06-30T20:28:57Z
133395,prava sivka,sl,"","",,Slovenian,Alenka Mihoric,2022-06-30T20:32:31Z
699257,kratkolistna močvirnica,sl,"","",,Slovenian,Alenka Mihoric,2022-06-30T20:33:52Z
338098,siva vrba,sl,"","",,Slovenian,Alenka Mihoric,2022-07-03T08:01:15Z
321952,predalpski petoprstnik,sl,"","",,Slovenian,Alenka Mihoric,2022-07-03T08:01:53Z
162202,navadni bodoglavec,sl,"","",,Slovenian,Alenka Mihoric,2022-07-03T08:03:36Z
363107,montpellierski osat,sl,"","",,Slovenian,Alenka Mihoric,2022-07-03T08:04:50Z
336371,visoki grint,sl,"","",,Slovenian,Alenka Mihoric,2022-07-03T08:05:59Z
53107,pripotna ločika,sl,"","",,Slovenian,Alenka Mihoric,2022-07-03T08:07:53Z
162372,razrasla preslica,sl,"","",,Slovenian,Alenka Mihoric,2022-07-03T08:09:36Z
56158,črna lahkotnica,sl,"","",,Slovenian,Alenka Mihoric,2022-07-03T08:12:34Z
154388,lipov veščec,sl,"","",,Slovenian,Alenka Mihoric,2022-07-03T08:27:54Z
55827,smrdljivi teloh,sl,"","",,Slovenian,Alenka Mihoric,2022-07-03T08:29:08Z
51810,navadni nagnoj,sl,"","",,Slovenian,Alenka Mihoric,2022-07-03T08:30:52Z
56054,ostrokrpa plahtica,sl,"","",,Slovenian,Alenka Mihoric,2022-07-03T19:45:34Z
448155,gadnjakovolistni repuš,sl,"","",,Slovenian,Alenka Mihoric,2022-07-03T19:46:47Z
132432,paradiževka,sl,"","",,Slovenian,Alenka Mihoric,2022-07-03T19:49:38Z
82476,alpska orlica,sl,"","",,Slovenian,Alenka Mihoric,2022-07-03T19:50:33Z
202500,grozdasti kosmuljek,sl,"","",,Slovenian,Alenka Mihoric,2022-07-03T19:57:46Z
133064,alpski lan,sl,"","",,Slovenian,Alenka Mihoric,2022-07-03T20:05:48Z
509946,izbrazdani kamnokreč,sl,"","",,Slovenian,Alenka Mihoric,2022-07-03T20:08:14Z
447878,skalna robida,sl,"","",,Slovenian,Alenka Mihoric,2022-07-03T20:10:12Z
54429,kosmulja,sl,"","",,Slovenian,Alenka Mihoric,2022-07-03T20:12:15Z
108799,gorski apolon,sl,"","",,Slovenian,Alenka Mihoric,2022-07-03T20:14:18Z
133150,okroglolistni gladež,sl,"","",,Slovenian,Alenka Mihoric,2022-07-03T20:17:22Z
485814,resasta peščenka,sl,"","",,Slovenian,Alenka Mihoric,2022-07-05T10:17:18Z
363921,cemprin,sl,"","",,Slovenian,Alenka Mihoric,2022-07-05T10:23:07Z
98286,gorski okarček,sl,"","",,Slovenian,Alenka Mihoric,2022-07-05T10:23:42Z
152956,kljunasti šaš,sl,"","",,Slovenian,Alenka Mihoric,2022-07-05T10:25:14Z
81001,sibirski brin,sl,"","",,Slovenian,Alenka Mihoric,2022-07-05T10:26:53Z
354352,svetlolisi rjavček,sl,"","",,Slovenian,Alenka Mihoric,2022-07-05T21:20:45Z
118844,planinska zlata rozga,sl,"","",,Slovenian,Alenka Mihoric,2022-07-07T19:11:50Z
168651,trpežni mešič,sl,"","",,Slovenian,Alenka Mihoric,2022-07-07T19:15:07Z
167993,bodičasti šipek,sl,"","",,Slovenian,Alenka Mihoric,2022-07-07T19:17:35Z
209586,navadni zlati koren,sl,"","",,Slovenian,Alenka Mihoric,2022-07-07T19:20:27Z
333937,ščitasta kislica,sl,"","",,Slovenian,Alenka Mihoric,2022-07-09T09:05:13Z
207704,močvirski pisanček,sl,"","",,Slovenian,Alenka Mihoric,2022-07-09T09:07:57Z
62187,ovnič,sl,"","",,Slovenian,Alenka Mihoric,2022-07-09T09:08:50Z
49646,ušivec,sl,"","",,Slovenian,Alenka Mihoric,2022-07-09T09:09:35Z
62382,rjavček,sl,"","",,Slovenian,Alenka Mihoric,2022-07-09T09:10:15Z
82740,gozdni grahor,sl,"","",,Slovenian,Alenka Mihoric,2022-07-09T09:10:56Z
551815,Jupitrova lučca,sl,"","",,Slovenian,Alenka Mihoric,2022-07-09T09:12:46Z
167346,Crantzev petoprstnik,sl,"","",,Slovenian,Alenka Mihoric,2022-07-09T09:15:41Z
207575,travniška sivica,sl,"","",,Slovenian,Alenka Mihoric,2022-07-09T09:19:18Z
359468,planinski štrbec,sl,"","",,Slovenian,Alenka Mihoric,2022-07-09T09:22:13Z
163230,snežni svišč,sl,"","",,Slovenian,Alenka Mihoric,2022-07-09T09:24:21Z
57456,srhki šaš,sl,"","",,Slovenian,Alenka Mihoric,2022-07-09T09:26:56Z
133653,mehki osat,sl,"","",,Slovenian,Alenka Mihoric,2022-07-12T18:28:35Z
166879,veliki bedrenec,sl,"","",,Slovenian,Alenka Mihoric,2022-07-12T18:29:10Z
907971,orjaška bilnica,sl,"","",,Slovenian,Alenka Mihoric,2022-07-12T18:31:19Z
416859,robinijev listni zavrtač,sl,"","",,Slovenian,Alenka Mihoric,2022-07-12T20:14:43Z
508151,listni zavrtač robinije,sl,"","",,Slovenian,Alenka Mihoric,2022-07-12T20:16:51Z
48599,navadna barvilnica,sl,"","",,Slovenian,Alenka Mihoric,2022-07-12T20:18:25Z
62339,velecvetni lučnik,sl,"","",,Slovenian,Alenka Mihoric,2022-07-12T20:33:35Z
54050,lasasti dimek,sl,"","",,Slovenian,Alenka Mihoric,2022-07-12T20:34:25Z
158043,navadni steničjak,sl,"","",,Slovenian,Alenka Mihoric,2022-07-12T20:36:30Z
84281,navadna mačja zel,sl,"","",,Slovenian,Alenka Mihoric,2022-07-12T21:13:02Z
51712,črnoplodni mrkač,sl,"","",,Slovenian,Alenka Mihoric,2022-07-12T21:13:47Z
791928,navadna kurja češnjica,sl,"","",,Slovenian,Alenka Mihoric,2022-07-12T21:14:47Z
58907,bela medena detelja,sl,"","",,Slovenian,Alenka Mihoric,2022-07-12T21:16:23Z
58127,bela metlika,sl,"","",,Slovenian,Alenka Mihoric,2022-07-12T21:17:18Z
55359,Temna cvrčalka,sl,"","",,Slovenian,Alenka Mihoric,2022-07-12T21:18:07Z
371660,avstrijski lučnik,sl,"","",,Slovenian,Alenka Mihoric,2022-07-12T21:19:11Z
448153,orjaški silj,sl,"","",,Slovenian,Alenka Mihoric,2022-07-12T21:20:06Z
51843,veliki nadlišček,sl,"","",,Slovenian,Alenka Mihoric,2022-07-12T21:22:25Z
487705,hostna grašica,sl,"","",,Slovenian,Alenka Mihoric,2022-07-12T21:23:13Z
56170,vejicati rogovilček,sl,"","",,Slovenian,Alenka Mihoric,2022-07-12T21:24:09Z
55972,navadna krhlika,sl,"","",,Slovenian,Alenka Mihoric,2022-07-12T21:25:21Z
62067,prodni modrač,sl,"","",,Slovenian,Alenka Mihoric,2022-07-12T21:26:22Z
100408,prodni paškratec,sl,"","",,Slovenian,Alenka Mihoric,2022-07-12T21:27:22Z
78337,lasasto proso,sl,"","",,Slovenian,Alenka Mihoric,2022-07-12T21:29:46Z
159933,razmaknjenoklasi šaš,sl,"","",,Slovenian,Alenka Mihoric,2022-07-12T21:34:00Z
163973,dlakava krčnica,sl,"","",,Slovenian,Alenka Mihoric,2022-07-14T10:13:56Z
501693,bodičasti hrošč,sl,"","",,Slovenian,Alenka Mihoric,2022-07-15T08:36:38Z
52490,kalnica,sl,"","",,Slovenian,Alenka Mihoric,2022-07-15T08:37:39Z
84644,navadni matija,sl,"","",,Slovenian,Alenka Mihoric,2022-07-15T08:38:41Z
470129,medvedek,sl,"","",,Slovenian,Alenka Mihoric,2022-07-15T08:39:29Z
64541,srhki klinček,sl,"","",,Slovenian,Alenka Mihoric,2022-07-15T08:40:10Z
131848,navadni kosmuljek,sl,"","",,Slovenian,Alenka Mihoric,2022-07-15T08:41:27Z
109281,veliki mravljiščar,sl,"","",,Slovenian,Alenka Mihoric,2022-07-15T08:42:47Z
59029,drobnocvetni lučnik,sl,"","",,Slovenian,Alenka Mihoric,2022-07-15T08:45:27Z
906993,Schultesova lakota,sl,"","",,Slovenian,Alenka Mihoric,2022-07-15T08:47:03Z
360154,alpski čišljak,sl,"","",,Slovenian,Alenka Mihoric,2022-07-15T08:52:24Z
75501,navadni repinec,sl,"","",,Slovenian,Alenka Mihoric,2022-07-15T08:54:54Z
76907,kanadska hudoletnica,sl,"","",,Slovenian,Alenka Mihoric,2022-07-15T08:56:47Z
402660,gorska krčnica,sl,"","",,Slovenian,Alenka Mihoric,2022-07-15T08:57:29Z
922459,Divja mačka,sl,"","",,Slovenian,abeing,2022-07-15T12:52:19Z
858297,Navadna tenčičarica,sl,"","",,Slovenian,abeing,2022-07-15T12:59:39Z
192382,Zoisova zvončica,sl,"","",,Slovenian,abeing,2022-07-15T14:15:12Z
169900,Vodni orešek,sl,"","",,Slovenian,abeing,2022-07-15T14:16:42Z
4643,Škrjančar,sl,"","",,Slovenian,abeing,2022-07-15T14:19:27Z
966698,Navadni gad,sl,"","",,Slovenian,abeing,2022-07-15T14:27:44Z
47518,Potočna postrv,sl,"","",,Slovenian,abeing,2022-07-15T20:13:04Z
949888,Triglavska neboglasnica,sl,"","",,Slovenian,abeing,2022-07-15T20:13:59Z
517650,Traunfellnerjeva zlatica,sl,"","",,Slovenian,abeing,2022-07-15T20:14:23Z
485739,Navadni slečnik,sl,"","",,Slovenian,abeing,2022-07-15T20:14:43Z
516455,Rebrinčevolistna hladnikovka,sl,"","",,Slovenian,abeing,2022-07-15T20:15:07Z
474544,Nizki svišč,sl,"","",,Slovenian,abeing,2022-07-15T20:15:23Z
418805,Einselejeva orlica,sl,"","",,Slovenian,abeing,2022-07-15T20:15:45Z
53183,Toga zajčja deteljica,sl,"","",,Slovenian,abeing,2022-07-16T17:15:31Z
55971,Navadni vratič,sl,"","",,Slovenian,abeing,2022-07-17T20:33:11Z
55886,Enoletna srebrenka,sl,"","",,Slovenian,abeing,2022-07-17T20:37:33Z
51671,Navadni klop,sl,"","",,Slovenian,abeing,2022-07-20T17:32:56Z
1110513,vrbovolistni oman,sl,"","",,Slovenian,Alenka Mihoric,2022-07-22T10:14:21Z
1005529,usnjati silj,sl,"","",,Slovenian,Alenka Mihoric,2022-07-22T10:14:49Z
359459,širokolistna koščica,sl,"","",,Slovenian,Alenka Mihoric,2022-07-22T10:17:53Z
113525,krvavordeči kamenjak,sl,"","",,Slovenian,Alenka Mihoric,2022-07-22T10:18:26Z
124145,modra lesna čebela,sl,"","",,Slovenian,Alenka Mihoric,2022-07-22T10:19:35Z
124488,zelena pazverca,sl,"","",,Slovenian,Alenka Mihoric,2022-07-22T10:20:12Z
167973,divja potočarka,sl,"","",,Slovenian,Alenka Mihoric,2022-07-22T10:20:57Z
82730,navadni gladež,sl,"","",,Slovenian,Alenka Mihoric,2022-07-22T10:21:33Z
162836,bleščeči mleček,sl,"","",,Slovenian,Alenka Mihoric,2022-07-22T10:22:08Z
55506,robati luk,sl,"","",,Slovenian,Alenka Mihoric,2022-07-22T10:23:51Z
57116,polaj,sl,"","",,Slovenian,Alenka Mihoric,2022-07-22T10:27:44Z
1320685,britanski oman,sl,"","",,Slovenian,Alenka Mihoric,2022-07-22T10:28:19Z
343324,veliki spreminjavček,sl,"","",,Slovenian,Alenka Mihoric,2022-07-22T10:29:06Z
160623,močvirski osat,sl,"","",,Slovenian,Alenka Mihoric,2022-07-22T10:29:41Z
62426,Okati rjavec,sl,"","",,Slovenian,Alenka Mihoric,2022-07-22T10:30:31Z
122082,navadna bukovčica,sl,"","",,Slovenian,Alenka Mihoric,2022-07-22T10:31:09Z
984147,gladka lakota,sl,"","",,Slovenian,Alenka Mihoric,2022-07-22T10:32:03Z
35453,Živorodna kuščarica,sl,"","",,Slovenian,abeing,2022-07-28T10:57:52Z
41800,Kuna belica,sl,"","",,Slovenian,abeing,2022-07-28T11:04:24Z
336223,Trebušasta zvončica,sl,"","",,Slovenian,abeing,2022-07-28T11:06:14Z
19998,Čuk,sl,"","",,Slovenian,abeing,2022-07-29T13:23:17Z
20244,Veliki skovik,sl,"","",,Slovenian,abeing,2022-07-29T13:27:42Z
5173,Rjavi lunj,sl,"","",,Slovenian,abeing,2022-07-30T20:24:59Z
3978,Mali martinec,sl,"","",,Slovenian,abeing,2022-07-30T20:25:44Z
7055,Kostanjevka,sl,"","",,Slovenian,abeing,2022-07-30T20:26:20Z
144788,Skalna lastovka,sl,"","",,Slovenian,abeing,2022-07-31T21:10:07Z
56164,črni lučnik,sl,"","",,Slovenian,Alenka Mihoric,2022-08-01T08:39:30Z
55387,Ščuka,sl,"","",,Slovenian,abeing,2022-08-01T16:14:47Z
472320,navadni gozdni ščurek,sl,"","",,Slovenian,Alenka Mihoric,2022-08-07T10:04:30Z
59778,navadni rebrinec,sl,"","",,Slovenian,Alenka Mihoric,2022-08-07T10:05:14Z
485810,alpska lanika,sl,"","",,Slovenian,Alenka Mihoric,2022-08-07T10:05:53Z
775936,porovolistna škržolica,sl,"","",,Slovenian,Alenka Mihoric,2022-08-07T10:07:44Z
487198,navadna zlata rozga,sl,"","",,Slovenian,Alenka Mihoric,2022-08-07T10:11:07Z
342851,poljska osa,sl,"","",,Slovenian,Alenka Mihoric,2022-08-07T10:17:44Z
53258,opečnordeči vitki kozliček,sl,"","",,Slovenian,Alenka Mihoric,2022-08-07T10:19:12Z
866675,navadna smetlika,sl,"","",,Slovenian,Alenka Mihoric,2022-08-07T10:19:59Z
85468,mila dresen,sl,"","",,Slovenian,Alenka Mihoric,2022-08-07T10:22:03Z
55759,rdeči slizek,sl,"","",,Slovenian,Alenka Mihoric,2022-08-07T10:23:29Z
58188,njivska meta,sl,"","",,Slovenian,Alenka Mihoric,2022-08-07T10:24:52Z
447969,kranjski zali kobulček,sl,"","",,Slovenian,Alenka Mihoric,2022-08-07T10:26:28Z
54037,Ameriški klek,sl,"","",,Slovenian,abeing,2022-08-08T17:21:30Z
71219,Bramor,sl,"","",,Slovenian,abeing,2022-08-08T17:26:56Z
118674,Pisanica,sl,"","",,Slovenian,abeing,2022-08-08T17:30:01Z
74383,Navadni polh,sl,"","",,Slovenian,abeing,2022-08-08T17:33:25Z
448096,rožnordeči dežen,sl,"","",,Slovenian,Alenka Mihoric,2022-08-09T10:29:30Z
518197,cevastocvetni grint,sl,"","",,Slovenian,Alenka Mihoric,2022-08-09T10:33:02Z
53629,pisana preobjeda,sl,"","",,Slovenian,Alenka Mihoric,2022-08-09T10:36:31Z
333716,goli lepen,sl,"","",,Slovenian,Alenka Mihoric,2022-08-09T10:41:28Z
509225,Froelichov svišč,sl,"","",,Slovenian,Alenka Mihoric,2022-08-09T10:46:56Z
947184,Kernerjev dimek,sl,"","",,Slovenian,Alenka Mihoric,2022-08-09T10:51:09Z
136989,alpska drežica,sl,"","",,Slovenian,Alenka Mihoric,2022-08-09T10:52:45Z
509873,nasršeni kamnokreč,sl,"","",,Slovenian,Alenka Mihoric,2022-08-09T10:58:02Z
321953,Clusijev petoprstnik,sl,"","",,Slovenian,Alenka Mihoric,2022-08-09T11:00:01Z
84436,navadni rožni koren,sl,"","",,Slovenian,Alenka Mihoric,2022-08-09T11:02:23Z
447968,bavarski zali kobulček,sl,"","",,Slovenian,Alenka Mihoric,2022-08-09T11:04:59Z
78352,močvirna samoperka,sl,"","",,Slovenian,Alenka Mihoric,2022-08-09T11:06:21Z
509243,čašasti sviščevec,sl,"","",,Slovenian,Alenka Mihoric,2022-08-09T11:07:07Z
131201,repičasta preobjeda,sl,"","",,Slovenian,Alenka Mihoric,2022-08-09T11:10:06Z
197777,bleščeči grintavec,sl,"","",,Slovenian,Alenka Mihoric,2022-08-09T13:04:27Z
488805,gozdni grint,sl,"","",,Slovenian,Alenka Mihoric,2022-08-09T13:09:51Z
435429,škrlatni luk,sl,"","",,Slovenian,Alenka Mihoric,2022-08-09T13:13:32Z
435429,kamniški luk,sl,"","",,Slovenian,Alenka Mihoric,2022-08-09T13:13:52Z
123070,Domača koza,sl,"","",,Slovenian,abeing,2022-08-11T20:37:22Z
51807,Navadna orlica,sl,"","",,Slovenian,abeing,2022-08-14T17:00:29Z
336370,Fuchsov grint,sl,"","",,Slovenian,abeing,2022-08-14T17:00:54Z
141725,Zelena smrdljivka,sl,"","",,Slovenian,abeing,2022-08-14T17:01:36Z
143416,Alpska mastnica,sl,"","",,Slovenian,abeing,2022-08-14T17:02:04Z
113003,Klen,sl,"","",,Slovenian,abeing,2022-08-14T17:02:47Z
55626,Repin belin,sl,"","",,Slovenian,abeing,2022-08-14T17:06:19Z
85428,alpski kosmatinec,sl,"","",,Slovenian,abeing,2022-08-14T17:06:52Z
48618,oljna bučka,sl,"","",,Slovenian,Alenka Mihoric,2022-08-15T18:34:31Z
5242,Kačar,sl,"","",,Slovenian,abeing,2022-08-15T20:13:14Z
207392,hribska špajka,sl,"","",https://www.inaturalist.org/taxon_names/3008140/edit,Slovenian,,2022-08-17T12:01:48Z
118945,Veliki leščur,sl,"","",,Slovenian,abeing,2022-08-17T20:25:44Z
84778,Koloradski hrošč,sl,"","",,Slovenian,abeing,2022-08-17T20:26:12Z
1409663,koruzna bulava snet,sl,"","",https://www.inaturalist.org/taxon_names/2678973/edit,Slovenian,,2022-08-20T19:47:25Z
448139,grmovna prisesnica,sl,"","",,Slovenian,Alenka Mihoric,2022-08-21T13:38:07Z
39782,Popisana sklednica,sl,"","",,Slovenian,abeing,2022-08-21T20:44:06Z
51271,Rdečevratka,sl,"","",,Slovenian,abeing,2022-08-21T20:44:28Z
130935,javorova katranasta pegavost,sl,"","",,Slovenian,Alenka Mihoric,2022-08-21T20:44:46Z
133036,navadni regelj,sl,"","",,Slovenian,Alenka Mihoric,2022-08-22T09:11:40Z
79016,navadna čeladnica,sl,"","",,Slovenian,Alenka Mihoric,2022-08-22T09:12:12Z
77914,kijasti lisičjak,sl,"","",,Slovenian,Alenka Mihoric,2022-08-22T09:12:45Z
466988,močvirska prikrivalka,sl,"","",,Slovenian,Alenka Mihoric,2022-08-22T09:18:33Z
454071,travniška stenica,sl,"","",,Slovenian,Alenka Mihoric,2022-08-22T09:20:00Z
166550,močvirski silj,sl,"","",,Slovenian,Alenka Mihoric,2022-08-22T09:21:07Z
58776,navadni ščir,sl,"","",,Slovenian,Alenka Mihoric,2022-08-22T09:25:47Z
53587,pelinolistna žvrklja,sl,"","",,Slovenian,Alenka Mihoric,2022-08-22T09:26:47Z
155998,navadni objed,sl,"","",,Slovenian,Alenka Mihoric,2022-08-22T09:28:36Z
502155,polegli mleček,sl,"","",,Slovenian,Alenka Mihoric,2022-08-28T08:30:06Z
127732,nagubana hrastova šiškarica,sl,"","",,Slovenian,Alenka Mihoric,2022-08-28T08:38:06Z
55598,lečasta hrastova šiškarica,sl,"","",,Slovenian,Alenka Mihoric,2022-08-28T08:39:13Z
127103,katančev selec,sl,"","",,Slovenian,Alenka Mihoric,2022-08-28T08:40:07Z
75842,navadni obrad,sl,"","",,Slovenian,Alenka Mihoric,2022-09-01T16:20:53Z
85047,navadni grintavec,sl,"","",,Slovenian,Alenka Mihoric,2022-09-01T16:21:27Z
1030051,lisičjerepa perjanka,sl,"","",,Slovenian,Alenka Mihoric,2022-09-01T16:23:16Z
62984,tigrasti komar,sl,"","",,Slovenian,Alenka Mihoric,2022-09-04T21:13:17Z
517680,Seguierijeva zlatica,sl,"","",,Slovenian,Alenka Mihoric,2022-09-05T20:35:51Z
466986,Temna šaševka,sl,Slovenia,SI,,Slovenian,Žan Rode,2022-09-07T07:56:19Z
131203,travniška izjevka,sl,"","",,Slovenian,Alenka Mihoric,2022-09-08T19:43:41Z
77990,vodna meta,sl,"","",,Slovenian,Alenka Mihoric,2022-09-08T19:44:19Z
53911,krap,sl,"","",,Slovenian,Alenka Mihoric,2022-09-08T19:45:06Z
60283,navadna kostreba,sl,"","",,Slovenian,Alenka Mihoric,2022-09-08T19:45:43Z
205320,šipkova šiškarica,sl,"","",,Slovenian,Alenka Mihoric,2022-09-08T19:48:37Z
430124,navadna mokrica,sl,"","",,Slovenian,Alenka Mihoric,2022-09-08T19:49:25Z
85492,navadna nedotika,sl,"","",,Slovenian,Alenka Mihoric,2022-09-08T19:50:42Z
209343,čevljarski žagovinar,sl,"","",,Slovenian,Alenka Mihoric,2022-09-09T10:26:19Z
75916,Davidova budleja,sl,"","",,Slovenian,Alenka Mihoric,2022-09-12T08:14:03Z
57356,navadna amorfa,sl,"","",,Slovenian,Alenka Mihoric,2022-09-12T08:14:40Z
226508,ambrozijev lepenec,sl,"","",,Slovenian,Alenka Mihoric,2022-09-12T08:15:44Z
129048,kalinolistni pokalec,sl,"","",,Slovenian,Alenka Mihoric,2022-09-12T08:17:43Z
57983,navadna sončnica,sl,"","",,Slovenian,Alenka Mihoric,2022-09-12T08:18:58Z
60175,navadna loboda,sl,"","",,Slovenian,Alenka Mihoric,2022-09-12T08:19:47Z
56166,breskova dresen,sl,"","",,Slovenian,Alenka Mihoric,2022-09-12T08:25:22Z
564968,močvirsko ciprje,sl,"","",,Slovenian,Alenka Mihoric,2022-09-12T08:26:11Z
116735,deljenolistna rudbekija,sl,"","",,Slovenian,Alenka Mihoric,2022-09-12T08:26:47Z
101020,grmovni polž,sl,"","",,Slovenian,Alenka Mihoric,2022-09-12T08:28:07Z
55933,bluščec,sl,"","",,Slovenian,Alenka Mihoric,2022-09-12T08:30:13Z
907790,mnogolična suholetnica,sl,"","",,Slovenian,Alenka Mihoric,2022-09-15T13:37:51Z
130888,ameriški pagrint,sl,"","",,Slovenian,Alenka Mihoric,2022-09-26T10:08:29Z
778358,kitajsko kosteničevje,sl,"","",,Slovenian,Alenka Mihoric,2022-09-26T10:09:18Z
48769,žveplenjača,sl,"","",,Slovenian,Alenka Mihoric,2022-09-26T10:10:03Z
63014,borov glivec,sl,"","",,Slovenian,Alenka Mihoric,2022-09-26T10:10:33Z
130203,opečna žveplenjača,sl,"","",,Slovenian,Alenka Mihoric,2022-09-26T10:12:01Z
54164,navadna ledenka,sl,"","",,Slovenian,Alenka Mihoric,2022-09-26T10:12:40Z
102792,veliki gozdnik,sl,"","",,Slovenian,Alenka Mihoric,2022-09-29T18:02:00Z
51556,kamenjak,sl,"","",,Slovenian,Alenka Mihoric,2022-09-29T18:38:57Z
336894,ježasta hrastova šiškarica,sl,"","",,Slovenian,Alenka Mihoric,2022-09-29T18:39:35Z
57920,navadni bodič,sl,"","",,Slovenian,Alenka Mihoric,2022-09-29T18:40:19Z
162697,ametistasta možina,sl,"","",,Slovenian,Alenka Mihoric,2022-09-29T18:41:00Z
170140,navadni lučnik,sl,"","",,Slovenian,Alenka Mihoric,2022-09-29T18:50:14Z
55854,navadni kristavec,sl,"","",,Slovenian,Alenka Mihoric,2022-09-29T18:50:55Z
58991,navadni tolščak,sl,"","",,Slovenian,Alenka Mihoric,2022-09-29T18:51:59Z
76904,kodrasta hudoletnica,sl,"","",,Slovenian,Alenka Mihoric,2022-09-29T18:53:37Z
496125,beli pelin,sl,"","",,Slovenian,Alenka Mihoric,2022-09-29T18:55:52Z
75393,polegli ščir,sl,"","",,Slovenian,Alenka Mihoric,2022-09-29T18:58:18Z
51454,modra pasijonka,sl,"","",,Slovenian,Alenka Mihoric,2022-09-29T19:06:00Z
469707,pokalica,sl,"","",,Slovenian,Alenka Mihoric,2022-10-03T12:44:59Z
774679,lasastolistna vodna zlatica,sl,"","",https://www.inaturalist.org/taxon_names/2653016/edit,Slovenian,,2022-10-04T08:01:02Z
510854,kostanjasti polstenovec,sl,"","",,Slovenian,Alenka Mihoric,2022-10-05T09:49:49Z
55899,vijoličasta bledivka,sl,"","",,Slovenian,Alenka Mihoric,2022-10-05T09:51:19Z
474502,žametasti polstenec,sl,"","",,Slovenian,Alenka Mihoric,2022-10-05T09:53:01Z
63401,orjaški dežnik,sl,"","",,Slovenian,Alenka Mihoric,2022-10-05T09:53:57Z
382886,grda mlečnica,sl,"","",,Slovenian,Alenka Mihoric,2022-10-05T10:13:29Z
1402724,enocvetno ločje,sl,"","",https://www.inaturalist.org/taxon_names/2524589/edit,Slovenian,,2022-10-07T14:12:06Z
424530,olivnorjava zelenolistka,sl,"","",,Slovenian,Alenka Mihoric,2022-10-09T19:38:53Z
553907,žametasti goban,sl,"","",,Slovenian,Alenka Mihoric,2022-10-09T19:39:28Z
179105,sehlični korenovec,sl,"","",,Slovenian,Alenka Mihoric,2022-10-09T19:40:15Z
48443,betičasta prašnica,sl,"","",,Slovenian,Alenka Mihoric,2022-10-09T19:41:01Z
154450,žametni podvihanec,sl,"","",,Slovenian,Alenka Mihoric,2022-10-09T19:43:56Z
48418,panterjeva mušnica,sl,"","",,Slovenian,Alenka Mihoric,2022-10-09T19:46:08Z
159764,breskovolistna zvončica,sl,"","",,Slovenian,Alenka Mihoric,2022-10-12T14:45:00Z
163800,savojska škržolica,sl,"","",,Slovenian,Alenka Mihoric,2022-10-12T14:45:34Z
58397,rdeča žametna pršica,sl,"","",,Slovenian,Alenka Mihoric,2022-10-12T14:46:21Z
357406,hrumeča poletavka,sl,"","",,Slovenian,Alenka Mihoric,2022-10-12T14:47:00Z
133918,japonska oklobnica,sl,"","",,Slovenian,Alenka Mihoric,2022-10-12T14:47:41Z
360164,navadni čober,sl,"","",,Slovenian,Alenka Mihoric,2022-10-12T14:48:17Z
333719,grozdasta škržolica,sl,"","",,Slovenian,Alenka Mihoric,2022-10-12T14:48:49Z
47392,velika tintnica,sl,"","",,Slovenian,Alenka Mihoric,2022-10-12T14:52:54Z
123629,veliki skalnik,sl,"","",,Slovenian,Alenka Mihoric,2022-10-12T20:58:25Z
81923,Marmorirana smrdljivka,sl,"","",,Slovenian,abeing,2022-10-15T09:56:21Z
955949,rumena skodelnica,sl,"","",,Slovenian,Alenka Mihoric,2022-10-27T20:58:58Z
1424723,živorodna kuščarica,sl,"","",https://www.inaturalist.org/taxon_names/2629438/edit,Slovenian,Thomas Mesaglio,2022-11-03T05:23:54Z
1425393,prilegli šaš,sl,"","",https://www.inaturalist.org/taxon_names/2520095/edit,Slovenian,,2022-11-06T05:06:27Z
75931,vrtni ognjič,sl,"","",,Slovenian,Alenka Mihoric,2022-11-06T08:53:21Z
506308,nenavadni mrkač,sl,"","",,Slovenian,Alenka Mihoric,2022-11-06T10:18:42Z
79070,zeleni muhvič,sl,"","",,Slovenian,Alenka Mihoric,2022-11-06T10:19:26Z
58387,divji sirek,sl,"","",,Slovenian,Alenka Mihoric,2022-11-06T10:20:48Z
1427972,obrobljeni gostopor,sl,"","",https://www.inaturalist.org/taxon_names/3085565/edit,Slovenian,,2022-11-17T17:38:36Z
292173,Bodičasti leščur,sl,Slovenia,SI,,Slovenian,Marino Linić,2022-11-23T23:52:36Z
1431273,gozdna voluharica,sl,"","",https://www.inaturalist.org/taxon_names/2581538/edit,Slovenian,,2022-12-06T18:16:41Z
1432012,avstrijski gadnjak,sl,"","",https://www.inaturalist.org/taxon_names/2512271/edit,Slovenian,,2022-12-07T16:34:13Z
1369254,dlakavi gadnjak,sl,"","",https://www.inaturalist.org/taxon_names/2841360/edit,Slovenian,,2022-12-07T17:56:25Z
165590,čopasta hrušica,sl,"","",https://www.inaturalist.org/taxon_names/2707065/edit,Slovenian,,2022-12-09T18:41:42Z
523986,trilistna valdštajnija,sl,"","",,Slovenian,Alenka Mihoric,2022-12-09T21:54:55Z
51699,navadna škorpijonka,sl,"","",,Slovenian,Alenka Mihoric,2022-12-09T21:57:06Z
82574,navadna peruša,sl,"","",,Slovenian,Alenka Mihoric,2022-12-09T21:57:48Z
52673,zimska preslica,sl,"","",,Slovenian,Alenka Mihoric,2022-12-09T21:58:26Z
162821,ostri mleček,sl,"","",,Slovenian,Alenka Mihoric,2022-12-18T16:39:17Z
438165,kraški gaber,sl,"","",,Slovenian,Alenka Mihoric,2023-01-05T18:59:01Z
796595,rumenobetni novogoban,sl,"","",,Slovenian,Alenka Mihoric,2023-01-09T08:38:57Z
1440310,Greimlerjev osat,sl,"","",,Slovenian,Alenka Mihoric,2023-01-09T09:32:26Z
351061,trdolesna usnjevka,sl,"","",,Slovenian,Alenka Mihoric,2023-01-15T18:40:47Z
54734,žlebnata parmelija,sl,"","",,Slovenian,Alenka Mihoric,2023-01-15T18:42:17Z
60544,ognjeni jelenovec,sl,"","",,Slovenian,Alenka Mihoric,2023-01-15T18:43:38Z
117987,pisemski skorjevec,sl,"","",,Slovenian,Alenka Mihoric,2023-01-15T18:44:35Z
124439,kipeči žuljevec,sl,"","",,Slovenian,Alenka Mihoric,2023-01-15T18:46:06Z
119888,zemljevidni skorjevec,sl,"","",,Slovenian,Alenka Mihoric,2023-01-15T18:56:48Z
518186,triglavski svišč,sl,"","",,Slovenian,Alenka Mihoric,2023-01-16T20:56:09Z
1414293,nizki svišč,sl,"","",,Slovenian,Alenka Mihoric,2023-01-17T16:13:00Z
35900,Zelenec,sl,Slovenia,SI,,Slovenian,Žan Rode,2023-01-23T09:25:11Z
35967,Horvatova kuščarica,sl,Slovenia,SI,,Slovenian,Žan Rode,2023-01-23T09:26:20Z
33602,Pozidni gekon,sl,Slovenia,SI,,Slovenian,Žan Rode,2023-01-23T09:27:00Z
34435,Sredozemski hišni gekon,sl,Slovenia,SI,,Slovenian,Žan Rode,2023-01-23T09:27:37Z
39847,Lažna zemljevidarka,sl,"","",,Slovenian,Žan Rode,2023-01-23T09:28:16Z
1424723,Kranjska kuščarica,sl,Slovenia,SI,,Slovenian,Žan Rode,2023-01-23T09:30:21Z
871742,izbrazdana robida,sl,"","",,Slovenian,Johan Devos,2023-01-27T16:49:03Z
78895,brestovolistna robida,sl,"","",,Slovenian,Johan Devos,2023-01-28T11:09:44Z
84227,rdečeščetinava robida,sl,"","",,Slovenian,Johan Devos,2023-01-28T11:59:45Z
953493,pokončna robida,sl,"","",,Slovenian,Johan Devos,2023-01-28T15:52:19Z
509220,bratinski košutnik,sl,"","",,Slovenian,Alenka Mihoric,2023-01-29T21:56:34Z
1445438,poljska ostrožica,sl,"","",https://www.inaturalist.org/taxon_names/2779449/edit,Slovenian,Dmitriy Bochkov,2023-01-29T22:17:27Z
213088,Rumenopikasti pajek,sl,Slovenia,SI,,Slovenian,Marino Linić,2023-01-29T23:33:21Z
71297,Čevljekljun,sl,"","",,Slovenian,John E. Christensen,2023-01-31T12:42:04Z
168628,jezerski biček,sl,"","",,Slovenian,Alenka Mihoric,2023-02-09T21:26:57Z
77114,križnolistni mleček,sl,"","",,Slovenian,Alenka Mihoric,2023-02-10T22:30:24Z
771585,švicarski rdeči koren,sl,"","",,Slovenian,Alenka Mihoric,2023-02-15T19:05:20Z
124102,rdečeča zvitocevka,sl,"","",,Slovenian,Alenka Mihoric,2023-02-19T10:54:23Z
775410,brezova kresilača,sl,"","",,Slovenian,Alenka Mihoric,2023-02-20T18:39:04Z
48804,skorjoder,sl,"","",,Slovenian,Alenka Mihoric,2023-02-20T19:17:48Z
514218,žolta trobenta,sl,"","",,Slovenian,Alenka Mihoric,2023-02-20T19:19:01Z
480776,gozdni kukmak,sl,"","",,Slovenian,Alenka Mihoric,2023-02-20T19:19:56Z
63387,rdečkasta trhlenka,sl,"","",,Slovenian,Alenka Mihoric,2023-02-20T19:23:14Z
120030,navadni lonček,sl,"","",,Slovenian,Alenka Mihoric,2023-02-20T19:23:53Z
350491,cinobrasta koprenka,sl,"","",,Slovenian,Alenka Mihoric,2023-02-20T19:24:42Z
1105816,marelični škrlatnik,sl,"","",,Slovenian,Alenka Mihoric,2023-02-20T19:25:51Z
350061,velikoluska mušnica,sl,"","",,Slovenian,Alenka Mihoric,2023-02-20T19:28:17Z
410641,grbasta ploskocevka,sl,"","",,Slovenian,Alenka Mihoric,2023-02-20T19:30:56Z
203711,puhasta ploskocevka,sl,"","",,Slovenian,Alenka Mihoric,2023-02-20T19:32:24Z
125724,zajedalski pagoban,sl,"","",,Slovenian,Alenka Mihoric,2023-02-20T19:34:30Z
55927,navadna trdokožnica,sl,"","",,Slovenian,Alenka Mihoric,2023-02-20T19:35:18Z
179221,rogovilasta grivuša,sl,"","",,Slovenian,Alenka Mihoric,2023-02-20T19:36:08Z
351126,jagodasti skorjeder,sl,"","",,Slovenian,Alenka Mihoric,2023-02-20T19:37:53Z
49075,mesnata želatinka,sl,"","",,Slovenian,Alenka Mihoric,2023-02-20T19:38:53Z
543041,bledovijoličasta kolesnica,sl,"","",,Slovenian,Alenka Mihoric,2023-02-20T19:42:05Z
122335,rjavi ježevec,sl,"","",,Slovenian,Alenka Mihoric,2023-02-20T19:42:59Z
974663,cinobrasti drobnoluknjičar,sl,"","",,Slovenian,Alenka Mihoric,2023-02-20T19:45:22Z
482799,Temnoškrlatni teloh,sl,"","",https://www.inaturalist.org/taxon_names/920975/edit,Slovenian,,2023-02-21T05:53:53Z
1273318,zelena krastača,sl,"","",https://www.inaturalist.org/taxon_names/2690024/edit,Slovenian,,2023-02-24T17:23:09Z
20526,Noj,sl,"","",,Slovenian,Johan Devos,2023-02-28T23:16:51Z
13713,Vriskarica,sl,"","",,Slovenian,Alenka Mihoric,2023-03-09T10:24:27Z
4866,ostrogasta priba,sl,"","",,Slovenian,Alenka Mihoric,2023-03-09T10:25:42Z
1286971,Sredozemski kupčar,sl,"","",,Slovenian,Alenka Mihoric,2023-03-09T10:27:21Z
3896,veliki škurh,sl,"","",,Slovenian,Alenka Mihoric,2023-03-09T10:29:09Z
3878,zelenonogi martinec,sl,"","",,Slovenian,Alenka Mihoric,2023-03-09T10:31:17Z
62148,Belolična čigra,sl,"","",,Slovenian,Alenka Mihoric,2023-03-09T10:33:08Z
52391,Gladki bor,sl,"","",,Slovenian,abeing,2023-03-09T21:05:05Z
1456607,bleščeči bisernik,sl,"","",https://www.inaturalist.org/taxon_names/2852088/edit,Slovenian,,2023-03-09T22:45:32Z
286612,srhkodlakava vijolica,sl,"","",,Slovenian,Alenka Mihoric,2023-03-24T12:18:52Z
970094,rana kokošnica,sl,"","",,Slovenian,Alenka Mihoric,2023-03-24T13:00:47Z
7087,Grivasta gos,sl,"","",,Slovenian,Žan Rode,2023-03-25T07:47:20Z
482798,hostni teloh,sl,"","",,Slovenian,Alenka Mihoric,2023-03-25T16:51:05Z
68848,gladki jetičnik,sl,"","",,Slovenian,Alenka Mihoric,2023-03-26T18:20:58Z
1369360,lopatičastolistna kokošnica,sl,"","",,Slovenian,Alenka Mihoric,2023-04-01T14:30:08Z
79123,bela gorjušica,sl,"","",,Slovenian,Alenka Mihoric,2023-04-02T10:17:19Z
42048,Sivi volk,sl,"","",,Slovenian,abeing,2023-04-04T18:40:47Z
41979,Evrazijski ris,sl,"","",,Slovenian,abeing,2023-04-04T18:41:01Z
513775,redkocvetna spominčica,sl,"","",,Slovenian,Alenka Mihoric,2023-04-09T08:49:08Z
55739,divja vijolica,sl,"","",,Slovenian,Alenka Mihoric,2023-04-09T08:50:36Z
49614,Soncni ostriz,sl,"","","Philips TK, Moretto P (2025) Revision of the genus _Pseudopedaria_ Felsche, 1904, with descriptions of three new species and a subspecies from Central Africa (Coleoptera: Scarabaeinae: Coprini). Catharsius La Revue (N.S.) 5: 1–26. doi:10.5281/zenodo.17036002.",Slovenian,,2023-04-12T14:25:29Z
160343,mala smiljka,sl,"","",,Slovenian,Alenka Mihoric,2023-04-16T21:07:59Z
126249,čokoladna akebija,sl,"","",,Slovenian,Alenka Mihoric,2023-04-16T21:10:29Z
71248,poljski muren,sl,"","",,Slovenian,Alenka Mihoric,2023-04-23T15:28:04Z
55752,navadni motovilec,sl,"","",,Slovenian,Alenka Mihoric,2023-04-23T15:49:49Z
129083,rumeni sleč,sl,"","",,Slovenian,Alenka Mihoric,2023-05-04T20:44:17Z
319738,luskastodlakava podlesnica,sl,"","",,Slovenian,Alenka Mihoric,2023-05-05T20:43:04Z
153757,pretegnjeni čeljustar,sl,"","",,Slovenian,Alenka Mihoric,2023-05-08T13:42:28Z
51825,bleščavec,sl,"","",,Slovenian,Alenka Mihoric,2023-05-08T13:42:57Z
346902,ozkorobi čmrljevec,sl,"","",,Slovenian,Alenka Mihoric,2023-05-10T19:18:14Z
50151,Akant,sl,"","",,Slovenian,John E. Christensen,2023-05-11T15:25:52Z
2,Strunarji,sl,Slovenia,SI,,Slovenian,Žan Rode,2023-05-18T05:19:35Z
1,Kraljestvo Živali,sl,"","",,Slovenian,Žan Rode,2023-05-18T05:20:46Z
130868,Plaščarji,sl,"","",,Slovenian,Žan Rode,2023-05-18T05:22:00Z
355675,Vretenčarji,sl,"","",,Slovenian,Žan Rode,2023-05-18T05:22:14Z
129726,Brezglavci,sl,"","",,Slovenian,Žan Rode,2023-05-18T05:23:02Z
152875,Brezsrčnice,sl,"","",,Slovenian,Žan Rode,2023-05-18T05:24:05Z
797045,Brezčeljustnice,sl,"","",,Slovenian,Žan Rode,2023-05-18T05:27:24Z
49099,Glenavice,sl,"","",,Slovenian,Žan Rode,2023-05-18T05:27:57Z
47273,Hrustančnice,sl,"","",,Slovenian,Žan Rode,2023-05-18T05:29:19Z
60450,Morske podgane,sl,"","",,Slovenian,Žan Rode,2023-05-18T05:31:04Z
26036,Plazilci,sl,"","",,Slovenian,Žan Rode,2023-05-18T05:31:19Z
26039,Krokodili,sl,"","",,Slovenian,Žan Rode,2023-05-18T05:33:00Z
26162,Prakuščarji,sl,"","",,Slovenian,Žan Rode,2023-05-18T05:33:36Z
26172,Luskarji,sl,"","",,Slovenian,Žan Rode,2023-05-18T05:33:59Z
39532,Želve,sl,"","",,Slovenian,Žan Rode,2023-05-18T05:34:20Z
85552,Kuščarji,sl,"","",,Slovenian,Žan Rode,2023-05-18T05:36:27Z
85553,Kače,sl,"","",,Slovenian,Žan Rode,2023-05-18T05:36:49Z
48767,Navadna žveplenjača,sl,"","",,Slovenian,Žan Rode,2023-05-18T05:40:09Z
55719,Navadna kalnica,sl,"","",,Slovenian,Žan Rode,2023-05-18T05:40:34Z
127055,Navadni pacipresnik,sl,"","",,Slovenian,Žan Rode,2023-05-18T05:41:02Z
319828,brenčeči pajek,sl,"","",,Slovenian,Alenka Mihoric,2023-05-26T21:36:27Z
130707,veliki repuhov rilčkar,sl,"","",,Slovenian,Alenka Mihoric,2023-05-26T21:38:44Z
85063,bedrenčev sovec,sl,"","",,Slovenian,Alenka Mihoric,2023-05-31T20:26:01Z
82161,drobnolistna močvirnica,sl,"","",,Slovenian,Alenka Mihoric,2023-06-05T12:57:14Z
129485,beli peresničar,sl,"","",,Slovenian,Alenka Mihoric,2023-06-05T12:58:02Z
359463,Lachenalov sovec,sl,"","",,Slovenian,Alenka Mihoric,2023-06-05T12:59:09Z
496648,kraški pedic,sl,"","",,Slovenian,Alenka Mihoric,2023-06-05T13:06:16Z
128683,beli slizek,sl,"","",,Slovenian,Alenka Mihoric,2023-06-13T20:56:00Z
61449,rjava sneženka,sl,"","",,Slovenian,Alenka Mihoric,2023-06-20T22:01:41Z
366998,Scopolijeva čmrljevka,sl,"","",,Slovenian,Alenka Mihoric,2023-06-20T22:03:09Z
737484,mnogocvetna španska detelja,sl,"","",,Slovenian,Alenka Mihoric,2023-06-20T22:05:55Z
464151,rjava mušnica,sl,"","",,Slovenian,Alenka Mihoric,2023-06-21T15:03:15Z
56160,zdravilna špajka,sl,"","",,Slovenian,Alenka Mihoric,2023-06-21T15:04:43Z
159854,kodrasti bodak,sl,"","",,Slovenian,Alenka Mihoric,2023-06-21T15:06:48Z
204246,vrtna naskalnica,sl,"","",,Slovenian,Alenka Mihoric,2023-06-21T15:09:08Z
338115,navadni sovec,sl,"","",,Slovenian,Alenka Mihoric,2023-06-23T15:36:44Z
711378,glavotaj ali skritoglavec,sl,"","",,Slovenian,Alenka Mihoric,2023-06-23T15:39:19Z
341043,müllerjeva močvirnica,sl,"","",,Slovenian,Alenka Mihoric,2023-06-24T15:39:32Z
1398354,hayekova lepnica,sl,"","",,Slovenian,Alenka Mihoric,2023-06-24T15:40:19Z
448097,Pollinijev dežen,sl,"","",,Slovenian,Alenka Mihoric,2023-06-27T08:52:11Z
437968,ptičjenogi šaš,sl,"","",,Slovenian,Alenka Mihoric,2023-06-27T08:54:04Z
169752,rana materina dušica,sl,"","",,Slovenian,Alenka Mihoric,2023-06-27T08:57:38Z
79273,navadni čepnjek,sl,"","",,Slovenian,Alenka Mihoric,2023-06-27T08:58:51Z
1477357,Navadno tevje,sl,"","",https://www.inaturalist.org/taxon_names/2920847/edit,Slovenian,,2023-06-30T03:05:09Z
1477357,tevje,sl,"","",https://www.inaturalist.org/taxon_names/2518327/edit,Slovenian,,2023-06-30T03:05:09Z
550984,mehkokrili cvetni hrošč,sl,"","",,Slovenian,Alenka Mihoric,2023-06-30T13:29:30Z
350216,poletni goban,sl,"","",,Slovenian,Alenka Mihoric,2023-06-30T13:33:23Z
521379,Clusijev vratič,sl,"","",,Slovenian,Alenka Mihoric,2023-06-30T13:45:17Z
1475974,ogrsko grabljišče,sl,"","",https://www.inaturalist.org/taxon_names/2979620/edit,Slovenian,,2023-07-03T17:41:33Z
53771,polegla panešplja,sl,"","",,Slovenian,Alenka Mihoric,2023-07-03T20:17:23Z
1474321,modroprogasti mavričar,sl,"","",,Slovenian,Alenka Mihoric,2023-07-03T20:18:44Z
349217,rumena polmesečasta trepetavka,sl,"","",,Slovenian,Alenka Mihoric,2023-07-06T21:13:58Z
54898,gomoljasto trebelje,sl,Slovenia,SI,,Slovenian,Alenka Mihoric,2023-07-11T21:38:54Z
371191,gorski luk,sl,Slovenia,SI,,Slovenian,Alenka Mihoric,2023-08-01T21:27:00Z
47514,potočna postrv,sl,Slovenia,SI,,Slovenian,Alenka Mihoric,2023-08-07T20:41:20Z
1494303,Skalni grint,sl,"","",,Slovenian,Alenka Mihoric,2023-09-07T20:16:36Z
1495891,trstikasta stožka,sl,"","",https://www.inaturalist.org/taxon_names/3089318/edit,Slovenian,,2023-09-11T20:13:03Z
204376,Mala dresen,sl,"","",,Slovenian,Alenka Mihoric,2023-09-21T21:54:37Z
1003363,Seelosov sršaj,sl,"","",,Slovenian,Ljaž,2023-10-05T08:08:33Z
493110,dlakavi volčji bob,sl,"","",https://www.inaturalist.org/taxon_names/2714015/edit,Slovenian,,2023-10-05T16:45:53Z
1501832,volnatoglavi osat,sl,"","",https://www.inaturalist.org/taxon_names/2544329/edit,Slovenian,,2023-10-10T12:19:06Z
1501877,neprava glistovnica,sl,"","",https://www.inaturalist.org/taxon_names/2995627/edit,Slovenian,,2023-10-10T18:36:22Z
1490909,rapontika,sl,"","",https://www.inaturalist.org/taxon_names/2872444/edit,Slovenian,Wolfgang Jauch,2023-10-20T07:59:06Z
1504860,apulijski mak,sl,"","",https://www.inaturalist.org/taxon_names/2841393/edit,Slovenian,,2023-10-26T14:25:00Z
167076,alpska latovka,sl,"","",,Slovenian,Alenka Mihoric,2023-11-16T22:10:52Z
1510501,deviški pastir,sl,"","",https://www.inaturalist.org/taxon_names/2526034/edit,Slovenian,,2023-11-19T00:03:36Z
63255,poprhnjena livka,sl,"","",,Slovenian,Alenka Mihoric,2023-12-09T12:01:37Z
1433836,črnozeleni koprenar,sl,"","",,Slovenian,Matej Frančeškin,2023-12-21T17:17:10Z
179107,prevlečena čeladica,sl,"","",,Slovenian,Matej Frančeškin,2023-12-21T18:05:51Z
125366,siva grivača,sl,"","",,Slovenian,Matej Frančeškin,2023-12-21T18:23:26Z
53276,kapljasta solzovka,sl,"","",,Slovenian,Matej Frančeškin,2023-12-21T19:24:42Z
438013,rdečebetni polstenec,sl,"","",,Slovenian,Matej Frančeškin,2023-12-21T21:10:59Z
54121,čokata žilolistka,sl,"","",,Slovenian,Matej Frančeškin,2023-12-21T21:18:16Z
50813,bezgova uhljevka,sl,"","",,Slovenian,Matej Frančeškin,2023-12-21T21:22:33Z
155081,žametasta slojevka,sl,"","",,Slovenian,Matej Frančeškin,2023-12-21T21:26:50Z
118400,porfirasta mušnica,sl,"","",,Slovenian,Matej Frančeškin,2023-12-21T23:06:55Z
351304,lososova sirovka,sl,"","",,Slovenian,Matej Frančeškin,2023-12-21T23:15:45Z
49547,veličastni kukmak,sl,"","",,Slovenian,Matej Frančeškin,2023-12-21T23:21:40Z
351305,jamičasta mlečnica,sl,"","",,Slovenian,Matej Frančeškin,2023-12-21T23:30:02Z
350017,zraščena mesnatovka,sl,"","",,Slovenian,Matej Frančeškin,2023-12-21T23:44:08Z
497834,lilasti dežniček,sl,"","",,Slovenian,Matej Frančeškin,2023-12-21T23:52:19Z
58694,smrdljivi dežniček,sl,"","",,Slovenian,Matej Frančeškin,2023-12-22T06:16:59Z
480765,langejev kukmak,sl,"","",,Slovenian,Matej Frančeškin,2023-12-22T06:22:08Z
119118,kokonov glavatec,sl,"","",,Slovenian,Matej Frančeškin,2023-12-22T07:07:09Z
475619,jamičasti loputar,sl,"","",,Slovenian,Matej Frančeškin,2023-12-22T07:14:25Z
153377,visoki loputar,sl,"","",,Slovenian,Matej Frančeškin,2023-12-22T07:16:25Z
129027,pecljata zamazanka,sl,"","",,Slovenian,Matej Frančeškin,2023-12-22T07:18:54Z
48529,rumena drhtavka,sl,"","",,Slovenian,Matej Frančeškin,2023-12-22T07:21:10Z
379844,kostanjasti dežniček,sl,"","",,Slovenian,Matej Frančeškin,2023-12-22T07:26:09Z
203714,priležni hrbtiščar,sl,"","",,Slovenian,Matej Frančeškin,2023-12-22T07:29:22Z
118394,karbolni kukmak,sl,"","",,Slovenian,Matej Frančeškin,2023-12-22T07:33:16Z
143384,bela drhtavka,sl,"","",,Slovenian,Matej Frančeškin,2023-12-22T11:12:59Z
118213,milnata kolobarnica,sl,"","",,Slovenian,Matej Frančeškin,2023-12-22T11:13:44Z
118202,školjkasti podvihanec,sl,"","",,Slovenian,Matej Frančeškin,2023-12-22T13:22:36Z
578456,valjasta topolovka,sl,"","",,Slovenian,Matej Frančeškin,2023-12-22T16:37:31Z
350496,bakrenopikasta koprenka,sl,"","",,Slovenian,Matej Frančeškin,2023-12-22T16:50:04Z
1438514,škrlateča trebušarka,sl,"","",,Slovenian,Matej Frančeškin,2023-12-22T17:19:40Z
118396,hrapava mušnica,sl,"","",,Slovenian,Matej Frančeškin,2023-12-22T20:52:16Z
147354,pekoči bakrenopor,sl,"","",,Slovenian,Matej Frančeškin,2023-12-23T07:40:23Z
62735,usnjata golobica,sl,"","",,Slovenian,Matej Frančeškin,2023-12-23T11:38:09Z
451030,grbičasta golobica,sl,"","",,Slovenian,Matej Frančeškin,2023-12-23T12:15:52Z
902551,košenični govnar,sl,"","",,Slovenian,Matej Frančeškin,2023-12-23T13:29:51Z
496176,satjasta novostrnjenka,sl,"","",,Slovenian,Matej Frančeškin,2023-12-23T13:41:30Z
1062775,šilasti smrček,sl,"","",,Slovenian,Matej Frančeškin,2023-12-23T16:10:16Z
552867,poveznjeni smrčkovec,sl,"","",,Slovenian,Matej Frančeškin,2023-12-23T16:26:42Z
118002,koničasti smrčkovec,sl,"","",,Slovenian,Matej Frančeškin,2023-12-23T17:07:49Z
154735,obrobljena kučmica,sl,"","",,Slovenian,Matej Frančeškin,2023-12-23T17:55:20Z
1275338,šopasta pakorenovka,sl,"","",,Slovenian,Matej Frančeškin,2023-12-23T22:57:02Z
344658,nizka rdečelistka,sl,"","",,Slovenian,Matej Frančeškin,2023-12-23T23:43:45Z
85433,óglarke,sl,"","",,Slovenian,Matej Frančeškin,2023-12-24T08:51:30Z
53279,solzarke,sl,"","",,Slovenian,Matej Frančeškin,2023-12-24T08:52:54Z
48473,sploščena pološčenka,sl,"","",,Slovenian,Matej Frančeškin,2023-12-24T09:02:16Z
194304,predirna plamenka,sl,"","",,Slovenian,Matej Frančeškin,2023-12-24T09:51:04Z
344922,zeljarski korenovec,sl,"","",,Slovenian,Matej Frančeškin,2023-12-25T14:17:06Z
130915,vitki korenovec,sl,"","",,Slovenian,Matej Frančeškin,2023-12-25T14:20:46Z
382536,zimska medlenka,sl,"","",,Slovenian,Matej Frančeškin,2023-12-25T14:32:58Z
194485,borov trohnobnež,sl,"","",,Slovenian,Matej Frančeškin,2023-12-25T14:41:05Z
833474,rdeči vrtnikovec,sl,"","",,Slovenian,Matej Frančeškin,2023-12-25T15:00:58Z
48641,rumeni ježek,sl,"","",,Slovenian,Matej Frančeškin,2023-12-25T15:04:46Z
67331,bela polževka,sl,"","",,Slovenian,Matej Frančeškin,2023-12-25T15:23:32Z
451026,pozna lijevka,sl,"","",,Slovenian,Matej Frančeškin,2023-12-25T18:00:30Z
63236,rdečkasta bledivka,sl,"","",,Slovenian,Matej Frančeškin,2023-12-25T18:07:37Z
824011,gabrov dedek,sl,"","",,Slovenian,Matej Frančeškin,2023-12-25T18:24:51Z
155197,užitna sirovka,sl,"","",,Slovenian,Matej Frančeškin,2023-12-25T18:31:10Z
795455,pegasta kolesnica,sl,"","",,Slovenian,Matej Frančeškin,2023-12-25T18:51:22Z
567068,koprenasti belotrosnik,sl,"","",,Slovenian,Matej Frančeškin,2023-12-25T19:06:17Z
118145,travniška prašnica,sl,"","",,Slovenian,Matej Frančeškin,2023-12-25T19:24:24Z
351447,grbičasti dežnik,sl,"","",,Slovenian,Matej Frančeškin,2023-12-25T19:36:03Z
118242,bela sehlíčka,sl,"","",,Slovenian,Matej Frančeškin,2023-12-25T19:43:36Z
118240,dišeča sehlíca,sl,"","",,Slovenian,Matej Frančeškin,2023-12-25T19:48:35Z
351522,navadna gostolistka,sl,"","",,Slovenian,Matej Frančeškin,2023-12-25T19:56:12Z
63460,krvobetna čeladica,sl,"","",,Slovenian,Matej Frančeškin,2023-12-25T20:00:48Z
63453,pripognjena čeladica,sl,"","",,Slovenian,Matej Frančeškin,2023-12-25T20:04:54Z
68309,trpki zgručevec,sl,"","",,Slovenian,Matej Frančeškin,2023-12-26T11:39:52Z
485958,hrastov glivopor,sl,"","",,Slovenian,Matej Frančeškin,2023-12-26T11:46:46Z
60782,jelenova ščitovka,sl,"","",,Slovenian,Matej Frančeškin,2023-12-26T11:55:11Z
332508,sivorjavi zavihanec,sl,"","",,Slovenian,Matej Frančeškin,2023-12-26T15:57:18Z
1006543,vodenasta črnivka,sl,"","",,Slovenian,Matej Frančeškin,2023-12-26T16:04:39Z
339415,latvičasta palivka,sl,"","",,Slovenian,Matej Frančeškin,2023-12-26T16:10:16Z
54228,čopičasta griva,sl,"","",,Slovenian,Matej Frančeškin,2023-12-26T16:21:31Z
118166,žaltava korenarka,sl,"","",,Slovenian,Matej Frančeškin,2023-12-26T17:13:40Z
153459,okrasta golobica,sl,"","",,Slovenian,Matej Frančeškin,2023-12-26T17:29:23Z
544542,Queletov lupljivec,sl,"","",,Slovenian,Matej Frančeškin,2023-12-26T17:49:16Z
118101,cvetoča roža,sl,"","",,Slovenian,Matej Frančeškin,2023-12-26T17:50:20Z
194807,črnoluska kolobarnica,sl,"","",,Slovenian,Matej Frančeškin,2023-12-26T18:00:09Z
806599,luskava kolobarnica,sl,"","",,Slovenian,Matej Frančeškin,2023-12-26T20:57:52Z
340560,rumeneča kolobarnica,sl,"","",,Slovenian,Matej Frančeškin,2023-12-26T22:30:53Z
60902,zimski puhar,sl,"","",,Slovenian,Matej Frančeškin,2023-12-26T22:44:42Z
60903,puharji,sl,"","",,Slovenian,Matej Frančeškin,2023-12-27T12:43:35Z
352674,luskati puhar,sl,"","",,Slovenian,Matej Frančeškin,2023-12-27T22:54:26Z
332500,oranžna mlečnica,sl,"","",,Slovenian,Matej Frančeškin,2023-12-28T06:46:20Z
56318,sljudnati tintovec,sl,"","",,Slovenian,Matej Frančeškin,2023-12-28T06:47:18Z
567305,trdokožni zajček,sl,"","",,Slovenian,Matej Frančeškin,2023-12-28T06:59:55Z
116695,nakosmatena ploskocevka,sl,"","",,Slovenian,Matej Frančeškin,2023-12-28T07:25:19Z
159098,volčja češnja,sl,"","",https://www.inaturalist.org/taxon_names/2872449/edit,Slovenian,,2023-12-28T18:49:46Z
513328,jelkov bradovec,sl,"","",,Slovenian,Matej Frančeškin,2023-12-29T22:01:34Z
1521718,slezovolistni slak,sl,"","",https://www.inaturalist.org/taxon_names/2714318/edit,Slovenian,Errol Véla,2023-12-31T19:58:23Z
341797,prstena kolobarnica,sl,"","",,Slovenian,Matej Frančeškin,2024-01-03T12:22:06Z
926539,vmesna mlečnica,sl,"","",,Slovenian,Matej Frančeškin,2024-01-03T19:38:51Z
348989,beli govnar,sl,"","",,Slovenian,Matej Frančeškin,2024-01-06T20:07:29Z
633147,jelkina pološčenka,sl,"","",,Slovenian,Matej Frančeškin,2024-01-14T13:51:18Z
350616,hruškasta óglarka,sl,"","",,Slovenian,Matej Frančeškin,2024-01-15T07:41:14Z
1525548,vijoličasta kolesnica,sl,"","",https://www.inaturalist.org/taxon_names/2648015/edit,Slovenian,,2024-01-19T10:13:47Z
1525557,kolobarčasta livka,sl,"","",https://www.inaturalist.org/taxon_names/3522940/edit,Slovenian,,2024-01-19T10:17:31Z
1525557,kolobarčasta korenovka,sl,"","",,Slovenian,Matej Frančeškin,2024-01-19T11:27:35Z
55573,svetloroba trobljica,sl,"","",,Slovenian,Matej Frančeškin,2024-01-21T12:21:56Z
1109245,zlata majavka,sl,"","",,Slovenian,Matej Frančeškin,2024-01-26T16:30:40Z
55175,navadna žlička,sl,"","",,Slovenian,Matej Frančeškin,2024-01-31T21:00:03Z
352185,rumena griva,sl,"","",,Slovenian,Matej Frančeškin,2024-02-03T13:31:12Z
1045652,počrnela bolinka,sl,"","",,Slovenian,Matej Frančeškin,2024-02-04T12:35:22Z
363580,jelov privihanec,sl,"","",,Slovenian,Matej Frančeškin,2024-02-04T12:37:02Z
128521,Hadrijanov mavrahovec,sl,"","",,Slovenian,Matej Frančeškin,2024-02-05T10:35:57Z
47170,glive in lišaji,sl,"","",,Slovenian,Matej Frančeškin,2024-02-05T10:49:02Z
48250,zaprtotrosnice,sl,"","",,Slovenian,Matej Frančeškin,2024-02-05T10:50:29Z
47169,prostotrosnice,sl,"","",,Slovenian,Matej Frančeškin,2024-02-05T10:51:36Z
48717,skledarji,sl,"","",,Slovenian,Matej Frančeškin,2024-02-06T07:05:25Z
49205,loputarke,sl,"","",,Slovenian,Matej Frančeškin,2024-02-06T07:06:12Z
57373,skledarke,sl,"","",,Slovenian,Matej Frančeškin,2024-02-06T07:06:56Z
120277,gomoljarke,sl,"","",,Slovenian,Matej Frančeškin,2024-02-06T07:07:47Z
176008,prstenice,sl,"","",,Slovenian,Matej Frančeškin,2024-02-06T07:08:30Z
120278,gomoljike,sl,"","",,Slovenian,Matej Frančeškin,2024-02-06T07:09:11Z
1110733,sklede,sl,"","",,Slovenian,Matej Frančeškin,2024-02-06T07:10:55Z
1110760,skledičarke,sl,"","",,Slovenian,Matej Frančeškin,2024-02-06T07:11:39Z
194249,skledovci,sl,"","",,Slovenian,Matej Frančeškin,2024-02-06T07:12:28Z
1110785,paskledke,sl,"","",,Slovenian,Matej Frančeškin,2024-02-06T07:13:24Z
57372,skledice,sl,"","",,Slovenian,Matej Frančeškin,2024-02-06T07:14:10Z
1110794,kupe,sl,"","",,Slovenian,Matej Frančeškin,2024-02-06T07:14:56Z
68184,ćaše,sl,"","",,Slovenian,Matej Frančeškin,2024-02-06T07:15:37Z
175948,balzamije,sl,"","",,Slovenian,Matej Frančeškin,2024-02-06T07:16:45Z
1068988,loputarke,sl,"","",,Slovenian,Matej Frančeškin,2024-02-06T07:17:22Z
49206,loputarji,sl,"","",,Slovenian,Matej Frančeškin,2024-02-06T07:18:09Z
352484,pecljata torilka,sl,"","",,Slovenian,Matej Frančeškin,2024-02-06T07:20:27Z
210409,torilke,sl,"","",,Slovenian,Matej Frančeškin,2024-02-06T07:21:06Z
244489,čašasta torilka,sl,"","",,Slovenian,Matej Frančeškin,2024-02-06T07:22:10Z
375121,blazinice,sl,"","",,Slovenian,Matej Frančeškin,2024-02-06T07:24:14Z
47350,lisičkarji,sl,"","",,Slovenian,Matej Frančeškin,2024-02-06T07:28:50Z
48423,ježarke,sl,"","",,Slovenian,Matej Frančeškin,2024-02-06T07:29:25Z
47348,lisičke,sl,"","",,Slovenian,Matej Frančeškin,2024-02-06T07:30:15Z
63266,grivače,sl,"","",,Slovenian,Matej Frančeškin,2024-02-06T07:31:01Z
48611,trobente,sl,"","",,Slovenian,Matej Frančeškin,2024-02-06T07:31:51Z
48422,ježki,sl,"","",,Slovenian,Matej Frančeškin,2024-02-06T07:32:34Z
1144751,predivovke,sl,"","",,Slovenian,Matej Frančeškin,2024-02-06T07:33:18Z
175541,algoljubke,sl,"","",,Slovenian,Matej Frančeškin,2024-02-06T07:33:58Z
118091,igličnice,sl,"","",,Slovenian,Matej Frančeškin,2024-02-06T07:34:42Z
118045,raševinovke,sl,"","",,Slovenian,Matej Frančeškin,2024-02-06T07:36:08Z
152211,skorjarji,sl,"","",,Slovenian,Matej Frančeškin,2024-02-06T08:04:06Z
130932,skorjarke,sl,"","",,Slovenian,Matej Frančeškin,2024-02-06T08:04:42Z
354208,skorjevke,sl,"","",,Slovenian,Matej Frančeškin,2024-02-06T08:05:19Z
47380,luknjičarji,sl,"","",,Slovenian,Matej Frančeškin,2024-02-06T08:07:00Z
55974,kresilačarke,sl,"","",,Slovenian,Matej Frančeškin,2024-02-06T08:07:53Z
1131187,sinjepori,sl,"","",,Slovenian,Matej Frančeškin,2024-02-06T08:08:44Z
118048,trhlice,sl,"","",,Slovenian,Matej Frančeškin,2024-02-06T08:09:23Z
118056,kresilače,sl,"","",,Slovenian,Matej Frančeškin,2024-02-06T08:11:32Z
47379,luknjarke,sl,"","",,Slovenian,Matej Frančeškin,2024-02-06T08:21:16Z
895268,satovničarji,sl,"","",,Slovenian,Matej Frančeškin,2024-02-06T08:23:15Z
335138,nasršenci,sl,"","",,Slovenian,Matej Frančeškin,2024-02-06T08:23:55Z
959236,sinjetrosniki,sl,"","",,Slovenian,Matej Frančeškin,2024-02-06T08:25:54Z
959237,modri sinjetrosnik,sl,"","",,Slovenian,Matej Frančeškin,2024-02-06T08:26:49Z
124103,zvitocevke,sl,"","",,Slovenian,Matej Frančeškin,2024-02-06T08:28:30Z
127511,kresilke,sl,"","",,Slovenian,Matej Frančeškin,2024-02-06T08:29:15Z
48475,pološčenke,sl,"","",,Slovenian,Matej Frančeškin,2024-02-06T08:39:12Z
68311,strnjenke,sl,"","",,Slovenian,Matej Frančeškin,2024-02-06T08:39:55Z
496175,novostrnjenke,sl,"","",,Slovenian,Matej Frančeškin,2024-02-06T08:40:56Z
353024,večnoluknjičarji,sl,"","",,Slovenian,Matej Frančeškin,2024-02-06T08:41:58Z
510853,luknjičarke,sl,"","",,Slovenian,Matej Frančeškin,2024-02-06T08:50:59Z
906033,irhovci,sl,"","",,Slovenian,Matej Frančeškin,2024-02-06T08:51:46Z
50884,luknjičarji,sl,"","",,Slovenian,Matej Frančeškin,2024-02-06T08:52:20Z
47378,ploskocevke,sl,"","",,Slovenian,Matej Frančeškin,2024-02-06T08:53:45Z
1124967,večnoluknjičarke,sl,"","",,Slovenian,Matej Frančeškin,2024-02-06T08:54:45Z
956713,celoletniki,sl,"","",,Slovenian,Matej Frančeškin,2024-02-06T08:55:18Z
63019,glivčarke,sl,"","",,Slovenian,Matej Frančeškin,2024-02-06T08:56:04Z
63020,glivci,sl,"","",,Slovenian,Matej Frančeškin,2024-02-06T08:56:35Z
67595,panjevke,sl,"","",,Slovenian,Matej Frančeškin,2024-02-06T13:26:12Z
118036,škrlatni skladovec,sl,"","",,Slovenian,Matej Frančeškin,2024-02-06T13:31:21Z
118043,skladovci,sl,"","",,Slovenian,Matej Frančeškin,2024-02-06T13:31:49Z
47167,listarji,sl,"","",,Slovenian,Matej Frančeškin,2024-02-06T13:32:33Z
118249,mušničarke,sl,"","",,Slovenian,Matej Frančeškin,2024-02-06T13:35:40Z
48420,ščitarke,sl,"","",,Slovenian,Matej Frančeškin,2024-02-06T13:37:15Z
60783,ščitovke,sl,"","",,Slovenian,Matej Frančeškin,2024-02-06T13:37:44Z
379669,nožničarji,sl,"","",,Slovenian,Matej Frančeškin,2024-02-06T13:38:34Z
379669,veliki nožničar,sl,"","",,Slovenian,Matej Frančeškin,2024-02-06T13:39:02Z
48495,ostrigarke,sl,"","",,Slovenian,Matej Frančeškin,2024-02-06T13:40:41Z
48496,ostrigarji,sl,"","",,Slovenian,Matej Frančeškin,2024-02-06T13:41:36Z
205516,možinin ostrigar,sl,"","",,Slovenian,Matej Frančeškin,2024-02-06T13:42:24Z
47498,kolobarničarke,sl,"","",,Slovenian,Matej Frančeškin,2024-02-06T13:44:42Z
451027,lijevke,sl,"","",,Slovenian,Matej Frančeškin,2024-02-06T13:53:00Z
48704,koprenke,sl,"","",,Slovenian,Matej Frančeškin,2024-02-06T13:55:15Z
48705,koprenarke,sl,"","",,Slovenian,Matej Frančeškin,2024-02-06T13:56:43Z
1366838,trebušarke,sl,"","",,Slovenian,Matej Frančeškin,2024-02-06T13:57:39Z
1417326,koprenarji,sl,"","",,Slovenian,Matej Frančeškin,2024-02-06T13:58:16Z
1366568,sluzarke,sl,"","",,Slovenian,Matej Frančeškin,2024-02-06T13:59:10Z
54574,cepilistarke,sl,"","",,Slovenian,Matej Frančeškin,2024-02-06T14:01:39Z
54575,cepilistke,sl,"","",,Slovenian,Matej Frančeškin,2024-02-06T14:02:06Z
451041,uhata cepilistka,sl,"","",,Slovenian,Matej Frančeškin,2024-02-06T14:02:36Z
337850,prožna lupljivka,sl,"","",,Slovenian,Matej Frančeškin,2024-02-06T14:03:54Z
53490,lupljivke,sl,"","",,Slovenian,Matej Frančeškin,2024-02-06T14:04:24Z
48427,cevarji,sl,"","",,Slovenian,Matej Frančeškin,2024-02-06T14:05:03Z
48702,cevarke,sl,"","",,Slovenian,Matej Frančeškin,2024-02-06T14:05:53Z
55922,čeladice,sl,"","",,Slovenian,Matej Frančeškin,2024-02-06T14:07:11Z
416506,postrančarke,sl,"","",,Slovenian,Matej Frančeškin,2024-02-06T14:08:49Z
118288,postrančice,sl,"","",,Slovenian,Matej Frančeškin,2024-02-06T14:09:20Z
48707,grive,sl,"","",,Slovenian,Matej Frančeškin,2024-02-06T14:10:25Z
48710,žilolistarke,sl,"","",,Slovenian,Matej Frančeškin,2024-02-06T14:11:02Z
51131,žilolistke,sl,"","",,Slovenian,Matej Frančeškin,2024-02-06T14:11:36Z
175807,trebuhovke,sl,"","",,Slovenian,Matej Frančeškin,2024-02-06T14:12:28Z
349690,grmovke,sl,"","",,Slovenian,Matej Frančeškin,2024-02-06T14:13:18Z
55153,kijci,sl,"","",,Slovenian,Matej Frančeškin,2024-02-06T14:14:19Z
55503,slojevke,sl,"","",,Slovenian,Matej Frančeškin,2024-02-06T14:15:54Z
55502,slojarke,sl,"","",,Slovenian,Matej Frančeškin,2024-02-06T14:16:22Z
48341,golobičarji,sl,"","",,Slovenian,Matej Frančeškin,2024-02-06T14:17:09Z
55176,žličarke,sl,"","",,Slovenian,Matej Frančeškin,2024-02-06T14:17:41Z
136343,grmulje,sl,"","",,Slovenian,Matej Frančeškin,2024-02-06T14:18:07Z
334704,cvetoča grmulja,sl,"","",,Slovenian,Matej Frančeškin,2024-02-06T14:18:34Z
118238,žilavke,sl,"","",,Slovenian,Matej Frančeškin,2024-02-06T14:19:26Z
351359,janeževa žilavka,sl,"","",,Slovenian,Matej Frančeškin,2024-02-06T14:19:49Z
55177,žličke,sl,"","",,Slovenian,Matej Frančeškin,2024-02-06T14:20:29Z
54597,"mlečnice, sirovke",sl,"","",,Slovenian,Matej Frančeškin,2024-02-06T14:22:12Z
48419,"mušnice, lupinarji",sl,"","",,Slovenian,Matej Frančeškin,2024-02-06T14:25:47Z
54203,"dedi, turki",sl,"","",,Slovenian,Matej Frančeškin,2024-02-06T14:27:37Z
332503,dedki,sl,"","",,Slovenian,Matej Frančeškin,2024-02-06T14:28:21Z
363586,žlahtni dedek,sl,"","",,Slovenian,Matej Frančeškin,2024-02-06T14:29:25Z
55569,zamazanke,sl,"","",,Slovenian,Matej Frančeškin,2024-02-06T14:53:35Z
50816,uhljarke,sl,"","",,Slovenian,Matej Frančeškin,2024-02-06T14:54:04Z
50817,uhljevke,sl,"","",,Slovenian,Matej Frančeškin,2024-02-06T14:54:36Z
50815,uhljarji,sl,"","",,Slovenian,Matej Frančeškin,2024-02-06T14:55:30Z
348834,drhtavci,sl,"","",,Slovenian,Matej Frančeškin,2024-02-06T14:58:16Z
332511,gostolistke,sl,"","",,Slovenian,Matej Frančeškin,2024-02-06T16:48:34Z
1529300,gostolistarke,sl,"","",,Slovenian,Matej Frančeškin,2024-02-06T16:49:36Z
49136,čašice,sl,"","",,Slovenian,Matej Frančeškin,2024-02-06T16:51:03Z
194483,sršati luknjač,sl,"","",,Slovenian,Matej Frančeškin,2024-02-06T16:53:13Z
57527,luknjači,sl,"","",,Slovenian,Matej Frančeškin,2024-02-06T16:53:41Z
57518,usnjarke,sl,"","",,Slovenian,Matej Frančeškin,2024-02-06T16:54:12Z
352247,glivopori,sl,"","",,Slovenian,Matej Frančeškin,2024-02-06T16:55:02Z
54593,mavrahovci,sl,"","",,Slovenian,Matej Frančeškin,2024-02-06T20:35:51Z
63582,klinčki,sl,"","",,Slovenian,Matej Frančeškin,2024-02-06T20:37:04Z
56534,navadna mrežnica,sl,"","",,Slovenian,Matej Frančeškin,2024-02-06T20:39:33Z
51137,mrežnice,sl,"","",,Slovenian,Matej Frančeškin,2024-02-06T20:40:31Z
67347,velepodvihanke,sl,"","",,Slovenian,Matej Frančeškin,2024-02-06T20:43:07Z
450829,majniška lepoglavka,sl,"","",,Slovenian,Matej Frančeškin,2024-02-06T20:46:49Z
358134,lepoglavke,sl,"","",,Slovenian,Matej Frančeškin,2024-02-06T20:47:25Z
118022,bradavičke,sl,"","",,Slovenian,Matej Frančeškin,2024-02-06T20:52:39Z
1364979,spolzenci,sl,"","",,Slovenian,Matej Frančeškin,2024-02-06T20:55:50Z
1364980,pokapani spolzenec,sl,"","",,Slovenian,Matej Frančeškin,2024-02-06T20:56:32Z
544554,vražji rubinovec,sl,"","",,Slovenian,Matej Frančeškin,2024-02-06T20:58:20Z
544553,rubinovci,sl,"","",,Slovenian,Matej Frančeškin,2024-02-06T20:59:00Z
372727,maslenci,sl,"","",,Slovenian,Matej Frančeškin,2024-02-06T20:59:54Z
372726,rumeni maslenec,sl,"","",,Slovenian,Matej Frančeškin,2024-02-06T21:00:39Z
372725,kraljevi maslenec,sl,"","",,Slovenian,Matej Frančeškin,2024-02-06T21:01:25Z
415479,postavneži,sl,"","",,Slovenian,Matej Frančeškin,2024-02-06T21:02:14Z
507493,grenki postavnež,sl,"","",,Slovenian,Matej Frančeškin,2024-02-06T21:02:54Z
119970,puhovke,sl,"","",,Slovenian,Matej Frančeškin,2024-02-06T21:04:53Z
56535,rdečeča zelenolistka,sl,"","",,Slovenian,Matej Frančeškin,2024-02-06T21:06:42Z
56536,zelenolistke,sl,"","",,Slovenian,Matej Frančeškin,2024-02-06T21:07:23Z
54026,gologlavke,sl,"","",,Slovenian,Matej Frančeškin,2024-02-07T07:17:24Z
179652,azurna gologlavka,sl,"","",,Slovenian,Matej Frančeškin,2024-02-07T07:18:39Z
206899,modrobetna gologlavka,sl,"","",,Slovenian,Matej Frančeškin,2024-02-07T07:19:23Z
179085,modreča gologlavka,sl,"","",,Slovenian,Matej Frančeškin,2024-02-07T07:20:30Z
54025,zašiljena gologlavka,sl,"","",,Slovenian,Matej Frančeškin,2024-02-07T07:21:16Z
518938,srbska gologlavka,sl,"","",,Slovenian,Matej Frančeškin,2024-02-07T07:21:54Z
328244,karibska gologlavka,sl,"","",,Slovenian,Matej Frančeškin,2024-02-07T07:23:33Z
416512,koreninarke,sl,"","",,Slovenian,Matej Frančeškin,2024-02-07T07:24:50Z
47394,kukmarke,sl,"","",,Slovenian,Matej Frančeškin,2024-02-07T07:26:55Z
119985,kukmakovci,sl,"","",,Slovenian,Matej Frančeškin,2024-02-07T07:29:05Z
49548,kukmaki,sl,"","",,Slovenian,Matej Frančeškin,2024-02-07T07:29:50Z
143563,travniški kukmak,sl,"","",,Slovenian,Matej Frančeškin,2024-02-07T07:30:54Z
85399,dežnikovci,sl,"","",,Slovenian,Matej Frančeškin,2024-02-07T07:33:45Z
63402,dežniki,sl,"","",,Slovenian,Matej Frančeškin,2024-02-07T07:34:33Z
58695,dežnički,sl,"","",,Slovenian,Matej Frančeškin,2024-02-07T07:36:18Z
47393,tintnice,sl,"","",,Slovenian,Matej Frančeškin,2024-02-07T07:40:24Z
516951,tintarke,sl,"","",,Slovenian,Matej Frančeškin,2024-02-07T07:41:10Z
67745,črnivke,sl,"","",,Slovenian,Matej Frančeškin,2024-02-07T07:42:15Z
48768,strniščarke,sl,"","",,Slovenian,Matej Frančeškin,2024-02-07T07:44:31Z
47166,rdečelistarke,sl,"","",,Slovenian,Matej Frančeškin,2024-02-07T07:46:10Z
47165,rdečelistke,sl,"","",,Slovenian,Matej Frančeškin,2024-02-07T07:46:54Z
64709,mokarice,sl,"","",,Slovenian,Matej Frančeškin,2024-02-07T07:47:47Z
118172,rusoglavke,sl,"","",,Slovenian,Matej Frančeškin,2024-02-07T07:48:26Z
47166,blestivci,sl,"","",,Slovenian,Matej Frančeškin,2024-02-07T07:48:58Z
496872,blestivci,sl,"","",,Slovenian,Matej Frančeškin,2024-02-07T07:49:50Z
48339,golobice,sl,"","",,Slovenian,Matej Frančeškin,2024-02-07T07:56:38Z
353211,mlečniki,sl,"","",,Slovenian,Matej Frančeškin,2024-02-07T07:57:34Z
63543,lisičkovci,sl,"","",,Slovenian,Matej Frančeškin,2024-02-07T07:58:43Z
63538,divji lisičkovec,sl,"","",,Slovenian,Matej Frančeškin,2024-02-07T07:59:41Z
48769,žveplenjače,sl,"","",,Slovenian,Matej Frančeškin,2024-02-07T08:01:13Z
55930,mraznice,sl,"","",,Slovenian,Matej Frančeškin,2024-02-07T08:03:06Z
895036,štorovci,sl,"","",,Slovenian,Matej Frančeškin,2024-02-07T08:03:49Z
895035,dobov štorovec,sl,"","",,Slovenian,Matej Frančeškin,2024-02-07T08:04:38Z
64014,livkarji,sl,"","",,Slovenian,Matej Frančeškin,2024-02-07T08:05:34Z
64021,oljkov livkar,sl,"","",,Slovenian,Matej Frančeškin,2024-02-07T08:06:01Z
83198,plamenke,sl,"","",,Slovenian,Matej Frančeškin,2024-02-07T08:06:59Z
64076,luskinarji,sl,"","",,Slovenian,Matej Frančeškin,2024-02-07T08:07:43Z
417408,strniščarke,sl,"","",,Slovenian,Matej Frančeškin,2024-02-07T08:08:35Z
578451,topolovke,sl,"","",,Slovenian,Matej Frančeškin,2024-02-07T08:10:30Z
118395,njivnice,sl,"","",,Slovenian,Matej Frančeškin,2024-02-07T08:11:32Z
53282,strniščarji,sl,"","",,Slovenian,Matej Frančeškin,2024-02-07T08:12:19Z
53283,strniščnice,sl,"","",,Slovenian,Matej Frančeškin,2024-02-07T08:13:03Z
154391,korenovke,sl,"","",,Slovenian,Matej Frančeškin,2024-02-07T08:15:36Z
55591,kolesnice,sl,"","",,Slovenian,Matej Frančeškin,2024-02-07T08:16:10Z
54895,bledivke,sl,"","",,Slovenian,Matej Frančeškin,2024-02-07T08:17:48Z
55575,trobljice,sl,"","",,Slovenian,Matej Frančeškin,2024-02-07T08:18:27Z
118262,govnarji,sl,"","",,Slovenian,Matej Frančeškin,2024-02-07T08:19:08Z
48522,tintovke,sl,"","",,Slovenian,Matej Frančeškin,2024-02-07T08:19:40Z
56315,tintovci,sl,"","",,Slovenian,Matej Frančeškin,2024-02-07T08:20:06Z
56311,črnilovke,sl,"","",,Slovenian,Matej Frančeškin,2024-02-07T08:20:39Z
55473,smetiščarji,sl,"","",,Slovenian,Matej Frančeškin,2024-02-07T08:21:25Z
51871,vlažnice,sl,"","",,Slovenian,Matej Frančeškin,2024-02-07T08:21:54Z
143385,vlažničarke,sl,"","",,Slovenian,Matej Frančeškin,2024-02-07T08:22:41Z
51870,polžarke,sl,"","",,Slovenian,Matej Frančeškin,2024-02-07T08:23:16Z
622579,navlaženke,sl,"","",,Slovenian,Matej Frančeškin,2024-02-07T08:24:26Z
56253,zvončnice,sl,"","",,Slovenian,Matej Frančeškin,2024-02-07T08:25:04Z
118174,mahoživke,sl,"","",,Slovenian,Matej Frančeškin,2024-02-07T08:25:49Z
118297,kučmice,sl,"","",,Slovenian,Matej Frančeškin,2024-02-07T08:26:21Z
153034,štorovke,sl,"","",,Slovenian,Matej Frančeškin,2024-02-07T08:26:57Z
374751,luskinavke,sl,"","",,Slovenian,Matej Frančeškin,2024-02-07T08:27:51Z
63392,trhlenke,sl,"","",,Slovenian,Matej Frančeškin,2024-02-07T08:28:43Z
62484,kolobarnice,sl,"","",,Slovenian,Matej Frančeškin,2024-02-07T08:29:20Z
54625,livke,sl,"","",,Slovenian,Matej Frančeškin,2024-02-07T08:29:59Z
63108,polževke,sl,"","",,Slovenian,Matej Frančeškin,2024-02-07T08:30:31Z
192716,medlenke,sl,"","",,Slovenian,Matej Frančeškin,2024-02-07T08:30:56Z
58679,razcepljenke,sl,"","",,Slovenian,Matej Frančeškin,2024-02-07T08:31:28Z
1112464,parazcepljenke,sl,"","",,Slovenian,Matej Frančeškin,2024-02-07T08:32:05Z
54067,sehlice,sl,"","",,Slovenian,Matej Frančeškin,2024-02-07T08:32:38Z
374622,pakorenovke,sl,"","",,Slovenian,Matej Frančeškin,2024-02-07T08:33:14Z
55293,korenovci,sl,"","",,Slovenian,Matej Frančeškin,2024-02-07T08:33:50Z
118165,korenarke,sl,"","",,Slovenian,Matej Frančeškin,2024-02-07T08:34:23Z
55965,širokolistke,sl,"","",,Slovenian,Matej Frančeškin,2024-02-07T08:35:07Z
63285,velekorenovke,sl,"","",,Slovenian,Matej Frančeškin,2024-02-07T08:35:39Z
1090285,razcepljenci,sl,"","",,Slovenian,Matej Frančeškin,2024-02-07T08:36:33Z
154755,vlagoleske,sl,"","",,Slovenian,Matej Frančeškin,2024-02-07T08:37:09Z
130944,črnivci,sl,"","",,Slovenian,Matej Frančeškin,2024-02-07T08:37:40Z
1179953,kandolovke,sl,"","",,Slovenian,Matej Frančeškin,2024-02-07T08:38:24Z
117228,stožke,sl,"","",,Slovenian,Matej Frančeškin,2024-02-07T08:39:42Z
118269,luskinčki,sl,"","",,Slovenian,Matej Frančeškin,2024-02-07T08:40:18Z
118264,sehlički,sl,"","",,Slovenian,Matej Frančeškin,2024-02-07T08:41:34Z
118357,žoltotroske,sl,"","",,Slovenian,Matej Frančeškin,2024-02-07T08:42:16Z
123895,cevače,sl,"","",,Slovenian,Matej Frančeškin,2024-02-07T08:42:49Z
48431,lepoluknjičarji,sl,"","",,Slovenian,Matej Frančeškin,2024-02-07T08:43:42Z
544547,vrtnikovci,sl,"","",,Slovenian,Matej Frančeškin,2024-02-07T08:44:59Z
48703,gobani,sl,"","",,Slovenian,Matej Frančeškin,2024-02-07T08:46:05Z
1248679,debelozobi spužvar,sl,"","",,Slovenian,Matej Frančeškin,2024-02-07T08:48:52Z
1248673,spužvarji,sl,"","",,Slovenian,Matej Frančeškin,2024-02-07T08:49:09Z
49160,bradovci,sl,"","",,Slovenian,Matej Frančeškin,2024-02-07T08:50:07Z
118070,skutovci,sl,"","",,Slovenian,Matej Frančeškin,2024-02-07T08:51:08Z
959314,skutnikovci,sl,"","",,Slovenian,Matej Frančeškin,2024-02-07T08:51:48Z
130948,sirovci,sl,"","",,Slovenian,Matej Frančeškin,2024-02-07T08:52:18Z
54165,ledenke,sl,"","",,Slovenian,Matej Frančeškin,2024-02-07T08:53:03Z
63482,grenivci,sl,"","",,Slovenian,Matej Frančeškin,2024-02-07T12:17:38Z
510855,polstenovci,sl,"","",,Slovenian,Matej Frančeškin,2024-02-07T12:18:36Z
118154,polstenke,sl,"","",,Slovenian,Matej Frančeškin,2024-02-07T12:19:07Z
416305,polstenci,sl,"","",,Slovenian,Matej Frančeškin,2024-02-07T12:19:48Z
354166,zlatopori,sl,"","",,Slovenian,Matej Frančeškin,2024-02-07T12:20:25Z
542659,turkovci,sl,"","",,Slovenian,Matej Frančeškin,2024-02-07T12:21:29Z
636545,cevarji,sl,"","",,Slovenian,Matej Frančeškin,2024-02-07T12:22:01Z
544550,zlatocevarji,sl,"","",,Slovenian,Matej Frančeškin,2024-02-07T12:22:45Z
553906,novogobani,sl,"","",,Slovenian,Matej Frančeškin,2024-02-07T12:23:16Z
446872,lupljivci,sl,"","",,Slovenian,Matej Frančeškin,2024-02-07T12:23:46Z
824667,velegobani,sl,"","",,Slovenian,Matej Frančeškin,2024-02-07T12:24:17Z
518642,modrivci,sl,"","",,Slovenian,Matej Frančeškin,2024-02-07T12:24:48Z
125692,bledotrosniki,sl,"","",,Slovenian,Matej Frančeškin,2024-02-07T12:25:33Z
353207,porfirniki,sl,"","",,Slovenian,Matej Frančeškin,2024-02-07T12:27:16Z
118365,bakrenopori,sl,"","",,Slovenian,Matej Frančeškin,2024-02-07T12:28:02Z
48640,polžarji,sl,"","",,Slovenian,Matej Frančeškin,2024-02-07T12:29:06Z
48425,slinarji,sl,"","",,Slovenian,Matej Frančeškin,2024-02-07T12:29:38Z
205872,prekatniki,sl,"","",,Slovenian,Matej Frančeškin,2024-02-07T12:30:31Z
125751,pagobani,sl,"","",,Slovenian,Matej Frančeškin,2024-02-07T12:31:27Z
55929,trdokožnice,sl,"","",,Slovenian,Matej Frančeškin,2024-02-07T12:32:03Z
175846,košutnice,sl,"","",,Slovenian,Matej Frančeškin,2024-02-07T12:32:50Z
375252,glavateži,sl,"","",,Slovenian,Matej Frančeškin,2024-02-07T12:33:29Z
58707,glavatci,sl,"","",,Slovenian,Matej Frančeškin,2024-02-07T12:34:08Z
179205,glavatniki,sl,"","",,Slovenian,Matej Frančeškin,2024-02-07T12:34:54Z
53280,solzovke,sl,"","",,Slovenian,Matej Frančeškin,2024-02-07T12:35:40Z
48532,drhtavke,sl,"","",,Slovenian,Matej Frančeškin,2024-02-07T12:36:32Z
48531,drhtavkarke,sl,"","",,Slovenian,Matej Frančeškin,2024-02-07T12:36:56Z
994028,drhtavčice,sl,"","",,Slovenian,Matej Frančeškin,2024-02-07T12:37:50Z
48444,prašnice,sl,"","",,Slovenian,Matej Frančeškin,2024-02-07T12:39:14Z
48445,prašničarke,sl,"","",,Slovenian,Matej Frančeškin,2024-02-07T12:39:40Z
972792,prašničarke,sl,"","",,Slovenian,Matej Frančeškin,2024-02-07T12:40:23Z
81948,kadilčki,sl,"","",,Slovenian,Matej Frančeškin,2024-02-07T12:40:45Z
57693,plešivke,sl,"","",,Slovenian,Matej Frančeškin,2024-02-07T12:41:14Z
63839,grahovci,sl,"","",,Slovenian,Matej Frančeškin,2024-02-07T12:42:38Z
125713,kuštravci,sl,"","",,Slovenian,Matej Frančeškin,2024-02-07T12:44:17Z
62475,koreninke,sl,"","",,Slovenian,Matej Frančeškin,2024-02-07T12:46:06Z
63077,zvezdice,sl,"","",,Slovenian,Matej Frančeškin,2024-02-07T12:47:49Z
48774,zvezdeži,sl,"","",,Slovenian,Matej Frančeškin,2024-02-07T12:48:25Z
179106,prašnikarji,sl,"","",,Slovenian,Matej Frančeškin,2024-02-07T12:49:32Z
55014,zvezdarke,sl,"","",,Slovenian,Matej Frančeškin,2024-02-07T12:49:59Z
55015,bucikarji,sl,"","",,Slovenian,Matej Frančeškin,2024-02-07T12:50:24Z
68301,koški,sl,"","",,Slovenian,Matej Frančeškin,2024-02-07T12:51:09Z
120031,lonćki,sl,"","",,Slovenian,Matej Frančeškin,2024-02-07T12:51:46Z
359415,skodelnice,sl,"","",,Slovenian,Matej Frančeškin,2024-02-07T12:52:55Z
63408,rožički,sl,"","",,Slovenian,Matej Frančeškin,2024-02-07T12:53:44Z
121688,ščetinci,sl,"","",,Slovenian,Matej Frančeškin,2024-02-07T12:54:20Z
48719,latvice,sl,"","",,Slovenian,Matej Frančeškin,2024-02-07T12:55:17Z
57369,ušesa,sl,"","",,Slovenian,Matej Frančeškin,2024-02-07T12:55:54Z
85118,hrčki,sl,"","",,Slovenian,Matej Frančeškin,2024-02-07T12:56:27Z
56830,smrčki,sl,"","",,Slovenian,Matej Frančeškin,2024-02-07T12:57:33Z
49072,želatinke,sl,"","",,Slovenian,Matej Frančeškin,2024-02-07T12:58:14Z
63072,novobolgarke,sl,"","",,Slovenian,Matej Frančeškin,2024-02-07T12:58:54Z
374950,jedrnice,sl,"","",,Slovenian,Matej Frančeškin,2024-02-07T12:59:24Z
126912,ponvice,sl,"","",,Slovenian,Matej Frančeškin,2024-02-07T13:00:45Z
122336,ježevci,sl,"","",,Slovenian,Matej Frančeškin,2024-02-07T13:01:35Z
52528,ježevke,sl,"","",,Slovenian,Matej Frančeškin,2024-02-07T13:02:19Z
118110,rože,sl,"","",,Slovenian,Matej Frančeškin,2024-02-07T13:02:52Z
55268,lesenjače,sl,"","",,Slovenian,Matej Frančeškin,2024-02-07T13:03:38Z
58713,žare,sl,"","",,Slovenian,Matej Frančeškin,2024-02-07T13:04:18Z
83421,bolgarke,sl,"","",,Slovenian,Matej Frančeškin,2024-02-07T13:04:53Z
352992,polpletenke,sl,"","",,Slovenian,Matej Frančeškin,2024-02-07T13:05:25Z
53886,kijevke,sl,"","",,Slovenian,Matej Frančeškin,2024-02-07T13:06:17Z
49461,kijarke,sl,"","",,Slovenian,Matej Frančeškin,2024-02-07T13:06:40Z
55275,grivenke,sl,"","",,Slovenian,Matej Frančeškin,2024-02-07T13:07:19Z
328325,štrlinke,sl,"","",,Slovenian,Matej Frančeškin,2024-02-07T13:08:14Z
48246,pajčevinke,sl,"","",,Slovenian,Matej Frančeškin,2024-02-07T13:09:05Z
118088,rjavopori,sl,"","",,Slovenian,Matej Frančeškin,2024-02-07T13:09:34Z
48510,školjkarice,sl,"","",,Slovenian,Matej Frančeškin,2024-02-07T13:10:43Z
154753,ostrigovci,sl,"","",,Slovenian,Matej Frančeškin,2024-02-07T13:11:21Z
203715,hrbtiščarji,sl,"","",,Slovenian,Matej Frančeškin,2024-02-07T13:11:52Z
118047,bjerkandere,sl,"","",,Slovenian,Matej Frančeškin,2024-02-07T13:12:35Z
335958,ploščki,sl,"","",,Slovenian,Matej Frančeškin,2024-02-07T14:56:15Z
118040,trdikovci,sl,"","",,Slovenian,Matej Frančeškin,2024-02-07T14:56:57Z
179736,plutozobi,sl,"","",,Slovenian,Matej Frančeškin,2024-02-07T15:00:15Z
53716,zraščenke,sl,"","",,Slovenian,Matej Frančeškin,2024-02-07T15:00:55Z
125757,velezraščenke,sl,"","",,Slovenian,Matej Frančeškin,2024-02-07T15:01:27Z
84226,bondarčevke,sl,"","",,Slovenian,Matej Frančeškin,2024-02-07T15:01:59Z
57523,luknjevci,sl,"","",,Slovenian,Matej Frančeškin,2024-02-07T15:03:45Z
118049,polluknjičarji,sl,"","",,Slovenian,Matej Frančeškin,2024-02-07T15:04:30Z
118085,žilnice,sl,"","",,Slovenian,Matej Frančeškin,2024-02-07T15:05:40Z
118119,apnenke,sl,"","",,Slovenian,Matej Frančeškin,2024-02-07T15:06:09Z
194479,zvitoluknjičarji,sl,"","",,Slovenian,Matej Frančeškin,2024-02-07T15:06:45Z
179075,trdocevke,sl,"","",,Slovenian,Matej Frančeškin,2024-02-07T15:07:19Z
199962,zobeži,sl,"","",,Slovenian,Matej Frančeškin,2024-02-07T15:07:49Z
202427,voskocevke,sl,"","",,Slovenian,Matej Frančeškin,2024-02-07T15:08:31Z
118097,bodički,sl,"","",,Slovenian,Matej Frančeškin,2024-02-07T15:09:12Z
499312,zóbniki,sl,"","",,Slovenian,Matej Frančeškin,2024-02-07T15:10:03Z
332467,brestova uhljevka,sl,"","",,Slovenian,Matej Frančeškin,2024-02-08T12:16:14Z
154949,Peckova ježevka,sl,"","",,Slovenian,Matej Frančeškin,2024-02-08T13:54:49Z
52527,bodičarke,sl,"","",,Slovenian,Matej Frančeškin,2024-02-08T13:55:28Z
118108,rožarke,sl,"","",,Slovenian,Matej Frančeškin,2024-02-08T13:56:11Z
194478,gobanovci,sl,"","",,Slovenian,Matej Frančeškin,2024-02-08T13:57:20Z
354186,zvitopori,sl,"","",,Slovenian,Matej Frančeškin,2024-02-08T13:58:35Z
795093,risnikovci,sl,"","",,Slovenian,Matej Frančeškin,2024-02-09T09:23:35Z
1453912,glavati risnikovec,sl,"","",,Slovenian,Matej Frančeškin,2024-02-09T09:24:29Z
332677,palivke,sl,"","",,Slovenian,Matej Frančeškin,2024-02-09T09:25:10Z
1096395,podviharke,sl,"","",,Slovenian,Matej Frančeškin,2024-02-09T09:25:58Z
1096394,palivkarke,sl,"","",,Slovenian,Matej Frančeškin,2024-02-09T09:26:44Z
1155395,livkarke,sl,"","",,Slovenian,Matej Frančeškin,2024-02-09T09:27:18Z
118257,popkarice,sl,"","",,Slovenian,Matej Frančeškin,2024-02-09T09:28:02Z
1180517,popkarke,sl,"","",,Slovenian,Matej Frančeškin,2024-02-09T09:28:32Z
118248,zajčki,sl,"","",,Slovenian,Matej Frančeškin,2024-02-09T09:29:35Z
118247,zajčarke,sl,"","",,Slovenian,Matej Frančeškin,2024-02-09T09:29:54Z
1181402,velemešičkarke,sl,"","",,Slovenian,Matej Frančeškin,2024-02-09T09:31:15Z
49546,velemešičkarice,sl,"","",,Slovenian,Matej Frančeškin,2024-02-09T09:31:41Z
1128007,žoltotroskarke,sl,"","",,Slovenian,Matej Frančeškin,2024-02-09T09:32:31Z
55472,smetiščarke,sl,"","",,Slovenian,Matej Frančeškin,2024-02-09T09:33:38Z
1181092,puharke,sl,"","",,Slovenian,Matej Frančeškin,2024-02-09T09:34:07Z
375208,luskomušnice,sl,"","",,Slovenian,Matej Frančeškin,2024-02-09T09:35:01Z
923956,luskomušničarke,sl,"","",,Slovenian,Matej Frančeškin,2024-02-09T09:35:17Z
416523,trobljičarke,sl,"","",,Slovenian,Matej Frančeškin,2024-02-09T09:35:56Z
67341,tramovke,sl,"","",,Slovenian,Matej Frančeškin,2024-02-09T09:40:45Z
328266,plutovci,sl,"","",,Slovenian,Matej Frančeškin,2024-02-09T09:41:29Z
335959,gostoluknjičarji,sl,"","",,Slovenian,Matej Frančeškin,2024-02-09T09:42:39Z
130931,irhovke,sl,"","",,Slovenian,Matej Frančeškin,2024-02-09T09:43:13Z
118087,plutači,sl,"","",,Slovenian,Matej Frančeškin,2024-02-09T09:43:59Z
118086,labirintniki,sl,"","",,Slovenian,Matej Frančeškin,2024-02-09T09:44:50Z
129039,mehkopori,sl,"","",,Slovenian,Matej Frančeškin,2024-02-09T09:45:41Z
202468,usnjevke,sl,"","",,Slovenian,Matej Frančeškin,2024-02-09T09:46:17Z
1038653,usnjevci,sl,"","",,Slovenian,Matej Frančeškin,2024-02-09T09:47:26Z
3901,Mali škurh,sl,"","",,Slovenian,Alenka Mihoric,2024-02-13T08:30:26Z
499767,šotoživke,sl,"","",,Slovenian,Matej Frančeškin,2024-02-13T10:17:59Z
499759,strniščniki,sl,"","",,Slovenian,Matej Frančeškin,2024-02-13T10:19:40Z
1179669,luskinarke,sl,"","",,Slovenian,Matej Frančeškin,2024-02-13T10:20:19Z
355978,risniki,sl,"","",,Slovenian,Matej Frančeškin,2024-02-13T10:22:27Z
1061811,rožnati risnik,sl,"","",,Slovenian,Matej Frančeškin,2024-02-13T10:23:03Z
63473,redkvičasta čeladica,sl,"","",,Slovenian,Matej Frančeškin,2024-02-13T10:23:58Z
348711,papagajska vlažničarka,sl,"","",,Slovenian,Matej Frančeškin,2024-02-13T10:25:04Z
52530,listarji,sl,"","",,Slovenian,Matej Frančeškin,2024-02-13T10:28:27Z
118205,podvihanci,sl,"","",,Slovenian,Matej Frančeškin,2024-02-13T10:29:24Z
179047,pazgubanci,sl,"","",,Slovenian,Matej Frančeškin,2024-02-13T10:29:56Z
55943,podvihanke,sl,"","",,Slovenian,Matej Frančeškin,2024-02-13T10:33:19Z
55942,podviharke,sl,"","",,Slovenian,Matej Frančeškin,2024-02-13T10:34:14Z
63586,zgručevke,sl,"","",,Slovenian,Matej Frančeškin,2024-02-13T10:35:04Z
63585,pozna zgručevka,sl,"","",,Slovenian,Matej Frančeškin,2024-02-13T10:35:51Z
55941,navadna podvihanka,sl,"","",,Slovenian,Matej Frančeškin,2024-02-13T10:40:37Z
194282,sluzava koprenka,sl,"","",,Slovenian,Matej Frančeškin,2024-02-13T10:45:53Z
499702,koničarji,sl,"","",,Slovenian,Matej Frančeškin,2024-02-13T11:00:29Z
203670,česnovke,sl,"","",,Slovenian,Matej Frančeškin,2024-02-13T11:02:33Z
1134741,dolgobetna česnovka,sl,"","",,Slovenian,Matej Frančeškin,2024-02-13T11:03:14Z
203669,začimbna česnovka,sl,"","",,Slovenian,Matej Frančeškin,2024-02-13T11:03:43Z
123352,nazobčanci,sl,"","",,Slovenian,Matej Frančeškin,2024-02-13T11:05:16Z
335949,betičevke,sl,"","",,Slovenian,Matej Frančeškin,2024-02-13T11:08:37Z
54715,kijevci,sl,"","",,Slovenian,Matej Frančeškin,2024-02-13T11:09:43Z
154988,črvičevke,sl,"","",,Slovenian,Matej Frančeškin,2024-02-13T11:10:24Z
205763,jezički,sl,"","",,Slovenian,Matej Frančeškin,2024-02-13T11:11:07Z
58672,kapičarke,sl,"","",,Slovenian,Matej Frančeškin,2024-02-13T11:11:37Z
58673,kapičarke,sl,"","",,Slovenian,Matej Frančeškin,2024-02-13T11:12:18Z
175945,ščitoglavke,sl,"","",,Slovenian,Matej Frančeškin,2024-02-13T11:13:11Z
174939,lopatice,sl,"","",,Slovenian,Matej Frančeškin,2024-02-13T11:13:54Z
120552,kapice,sl,"","",,Slovenian,Matej Frančeškin,2024-02-13T11:14:37Z
375294,potočke,sl,"","",,Slovenian,Matej Frančeškin,2024-02-13T11:15:34Z
717370,dvobarvni bodiček,sl,"","",,Slovenian,Matej Frančeškin,2024-02-14T11:55:42Z
68308,zgručevci,sl,"","",,Slovenian,Matej Frančeškin,2024-02-14T21:37:03Z
464317,nabranke,sl,"","",,Slovenian,Matej Frančeškin,2024-02-14T21:39:51Z
118077,pokrivači,sl,"","",,Slovenian,Matej Frančeškin,2024-02-14T21:40:59Z
130927,rašpovci,sl,"","",,Slovenian,Matej Frančeškin,2024-02-14T21:42:06Z
332679,strgači,sl,"","",,Slovenian,Matej Frančeškin,2024-02-14T21:43:04Z
203700,bodičevke,sl,"","",,Slovenian,Matej Frančeškin,2024-02-14T21:43:51Z
155079,iglovke,sl,"","",,Slovenian,Matej Frančeškin,2024-02-14T21:44:26Z
496778,sluzače,sl,"","",,Slovenian,Matej Frančeškin,2024-02-14T21:45:37Z
55879,opnovke,sl,"","",,Slovenian,Matej Frančeškin,2024-02-14T21:47:10Z
335994,tulasnovke,sl,"","",,Slovenian,Matej Frančeškin,2024-02-14T21:47:47Z
374666,naležnice,sl,"","",,Slovenian,Matej Frančeškin,2024-02-14T21:48:30Z
208024,kolutci,sl,"","",,Slovenian,Matej Frančeškin,2024-02-14T21:49:21Z
130949,votlinarji,sl,"","",,Slovenian,Matej Frančeškin,2024-02-14T21:50:01Z
360243,plodožerke,sl,"","",,Slovenian,Matej Frančeškin,2024-02-14T21:50:54Z
354187,lišajevke,sl,"","",,Slovenian,Matej Frančeškin,2024-02-14T21:52:00Z
194493,trohnobneži,sl,"","",,Slovenian,Matej Frančeškin,2024-02-14T21:52:44Z
352612,lesomori,sl,"","",,Slovenian,Matej Frančeškin,2024-02-14T21:56:02Z
118232,lesožeri,sl,"","",,Slovenian,Matej Frančeškin,2024-02-14T21:56:39Z
118054,lesomorke,sl,"","",,Slovenian,Matej Frančeškin,2024-02-14T21:57:30Z
332509,zavihanci,sl,"","",,Slovenian,Matej Frančeškin,2024-02-14T21:58:17Z
334034,krasotice,sl,"","",,Slovenian,Matej Frančeškin,2024-02-14T21:59:05Z
54595,zelenivci,sl,"","",,Slovenian,Matej Frančeškin,2024-02-14T21:59:43Z
118025,lonćevci,sl,"","",,Slovenian,Matej Frančeškin,2024-02-14T22:00:42Z
353030,oblovke,sl,"","",,Slovenian,Matej Frančeškin,2024-02-14T22:01:31Z
118011,trosostrelci,sl,"","",,Slovenian,Matej Frančeškin,2024-02-14T22:02:24Z
344607,posodice,sl,"","",,Slovenian,Matej Frančeškin,2024-02-14T22:02:59Z
353190,vatovke,sl,"","",,Slovenian,Matej Frančeškin,2024-02-14T22:03:48Z
332464,óglarčki,sl,"","",,Slovenian,Matej Frančeškin,2024-02-14T22:04:39Z
485772,ploskocevnice,sl,"","",,Slovenian,Matej Frančeškin,2024-02-15T08:02:45Z
984468,iglopori,sl,"","",,Slovenian,Matej Frančeškin,2024-02-15T08:03:51Z
374856,skutovke,sl,"","",,Slovenian,Matej Frančeškin,2024-02-15T08:07:21Z
959363,sirovniki,sl,"","",,Slovenian,Matej Frančeškin,2024-02-15T08:07:54Z
354216,poroznice,sl,"","",,Slovenian,Matej Frančeškin,2024-02-15T08:08:39Z
118118,raševinke,sl,"","",,Slovenian,Matej Frančeškin,2024-02-15T08:10:30Z
118074,bodičke,sl,"","",,Slovenian,Matej Frančeškin,2024-02-15T08:11:57Z
55244,grivuše,sl,"","",,Slovenian,Matej Frančeškin,2024-02-15T08:12:48Z
374740,lojevke,sl,"","",,Slovenian,Matej Frančeškin,2024-02-16T08:12:39Z
179117,zgubanci,sl,"","",,Slovenian,Matej Frančeškin,2024-02-16T08:33:04Z
211028,bolinke,sl,"","",,Slovenian,Matej Frančeškin,2024-02-16T10:41:18Z
55931,širokolistarke,sl,"","",,Slovenian,Matej Frančeškin,2024-02-18T21:50:32Z
120863,mrežarji,sl,"","",,Slovenian,Matej Frančeškin,2024-02-18T21:51:49Z
311293,nazobčanke,sl,"","",,Slovenian,Matej Frančeškin,2024-02-18T21:52:29Z
906226,naluskanke,sl,"","",,Slovenian,Matej Frančeškin,2024-02-18T21:55:30Z
922853,mušničarji,sl,"","",,Slovenian,Matej Frančeškin,2024-02-18T21:57:47Z
58689,zakopanke,sl,"","",,Slovenian,Matej Frančeškin,2024-02-20T21:34:59Z
1471431,dolgocvetna perla,sl,"","",https://www.inaturalist.org/taxon_names/2608624/edit,Slovenian,,2024-02-21T19:55:07Z
797770,brezstebelni osat,sl,"","",https://www.inaturalist.org/taxon_names/2948225/edit,Slovenian,,2024-02-22T20:37:48Z
340866,rdečkasti ježek,sl,"","",,Slovenian,Matej Frančeškin,2024-02-23T09:15:43Z
126913,cinobrasta čašica,sl,"","",,Slovenian,Matej Frančeškin,2024-02-23T12:49:05Z
49134,škrlatna čašica,sl,"","",,Slovenian,Matej Frančeškin,2024-02-23T12:49:50Z
492210,smrekova storževka,sl,"","",,Slovenian,Matej Frančeškin,2024-02-25T10:41:31Z
58682,Mavrah,sl,"","",,Slovenian,Nicolas Schwab,2024-02-25T15:06:23Z
485040,Rjavoluskata rdečelistka,sl,"","",,Slovenian,,2024-02-25T15:44:07Z
499257,Nažlebičena čeladica,sl,"","",,Slovenian,,2024-02-25T16:08:03Z
178,Grahasta tukalica,sl,"","",,Slovenian,,2024-02-25T18:10:57Z
1204,Navadni pav,sl,"","",,Slovenian,,2024-02-25T18:55:28Z
59910,Mali nočni pavlinček,sl,"","",,Slovenian,,2024-02-25T21:53:05Z
335909,Beraudova vijolica,sl,"","",,Slovenian,Ljaž,2024-02-28T15:35:18Z
115167,mečarica,sl,"","",,Slovenian,Johan Devos,2024-02-28T20:56:26Z
5106,Skobec,sl,"","",,Slovenian,,2024-03-01T00:06:10Z
4641,Rdečenoga postovka,sl,"","",,Slovenian,,2024-03-01T09:42:01Z
43151,Divji kunec,sl,"","",,Slovenian,,2024-03-01T09:44:09Z
47347,navadna lisička,sl,"","",,Slovenian,Matej Frančeškin,2024-03-01T12:15:35Z
1536892,hrastova labirintnica,sl,"","",https://www.inaturalist.org/taxon_names/3522932/edit,Slovenian,,2024-03-01T22:09:01Z
118056,rjavoluknjičarji,sl,"","",,Slovenian,Matej Frančeškin,2024-03-01T22:18:14Z
118056,labirintnice,sl,"","",,Slovenian,Matej Frančeškin,2024-03-01T22:18:22Z
118056,novotrhlice,sl,"","",,Slovenian,Matej Frančeškin,2024-03-01T22:18:25Z
118056,kresilniki,sl,"","",,Slovenian,Matej Frančeškin,2024-03-01T22:18:29Z
875117,poprhnjeni zgručevec,sl,"","",,Slovenian,Matej Frančeškin,2024-03-03T15:57:07Z
350760,smrekova zamazanka,sl,"","",,Slovenian,Matej Frančeškin,2024-03-03T16:02:35Z
55568,žlezasta zamazanka,sl,"","",,Slovenian,Matej Frančeškin,2024-03-03T16:03:45Z
351313,kosmata mlečnica,sl,"","",,Slovenian,Matej Frančeškin,2024-03-04T19:17:54Z
1525529,listna livka,sl,"","",,Slovenian,Matej Frančeškin,2024-03-04T20:01:07Z
499531,pouzarjeva ščitovka,sl,"","",,Slovenian,Matej Frančeškin,2024-03-04T20:39:22Z
118259,močvirniki,sl,"","",,Slovenian,Matej Frančeškin,2024-03-07T19:01:20Z
864956,močvirke,sl,"","",,Slovenian,Matej Frančeškin,2024-03-07T19:02:28Z
379689,gologlavci,sl,"","",,Slovenian,Matej Frančeškin,2024-03-07T19:03:19Z
67344,jezičarji,sl,"","",,Slovenian,Matej Frančeškin,2024-03-07T19:04:22Z
84487,lisičkarice,sl,"","",,Slovenian,Matej Frančeškin,2024-03-07T19:05:21Z
361640,tratnice,sl,"","",,Slovenian,Matej Frančeškin,2024-03-07T19:06:41Z
118252,lišajnice,sl,"","",,Slovenian,Matej Frančeškin,2024-03-07T19:07:39Z
1071958,pakorenovci,sl,"","",,Slovenian,Matej Frančeškin,2024-03-07T19:08:37Z
133083,storževke,sl,"","",,Slovenian,Matej Frančeškin,2024-03-07T19:09:18Z
118350,drobnotroske,sl,"","",,Slovenian,Matej Frančeškin,2024-03-07T19:09:59Z
155181,čeladnice,sl,"","",,Slovenian,Matej Frančeškin,2024-03-07T19:10:46Z
146743,livčki,sl,"","",,Slovenian,Matej Frančeškin,2024-03-07T19:11:31Z
126990,zlatolistke,sl,"","",,Slovenian,Matej Frančeškin,2024-03-07T19:12:17Z
342590,párožice,sl,"","",,Slovenian,Matej Frančeškin,2024-03-07T19:15:37Z
120493,rožice,sl,"","",,Slovenian,Matej Frančeškin,2024-03-07T19:16:23Z
1095740,kučmače,sl,"","",,Slovenian,Matej Frančeškin,2024-03-07T20:27:10Z
986113,rjavkasta stožka,sl,"","",,Slovenian,Matej Frančeškin,2024-03-10T21:50:04Z
499722,kosmičasta rdečelistka,sl,"","",,Slovenian,Matej Frančeškin,2024-03-11T07:48:30Z
64071,sivolistna žveplenjača,sl,"","",,Slovenian,Matej Frančeškin,2024-03-14T10:59:35Z
382684,pisanobetna žveplenjača,sl,"","",,Slovenian,Matej Frančeškin,2024-03-14T11:00:39Z
352912,dolgobetna lesenjača,sl,"","",,Slovenian,Matej Frančeškin,2024-03-14T18:18:22Z
348993,žirova lesenjača,sl,"","",,Slovenian,Matej Frančeškin,2024-03-14T18:20:42Z
58698,kopučasta lesenjača,sl,"","",,Slovenian,Matej Frančeškin,2024-03-14T18:21:18Z
538588,cedrova zakopanka,sl,"","",,Slovenian,Matej Frančeškin,2024-03-14T18:51:35Z
58685,koničasta mušnica,sl,"","",,Slovenian,Matej Frančeškin,2024-03-17T20:41:03Z
231270,žolta lopatica,sl,"","",,Slovenian,Matej Frančeškin,2024-03-17T20:42:28Z
56314,razsejani tintovec,sl,"","",,Slovenian,Matej Frančeškin,2024-03-17T20:44:29Z
53713,žvepleni lepoluknjičar,sl,"","",,Slovenian,Matej Frančeškin,2024-03-17T20:45:46Z
49162,koralasti bradovec,sl,"","",,Slovenian,Matej Frančeškin,2024-03-17T20:47:42Z
1285942,medvedji bradovec,sl,"","",,Slovenian,Matej Frančeškin,2024-03-17T20:48:57Z
49158,resasti bradovec,sl,"","",,Slovenian,Matej Frančeškin,2024-03-17T20:49:31Z
513329,rumeneči bradovec,sl,"","",,Slovenian,Matej Frančeškin,2024-03-17T20:50:13Z
351365,tigrasta strnjenka,sl,"","",,Slovenian,Matej Frančeškin,2024-03-17T20:51:59Z
1079910,ščetinasta strnjenka,sl,"","",,Slovenian,Matej Frančeškin,2024-03-17T20:53:35Z
947949,zimska strnjenka,sl,"","",,Slovenian,Matej Frančeškin,2024-03-17T20:54:07Z
1395761,rombasta strnjenka,sl,"","",,Slovenian,Matej Frančeškin,2024-03-17T20:54:31Z
124539,obročkani govnar,sl,"","",,Slovenian,Matej Frančeškin,2024-03-17T20:55:49Z
118263,pisani govnar,sl,"","",,Slovenian,Matej Frančeškin,2024-03-17T20:56:37Z
418443,opasani govnar,sl,"","",,Slovenian,Matej Frančeškin,2024-03-17T20:57:19Z
912139,črnikasti govnar,sl,"","",,Slovenian,Matej Frančeškin,2024-03-17T20:57:57Z
348990,koničasti govnar,sl,"","",,Slovenian,Matej Frančeškin,2024-03-17T20:58:56Z
179100,modrikasti govnar,sl,"","",,Slovenian,Matej Frančeškin,2024-03-17T20:59:42Z
117227,mlečnobela stožka,sl,"","",,Slovenian,Matej Frančeškin,2024-03-17T21:02:43Z
711160,vretenasta stožka,sl,"","",,Slovenian,Matej Frančeškin,2024-03-17T21:03:22Z
499601,zlata stožka,sl,"","",,Slovenian,Matej Frančeškin,2024-03-17T21:04:59Z
748622,pikastotrosna stožka,sl,"","",,Slovenian,Matej Frančeškin,2024-03-17T21:05:42Z
179215,Rickenova stožka,sl,"","",,Slovenian,Matej Frančeškin,2024-03-17T21:08:22Z
705892,okrolistna stožka,sl,"","",,Slovenian,Matej Frančeškin,2024-03-17T21:09:11Z
748641,oblasta stožka,sl,"","",,Slovenian,Matej Frančeškin,2024-03-17T21:10:02Z
748642,dolgobetna stožka,sl,"","",,Slovenian,Matej Frančeškin,2024-03-17T21:10:42Z
121765,ožlebičena stožka,sl,"","",,Slovenian,Matej Frančeškin,2024-03-17T21:11:12Z
748646,polstenobetna stožka,sl,"","",,Slovenian,Matej Frančeškin,2024-03-17T21:11:52Z
153036,kupice,sl,"","",,Slovenian,Matej Frančeškin,2024-03-17T21:19:42Z
153035,žareča kupica,sl,"","",,Slovenian,Matej Frančeškin,2024-03-17T21:20:22Z
48716,oranžna latvica,sl,"","",,Slovenian,Matej Frančeškin,2024-03-17T21:21:28Z
174901,pecljatovke,sl,"","",,Slovenian,Matej Frančeškin,2024-03-17T21:22:48Z
48718,ognjarke,sl,"","",,Slovenian,Matej Frančeškin,2024-03-17T21:23:16Z
118000,puše,sl,"","",,Slovenian,Matej Frančeškin,2024-03-17T21:24:30Z
58688,kosmatinke,sl,"","",,Slovenian,Matej Frančeškin,2024-03-17T21:26:37Z
118023,kozice,sl,"","",,Slovenian,Matej Frančeškin,2024-03-17T21:27:37Z
353057,gnezdnice,sl,"","",,Slovenian,Matej Frančeškin,2024-03-17T21:28:36Z
781596,paščetinke,sl,"","",,Slovenian,Matej Frančeškin,2024-03-17T21:29:11Z
49138,ščetinke,sl,"","",,Slovenian,Matej Frančeškin,2024-03-17T21:30:00Z
1069001,gladkobetna loputarka,sl,"","",,Slovenian,Matej Frančeškin,2024-03-17T21:31:14Z
118273,prosojna črnivka,sl,"","",,Slovenian,Matej Frančeškin,2024-03-17T21:34:53Z
350740,bleščeča rdečelistka,sl,"","",,Slovenian,Matej Frančeškin,2024-03-17T21:37:04Z
786892,luskinovci,sl,"","",,Slovenian,Matej Frančeškin,2024-03-21T21:24:04Z
1000600,storževa čeladica,sl,"","",,Slovenian,Matej Frančeškin,2024-03-23T13:14:42Z
118038,osmojena bjerkandera,sl,"","",,Slovenian,Matej Frančeškin,2024-03-23T14:19:16Z
1393185,Hartigov glivopor,sl,"","",,Slovenian,Matej Frančeškin,2024-03-23T14:34:29Z
382637,rdeča usnjevka,sl,"","",,Slovenian,Matej Frančeškin,2024-03-23T14:35:41Z
448128,mekinasta mehurčevka,sl,"","",,Slovenian,Matej Frančeškin,2024-03-24T21:14:16Z
118115,jelkova apnenka,sl,"","",,Slovenian,Matej Frančeškin,2024-03-24T21:15:15Z
52529,gnezdasti listar,sl,"","",,Slovenian,Matej Frančeškin,2024-03-24T21:16:54Z
118111,kolobarjasta ploskocevka,sl,"","",,Slovenian,Matej Frančeškin,2024-03-24T21:19:28Z
382464,hojeva tramovka,sl,"","",,Slovenian,Matej Frančeškin,2024-03-24T21:20:50Z
497251,marčna polževka,sl,"","",,Slovenian,Matej Frančeškin,2024-03-24T21:27:12Z
194659,minijasta vlažnica,sl,"","",,Slovenian,Matej Frančeškin,2024-03-24T21:28:47Z
48521,prava tintovka,sl,"","",,Slovenian,Matej Frančeškin,2024-03-24T21:30:16Z
969875,konopčasti livnik,sl,"","",,Slovenian,Matej Frančeškin,2024-03-24T21:35:33Z
854518,kratkobetna mlečnica,sl,"","",,Slovenian,Matej Frančeškin,2024-03-28T09:41:58Z
510206,huda mlečnica,sl,"","",,Slovenian,Matej Frančeškin,2024-03-28T09:42:54Z
1045354,spolzka mlečnica,sl,"","",,Slovenian,Matej Frančeškin,2024-03-28T09:43:50Z
515021,brezizrazna mlečnica,sl,"","",,Slovenian,Matej Frančeškin,2024-03-28T09:45:41Z
505592,kostanjasta mlečnica,sl,"","",,Slovenian,Matej Frančeškin,2024-03-28T09:46:44Z
382877,bukova mlečnica,sl,"","",,Slovenian,Matej Frančeškin,2024-03-28T09:47:34Z
125689,kafrna mlečnica,sl,"","",,Slovenian,Matej Frančeškin,2024-03-28T09:49:06Z
194433,zlatosočna mlečnica,sl,"","",,Slovenian,Matej Frančeškin,2024-03-28T09:50:08Z
625891,gabrova mlečnica,sl,"","",,Slovenian,Matej Frančeškin,2024-03-28T09:52:11Z
53841,nitkarice,sl,"","",,Slovenian,Matej Frančeškin,2024-03-28T13:06:11Z
126528,ikrovke,sl,"","",,Slovenian,Matej Frančeškin,2024-03-28T13:07:29Z
47681,grahovke,sl,"","",,Slovenian,Matej Frančeškin,2024-03-28T13:08:26Z
56274,jajčevke,sl,"","",,Slovenian,Matej Frančeškin,2024-03-28T13:09:18Z
126121,zlatovke,sl,"","",,Slovenian,Matej Frančeškin,2024-03-28T13:10:15Z
55486,cveti,sl,"","",,Slovenian,Matej Frančeškin,2024-03-28T13:11:15Z
134048,makovke,sl,"","",,Slovenian,Matej Frančeškin,2024-03-28T13:12:16Z
324284,cvetovci,sl,"","",,Slovenian,Matej Frančeškin,2024-03-28T13:13:45Z
56257,hladetinke,sl,"","",,Slovenian,Matej Frančeškin,2024-03-28T13:14:40Z
56261,kelihovke,sl,"","",,Slovenian,Matej Frančeškin,2024-03-28T13:15:40Z
473695,prašilci,sl,"","",,Slovenian,Matej Frančeškin,2024-03-28T13:16:24Z
328246,sočna uhljevka,sl,"","",,Slovenian,Matej Frančeškin,2024-03-28T16:04:29Z
55474,olivnorumeni smetiščar,sl,"","",,Slovenian,Matej Frančeškin,2024-03-28T16:06:07Z
411300,raznolična skledica,sl,"","",,Slovenian,Matej Frančeškin,2024-03-28T16:07:13Z
56831,jamičarke,sl,"","",,Slovenian,Matej Frančeškin,2024-03-28T16:10:12Z
118001,smrčkovci,sl,"","",,Slovenian,Matej Frančeškin,2024-03-28T16:10:51Z
85119,medaljonarke,sl,"","",,Slovenian,Matej Frančeškin,2024-03-28T16:12:26Z
49135,čašičarke,sl,"","",,Slovenian,Matej Frančeškin,2024-03-28T16:13:59Z
143720,pikovke,sl,"","",,Slovenian,Matej Frančeškin,2024-03-28T16:16:49Z
176048,košutarke,sl,"","",,Slovenian,Matej Frančeškin,2024-03-28T16:19:08Z
791908,želatinovke,sl,"","",,Slovenian,Matej Frančeškin,2024-03-28T16:20:22Z
49074,pecljarke,sl,"","",,Slovenian,Matej Frančeškin,2024-03-28T16:21:46Z
48805,lesenjačevci,sl,"","",,Slovenian,Matej Frančeškin,2024-03-28T16:23:57Z
785476,skorjederke,sl,"","",,Slovenian,Matej Frančeškin,2024-03-28T16:24:42Z
48806,lesenjače,sl,"","",,Slovenian,Matej Frančeškin,2024-03-28T16:25:22Z
54167,mesnatovke,sl,"","",,Slovenian,Matej Frančeškin,2024-03-28T16:30:19Z
84225,bondarčevke,sl,"","",,Slovenian,Matej Frančeškin,2024-03-28T16:31:17Z
49159,bradarke,sl,"","",,Slovenian,Matej Frančeškin,2024-03-28T16:31:49Z
55878,opnarke,sl,"","",,Slovenian,Matej Frančeškin,2024-03-28T16:32:19Z
48340,golobičarke,sl,"","",,Slovenian,Matej Frančeškin,2024-03-28T16:33:08Z
52526,roževci,sl,"","",,Slovenian,Matej Frančeškin,2024-03-28T16:34:06Z
49545,sehličarke,sl,"","",,Slovenian,Matej Frančeškin,2024-03-28T16:37:42Z
55920,čeladičevke,sl,"","",,Slovenian,Matej Frančeškin,2024-03-28T16:38:21Z
64013,livkarjevke,sl,"","",,Slovenian,Matej Frančeškin,2024-03-28T16:39:15Z
118053,kletarke,sl,"","",,Slovenian,Matej Frančeškin,2024-03-28T16:42:13Z
48426,slinarke,sl,"","",,Slovenian,Matej Frančeškin,2024-03-28T16:43:03Z
55928,trdokožarke,sl,"","",,Slovenian,Matej Frančeškin,2024-03-28T16:44:25Z
53489,lupljivkarke,sl,"","",,Slovenian,Matej Frančeškin,2024-03-28T16:45:16Z
118063,razporkovke,sl,"","",,Slovenian,Matej Frančeškin,2024-03-28T16:46:43Z
51136,mavrahovčarke,sl,"","",,Slovenian,Matej Frančeškin,2024-03-28T16:48:41Z
353158,zdrizovke,sl,"","",,Slovenian,Matej Frančeškin,2024-03-28T16:49:37Z
118033,rebrice,sl,"","",,Slovenian,Matej Frančeškin,2024-03-28T16:50:31Z
84769,rjavinke,sl,"","",,Slovenian,Matej Frančeškin,2024-03-28T16:51:38Z
84768,rjavinke,sl,"","",,Slovenian,Matej Frančeškin,2024-03-28T16:52:09Z
69968,rjavinkovci,sl,"","",,Slovenian,Matej Frančeškin,2024-03-28T16:52:40Z
48530,drhtavkarji,sl,"","",,Slovenian,Matej Frančeškin,2024-03-28T16:53:25Z
83737,drhtavkovnice,sl,"","",,Slovenian,Matej Frančeškin,2024-03-28T16:53:59Z
151803,sneti,sl,"","",,Slovenian,Matej Frančeškin,2024-03-28T16:54:31Z
353051,plesnivci,sl,"","",,Slovenian,Matej Frančeškin,2024-03-28T16:55:03Z
319606,algarke,sl,"","",,Slovenian,Matej Frančeškin,2024-03-28T16:55:46Z
425361,zajedalniki,sl,"","",,Slovenian,Matej Frančeškin,2024-03-28T16:56:12Z
61334,ključavnica,sl,"","",,Slovenian,Ljaž,2024-03-29T12:52:24Z
704949,Južni pljučnik,sl,"","",,Slovenian,Alenka Mihoric,2024-03-30T18:32:59Z
351596,navadni smrček,sl,"","",,Slovenian,Matej Frančeškin,2024-04-12T15:30:35Z
786918,brezova ploskocevka,sl,"","",,Slovenian,Matej Frančeškin,2024-04-12T15:34:10Z
118391,rana njivnica,sl,"","",,Slovenian,Matej Frančeškin,2024-04-12T15:35:20Z
120513,mehki zlatoluknjičar,sl,"","",,Slovenian,Matej Frančeškin,2024-04-12T15:38:20Z
492211,ovenčana storževka,sl,"","",,Slovenian,Matej Frančeškin,2024-04-12T15:41:23Z
796656,luskata trobljica,sl,"","",,Slovenian,Matej Frančeškin,2024-04-12T15:42:43Z
130910,belkasti rašpovec,sl,"","",,Slovenian,Matej Frančeškin,2024-04-12T15:43:22Z
490642,smrečja irhovka,sl,"","",,Slovenian,Matej Frančeškin,2024-04-12T15:43:46Z
1038681,tobakasti usnjevec,sl,"","",,Slovenian,Matej Frančeškin,2024-04-12T15:44:17Z
381232,smrekov slojevec,sl,"","",,Slovenian,Matej Frančeškin,2024-04-12T15:44:46Z
350910,trobljasta rebrica,sl,"","",,Slovenian,Matej Frančeškin,2024-04-12T15:45:06Z
120858,smrdeči korenovec,sl,"","",,Slovenian,Matej Frančeškin,2024-04-12T15:46:46Z
153445,hrapavi luskinar,sl,"","",,Slovenian,Matej Frančeškin,2024-04-12T15:47:15Z
63224,pisana tintovka,sl,"","",,Slovenian,Matej Frančeškin,2024-04-12T15:47:38Z
383577,prožni luskinar,sl,"","",,Slovenian,Matej Frančeškin,2024-04-12T15:47:59Z
243912,rožnati slinar,sl,"","",,Slovenian,Matej Frančeškin,2024-04-12T15:50:20Z
363593,peščena lupljivka,sl,"","",,Slovenian,Matej Frančeškin,2024-04-12T15:50:40Z
1097790,Dupainov rubinovec,sl,"","",,Slovenian,Matej Frančeškin,2024-04-12T15:51:03Z
1031682,razvejana ščetinjača,sl,"","",,Slovenian,Matej Frančeškin,2024-04-12T15:52:10Z
154366,pozlačeni lupinar,sl,"","",,Slovenian,Matej Frančeškin,2024-04-12T15:52:59Z
1275332,vejina pakorenovka,sl,"","",,Slovenian,Matej Frančeškin,2024-04-12T15:53:21Z
154750,razprti ostrigovec,sl,"","",,Slovenian,Matej Frančeškin,2024-04-12T15:53:40Z
118084,žoltorobi rjavopor,sl,"","",,Slovenian,Matej Frančeškin,2024-04-12T15:53:59Z
367273,bliskov gostoluknjičar,sl,"","",,Slovenian,Matej Frančeškin,2024-04-12T15:54:22Z
128074,svilasta nožničarka,sl,"","",,Slovenian,Matej Frančeškin,2024-04-12T15:54:42Z
194079,rožnata koreninka,sl,"","",,Slovenian,Matej Frančeškin,2024-04-13T07:04:25Z
55496,kolobarčasta slojevka,sl,"","",,Slovenian,Matej Frančeškin,2024-04-13T07:07:12Z
350460,tankorobi nasršenec,sl,"","",,Slovenian,Matej Frančeškin,2024-04-13T07:08:32Z
348091,snežnobela tintovka,sl,"","",,Slovenian,Matej Frančeškin,2024-04-13T07:09:08Z
371747,rjavoluska tintovka,sl,"","",,Slovenian,Matej Frančeškin,2024-04-13T07:10:41Z
542660,jamičasti turkovec,sl,"","",,Slovenian,Matej Frančeškin,2024-04-13T07:11:33Z
363592,brezobročna lupljivka,sl,"","",,Slovenian,Matej Frančeškin,2024-04-13T07:12:29Z
53488,maslena lupljivka,sl,"","",,Slovenian,Matej Frančeškin,2024-04-13T07:13:37Z
147277,maslena lupljivka,sl,"","",,Slovenian,Matej Frančeškin,2024-04-13T07:14:14Z
363594,siva lupljivka,sl,"","",,Slovenian,Matej Frančeškin,2024-04-13T07:14:43Z
179065,ovčarska lupljivka,sl,"","",,Slovenian,Matej Frančeškin,2024-04-13T07:15:10Z
194275,bakrenasti polžar,sl,"","",,Slovenian,Matej Frančeškin,2024-04-13T07:16:04Z
382492,pegasti slinar,sl,"","",,Slovenian,Matej Frančeškin,2024-04-13T07:16:42Z
1397510,gorska vlagobetnica,sl,"","",,Slovenian,Matej Frančeškin,2024-04-13T07:23:38Z
1397509,vlagobetnice,sl,"","",,Slovenian,Matej Frančeškin,2024-04-13T07:23:59Z
175714,vlagobetneži,sl,"","",,Slovenian,Matej Frančeškin,2024-04-13T07:24:45Z
373940,belke,sl,"","",,Slovenian,Matej Frančeškin,2024-04-13T07:25:42Z
901819,listasta drhtavčica,sl,"","",,Slovenian,Matej Frančeškin,2024-04-13T07:28:08Z
786052,uhljata drhtavčica,sl,"","",,Slovenian,Matej Frančeškin,2024-04-13T07:29:01Z
202415,bela ščitovka,sl,"","",,Slovenian,Matej Frančeškin,2024-04-13T07:30:25Z
68183,venčasta čaša,sl,"","",,Slovenian,Matej Frančeškin,2024-04-13T07:31:43Z
348720,veliki nožničar,sl,"","",,Slovenian,Matej Frančeškin,2024-04-13T07:32:09Z
564369,rumena ščitovka,sl,"","",,Slovenian,Matej Frančeškin,2024-04-13T07:33:42Z
1061807,jelševa luskinavka,sl,"","",,Slovenian,Matej Frančeškin,2024-04-13T07:35:35Z
1179671,prelestna luskinarka,sl,"","",,Slovenian,Matej Frančeškin,2024-04-13T07:37:01Z
125705,papirasta apnenka,sl,"","",,Slovenian,Matej Frančeškin,2024-04-13T07:38:55Z
57462,pomladni loputar,sl,"","",,Slovenian,Matej Frančeškin,2024-04-13T07:41:44Z
1097548,širokolistna velekorenovka,sl,"","",,Slovenian,Matej Frančeškin,2024-04-13T07:42:20Z
58669,zdrizasta kapičarka,sl,"","",,Slovenian,Matej Frančeškin,2024-04-13T07:43:30Z
1467061,visoki smrček,sl,"","",,Slovenian,Matej Frančeškin,2024-04-13T07:48:23Z
339410,grbančasta slojevka,sl,"","",,Slovenian,Matej Frančeškin,2024-04-13T07:48:50Z
448014,sivorjava črnivka,sl,"","",,Slovenian,Matej Frančeškin,2024-04-13T07:49:27Z
350486,rožnata skorjevka,sl,"","",,Slovenian,Matej Frančeškin,2024-04-13T07:49:50Z
118104,krvaveča slojevka,sl,"","",,Slovenian,Matej Frančeškin,2024-04-13T07:50:22Z
578799,smrekov trohnobnež,sl,"","",,Slovenian,Matej Frančeškin,2024-04-13T07:50:50Z
1077155,temneča polpletenka,sl,"","",,Slovenian,Matej Frančeškin,2024-04-13T07:51:42Z
351979,črna polpletenka,sl,"","",,Slovenian,Matej Frančeškin,2024-04-13T07:52:18Z
464267,gomoljasta zalogarica,sl,"","",,Slovenian,Matej Frančeškin,2024-04-13T07:54:01Z
510852,smolasta luknjičarka,sl,"","",,Slovenian,Matej Frančeškin,2024-04-13T07:55:01Z
347897,klobukasta ščitovka,sl,"","",,Slovenian,Matej Frančeškin,2024-04-13T07:55:29Z
1358514,navadni nasršenec,sl,"","",,Slovenian,Matej Frančeškin,2024-04-13T07:58:52Z
203804,opečna koprenka,sl,"","",,Slovenian,Matej Frančeškin,2024-04-13T08:00:20Z
875126,školjkasti plutačnik,sl,"","",,Slovenian,Matej Frančeškin,2024-04-13T08:01:10Z
875127,plutačniki,sl,"","",,Slovenian,Matej Frančeškin,2024-04-13T08:01:28Z
125136,vrbov plutač,sl,"","",,Slovenian,Matej Frančeškin,2024-04-13T08:02:10Z
499652,polobli strniščnik,sl,"","",,Slovenian,Matej Frančeškin,2024-04-13T08:02:54Z
64087,Romellova ščitovka,sl,"","",,Slovenian,Matej Frančeškin,2024-04-13T08:03:59Z
407921,brinov ščetinec,sl,"","",,Slovenian,Matej Frančeškin,2024-04-13T08:04:29Z
781305,bakrenasta pološčenka,sl,"","",,Slovenian,Matej Frančeškin,2024-04-13T08:04:57Z
850985,temnorobi óglarček,sl,"","",,Slovenian,Matej Frančeškin,2024-04-13T08:12:08Z
1537049,vrstna kresilača,sl,"","",,Slovenian,Matej Frančeškin,2024-04-13T08:13:38Z
118268,črnoroba ščitovka,sl,"","",,Slovenian,Matej Frančeškin,2024-04-13T08:33:47Z
194476,pepelasti zvitoluknjičar,sl,"","",,Slovenian,Matej Frančeškin,2024-04-13T08:34:31Z
210270,škrlatna golobica,sl,"","",,Slovenian,Matej Frančeškin,2024-04-13T08:35:27Z
410639,sadnodrevni plutač,sl,"","",,Slovenian,Matej Frančeškin,2024-04-13T08:42:43Z
499782,srpasta kijevka,sl,"","",,Slovenian,Matej Frančeškin,2024-04-13T08:44:46Z
1429026,ajdovski puhar,sl,"","",,Slovenian,Matej Frančeškin,2024-04-13T08:45:15Z
865946,progasti govnar,sl,"","",,Slovenian,Matej Frančeškin,2024-04-13T08:47:41Z
1442620,lešnikasti dežniček,sl,"","",,Slovenian,Matej Frančeškin,2024-04-13T08:55:59Z
1510823,rdečeča koprenka,sl,"","",,Slovenian,Matej Frančeškin,2024-04-13T09:04:00Z
1417329,cistoprenke,sl,"","",,Slovenian,Matej Frančeškin,2024-04-13T09:04:22Z
551439,parazitska blazinka,sl,"","",,Slovenian,Matej Frančeškin,2024-04-13T17:27:32Z
352744,blazinke,sl,"","",,Slovenian,Matej Frančeškin,2024-04-13T17:28:00Z
194272,zastrti zajedalec,sl,"","",,Slovenian,Matej Frančeškin,2024-04-13T17:30:10Z
125377,zajedalci,sl,"","",,Slovenian,Matej Frančeškin,2024-04-13T17:30:39Z
533813,pregradnice,sl,"","",,Slovenian,Matej Frančeškin,2024-04-13T17:32:39Z
1110763,rjavkasta skledičarka,sl,"","",,Slovenian,Matej Frančeškin,2024-04-13T18:03:33Z
350033,oranžni lupinar,sl,"","",,Slovenian,Matej Frančeškin,2024-04-13T18:04:39Z
120551,močvirska kapica,sl,"","",,Slovenian,Matej Frančeškin,2024-04-13T18:05:41Z
63489,žolčasti grenivec,sl,"","",,Slovenian,Matej Frančeškin,2024-04-13T18:07:04Z
85120,pomladanski hrček,sl,"","",,Slovenian,Matej Frančeškin,2024-04-13T18:10:55Z
56309,zlatolasa črnilovka,sl,"","",,Slovenian,Matej Frančeškin,2024-04-13T18:14:10Z
1110795,zgodnja kupa,sl,"","",,Slovenian,Matej Frančeškin,2024-04-13T18:27:59Z
487375,zastirni smrček,sl,"","",,Slovenian,Matej Frančeškin,2024-04-13T18:31:52Z
118171,dvobarvna mahoživka,sl,"","",,Slovenian,Matej Frančeškin,2024-04-13T18:38:12Z
118170,oranžnorumena mahoživka,sl,"","",,Slovenian,Matej Frančeškin,2024-04-13T18:38:52Z
971824,medenorumena mahoživka,sl,"","",,Slovenian,Matej Frančeškin,2024-04-13T18:39:24Z
626851,pobeljena lisička,sl,"","",,Slovenian,Matej Frančeškin,2024-04-13T18:43:31Z
566555,luskata lisička,sl,"","",,Slovenian,Matej Frančeškin,2024-04-13T18:44:09Z
557140,rjaveča lisička,sl,"","",,Slovenian,Matej Frančeškin,2024-04-13T18:46:07Z
568292,žametna lisička,sl,"","",,Slovenian,Matej Frančeškin,2024-04-13T18:47:42Z
1374685,gubasta trobenta,sl,"","",,Slovenian,Matej Frančeškin,2024-04-13T18:49:21Z
1374664,črneča trobenta,sl,"","",,Slovenian,Matej Frančeškin,2024-04-13T18:50:08Z
734583,borova lisička,sl,"","",,Slovenian,Matej Frančeškin,2024-04-13T18:50:59Z
1137797,nagubana trobenta,sl,"","",,Slovenian,Matej Frančeškin,2024-04-13T18:52:47Z
793373,medenorumeni ježek,sl,"","",,Slovenian,Matej Frančeškin,2024-04-13T18:54:20Z
48421,lijasti ježek,sl,"","",,Slovenian,Matej Frančeškin,2024-04-13T18:55:26Z
205261,sluzasta algoljubka,sl,"","",,Slovenian,Matej Frančeškin,2024-04-13T18:57:08Z
983300,bela algoljubka,sl,"","",,Slovenian,Matej Frančeškin,2024-04-13T18:58:45Z
374501,lovkarice,sl,"","",,Slovenian,Matej Frančeškin,2024-04-13T20:55:12Z
381310,rdeča lovkarica,sl,"","",,Slovenian,Matej Frančeškin,2024-04-13T20:55:38Z
130934,kosmati črnivec,sl,"","",,Slovenian,Matej Frančeškin,2024-04-13T21:00:30Z
55950,sivorumena mraznica,sl,"","",,Slovenian,Matej Frančeškin,2024-04-13T21:02:03Z
350121,severnjaška mraznica,sl,"","",,Slovenian,Matej Frančeškin,2024-04-13T21:03:03Z
516125,čebulasta mraznica,sl,"","",,Slovenian,Matej Frančeškin,2024-04-13T21:03:38Z
118401,rumenovenčna mraznica,sl,"","",,Slovenian,Matej Frančeškin,2024-04-13T21:04:06Z
192381,črnomekinasta mraznica,sl,"","",,Slovenian,Matej Frančeškin,2024-04-13T21:04:51Z
326844,kelihovci,sl,"","",,Slovenian,Matej Frančeškin,2024-04-13T21:20:09Z
118146,zvezdičasta trdokožnica,sl,"","",,Slovenian,Matej Frančeškin,2024-04-13T21:22:52Z
118041,dvoletni polluknjičar,sl,"","",,Slovenian,Matej Frančeškin,2024-04-14T09:08:37Z
566524,korenasta medlenka,sl,"","",,Slovenian,Matej Frančeškin,2024-04-14T09:10:01Z
344561,redkvičasta medlenka,sl,"","",,Slovenian,Matej Frančeškin,2024-04-14T09:11:35Z
379805,bledosivi cvet,sl,"","",,Slovenian,Matej Frančeškin,2024-04-14T10:52:30Z
57692,orjaška plešivka,sl,"","",,Slovenian,Matej Frančeškin,2024-04-14T15:51:29Z
126522,oranžna ikrovka,sl,"","",,Slovenian,Matej Frančeškin,2024-04-14T15:52:51Z
351658,oslovsko uho,sl,"","",,Slovenian,Matej Frančeškin,2024-04-14T15:53:53Z
705582,lisičjerjava koprenka,sl,"","",,Slovenian,Matej Frančeškin,2024-04-14T15:55:10Z
54631,navadna koprenka,sl,"","",,Slovenian,Matej Frančeškin,2024-04-14T15:56:10Z
47685,sluzavke,sl,"","",,Slovenian,Matej Frančeškin,2024-04-14T16:00:37Z
47684,prave sluzavke,sl,"","",,Slovenian,Matej Frančeškin,2024-04-14T16:00:56Z
55274,kuncova grivenka,sl,"","",,Slovenian,Matej Frančeškin,2024-04-14T16:21:59Z
118124,grivci,sl,"","",,Slovenian,Matej Frančeškin,2024-04-14T16:22:49Z
328240,ščetinjače,sl,"","",,Slovenian,Matej Frančeškin,2024-04-14T16:25:44Z
354697,trda njivnica,sl,"","",,Slovenian,Matej Frančeškin,2024-04-14T16:42:50Z
1112468,Bongardov razcepljenec,sl,"","",,Slovenian,Matej Frančeškin,2024-04-14T20:43:27Z
350201,črni gobanovec,sl,"","",,Slovenian,Matej Frančeškin,2024-04-14T20:46:15Z
157989,črneča velezraščenka,sl,"","",,Slovenian,Matej Frančeškin,2024-04-14T21:50:02Z
481217,Kuehnerjeva črnilovka,sl,"","",,Slovenian,Matej Frančeškin,2024-04-15T08:03:40Z
351470,travniška sehlica,sl,"","",,Slovenian,Matej Frančeškin,2024-04-15T08:04:35Z
63100,ovratniška sehlica,sl,"","",,Slovenian,Matej Frančeškin,2024-04-15T08:05:02Z
324151,trdobetna sehlica,sl,"","",,Slovenian,Matej Frančeškin,2024-04-15T08:05:37Z
517700,Bulliardova sehlica,sl,"","",,Slovenian,Matej Frančeškin,2024-04-15T08:07:21Z
948315,volčičja sehlica,sl,"","",,Slovenian,Matej Frančeškin,2024-04-15T08:09:49Z
747487,vijoličasta sehlica,sl,"","",,Slovenian,Matej Frančeškin,2024-04-15T08:10:36Z
155165,vijoličasta želatinka,sl,"","",,Slovenian,Matej Frančeškin,2024-04-15T08:11:57Z
504060,citronasti ostrigar,sl,"","",,Slovenian,Matej Frančeškin,2024-04-15T08:21:06Z
1280949,hrapava trnovka,sl,"","",,Slovenian,Matej Frančeškin,2024-04-15T08:31:07Z
194395,lična trhlenka,sl,"","",,Slovenian,Matej Frančeškin,2024-04-15T08:32:30Z
155122,temnooranžna žilnica,sl,"","",,Slovenian,Matej Frančeškin,2024-04-15T19:45:14Z
349993,dolgobetni kukmak,sl,"","","gobe.si—Gobarsko društvo Lisička Maribor. (n.d.). Gobarsko Društvo Lisička Maribor. https://www.gobe.si/
",Slovenian,Ken-ichi Ueda,2024-04-15T21:02:26Z
58699,poljski kukmak,sl,"","","gobe.si—Gobarsko društvo Lisička Maribor. (n.d.). Gobarsko Društvo Lisička Maribor. https://www.gobe.si/
",Slovenian,Ken-ichi Ueda,2024-04-15T21:02:26Z
61395,dvotrosni kukmak,sl,"","","gobe.si—Gobarsko društvo Lisička Maribor. (n.d.). Gobarsko Društvo Lisička Maribor. https://www.gobe.si/
",Slovenian,Ken-ichi Ueda,2024-04-15T21:02:26Z
58696,mestni kukmak,sl,"","","gobe.si—Gobarsko društvo Lisička Maribor. (n.d.). Gobarsko Društvo Lisička Maribor. https://www.gobe.si/
",Slovenian,Ken-ichi Ueda,2024-04-15T21:02:27Z
480762,šopasti kukmak,sl,"","","gobe.si—Gobarsko društvo Lisička Maribor. (n.d.). Gobarsko Društvo Lisička Maribor. https://www.gobe.si/
",Slovenian,Ken-ichi Ueda,2024-04-15T21:02:27Z
179697,Bresadolov kukmak,sl,"","","gobe.si—Gobarsko društvo Lisička Maribor. (n.d.). Gobarsko Društvo Lisička Maribor. https://www.gobe.si/
",Slovenian,Ken-ichi Ueda,2024-04-15T21:02:27Z
629245,resasti kukmak,sl,"","","gobe.si—Gobarsko društvo Lisička Maribor. (n.d.). Gobarsko Društvo Lisička Maribor. https://www.gobe.si/
",Slovenian,Ken-ichi Ueda,2024-04-15T21:02:28Z
1126456,belokožni kukmak,sl,"","","gobe.si—Gobarsko društvo Lisička Maribor. (n.d.). Gobarsko Društvo Lisička Maribor. https://www.gobe.si/
",Slovenian,Ken-ichi Ueda,2024-04-15T21:02:28Z
179252,tratni kukmak,sl,"","","gobe.si—Gobarsko društvo Lisička Maribor. (n.d.). Gobarsko Društvo Lisička Maribor. https://www.gobe.si/
",Slovenian,Ken-ichi Ueda,2024-04-15T21:02:28Z
130198,smrdeči kukmak,sl,"","","gobe.si—Gobarsko društvo Lisička Maribor. (n.d.). Gobarsko Društvo Lisička Maribor. https://www.gobe.si/
",Slovenian,Ken-ichi Ueda,2024-04-15T21:02:28Z
480768,obalni kukmak,sl,"","","gobe.si—Gobarsko društvo Lisička Maribor. (n.d.). Gobarsko Društvo Lisička Maribor. https://www.gobe.si/
",Slovenian,Ken-ichi Ueda,2024-04-15T21:02:29Z
480770,čokati kukmak,sl,"","","gobe.si—Gobarsko društvo Lisička Maribor. (n.d.). Gobarsko Društvo Lisička Maribor. https://www.gobe.si/
",Slovenian,Ken-ichi Ueda,2024-04-15T21:02:29Z
118382,Möllerjev kukmak,sl,"","","gobe.si—Gobarsko društvo Lisička Maribor. (n.d.). Gobarsko Društvo Lisička Maribor. https://www.gobe.si/
",Slovenian,Ken-ichi Ueda,2024-04-15T21:02:30Z
480773,rjavoluski kukmak,sl,"","","gobe.si—Gobarsko društvo Lisička Maribor. (n.d.). Gobarsko Društvo Lisička Maribor. https://www.gobe.si/
",Slovenian,Ken-ichi Ueda,2024-04-15T21:02:30Z
350009,opasani kukmak,sl,"","","gobe.si—Gobarsko društvo Lisička Maribor. (n.d.). Gobarsko Društvo Lisička Maribor. https://www.gobe.si/
",Slovenian,Ken-ichi Ueda,2024-04-15T21:02:31Z
154291,hostni kukmak,sl,"","","gobe.si—Gobarsko društvo Lisička Maribor. (n.d.). Gobarsko Društvo Lisička Maribor. https://www.gobe.si/
",Slovenian,Ken-ichi Ueda,2024-04-15T21:02:31Z
552725,čvrsta njivnica,sl,"","","gobe.si—Gobarsko društvo Lisička Maribor. (n.d.). Gobarsko Društvo Lisička Maribor. https://www.gobe.si/
",Slovenian,Ken-ichi Ueda,2024-04-15T21:02:32Z
118393,luskobetna njivnica,sl,"","","gobe.si—Gobarsko društvo Lisička Maribor. (n.d.). Gobarsko Društvo Lisička Maribor. https://www.gobe.si/
",Slovenian,Ken-ichi Ueda,2024-04-15T21:02:32Z
343465,kakavnorjava njivnica,sl,"","","gobe.si—Gobarsko društvo Lisička Maribor. (n.d.). Gobarsko Društvo Lisička Maribor. https://www.gobe.si/
",Slovenian,Ken-ichi Ueda,2024-04-15T21:02:33Z
949025,citronasti mesnatovec,sl,"","","gobe.si—Gobarsko društvo Lisička Maribor. (n.d.). Gobarsko Društvo Lisička Maribor. https://www.gobe.si/
",Slovenian,Ken-ichi Ueda,2024-04-15T21:02:34Z
123891,ovčji mesnatovec,sl,"","","gobe.si—Gobarsko društvo Lisička Maribor. (n.d.). Gobarsko Društvo Lisička Maribor. https://www.gobe.si/
",Slovenian,Ken-ichi Ueda,2024-04-15T21:02:34Z
350020,rumeneči mesnatovec,sl,"","","gobe.si—Gobarsko društvo Lisička Maribor. (n.d.). Gobarsko Društvo Lisička Maribor. https://www.gobe.si/
",Slovenian,Ken-ichi Ueda,2024-04-15T21:02:34Z
987260,žarnorumena latvica,sl,"","","gobe.si—Gobarsko društvo Lisička Maribor. (n.d.). Gobarsko Društvo Lisička Maribor. https://www.gobe.si/
",Slovenian,Ken-ichi Ueda,2024-04-15T21:02:35Z
335985,jelkov kolutec,sl,"","","gobe.si—Gobarsko društvo Lisička Maribor. (n.d.). Gobarsko Društvo Lisička Maribor. https://www.gobe.si/
",Slovenian,Ken-ichi Ueda,2024-04-15T21:02:35Z
987326,citronasta močvirka,sl,"","","gobe.si—Gobarsko društvo Lisička Maribor. (n.d.). Gobarsko Društvo Lisička Maribor. https://www.gobe.si/
",Slovenian,Ken-ichi Ueda,2024-04-15T21:02:36Z
350029,srebrni lupinar,sl,"","","gobe.si—Gobarsko društvo Lisička Maribor. (n.d.). Gobarsko Društvo Lisička Maribor. https://www.gobe.si/
",Slovenian,Ken-ichi Ueda,2024-04-15T21:02:36Z
363601,dvobarvni lupinar,sl,"","","gobe.si—Gobarsko društvo Lisička Maribor. (n.d.). Gobarsko Društvo Lisička Maribor. https://www.gobe.si/
",Slovenian,Ken-ichi Ueda,2024-04-15T21:02:36Z
204588,knežja mušnica,sl,"","","gobe.si—Gobarsko društvo Lisička Maribor. (n.d.). Gobarsko Društvo Lisička Maribor. https://www.gobe.si/
",Slovenian,Ken-ichi Ueda,2024-04-15T21:02:36Z
350037,ostrokrpa mušnica,sl,"","","gobe.si—Gobarsko društvo Lisička Maribor. (n.d.). Gobarsko Društvo Lisička Maribor. https://www.gobe.si/
",Slovenian,Ken-ichi Ueda,2024-04-15T21:02:37Z
481223,Elijeva mušnica,sl,"","","gobe.si—Gobarsko društvo Lisička Maribor. (n.d.). Gobarsko Društvo Lisička Maribor. https://www.gobe.si/
",Slovenian,Ken-ichi Ueda,2024-04-15T21:02:37Z
48715,medlorumena mušnica,sl,"","","gobe.si—Gobarsko društvo Lisička Maribor. (n.d.). Gobarsko Društvo Lisička Maribor. https://www.gobe.si/
",Slovenian,Ken-ichi Ueda,2024-04-15T21:02:39Z
933191,dežnikasta mušnica,sl,"","","gobe.si—Gobarsko društvo Lisička Maribor. (n.d.). Gobarsko Društvo Lisička Maribor. https://www.gobe.si/
",Slovenian,Ken-ichi Ueda,2024-04-15T21:02:39Z
626853,bledični lupinar,sl,"","","gobe.si—Gobarsko društvo Lisička Maribor. (n.d.). Gobarsko Društvo Lisička Maribor. https://www.gobe.si/
",Slovenian,Ken-ichi Ueda,2024-04-15T21:02:39Z
480630,srebrnkasti lupinar,sl,"","","gobe.si—Gobarsko društvo Lisička Maribor. (n.d.). Gobarsko Društvo Lisička Maribor. https://www.gobe.si/
",Slovenian,Ken-ichi Ueda,2024-04-15T21:02:40Z
363600,snežni lupinar,sl,"","","gobe.si—Gobarsko društvo Lisička Maribor. (n.d.). Gobarsko Društvo Lisička Maribor. https://www.gobe.si/
",Slovenian,Ken-ichi Ueda,2024-04-15T21:02:40Z
332463,jajčasta mušnica,sl,"","","gobe.si—Gobarsko društvo Lisička Maribor. (n.d.). Gobarsko Društvo Lisička Maribor. https://www.gobe.si/
",Slovenian,Ken-ichi Ueda,2024-04-15T21:02:41Z
481222,sivolupinasti lupinar,sl,"","","gobe.si—Gobarsko društvo Lisička Maribor. (n.d.). Gobarsko Društvo Lisička Maribor. https://www.gobe.si/
",Slovenian,Ken-ichi Ueda,2024-04-15T21:02:43Z
58684,pomladanska mušnica,sl,"","","gobe.si—Gobarsko društvo Lisička Maribor. (n.d.). Gobarsko Društvo Lisička Maribor. https://www.gobe.si/
",Slovenian,Ken-ichi Ueda,2024-04-15T21:02:43Z
959315,trpki skutnikovec,sl,"","","gobe.si—Gobarsko društvo Lisička Maribor. (n.d.). Gobarsko Društvo Lisička Maribor. https://www.gobe.si/
",Slovenian,Ken-ichi Ueda,2024-04-15T21:02:44Z
473694,črni prašilec,sl,"","","gobe.si—Gobarsko društvo Lisička Maribor. (n.d.). Gobarsko Društvo Lisička Maribor. https://www.gobe.si/
",Slovenian,Ken-ichi Ueda,2024-04-15T21:02:44Z
381233,jelkov slojevec,sl,"","","gobe.si—Gobarsko društvo Lisička Maribor. (n.d.). Gobarsko Društvo Lisička Maribor. https://www.gobe.si/
",Slovenian,Ken-ichi Ueda,2024-04-15T21:02:45Z
635076,brinov slojevec,sl,"","","gobe.si—Gobarsko društvo Lisička Maribor. (n.d.). Gobarsko Društvo Lisička Maribor. https://www.gobe.si/
",Slovenian,Ken-ichi Ueda,2024-04-15T21:02:45Z
1536864,skorjina trhlica,sl,"","","gobe.si—Gobarsko društvo Lisička Maribor. (n.d.). Gobarsko Društvo Lisička Maribor. https://www.gobe.si/
",Slovenian,Ken-ichi Ueda,2024-04-15T21:02:45Z
350101,slojevita trhlička,sl,"","","gobe.si—Gobarsko društvo Lisička Maribor. (n.d.). Gobarsko Društvo Lisička Maribor. https://www.gobe.si/
",Slovenian,Ken-ichi Ueda,2024-04-15T21:02:45Z
578801,bukovinska trhlička,sl,"","","gobe.si—Gobarsko društvo Lisička Maribor. (n.d.). Gobarsko Društvo Lisička Maribor. https://www.gobe.si/
",Slovenian,Ken-ichi Ueda,2024-04-15T21:02:46Z
972793,hruškasta prašničarka,sl,"","","gobe.si—Gobarsko društvo Lisička Maribor. (n.d.). Gobarsko Društvo Lisička Maribor. https://www.gobe.si/
",Slovenian,Ken-ichi Ueda,2024-04-15T21:02:46Z
1024217,Michaudev trosostrelec,sl,"","","gobe.si—Gobarsko društvo Lisička Maribor. (n.d.). Gobarsko Društvo Lisička Maribor. https://www.gobe.si/
",Slovenian,Ken-ichi Ueda,2024-04-15T21:02:48Z
1096399,beli velepodvihanec,sl,"","","gobe.si—Gobarsko društvo Lisička Maribor. (n.d.). Gobarsko Društvo Lisička Maribor. https://www.gobe.si/
",Slovenian,Ken-ichi Ueda,2024-04-15T21:02:48Z
125378,navadni zajedalec,sl,"","","gobe.si—Gobarsko društvo Lisička Maribor. (n.d.). Gobarsko Društvo Lisička Maribor. https://www.gobe.si/
",Slovenian,Ken-ichi Ueda,2024-04-15T21:02:49Z
55271,vlagomerni zvezdež,sl,"","","gobe.si—Gobarsko društvo Lisička Maribor. (n.d.). Gobarsko Društvo Lisička Maribor. https://www.gobe.si/
",Slovenian,Ken-ichi Ueda,2024-04-15T21:02:49Z
214543,kožasta prevlekarica,sl,"","","gobe.si—Gobarsko društvo Lisička Maribor. (n.d.). Gobarsko Društvo Lisička Maribor. https://www.gobe.si/
",Slovenian,Ken-ichi Ueda,2024-04-15T21:02:49Z
485685,ljubka travnica,sl,"","","gobe.si—Gobarsko društvo Lisička Maribor. (n.d.). Gobarsko Društvo Lisička Maribor. https://www.gobe.si/
",Slovenian,Ken-ichi Ueda,2024-04-15T21:02:50Z
499704,voskasta travnica,sl,"","","gobe.si—Gobarsko društvo Lisička Maribor. (n.d.). Gobarsko Društvo Lisička Maribor. https://www.gobe.si/
",Slovenian,Ken-ichi Ueda,2024-04-15T21:02:50Z
367880,lepljivi zlatopor,sl,"","","gobe.si—Gobarsko društvo Lisička Maribor. (n.d.). Gobarsko Društvo Lisička Maribor. https://www.gobe.si/
",Slovenian,Ken-ichi Ueda,2024-04-15T21:02:50Z
625287,levjerumeni zlatopor,sl,"","","gobe.si—Gobarsko društvo Lisička Maribor. (n.d.). Gobarsko Društvo Lisička Maribor. https://www.gobe.si/
",Slovenian,Ken-ichi Ueda,2024-04-15T21:02:50Z
118349,jesenska drobnotroska,sl,"","","gobe.si—Gobarsko društvo Lisička Maribor. (n.d.). Gobarsko Društvo Lisička Maribor. https://www.gobe.si/
",Slovenian,Ken-ichi Ueda,2024-04-15T21:02:51Z
1097793,Emilov cevar,sl,"","","gobe.si—Gobarsko društvo Lisička Maribor. (n.d.). Gobarsko Društvo Lisička Maribor. https://www.gobe.si/
",Slovenian,Ken-ichi Ueda,2024-04-15T21:02:52Z
1050663,čremsina skorjederka,sl,"","","gobe.si—Gobarsko društvo Lisička Maribor. (n.d.). Gobarsko Društvo Lisička Maribor. https://www.gobe.si/
",Slovenian,Ken-ichi Ueda,2024-04-15T21:02:52Z
350183,južna skorjederka,sl,"","","gobe.si—Gobarsko društvo Lisička Maribor. (n.d.). Gobarsko Društvo Lisička Maribor. https://www.gobe.si/
",Slovenian,Ken-ichi Ueda,2024-04-15T21:02:52Z
350184,novčičasta skorjederka,sl,"","","gobe.si—Gobarsko društvo Lisička Maribor. (n.d.). Gobarsko Društvo Lisička Maribor. https://www.gobe.si/
",Slovenian,Ken-ichi Ueda,2024-04-15T21:02:52Z
326188,čokata bjerkandera,sl,"","","gobe.si—Gobarsko društvo Lisička Maribor. (n.d.). Gobarsko Društvo Lisička Maribor. https://www.gobe.si/
",Slovenian,Ken-ichi Ueda,2024-04-15T21:02:53Z
499962,sivi gobanovec,sl,"","","gobe.si—Gobarsko društvo Lisička Maribor. (n.d.). Gobarsko Društvo Lisička Maribor. https://www.gobe.si/
",Slovenian,Ken-ichi Ueda,2024-04-15T21:02:53Z
333772,črni goban,sl,"","","gobe.si—Gobarsko društvo Lisička Maribor. (n.d.). Gobarsko Društvo Lisička Maribor. https://www.gobe.si/
",Slovenian,Ken-ichi Ueda,2024-04-15T21:02:54Z
1021170,modrinasti goban,sl,"","","gobe.si—Gobarsko društvo Lisička Maribor. (n.d.). Gobarsko Društvo Lisička Maribor. https://www.gobe.si/
",Slovenian,Ken-ichi Ueda,2024-04-15T21:02:55Z
84224,berkeleyeva bondarčevka,sl,"","","gobe.si—Gobarsko društvo Lisička Maribor. (n.d.). Gobarsko Društvo Lisička Maribor. https://www.gobe.si/
",Slovenian,Ken-ichi Ueda,2024-04-15T21:02:55Z
335955,gorska bondarčevka,sl,"","","gobe.si—Gobarsko društvo Lisička Maribor. (n.d.). Gobarsko Društvo Lisička Maribor. https://www.gobe.si/
",Slovenian,Ken-ichi Ueda,2024-04-15T21:02:55Z
842240,žaltava livčica,sl,"","","gobe.si—Gobarsko društvo Lisička Maribor. (n.d.). Gobarsko Društvo Lisička Maribor. https://www.gobe.si/
",Slovenian,Ken-ichi Ueda,2024-04-15T21:02:55Z
117311,jajčasti kadilček,sl,"","","gobe.si—Gobarsko društvo Lisička Maribor. (n.d.). Gobarsko Društvo Lisička Maribor. https://www.gobe.si/
",Slovenian,Ken-ichi Ueda,2024-04-15T21:02:55Z
118132,sivokožni kadilček,sl,"","","gobe.si—Gobarsko društvo Lisička Maribor. (n.d.). Gobarsko Društvo Lisička Maribor. https://www.gobe.si/
",Slovenian,Ken-ichi Ueda,2024-04-15T21:02:56Z
350238,mali kadilček,sl,"","","gobe.si—Gobarsko društvo Lisička Maribor. (n.d.). Gobarsko Društvo Lisička Maribor. https://www.gobe.si/
",Slovenian,Ken-ichi Ueda,2024-04-15T21:02:56Z
1179764,stonoga črnička,sl,"","","gobe.si—Gobarsko društvo Lisička Maribor. (n.d.). Gobarsko Društvo Lisička Maribor. https://www.gobe.si/
",Slovenian,Ken-ichi Ueda,2024-04-15T21:02:56Z
1536898,rjavkasti rjavoluknjičar,sl,"","","gobe.si—Gobarsko društvo Lisička Maribor. (n.d.). Gobarsko Društvo Lisička Maribor. https://www.gobe.si/
",Slovenian,Ken-ichi Ueda,2024-04-15T21:02:57Z
350245,zlatični privihanec,sl,"","","gobe.si—Gobarsko društvo Lisička Maribor. (n.d.). Gobarsko Društvo Lisička Maribor. https://www.gobe.si/
",Slovenian,Ken-ichi Ueda,2024-04-15T21:02:57Z
83419,nečedna bolgarka,sl,"","","gobe.si—Gobarsko društvo Lisička Maribor. (n.d.). Gobarsko Društvo Lisička Maribor. https://www.gobe.si/
",Slovenian,Ken-ichi Ueda,2024-04-15T21:02:57Z
508747,Fechtnerjev maslenec,sl,"","","gobe.si—Gobarsko društvo Lisička Maribor. (n.d.). Gobarsko Društvo Lisička Maribor. https://www.gobe.si/
",Slovenian,Ken-ichi Ueda,2024-04-15T21:02:58Z
1236564,jelov maslenec,sl,"","","gobe.si—Gobarsko društvo Lisička Maribor. (n.d.). Gobarsko Društvo Lisička Maribor. https://www.gobe.si/
",Slovenian,Ken-ichi Ueda,2024-04-15T21:02:59Z
778494,nemodreči maslenec,sl,"","","gobe.si—Gobarsko društvo Lisička Maribor. (n.d.). Gobarsko Društvo Lisička Maribor. https://www.gobe.si/
",Slovenian,Ken-ichi Ueda,2024-04-15T21:02:59Z
701434,leponogi postavnež,sl,"","","gobe.si—Gobarsko društvo Lisička Maribor. (n.d.). Gobarsko Društvo Lisička Maribor. https://www.gobe.si/
",Slovenian,Ken-ichi Ueda,2024-04-15T21:02:59Z
118027,rogasti rožiček,sl,"","","gobe.si—Gobarsko društvo Lisička Maribor. (n.d.). Gobarsko Društvo Lisička Maribor. https://www.gobe.si/
",Slovenian,Ken-ichi Ueda,2024-04-15T21:02:59Z
350252,jezikasti rožiček,sl,"","","gobe.si—Gobarsko društvo Lisička Maribor. (n.d.). Gobarsko Društvo Lisička Maribor. https://www.gobe.si/
",Slovenian,Ken-ichi Ueda,2024-04-15T21:03:00Z
63405,lepljivi rožiček,sl,"","","gobe.si—Gobarsko društvo Lisička Maribor. (n.d.). Gobarsko Društvo Lisička Maribor. https://www.gobe.si/
",Slovenian,Ken-ichi Ueda,2024-04-15T21:03:00Z
381454,mesnobarvna lepoglavka,sl,"","","gobe.si—Gobarsko društvo Lisička Maribor. (n.d.). Gobarsko Društvo Lisička Maribor. https://www.gobe.si/
",Slovenian,Ken-ichi Ueda,2024-04-15T21:03:00Z
552578,modrikasta lepoglavka,sl,"","","gobe.si—Gobarsko društvo Lisička Maribor. (n.d.). Gobarsko Društvo Lisička Maribor. https://www.gobe.si/
",Slovenian,Ken-ichi Ueda,2024-04-15T21:03:01Z
1433856,citronasti koprenar,sl,"","","gobe.si—Gobarsko društvo Lisička Maribor. (n.d.). Gobarsko Društvo Lisička Maribor. https://www.gobe.si/
",Slovenian,Ken-ichi Ueda,2024-04-15T21:03:01Z
1433857,medlorumeni koprenar,sl,"","","gobe.si—Gobarsko društvo Lisička Maribor. (n.d.). Gobarsko Društvo Lisička Maribor. https://www.gobe.si/
",Slovenian,Ken-ichi Ueda,2024-04-15T21:03:02Z
1433875,pisani koprenar,sl,"","","gobe.si—Gobarsko društvo Lisička Maribor. (n.d.). Gobarsko Društvo Lisička Maribor. https://www.gobe.si/
",Slovenian,Ken-ichi Ueda,2024-04-15T21:03:02Z
1433877,izbrani koprenar,sl,"","","gobe.si—Gobarsko društvo Lisička Maribor. (n.d.). Gobarsko Društvo Lisička Maribor. https://www.gobe.si/
",Slovenian,Ken-ichi Ueda,2024-04-15T21:03:02Z
1433878,zali koprenar,sl,"","","gobe.si—Gobarsko društvo Lisička Maribor. (n.d.). Gobarsko Društvo Lisička Maribor. https://www.gobe.si/
",Slovenian,Ken-ichi Ueda,2024-04-15T21:03:02Z
1433907,nedišeči koprenar,sl,"","","gobe.si—Gobarsko društvo Lisička Maribor. (n.d.). Gobarsko Društvo Lisička Maribor. https://www.gobe.si/
",Slovenian,Ken-ichi Ueda,2024-04-15T21:03:03Z
1433917,janežev koprenar,sl,"","","gobe.si—Gobarsko društvo Lisička Maribor. (n.d.). Gobarsko Društvo Lisička Maribor. https://www.gobe.si/
",Slovenian,Ken-ichi Ueda,2024-04-15T21:03:03Z
1433925,zelenkasti koprenar,sl,"","","gobe.si—Gobarsko društvo Lisička Maribor. (n.d.). Gobarsko Društvo Lisička Maribor. https://www.gobe.si/
",Slovenian,Ken-ichi Ueda,2024-04-15T21:03:03Z
1433934,Vrščajev koprenar,sl,"","","gobe.si—Gobarsko društvo Lisička Maribor. (n.d.). Gobarsko Društvo Lisička Maribor. https://www.gobe.si/
",Slovenian,Ken-ichi Ueda,2024-04-15T21:03:03Z
1433797,čedni koprenar,sl,"","","gobe.si—Gobarsko društvo Lisička Maribor. (n.d.). Gobarsko Društvo Lisička Maribor. https://www.gobe.si/
",Slovenian,Ken-ichi Ueda,2024-04-15T21:03:04Z
1433941,lužninski koprenar,sl,"","","gobe.si—Gobarsko društvo Lisička Maribor. (n.d.). Gobarsko Društvo Lisička Maribor. https://www.gobe.si/
",Slovenian,Ken-ichi Ueda,2024-04-15T21:03:04Z
1433944,sijajni koprenar,sl,"","","gobe.si—Gobarsko društvo Lisička Maribor. (n.d.). Gobarsko Društvo Lisička Maribor. https://www.gobe.si/
",Slovenian,Ken-ichi Ueda,2024-04-15T21:03:04Z
1433958,rumenolistni koprenar,sl,"","","gobe.si—Gobarsko društvo Lisička Maribor. (n.d.). Gobarsko Društvo Lisička Maribor. https://www.gobe.si/
",Slovenian,Ken-ichi Ueda,2024-04-15T21:03:04Z
955951,žveplena skodelnica,sl,"","","gobe.si—Gobarsko društvo Lisička Maribor. (n.d.). Gobarsko Društvo Lisička Maribor. https://www.gobe.si/
",Slovenian,Ken-ichi Ueda,2024-04-15T21:03:05Z
1179954,zbledela kandolovka,sl,"","","gobe.si—Gobarsko društvo Lisička Maribor. (n.d.). Gobarsko Društvo Lisička Maribor. https://www.gobe.si/
",Slovenian,Ken-ichi Ueda,2024-04-15T21:03:06Z
341438,lijasta lisičkarica,sl,"","","gobe.si—Gobarsko društvo Lisička Maribor. (n.d.). Gobarsko Društvo Lisička Maribor. https://www.gobe.si/
",Slovenian,Ken-ichi Ueda,2024-04-15T21:03:06Z
1374685,gubasta lisička,sl,"","","gobe.si—Gobarsko društvo Lisička Maribor. (n.d.). Gobarsko Društvo Lisička Maribor. https://www.gobe.si/
",Slovenian,Ken-ichi Ueda,2024-04-15T21:03:07Z
1374664,črneča lisička,sl,"","","gobe.si—Gobarsko društvo Lisička Maribor. (n.d.). Gobarsko Društvo Lisička Maribor. https://www.gobe.si/
",Slovenian,Ken-ichi Ueda,2024-04-15T21:03:07Z
473067,kolobarna dvovenčnica,sl,"","","gobe.si—Gobarsko društvo Lisička Maribor. (n.d.). Gobarsko Društvo Lisička Maribor. https://www.gobe.si/
",Slovenian,Ken-ichi Ueda,2024-04-15T21:03:08Z
56252,paličasta hladetinka,sl,"","","gobe.si—Gobarsko društvo Lisička Maribor. (n.d.). Gobarsko Društvo Lisička Maribor. https://www.gobe.si/
",Slovenian,Ken-ichi Ueda,2024-04-15T21:03:08Z
56252,luknjičasta hladetinka,sl,"","","gobe.si—Gobarsko društvo Lisička Maribor. (n.d.). Gobarsko Društvo Lisička Maribor. https://www.gobe.si/
",Slovenian,Ken-ichi Ueda,2024-04-15T21:03:08Z
928232,raznolični satovničar,sl,"","","gobe.si—Gobarsko društvo Lisička Maribor. (n.d.). Gobarsko Društvo Lisička Maribor. https://www.gobe.si/
",Slovenian,Ken-ichi Ueda,2024-04-15T21:03:09Z
350636,navadni satovničar,sl,"","","gobe.si—Gobarsko društvo Lisička Maribor. (n.d.). Gobarsko Društvo Lisička Maribor. https://www.gobe.si/
",Slovenian,Ken-ichi Ueda,2024-04-15T21:03:09Z
940028,luskati satovničar,sl,"","","gobe.si—Gobarsko društvo Lisička Maribor. (n.d.). Gobarsko Društvo Lisička Maribor. https://www.gobe.si/
",Slovenian,Ken-ichi Ueda,2024-04-15T21:03:09Z
328291,mrežasti jamičar,sl,"","","gobe.si—Gobarsko društvo Lisička Maribor. (n.d.). Gobarsko Društvo Lisička Maribor. https://www.gobe.si/
",Slovenian,Ken-ichi Ueda,2024-04-15T21:03:09Z
1271694,rožnati bakrenopor,sl,"","","gobe.si—Gobarsko društvo Lisička Maribor. (n.d.). Gobarsko Društvo Lisička Maribor. https://www.gobe.si/
",Slovenian,Ken-ichi Ueda,2024-04-15T21:03:10Z
122329,zelenkasti zelenivec,sl,"","","gobe.si—Gobarsko društvo Lisička Maribor. (n.d.). Gobarsko Društvo Lisička Maribor. https://www.gobe.si/
",Slovenian,Ken-ichi Ueda,2024-04-15T21:03:11Z
117999,zeleni zelenivec,sl,"","","gobe.si—Gobarsko društvo Lisička Maribor. (n.d.). Gobarsko Društvo Lisička Maribor. https://www.gobe.si/
",Slovenian,Ken-ichi Ueda,2024-04-15T21:03:11Z
58693,vrtna zelenolistka,sl,"","","gobe.si—Gobarsko društvo Lisička Maribor. (n.d.). Gobarsko Društvo Lisička Maribor. https://www.gobe.si/
",Slovenian,Ken-ichi Ueda,2024-04-15T21:03:11Z
117308,dežnikasta zelenolistka,sl,"","","gobe.si—Gobarsko društvo Lisička Maribor. (n.d.). Gobarsko Društvo Lisička Maribor. https://www.gobe.si/
",Slovenian,Ken-ichi Ueda,2024-04-15T21:03:11Z
216800,zgodnja prstenica,sl,"","","gobe.si—Gobarsko društvo Lisička Maribor. (n.d.). Gobarsko Društvo Lisička Maribor. https://www.gobe.si/
",Slovenian,Ken-ichi Ueda,2024-04-15T21:03:12Z
118359,vijoličastolistna obarvanka,sl,"","","gobe.si—Gobarsko društvo Lisička Maribor. (n.d.). Gobarsko Društvo Lisička Maribor. https://www.gobe.si/
",Slovenian,Ken-ichi Ueda,2024-04-15T21:03:12Z
344022,švicarski polžar,sl,"","","gobe.si—Gobarsko društvo Lisička Maribor. (n.d.). Gobarsko Društvo Lisička Maribor. https://www.gobe.si/
",Slovenian,Ken-ichi Ueda,2024-04-15T21:03:13Z
484686,jelov zlatolistar,sl,"","","gobe.si—Gobarsko društvo Lisička Maribor. (n.d.). Gobarsko Društvo Lisička Maribor. https://www.gobe.si/
",Slovenian,Ken-ichi Ueda,2024-04-15T21:03:13Z
216850,hojev zlatolistar,sl,"","","gobe.si—Gobarsko društvo Lisička Maribor. (n.d.). Gobarsko Društvo Lisička Maribor. https://www.gobe.si/
",Slovenian,Ken-ichi Ueda,2024-04-15T21:03:13Z
631048,bledi kelihovec,sl,"","","gobe.si—Gobarsko društvo Lisička Maribor. (n.d.). Gobarsko Društvo Lisička Maribor. https://www.gobe.si/
",Slovenian,Ken-ichi Ueda,2024-04-15T21:03:14Z
332473,želodov kelihovec,sl,"","","gobe.si—Gobarsko društvo Lisička Maribor. (n.d.). Gobarsko Društvo Lisička Maribor. https://www.gobe.si/
",Slovenian,Ken-ichi Ueda,2024-04-15T21:03:14Z
492183,leskov kelihovec,sl,"","","gobe.si—Gobarsko društvo Lisička Maribor. (n.d.). Gobarsko Društvo Lisička Maribor. https://www.gobe.si/
",Slovenian,Ken-ichi Ueda,2024-04-15T21:03:14Z
350318,jelkin sivoluknjičar,sl,"","","gobe.si—Gobarsko društvo Lisička Maribor. (n.d.). Gobarsko Društvo Lisička Maribor. https://www.gobe.si/
",Slovenian,Ken-ichi Ueda,2024-04-15T21:03:14Z
379761,zašiljena kijevka,sl,"","","gobe.si—Gobarsko društvo Lisička Maribor. (n.d.). Gobarsko Društvo Lisička Maribor. https://www.gobe.si/
",Slovenian,Ken-ichi Ueda,2024-04-15T21:03:15Z
53885,krhka kijevka,sl,"","","gobe.si—Gobarsko društvo Lisička Maribor. (n.d.). Gobarsko Društvo Lisička Maribor. https://www.gobe.si/
",Slovenian,Ken-ichi Ueda,2024-04-15T21:03:15Z
481383,slamnatorumena kijevka,sl,"","","gobe.si—Gobarsko društvo Lisička Maribor. (n.d.). Gobarsko Društvo Lisička Maribor. https://www.gobe.si/
",Slovenian,Ken-ichi Ueda,2024-04-15T21:03:15Z
352184,lilastosiva kijevka,sl,"","","gobe.si—Gobarsko društvo Lisička Maribor. (n.d.). Gobarsko Društvo Lisička Maribor. https://www.gobe.si/
",Slovenian,Ken-ichi Ueda,2024-04-15T21:03:16Z
55162,jezikasti kijec,sl,"","","gobe.si—Gobarsko društvo Lisička Maribor. (n.d.). Gobarsko Društvo Lisička Maribor. https://www.gobe.si/
",Slovenian,Ken-ichi Ueda,2024-04-15T21:03:16Z
55156,veliki kijec,sl,"","","gobe.si—Gobarsko društvo Lisička Maribor. (n.d.). Gobarsko Društvo Lisička Maribor. https://www.gobe.si/
",Slovenian,Ken-ichi Ueda,2024-04-15T21:03:16Z
63260,koralasta grivača,sl,"","","gobe.si—Gobarsko društvo Lisička Maribor. (n.d.). Gobarsko Društvo Lisička Maribor. https://www.gobe.si/
",Slovenian,Ken-ichi Ueda,2024-04-15T21:03:17Z
362042,rumena grivuša,sl,"","","gobe.si—Gobarsko društvo Lisička Maribor. (n.d.). Gobarsko Društvo Lisička Maribor. https://www.gobe.si/
",Slovenian,Ken-ichi Ueda,2024-04-15T21:03:18Z
350364,severnjaška poroznica,sl,"","","gobe.si—Gobarsko društvo Lisička Maribor. (n.d.). Gobarsko Društvo Lisička Maribor. https://www.gobe.si/
",Slovenian,Ken-ichi Ueda,2024-04-15T21:03:18Z
1401306,čudoviti zobež,sl,"","","gobe.si—Gobarsko društvo Lisička Maribor. (n.d.). Gobarsko Društvo Lisička Maribor. https://www.gobe.si/
",Slovenian,Ken-ichi Ueda,2024-04-15T21:03:18Z
1524978,črneči mokovec,sl,"","","gobe.si—Gobarsko društvo Lisička Maribor. (n.d.). Gobarsko Društvo Lisička Maribor. https://www.gobe.si/
",Slovenian,Ken-ichi Ueda,2024-04-15T21:03:18Z
1524977,pokapani mokovec,sl,"","","gobe.si—Gobarsko društvo Lisička Maribor. (n.d.). Gobarsko Društvo Lisička Maribor. https://www.gobe.si/
",Slovenian,Ken-ichi Ueda,2024-04-15T21:03:18Z
629071,tratna livka,sl,"","","gobe.si—Gobarsko društvo Lisička Maribor. (n.d.). Gobarsko Društvo Lisička Maribor. https://www.gobe.si/
",Slovenian,Ken-ichi Ueda,2024-04-15T21:03:19Z
629070,vlažnoroba livka,sl,"","","gobe.si—Gobarsko društvo Lisička Maribor. (n.d.). Gobarsko Društvo Lisička Maribor. https://www.gobe.si/
",Slovenian,Ken-ichi Ueda,2024-04-15T21:03:19Z
1288734,vrtnarska livka,sl,"","","gobe.si—Gobarsko društvo Lisička Maribor. (n.d.). Gobarsko Društvo Lisička Maribor. https://www.gobe.si/
",Slovenian,Ken-ichi Ueda,2024-04-15T21:03:19Z
874932,zimska livka,sl,"","","gobe.si—Gobarsko društvo Lisička Maribor. (n.d.). Gobarsko Društvo Lisička Maribor. https://www.gobe.si/
",Slovenian,Ken-ichi Ueda,2024-04-15T21:03:19Z
1288341,skledasta livka,sl,"","","gobe.si—Gobarsko društvo Lisička Maribor. (n.d.). Gobarsko Društvo Lisička Maribor. https://www.gobe.si/
",Slovenian,Ken-ichi Ueda,2024-04-15T21:03:20Z
1428781,rebrava livka,sl,"","","gobe.si—Gobarsko društvo Lisička Maribor. (n.d.). Gobarsko Društvo Lisička Maribor. https://www.gobe.si/
",Slovenian,Ken-ichi Ueda,2024-04-15T21:03:20Z
1525535,pobeljena livka,sl,"","","gobe.si—Gobarsko društvo Lisička Maribor. (n.d.). Gobarsko Društvo Lisička Maribor. https://www.gobe.si/
",Slovenian,Ken-ichi Ueda,2024-04-15T21:03:20Z
518763,iglična livka,sl,"","","gobe.si—Gobarsko društvo Lisička Maribor. (n.d.). Gobarsko Društvo Lisička Maribor. https://www.gobe.si/
",Slovenian,Ken-ichi Ueda,2024-04-15T21:03:20Z
382932,pašniška livka,sl,"","","gobe.si—Gobarsko društvo Lisička Maribor. (n.d.). Gobarsko Društvo Lisička Maribor. https://www.gobe.si/
",Slovenian,Ken-ichi Ueda,2024-04-15T21:03:21Z
118370,vonjava livka,sl,"","","gobe.si—Gobarsko društvo Lisička Maribor. (n.d.). Gobarsko Društvo Lisička Maribor. https://www.gobe.si/
",Slovenian,Ken-ichi Ueda,2024-04-15T21:03:22Z
1525553,siveča livka,sl,"","","gobe.si—Gobarsko društvo Lisička Maribor. (n.d.). Gobarsko Društvo Lisička Maribor. https://www.gobe.si/
",Slovenian,Ken-ichi Ueda,2024-04-15T21:03:22Z
1525546,janeževa livka,sl,"","","gobe.si—Gobarsko društvo Lisička Maribor. (n.d.). Gobarsko Društvo Lisička Maribor. https://www.gobe.si/
",Slovenian,Ken-ichi Ueda,2024-04-15T21:03:23Z
955239,vodenasta livka,sl,"","","gobe.si—Gobarsko društvo Lisička Maribor. (n.d.). Gobarsko Društvo Lisička Maribor. https://www.gobe.si/
",Slovenian,Ken-ichi Ueda,2024-04-15T21:03:23Z
969875,konopčasta livka,sl,"","","gobe.si—Gobarsko društvo Lisička Maribor. (n.d.). Gobarsko Društvo Lisička Maribor. https://www.gobe.si/
",Slovenian,Ken-ichi Ueda,2024-04-15T21:03:24Z
1348159,luskata livka,sl,"","","gobe.si—Gobarsko društvo Lisička Maribor. (n.d.). Gobarsko Društvo Lisička Maribor. https://www.gobe.si/
",Slovenian,Ken-ichi Ueda,2024-04-15T21:03:24Z
874937,sivorjava livka,sl,"","","gobe.si—Gobarsko društvo Lisička Maribor. (n.d.). Gobarsko Društvo Lisička Maribor. https://www.gobe.si/
",Slovenian,Ken-ichi Ueda,2024-04-15T21:03:24Z
874936,popkasta livka,sl,"","","gobe.si—Gobarsko društvo Lisička Maribor. (n.d.). Gobarsko Društvo Lisička Maribor. https://www.gobe.si/
",Slovenian,Ken-ichi Ueda,2024-04-15T21:03:24Z
500300,skrotovičena livka,sl,"","","gobe.si—Gobarsko društvo Lisička Maribor. (n.d.). Gobarsko Društvo Lisička Maribor. https://www.gobe.si/
",Slovenian,Ken-ichi Ueda,2024-04-15T21:03:25Z
497395,razpokani livček,sl,"","","gobe.si—Gobarsko društvo Lisička Maribor. (n.d.). Gobarsko Društvo Lisička Maribor. https://www.gobe.si/
",Slovenian,Ken-ichi Ueda,2024-04-15T21:03:25Z
1096396,zelenkasta podviharka,sl,"","","gobe.si—Gobarsko društvo Lisička Maribor. (n.d.). Gobarsko Društvo Lisička Maribor. https://www.gobe.si/
",Slovenian,Ken-ichi Ueda,2024-04-15T21:03:25Z
500160,mahova mokarica,sl,"","","gobe.si—Gobarsko društvo Lisička Maribor. (n.d.). Gobarsko Društvo Lisička Maribor. https://www.gobe.si/
",Slovenian,Ken-ichi Ueda,2024-04-15T21:03:25Z
384046,zvegana mokarica,sl,"","","gobe.si—Gobarsko društvo Lisička Maribor. (n.d.). Gobarsko Društvo Lisička Maribor. https://www.gobe.si/
",Slovenian,Ken-ichi Ueda,2024-04-15T21:03:26Z
64708,navadna mokarica,sl,"","","gobe.si—Gobarsko društvo Lisička Maribor. (n.d.). Gobarsko Društvo Lisička Maribor. https://www.gobe.si/
",Slovenian,Ken-ichi Ueda,2024-04-15T21:03:26Z
802996,drobna mokarica,sl,"","","gobe.si—Gobarsko društvo Lisička Maribor. (n.d.). Gobarsko Društvo Lisička Maribor. https://www.gobe.si/
",Slovenian,Ken-ichi Ueda,2024-04-15T21:03:26Z
340979,rumeneča korenovka,sl,"","","gobe.si—Gobarsko društvo Lisička Maribor. (n.d.). Gobarsko Društvo Lisička Maribor. https://www.gobe.si/
",Slovenian,Ken-ichi Ueda,2024-04-15T21:03:26Z
340978,Cookova korenovka,sl,"","","gobe.si—Gobarsko društvo Lisička Maribor. (n.d.). Gobarsko Društvo Lisička Maribor. https://www.gobe.si/
",Slovenian,Ken-ichi Ueda,2024-04-15T21:03:27Z
154390,gomoljava korenovka,sl,"","","gobe.si—Gobarsko društvo Lisička Maribor. (n.d.). Gobarsko Društvo Lisička Maribor. https://www.gobe.si/
",Slovenian,Ken-ichi Ueda,2024-04-15T21:03:27Z
1275360,pekoča pakorenovka,sl,"","","gobe.si—Gobarsko društvo Lisička Maribor. (n.d.). Gobarsko Društvo Lisička Maribor. https://www.gobe.si/
",Slovenian,Ken-ichi Ueda,2024-04-15T21:03:27Z
118035,cimetasti trdikovec,sl,"","","gobe.si—Gobarsko društvo Lisička Maribor. (n.d.). Gobarsko Društvo Lisička Maribor. https://www.gobe.si/
",Slovenian,Ken-ichi Ueda,2024-04-15T21:03:28Z
118034,večni trdikovec,sl,"","","gobe.si—Gobarsko društvo Lisička Maribor. (n.d.). Gobarsko Društvo Lisička Maribor. https://www.gobe.si/
",Slovenian,Ken-ichi Ueda,2024-04-15T21:03:28Z
154741,mokrotna lesomorka,sl,"","","gobe.si—Gobarsko društvo Lisička Maribor. (n.d.). Gobarsko Društvo Lisička Maribor. https://www.gobe.si/
",Slovenian,Ken-ichi Ueda,2024-04-15T21:03:28Z
565396,kopučasti koničar,sl,"","","gobe.si—Gobarsko društvo Lisička Maribor. (n.d.). Gobarsko Društvo Lisička Maribor. https://www.gobe.si/
",Slovenian,Ken-ichi Ueda,2024-04-15T21:03:28Z
748629,glavata stožka,sl,"","","gobe.si—Gobarsko društvo Lisička Maribor. (n.d.). Gobarsko Društvo Lisička Maribor. https://www.gobe.si/
",Slovenian,Ken-ichi Ueda,2024-04-15T21:03:30Z
989198,velikotrosna stožka,sl,"","","gobe.si—Gobarsko društvo Lisička Maribor. (n.d.). Gobarsko Društvo Lisička Maribor. https://www.gobe.si/
",Slovenian,Ken-ichi Ueda,2024-04-15T21:03:30Z
203062,domači tintovec,sl,"","","gobe.si—Gobarsko društvo Lisička Maribor. (n.d.). Gobarsko Društvo Lisička Maribor. https://www.gobe.si/
",Slovenian,Ken-ichi Ueda,2024-04-15T21:03:32Z
410689,minljivi tintovec,sl,"","","gobe.si—Gobarsko društvo Lisička Maribor. (n.d.). Gobarsko Društvo Lisička Maribor. https://www.gobe.si/
",Slovenian,Ken-ichi Ueda,2024-04-15T21:03:33Z
56316,kosmičasti tintovec,sl,"","","gobe.si—Gobarsko društvo Lisička Maribor. (n.d.). Gobarsko Društvo Lisička Maribor. https://www.gobe.si/
",Slovenian,Ken-ichi Ueda,2024-04-15T21:03:33Z
1498609,bledi tintovec,sl,"","","gobe.si—Gobarsko društvo Lisička Maribor. (n.d.). Gobarsko Društvo Lisička Maribor. https://www.gobe.si/
",Slovenian,Ken-ichi Ueda,2024-04-15T21:03:34Z
154734,žareči tintovec,sl,"","","gobe.si—Gobarsko društvo Lisička Maribor. (n.d.). Gobarsko Društvo Lisička Maribor. https://www.gobe.si/
",Slovenian,Ken-ichi Ueda,2024-04-15T21:03:34Z
1395096,gozdni tintovec,sl,"","","gobe.si—Gobarsko društvo Lisička Maribor. (n.d.). Gobarsko Društvo Lisička Maribor. https://www.gobe.si/
",Slovenian,Ken-ichi Ueda,2024-04-15T21:03:34Z
851559,strupena tintovka,sl,"","","gobe.si—Gobarsko društvo Lisička Maribor. (n.d.). Gobarsko Društvo Lisička Maribor. https://www.gobe.si/
",Slovenian,Ken-ichi Ueda,2024-04-15T21:03:35Z
179211,gnojiščna tintovka,sl,"","","gobe.si—Gobarsko društvo Lisička Maribor. (n.d.). Gobarsko Društvo Lisička Maribor. https://www.gobe.si/
",Slovenian,Ken-ichi Ueda,2024-04-15T21:03:35Z
381826,nitkasta tintovka,sl,"","","gobe.si—Gobarsko društvo Lisička Maribor. (n.d.). Gobarsko Društvo Lisička Maribor. https://www.gobe.si/
",Slovenian,Ken-ichi Ueda,2024-04-15T21:03:35Z
55605,plišasta tintovka,sl,"","","gobe.si—Gobarsko društvo Lisička Maribor. (n.d.). Gobarsko Društvo Lisička Maribor. https://www.gobe.si/
",Slovenian,Ken-ichi Ueda,2024-04-15T21:03:36Z
1446781,minljiva tintovka,sl,"","","gobe.si—Gobarsko društvo Lisička Maribor. (n.d.). Gobarsko Društvo Lisička Maribor. https://www.gobe.si/
",Slovenian,Ken-ichi Ueda,2024-04-15T21:03:36Z
481367,belkasta tintovka,sl,"","","gobe.si—Gobarsko društvo Lisička Maribor. (n.d.). Gobarsko Društvo Lisička Maribor. https://www.gobe.si/
",Slovenian,Ken-ichi Ueda,2024-04-15T21:03:36Z
381872,zašiljena koprenka,sl,"","","gobe.si—Gobarsko društvo Lisička Maribor. (n.d.). Gobarsko Društvo Lisička Maribor. https://www.gobe.si/
",Slovenian,Ken-ichi Ueda,2024-04-15T21:03:38Z
58677,grbičasta koprenka,sl,"","","gobe.si—Gobarsko društvo Lisička Maribor. (n.d.). Gobarsko Društvo Lisička Maribor. https://www.gobe.si/
",Slovenian,Ken-ichi Ueda,2024-04-15T21:03:38Z
989251,poprhnjena koprenka,sl,"","","gobe.si—Gobarsko društvo Lisička Maribor. (n.d.). Gobarsko Društvo Lisička Maribor. https://www.gobe.si/
",Slovenian,Ken-ichi Ueda,2024-04-15T21:03:39Z
359896,nepravilna koprenka,sl,"","","gobe.si—Gobarsko društvo Lisička Maribor. (n.d.). Gobarsko Društvo Lisička Maribor. https://www.gobe.si/
",Slovenian,Ken-ichi Ueda,2024-04-15T21:03:39Z
326353,pasasta koprenka,sl,"","","gobe.si—Gobarsko društvo Lisička Maribor. (n.d.). Gobarsko Društvo Lisička Maribor. https://www.gobe.si/
",Slovenian,Ken-ichi Ueda,2024-04-15T21:03:40Z
494612,usločena koprenka,sl,"","","gobe.si—Gobarsko društvo Lisička Maribor. (n.d.). Gobarsko Društvo Lisička Maribor. https://www.gobe.si/
",Slovenian,Ken-ichi Ueda,2024-04-15T21:03:40Z
1469365,pomaščena koprenka,sl,"","","gobe.si—Gobarsko društvo Lisička Maribor. (n.d.). Gobarsko Društvo Lisička Maribor. https://www.gobe.si/
",Slovenian,Ken-ichi Ueda,2024-04-15T21:03:40Z
500066,granatna koprenka,sl,"","","gobe.si—Gobarsko društvo Lisička Maribor. (n.d.). Gobarsko Društvo Lisička Maribor. https://www.gobe.si/
",Slovenian,Ken-ichi Ueda,2024-04-15T21:03:41Z
830078,brezovinska koprenka,sl,"","","gobe.si—Gobarsko društvo Lisička Maribor. (n.d.). Gobarsko Društvo Lisička Maribor. https://www.gobe.si/
",Slovenian,Ken-ichi Ueda,2024-04-15T21:03:41Z
902686,zastrta koprenka,sl,"","","gobe.si—Gobarsko društvo Lisička Maribor. (n.d.). Gobarsko Društvo Lisička Maribor. https://www.gobe.si/
",Slovenian,Ken-ichi Ueda,2024-04-15T21:03:41Z
989262,mesnata koprenka,sl,"","","gobe.si—Gobarsko društvo Lisička Maribor. (n.d.). Gobarsko Društvo Lisička Maribor. https://www.gobe.si/
",Slovenian,Ken-ichi Ueda,2024-04-15T21:03:41Z
989261,rjavorumena koprenka,sl,"","","gobe.si—Gobarsko društvo Lisička Maribor. (n.d.). Gobarsko Društvo Lisička Maribor. https://www.gobe.si/
",Slovenian,Ken-ichi Ueda,2024-04-15T21:03:42Z
932436,rjava koprenka,sl,"","","gobe.si—Gobarsko društvo Lisička Maribor. (n.d.). Gobarsko Društvo Lisička Maribor. https://www.gobe.si/
",Slovenian,Ken-ichi Ueda,2024-04-15T21:03:42Z
515023,rdečebetna koprenka,sl,"","","gobe.si—Gobarsko društvo Lisička Maribor. (n.d.). Gobarsko Društvo Lisička Maribor. https://www.gobe.si/
",Slovenian,Ken-ichi Ueda,2024-04-15T21:03:42Z
1433773,prelestna koprenka,sl,"","","gobe.si—Gobarsko društvo Lisička Maribor. (n.d.). Gobarsko Društvo Lisička Maribor. https://www.gobe.si/
",Slovenian,Ken-ichi Ueda,2024-04-15T21:03:43Z
499706,kafrna koprenka,sl,"","","gobe.si—Gobarsko društvo Lisička Maribor. (n.d.). Gobarsko Društvo Lisička Maribor. https://www.gobe.si/
",Slovenian,Ken-ichi Ueda,2024-04-15T21:03:43Z
500074,pasja koprenka,sl,"","","gobe.si—Gobarsko društvo Lisička Maribor. (n.d.). Gobarsko Društvo Lisička Maribor. https://www.gobe.si/
",Slovenian,Ken-ichi Ueda,2024-04-15T21:03:43Z
125364,pšenična koprenka,sl,"","","gobe.si—Gobarsko društvo Lisička Maribor. (n.d.). Gobarsko Društvo Lisička Maribor. https://www.gobe.si/
",Slovenian,Ken-ichi Ueda,2024-04-15T21:03:44Z
1348476,Casimirjeva koprenka,sl,"","","gobe.si—Gobarsko društvo Lisička Maribor. (n.d.). Gobarsko Društvo Lisička Maribor. https://www.gobe.si/
",Slovenian,Ken-ichi Ueda,2024-04-15T21:03:44Z
1428492,voščenolistna koprenka,sl,"","","gobe.si—Gobarsko društvo Lisička Maribor. (n.d.). Gobarsko Društvo Lisička Maribor. https://www.gobe.si/
",Slovenian,Ken-ichi Ueda,2024-04-15T21:03:44Z
155225,cimetasta koprenka,sl,"","","gobe.si—Gobarsko društvo Lisička Maribor. (n.d.). Gobarsko Društvo Lisička Maribor. https://www.gobe.si/
",Slovenian,Ken-ichi Ueda,2024-04-15T21:03:45Z
481589,olivnocitronasta koprenka,sl,"","","gobe.si—Gobarsko društvo Lisička Maribor. (n.d.). Gobarsko Društvo Lisička Maribor. https://www.gobe.si/
",Slovenian,Ken-ichi Ueda,2024-04-15T21:03:45Z
344629,mazava koprenka,sl,"","","gobe.si—Gobarsko društvo Lisička Maribor. (n.d.). Gobarsko Društvo Lisička Maribor. https://www.gobe.si/
",Slovenian,Ken-ichi Ueda,2024-04-15T21:03:45Z
1510816,krepka koprenka,sl,"","","gobe.si—Gobarsko društvo Lisička Maribor. (n.d.). Gobarsko Društvo Lisička Maribor. https://www.gobe.si/
",Slovenian,Ken-ichi Ueda,2024-04-15T21:03:46Z
192638,žafranasta koprenka,sl,"","","gobe.si—Gobarsko društvo Lisička Maribor. (n.d.). Gobarsko Društvo Lisička Maribor. https://www.gobe.si/
",Slovenian,Ken-ichi Ueda,2024-04-15T21:03:46Z
989278,kopučasta koprenka,sl,"","","gobe.si—Gobarsko društvo Lisička Maribor. (n.d.). Gobarsko Društvo Lisička Maribor. https://www.gobe.si/
",Slovenian,Ken-ichi Ueda,2024-04-15T21:03:46Z
379770,goljufiva koprenka,sl,"","","gobe.si—Gobarsko društvo Lisička Maribor. (n.d.). Gobarsko Društvo Lisička Maribor. https://www.gobe.si/
",Slovenian,Ken-ichi Ueda,2024-04-15T21:03:47Z
500015,modrolistna koprenka,sl,"","","gobe.si—Gobarsko društvo Lisička Maribor. (n.d.). Gobarsko Društvo Lisička Maribor. https://www.gobe.si/
",Slovenian,Ken-ichi Ueda,2024-04-15T21:03:47Z
500076,vdrta koprenka,sl,"","","gobe.si—Gobarsko društvo Lisička Maribor. (n.d.). Gobarsko Društvo Lisička Maribor. https://www.gobe.si/
",Slovenian,Ken-ichi Ueda,2024-04-15T21:03:47Z
1152370,trdobetna koprenka,sl,"","","gobe.si—Gobarsko društvo Lisička Maribor. (n.d.). Gobarsko Društvo Lisička Maribor. https://www.gobe.si/
",Slovenian,Ken-ichi Ueda,2024-04-15T21:03:48Z
500057,nažlebkana koprenka,sl,"","","gobe.si—Gobarsko društvo Lisička Maribor. (n.d.). Gobarsko Društvo Lisička Maribor. https://www.gobe.si/
",Slovenian,Ken-ichi Ueda,2024-04-15T21:03:48Z
381907,hribovska koprenka,sl,"","","gobe.si—Gobarsko društvo Lisička Maribor. (n.d.). Gobarsko Društvo Lisička Maribor. https://www.gobe.si/
",Slovenian,Ken-ichi Ueda,2024-04-15T21:03:49Z
1437717,belovlaknata koprenka,sl,"","","gobe.si—Gobarsko društvo Lisička Maribor. (n.d.). Gobarsko Društvo Lisička Maribor. https://www.gobe.si/
",Slovenian,Ken-ichi Ueda,2024-04-15T21:03:49Z
1417177,spolzka koprenka,sl,"","","gobe.si—Gobarsko društvo Lisička Maribor. (n.d.). Gobarsko Društvo Lisička Maribor. https://www.gobe.si/
",Slovenian,Ken-ichi Ueda,2024-04-15T21:03:50Z
147323,krivobetna koprenka,sl,"","","gobe.si—Gobarsko društvo Lisička Maribor. (n.d.). Gobarsko Društvo Lisička Maribor. https://www.gobe.si/
",Slovenian,Ken-ichi Ueda,2024-04-15T21:03:50Z
1433918,žareča koprenka,sl,"","","gobe.si—Gobarsko društvo Lisička Maribor. (n.d.). Gobarsko Društvo Lisička Maribor. https://www.gobe.si/
",Slovenian,Ken-ichi Ueda,2024-04-15T21:03:51Z
344645,bliskova koprenka,sl,"","","gobe.si—Gobarsko društvo Lisička Maribor. (n.d.). Gobarsko Društvo Lisička Maribor. https://www.gobe.si/
",Slovenian,Ken-ichi Ueda,2024-04-15T21:03:51Z
335624,grenkokožna koprenka,sl,"","","gobe.si—Gobarsko društvo Lisička Maribor. (n.d.). Gobarsko Društvo Lisička Maribor. https://www.gobe.si/
",Slovenian,Ken-ichi Ueda,2024-04-15T21:03:51Z
326353,bakrenorjava koprenka,sl,"","","gobe.si—Gobarsko društvo Lisička Maribor. (n.d.). Gobarsko Društvo Lisička Maribor. https://www.gobe.si/
",Slovenian,Ken-ichi Ueda,2024-04-15T21:03:52Z
564081,medenorjava koprenka,sl,"","","gobe.si—Gobarsko društvo Lisička Maribor. (n.d.). Gobarsko Društvo Lisička Maribor. https://www.gobe.si/
",Slovenian,Ken-ichi Ueda,2024-04-15T21:03:52Z
1503269,štulasta koprenka,sl,"","","gobe.si—Gobarsko društvo Lisička Maribor. (n.d.). Gobarsko Društvo Lisička Maribor. https://www.gobe.si/
",Slovenian,Ken-ichi Ueda,2024-04-15T21:03:52Z
411250,polkosmata koprenka,sl,"","","gobe.si—Gobarsko društvo Lisička Maribor. (n.d.). Gobarsko Društvo Lisička Maribor. https://www.gobe.si/
",Slovenian,Ken-ichi Ueda,2024-04-15T21:03:52Z
885404,jelova koprenka,sl,"","","gobe.si—Gobarsko društvo Lisička Maribor. (n.d.). Gobarsko Društvo Lisička Maribor. https://www.gobe.si/
",Slovenian,Ken-ichi Ueda,2024-04-15T21:03:53Z
874952,jelenčja koprenka,sl,"","","gobe.si—Gobarsko društvo Lisička Maribor. (n.d.). Gobarsko Društvo Lisička Maribor. https://www.gobe.si/
",Slovenian,Ken-ichi Ueda,2024-04-15T21:03:53Z
559477,kosmičasta koprenka,sl,"","","gobe.si—Gobarsko društvo Lisička Maribor. (n.d.). Gobarsko Društvo Lisička Maribor. https://www.gobe.si/
",Slovenian,Ken-ichi Ueda,2024-04-15T21:03:53Z
865327,razcepljena koprenka,sl,"","","gobe.si—Gobarsko društvo Lisička Maribor. (n.d.). Gobarsko Društvo Lisička Maribor. https://www.gobe.si/
",Slovenian,Ken-ichi Ueda,2024-04-15T21:03:53Z
381919,scefrana koprenka,sl,"","","gobe.si—Gobarsko društvo Lisička Maribor. (n.d.). Gobarsko Društvo Lisička Maribor. https://www.gobe.si/
",Slovenian,Ken-ichi Ueda,2024-04-15T21:03:54Z
350498,kislotalna koprenka,sl,"","","gobe.si—Gobarsko društvo Lisička Maribor. (n.d.). Gobarsko Društvo Lisička Maribor. https://www.gobe.si/
",Slovenian,Ken-ichi Ueda,2024-04-15T21:03:54Z
989295,zvišana koprenka,sl,"","","gobe.si—Gobarsko društvo Lisička Maribor. (n.d.). Gobarsko Društvo Lisička Maribor. https://www.gobe.si/
",Slovenian,Ken-ichi Ueda,2024-04-15T21:03:55Z
415525,volnata koprenka,sl,"","","gobe.si—Gobarsko društvo Lisička Maribor. (n.d.). Gobarsko Društvo Lisička Maribor. https://www.gobe.si/
",Slovenian,Ken-ichi Ueda,2024-04-15T21:03:55Z
1437648,zajetna koprenka,sl,"","","gobe.si—Gobarsko društvo Lisička Maribor. (n.d.). Gobarsko Društvo Lisička Maribor. https://www.gobe.si/
",Slovenian,Ken-ichi Ueda,2024-04-15T21:03:56Z
1433805,citronastorumena koprenka,sl,"","","gobe.si—Gobarsko društvo Lisička Maribor. (n.d.). Gobarsko Društvo Lisička Maribor. https://www.gobe.si/
",Slovenian,Ken-ichi Ueda,2024-04-15T21:03:56Z
500060,malahitasta koprenka,sl,"","","gobe.si—Gobarsko društvo Lisička Maribor. (n.d.). Gobarsko Društvo Lisička Maribor. https://www.gobe.si/
",Slovenian,Ken-ichi Ueda,2024-04-15T21:03:57Z
1021225,peteršiljeva koprenka,sl,"","","gobe.si—Gobarsko društvo Lisička Maribor. (n.d.). Gobarsko Društvo Lisička Maribor. https://www.gobe.si/
",Slovenian,Ken-ichi Ueda,2024-04-15T21:03:58Z
874954,slinasta koprenka,sl,"","","gobe.si—Gobarsko društvo Lisička Maribor. (n.d.). Gobarsko Društvo Lisička Maribor. https://www.gobe.si/
",Slovenian,Ken-ichi Ueda,2024-04-15T21:03:58Z
344640,zaobljena koprenka,sl,"","","gobe.si—Gobarsko društvo Lisička Maribor. (n.d.). Gobarsko Društvo Lisička Maribor. https://www.gobe.si/
",Slovenian,Ken-ichi Ueda,2024-04-15T21:03:59Z
497671,gabrova koprenka,sl,"","","gobe.si—Gobarsko društvo Lisička Maribor. (n.d.). Gobarsko Društvo Lisička Maribor. https://www.gobe.si/
",Slovenian,Ken-ichi Ueda,2024-04-15T21:03:59Z
337849,poljska koprenka,sl,"","","gobe.si—Gobarsko društvo Lisička Maribor. (n.d.). Gobarsko Društvo Lisička Maribor. https://www.gobe.si/
",Slovenian,Ken-ichi Ueda,2024-04-15T21:03:59Z
922177,rdečepasasta koprenka,sl,"","","gobe.si—Gobarsko društvo Lisička Maribor. (n.d.). Gobarsko Društvo Lisička Maribor. https://www.gobe.si/
",Slovenian,Ken-ichi Ueda,2024-04-15T21:03:59Z
381959,luskata koprenka,sl,"","","gobe.si—Gobarsko društvo Lisička Maribor. (n.d.). Gobarsko Društvo Lisička Maribor. https://www.gobe.si/
",Slovenian,Ken-ichi Ueda,2024-04-15T21:04:00Z
499697,gubastoroba koprenka,sl,"","","gobe.si—Gobarsko društvo Lisička Maribor. (n.d.). Gobarsko Društvo Lisička Maribor. https://www.gobe.si/
",Slovenian,Ken-ichi Ueda,2024-04-15T21:04:00Z
1525314,lepljiva koprenka,sl,"","","gobe.si—Gobarsko društvo Lisička Maribor. (n.d.). Gobarsko Društvo Lisička Maribor. https://www.gobe.si/
",Slovenian,Ken-ichi Ueda,2024-04-15T21:04:01Z
1533433,krasnobetna koprenka,sl,"","","gobe.si—Gobarsko društvo Lisička Maribor. (n.d.). Gobarsko Društvo Lisička Maribor. https://www.gobe.si/
",Slovenian,Ken-ichi Ueda,2024-04-15T21:04:01Z
1143931,slonovinasta koprenka,sl,"","","gobe.si—Gobarsko društvo Lisička Maribor. (n.d.). Gobarsko Društvo Lisička Maribor. https://www.gobe.si/
",Slovenian,Ken-ichi Ueda,2024-04-15T21:04:01Z
1361424,poletna koprenka,sl,"","","gobe.si—Gobarsko društvo Lisička Maribor. (n.d.). Gobarsko Društvo Lisička Maribor. https://www.gobe.si/
",Slovenian,Ken-ichi Ueda,2024-04-15T21:04:02Z
874950,korenasta koprenka,sl,"","","gobe.si—Gobarsko društvo Lisička Maribor. (n.d.). Gobarsko Društvo Lisička Maribor. https://www.gobe.si/
",Slovenian,Ken-ichi Ueda,2024-04-15T21:04:02Z
1434037,zelenodniščna koprenka,sl,"","","gobe.si—Gobarsko društvo Lisička Maribor. (n.d.). Gobarsko Društvo Lisička Maribor. https://www.gobe.si/
",Slovenian,Ken-ichi Ueda,2024-04-15T21:04:02Z
989326,drvena koprenka,sl,"","","gobe.si—Gobarsko društvo Lisička Maribor. (n.d.). Gobarsko Društvo Lisička Maribor. https://www.gobe.si/
",Slovenian,Ken-ichi Ueda,2024-04-15T21:04:02Z
500053,najlepša koprenka,sl,"","","gobe.si—Gobarsko društvo Lisička Maribor. (n.d.). Gobarsko Društvo Lisička Maribor. https://www.gobe.si/
",Slovenian,Ken-ichi Ueda,2024-04-15T21:04:03Z
332482,mastna koprenka,sl,"","","gobe.si—Gobarsko društvo Lisička Maribor. (n.d.). Gobarsko Društvo Lisička Maribor. https://www.gobe.si/
",Slovenian,Ken-ichi Ueda,2024-04-15T21:04:03Z
55030,krvena koprenka,sl,"","","gobe.si—Gobarsko društvo Lisička Maribor. (n.d.). Gobarsko Društvo Lisička Maribor. https://www.gobe.si/
",Slovenian,Ken-ichi Ueda,2024-04-15T21:04:03Z
518759,šopasta koprenka,sl,"","","gobe.si—Gobarsko društvo Lisička Maribor. (n.d.). Gobarsko Društvo Lisička Maribor. https://www.gobe.si/
",Slovenian,Ken-ichi Ueda,2024-04-15T21:04:03Z
1021227,lojasta koprenka,sl,"","","gobe.si—Gobarsko društvo Lisička Maribor. (n.d.). Gobarsko Društvo Lisička Maribor. https://www.gobe.si/
",Slovenian,Ken-ichi Ueda,2024-04-15T21:04:04Z
125353,polkrvena koprenka,sl,"","","gobe.si—Gobarsko društvo Lisička Maribor. (n.d.). Gobarsko Društvo Lisička Maribor. https://www.gobe.si/
",Slovenian,Ken-ichi Ueda,2024-04-15T21:04:04Z
350498,medova koprenka,sl,"","","gobe.si—Gobarsko društvo Lisička Maribor. (n.d.). Gobarsko Društvo Lisička Maribor. https://www.gobe.si/
",Slovenian,Ken-ichi Ueda,2024-04-15T21:04:04Z
1428495,polobročna koprenka,sl,"","","gobe.si—Gobarsko društvo Lisička Maribor. (n.d.). Gobarsko Društvo Lisička Maribor. https://www.gobe.si/
",Slovenian,Ken-ichi Ueda,2024-04-15T21:04:05Z
475489,cimetnolistna koprenka,sl,"","","gobe.si—Gobarsko društvo Lisička Maribor. (n.d.). Gobarsko Društvo Lisička Maribor. https://www.gobe.si/
",Slovenian,Ken-ichi Ueda,2024-04-15T21:04:05Z
874960,rjasta koprenka,sl,"","","gobe.si—Gobarsko društvo Lisička Maribor. (n.d.). Gobarsko Društvo Lisička Maribor. https://www.gobe.si/
",Slovenian,Ken-ichi Ueda,2024-04-15T21:04:05Z
555360,zasukana koprenka,sl,"","","gobe.si—Gobarsko društvo Lisička Maribor. (n.d.). Gobarsko Društvo Lisička Maribor. https://www.gobe.si/
",Slovenian,Ken-ichi Ueda,2024-04-15T21:04:05Z
1171010,pegasta koprenka,sl,"","","gobe.si—Gobarsko društvo Lisička Maribor. (n.d.). Gobarsko Društvo Lisička Maribor. https://www.gobe.si/
",Slovenian,Ken-ichi Ueda,2024-04-15T21:04:05Z
989281,svinjska koprenka,sl,"","","gobe.si—Gobarsko društvo Lisička Maribor. (n.d.). Gobarsko Društvo Lisička Maribor. https://www.gobe.si/
",Slovenian,Ken-ichi Ueda,2024-04-15T21:04:06Z
856493,razbarvana koprenka,sl,"","","gobe.si—Gobarsko društvo Lisička Maribor. (n.d.). Gobarsko Društvo Lisička Maribor. https://www.gobe.si/
",Slovenian,Ken-ichi Ueda,2024-04-15T21:04:06Z
58674,polzastrta koprenka,sl,"","","gobe.si—Gobarsko društvo Lisička Maribor. (n.d.). Gobarsko Društvo Lisička Maribor. https://www.gobe.si/
",Slovenian,Ken-ichi Ueda,2024-04-15T21:04:07Z
58676,lilasta koprenka,sl,"","","gobe.si—Gobarsko društvo Lisička Maribor. (n.d.). Gobarsko Društvo Lisička Maribor. https://www.gobe.si/
",Slovenian,Ken-ichi Ueda,2024-04-15T21:04:07Z
517792,osmojena koprenka,sl,"","","gobe.si—Gobarsko društvo Lisička Maribor. (n.d.). Gobarsko Društvo Lisička Maribor. https://www.gobe.si/
",Slovenian,Ken-ichi Ueda,2024-04-15T21:04:07Z
1437653,raznobarvna koprenka,sl,"","","gobe.si—Gobarsko društvo Lisička Maribor. (n.d.). Gobarsko Društvo Lisička Maribor. https://www.gobe.si/
",Slovenian,Ken-ichi Ueda,2024-04-15T21:04:08Z
1437682,šarasta koprenka,sl,"","","gobe.si—Gobarsko društvo Lisička Maribor. (n.d.). Gobarsko Društvo Lisička Maribor. https://www.gobe.si/
",Slovenian,Ken-ichi Ueda,2024-04-15T21:04:08Z
874965,beneška koprenka,sl,"","","gobe.si—Gobarsko društvo Lisička Maribor. (n.d.). Gobarsko Društvo Lisička Maribor. https://www.gobe.si/
",Slovenian,Ken-ichi Ueda,2024-04-15T21:04:08Z
865328,pomladanska koprenka,sl,"","","gobe.si—Gobarsko društvo Lisička Maribor. (n.d.). Gobarsko Društvo Lisička Maribor. https://www.gobe.si/
",Slovenian,Ken-ichi Ueda,2024-04-15T21:04:08Z
517793,rožastobetna koprenka,sl,"","","gobe.si—Gobarsko društvo Lisička Maribor. (n.d.). Gobarsko Društvo Lisička Maribor. https://www.gobe.si/
",Slovenian,Ken-ichi Ueda,2024-04-15T21:04:09Z
124344,vijoličasta koprenka,sl,"","","gobe.si—Gobarsko društvo Lisička Maribor. (n.d.). Gobarsko Društvo Lisička Maribor. https://www.gobe.si/
",Slovenian,Ken-ichi Ueda,2024-04-15T21:04:09Z
911310,šopasta párožica,sl,"","","gobe.si—Gobarsko društvo Lisička Maribor. (n.d.). Gobarsko Društvo Lisička Maribor. https://www.gobe.si/
",Slovenian,Ken-ichi Ueda,2024-04-15T21:04:10Z
350514,sploščena postrančica,sl,"","","gobe.si—Gobarsko društvo Lisička Maribor. (n.d.). Gobarsko Društvo Lisička Maribor. https://www.gobe.si/
",Slovenian,Ken-ichi Ueda,2024-04-15T21:04:11Z
350516,Cesatijeva postrančica,sl,"","","gobe.si—Gobarsko društvo Lisička Maribor. (n.d.). Gobarsko Društvo Lisička Maribor. https://www.gobe.si/
",Slovenian,Ken-ichi Ueda,2024-04-15T21:04:11Z
154733,žafranastolistna postrančica,sl,"","","gobe.si—Gobarsko društvo Lisička Maribor. (n.d.). Gobarsko Društvo Lisička Maribor. https://www.gobe.si/
",Slovenian,Ken-ichi Ueda,2024-04-15T21:04:11Z
118283,zdrizasta postrančica,sl,"","","gobe.si—Gobarsko društvo Lisička Maribor. (n.d.). Gobarsko Društvo Lisička Maribor. https://www.gobe.si/
",Slovenian,Ken-ichi Ueda,2024-04-15T21:04:11Z
155053,raznolična postrančica,sl,"","","gobe.si—Gobarsko društvo Lisička Maribor. (n.d.). Gobarsko Društvo Lisička Maribor. https://www.gobe.si/
",Slovenian,Ken-ichi Ueda,2024-04-15T21:04:12Z
989492,hruškasta sitka,sl,"","","gobe.si—Gobarsko društvo Lisička Maribor. (n.d.). Gobarsko Društvo Lisička Maribor. https://www.gobe.si/
",Slovenian,Ken-ichi Ueda,2024-04-15T21:04:12Z
118282,kolobarčasta dlakavka,sl,"","","gobe.si—Gobarsko društvo Lisička Maribor. (n.d.). Gobarsko Društvo Lisička Maribor. https://www.gobe.si/
",Slovenian,Ken-ichi Ueda,2024-04-15T21:04:12Z
183199,kolobarna ščitoglavka,sl,"","","gobe.si—Gobarsko društvo Lisička Maribor. (n.d.). Gobarsko Društvo Lisička Maribor. https://www.gobe.si/
",Slovenian,Ken-ichi Ueda,2024-04-15T21:04:13Z
498074,potočna žebljarka,sl,"","","gobe.si—Gobarsko društvo Lisička Maribor. (n.d.). Gobarsko Društvo Lisička Maribor. https://www.gobe.si/
",Slovenian,Ken-ichi Ueda,2024-04-15T21:04:13Z
924331,sivkasta tratnica,sl,"","","gobe.si—Gobarsko društvo Lisička Maribor. (n.d.). Gobarsko Društvo Lisička Maribor. https://www.gobe.si/
",Slovenian,Ken-ichi Ueda,2024-04-15T21:04:13Z
485984,rjava tratnica,sl,"","","gobe.si—Gobarsko društvo Lisička Maribor. (n.d.). Gobarsko Društvo Lisička Maribor. https://www.gobe.si/
",Slovenian,Ken-ichi Ueda,2024-04-15T21:04:13Z
1135359,rumenodniščna tratnica,sl,"","","gobe.si—Gobarsko društvo Lisička Maribor. (n.d.). Gobarsko Društvo Lisička Maribor. https://www.gobe.si/
",Slovenian,Ken-ichi Ueda,2024-04-15T21:04:14Z
499788,oblokasta tratnica,sl,"","","gobe.si—Gobarsko društvo Lisička Maribor. (n.d.). Gobarsko Društvo Lisička Maribor. https://www.gobe.si/
",Slovenian,Ken-ichi Ueda,2024-04-15T21:04:14Z
1135358,modrikasta tratnica,sl,"","","gobe.si—Gobarsko društvo Lisička Maribor. (n.d.). Gobarsko Društvo Lisička Maribor. https://www.gobe.si/
",Slovenian,Ken-ichi Ueda,2024-04-15T21:04:14Z
361641,travniška tratnica,sl,"","","gobe.si—Gobarsko društvo Lisička Maribor. (n.d.). Gobarsko Društvo Lisička Maribor. https://www.gobe.si/
",Slovenian,Ken-ichi Ueda,2024-04-15T21:04:14Z
485130,cedrova tratnica,sl,"","","gobe.si—Gobarsko društvo Lisička Maribor. (n.d.). Gobarsko Društvo Lisička Maribor. https://www.gobe.si/
",Slovenian,Ken-ichi Ueda,2024-04-15T21:04:15Z
486380,deviška tratnica,sl,"","","gobe.si—Gobarsko društvo Lisička Maribor. (n.d.). Gobarsko Društvo Lisička Maribor. https://www.gobe.si/
",Slovenian,Ken-ichi Ueda,2024-04-15T21:04:15Z
517822,spreminjavi modrivec,sl,"","","gobe.si—Gobarsko društvo Lisička Maribor. (n.d.). Gobarsko Društvo Lisička Maribor. https://www.gobe.si/
",Slovenian,Ken-ichi Ueda,2024-04-15T21:04:15Z
959244,modrikasti sinjetrosnik,sl,"","","gobe.si—Gobarsko društvo Lisička Maribor. (n.d.). Gobarsko Društvo Lisička Maribor. https://www.gobe.si/
",Slovenian,Ken-ichi Ueda,2024-04-15T21:04:16Z
118131,gladki košek,sl,"","","gobe.si—Gobarsko društvo Lisička Maribor. (n.d.). Gobarsko Društvo Lisička Maribor. https://www.gobe.si/
",Slovenian,Ken-ichi Ueda,2024-04-15T21:04:16Z
120037,govnov košek,sl,"","","gobe.si—Gobarsko društvo Lisička Maribor. (n.d.). Gobarsko Društvo Lisička Maribor. https://www.gobe.si/
",Slovenian,Ken-ichi Ueda,2024-04-15T21:04:16Z
628418,nažlebkana topolovka,sl,"","","gobe.si—Gobarsko društvo Lisička Maribor. (n.d.). Gobarsko Društvo Lisička Maribor. https://www.gobe.si/
",Slovenian,Ken-ichi Ueda,2024-04-15T21:04:17Z
382077,ploski skorjevec,sl,"","","gobe.si—Gobarsko društvo Lisička Maribor. (n.d.). Gobarsko Društvo Lisička Maribor. https://www.gobe.si/
",Slovenian,Ken-ichi Ueda,2024-04-15T21:04:17Z
874976,jelkova kajfežulja,sl,"","","gobe.si—Gobarsko društvo Lisička Maribor. (n.d.). Gobarsko Društvo Lisička Maribor. https://www.gobe.si/
",Slovenian,Ken-ichi Ueda,2024-04-15T21:04:17Z
337956,rjava zrnovka,sl,"","","gobe.si—Gobarsko društvo Lisička Maribor. (n.d.). Gobarsko Društvo Lisička Maribor. https://www.gobe.si/
",Slovenian,Ken-ichi Ueda,2024-04-15T21:04:17Z
464307,gorska zrnovka,sl,"","","gobe.si—Gobarsko društvo Lisička Maribor. (n.d.). Gobarsko Društvo Lisička Maribor. https://www.gobe.si/
",Slovenian,Ken-ichi Ueda,2024-04-15T21:04:18Z
499719,cinobrasti zrnovec,sl,"","","gobe.si—Gobarsko društvo Lisička Maribor. (n.d.). Gobarsko Društvo Lisička Maribor. https://www.gobe.si/
",Slovenian,Ken-ichi Ueda,2024-04-15T21:04:18Z
338133,hrapavi zrnovec,sl,"","","gobe.si—Gobarsko društvo Lisička Maribor. (n.d.). Gobarsko Društvo Lisička Maribor. https://www.gobe.si/
",Slovenian,Ken-ichi Ueda,2024-04-15T21:04:18Z
788014,vonjava prahoglavka,sl,"","","gobe.si—Gobarsko društvo Lisička Maribor. (n.d.). Gobarsko Društvo Lisička Maribor. https://www.gobe.si/
",Slovenian,Ken-ichi Ueda,2024-04-15T21:04:18Z
367291,belkasta prahoglavka,sl,"","","gobe.si—Gobarsko društvo Lisička Maribor. (n.d.). Gobarsko Društvo Lisička Maribor. https://www.gobe.si/
",Slovenian,Ken-ichi Ueda,2024-04-15T21:04:19Z
118028,pahljačasta solzovka,sl,"","","gobe.si—Gobarsko društvo Lisička Maribor. (n.d.). Gobarsko Društvo Lisička Maribor. https://www.gobe.si/
",Slovenian,Ken-ichi Ueda,2024-04-15T21:04:19Z
382101,drobna solzovka,sl,"","","gobe.si—Gobarsko društvo Lisička Maribor. (n.d.). Gobarsko Društvo Lisička Maribor. https://www.gobe.si/
",Slovenian,Ken-ichi Ueda,2024-04-15T21:04:19Z
1146679,pirenejska óglarka,sl,"","","gobe.si—Gobarsko društvo Lisička Maribor. (n.d.). Gobarsko Društvo Lisička Maribor. https://www.gobe.si/
",Slovenian,Ken-ichi Ueda,2024-04-15T21:04:21Z
382116,hrastov kocinovec,sl,"","","gobe.si—Gobarsko društvo Lisička Maribor. (n.d.). Gobarsko Društvo Lisička Maribor. https://www.gobe.si/
",Slovenian,Ken-ichi Ueda,2024-04-15T21:04:21Z
528643,govnov gologlavec,sl,"","","gobe.si—Gobarsko društvo Lisička Maribor. (n.d.). Gobarsko Društvo Lisička Maribor. https://www.gobe.si/
",Slovenian,Ken-ichi Ueda,2024-04-15T21:04:21Z
410967,gnojev gologlavec,sl,"","","gobe.si—Gobarsko društvo Lisička Maribor. (n.d.). Gobarsko Društvo Lisička Maribor. https://www.gobe.si/
",Slovenian,Ken-ichi Ueda,2024-04-15T21:04:22Z
1094852,rombastotrosni gologlavec,sl,"","","gobe.si—Gobarsko društvo Lisička Maribor. (n.d.). Gobarsko Društvo Lisička Maribor. https://www.gobe.si/
",Slovenian,Ken-ichi Ueda,2024-04-15T21:04:22Z
542957,klinolistna žametovka,sl,"","","gobe.si—Gobarsko društvo Lisička Maribor. (n.d.). Gobarsko Društvo Lisička Maribor. https://www.gobe.si/
",Slovenian,Ken-ichi Ueda,2024-04-15T21:04:23Z
968110,mokarična žametovka,sl,"","","gobe.si—Gobarsko društvo Lisička Maribor. (n.d.). Gobarsko Društvo Lisička Maribor. https://www.gobe.si/
",Slovenian,Ken-ichi Ueda,2024-04-15T21:04:23Z
350663,ploščati predirnik,sl,"","","gobe.si—Gobarsko društvo Lisička Maribor. (n.d.). Gobarsko Društvo Lisička Maribor. https://www.gobe.si/
",Slovenian,Ken-ichi Ueda,2024-04-15T21:04:24Z
324282,sivi cvetovec,sl,"","","gobe.si—Gobarsko društvo Lisička Maribor. (n.d.). Gobarsko Društvo Lisička Maribor. https://www.gobe.si/
",Slovenian,Ken-ichi Ueda,2024-04-15T21:04:24Z
327927,črnobetna makovka,sl,"","","gobe.si—Gobarsko društvo Lisička Maribor. (n.d.). Gobarsko Društvo Lisička Maribor. https://www.gobe.si/
",Slovenian,Ken-ichi Ueda,2024-04-15T21:04:25Z
1272429,skledičasta zdrizovka,sl,"","","gobe.si—Gobarsko društvo Lisička Maribor. (n.d.). Gobarsko Društvo Lisička Maribor. https://www.gobe.si/
",Slovenian,Ken-ichi Ueda,2024-04-15T21:04:25Z
976634,velikotrosna trdelka,sl,"","","gobe.si—Gobarsko društvo Lisička Maribor. (n.d.). Gobarsko Društvo Lisička Maribor. https://www.gobe.si/
",Slovenian,Ken-ichi Ueda,2024-04-15T21:04:26Z
627867,krivoluska trnovka,sl,"","","gobe.si—Gobarsko društvo Lisička Maribor. (n.d.). Gobarsko Društvo Lisička Maribor. https://www.gobe.si/
",Slovenian,Ken-ichi Ueda,2024-04-15T21:04:26Z
703891,bodičasta trnovka,sl,"","","gobe.si—Gobarsko društvo Lisička Maribor. (n.d.). Gobarsko Društvo Lisička Maribor. https://www.gobe.si/
",Slovenian,Ken-ichi Ueda,2024-04-15T21:04:26Z
864859,čvrstoluska trnovka,sl,"","","gobe.si—Gobarsko društvo Lisička Maribor. (n.d.). Gobarsko Društvo Lisička Maribor. https://www.gobe.si/
",Slovenian,Ken-ichi Ueda,2024-04-15T21:04:27Z
194497,zrnata košutnica,sl,"","","gobe.si—Gobarsko društvo Lisička Maribor. (n.d.). Gobarsko Društvo Lisička Maribor. https://www.gobe.si/
",Slovenian,Ken-ichi Ueda,2024-04-15T21:04:27Z
410778,modra rdečelistarka,sl,"","","gobe.si—Gobarsko društvo Lisička Maribor. (n.d.). Gobarsko Društvo Lisička Maribor. https://www.gobe.si/
",Slovenian,Ken-ichi Ueda,2024-04-15T21:04:27Z
991233,šotiščna rdečelistarka,sl,"","","gobe.si—Gobarsko društvo Lisička Maribor. (n.d.). Gobarsko Društvo Lisička Maribor. https://www.gobe.si/
",Slovenian,Ken-ichi Ueda,2024-04-15T21:04:28Z
1096953,vijoličnobetna rdečelistka,sl,"","","gobe.si—Gobarsko društvo Lisička Maribor. (n.d.). Gobarsko Društvo Lisička Maribor. https://www.gobe.si/
",Slovenian,Ken-ichi Ueda,2024-04-15T21:04:28Z
925919,dišeča rdečelistka,sl,"","","gobe.si—Gobarsko društvo Lisička Maribor. (n.d.). Gobarsko Društvo Lisička Maribor. https://www.gobe.si/
",Slovenian,Ken-ichi Ueda,2024-04-15T21:04:28Z
350736,aprilska rdečelistka,sl,"","","gobe.si—Gobarsko društvo Lisička Maribor. (n.d.). Gobarsko Društvo Lisička Maribor. https://www.gobe.si/
",Slovenian,Ken-ichi Ueda,2024-04-15T21:04:28Z
825426,srebrnovlaknata rdečelistka,sl,"","","gobe.si—Gobarsko društvo Lisička Maribor. (n.d.). Gobarsko Društvo Lisička Maribor. https://www.gobe.si/
",Slovenian,Ken-ichi Ueda,2024-04-15T21:04:29Z
350737,zrnata rdečelistka,sl,"","","gobe.si—Gobarsko društvo Lisička Maribor. (n.d.). Gobarsko Društvo Lisička Maribor. https://www.gobe.si/
",Slovenian,Ken-ichi Ueda,2024-04-15T21:04:29Z
47164,modrikasta rdečelistka,sl,"","","gobe.si—Gobarsko društvo Lisička Maribor. (n.d.). Gobarsko Društvo Lisička Maribor. https://www.gobe.si/
",Slovenian,Ken-ichi Ueda,2024-04-15T21:04:29Z
804447,seskasta rdečelistka,sl,"","","gobe.si—Gobarsko društvo Lisička Maribor. (n.d.). Gobarsko Društvo Lisička Maribor. https://www.gobe.si/
",Slovenian,Ken-ichi Ueda,2024-04-15T21:04:29Z
627792,tratna rdečelistka,sl,"","","gobe.si—Gobarsko društvo Lisička Maribor. (n.d.). Gobarsko Društvo Lisička Maribor. https://www.gobe.si/
",Slovenian,Ken-ichi Ueda,2024-04-15T21:04:30Z
344650,užitna rdečelistka,sl,"","","gobe.si—Gobarsko društvo Lisička Maribor. (n.d.). Gobarsko Društvo Lisička Maribor. https://www.gobe.si/
",Slovenian,Ken-ichi Ueda,2024-04-15T21:04:30Z
929426,križnotrosna rdečelistka,sl,"","","gobe.si—Gobarsko društvo Lisička Maribor. (n.d.). Gobarsko Društvo Lisička Maribor. https://www.gobe.si/
",Slovenian,Ken-ichi Ueda,2024-04-15T21:04:31Z
472322,vranja rdečelistka,sl,"","","gobe.si—Gobarsko društvo Lisička Maribor. (n.d.). Gobarsko Društvo Lisička Maribor. https://www.gobe.si/
",Slovenian,Ken-ichi Ueda,2024-04-15T21:04:31Z
411011,rjavorumena rdečelistka,sl,"","","gobe.si—Gobarsko društvo Lisička Maribor. (n.d.). Gobarsko Društvo Lisička Maribor. https://www.gobe.si/
",Slovenian,Ken-ichi Ueda,2024-04-15T21:04:31Z
874991,barvita rdečelistka,sl,"","","gobe.si—Gobarsko društvo Lisička Maribor. (n.d.). Gobarsko Društvo Lisička Maribor. https://www.gobe.si/
",Slovenian,Ken-ichi Ueda,2024-04-15T21:04:31Z
991203,nesomerna rdečelistka,sl,"","","gobe.si—Gobarsko društvo Lisička Maribor. (n.d.). Gobarsko Društvo Lisička Maribor. https://www.gobe.si/
",Slovenian,Ken-ichi Ueda,2024-04-15T21:04:31Z
332484,šibka rdečelistka,sl,"","","gobe.si—Gobarsko društvo Lisička Maribor. (n.d.). Gobarsko Društvo Lisička Maribor. https://www.gobe.si/
",Slovenian,Ken-ichi Ueda,2024-04-15T21:04:32Z
500086,zoprna rdečelistka,sl,"","","gobe.si—Gobarsko društvo Lisička Maribor. (n.d.). Gobarsko Društvo Lisička Maribor. https://www.gobe.si/
",Slovenian,Ken-ichi Ueda,2024-04-15T21:04:32Z
67394,zelenkasta rdečelistka,sl,"","","gobe.si—Gobarsko društvo Lisička Maribor. (n.d.). Gobarsko Društvo Lisička Maribor. https://www.gobe.si/
",Slovenian,Ken-ichi Ueda,2024-04-15T21:04:32Z
714687,jeklenomodra rdečelistka,sl,"","","gobe.si—Gobarsko društvo Lisička Maribor. (n.d.). Gobarsko Društvo Lisička Maribor. https://www.gobe.si/
",Slovenian,Ken-ichi Ueda,2024-04-15T21:04:33Z
67342,bleda rdečelistka,sl,"","","gobe.si—Gobarsko društvo Lisička Maribor. (n.d.). Gobarsko Društvo Lisička Maribor. https://www.gobe.si/
",Slovenian,Ken-ichi Ueda,2024-04-15T21:04:33Z
991216,žlebasta rdečelistka,sl,"","","gobe.si—Gobarsko društvo Lisička Maribor. (n.d.). Gobarsko Društvo Lisička Maribor. https://www.gobe.si/
",Slovenian,Ken-ichi Ueda,2024-04-15T21:04:33Z
517787,snežnata rdečelistka,sl,"","","gobe.si—Gobarsko društvo Lisička Maribor. (n.d.). Gobarsko Društvo Lisička Maribor. https://www.gobe.si/
",Slovenian,Ken-ichi Ueda,2024-04-15T21:04:33Z
801795,vonjava rdečelistka,sl,"","","gobe.si—Gobarsko društvo Lisička Maribor. (n.d.). Gobarsko Društvo Lisička Maribor. https://www.gobe.si/
",Slovenian,Ken-ichi Ueda,2024-04-15T21:04:34Z
874999,vrbina rdečelistka,sl,"","","gobe.si—Gobarsko društvo Lisička Maribor. (n.d.). Gobarsko Društvo Lisička Maribor. https://www.gobe.si/
",Slovenian,Ken-ichi Ueda,2024-04-15T21:04:34Z
499723,porfirasta rdečelistka,sl,"","","gobe.si—Gobarsko društvo Lisička Maribor. (n.d.). Gobarsko Društvo Lisička Maribor. https://www.gobe.si/
",Slovenian,Ken-ichi Ueda,2024-04-15T21:04:35Z
504702,mokarična rdečelistka,sl,"","","gobe.si—Gobarsko društvo Lisička Maribor. (n.d.). Gobarsko Društvo Lisička Maribor. https://www.gobe.si/
",Slovenian,Ken-ichi Ueda,2024-04-15T21:04:35Z
626846,modrozelena rdečelistka,sl,"","","gobe.si—Gobarsko društvo Lisička Maribor. (n.d.). Gobarsko Društvo Lisička Maribor. https://www.gobe.si/
",Slovenian,Ken-ichi Ueda,2024-04-15T21:04:35Z
533986,marčna rdečelistka,sl,"","","gobe.si—Gobarsko društvo Lisička Maribor. (n.d.). Gobarsko Društvo Lisička Maribor. https://www.gobe.si/
",Slovenian,Ken-ichi Ueda,2024-04-15T21:04:36Z
500144,trnuljina rdečelistka,sl,"","","gobe.si—Gobarsko društvo Lisička Maribor. (n.d.). Gobarsko Društvo Lisička Maribor. https://www.gobe.si/
",Slovenian,Ken-ichi Ueda,2024-04-15T21:04:36Z
350739,svilasta rdečelistka,sl,"","","gobe.si—Gobarsko društvo Lisička Maribor. (n.d.). Gobarsko Društvo Lisička Maribor. https://www.gobe.si/
",Slovenian,Ken-ichi Ueda,2024-04-15T21:04:36Z
67400,bela rdečelistka,sl,"","","gobe.si—Gobarsko društvo Lisička Maribor. (n.d.). Gobarsko Društvo Lisička Maribor. https://www.gobe.si/
",Slovenian,Ken-ichi Ueda,2024-04-15T21:04:37Z
968900,zloščena rdečelistka,sl,"","","gobe.si—Gobarsko društvo Lisička Maribor. (n.d.). Gobarsko Društvo Lisička Maribor. https://www.gobe.si/
",Slovenian,Ken-ichi Ueda,2024-04-15T21:04:37Z
418614,črnomodra rdečelistka,sl,"","","gobe.si—Gobarsko društvo Lisička Maribor. (n.d.). Gobarsko Društvo Lisička Maribor. https://www.gobe.si/
",Slovenian,Ken-ichi Ueda,2024-04-15T21:04:37Z
510199,velika rdečelistka,sl,"","","gobe.si—Gobarsko društvo Lisička Maribor. (n.d.). Gobarsko Društvo Lisička Maribor. https://www.gobe.si/
",Slovenian,Ken-ichi Ueda,2024-04-15T21:04:38Z
1144260,nagubana rdečelistka,sl,"","","gobe.si—Gobarsko društvo Lisička Maribor. (n.d.). Gobarsko Društvo Lisička Maribor. https://www.gobe.si/
",Slovenian,Ken-ichi Ueda,2024-04-15T21:04:38Z
828860,zvegana rdečelistka,sl,"","","gobe.si—Gobarsko društvo Lisička Maribor. (n.d.). Gobarsko Društvo Lisička Maribor. https://www.gobe.si/
",Slovenian,Ken-ichi Ueda,2024-04-15T21:04:38Z
204774,alpska rdečelistka,sl,"","","gobe.si—Gobarsko društvo Lisička Maribor. (n.d.). Gobarsko Društvo Lisička Maribor. https://www.gobe.si/
",Slovenian,Ken-ichi Ueda,2024-04-15T21:04:38Z
471248,lososov mehkoluknjičar,sl,"","","gobe.si—Gobarsko društvo Lisička Maribor. (n.d.). Gobarsko Društvo Lisička Maribor. https://www.gobe.si/
",Slovenian,Ken-ichi Ueda,2024-04-15T21:04:38Z
520538,trnasta krastovka,sl,"","","gobe.si—Gobarsko društvo Lisička Maribor. (n.d.). Gobarsko Društvo Lisička Maribor. https://www.gobe.si/
",Slovenian,Ken-ichi Ueda,2024-04-15T21:04:39Z
350767,pogoriščni letvičar,sl,"","","gobe.si—Gobarsko društvo Lisička Maribor. (n.d.). Gobarsko Društvo Lisička Maribor. https://www.gobe.si/
",Slovenian,Ken-ichi Ueda,2024-04-15T21:04:40Z
123897,jetrasta cevača,sl,"","","gobe.si—Gobarsko društvo Lisička Maribor. (n.d.). Gobarsko Društvo Lisička Maribor. https://www.gobe.si/
",Slovenian,Ken-ichi Ueda,2024-04-15T21:04:40Z
548532,žametna vlagoleska,sl,"","","gobe.si—Gobarsko društvo Lisička Maribor. (n.d.). Gobarsko Društvo Lisička Maribor. https://www.gobe.si/
",Slovenian,Ken-ichi Ueda,2024-04-15T21:04:41Z
829588,prožna panjevka,sl,"","","gobe.si—Gobarsko društvo Lisička Maribor. (n.d.). Gobarsko Društvo Lisička Maribor. https://www.gobe.si/
",Slovenian,Ken-ichi Ueda,2024-04-15T21:04:41Z
347894,rumeneča venčnica,sl,"","","gobe.si—Gobarsko društvo Lisička Maribor. (n.d.). Gobarsko Društvo Lisička Maribor. https://www.gobe.si/
",Slovenian,Ken-ichi Ueda,2024-04-15T21:04:42Z
519073,ploščati glivopor,sl,"","","gobe.si—Gobarsko društvo Lisička Maribor. (n.d.). Gobarsko Društvo Lisička Maribor. https://www.gobe.si/
",Slovenian,Ken-ichi Ueda,2024-04-15T21:04:42Z
135216,lekarniška kresilača,sl,"","","gobe.si—Gobarsko društvo Lisička Maribor. (n.d.). Gobarsko Društvo Lisička Maribor. https://www.gobe.si/
",Slovenian,Ken-ichi Ueda,2024-04-15T21:04:43Z
776928,beli cvet,sl,"","","gobe.si—Gobarsko društvo Lisička Maribor. (n.d.). Gobarsko Društvo Lisička Maribor. https://www.gobe.si/
",Slovenian,Ken-ichi Ueda,2024-04-15T21:04:44Z
995141,velikoluknjičasti plutovec,sl,"","","gobe.si—Gobarsko društvo Lisička Maribor. (n.d.). Gobarsko Društvo Lisička Maribor. https://www.gobe.si/
",Slovenian,Ken-ichi Ueda,2024-04-15T21:04:45Z
995145,rjasti plutovec,sl,"","","gobe.si—Gobarsko društvo Lisička Maribor. (n.d.). Gobarsko Društvo Lisička Maribor. https://www.gobe.si/
",Slovenian,Ken-ichi Ueda,2024-04-15T21:04:45Z
959326,krhka sirnica,sl,"","","gobe.si—Gobarsko društvo Lisička Maribor. (n.d.). Gobarsko Društvo Lisička Maribor. https://www.gobe.si/
",Slovenian,Ken-ichi Ueda,2024-04-15T21:04:45Z
525059,oranžna sluzača,sl,"","","gobe.si—Gobarsko društvo Lisička Maribor. (n.d.). Gobarsko Društvo Lisička Maribor. https://www.gobe.si/
",Slovenian,Ken-ichi Ueda,2024-04-15T21:04:46Z
1304598,ampulna kučmica,sl,"","","gobe.si—Gobarsko društvo Lisička Maribor. (n.d.). Gobarsko Društvo Lisička Maribor. https://www.gobe.si/
",Slovenian,Ken-ichi Ueda,2024-04-15T21:04:46Z
179177,Atkinsonova kučmica,sl,"","","gobe.si—Gobarsko društvo Lisička Maribor. (n.d.). Gobarsko Društvo Lisička Maribor. https://www.gobe.si/
",Slovenian,Ken-ichi Ueda,2024-04-15T21:04:46Z
118292,temnobetna kučmica,sl,"","","gobe.si—Gobarsko društvo Lisička Maribor. (n.d.). Gobarsko Društvo Lisička Maribor. https://www.gobe.si/
",Slovenian,Ken-ichi Ueda,2024-04-15T21:04:47Z
118291,vlažna kučmica,sl,"","","gobe.si—Gobarsko društvo Lisička Maribor. (n.d.). Gobarsko Društvo Lisička Maribor. https://www.gobe.si/
",Slovenian,Ken-ichi Ueda,2024-04-15T21:04:47Z
516129,travnata kučmica,sl,"","","gobe.si—Gobarsko društvo Lisička Maribor. (n.d.). Gobarsko Društvo Lisička Maribor. https://www.gobe.si/
",Slovenian,Ken-ichi Ueda,2024-04-15T21:04:47Z
500082,mokrotna kučmica,sl,"","","gobe.si—Gobarsko društvo Lisička Maribor. (n.d.). Gobarsko Društvo Lisička Maribor. https://www.gobe.si/
",Slovenian,Ken-ichi Ueda,2024-04-15T21:04:47Z
179174,drobcena kučmica,sl,"","","gobe.si—Gobarsko društvo Lisička Maribor. (n.d.). Gobarsko Društvo Lisička Maribor. https://www.gobe.si/
",Slovenian,Ken-ichi Ueda,2024-04-15T21:04:48Z
179173,močvirska kučmica,sl,"","","gobe.si—Gobarsko društvo Lisička Maribor. (n.d.). Gobarsko Društvo Lisička Maribor. https://www.gobe.si/
",Slovenian,Ken-ichi Ueda,2024-04-15T21:04:48Z
865799,pritlikava kučmica,sl,"","","gobe.si—Gobarsko društvo Lisička Maribor. (n.d.). Gobarsko Društvo Lisička Maribor. https://www.gobe.si/
",Slovenian,Ken-ichi Ueda,2024-04-15T21:04:48Z
1304601,vrbina kučmica,sl,"","","gobe.si—Gobarsko društvo Lisička Maribor. (n.d.). Gobarsko Društvo Lisička Maribor. https://www.gobe.si/
",Slovenian,Ken-ichi Ueda,2024-04-15T21:04:49Z
332485,spolzka kučmica,sl,"","","gobe.si—Gobarsko društvo Lisička Maribor. (n.d.). Gobarsko Društvo Lisička Maribor. https://www.gobe.si/
",Slovenian,Ken-ichi Ueda,2024-04-15T21:04:49Z
1134132,velikotrosna kučmica,sl,"","","gobe.si—Gobarsko društvo Lisička Maribor. (n.d.). Gobarsko Društvo Lisička Maribor. https://www.gobe.si/
",Slovenian,Ken-ichi Ueda,2024-04-15T21:04:49Z
1513560,vrtnarska kučmica,sl,"","","gobe.si—Gobarsko društvo Lisička Maribor. (n.d.). Gobarsko Društvo Lisička Maribor. https://www.gobe.si/
",Slovenian,Ken-ichi Ueda,2024-04-15T21:04:49Z
732724,beloroba kučmica,sl,"","","gobe.si—Gobarsko društvo Lisička Maribor. (n.d.). Gobarsko Društvo Lisička Maribor. https://www.gobe.si/
",Slovenian,Ken-ichi Ueda,2024-04-15T21:04:50Z
994268,zaobljena kučmica,sl,"","","gobe.si—Gobarsko društvo Lisička Maribor. (n.d.). Gobarsko Društvo Lisička Maribor. https://www.gobe.si/
",Slovenian,Ken-ichi Ueda,2024-04-15T21:04:50Z
118289,spremenljiva kučmica,sl,"","","gobe.si—Gobarsko društvo Lisička Maribor. (n.d.). Gobarsko Društvo Lisička Maribor. https://www.gobe.si/
",Slovenian,Ken-ichi Ueda,2024-04-15T21:04:50Z
63509,debela pološčenka,sl,"","","gobe.si—Gobarsko društvo Lisička Maribor. (n.d.). Gobarsko Društvo Lisička Maribor. https://www.gobe.si/
",Slovenian,Ken-ichi Ueda,2024-04-15T21:04:50Z
328280,smolena pološčenka,sl,"","","gobe.si—Gobarsko društvo Lisička Maribor. (n.d.). Gobarsko Društvo Lisička Maribor. https://www.gobe.si/
",Slovenian,Ken-ichi Ueda,2024-04-15T21:04:51Z
220330,ozkotrosna trebuhovka,sl,"","","gobe.si—Gobarsko društvo Lisička Maribor. (n.d.). Gobarsko Društvo Lisička Maribor. https://www.gobe.si/
",Slovenian,Ken-ichi Ueda,2024-04-15T21:04:51Z
179167,resičasta zvezdica,sl,"","","gobe.si—Gobarsko društvo Lisička Maribor. (n.d.). Gobarsko Društvo Lisička Maribor. https://www.gobe.si/
",Slovenian,Ken-ichi Ueda,2024-04-15T21:04:52Z
350830,drobcena zvezdica,sl,"","","gobe.si—Gobarsko društvo Lisička Maribor. (n.d.). Gobarsko Društvo Lisička Maribor. https://www.gobe.si/
",Slovenian,Ken-ichi Ueda,2024-04-15T21:04:52Z
350832,četverokraka zvezdica,sl,"","","gobe.si—Gobarsko društvo Lisička Maribor. (n.d.). Gobarsko Društvo Lisička Maribor. https://www.gobe.si/
",Slovenian,Ken-ichi Ueda,2024-04-15T21:04:52Z
350833,rusa zvezdica,sl,"","","gobe.si—Gobarsko društvo Lisička Maribor. (n.d.). Gobarsko Društvo Lisička Maribor. https://www.gobe.si/
",Slovenian,Ken-ichi Ueda,2024-04-15T21:04:52Z
350836,brazdasta zvezdica,sl,"","","gobe.si—Gobarsko društvo Lisička Maribor. (n.d.). Gobarsko Društvo Lisička Maribor. https://www.gobe.si/
",Slovenian,Ken-ichi Ueda,2024-04-15T21:04:53Z
63076,ovratniška zvezdica,sl,"","","gobe.si—Gobarsko društvo Lisička Maribor. (n.d.). Gobarsko Društvo Lisička Maribor. https://www.gobe.si/
",Slovenian,Ken-ichi Ueda,2024-04-15T21:04:53Z
984187,temnoškrlatni jezik,sl,"","","gobe.si—Gobarsko društvo Lisička Maribor. (n.d.). Gobarsko Društvo Lisička Maribor. https://www.gobe.si/
",Slovenian,Ken-ichi Ueda,2024-04-15T21:04:53Z
194561,puhasti jezik,sl,"","","gobe.si—Gobarsko društvo Lisička Maribor. (n.d.). Gobarsko Društvo Lisička Maribor. https://www.gobe.si/
",Slovenian,Ken-ichi Ueda,2024-04-15T21:04:53Z
205843,varljivi jezik,sl,"","","gobe.si—Gobarsko društvo Lisička Maribor. (n.d.). Gobarsko Društvo Lisička Maribor. https://www.gobe.si/
",Slovenian,Ken-ichi Ueda,2024-04-15T21:04:54Z
795128,peščinska zakopanka,sl,"","","gobe.si—Gobarsko društvo Lisička Maribor. (n.d.). Gobarsko Društvo Lisička Maribor. https://www.gobe.si/
",Slovenian,Ken-ichi Ueda,2024-04-15T21:04:54Z
1110734,vijoličasta skleda,sl,"","","gobe.si—Gobarsko društvo Lisička Maribor. (n.d.). Gobarsko Društvo Lisička Maribor. https://www.gobe.si/
",Slovenian,Ken-ichi Ueda,2024-04-15T21:04:54Z
1428419,čudovita velepodviharka,sl,"","","gobe.si—Gobarsko društvo Lisička Maribor. (n.d.). Gobarsko Društvo Lisička Maribor. https://www.gobe.si/
",Slovenian,Ken-ichi Ueda,2024-04-15T21:04:55Z
499663,orošena vlažničarka,sl,"","","gobe.si—Gobarsko društvo Lisička Maribor. (n.d.). Gobarsko Društvo Lisička Maribor. https://www.gobe.si/
",Slovenian,Ken-ichi Ueda,2024-04-15T21:04:55Z
524919,spolzka vlažničarka,sl,"","","gobe.si—Gobarsko društvo Lisička Maribor. (n.d.). Gobarsko Društvo Lisička Maribor. https://www.gobe.si/
",Slovenian,Ken-ichi Ueda,2024-04-15T21:04:55Z
67338,sivorjava tramovka,sl,"","","gobe.si—Gobarsko društvo Lisička Maribor. (n.d.). Gobarsko Društvo Lisička Maribor. https://www.gobe.si/
",Slovenian,Ken-ichi Ueda,2024-04-15T21:04:56Z
192652,labirintasta tramovka,sl,"","","gobe.si—Gobarsko društvo Lisička Maribor. (n.d.). Gobarsko Društvo Lisička Maribor. https://www.gobe.si/
",Slovenian,Ken-ichi Ueda,2024-04-15T21:04:56Z
351558,obrobljena voskocevka,sl,"","","gobe.si—Gobarsko društvo Lisička Maribor. (n.d.). Gobarsko Društvo Lisička Maribor. https://www.gobe.si/
",Slovenian,Ken-ichi Ueda,2024-04-15T21:04:57Z
1045617,rumenjačna navlaženka,sl,"","","gobe.si—Gobarsko društvo Lisička Maribor. (n.d.). Gobarsko Društvo Lisička Maribor. https://www.gobe.si/
",Slovenian,Ken-ichi Ueda,2024-04-15T21:04:57Z
992171,ogljena razdvojenka,sl,"","","gobe.si—Gobarsko društvo Lisička Maribor. (n.d.). Gobarsko Društvo Lisička Maribor. https://www.gobe.si/
",Slovenian,Ken-ichi Ueda,2024-04-15T21:04:57Z
499794,lepljivi jezičevec,sl,"","","gobe.si—Gobarsko društvo Lisička Maribor. (n.d.). Gobarsko Društvo Lisička Maribor. https://www.gobe.si/
",Slovenian,Ken-ichi Ueda,2024-04-15T21:04:57Z
53714,velika zraščenka,sl,"","","gobe.si—Gobarsko društvo Lisička Maribor. (n.d.). Gobarsko Društvo Lisička Maribor. https://www.gobe.si/
",Slovenian,Ken-ichi Ueda,2024-04-15T21:04:58Z
348814,uhati drhtavec,sl,"","","gobe.si—Gobarsko društvo Lisička Maribor. (n.d.). Gobarsko Društvo Lisička Maribor. https://www.gobe.si/
",Slovenian,Ken-ichi Ueda,2024-04-15T21:04:59Z
350910,trobljasta rebríca,sl,"","","gobe.si—Gobarsko društvo Lisička Maribor. (n.d.). Gobarsko Društvo Lisička Maribor. https://www.gobe.si/
",Slovenian,Ken-ichi Ueda,2024-04-15T21:04:59Z
118302,jelkova plamenka,sl,"","","gobe.si—Gobarsko društvo Lisička Maribor. (n.d.). Gobarsko Društvo Lisička Maribor. https://www.gobe.si/
",Slovenian,Ken-ichi Ueda,2024-04-15T21:05:00Z
350936,črni korenovec,sl,"","","gobe.si—Gobarsko društvo Lisička Maribor. (n.d.). Gobarsko Društvo Lisička Maribor. https://www.gobe.si/
",Slovenian,Ken-ichi Ueda,2024-04-15T21:05:00Z
382517,nitasti korenovec,sl,"","","gobe.si—Gobarsko društvo Lisička Maribor. (n.d.). Gobarsko Društvo Lisička Maribor. https://www.gobe.si/
",Slovenian,Ken-ichi Ueda,2024-04-15T21:05:00Z
198912,žleborobi korenovec,sl,"","","gobe.si—Gobarsko društvo Lisička Maribor. (n.d.). Gobarsko Društvo Lisička Maribor. https://www.gobe.si/
",Slovenian,Ken-ichi Ueda,2024-04-15T21:05:00Z
157994,hrastov korenovec,sl,"","","gobe.si—Gobarsko društvo Lisička Maribor. (n.d.). Gobarsko Društvo Lisička Maribor. https://www.gobe.si/
",Slovenian,Ken-ichi Ueda,2024-04-15T21:05:02Z
497529,smradni korenovec,sl,"","","gobe.si—Gobarsko društvo Lisička Maribor. (n.d.). Gobarsko Društvo Lisička Maribor. https://www.gobe.si/
",Slovenian,Ken-ichi Ueda,2024-04-15T21:05:02Z
1154573,hibridni korenovec,sl,"","","gobe.si—Gobarsko društvo Lisička Maribor. (n.d.). Gobarsko Društvo Lisička Maribor. https://www.gobe.si/
",Slovenian,Ken-ichi Ueda,2024-04-15T21:05:02Z
360309,hrušev ščetinec,sl,"","","gobe.si—Gobarsko društvo Lisička Maribor. (n.d.). Gobarsko Društvo Lisička Maribor. https://www.gobe.si/
",Slovenian,Ken-ichi Ueda,2024-04-15T21:05:02Z
508749,navadni jelšar,sl,"","","gobe.si—Gobarsko društvo Lisička Maribor. (n.d.). Gobarsko Društvo Lisička Maribor. https://www.gobe.si/
",Slovenian,Ken-ichi Ueda,2024-04-15T21:05:03Z
125688,rjavi bledotrosnik,sl,"","","gobe.si—Gobarsko društvo Lisička Maribor. (n.d.). Gobarsko Društvo Lisička Maribor. https://www.gobe.si/
",Slovenian,Ken-ichi Ueda,2024-04-15T21:05:04Z
335276,modreči bledotrosnik,sl,"","","gobe.si—Gobarsko društvo Lisička Maribor. (n.d.). Gobarsko Društvo Lisička Maribor. https://www.gobe.si/
",Slovenian,Ken-ichi Ueda,2024-04-15T21:05:04Z
1008566,žafranasti mehkopor,sl,"","","gobe.si—Gobarsko društvo Lisička Maribor. (n.d.). Gobarsko Društvo Lisička Maribor. https://www.gobe.si/
",Slovenian,Ken-ichi Ueda,2024-04-15T21:05:04Z
130909,cimetasti mehkopor,sl,"","","gobe.si—Gobarsko društvo Lisička Maribor. (n.d.). Gobarsko Društvo Lisička Maribor. https://www.gobe.si/
",Slovenian,Ken-ichi Ueda,2024-04-15T21:05:04Z
525422,votlobetna medlenka,sl,"","","gobe.si—Gobarsko društvo Lisička Maribor. (n.d.). Gobarsko Društvo Lisička Maribor. https://www.gobe.si/
",Slovenian,Ken-ichi Ueda,2024-04-15T21:05:05Z
1389745,belobetna medlenka,sl,"","","gobe.si—Gobarsko društvo Lisička Maribor. (n.d.). Gobarsko Društvo Lisička Maribor. https://www.gobe.si/
",Slovenian,Ken-ichi Ueda,2024-04-15T21:05:05Z
194307,solzeča medlenka,sl,"","","gobe.si—Gobarsko društvo Lisička Maribor. (n.d.). Gobarsko Društvo Lisička Maribor. https://www.gobe.si/
",Slovenian,Ken-ichi Ueda,2024-04-15T21:05:05Z
986857,kopučasta medlenka,sl,"","","gobe.si—Gobarsko društvo Lisička Maribor. (n.d.). Gobarsko Društvo Lisička Maribor. https://www.gobe.si/
",Slovenian,Ken-ichi Ueda,2024-04-15T21:05:05Z
986857,kakavna medlenka,sl,"","","gobe.si—Gobarsko društvo Lisička Maribor. (n.d.). Gobarsko Društvo Lisička Maribor. https://www.gobe.si/
",Slovenian,Ken-ichi Ueda,2024-04-15T21:05:06Z
629163,vrbina medlenka,sl,"","","gobe.si—Gobarsko društvo Lisička Maribor. (n.d.). Gobarsko Društvo Lisička Maribor. https://www.gobe.si/
",Slovenian,Ken-ichi Ueda,2024-04-15T21:05:06Z
485431,krhkobetna medlenka,sl,"","","gobe.si—Gobarsko društvo Lisička Maribor. (n.d.). Gobarsko Društvo Lisička Maribor. https://www.gobe.si/
",Slovenian,Ken-ichi Ueda,2024-04-15T21:05:06Z
875034,pritlikava medlenka,sl,"","","gobe.si—Gobarsko društvo Lisička Maribor. (n.d.). Gobarsko Društvo Lisička Maribor. https://www.gobe.si/
",Slovenian,Ken-ichi Ueda,2024-04-15T21:05:07Z
382540,sladkobna medlenka,sl,"","","gobe.si—Gobarsko društvo Lisička Maribor. (n.d.). Gobarsko Društvo Lisička Maribor. https://www.gobe.si/
",Slovenian,Ken-ichi Ueda,2024-04-15T21:05:07Z
499687,cimetasta medlenka,sl,"","","gobe.si—Gobarsko društvo Lisička Maribor. (n.d.). Gobarsko Društvo Lisička Maribor. https://www.gobe.si/
",Slovenian,Ken-ichi Ueda,2024-04-15T21:05:07Z
986856,toporoba medlenka,sl,"","","gobe.si—Gobarsko društvo Lisička Maribor. (n.d.). Gobarsko Društvo Lisička Maribor. https://www.gobe.si/
",Slovenian,Ken-ichi Ueda,2024-04-15T21:05:08Z
57462,pomladanski loputar,sl,"","","gobe.si—Gobarsko društvo Lisička Maribor. (n.d.). Gobarsko Društvo Lisička Maribor. https://www.gobe.si/
",Slovenian,Ken-ichi Ueda,2024-04-15T21:05:08Z
350976,črni loputar,sl,"","","gobe.si—Gobarsko društvo Lisička Maribor. (n.d.). Gobarsko Društvo Lisička Maribor. https://www.gobe.si/
",Slovenian,Ken-ichi Ueda,2024-04-15T21:05:09Z
350983,sedlasti loputar,sl,"","","gobe.si—Gobarsko društvo Lisička Maribor. (n.d.). Gobarsko Društvo Lisička Maribor. https://www.gobe.si/
",Slovenian,Ken-ichi Ueda,2024-04-15T21:05:09Z
1463663,meniški loputar,sl,"","","gobe.si—Gobarsko društvo Lisička Maribor. (n.d.). Gobarsko Društvo Lisička Maribor. https://www.gobe.si/
",Slovenian,Ken-ichi Ueda,2024-04-15T21:05:10Z
542661,preprosti turkovec,sl,"","","gobe.si—Gobarsko društvo Lisička Maribor. (n.d.). Gobarsko Društvo Lisička Maribor. https://www.gobe.si/
",Slovenian,Ken-ichi Ueda,2024-04-15T21:05:10Z
516746,bela polčeladica,sl,"","","gobe.si—Gobarsko društvo Lisička Maribor. (n.d.). Gobarsko Društvo Lisička Maribor. https://www.gobe.si/
",Slovenian,Ken-ichi Ueda,2024-04-15T21:05:11Z
342411,smetanasta polčeladica,sl,"","","gobe.si—Gobarsko društvo Lisička Maribor. (n.d.). Gobarsko Društvo Lisička Maribor. https://www.gobe.si/
",Slovenian,Ken-ichi Ueda,2024-04-15T21:05:11Z
1020786,jelkina zlatovka,sl,"","","gobe.si—Gobarsko društvo Lisička Maribor. (n.d.). Gobarsko Društvo Lisička Maribor. https://www.gobe.si/
",Slovenian,Ken-ichi Ueda,2024-04-15T21:05:12Z
179151,mrežasta zlatovka,sl,"","","gobe.si—Gobarsko društvo Lisička Maribor. (n.d.). Gobarsko Društvo Lisička Maribor. https://www.gobe.si/
",Slovenian,Ken-ichi Ueda,2024-04-15T21:05:12Z
499630,jelkina čepica,sl,"","","gobe.si—Gobarsko društvo Lisička Maribor. (n.d.). Gobarsko Društvo Lisička Maribor. https://www.gobe.si/
",Slovenian,Ken-ichi Ueda,2024-04-15T21:05:13Z
351009,modrikasti ostrigovec,sl,"","","gobe.si—Gobarsko društvo Lisička Maribor. (n.d.). Gobarsko Društvo Lisička Maribor. https://www.gobe.si/
",Slovenian,Ken-ichi Ueda,2024-04-15T21:05:14Z
351017,smrečji ostrigovec,sl,"","","gobe.si—Gobarsko društvo Lisička Maribor. (n.d.). Gobarsko Društvo Lisička Maribor. https://www.gobe.si/
",Slovenian,Ken-ichi Ueda,2024-04-15T21:05:14Z
126908,črni pecljevec,sl,"","","gobe.si—Gobarsko društvo Lisička Maribor. (n.d.). Gobarsko Društvo Lisička Maribor. https://www.gobe.si/
",Slovenian,Ken-ichi Ueda,2024-04-15T21:05:14Z
875042,rumenorjavi vrtnikovec,sl,"","","gobe.si—Gobarsko društvo Lisička Maribor. (n.d.). Gobarsko Društvo Lisička Maribor. https://www.gobe.si/
",Slovenian,Ken-ichi Ueda,2024-04-15T21:05:14Z
544548,hrastov vrtnikovec,sl,"","","gobe.si—Gobarsko društvo Lisička Maribor. (n.d.). Gobarsko Društvo Lisička Maribor. https://www.gobe.si/
",Slovenian,Ken-ichi Ueda,2024-04-15T21:05:15Z
58687,polobla kosmatinka,sl,"","","gobe.si—Gobarsko društvo Lisička Maribor. (n.d.). Gobarsko Društvo Lisička Maribor. https://www.gobe.si/
",Slovenian,Ken-ichi Ueda,2024-04-15T21:05:15Z
118060,oranžna ježevka,sl,"","","gobe.si—Gobarsko društvo Lisička Maribor. (n.d.). Gobarsko Društvo Lisička Maribor. https://www.gobe.si/
",Slovenian,Ken-ichi Ueda,2024-04-15T21:05:15Z
351026,zlatična ježevka,sl,"","","gobe.si—Gobarsko društvo Lisička Maribor. (n.d.). Gobarsko Društvo Lisička Maribor. https://www.gobe.si/
",Slovenian,Ken-ichi Ueda,2024-04-15T21:05:16Z
52525,višnjeva ježevka,sl,"","","gobe.si—Gobarsko društvo Lisička Maribor. (n.d.). Gobarsko Društvo Lisička Maribor. https://www.gobe.si/
",Slovenian,Ken-ichi Ueda,2024-04-15T21:05:16Z
499959,klena ježevka,sl,"","","gobe.si—Gobarsko društvo Lisička Maribor. (n.d.). Gobarsko Društvo Lisička Maribor. https://www.gobe.si/
",Slovenian,Ken-ichi Ueda,2024-04-15T21:05:16Z
326130,zraščena ježevka,sl,"","","gobe.si—Gobarsko društvo Lisička Maribor. (n.d.). Gobarsko Društvo Lisička Maribor. https://www.gobe.si/
",Slovenian,Ken-ichi Ueda,2024-04-15T21:05:16Z
992843,kopučasta ježevka,sl,"","","gobe.si—Gobarsko društvo Lisička Maribor. (n.d.). Gobarsko Društvo Lisička Maribor. https://www.gobe.si/
",Slovenian,Ken-ichi Ueda,2024-04-15T21:05:17Z
351029,rjasta ježevka,sl,"","","gobe.si—Gobarsko društvo Lisička Maribor. (n.d.). Gobarsko Društvo Lisička Maribor. https://www.gobe.si/
",Slovenian,Ken-ichi Ueda,2024-04-15T21:05:17Z
1148470,greneča ježevka,sl,"","","gobe.si—Gobarsko društvo Lisička Maribor. (n.d.). Gobarsko Društvo Lisička Maribor. https://www.gobe.si/
",Slovenian,Ken-ichi Ueda,2024-04-15T21:05:17Z
1148471,nenavadna ježevka,sl,"","","gobe.si—Gobarsko društvo Lisička Maribor. (n.d.). Gobarsko Društvo Lisička Maribor. https://www.gobe.si/
",Slovenian,Ken-ichi Ueda,2024-04-15T21:05:17Z
155500,jamičasta ježevka,sl,"","","gobe.si—Gobarsko društvo Lisička Maribor. (n.d.). Gobarsko Društvo Lisička Maribor. https://www.gobe.si/
",Slovenian,Ken-ichi Ueda,2024-04-15T21:05:18Z
351031,spužvasta ježevka,sl,"","","gobe.si—Gobarsko društvo Lisička Maribor. (n.d.). Gobarsko Društvo Lisička Maribor. https://www.gobe.si/
",Slovenian,Ken-ichi Ueda,2024-04-15T21:05:18Z
351032,vonjava ježevka,sl,"","","gobe.si—Gobarsko društvo Lisička Maribor. (n.d.). Gobarsko Društvo Lisička Maribor. https://www.gobe.si/
",Slovenian,Ken-ichi Ueda,2024-04-15T21:05:18Z
1038660,zgrbančeni usnjevec,sl,"","","gobe.si—Gobarsko društvo Lisička Maribor. (n.d.). Gobarsko Društvo Lisička Maribor. https://www.gobe.si/
",Slovenian,Ken-ichi Ueda,2024-04-15T21:05:19Z
474681,tulasnov gomoljkar,sl,"","","gobe.si—Gobarsko društvo Lisička Maribor. (n.d.). Gobarsko Društvo Lisička Maribor. https://www.gobe.si/
",Slovenian,Ken-ichi Ueda,2024-04-15T21:05:19Z
931124,črneči vlagobetnež,sl,"","","gobe.si—Gobarsko društvo Lisička Maribor. (n.d.). Gobarsko Društvo Lisička Maribor. https://www.gobe.si/
",Slovenian,Ken-ichi Ueda,2024-04-15T21:05:20Z
1397510,gorski vlagobetnež,sl,"","","gobe.si—Gobarsko društvo Lisička Maribor. (n.d.). Gobarsko Društvo Lisička Maribor. https://www.gobe.si/
",Slovenian,Ken-ichi Ueda,2024-04-15T21:05:21Z
367288,zašiljenogrba vlažnica,sl,"","","gobe.si—Gobarsko društvo Lisička Maribor. (n.d.). Gobarsko Društvo Lisička Maribor. https://www.gobe.si/
",Slovenian,Ken-ichi Ueda,2024-04-15T21:05:21Z
203849,oranžnordeča vlažnica,sl,"","","gobe.si—Gobarsko društvo Lisička Maribor. (n.d.). Gobarsko Društvo Lisička Maribor. https://www.gobe.si/
",Slovenian,Ken-ichi Ueda,2024-04-15T21:05:21Z
63282,lijakasta vlažnica,sl,"","","gobe.si—Gobarsko društvo Lisička Maribor. (n.d.). Gobarsko Društvo Lisička Maribor. https://www.gobe.si/
",Slovenian,Ken-ichi Ueda,2024-04-15T21:05:21Z
363606,voskasta vlažnica,sl,"","","gobe.si—Gobarsko društvo Lisička Maribor. (n.d.). Gobarsko Društvo Lisička Maribor. https://www.gobe.si/
",Slovenian,Ken-ichi Ueda,2024-04-15T21:05:21Z
53474,obledela vlažnica,sl,"","","gobe.si—Gobarsko društvo Lisička Maribor. (n.d.). Gobarsko Društvo Lisička Maribor. https://www.gobe.si/
",Slovenian,Ken-ichi Ueda,2024-04-15T21:05:22Z
500415,zelenkasta vlažnica,sl,"","","gobe.si—Gobarsko društvo Lisička Maribor. (n.d.). Gobarsko Društvo Lisička Maribor. https://www.gobe.si/
",Slovenian,Ken-ichi Ueda,2024-04-15T21:05:23Z
55245,škrlatna vlažnica,sl,"","","gobe.si—Gobarsko društvo Lisička Maribor. (n.d.). Gobarsko Društvo Lisička Maribor. https://www.gobe.si/
",Slovenian,Ken-ichi Ueda,2024-04-15T21:05:23Z
339414,sluzobetna vlažnica,sl,"","","gobe.si—Gobarsko društvo Lisička Maribor. (n.d.). Gobarsko Društvo Lisička Maribor. https://www.gobe.si/
",Slovenian,Ken-ichi Ueda,2024-04-15T21:05:23Z
153330,močvirska vlažnica,sl,"","","gobe.si—Gobarsko društvo Lisička Maribor. (n.d.). Gobarsko Društvo Lisička Maribor. https://www.gobe.si/
",Slovenian,Ken-ichi Ueda,2024-04-15T21:05:24Z
500416,zavržena vlažnica,sl,"","","gobe.si—Gobarsko društvo Lisička Maribor. (n.d.). Gobarsko Društvo Lisička Maribor. https://www.gobe.si/
",Slovenian,Ken-ichi Ueda,2024-04-15T21:05:24Z
363621,ognjebetna vlažnica,sl,"","","gobe.si—Gobarsko društvo Lisička Maribor. (n.d.). Gobarsko Društvo Lisička Maribor. https://www.gobe.si/
",Slovenian,Ken-ichi Ueda,2024-04-15T21:05:24Z
363619,varljiva vlažnica,sl,"","","gobe.si—Gobarsko društvo Lisička Maribor. (n.d.). Gobarsko Društvo Lisička Maribor. https://www.gobe.si/
",Slovenian,Ken-ichi Ueda,2024-04-15T21:05:24Z
1488334,lijasta vlažnica,sl,"","","gobe.si—Gobarsko društvo Lisička Maribor. (n.d.). Gobarsko Društvo Lisička Maribor. https://www.gobe.si/
",Slovenian,Ken-ichi Ueda,2024-04-15T21:05:24Z
351043,greneča vlažnica,sl,"","","gobe.si—Gobarsko društvo Lisička Maribor. (n.d.). Gobarsko Društvo Lisička Maribor. https://www.gobe.si/
",Slovenian,Ken-ichi Ueda,2024-04-15T21:05:26Z
1135493,črneča vlažnica,sl,"","","gobe.si—Gobarsko društvo Lisička Maribor. (n.d.). Gobarsko Društvo Lisička Maribor. https://www.gobe.si/
",Slovenian,Ken-ichi Ueda,2024-04-15T21:05:26Z
1135296,klorova vlažnica,sl,"","","gobe.si—Gobarsko društvo Lisička Maribor. (n.d.). Gobarsko Društvo Lisička Maribor. https://www.gobe.si/
",Slovenian,Ken-ichi Ueda,2024-04-15T21:05:26Z
1135293,ovčja vlažnica,sl,"","","gobe.si—Gobarsko društvo Lisička Maribor. (n.d.). Gobarsko Društvo Lisička Maribor. https://www.gobe.si/
",Slovenian,Ken-ichi Ueda,2024-04-15T21:05:26Z
509018,polvoskasta vlažnica,sl,"","","gobe.si—Gobarsko društvo Lisička Maribor. (n.d.). Gobarsko Društvo Lisička Maribor. https://www.gobe.si/
",Slovenian,Ken-ichi Ueda,2024-04-15T21:05:27Z
328212,majčkena vlažnica,sl,"","","gobe.si—Gobarsko društvo Lisička Maribor. (n.d.). Gobarsko Društvo Lisička Maribor. https://www.gobe.si/
",Slovenian,Ken-ichi Ueda,2024-04-15T21:05:27Z
51869,velika vlažnica,sl,"","","gobe.si—Gobarsko društvo Lisička Maribor. (n.d.). Gobarsko Društvo Lisička Maribor. https://www.gobe.si/
",Slovenian,Ken-ichi Ueda,2024-04-15T21:05:27Z
363620,zažetotrosna vlažnica,sl,"","","gobe.si—Gobarsko društvo Lisička Maribor. (n.d.). Gobarsko Društvo Lisička Maribor. https://www.gobe.si/
",Slovenian,Ken-ichi Ueda,2024-04-15T21:05:27Z
1135360,nažlebkana vlažnica,sl,"","","gobe.si—Gobarsko društvo Lisička Maribor. (n.d.). Gobarsko Društvo Lisička Maribor. https://www.gobe.si/
",Slovenian,Ken-ichi Ueda,2024-04-15T21:05:28Z
363603,Reidova vlažnica,sl,"","","gobe.si—Gobarsko društvo Lisička Maribor. (n.d.). Gobarsko Društvo Lisička Maribor. https://www.gobe.si/
",Slovenian,Ken-ichi Ueda,2024-04-15T21:05:28Z
118318,planinska vlažnica,sl,"","","gobe.si—Gobarsko društvo Lisička Maribor. (n.d.). Gobarsko Društvo Lisička Maribor. https://www.gobe.si/
",Slovenian,Ken-ichi Ueda,2024-04-15T21:05:28Z
118317,bleščeča vlažnica,sl,"","","gobe.si—Gobarsko društvo Lisička Maribor. (n.d.). Gobarsko Društvo Lisička Maribor. https://www.gobe.si/
",Slovenian,Ken-ichi Ueda,2024-04-15T21:05:28Z
607008,rdečkasti lisičkovec,sl,"","","gobe.si—Gobarsko društvo Lisička Maribor. (n.d.). Gobarsko Društvo Lisička Maribor. https://www.gobe.si/
",Slovenian,Ken-ichi Ueda,2024-04-15T21:05:29Z
118313,dišeča polževka,sl,"","","gobe.si—Gobarsko društvo Lisička Maribor. (n.d.). Gobarsko Društvo Lisička Maribor. https://www.gobe.si/
",Slovenian,Ken-ichi Ueda,2024-04-15T21:05:30Z
351046,grmovnata polževka,sl,"","","gobe.si—Gobarsko društvo Lisička Maribor. (n.d.). Gobarsko Društvo Lisička Maribor. https://www.gobe.si/
",Slovenian,Ken-ichi Ueda,2024-04-15T21:05:30Z
854516,palčkova polževka,sl,"","","gobe.si—Gobarsko društvo Lisička Maribor. (n.d.). Gobarsko Društvo Lisička Maribor. https://www.gobe.si/
",Slovenian,Ken-ichi Ueda,2024-04-15T21:05:30Z
499750,švedska polževka,sl,"","","gobe.si—Gobarsko društvo Lisička Maribor. (n.d.). Gobarsko Društvo Lisička Maribor. https://www.gobe.si/
",Slovenian,Ken-ichi Ueda,2024-04-15T21:05:30Z
500127,vinska polževka,sl,"","","gobe.si—Gobarsko društvo Lisička Maribor. (n.d.). Gobarsko Društvo Lisička Maribor. https://www.gobe.si/
",Slovenian,Ken-ichi Ueda,2024-04-15T21:05:31Z
344545,zlatozoba polževka,sl,"","","gobe.si—Gobarsko društvo Lisička Maribor. (n.d.). Gobarsko Društvo Lisička Maribor. https://www.gobe.si/
",Slovenian,Ken-ichi Ueda,2024-04-15T21:05:31Z
765272,prelčeva polževka,sl,"","","gobe.si—Gobarsko društvo Lisička Maribor. (n.d.). Gobarsko Društvo Lisička Maribor. https://www.gobe.si/
",Slovenian,Ken-ichi Ueda,2024-04-15T21:05:31Z
964945,diskasta polževka,sl,"","","gobe.si—Gobarsko društvo Lisička Maribor. (n.d.). Gobarsko Društvo Lisička Maribor. https://www.gobe.si/
",Slovenian,Ken-ichi Ueda,2024-04-15T21:05:32Z
351047,pordečela polževka,sl,"","","gobe.si—Gobarsko društvo Lisička Maribor. (n.d.). Gobarsko Društvo Lisička Maribor. https://www.gobe.si/
",Slovenian,Ken-ichi Ueda,2024-04-15T21:05:32Z
778630,brezova polževka,sl,"","","gobe.si—Gobarsko društvo Lisička Maribor. (n.d.). Gobarsko Društvo Lisička Maribor. https://www.gobe.si/
",Slovenian,Ken-ichi Ueda,2024-04-15T21:05:32Z
118324,pozna polževka,sl,"","","gobe.si—Gobarsko društvo Lisička Maribor. (n.d.). Gobarsko Društvo Lisička Maribor. https://www.gobe.si/
",Slovenian,Ken-ichi Ueda,2024-04-15T21:05:33Z
1440332,sluzasta polževka,sl,"","","gobe.si—Gobarsko društvo Lisička Maribor. (n.d.). Gobarsko Društvo Lisička Maribor. https://www.gobe.si/
",Slovenian,Ken-ichi Ueda,2024-04-15T21:05:33Z
602634,leskova polževka,sl,"","","gobe.si—Gobarsko društvo Lisička Maribor. (n.d.). Gobarsko Društvo Lisička Maribor. https://www.gobe.si/
",Slovenian,Ken-ichi Ueda,2024-04-15T21:05:34Z
875044,macesnova polževka,sl,"","","gobe.si—Gobarsko društvo Lisička Maribor. (n.d.). Gobarsko Društvo Lisička Maribor. https://www.gobe.si/
",Slovenian,Ken-ichi Ueda,2024-04-15T21:05:35Z
514102,gozdna polževka,sl,"","","gobe.si—Gobarsko društvo Lisička Maribor. (n.d.). Gobarsko Društvo Lisička Maribor. https://www.gobe.si/
",Slovenian,Ken-ichi Ueda,2024-04-15T21:05:35Z
154321,olivnobela polževka,sl,"","","gobe.si—Gobarsko društvo Lisička Maribor. (n.d.). Gobarsko Društvo Lisička Maribor. https://www.gobe.si/
",Slovenian,Ken-ichi Ueda,2024-04-15T21:05:35Z
118323,breskvobarvna polževka,sl,"","","gobe.si—Gobarsko društvo Lisička Maribor. (n.d.). Gobarsko Društvo Lisička Maribor. https://www.gobe.si/
",Slovenian,Ken-ichi Ueda,2024-04-15T21:05:36Z
1440333,hrastova polževka,sl,"","","gobe.si—Gobarsko društvo Lisička Maribor. (n.d.). Gobarsko Društvo Lisička Maribor. https://www.gobe.si/
",Slovenian,Ken-ichi Ueda,2024-04-15T21:05:36Z
499710,smrekova polževka,sl,"","","gobe.si—Gobarsko društvo Lisička Maribor. (n.d.). Gobarsko Društvo Lisička Maribor. https://www.gobe.si/
",Slovenian,Ken-ichi Ueda,2024-04-15T21:05:36Z
875045,pesniška polževka,sl,"","","gobe.si—Gobarsko društvo Lisička Maribor. (n.d.). Gobarsko Društvo Lisička Maribor. https://www.gobe.si/
",Slovenian,Ken-ichi Ueda,2024-04-15T21:05:37Z
118323,hojeva polževka,sl,"","","gobe.si—Gobarsko društvo Lisička Maribor. (n.d.). Gobarsko Društvo Lisička Maribor. https://www.gobe.si/
",Slovenian,Ken-ichi Ueda,2024-04-15T21:05:37Z
499720,pikčasta polževka,sl,"","","gobe.si—Gobarsko društvo Lisička Maribor. (n.d.). Gobarsko Društvo Lisička Maribor. https://www.gobe.si/
",Slovenian,Ken-ichi Ueda,2024-04-15T21:05:37Z
875046,Quéletova polževka,sl,"","","gobe.si—Gobarsko društvo Lisička Maribor. (n.d.). Gobarsko Društvo Lisička Maribor. https://www.gobe.si/
",Slovenian,Ken-ichi Ueda,2024-04-15T21:05:37Z
206118,zajetna polževka,sl,"","","gobe.si—Gobarsko društvo Lisička Maribor. (n.d.). Gobarsko Društvo Lisička Maribor. https://www.gobe.si/
",Slovenian,Ken-ichi Ueda,2024-04-15T21:05:37Z
194355,lepa polževka,sl,"","","gobe.si—Gobarsko društvo Lisička Maribor. (n.d.). Gobarsko Društvo Lisička Maribor. https://www.gobe.si/
",Slovenian,Ken-ichi Ueda,2024-04-15T21:05:38Z
992942,pepelnata polževka,sl,"","","gobe.si—Gobarsko društvo Lisička Maribor. (n.d.). Gobarsko Društvo Lisička Maribor. https://www.gobe.si/
",Slovenian,Ken-ichi Ueda,2024-04-15T21:05:38Z
383374,zavita širokolistarica,sl,"","","gobe.si—Gobarsko društvo Lisička Maribor. (n.d.). Gobarsko Društvo Lisička Maribor. https://www.gobe.si/
",Slovenian,Ken-ichi Ueda,2024-04-15T21:05:39Z
493449,belkasta pecljevka,sl,"","","gobe.si—Gobarsko društvo Lisička Maribor. (n.d.). Gobarsko Društvo Lisička Maribor. https://www.gobe.si/
",Slovenian,Ken-ichi Ueda,2024-04-15T21:05:39Z
1110816,gladka pecljevka,sl,"","","gobe.si—Gobarsko društvo Lisička Maribor. (n.d.). Gobarsko Društvo Lisička Maribor. https://www.gobe.si/
",Slovenian,Ken-ichi Ueda,2024-04-15T21:05:40Z
992969,pozna pecljevka,sl,"","","gobe.si—Gobarsko društvo Lisička Maribor. (n.d.). Gobarsko Društvo Lisička Maribor. https://www.gobe.si/
",Slovenian,Ken-ichi Ueda,2024-04-15T21:05:40Z
1365961,smrekov strgalkar,sl,"","","gobe.si—Gobarsko društvo Lisička Maribor. (n.d.). Gobarsko Društvo Lisička Maribor. https://www.gobe.si/
",Slovenian,Ken-ichi Ueda,2024-04-15T21:05:40Z
1019844,hrastov zobniček,sl,"","","gobe.si—Gobarsko društvo Lisička Maribor. (n.d.). Gobarsko Društvo Lisička Maribor. https://www.gobe.si/
",Slovenian,Ken-ichi Ueda,2024-04-15T21:05:40Z
152947,zlatična pajčevinka,sl,"","","gobe.si—Gobarsko društvo Lisička Maribor. (n.d.). Gobarsko Društvo Lisička Maribor. https://www.gobe.si/
",Slovenian,Ken-ichi Ueda,2024-04-15T21:05:41Z
351091,rdečkasta pajčevinka,sl,"","","gobe.si—Gobarsko društvo Lisička Maribor. (n.d.). Gobarsko Društvo Lisička Maribor. https://www.gobe.si/
",Slovenian,Ken-ichi Ueda,2024-04-15T21:05:42Z
1437364,leskin skorjeder,sl,"","","gobe.si—Gobarsko društvo Lisička Maribor. (n.d.). Gobarsko Društvo Lisička Maribor. https://www.gobe.si/
",Slovenian,Ken-ichi Ueda,2024-04-15T21:05:42Z
351139,drobnotrosni skorjeder,sl,"","","gobe.si—Gobarsko društvo Lisička Maribor. (n.d.). Gobarsko Društvo Lisička Maribor. https://www.gobe.si/
",Slovenian,Ken-ichi Ueda,2024-04-15T21:05:43Z
351165,pikasti skorjeder,sl,"","","gobe.si—Gobarsko društvo Lisička Maribor. (n.d.). Gobarsko Društvo Lisička Maribor. https://www.gobe.si/
",Slovenian,Ken-ichi Ueda,2024-04-15T21:05:43Z
120862,brestov mrežar,sl,"","","gobe.si—Gobarsko društvo Lisička Maribor. (n.d.). Gobarsko Društvo Lisička Maribor. https://www.gobe.si/
",Slovenian,Ken-ichi Ueda,2024-04-15T21:05:43Z
824012,rumenobakrenasti velegoban,sl,"","","gobe.si—Gobarsko društvo Lisička Maribor. (n.d.). Gobarsko Društvo Lisička Maribor. https://www.gobe.si/
",Slovenian,Ken-ichi Ueda,2024-04-15T21:05:44Z
824670,škrlatni velegoban,sl,"","","gobe.si—Gobarsko društvo Lisička Maribor. (n.d.). Gobarsko Društvo Lisička Maribor. https://www.gobe.si/
",Slovenian,Ken-ichi Ueda,2024-04-15T21:05:44Z
824671,težki velegoban,sl,"","","gobe.si—Gobarsko društvo Lisička Maribor. (n.d.). Gobarsko Društvo Lisička Maribor. https://www.gobe.si/
",Slovenian,Ken-ichi Ueda,2024-04-15T21:05:44Z
921916,rjavkasta lijevka,sl,"","","gobe.si—Gobarsko društvo Lisička Maribor. (n.d.). Gobarsko Društvo Lisička Maribor. https://www.gobe.si/
",Slovenian,Ken-ichi Ueda,2024-04-15T21:05:45Z
1396103,sivorjava lijevka,sl,"","","gobe.si—Gobarsko društvo Lisička Maribor. (n.d.). Gobarsko Društvo Lisička Maribor. https://www.gobe.si/
",Slovenian,Ken-ichi Ueda,2024-04-15T21:05:45Z
118333,črtasta razcepljenka,sl,"","","gobe.si—Gobarsko društvo Lisička Maribor. (n.d.). Gobarsko Društvo Lisička Maribor. https://www.gobe.si/
",Slovenian,Ken-ichi Ueda,2024-04-15T21:05:45Z
875055,ostrogrba razcepljenka,sl,"","","gobe.si—Gobarsko društvo Lisička Maribor. (n.d.). Gobarsko Društvo Lisička Maribor. https://www.gobe.si/
",Slovenian,Ken-ichi Ueda,2024-04-15T21:05:45Z
993090,beloroba razcepljenka,sl,"","","gobe.si—Gobarsko društvo Lisička Maribor. (n.d.). Gobarsko Društvo Lisička Maribor. https://www.gobe.si/
",Slovenian,Ken-ichi Ueda,2024-04-15T21:05:45Z
1112465,pšenična razcepljenka,sl,"","","gobe.si—Gobarsko društvo Lisička Maribor. (n.d.). Gobarsko Društvo Lisička Maribor. https://www.gobe.si/
",Slovenian,Ken-ichi Ueda,2024-04-15T21:05:46Z
202387,zvezdastotrosna razcepljenka,sl,"","","gobe.si—Gobarsko društvo Lisička Maribor. (n.d.). Gobarsko Društvo Lisička Maribor. https://www.gobe.si/
",Slovenian,Ken-ichi Ueda,2024-04-15T21:05:46Z
1474512,rjavoluska razcepljenka,sl,"","","gobe.si—Gobarsko društvo Lisička Maribor. (n.d.). Gobarsko Društvo Lisička Maribor. https://www.gobe.si/
",Slovenian,Ken-ichi Ueda,2024-04-15T21:05:46Z
1112499,knežja razcepljenka,sl,"","","gobe.si—Gobarsko društvo Lisička Maribor. (n.d.). Gobarsko Društvo Lisička Maribor. https://www.gobe.si/
",Slovenian,Ken-ichi Ueda,2024-04-15T21:05:46Z
382788,zoprna razcepljenka,sl,"","","gobe.si—Gobarsko društvo Lisička Maribor. (n.d.). Gobarsko Društvo Lisička Maribor. https://www.gobe.si/
",Slovenian,Ken-ichi Ueda,2024-04-15T21:05:47Z
58675,klobučevinasta razcepljenka,sl,"","","gobe.si—Gobarsko društvo Lisička Maribor. (n.d.). Gobarsko Društvo Lisička Maribor. https://www.gobe.si/
",Slovenian,Ken-ichi Ueda,2024-04-15T21:05:47Z
780453,vlaknata razcepljenka,sl,"","","gobe.si—Gobarsko društvo Lisička Maribor. (n.d.). Gobarsko Društvo Lisička Maribor. https://www.gobe.si/
",Slovenian,Ken-ichi Ueda,2024-04-15T21:05:47Z
1047372,sivolistna razcepljenka,sl,"","","gobe.si—Gobarsko društvo Lisička Maribor. (n.d.). Gobarsko Društvo Lisička Maribor. https://www.gobe.si/
",Slovenian,Ken-ichi Ueda,2024-04-15T21:05:48Z
733436,žarkasta razcepljenka,sl,"","","gobe.si—Gobarsko društvo Lisička Maribor. (n.d.). Gobarsko Društvo Lisička Maribor. https://www.gobe.si/
",Slovenian,Ken-ichi Ueda,2024-04-15T21:05:48Z
351220,Godejeva razcepljenka,sl,"","","gobe.si—Gobarsko društvo Lisička Maribor. (n.d.). Gobarsko Društvo Lisička Maribor. https://www.gobe.si/
",Slovenian,Ken-ichi Ueda,2024-04-15T21:05:48Z
118329,razcepljena razcepljenka,sl,"","","gobe.si—Gobarsko društvo Lisička Maribor. (n.d.). Gobarsko Društvo Lisička Maribor. https://www.gobe.si/
",Slovenian,Ken-ichi Ueda,2024-04-15T21:05:49Z
1021255,sivoovojna razcepljenka,sl,"","","gobe.si—Gobarsko društvo Lisička Maribor. (n.d.). Gobarsko Društvo Lisička Maribor. https://www.gobe.si/
",Slovenian,Ken-ichi Ueda,2024-04-15T21:05:49Z
981444,sivozelena razcepljenka,sl,"","","gobe.si—Gobarsko društvo Lisička Maribor. (n.d.). Gobarsko Društvo Lisička Maribor. https://www.gobe.si/
",Slovenian,Ken-ichi Ueda,2024-04-15T21:05:49Z
1416794,mandljeva razcepljenka,sl,"","","gobe.si—Gobarsko društvo Lisička Maribor. (n.d.). Gobarsko Društvo Lisička Maribor. https://www.gobe.si/
",Slovenian,Ken-ichi Ueda,2024-04-15T21:05:50Z
179766,raztrgana razcepljenka,sl,"","","gobe.si—Gobarsko društvo Lisička Maribor. (n.d.). Gobarsko Društvo Lisička Maribor. https://www.gobe.si/
",Slovenian,Ken-ichi Ueda,2024-04-15T21:05:50Z
382799,igličevna razcepljenka,sl,"","","gobe.si—Gobarsko društvo Lisička Maribor. (n.d.). Gobarsko Društvo Lisička Maribor. https://www.gobe.si/
",Slovenian,Ken-ichi Ueda,2024-04-15T21:05:50Z
351226,repasta razcepljenka,sl,"","","gobe.si—Gobarsko društvo Lisička Maribor. (n.d.). Gobarsko Društvo Lisička Maribor. https://www.gobe.si/
",Slovenian,Ken-ichi Ueda,2024-04-15T21:05:50Z
118341,Friesova razcepljenka,sl,"","","gobe.si—Gobarsko društvo Lisička Maribor. (n.d.). Gobarsko Društvo Lisička Maribor. https://www.gobe.si/
",Slovenian,Ken-ichi Ueda,2024-04-15T21:05:51Z
1157606,ozkocistidna razcepljenka,sl,"","","gobe.si—Gobarsko društvo Lisička Maribor. (n.d.). Gobarsko Društvo Lisička Maribor. https://www.gobe.si/
",Slovenian,Ken-ichi Ueda,2024-04-15T21:05:51Z
829215,sivoroba razcepljenka,sl,"","","gobe.si—Gobarsko društvo Lisička Maribor. (n.d.). Gobarsko Društvo Lisička Maribor. https://www.gobe.si/
",Slovenian,Ken-ichi Ueda,2024-04-15T21:05:52Z
865812,svetloroba razcepljenka,sl,"","","gobe.si—Gobarsko društvo Lisička Maribor. (n.d.). Gobarsko Društvo Lisička Maribor. https://www.gobe.si/
",Slovenian,Ken-ichi Ueda,2024-04-15T21:05:52Z
875064,jesenska razcepljenka,sl,"","","gobe.si—Gobarsko društvo Lisička Maribor. (n.d.). Gobarsko Društvo Lisička Maribor. https://www.gobe.si/
",Slovenian,Ken-ichi Ueda,2024-04-15T21:05:53Z
351229,dišeča razcepljenka,sl,"","","gobe.si—Gobarsko društvo Lisička Maribor. (n.d.). Gobarsko Društvo Lisička Maribor. https://www.gobe.si/
",Slovenian,Ken-ichi Ueda,2024-04-15T21:05:53Z
382803,bezgova razcepljenka,sl,"","","gobe.si—Gobarsko društvo Lisička Maribor. (n.d.). Gobarsko Društvo Lisička Maribor. https://www.gobe.si/
",Slovenian,Ken-ichi Ueda,2024-04-15T21:05:53Z
416745,slamnatorumena razcepljenka,sl,"","","gobe.si—Gobarsko društvo Lisička Maribor. (n.d.). Gobarsko Društvo Lisička Maribor. https://www.gobe.si/
",Slovenian,Ken-ichi Ueda,2024-04-15T21:05:54Z
895013,lepa razcepljenka,sl,"","","gobe.si—Gobarsko društvo Lisička Maribor. (n.d.). Gobarsko Društvo Lisička Maribor. https://www.gobe.si/
",Slovenian,Ken-ichi Ueda,2024-04-15T21:05:54Z
865814,temnorjava razcepljenka,sl,"","","gobe.si—Gobarsko društvo Lisička Maribor. (n.d.). Gobarsko Društvo Lisička Maribor. https://www.gobe.si/
",Slovenian,Ken-ichi Ueda,2024-04-15T21:05:54Z
967425,črnobetna razcepljenka,sl,"","","gobe.si—Gobarsko društvo Lisička Maribor. (n.d.). Gobarsko Društvo Lisička Maribor. https://www.gobe.si/
",Slovenian,Ken-ichi Ueda,2024-04-15T21:05:54Z
1112540,ovenčana razcepljenka,sl,"","","gobe.si—Gobarsko društvo Lisička Maribor. (n.d.). Gobarsko Društvo Lisička Maribor. https://www.gobe.si/
",Slovenian,Ken-ichi Ueda,2024-04-15T21:05:55Z
981445,tribarvna razcepljenka,sl,"","","gobe.si—Gobarsko društvo Lisička Maribor. (n.d.). Gobarsko Društvo Lisička Maribor. https://www.gobe.si/
",Slovenian,Ken-ichi Ueda,2024-04-15T21:05:55Z
805279,belkasta razcepljenka,sl,"","","gobe.si—Gobarsko društvo Lisička Maribor. (n.d.). Gobarsko Društvo Lisička Maribor. https://www.gobe.si/
",Slovenian,Ken-ichi Ueda,2024-04-15T21:05:55Z
1368276,pordečela razcepljenka,sl,"","","gobe.si—Gobarsko društvo Lisička Maribor. (n.d.). Gobarsko Društvo Lisička Maribor. https://www.gobe.si/
",Slovenian,Ken-ichi Ueda,2024-04-15T21:05:55Z
1138639,smrekov luknjač,sl,"","","gobe.si—Gobarsko društvo Lisička Maribor. (n.d.). Gobarsko Društvo Lisička Maribor. https://www.gobe.si/
",Slovenian,Ken-ichi Ueda,2024-04-15T21:05:56Z
1092521,duplinski luknjač,sl,"","","gobe.si—Gobarsko društvo Lisička Maribor. (n.d.). Gobarsko Društvo Lisička Maribor. https://www.gobe.si/
",Slovenian,Ken-ichi Ueda,2024-04-15T21:05:56Z
559112,grčavi luknjač,sl,"","","gobe.si—Gobarsko društvo Lisička Maribor. (n.d.). Gobarsko Društvo Lisička Maribor. https://www.gobe.si/
",Slovenian,Ken-ichi Ueda,2024-04-15T21:05:56Z
127021,brezin luknjač,sl,"","","gobe.si—Gobarsko društvo Lisička Maribor. (n.d.). Gobarsko Društvo Lisička Maribor. https://www.gobe.si/
",Slovenian,Ken-ichi Ueda,2024-04-15T21:05:56Z
1112459,rdečeči razcepljenec,sl,"","","gobe.si—Gobarsko društvo Lisička Maribor. (n.d.). Gobarsko Društvo Lisička Maribor. https://www.gobe.si/
",Slovenian,Ken-ichi Ueda,2024-04-15T21:05:57Z
1112488,medov razcepljenec,sl,"","","gobe.si—Gobarsko društvo Lisička Maribor. (n.d.). Gobarsko Društvo Lisička Maribor. https://www.gobe.si/
",Slovenian,Ken-ichi Ueda,2024-04-15T21:05:57Z
1112491,rdečkasti razcepljenec,sl,"","","gobe.si—Gobarsko društvo Lisička Maribor. (n.d.). Gobarsko Društvo Lisička Maribor. https://www.gobe.si/
",Slovenian,Ken-ichi Ueda,2024-04-15T21:05:57Z
1112509,pegasti razcepljenec,sl,"","","gobe.si—Gobarsko društvo Lisička Maribor. (n.d.). Gobarsko Društvo Lisička Maribor. https://www.gobe.si/
",Slovenian,Ken-ichi Ueda,2024-04-15T21:05:58Z
130919,bukova irhovka,sl,"","","gobe.si—Gobarsko društvo Lisička Maribor. (n.d.). Gobarsko Društvo Lisička Maribor. https://www.gobe.si/
",Slovenian,Ken-ichi Ueda,2024-04-15T21:05:58Z
895016,krastasti bulovec,sl,"","","gobe.si—Gobarsko društvo Lisička Maribor. (n.d.). Gobarsko Društvo Lisička Maribor. https://www.gobe.si/
",Slovenian,Ken-ichi Ueda,2024-04-15T21:05:59Z
128051,črneča ožganka,sl,"","","gobe.si—Gobarsko društvo Lisička Maribor. (n.d.). Gobarsko Društvo Lisička Maribor. https://www.gobe.si/
",Slovenian,Ken-ichi Ueda,2024-04-15T21:05:59Z
153033,mala štorovka,sl,"","","gobe.si—Gobarsko društvo Lisička Maribor. (n.d.). Gobarsko Društvo Lisička Maribor. https://www.gobe.si/
",Slovenian,Ken-ichi Ueda,2024-04-15T21:05:59Z
63238,dvobarvna bledivka,sl,"","","gobe.si—Gobarsko društvo Lisička Maribor. (n.d.). Gobarsko Društvo Lisička Maribor. https://www.gobe.si/
",Slovenian,Ken-ichi Ueda,2024-04-15T21:06:00Z
118348,mekinasta bledivka,sl,"","","gobe.si—Gobarsko društvo Lisička Maribor. (n.d.). Gobarsko Društvo Lisička Maribor. https://www.gobe.si/
",Slovenian,Ken-ichi Ueda,2024-04-15T21:06:00Z
416607,nabrežna bledivka,sl,"","","gobe.si—Gobarsko društvo Lisička Maribor. (n.d.). Gobarsko Društvo Lisička Maribor. https://www.gobe.si/
",Slovenian,Ken-ichi Ueda,2024-04-15T21:06:00Z
363702,sloka bledivka,sl,"","","gobe.si—Gobarsko društvo Lisička Maribor. (n.d.). Gobarsko Društvo Lisička Maribor. https://www.gobe.si/
",Slovenian,Ken-ichi Ueda,2024-04-15T21:06:00Z
408020,kapičasti kosmičar,sl,"","","gobe.si—Gobarsko društvo Lisička Maribor. (n.d.). Gobarsko Društvo Lisička Maribor. https://www.gobe.si/
",Slovenian,Ken-ichi Ueda,2024-04-15T21:06:01Z
810808,smrečja kosmičevka,sl,"","","gobe.si—Gobarsko društvo Lisička Maribor. (n.d.). Gobarsko Društvo Lisička Maribor. https://www.gobe.si/
",Slovenian,Ken-ichi Ueda,2024-04-15T21:06:01Z
351330,jelkina kosmičevka,sl,"","","gobe.si—Gobarsko društvo Lisička Maribor. (n.d.). Gobarsko Društvo Lisička Maribor. https://www.gobe.si/
",Slovenian,Ken-ichi Ueda,2024-04-15T21:06:01Z
875071,macesnova kosmičevka,sl,"","","gobe.si—Gobarsko društvo Lisička Maribor. (n.d.). Gobarsko Društvo Lisička Maribor. https://www.gobe.si/
",Slovenian,Ken-ichi Ueda,2024-04-15T21:06:01Z
1252257,čašasta kocinovka,sl,"","","gobe.si—Gobarsko društvo Lisička Maribor. (n.d.). Gobarsko Društvo Lisička Maribor. https://www.gobe.si/
",Slovenian,Ken-ichi Ueda,2024-04-15T21:06:02Z
203703,deviška kocinovka,sl,"","","gobe.si—Gobarsko društvo Lisička Maribor. (n.d.). Gobarsko Društvo Lisička Maribor. https://www.gobe.si/
",Slovenian,Ken-ichi Ueda,2024-04-15T21:06:02Z
479681,spodvita mlečnica,sl,"","","gobe.si—Gobarsko društvo Lisička Maribor. (n.d.). Gobarsko Društvo Lisička Maribor. https://www.gobe.si/
",Slovenian,Ken-ichi Ueda,2024-04-15T21:06:05Z
995082,gostosočna mlečnica,sl,"","","gobe.si—Gobarsko društvo Lisička Maribor. (n.d.). Gobarsko Društvo Lisička Maribor. https://www.gobe.si/
",Slovenian,Ken-ichi Ueda,2024-04-15T21:06:05Z
825091,varljiva mlečnica,sl,"","","gobe.si—Gobarsko društvo Lisička Maribor. (n.d.). Gobarsko Društvo Lisička Maribor. https://www.gobe.si/
",Slovenian,Ken-ichi Ueda,2024-04-15T21:06:06Z
194385,smrekova sirovka,sl,"","","gobe.si—Gobarsko društvo Lisička Maribor. (n.d.). Gobarsko Društvo Lisička Maribor. https://www.gobe.si/
",Slovenian,Ken-ichi Ueda,2024-04-15T21:06:07Z
351289,vonjava mlečnica,sl,"","","gobe.si—Gobarsko društvo Lisička Maribor. (n.d.). Gobarsko Društvo Lisička Maribor. https://www.gobe.si/
",Slovenian,Ken-ichi Ueda,2024-04-15T21:06:07Z
367359,zlatična mlečnica,sl,"","","gobe.si—Gobarsko društvo Lisička Maribor. (n.d.). Gobarsko Društvo Lisička Maribor. https://www.gobe.si/
",Slovenian,Ken-ichi Ueda,2024-04-15T21:06:07Z
1181525,rjaveča mlečnica,sl,"","","gobe.si—Gobarsko društvo Lisička Maribor. (n.d.). Gobarsko Društvo Lisička Maribor. https://www.gobe.si/
",Slovenian,Ken-ichi Ueda,2024-04-15T21:06:07Z
382878,čadasta mlečnica,sl,"","","gobe.si—Gobarsko društvo Lisička Maribor. (n.d.). Gobarsko Društvo Lisička Maribor. https://www.gobe.si/
",Slovenian,Ken-ichi Ueda,2024-04-15T21:06:08Z
382879,cimetova mlečnica,sl,"","","gobe.si—Gobarsko društvo Lisička Maribor. (n.d.). Gobarsko Društvo Lisička Maribor. https://www.gobe.si/
",Slovenian,Ken-ichi Ueda,2024-04-15T21:06:08Z
194387,mekinasta mlečnica,sl,"","","gobe.si—Gobarsko društvo Lisička Maribor. (n.d.). Gobarsko Društvo Lisička Maribor. https://www.gobe.si/
",Slovenian,Ken-ichi Ueda,2024-04-15T21:06:08Z
118233,jetrasta mlečnica,sl,"","","gobe.si—Gobarsko društvo Lisička Maribor. (n.d.). Gobarsko Društvo Lisička Maribor. https://www.gobe.si/
",Slovenian,Ken-ichi Ueda,2024-04-15T21:06:08Z
630290,dimasta mlečnica,sl,"","","gobe.si—Gobarsko društvo Lisička Maribor. (n.d.). Gobarsko Društvo Lisička Maribor. https://www.gobe.si/
",Slovenian,Ken-ichi Ueda,2024-04-15T21:06:08Z
1180885,ilirska mlečnica,sl,"","","gobe.si—Gobarsko društvo Lisička Maribor. (n.d.). Gobarsko Društvo Lisička Maribor. https://www.gobe.si/
",Slovenian,Ken-ichi Ueda,2024-04-15T21:06:09Z
351294,kalužna mlečnica,sl,"","","gobe.si—Gobarsko društvo Lisička Maribor. (n.d.). Gobarsko Društvo Lisička Maribor. https://www.gobe.si/
",Slovenian,Ken-ichi Ueda,2024-04-15T21:06:09Z
194373,črnikasta mlečnica,sl,"","","gobe.si—Gobarsko društvo Lisička Maribor. (n.d.). Gobarsko Društvo Lisička Maribor. https://www.gobe.si/
",Slovenian,Ken-ichi Ueda,2024-04-15T21:06:09Z
778591,lilasta mlečnica,sl,"","","gobe.si—Gobarsko društvo Lisička Maribor. (n.d.). Gobarsko Društvo Lisička Maribor. https://www.gobe.si/
",Slovenian,Ken-ichi Ueda,2024-04-15T21:06:09Z
822245,lešnikasta mlečnica,sl,"","","gobe.si—Gobarsko društvo Lisička Maribor. (n.d.). Gobarsko Društvo Lisička Maribor. https://www.gobe.si/
",Slovenian,Ken-ichi Ueda,2024-04-15T21:06:10Z
499960,kokosna mlečnica,sl,"","","gobe.si—Gobarsko društvo Lisička Maribor. (n.d.). Gobarsko Društvo Lisička Maribor. https://www.gobe.si/
",Slovenian,Ken-ichi Ueda,2024-04-15T21:06:10Z
752277,moštna mlečnica,sl,"","","gobe.si—Gobarsko društvo Lisička Maribor. (n.d.). Gobarsko Društvo Lisička Maribor. https://www.gobe.si/
",Slovenian,Ken-ichi Ueda,2024-04-15T21:06:10Z
351299,jelšina mlečnica,sl,"","","gobe.si—Gobarsko društvo Lisička Maribor. (n.d.). Gobarsko Društvo Lisička Maribor. https://www.gobe.si/
",Slovenian,Ken-ichi Ueda,2024-04-15T21:06:11Z
451029,lijasta mlečnica,sl,"","","gobe.si—Gobarsko društvo Lisička Maribor. (n.d.). Gobarsko Društvo Lisička Maribor. https://www.gobe.si/
",Slovenian,Ken-ichi Ueda,2024-04-15T21:06:11Z
351301,medla mlečnica,sl,"","","gobe.si—Gobarsko društvo Lisička Maribor. (n.d.). Gobarsko Društvo Lisička Maribor. https://www.gobe.si/
",Slovenian,Ken-ichi Ueda,2024-04-15T21:06:11Z
875076,smrekova mlečnica,sl,"","","gobe.si—Gobarsko društvo Lisička Maribor. (n.d.). Gobarsko Društvo Lisička Maribor. https://www.gobe.si/
",Slovenian,Ken-ichi Ueda,2024-04-15T21:06:11Z
1348486,macesnova mlečnica,sl,"","","gobe.si—Gobarsko društvo Lisička Maribor. (n.d.). Gobarsko Društvo Lisička Maribor. https://www.gobe.si/
",Slovenian,Ken-ichi Ueda,2024-04-15T21:06:12Z
382882,barjanska mlečnica,sl,"","","gobe.si—Gobarsko društvo Lisička Maribor. (n.d.). Gobarsko Društvo Lisička Maribor. https://www.gobe.si/
",Slovenian,Ken-ichi Ueda,2024-04-15T21:06:12Z
155080,hrastova mlečnica,sl,"","","gobe.si—Gobarsko društvo Lisička Maribor. (n.d.). Gobarsko Društvo Lisička Maribor. https://www.gobe.si/
",Slovenian,Ken-ichi Ueda,2024-04-15T21:06:13Z
499712,postavna mlečnica,sl,"","","gobe.si—Gobarsko društvo Lisička Maribor. (n.d.). Gobarsko Društvo Lisička Maribor. https://www.gobe.si/
",Slovenian,Ken-ichi Ueda,2024-04-15T21:06:13Z
468080,nižinska mlečnica,sl,"","","gobe.si—Gobarsko društvo Lisička Maribor. (n.d.). Gobarsko Društvo Lisička Maribor. https://www.gobe.si/
",Slovenian,Ken-ichi Ueda,2024-04-15T21:06:13Z
875078,ovratniška mlečnica,sl,"","","gobe.si—Gobarsko društvo Lisička Maribor. (n.d.). Gobarsko Društvo Lisička Maribor. https://www.gobe.si/
",Slovenian,Ken-ichi Ueda,2024-04-15T21:06:13Z
118223,rdečerjava mlečnica,sl,"","","gobe.si—Gobarsko društvo Lisička Maribor. (n.d.). Gobarsko Društvo Lisička Maribor. https://www.gobe.si/
",Slovenian,Ken-ichi Ueda,2024-04-15T21:06:14Z
332501,krvosočna sirovka,sl,"","","gobe.si—Gobarsko društvo Lisička Maribor. (n.d.). Gobarsko Društvo Lisička Maribor. https://www.gobe.si/
",Slovenian,Ken-ichi Ueda,2024-04-15T21:06:14Z
775629,navadna sirovka,sl,"","","gobe.si—Gobarsko društvo Lisička Maribor. (n.d.). Gobarsko Društvo Lisička Maribor. https://www.gobe.si/
",Slovenian,Ken-ichi Ueda,2024-04-15T21:06:14Z
875079,vodenasta mlečnica,sl,"","","gobe.si—Gobarsko društvo Lisička Maribor. (n.d.). Gobarsko Društvo Lisička Maribor. https://www.gobe.si/
",Slovenian,Ken-ichi Ueda,2024-04-15T21:06:15Z
868723,mahova mlečnica,sl,"","","gobe.si—Gobarsko društvo Lisička Maribor. (n.d.). Gobarsko Društvo Lisička Maribor. https://www.gobe.si/
",Slovenian,Ken-ichi Ueda,2024-04-15T21:06:15Z
351308,sladkasta mlečnica,sl,"","","gobe.si—Gobarsko društvo Lisička Maribor. (n.d.). Gobarsko Društvo Lisička Maribor. https://www.gobe.si/
",Slovenian,Ken-ichi Ueda,2024-04-15T21:06:15Z
875079,razbrazdana mlečnica,sl,"","","gobe.si—Gobarsko društvo Lisička Maribor. (n.d.). Gobarsko Društvo Lisička Maribor. https://www.gobe.si/
",Slovenian,Ken-ichi Ueda,2024-04-15T21:06:15Z
451028,sfrknjena mlečnica,sl,"","","gobe.si—Gobarsko društvo Lisička Maribor. (n.d.). Gobarsko Društvo Lisička Maribor. https://www.gobe.si/
",Slovenian,Ken-ichi Ueda,2024-04-15T21:06:16Z
194433,žolteča mlečnica,sl,"","","gobe.si—Gobarsko društvo Lisička Maribor. (n.d.). Gobarsko Društvo Lisička Maribor. https://www.gobe.si/
",Slovenian,Ken-ichi Ueda,2024-04-15T21:06:16Z
1544127,nagrbančena mlečnica,sl,"","","gobe.si—Gobarsko društvo Lisička Maribor. (n.d.). Gobarsko Društvo Lisička Maribor. https://www.gobe.si/
",Slovenian,Ken-ichi Ueda,2024-04-15T21:06:16Z
120871,nordijska mlečnica,sl,"","","gobe.si—Gobarsko društvo Lisička Maribor. (n.d.). Gobarsko Društvo Lisička Maribor. https://www.gobe.si/
",Slovenian,Ken-ichi Ueda,2024-04-15T21:06:17Z
382886,nečedna mlečnica,sl,"","","gobe.si—Gobarsko društvo Lisička Maribor. (n.d.). Gobarsko Društvo Lisička Maribor. https://www.gobe.si/
",Slovenian,Ken-ichi Ueda,2024-04-15T21:06:17Z
344533,sluzasta mlečnica,sl,"","","gobe.si—Gobarsko društvo Lisička Maribor. (n.d.). Gobarsko Društvo Lisička Maribor. https://www.gobe.si/
",Slovenian,Ken-ichi Ueda,2024-04-15T21:06:17Z
351314,brezova mlečnica,sl,"","","gobe.si—Gobarsko društvo Lisička Maribor. (n.d.). Gobarsko Društvo Lisička Maribor. https://www.gobe.si/
",Slovenian,Ken-ichi Ueda,2024-04-15T21:06:17Z
994830,hribovska mlečnica,sl,"","","gobe.si—Gobarsko društvo Lisička Maribor. (n.d.). Gobarsko Društvo Lisička Maribor. https://www.gobe.si/
",Slovenian,Ken-ichi Ueda,2024-04-15T21:06:18Z
351316,kolobarčasta mlečnica,sl,"","","gobe.si—Gobarsko društvo Lisička Maribor. (n.d.). Gobarsko Društvo Lisička Maribor. https://www.gobe.si/
",Slovenian,Ken-ichi Ueda,2024-04-15T21:06:18Z
875082,plišasti mlečnik,sl,"","","gobe.si—Gobarsko društvo Lisička Maribor. (n.d.). Gobarsko Društvo Lisička Maribor. https://www.gobe.si/
",Slovenian,Ken-ichi Ueda,2024-04-15T21:06:18Z
857351,zeleneči mlečnik,sl,"","","gobe.si—Gobarsko društvo Lisička Maribor. (n.d.). Gobarsko Društvo Lisička Maribor. https://www.gobe.si/
",Slovenian,Ken-ichi Ueda,2024-04-15T21:06:18Z
1105793,debelobetni mlečnik,sl,"","","gobe.si—Gobarsko društvo Lisička Maribor. (n.d.). Gobarsko Društvo Lisička Maribor. https://www.gobe.si/
",Slovenian,Ken-ichi Ueda,2024-04-15T21:06:18Z
351321,poprov mlečnik,sl,"","","gobe.si—Gobarsko društvo Lisička Maribor. (n.d.). Gobarsko Društvo Lisička Maribor. https://www.gobe.si/
",Slovenian,Ken-ichi Ueda,2024-04-15T21:06:19Z
351324,polsteni mlečnik,sl,"","","gobe.si—Gobarsko društvo Lisička Maribor. (n.d.). Gobarsko Društvo Lisička Maribor. https://www.gobe.si/
",Slovenian,Ken-ichi Ueda,2024-04-15T21:06:19Z
351337,zeleneči razpokanec,sl,"","","gobe.si—Gobarsko društvo Lisička Maribor. (n.d.). Gobarsko Društvo Lisička Maribor. https://www.gobe.si/
",Slovenian,Ken-ichi Ueda,2024-04-15T21:06:20Z
544552,dišeči zlatocevar,sl,"","","gobe.si—Gobarsko društvo Lisička Maribor. (n.d.). Gobarsko Društvo Lisička Maribor. https://www.gobe.si/
",Slovenian,Ken-ichi Ueda,2024-04-15T21:06:20Z
782933,ježični plitvičar,sl,"","","gobe.si—Gobarsko društvo Lisička Maribor. (n.d.). Gobarsko Društvo Lisička Maribor. https://www.gobe.si/
",Slovenian,Ken-ichi Ueda,2024-04-15T21:06:21Z
351345,dvobarvni pasovec,sl,"","","gobe.si—Gobarsko društvo Lisička Maribor. (n.d.). Gobarsko Društvo Lisička Maribor. https://www.gobe.si/
",Slovenian,Ken-ichi Ueda,2024-04-15T21:06:21Z
569090,zelenkasti ded,sl,"","","gobe.si—Gobarsko društvo Lisička Maribor. (n.d.). Gobarsko Društvo Lisička Maribor. https://www.gobe.si/
",Slovenian,Ken-ichi Ueda,2024-04-15T21:06:22Z
363590,trdikasti ded,sl,"","","gobe.si—Gobarsko društvo Lisička Maribor. (n.d.). Gobarsko Društvo Lisička Maribor. https://www.gobe.si/
",Slovenian,Ken-ichi Ueda,2024-04-15T21:06:22Z
363587,beli ded,sl,"","","gobe.si—Gobarsko društvo Lisička Maribor. (n.d.). Gobarsko Društvo Lisička Maribor. https://www.gobe.si/
",Slovenian,Ken-ichi Ueda,2024-04-15T21:06:22Z
1521478,črni ded,sl,"","","gobe.si—Gobarsko društvo Lisička Maribor. (n.d.). Gobarsko Društvo Lisička Maribor. https://www.gobe.si/
",Slovenian,Ken-ichi Ueda,2024-04-15T21:06:22Z
63232,brezov ded,sl,"","","gobe.si—Gobarsko društvo Lisička Maribor. (n.d.). Gobarsko Društvo Lisička Maribor. https://www.gobe.si/
",Slovenian,Ken-ichi Ueda,2024-04-15T21:06:23Z
363591,pisani ded,sl,"","","gobe.si—Gobarsko društvo Lisička Maribor. (n.d.). Gobarsko Društvo Lisička Maribor. https://www.gobe.si/
",Slovenian,Ken-ichi Ueda,2024-04-15T21:06:23Z
343661,brezov turek,sl,"","","gobe.si—Gobarsko društvo Lisička Maribor. (n.d.). Gobarsko Društvo Lisička Maribor. https://www.gobe.si/
",Slovenian,Ken-ichi Ueda,2024-04-15T21:06:23Z
351354,lisičji turek,sl,"","","gobe.si—Gobarsko društvo Lisička Maribor. (n.d.). Gobarsko Društvo Lisička Maribor. https://www.gobe.si/
",Slovenian,Ken-ichi Ueda,2024-04-15T21:06:23Z
332504,lijasta žilavka,sl,"","","gobe.si—Gobarsko društvo Lisička Maribor. (n.d.). Gobarsko Društvo Lisička Maribor. https://www.gobe.si/
",Slovenian,Ken-ichi Ueda,2024-04-15T21:06:24Z
118231,medvedja žilavka,sl,"","","gobe.si—Gobarsko društvo Lisička Maribor. (n.d.). Gobarsko Društvo Lisička Maribor. https://www.gobe.si/
",Slovenian,Ken-ichi Ueda,2024-04-15T21:06:24Z
123351,užitni nazobčanec,sl,"","","gobe.si—Gobarsko društvo Lisička Maribor. (n.d.). Gobarsko Društvo Lisička Maribor. https://www.gobe.si/
",Slovenian,Ken-ichi Ueda,2024-04-15T21:06:24Z
786918,brezova lenzovka,sl,"","","gobe.si—Gobarsko društvo Lisička Maribor. (n.d.). Gobarsko Društvo Lisička Maribor. https://www.gobe.si/
",Slovenian,Ken-ichi Ueda,2024-04-15T21:06:26Z
930450,zelena kapičarka,sl,"","","gobe.si—Gobarsko društvo Lisička Maribor. (n.d.). Gobarsko Društvo Lisička Maribor. https://www.gobe.si/
",Slovenian,Ken-ichi Ueda,2024-04-15T21:06:26Z
515954,mesnorjavi dežniček,sl,"","","gobe.si—Gobarsko društvo Lisička Maribor. (n.d.). Gobarsko Društvo Lisička Maribor. https://www.gobe.si/
",Slovenian,Ken-ichi Ueda,2024-04-15T21:06:27Z
797908,rjavolilasti dežniček,sl,"","","gobe.si—Gobarsko društvo Lisička Maribor. (n.d.). Gobarsko Društvo Lisička Maribor. https://www.gobe.si/
",Slovenian,Ken-ichi Ueda,2024-04-15T21:06:27Z
542717,ježasti dežniček,sl,"","","gobe.si—Gobarsko društvo Lisička Maribor. (n.d.). Gobarsko Društvo Lisička Maribor. https://www.gobe.si/
",Slovenian,Ken-ichi Ueda,2024-04-15T21:06:28Z
854519,redkvičasti dežniček,sl,"","","gobe.si—Gobarsko društvo Lisička Maribor. (n.d.). Gobarsko Društvo Lisička Maribor. https://www.gobe.si/
",Slovenian,Ken-ichi Ueda,2024-04-15T21:06:29Z
854520,vinski dežniček,sl,"","","gobe.si—Gobarsko društvo Lisička Maribor. (n.d.). Gobarsko Društvo Lisička Maribor. https://www.gobe.si/
",Slovenian,Ken-ichi Ueda,2024-04-15T21:06:29Z
797907,pogubni dežniček,sl,"","","gobe.si—Gobarsko društvo Lisička Maribor. (n.d.). Gobarsko Društvo Lisička Maribor. https://www.gobe.si/
",Slovenian,Ken-ichi Ueda,2024-04-15T21:06:29Z
922674,rdečedniščni dežniček,sl,"","","gobe.si—Gobarsko društvo Lisička Maribor. (n.d.). Gobarsko Društvo Lisička Maribor. https://www.gobe.si/
",Slovenian,Ken-ichi Ueda,2024-04-15T21:06:29Z
194663,rumenoluski dežniček,sl,"","","gobe.si—Gobarsko društvo Lisička Maribor. (n.d.). Gobarsko Društvo Lisička Maribor. https://www.gobe.si/
",Slovenian,Ken-ichi Ueda,2024-04-15T21:06:30Z
824763,gladki dežniček,sl,"","","gobe.si—Gobarsko društvo Lisička Maribor. (n.d.). Gobarsko Društvo Lisička Maribor. https://www.gobe.si/
",Slovenian,Ken-ichi Ueda,2024-04-15T21:06:30Z
332506,varljivi dežniček,sl,"","","gobe.si—Gobarsko društvo Lisička Maribor. (n.d.). Gobarsko Društvo Lisička Maribor. https://www.gobe.si/
",Slovenian,Ken-ichi Ueda,2024-04-15T21:06:30Z
382931,rožnati dežniček,sl,"","","gobe.si—Gobarsko društvo Lisička Maribor. (n.d.). Gobarsko Društvo Lisička Maribor. https://www.gobe.si/
",Slovenian,Ken-ichi Ueda,2024-04-15T21:06:31Z
829638,rumenolistni dežniček,sl,"","","gobe.si—Gobarsko društvo Lisička Maribor. (n.d.). Gobarsko Društvo Lisička Maribor. https://www.gobe.si/
",Slovenian,Ken-ichi Ueda,2024-04-15T21:06:31Z
67346,grenka kolesnica,sl,"","","gobe.si—Gobarsko društvo Lisička Maribor. (n.d.). Gobarsko Društvo Lisička Maribor. https://www.gobe.si/
",Slovenian,Ken-ichi Ueda,2024-04-15T21:06:31Z
994944,hostna kolesnica,sl,"","","gobe.si—Gobarsko društvo Lisička Maribor. (n.d.). Gobarsko Društvo Lisička Maribor. https://www.gobe.si/
",Slovenian,Ken-ichi Ueda,2024-04-15T21:06:31Z
1525552,dišeča kolesnica,sl,"","","gobe.si—Gobarsko društvo Lisička Maribor. (n.d.). Gobarsko Društvo Lisička Maribor. https://www.gobe.si/
",Slovenian,Ken-ichi Ueda,2024-04-15T21:06:32Z
382934,rebrava kolesnica,sl,"","","gobe.si—Gobarsko društvo Lisička Maribor. (n.d.). Gobarsko Društvo Lisička Maribor. https://www.gobe.si/
",Slovenian,Ken-ichi Ueda,2024-04-15T21:06:32Z
1525550,dvobarvna kolesnica,sl,"","","gobe.si—Gobarsko društvo Lisička Maribor. (n.d.). Gobarsko Društvo Lisička Maribor. https://www.gobe.si/
",Slovenian,Ken-ichi Ueda,2024-04-15T21:06:32Z
881330,poprasta kolesnica,sl,"","","gobe.si—Gobarsko društvo Lisička Maribor. (n.d.). Gobarsko Društvo Lisička Maribor. https://www.gobe.si/
",Slovenian,Ken-ichi Ueda,2024-04-15T21:06:33Z
1525549,umazana kolesnica,sl,"","","gobe.si—Gobarsko društvo Lisička Maribor. (n.d.). Gobarsko Društvo Lisička Maribor. https://www.gobe.si/
",Slovenian,Ken-ichi Ueda,2024-04-15T21:06:33Z
489494,mehka skutovka,sl,"","","gobe.si—Gobarsko društvo Lisička Maribor. (n.d.). Gobarsko Društvo Lisička Maribor. https://www.gobe.si/
",Slovenian,Ken-ichi Ueda,2024-04-15T21:06:33Z
781695,koprivna kapljevka,sl,"","","gobe.si—Gobarsko društvo Lisička Maribor. (n.d.). Gobarsko Društvo Lisička Maribor. https://www.gobe.si/
",Slovenian,Ken-ichi Ueda,2024-04-15T21:06:33Z
1472610,sivi kukmakovec,sl,"","","gobe.si—Gobarsko društvo Lisička Maribor. (n.d.). Gobarsko Društvo Lisička Maribor. https://www.gobe.si/
",Slovenian,Ken-ichi Ueda,2024-04-15T21:06:34Z
328202,čebulasti dežnikovec,sl,"","","gobe.si—Gobarsko društvo Lisička Maribor. (n.d.). Gobarsko Društvo Lisička Maribor. https://www.gobe.si/
",Slovenian,Ken-ichi Ueda,2024-04-15T21:06:35Z
525049,kredasti dežnikovec,sl,"","","gobe.si—Gobarsko društvo Lisička Maribor. (n.d.). Gobarsko Društvo Lisička Maribor. https://www.gobe.si/
",Slovenian,Ken-ichi Ueda,2024-04-15T21:06:35Z
85398,rumeni dežnikovec,sl,"","","gobe.si—Gobarsko društvo Lisička Maribor. (n.d.). Gobarsko Društvo Lisička Maribor. https://www.gobe.si/
",Slovenian,Ken-ichi Ueda,2024-04-15T21:06:35Z
776970,opredena svetloglavka,sl,"","","gobe.si—Gobarsko društvo Lisička Maribor. (n.d.). Gobarsko Društvo Lisička Maribor. https://www.gobe.si/
",Slovenian,Ken-ichi Ueda,2024-04-15T21:06:36Z
625290,bela svetloglavka,sl,"","","gobe.si—Gobarsko društvo Lisička Maribor. (n.d.). Gobarsko Društvo Lisička Maribor. https://www.gobe.si/
",Slovenian,Ken-ichi Ueda,2024-04-15T21:06:36Z
351398,oranžni lesožer,sl,"","","gobe.si—Gobarsko društvo Lisička Maribor. (n.d.). Gobarsko Društvo Lisička Maribor. https://www.gobe.si/
",Slovenian,Ken-ichi Ueda,2024-04-15T21:06:36Z
371589,kolesniška velepodvihanka,sl,"","","gobe.si—Gobarsko društvo Lisička Maribor. (n.d.). Gobarsko Društvo Lisička Maribor. https://www.gobe.si/
",Slovenian,Ken-ichi Ueda,2024-04-15T21:06:36Z
578205,tribarvna velepodvihanka,sl,"","","gobe.si—Gobarsko društvo Lisička Maribor. (n.d.). Gobarsko Društvo Lisička Maribor. https://www.gobe.si/
",Slovenian,Ken-ichi Ueda,2024-04-15T21:06:36Z
1497645,mahovna lišajnica,sl,"","","gobe.si—Gobarsko društvo Lisička Maribor. (n.d.). Gobarsko Društvo Lisička Maribor. https://www.gobe.si/
",Slovenian,Ken-ichi Ueda,2024-04-15T21:06:37Z
118251,okusna spolzenka,sl,"","","gobe.si—Gobarsko društvo Lisička Maribor. (n.d.). Gobarsko Društvo Lisička Maribor. https://www.gobe.si/
",Slovenian,Ken-ichi Ueda,2024-04-15T21:06:37Z
154675,visoka prašnica,sl,"","","gobe.si—Gobarsko društvo Lisička Maribor. (n.d.). Gobarsko Društvo Lisička Maribor. https://www.gobe.si/
",Slovenian,Ken-ichi Ueda,2024-04-15T21:06:38Z
351433,pašniška prašnica,sl,"","","gobe.si—Gobarsko društvo Lisička Maribor. (n.d.). Gobarsko Društvo Lisička Maribor. https://www.gobe.si/
",Slovenian,Ken-ichi Ueda,2024-04-15T21:06:38Z
856498,zastrta prašnica,sl,"","","gobe.si—Gobarsko društvo Lisička Maribor. (n.d.). Gobarsko Društvo Lisička Maribor. https://www.gobe.si/
",Slovenian,Ken-ichi Ueda,2024-04-15T21:06:38Z
151795,jajčasta prašnica,sl,"","","gobe.si—Gobarsko društvo Lisička Maribor. (n.d.). Gobarsko Društvo Lisička Maribor. https://www.gobe.si/
",Slovenian,Ken-ichi Ueda,2024-04-15T21:06:38Z
118130,rjava prašnica,sl,"","","gobe.si—Gobarsko društvo Lisička Maribor. (n.d.). Gobarsko Društvo Lisička Maribor. https://www.gobe.si/
",Slovenian,Ken-ichi Ueda,2024-04-15T21:06:39Z
194080,smrdeča prašnica,sl,"","","gobe.si—Gobarsko društvo Lisička Maribor. (n.d.). Gobarsko Društvo Lisička Maribor. https://www.gobe.si/
",Slovenian,Ken-ichi Ueda,2024-04-15T21:06:39Z
118139,iglična prašnica,sl,"","","gobe.si—Gobarsko društvo Lisička Maribor. (n.d.). Gobarsko Društvo Lisička Maribor. https://www.gobe.si/
",Slovenian,Ken-ichi Ueda,2024-04-15T21:06:40Z
997255,vodoljubni zajček,sl,"","","gobe.si—Gobarsko društvo Lisička Maribor. (n.d.). Gobarsko Društvo Lisička Maribor. https://www.gobe.si/
",Slovenian,Ken-ichi Ueda,2024-04-15T21:06:40Z
997252,debelolistni zajček,sl,"","","gobe.si—Gobarsko društvo Lisička Maribor. (n.d.). Gobarsko Društvo Lisička Maribor. https://www.gobe.si/
",Slovenian,Ken-ichi Ueda,2024-04-15T21:06:40Z
997252,umazani zajček,sl,"","","gobe.si—Gobarsko društvo Lisička Maribor. (n.d.). Gobarsko Društvo Lisička Maribor. https://www.gobe.si/
",Slovenian,Ken-ichi Ueda,2024-04-15T21:06:41Z
499749,vlažnorobi zajček,sl,"","","gobe.si—Gobarsko društvo Lisička Maribor. (n.d.). Gobarsko Društvo Lisička Maribor. https://www.gobe.si/
",Slovenian,Ken-ichi Ueda,2024-04-15T21:06:42Z
875096,podvihani zajček,sl,"","","gobe.si—Gobarsko društvo Lisička Maribor. (n.d.). Gobarsko Društvo Lisička Maribor. https://www.gobe.si/
",Slovenian,Ken-ichi Ueda,2024-04-15T21:06:42Z
49544,ogurčna velemešičkarica,sl,"","","gobe.si—Gobarsko društvo Lisička Maribor. (n.d.). Gobarsko Društvo Lisička Maribor. https://www.gobe.si/
",Slovenian,Ken-ichi Ueda,2024-04-15T21:06:43Z
1416753,zelenoklobučni dežnik,sl,"","","gobe.si—Gobarsko društvo Lisička Maribor. (n.d.). Gobarsko Društvo Lisička Maribor. https://www.gobe.si/
",Slovenian,Ken-ichi Ueda,2024-04-15T21:06:43Z
63401,sramežljivi dežnik,sl,"","","gobe.si—Gobarsko društvo Lisička Maribor. (n.d.). Gobarsko Društvo Lisička Maribor. https://www.gobe.si/
",Slovenian,Ken-ichi Ueda,2024-04-15T21:06:43Z
125759,beli dežnik,sl,"","","gobe.si—Gobarsko društvo Lisička Maribor. (n.d.). Gobarsko Društvo Lisička Maribor. https://www.gobe.si/
",Slovenian,Ken-ichi Ueda,2024-04-15T21:06:44Z
1112462,Agardhova naluskanka,sl,"","","gobe.si—Gobarsko društvo Lisička Maribor. (n.d.). Gobarsko Društvo Lisička Maribor. https://www.gobe.si/
",Slovenian,Ken-ichi Ueda,2024-04-15T21:06:44Z
1305690,temnoroba naluskanka,sl,"","","gobe.si—Gobarsko društvo Lisička Maribor. (n.d.). Gobarsko Društvo Lisička Maribor. https://www.gobe.si/
",Slovenian,Ken-ichi Ueda,2024-04-15T21:06:44Z
1112523,nizka naluskanka,sl,"","","gobe.si—Gobarsko društvo Lisička Maribor. (n.d.). Gobarsko Društvo Lisička Maribor. https://www.gobe.si/
",Slovenian,Ken-ichi Ueda,2024-04-15T21:06:45Z
517700,Bulliardova sehlíca,sl,"","","gobe.si—Gobarsko društvo Lisička Maribor. (n.d.). Gobarsko Društvo Lisička Maribor. https://www.gobe.si/
",Slovenian,Ken-ichi Ueda,2024-04-15T21:06:45Z
1000143,padalasta sehlíca,sl,"","","gobe.si—Gobarsko društvo Lisička Maribor. (n.d.). Gobarsko Društvo Lisička Maribor. https://www.gobe.si/
",Slovenian,Ken-ichi Ueda,2024-04-15T21:06:46Z
351470,travniška sehlíca,sl,"","","gobe.si—Gobarsko društvo Lisička Maribor. (n.d.). Gobarsko Društvo Lisička Maribor. https://www.gobe.si/
",Slovenian,Ken-ichi Ueda,2024-04-15T21:06:46Z
63100,ovratniška sehlíca,sl,"","","gobe.si—Gobarsko društvo Lisička Maribor. (n.d.). Gobarsko Društvo Lisička Maribor. https://www.gobe.si/
",Slovenian,Ken-ichi Ueda,2024-04-15T21:06:47Z
948315,volčičja sehlíca,sl,"","","gobe.si—Gobarsko društvo Lisička Maribor. (n.d.). Gobarsko Društvo Lisička Maribor. https://www.gobe.si/
",Slovenian,Ken-ichi Ueda,2024-04-15T21:06:47Z
747487,vijoličasta sehlíca,sl,"","","gobe.si—Gobarsko društvo Lisička Maribor. (n.d.). Gobarsko Društvo Lisička Maribor. https://www.gobe.si/
",Slovenian,Ken-ichi Ueda,2024-04-15T21:06:47Z
383075,kratkobetna gostolistka,sl,"","","gobe.si—Gobarsko društvo Lisička Maribor. (n.d.). Gobarsko Društvo Lisička Maribor. https://www.gobe.si/
",Slovenian,Ken-ichi Ueda,2024-04-15T21:06:48Z
499766,zgodnja gostolistka,sl,"","","gobe.si—Gobarsko društvo Lisička Maribor. (n.d.). Gobarsko Društvo Lisička Maribor. https://www.gobe.si/
",Slovenian,Ken-ichi Ueda,2024-04-15T21:06:48Z
383076,pepelna gostolistka,sl,"","","gobe.si—Gobarsko društvo Lisička Maribor. (n.d.). Gobarsko Društvo Lisička Maribor. https://www.gobe.si/
",Slovenian,Ken-ichi Ueda,2024-04-15T21:06:48Z
351519,travna gostolistka,sl,"","","gobe.si—Gobarsko društvo Lisička Maribor. (n.d.). Gobarsko Društvo Lisička Maribor. https://www.gobe.si/
",Slovenian,Ken-ichi Ueda,2024-04-15T21:06:48Z
351520,črtasta gostolistka,sl,"","","gobe.si—Gobarsko društvo Lisička Maribor. (n.d.). Gobarsko Društvo Lisička Maribor. https://www.gobe.si/
",Slovenian,Ken-ichi Ueda,2024-04-15T21:06:49Z
351523,pegasta gostolistka,sl,"","","gobe.si—Gobarsko društvo Lisička Maribor. (n.d.). Gobarsko Društvo Lisička Maribor. https://www.gobe.si/
",Slovenian,Ken-ichi Ueda,2024-04-15T21:06:50Z
1177214,temnolistna gostolistka,sl,"","","gobe.si—Gobarsko društvo Lisička Maribor. (n.d.). Gobarsko Društvo Lisička Maribor. https://www.gobe.si/
",Slovenian,Ken-ichi Ueda,2024-04-15T21:06:51Z
351524,tenkobetna gostolistka,sl,"","","gobe.si—Gobarsko društvo Lisička Maribor. (n.d.). Gobarsko Društvo Lisička Maribor. https://www.gobe.si/
",Slovenian,Ken-ichi Ueda,2024-04-15T21:06:51Z
351524,hribovska gostolistka,sl,"","","gobe.si—Gobarsko društvo Lisička Maribor. (n.d.). Gobarsko Društvo Lisička Maribor. https://www.gobe.si/
",Slovenian,Ken-ichi Ueda,2024-04-15T21:06:51Z
415637,črnopikasta gostolistka,sl,"","","gobe.si—Gobarsko društvo Lisička Maribor. (n.d.). Gobarsko Društvo Lisička Maribor. https://www.gobe.si/
",Slovenian,Ken-ichi Ueda,2024-04-15T21:06:51Z
383085,bodičasta temnolistka,sl,"","","gobe.si—Gobarsko društvo Lisička Maribor. (n.d.). Gobarsko Društvo Lisička Maribor. https://www.gobe.si/
",Slovenian,Ken-ichi Ueda,2024-04-15T21:06:52Z
1163500,bukova trgača,sl,"","","gobe.si—Gobarsko društvo Lisička Maribor. (n.d.). Gobarsko Društvo Lisička Maribor. https://www.gobe.si/
",Slovenian,Ken-ichi Ueda,2024-04-15T21:06:52Z
383110,nepravilna razdelkarica,sl,"","","gobe.si—Gobarsko društvo Lisička Maribor. (n.d.). Gobarsko Društvo Lisička Maribor. https://www.gobe.si/
",Slovenian,Ken-ichi Ueda,2024-04-15T21:06:52Z
984472,dišeči iglopor,sl,"","","gobe.si—Gobarsko društvo Lisička Maribor. (n.d.). Gobarsko Društvo Lisička Maribor. https://www.gobe.si/
",Slovenian,Ken-ichi Ueda,2024-04-15T21:06:52Z
370769,sivkasta lončevka,sl,"","","gobe.si—Gobarsko društvo Lisička Maribor. (n.d.). Gobarsko Društvo Lisička Maribor. https://www.gobe.si/
",Slovenian,Ken-ichi Ueda,2024-04-15T21:06:53Z
351577,črneča lončevka,sl,"","","gobe.si—Gobarsko društvo Lisička Maribor. (n.d.). Gobarsko Društvo Lisička Maribor. https://www.gobe.si/
",Slovenian,Ken-ichi Ueda,2024-04-15T21:06:53Z
462132,ameriški smrček,sl,"","","gobe.si—Gobarsko društvo Lisička Maribor. (n.d.). Gobarsko Društvo Lisička Maribor. https://www.gobe.si/
",Slovenian,Ken-ichi Ueda,2024-04-15T21:06:53Z
1062775,debelobetni smrček,sl,"","","gobe.si—Gobarsko društvo Lisička Maribor. (n.d.). Gobarsko Društvo Lisička Maribor. https://www.gobe.si/
",Slovenian,Ken-ichi Ueda,2024-04-15T21:06:54Z
55964,sluzasta porcelanka,sl,"","","gobe.si—Gobarsko društvo Lisička Maribor. (n.d.). Gobarsko Društvo Lisička Maribor. https://www.gobe.si/
",Slovenian,Ken-ichi Ueda,2024-04-15T21:06:55Z
1504198,oskorjena smrkljevka,sl,"","","gobe.si—Gobarsko društvo Lisička Maribor. (n.d.). Gobarsko Društvo Lisička Maribor. https://www.gobe.si/
",Slovenian,Ken-ichi Ueda,2024-04-15T21:06:55Z
118071,belkasta bodička,sl,"","","gobe.si—Gobarsko društvo Lisička Maribor. (n.d.). Gobarsko Društvo Lisička Maribor. https://www.gobe.si/
",Slovenian,Ken-ichi Ueda,2024-04-15T21:06:55Z
1419067,sardinska musumecija,sl,"","","gobe.si—Gobarsko društvo Lisička Maribor. (n.d.). Gobarsko Društvo Lisička Maribor. https://www.gobe.si/
",Slovenian,Ken-ichi Ueda,2024-04-15T21:06:56Z
63580,pasji klinček,sl,"","","gobe.si—Gobarsko društvo Lisička Maribor. (n.d.). Gobarsko Društvo Lisička Maribor. https://www.gobe.si/
",Slovenian,Ken-ichi Ueda,2024-04-15T21:06:56Z
84271,lepi klinček,sl,"","","gobe.si—Gobarsko društvo Lisička Maribor. (n.d.). Gobarsko Društvo Lisička Maribor. https://www.gobe.si/
",Slovenian,Ken-ichi Ueda,2024-04-15T21:06:56Z
116662,Ravenelov klinček,sl,"","","gobe.si—Gobarsko društvo Lisička Maribor. (n.d.). Gobarsko Društvo Lisička Maribor. https://www.gobe.si/
",Slovenian,Ken-ichi Ueda,2024-04-15T21:06:57Z
63423,zgodnja čeladica,sl,"","","gobe.si—Gobarsko društvo Lisička Maribor. (n.d.). Gobarsko Društvo Lisička Maribor. https://www.gobe.si/
",Slovenian,Ken-ichi Ueda,2024-04-15T21:06:57Z
410728,sivorjava čeladica,sl,"","","gobe.si—Gobarsko društvo Lisička Maribor. (n.d.). Gobarsko Društvo Lisička Maribor. https://www.gobe.si/
",Slovenian,Ken-ichi Ueda,2024-04-15T21:06:57Z
367289,žoltoroba čeladica,sl,"","","gobe.si—Gobarsko društvo Lisička Maribor. (n.d.). Gobarsko Društvo Lisička Maribor. https://www.gobe.si/
",Slovenian,Ken-ichi Ueda,2024-04-15T21:06:58Z
63434,lasastobetna čeladica,sl,"","","gobe.si—Gobarsko društvo Lisička Maribor. (n.d.). Gobarsko Društvo Lisička Maribor. https://www.gobe.si/
",Slovenian,Ken-ichi Ueda,2024-04-15T21:06:58Z
823784,pepelasta čeladica,sl,"","","gobe.si—Gobarsko društvo Lisička Maribor. (n.d.). Gobarsko Društvo Lisička Maribor. https://www.gobe.si/
",Slovenian,Ken-ichi Ueda,2024-04-15T21:06:58Z
566411,žoltosočna čeladica,sl,"","","gobe.si—Gobarsko društvo Lisička Maribor. (n.d.). Gobarsko Društvo Lisička Maribor. https://www.gobe.si/
",Slovenian,Ken-ichi Ueda,2024-04-15T21:06:58Z
332514,vodenasta čeladica,sl,"","","gobe.si—Gobarsko društvo Lisička Maribor. (n.d.). Gobarsko Društvo Lisička Maribor. https://www.gobe.si/
",Slovenian,Ken-ichi Ueda,2024-04-15T21:06:59Z
1000594,bukovinska čeladica,sl,"","","gobe.si—Gobarsko društvo Lisička Maribor. (n.d.). Gobarsko Društvo Lisička Maribor. https://www.gobe.si/
",Slovenian,Ken-ichi Ueda,2024-04-15T21:06:59Z
63466,jodoformova čeladica,sl,"","","gobe.si—Gobarsko društvo Lisička Maribor. (n.d.). Gobarsko Društvo Lisička Maribor. https://www.gobe.si/
",Slovenian,Ken-ichi Ueda,2024-04-15T21:06:59Z
1000592,ivjebetna čeladica,sl,"","","gobe.si—Gobarsko društvo Lisička Maribor. (n.d.). Gobarsko Društvo Lisička Maribor. https://www.gobe.si/
",Slovenian,Ken-ichi Ueda,2024-04-15T21:06:59Z
63446,nagubana čeladica,sl,"","","gobe.si—Gobarsko društvo Lisička Maribor. (n.d.). Gobarsko Društvo Lisička Maribor. https://www.gobe.si/
",Slovenian,Ken-ichi Ueda,2024-04-15T21:07:00Z
55923,mlečna čeladica,sl,"","","gobe.si—Gobarsko društvo Lisička Maribor. (n.d.). Gobarsko Društvo Lisička Maribor. https://www.gobe.si/
",Slovenian,Ken-ichi Ueda,2024-04-15T21:07:00Z
63470,klorova čeladica,sl,"","","gobe.si—Gobarsko društvo Lisička Maribor. (n.d.). Gobarsko Društvo Lisička Maribor. https://www.gobe.si/
",Slovenian,Ken-ichi Ueda,2024-04-15T21:07:01Z
63468,pegasta čeladica,sl,"","","gobe.si—Gobarsko društvo Lisička Maribor. (n.d.). Gobarsko Društvo Lisička Maribor. https://www.gobe.si/
",Slovenian,Ken-ichi Ueda,2024-04-15T21:07:01Z
205078,lubjeva čeladica,sl,"","","gobe.si—Gobarsko društvo Lisička Maribor. (n.d.). Gobarsko Društvo Lisička Maribor. https://www.gobe.si/
",Slovenian,Ken-ichi Ueda,2024-04-15T21:07:01Z
63456,zvončasta čeladica,sl,"","","gobe.si—Gobarsko društvo Lisička Maribor. (n.d.). Gobarsko Društvo Lisička Maribor. https://www.gobe.si/
",Slovenian,Ken-ichi Ueda,2024-04-15T21:07:01Z
796904,nažlebkana čeladica,sl,"","","gobe.si—Gobarsko društvo Lisička Maribor. (n.d.). Gobarsko Društvo Lisička Maribor. https://www.gobe.si/
",Slovenian,Ken-ichi Ueda,2024-04-15T21:07:01Z
574073,belobetna čeladica,sl,"","","gobe.si—Gobarsko društvo Lisička Maribor. (n.d.). Gobarsko Društvo Lisička Maribor. https://www.gobe.si/
",Slovenian,Ken-ichi Ueda,2024-04-15T21:07:02Z
408078,pašniška čeladica,sl,"","","gobe.si—Gobarsko društvo Lisička Maribor. (n.d.). Gobarsko Društvo Lisička Maribor. https://www.gobe.si/
",Slovenian,Ken-ichi Ueda,2024-04-15T21:07:02Z
383198,temnolistna čeladica,sl,"","","gobe.si—Gobarsko društvo Lisička Maribor. (n.d.). Gobarsko Društvo Lisička Maribor. https://www.gobe.si/
",Slovenian,Ken-ichi Ueda,2024-04-15T21:07:02Z
511471,modra čeladica,sl,"","","gobe.si—Gobarsko društvo Lisička Maribor. (n.d.). Gobarsko Društvo Lisička Maribor. https://www.gobe.si/
",Slovenian,Ken-ichi Ueda,2024-04-15T21:07:03Z
1045355,livkasta čeladica,sl,"","","gobe.si—Gobarsko društvo Lisička Maribor. (n.d.). Gobarsko Društvo Lisička Maribor. https://www.gobe.si/
",Slovenian,Ken-ichi Ueda,2024-04-15T21:07:03Z
179709,alkalna čeladica,sl,"","","gobe.si—Gobarsko društvo Lisička Maribor. (n.d.). Gobarsko Društvo Lisička Maribor. https://www.gobe.si/
",Slovenian,Ken-ichi Ueda,2024-04-15T21:07:04Z
179708,šopasta čeladica,sl,"","","gobe.si—Gobarsko društvo Lisička Maribor. (n.d.). Gobarsko Društvo Lisička Maribor. https://www.gobe.si/
",Slovenian,Ken-ichi Ueda,2024-04-15T21:07:05Z
806587,upognjena čeladica,sl,"","","gobe.si—Gobarsko društvo Lisička Maribor. (n.d.). Gobarsko Društvo Lisička Maribor. https://www.gobe.si/
",Slovenian,Ken-ichi Ueda,2024-04-15T21:07:05Z
849305,zvončkuljasta čeladica,sl,"","","gobe.si—Gobarsko društvo Lisička Maribor. (n.d.). Gobarsko Društvo Lisička Maribor. https://www.gobe.si/
",Slovenian,Ken-ichi Ueda,2024-04-15T21:07:05Z
738968,zelenoroba čeladica,sl,"","","gobe.si—Gobarsko društvo Lisička Maribor. (n.d.). Gobarsko Društvo Lisička Maribor. https://www.gobe.si/
",Slovenian,Ken-ichi Ueda,2024-04-15T21:07:06Z
63450,dolgobetna čeladica,sl,"","","gobe.si—Gobarsko društvo Lisička Maribor. (n.d.). Gobarsko Društvo Lisička Maribor. https://www.gobe.si/
",Slovenian,Ken-ichi Ueda,2024-04-15T21:07:06Z
518976,navadna čeladica,sl,"","","gobe.si—Gobarsko društvo Lisička Maribor. (n.d.). Gobarsko Društvo Lisička Maribor. https://www.gobe.si/
",Slovenian,Ken-ichi Ueda,2024-04-15T21:07:06Z
552700,zefirna čeladica,sl,"","","gobe.si—Gobarsko društvo Lisička Maribor. (n.d.). Gobarsko Društvo Lisička Maribor. https://www.gobe.si/
",Slovenian,Ken-ichi Ueda,2024-04-15T21:07:06Z
1049059,vrbova žametnica,sl,"","","gobe.si—Gobarsko društvo Lisička Maribor. (n.d.). Gobarsko Društvo Lisička Maribor. https://www.gobe.si/
",Slovenian,Ken-ichi Ueda,2024-04-15T21:07:07Z
1419385,rumena iglovka,sl,"","","gobe.si—Gobarsko društvo Lisička Maribor. (n.d.). Gobarsko Društvo Lisička Maribor. https://www.gobe.si/
",Slovenian,Ken-ichi Ueda,2024-04-15T21:07:07Z
499784,vlagovpojna vlaknobetka,sl,"","","gobe.si—Gobarsko društvo Lisička Maribor. (n.d.). Gobarsko Društvo Lisička Maribor. https://www.gobe.si/
",Slovenian,Ken-ichi Ueda,2024-04-15T21:07:08Z
479444,pogoriščna sluzolivčica,sl,"","","gobe.si—Gobarsko društvo Lisička Maribor. (n.d.). Gobarsko Društvo Lisička Maribor. https://www.gobe.si/
",Slovenian,Ken-ichi Ueda,2024-04-15T21:07:08Z
830161,užitni močvirnik,sl,"","","gobe.si—Gobarsko društvo Lisička Maribor. (n.d.). Gobarsko Društvo Lisička Maribor. https://www.gobe.si/
",Slovenian,Ken-ichi Ueda,2024-04-15T21:07:08Z
1537049,vrstna novotrhlica,sl,"","","gobe.si—Gobarsko društvo Lisička Maribor. (n.d.). Gobarsko Društvo Lisička Maribor. https://www.gobe.si/
",Slovenian,Ken-ichi Ueda,2024-04-15T21:07:09Z
553907,žametasti novogoban,sl,"","","gobe.si—Gobarsko društvo Lisička Maribor. (n.d.). Gobarsko Društvo Lisička Maribor. https://www.gobe.si/
",Slovenian,Ken-ichi Ueda,2024-04-15T21:07:09Z
63068,čedna novobolgarka,sl,"","","gobe.si—Gobarsko društvo Lisička Maribor. (n.d.). Gobarsko Društvo Lisička Maribor. https://www.gobe.si/
",Slovenian,Ken-ichi Ueda,2024-04-15T21:07:09Z
953102,vrbova novostrnjenka,sl,"","","gobe.si—Gobarsko društvo Lisička Maribor. (n.d.). Gobarsko Društvo Lisička Maribor. https://www.gobe.si/
",Slovenian,Ken-ichi Ueda,2024-04-15T21:07:10Z
631605,smolasta nazobčanka,sl,"","","gobe.si—Gobarsko društvo Lisička Maribor. (n.d.). Gobarsko Društvo Lisička Maribor. https://www.gobe.si/
",Slovenian,Ken-ichi Ueda,2024-04-15T21:07:10Z
879919,koškasta nazobčanka,sl,"","","gobe.si—Gobarsko društvo Lisička Maribor. (n.d.). Gobarsko Društvo Lisička Maribor. https://www.gobe.si/
",Slovenian,Ken-ichi Ueda,2024-04-15T21:07:10Z
351629,luskata nazobčanka,sl,"","","gobe.si—Gobarsko društvo Lisička Maribor. (n.d.). Gobarsko Društvo Lisička Maribor. https://www.gobe.si/
",Slovenian,Ken-ichi Ueda,2024-04-15T21:07:11Z
905007,storževa mokrotnica,sl,"","","gobe.si—Gobarsko društvo Lisička Maribor. (n.d.). Gobarsko Društvo Lisička Maribor. https://www.gobe.si/
",Slovenian,Ken-ichi Ueda,2024-04-15T21:07:11Z
118171,dlakasta popkarica,sl,"","","gobe.si—Gobarsko društvo Lisička Maribor. (n.d.). Gobarsko Društvo Lisička Maribor. https://www.gobe.si/
",Slovenian,Ken-ichi Ueda,2024-04-15T21:07:11Z
491859,poletni plošček,sl,"","","gobe.si—Gobarsko društvo Lisička Maribor. (n.d.). Gobarsko Društvo Lisička Maribor. https://www.gobe.si/
",Slovenian,Ken-ichi Ueda,2024-04-15T21:07:12Z
1447132,ličinkin glavatnik,sl,"","","gobe.si—Gobarsko društvo Lisička Maribor. (n.d.). Gobarsko Društvo Lisička Maribor. https://www.gobe.si/
",Slovenian,Ken-ichi Ueda,2024-04-15T21:07:12Z
774953,dlakasta oblovka,sl,"","","gobe.si—Gobarsko društvo Lisička Maribor. (n.d.). Gobarsko Društvo Lisička Maribor. https://www.gobe.si/
",Slovenian,Ken-ichi Ueda,2024-04-15T21:07:13Z
500154,kopučasta koščenjača,sl,"","","gobe.si—Gobarsko društvo Lisička Maribor. (n.d.). Gobarsko Društvo Lisička Maribor. https://www.gobe.si/
",Slovenian,Ken-ichi Ueda,2024-04-15T21:07:13Z
332672,krastačje uho,sl,"","","gobe.si—Gobarsko društvo Lisička Maribor. (n.d.). Gobarsko Društvo Lisička Maribor. https://www.gobe.si/
",Slovenian,Ken-ichi Ueda,2024-04-15T21:07:13Z
226711,zajčje uho,sl,"","","gobe.si—Gobarsko društvo Lisička Maribor. (n.d.). Gobarsko Društvo Lisička Maribor. https://www.gobe.si/
",Slovenian,Ken-ichi Ueda,2024-04-15T21:07:13Z
1098356,jelkina širokolistka,sl,"","","gobe.si—Gobarsko društvo Lisička Maribor. (n.d.). Gobarsko Društvo Lisička Maribor. https://www.gobe.si/
",Slovenian,Ken-ichi Ueda,2024-04-15T21:07:15Z
1149663,topolov gostopor,sl,"","","gobe.si—Gobarsko društvo Lisička Maribor. (n.d.). Gobarsko Društvo Lisička Maribor. https://www.gobe.si/
",Slovenian,Ken-ichi Ueda,2024-04-15T21:07:15Z
351665,obcestni skledovec,sl,"","","gobe.si—Gobarsko društvo Lisička Maribor. (n.d.). Gobarsko Društvo Lisička Maribor. https://www.gobe.si/
",Slovenian,Ken-ichi Ueda,2024-04-15T21:07:15Z
875116,črnovijoličasti skledovec,sl,"","","gobe.si—Gobarsko društvo Lisička Maribor. (n.d.). Gobarsko Društvo Lisička Maribor. https://www.gobe.si/
",Slovenian,Ken-ichi Ueda,2024-04-15T21:07:16Z
902551,košenična govnarka,sl,"","","gobe.si—Gobarsko društvo Lisička Maribor. (n.d.). Gobarsko Društvo Lisička Maribor. https://www.gobe.si/
",Slovenian,Ken-ichi Ueda,2024-04-15T21:07:16Z
351673,gnojiščni govnar,sl,"","","gobe.si—Gobarsko društvo Lisička Maribor. (n.d.). Gobarsko Društvo Lisička Maribor. https://www.gobe.si/
",Slovenian,Ken-ichi Ueda,2024-04-15T21:07:17Z
542707,Rickenov govnar,sl,"","","gobe.si—Gobarsko društvo Lisička Maribor. (n.d.). Gobarsko Društvo Lisička Maribor. https://www.gobe.si/
",Slovenian,Ken-ichi Ueda,2024-04-15T21:07:18Z
351676,mili zgručevec,sl,"","","gobe.si—Gobarsko društvo Lisička Maribor. (n.d.). Gobarsko Društvo Lisička Maribor. https://www.gobe.si/
",Slovenian,Ken-ichi Ueda,2024-04-15T21:07:18Z
59249,školjkasti strnjenec,sl,"","","gobe.si—Gobarsko društvo Lisička Maribor. (n.d.). Gobarsko Društvo Lisička Maribor. https://www.gobe.si/
",Slovenian,Ken-ichi Ueda,2024-04-15T21:07:19Z
536019,pusti strnjenec,sl,"","","gobe.si—Gobarsko društvo Lisička Maribor. (n.d.). Gobarsko Društvo Lisička Maribor. https://www.gobe.si/
",Slovenian,Ken-ichi Ueda,2024-04-15T21:07:19Z
120513,mehka zlatoluknjičarka,sl,"","","gobe.si—Gobarsko društvo Lisička Maribor. (n.d.). Gobarsko Društvo Lisička Maribor. https://www.gobe.si/
",Slovenian,Ken-ichi Ueda,2024-04-15T21:07:20Z
1110789,Michelijeva paskledka,sl,"","","gobe.si—Gobarsko društvo Lisička Maribor. (n.d.). Gobarsko Društvo Lisička Maribor. https://www.gobe.si/
",Slovenian,Ken-ichi Ueda,2024-04-15T21:07:20Z
1110786,sočna paskledka,sl,"","","gobe.si—Gobarsko društvo Lisička Maribor. (n.d.). Gobarsko Društvo Lisička Maribor. https://www.gobe.si/
",Slovenian,Ken-ichi Ueda,2024-04-15T21:07:20Z
1134361,iglični pakorenovec,sl,"","","gobe.si—Gobarsko društvo Lisička Maribor. (n.d.). Gobarsko Društvo Lisička Maribor. https://www.gobe.si/
",Slovenian,Ken-ichi Ueda,2024-04-15T21:07:20Z
841424,ohlapni kolesnik,sl,"","","gobe.si—Gobarsko društvo Lisička Maribor. (n.d.). Gobarsko Društvo Lisička Maribor. https://www.gobe.si/
",Slovenian,Ken-ichi Ueda,2024-04-15T21:07:20Z
830766,stožčasta črnilovka,sl,"","","gobe.si—Gobarsko društvo Lisička Maribor. (n.d.). Gobarsko Društvo Lisička Maribor. https://www.gobe.si/
",Slovenian,Ken-ichi Ueda,2024-04-15T21:07:21Z
481218,lilasta črnilovka,sl,"","","gobe.si—Gobarsko društvo Lisička Maribor. (n.d.). Gobarsko Društvo Lisička Maribor. https://www.gobe.si/
",Slovenian,Ken-ichi Ueda,2024-04-15T21:07:21Z
63583,zgubana črnilovka,sl,"","","gobe.si—Gobarsko društvo Lisička Maribor. (n.d.). Gobarsko Društvo Lisička Maribor. https://www.gobe.si/
",Slovenian,Ken-ichi Ueda,2024-04-15T21:07:21Z
1045356,žametasta širokolistovka,sl,"","","gobe.si—Gobarsko društvo Lisička Maribor. (n.d.). Gobarsko Društvo Lisička Maribor. https://www.gobe.si/
",Slovenian,Ken-ichi Ueda,2024-04-15T21:07:21Z
496729,jelševa podvihanka,sl,"","","gobe.si—Gobarsko društvo Lisička Maribor. (n.d.). Gobarsko Društvo Lisička Maribor. https://www.gobe.si/
",Slovenian,Ken-ichi Ueda,2024-04-15T21:07:22Z
348176,mala kupovka,sl,"","","gobe.si—Gobarsko društvo Lisička Maribor. (n.d.). Gobarsko Društvo Lisička Maribor. https://www.gobe.si/
",Slovenian,Ken-ichi Ueda,2024-04-15T21:07:22Z
335978,siva opnovka,sl,"","","gobe.si—Gobarsko društvo Lisička Maribor. (n.d.). Gobarsko Društvo Lisička Maribor. https://www.gobe.si/
",Slovenian,Ken-ichi Ueda,2024-04-15T21:07:22Z
55877,mesnordeča opnovka,sl,"","","gobe.si—Gobarsko društvo Lisička Maribor. (n.d.). Gobarsko Društvo Lisička Maribor. https://www.gobe.si/
",Slovenian,Ken-ichi Ueda,2024-04-15T21:07:23Z
520230,trepetlikova opnovka,sl,"","","gobe.si—Gobarsko društvo Lisička Maribor. (n.d.). Gobarsko Društvo Lisička Maribor. https://www.gobe.si/
",Slovenian,Ken-ichi Ueda,2024-04-15T21:07:23Z
332673,hrastova opnovka,sl,"","","gobe.si—Gobarsko društvo Lisička Maribor. (n.d.). Gobarsko Društvo Lisička Maribor. https://www.gobe.si/
",Slovenian,Ken-ichi Ueda,2024-04-15T21:07:23Z
327986,koprivna nitka,sl,"","","gobe.si—Gobarsko društvo Lisička Maribor. (n.d.). Gobarsko Društvo Lisička Maribor. https://www.gobe.si/
",Slovenian,Ken-ichi Ueda,2024-04-15T21:07:23Z
179096,bukovinska skledica,sl,"","","gobe.si—Gobarsko društvo Lisička Maribor. (n.d.). Gobarsko Društvo Lisička Maribor. https://www.gobe.si/
",Slovenian,Ken-ichi Ueda,2024-04-15T21:07:24Z
411300,jutina skledica,sl,"","","gobe.si—Gobarsko društvo Lisička Maribor. (n.d.). Gobarsko Društvo Lisička Maribor. https://www.gobe.si/
",Slovenian,Ken-ichi Ueda,2024-04-15T21:07:24Z
1110687,neopazna skledica,sl,"","","gobe.si—Gobarsko društvo Lisička Maribor. (n.d.). Gobarsko Društvo Lisička Maribor. https://www.gobe.si/
",Slovenian,Ken-ichi Ueda,2024-04-15T21:07:24Z
118007,mehurjasta skledica,sl,"","","gobe.si—Gobarsko društvo Lisička Maribor. (n.d.). Gobarsko Društvo Lisička Maribor. https://www.gobe.si/
",Slovenian,Ken-ichi Ueda,2024-04-15T21:07:24Z
351744,jelkina grmovka,sl,"","","gobe.si—Gobarsko društvo Lisička Maribor. (n.d.). Gobarsko Društvo Lisička Maribor. https://www.gobe.si/
",Slovenian,Ken-ichi Ueda,2024-04-15T21:07:25Z
349692,bledookrasta grmovka,sl,"","","gobe.si—Gobarsko društvo Lisička Maribor. (n.d.). Gobarsko Društvo Lisička Maribor. https://www.gobe.si/
",Slovenian,Ken-ichi Ueda,2024-04-15T21:07:25Z
349693,veneča grmovka,sl,"","","gobe.si—Gobarsko društvo Lisička Maribor. (n.d.). Gobarsko Društvo Lisička Maribor. https://www.gobe.si/
",Slovenian,Ken-ichi Ueda,2024-04-15T21:07:25Z
351752,oranžna temačnica,sl,"","","gobe.si—Gobarsko društvo Lisička Maribor. (n.d.). Gobarsko Društvo Lisička Maribor. https://www.gobe.si/
",Slovenian,Ken-ichi Ueda,2024-04-15T21:07:25Z
351759,navadna temačnica,sl,"","","gobe.si—Gobarsko društvo Lisička Maribor. (n.d.). Gobarsko Društvo Lisička Maribor. https://www.gobe.si/
",Slovenian,Ken-ichi Ueda,2024-04-15T21:07:26Z
790781,bleščava luskarica,sl,"","","gobe.si—Gobarsko društvo Lisička Maribor. (n.d.). Gobarsko Društvo Lisička Maribor. https://www.gobe.si/
",Slovenian,Ken-ichi Ueda,2024-04-15T21:07:26Z
118261,ježasti sehlíček,sl,"","","gobe.si—Gobarsko društvo Lisička Maribor. (n.d.). Gobarsko Društvo Lisička Maribor. https://www.gobe.si/
",Slovenian,Ken-ichi Ueda,2024-04-15T21:07:26Z
992004,bukova mrenovka,sl,"","","gobe.si—Gobarsko društvo Lisička Maribor. (n.d.). Gobarsko Društvo Lisička Maribor. https://www.gobe.si/
",Slovenian,Ken-ichi Ueda,2024-04-15T21:07:27Z
1393185,Hartigov plutač,sl,"","","gobe.si—Gobarsko društvo Lisička Maribor. (n.d.). Gobarsko Društvo Lisička Maribor. https://www.gobe.si/
",Slovenian,Ken-ichi Ueda,2024-04-15T21:07:28Z
464268,topolov plutač,sl,"","","gobe.si—Gobarsko društvo Lisička Maribor. (n.d.). Gobarsko Društvo Lisička Maribor. https://www.gobe.si/
",Slovenian,Ken-ichi Ueda,2024-04-15T21:07:28Z
351800,trepetlikov plutač,sl,"","","gobe.si—Gobarsko društvo Lisička Maribor. (n.d.). Gobarsko Društvo Lisička Maribor. https://www.gobe.si/
",Slovenian,Ken-ichi Ueda,2024-04-15T21:07:29Z
351803,zraščeni plutozob,sl,"","","gobe.si—Gobarsko društvo Lisička Maribor. (n.d.). Gobarsko Društvo Lisička Maribor. https://www.gobe.si/
",Slovenian,Ken-ichi Ueda,2024-04-15T21:07:29Z
830648,borov plutozob,sl,"","","gobe.si—Gobarsko društvo Lisička Maribor. (n.d.). Gobarsko Društvo Lisička Maribor. https://www.gobe.si/
",Slovenian,Ken-ichi Ueda,2024-04-15T21:07:29Z
351806,beločrni plutozob,sl,"","","gobe.si—Gobarsko društvo Lisička Maribor. (n.d.). Gobarsko Društvo Lisička Maribor. https://www.gobe.si/
",Slovenian,Ken-ichi Ueda,2024-04-15T21:07:29Z
332674,črni plutozob,sl,"","","gobe.si—Gobarsko društvo Lisička Maribor. (n.d.). Gobarsko Društvo Lisička Maribor. https://www.gobe.si/
",Slovenian,Ken-ichi Ueda,2024-04-15T21:07:30Z
1148372,vijoličasti plutozob,sl,"","","gobe.si—Gobarsko društvo Lisička Maribor. (n.d.). Gobarsko Društvo Lisička Maribor. https://www.gobe.si/
",Slovenian,Ken-ichi Ueda,2024-04-15T21:07:30Z
383555,zvegana žilnica,sl,"","","gobe.si—Gobarsko društvo Lisička Maribor. (n.d.). Gobarsko Društvo Lisička Maribor. https://www.gobe.si/
",Slovenian,Ken-ichi Ueda,2024-04-15T21:07:30Z
179113,drhtava žilnica,sl,"","","gobe.si—Gobarsko društvo Lisička Maribor. (n.d.). Gobarsko Društvo Lisička Maribor. https://www.gobe.si/
",Slovenian,Ken-ichi Ueda,2024-04-15T21:07:31Z
1437950,neprijetna sluzarka,sl,"","","gobe.si—Gobarsko društvo Lisička Maribor. (n.d.). Gobarsko Društvo Lisička Maribor. https://www.gobe.si/
",Slovenian,Ken-ichi Ueda,2024-04-15T21:07:31Z
1437670,sinjebetna sluzarka,sl,"","","gobe.si—Gobarsko društvo Lisička Maribor. (n.d.). Gobarsko Društvo Lisička Maribor. https://www.gobe.si/
",Slovenian,Ken-ichi Ueda,2024-04-15T21:07:31Z
1437663,modroroba sluzarka,sl,"","","gobe.si—Gobarsko društvo Lisička Maribor. (n.d.). Gobarsko Društvo Lisička Maribor. https://www.gobe.si/
",Slovenian,Ken-ichi Ueda,2024-04-15T21:07:31Z
203926,bukov glavič,sl,"","","gobe.si—Gobarsko društvo Lisička Maribor. (n.d.). Gobarsko Društvo Lisička Maribor. https://www.gobe.si/
",Slovenian,Ken-ichi Ueda,2024-04-15T21:07:34Z
1435682,belkasta čeladka,sl,"","","gobe.si—Gobarsko društvo Lisička Maribor. (n.d.). Gobarsko Društvo Lisička Maribor. https://www.gobe.si/
",Slovenian,Ken-ichi Ueda,2024-04-15T21:07:34Z
786106,skorjina čeladka,sl,"","","gobe.si—Gobarsko društvo Lisička Maribor. (n.d.). Gobarsko Društvo Lisička Maribor. https://www.gobe.si/
",Slovenian,Ken-ichi Ueda,2024-04-15T21:07:34Z
64075,plamenasti luskinar,sl,"","","gobe.si—Gobarsko društvo Lisička Maribor. (n.d.). Gobarsko Društvo Lisička Maribor. https://www.gobe.si/
",Slovenian,Ken-ichi Ueda,2024-04-15T21:07:35Z
1005868,rumeni luskinar,sl,"","","gobe.si—Gobarsko društvo Lisička Maribor. (n.d.). Gobarsko Društvo Lisička Maribor. https://www.gobe.si/
",Slovenian,Ken-ichi Ueda,2024-04-15T21:07:35Z
957209,svinjski luskinar,sl,"","","gobe.si—Gobarsko društvo Lisička Maribor. (n.d.). Gobarsko Društvo Lisička Maribor. https://www.gobe.si/
",Slovenian,Ken-ichi Ueda,2024-04-15T21:07:36Z
351824,bledi luskinar,sl,"","","gobe.si—Gobarsko društvo Lisička Maribor. (n.d.). Gobarsko Društvo Lisička Maribor. https://www.gobe.si/
",Slovenian,Ken-ichi Ueda,2024-04-15T21:07:36Z
125654,limonasti luskinar,sl,"","","gobe.si—Gobarsko društvo Lisička Maribor. (n.d.). Gobarsko Društvo Lisička Maribor. https://www.gobe.si/
",Slovenian,Ken-ichi Ueda,2024-04-15T21:07:36Z
351825,spolzki luskinar,sl,"","","gobe.si—Gobarsko društvo Lisička Maribor. (n.d.). Gobarsko Društvo Lisička Maribor. https://www.gobe.si/
",Slovenian,Ken-ichi Ueda,2024-04-15T21:07:36Z
786894,topolov luskinar,sl,"","","gobe.si—Gobarsko društvo Lisička Maribor. (n.d.). Gobarsko Društvo Lisička Maribor. https://www.gobe.si/
",Slovenian,Ken-ichi Ueda,2024-04-15T21:07:37Z
383581,pripognjeni luskinar,sl,"","","gobe.si—Gobarsko društvo Lisička Maribor. (n.d.). Gobarsko Društvo Lisička Maribor. https://www.gobe.si/
",Slovenian,Ken-ichi Ueda,2024-04-15T21:07:37Z
351827,slinasti luskinar,sl,"","","gobe.si—Gobarsko društvo Lisička Maribor. (n.d.). Gobarsko Društvo Lisička Maribor. https://www.gobe.si/
",Slovenian,Ken-ichi Ueda,2024-04-15T21:07:37Z
1400779,krivobetni luskinar,sl,"","","gobe.si—Gobarsko društvo Lisička Maribor. (n.d.). Gobarsko Društvo Lisička Maribor. https://www.gobe.si/
",Slovenian,Ken-ichi Ueda,2024-04-15T21:07:38Z
495391,pomladanski luskinar,sl,"","","gobe.si—Gobarsko društvo Lisička Maribor. (n.d.). Gobarsko Društvo Lisička Maribor. https://www.gobe.si/
",Slovenian,Ken-ichi Ueda,2024-04-15T21:07:38Z
518903,žlebičasti luskinček,sl,"","","gobe.si—Gobarsko društvo Lisička Maribor. (n.d.). Gobarsko Društvo Lisička Maribor. https://www.gobe.si/
",Slovenian,Ken-ichi Ueda,2024-04-15T21:07:38Z
875132,ribezova plutačevka,sl,"","","gobe.si—Gobarsko društvo Lisička Maribor. (n.d.). Gobarsko Društvo Lisička Maribor. https://www.gobe.si/
",Slovenian,Ken-ichi Ueda,2024-04-15T21:07:38Z
508746,rdečkasti prekatnik,sl,"","","gobe.si—Gobarsko društvo Lisička Maribor. (n.d.). Gobarsko Društvo Lisička Maribor. https://www.gobe.si/
",Slovenian,Ken-ichi Ueda,2024-04-15T21:07:39Z
130936,rdeči prekatnik,sl,"","","gobe.si—Gobarsko društvo Lisička Maribor. (n.d.). Gobarsko Društvo Lisička Maribor. https://www.gobe.si/
",Slovenian,Ken-ichi Ueda,2024-04-15T21:07:39Z
510856,mekinasta luknjičarka,sl,"","","gobe.si—Gobarsko društvo Lisička Maribor. (n.d.). Gobarsko Društvo Lisička Maribor. https://www.gobe.si/
",Slovenian,Ken-ichi Ueda,2024-04-15T21:07:40Z
48509,zleknjena školjkarica,sl,"","","gobe.si—Gobarsko društvo Lisička Maribor. (n.d.). Gobarsko Društvo Lisička Maribor. https://www.gobe.si/
",Slovenian,Ken-ichi Ueda,2024-04-15T21:07:41Z
351874,golobičji ostrigar,sl,"","","gobe.si—Gobarsko društvo Lisička Maribor. (n.d.). Gobarsko Društvo Lisička Maribor. https://www.gobe.si/
",Slovenian,Ken-ichi Ueda,2024-04-15T21:07:42Z
351875,trobljasti ostrigar,sl,"","","gobe.si—Gobarsko društvo Lisička Maribor. (n.d.). Gobarsko Društvo Lisička Maribor. https://www.gobe.si/
",Slovenian,Ken-ichi Ueda,2024-04-15T21:07:42Z
334340,hrastov ostrigar,sl,"","","gobe.si—Gobarsko društvo Lisička Maribor. (n.d.). Gobarsko Društvo Lisička Maribor. https://www.gobe.si/
",Slovenian,Ken-ichi Ueda,2024-04-15T21:07:42Z
468509,topolov ostrigar,sl,"","","gobe.si—Gobarsko društvo Lisička Maribor. (n.d.). Gobarsko Društvo Lisička Maribor. https://www.gobe.si/
",Slovenian,Ken-ichi Ueda,2024-04-15T21:07:43Z
351886,prelestna ščitovka,sl,"","","gobe.si—Gobarsko društvo Lisička Maribor. (n.d.). Gobarsko Društvo Lisička Maribor. https://www.gobe.si/
",Slovenian,Ken-ichi Ueda,2024-04-15T21:07:44Z
60782,zoprna ščitovka,sl,"","","gobe.si—Gobarsko društvo Lisička Maribor. (n.d.). Gobarsko Društvo Lisička Maribor. https://www.gobe.si/
",Slovenian,Ken-ichi Ueda,2024-04-15T21:07:44Z
351890,žametasta ščitovka,sl,"","","gobe.si—Gobarsko društvo Lisička Maribor. (n.d.). Gobarsko Društvo Lisička Maribor. https://www.gobe.si/
",Slovenian,Ken-ichi Ueda,2024-04-15T21:07:44Z
775749,drobcena ščitovka,sl,"","","gobe.si—Gobarsko društvo Lisička Maribor. (n.d.). Gobarsko Društvo Lisička Maribor. https://www.gobe.si/
",Slovenian,Ken-ichi Ueda,2024-04-15T21:07:44Z
517826,čopasta ščitovka,sl,"","","gobe.si—Gobarsko društvo Lisička Maribor. (n.d.). Gobarsko Društvo Lisička Maribor. https://www.gobe.si/
",Slovenian,Ken-ichi Ueda,2024-04-15T21:07:45Z
118279,belkasta ščitovka,sl,"","","gobe.si—Gobarsko društvo Lisička Maribor. (n.d.). Gobarsko Društvo Lisička Maribor. https://www.gobe.si/
",Slovenian,Ken-ichi Ueda,2024-04-15T21:07:45Z
118270,pritlikava ščitovka,sl,"","","gobe.si—Gobarsko društvo Lisička Maribor. (n.d.). Gobarsko Društvo Lisička Maribor. https://www.gobe.si/
",Slovenian,Ken-ichi Ueda,2024-04-15T21:07:45Z
203803,zrničasta ščitovka,sl,"","","gobe.si—Gobarsko društvo Lisička Maribor. (n.d.). Gobarsko Društvo Lisička Maribor. https://www.gobe.si/
",Slovenian,Ken-ichi Ueda,2024-04-15T21:07:46Z
518944,rožnobetna ščitovka,sl,"","","gobe.si—Gobarsko društvo Lisička Maribor. (n.d.). Gobarsko Društvo Lisička Maribor. https://www.gobe.si/
",Slovenian,Ken-ichi Ueda,2024-04-15T21:07:47Z
118281,vrbova ščitovka,sl,"","","gobe.si—Gobarsko društvo Lisička Maribor. (n.d.). Gobarsko Društvo Lisička Maribor. https://www.gobe.si/
",Slovenian,Ken-ichi Ueda,2024-04-15T21:07:47Z
118277,Thomsonova ščitovka,sl,"","","gobe.si—Gobarsko društvo Lisička Maribor. (n.d.). Gobarsko Društvo Lisička Maribor. https://www.gobe.si/
",Slovenian,Ken-ichi Ueda,2024-04-15T21:07:47Z
351902,temna ščitovka,sl,"","","gobe.si—Gobarsko društvo Lisička Maribor. (n.d.). Gobarsko Društvo Lisička Maribor. https://www.gobe.si/
",Slovenian,Ken-ichi Ueda,2024-04-15T21:07:48Z
48473,sploščeni luknjičar,sl,"","","gobe.si—Gobarsko društvo Lisička Maribor. (n.d.). Gobarsko Društvo Lisička Maribor. https://www.gobe.si/
",Slovenian,Ken-ichi Ueda,2024-04-15T21:07:48Z
351922,smolasti luknjičar,sl,"","","gobe.si—Gobarsko društvo Lisička Maribor. (n.d.). Gobarsko Društvo Lisička Maribor. https://www.gobe.si/
",Slovenian,Ken-ichi Ueda,2024-04-15T21:07:48Z
351927,gomoljavi luknjičar,sl,"","","gobe.si—Gobarsko društvo Lisička Maribor. (n.d.). Gobarsko Društvo Lisička Maribor. https://www.gobe.si/
",Slovenian,Ken-ichi Ueda,2024-04-15T21:07:48Z
143309,razvejani luknjičar,sl,"","","gobe.si—Gobarsko društvo Lisička Maribor. (n.d.). Gobarsko Društvo Lisička Maribor. https://www.gobe.si/
",Slovenian,Ken-ichi Ueda,2024-04-15T21:07:49Z
118081,borov labirintnik,sl,"","","gobe.si—Gobarsko društvo Lisička Maribor. (n.d.). Gobarsko Društvo Lisička Maribor. https://www.gobe.si/
",Slovenian,Ken-ichi Ueda,2024-04-15T21:07:49Z
351944,navadni porfirnik,sl,"","","gobe.si—Gobarsko društvo Lisička Maribor. (n.d.). Gobarsko Društvo Lisička Maribor. https://www.gobe.si/
",Slovenian,Ken-ichi Ueda,2024-04-15T21:07:49Z
959378,valoviti skutovec,sl,"","","gobe.si—Gobarsko društvo Lisička Maribor. (n.d.). Gobarsko Društvo Lisička Maribor. https://www.gobe.si/
",Slovenian,Ken-ichi Ueda,2024-04-15T21:07:50Z
1428994,ježasti skutovec,sl,"","","gobe.si—Gobarsko društvo Lisička Maribor. (n.d.). Gobarsko Društvo Lisička Maribor. https://www.gobe.si/
",Slovenian,Ken-ichi Ueda,2024-04-15T21:07:50Z
383815,pepelnosivi skutovec,sl,"","","gobe.si—Gobarsko društvo Lisička Maribor. (n.d.). Gobarsko Društvo Lisička Maribor. https://www.gobe.si/
",Slovenian,Ken-ichi Ueda,2024-04-15T21:07:50Z
930239,skledičasta belodlakavka,sl,"","","gobe.si—Gobarsko društvo Lisička Maribor. (n.d.). Gobarsko Društvo Lisička Maribor. https://www.gobe.si/
",Slovenian,Ken-ichi Ueda,2024-04-15T21:07:50Z
875134,ostrogrbi strniščnik,sl,"","","gobe.si—Gobarsko društvo Lisička Maribor. (n.d.). Gobarsko Društvo Lisička Maribor. https://www.gobe.si/
",Slovenian,Ken-ichi Ueda,2024-04-15T21:07:51Z
740996,nakosmičena črnivka,sl,"","","gobe.si—Gobarsko društvo Lisička Maribor. (n.d.). Gobarsko Društvo Lisička Maribor. https://www.gobe.si/
",Slovenian,Ken-ichi Ueda,2024-04-15T21:07:51Z
383829,vinskordeča črnivka,sl,"","","gobe.si—Gobarsko društvo Lisička Maribor. (n.d.). Gobarsko Društvo Lisička Maribor. https://www.gobe.si/
",Slovenian,Ken-ichi Ueda,2024-04-15T21:07:51Z
1305118,belobetna črnivka,sl,"","","gobe.si—Gobarsko društvo Lisička Maribor. (n.d.). Gobarsko Društvo Lisička Maribor. https://www.gobe.si/
",Slovenian,Ken-ichi Ueda,2024-04-15T21:07:52Z
629041,pavolasta črnivka,sl,"","","gobe.si—Gobarsko društvo Lisička Maribor. (n.d.). Gobarsko Društvo Lisička Maribor. https://www.gobe.si/
",Slovenian,Ken-ichi Ueda,2024-04-15T21:07:52Z
974533,velika črnivka,sl,"","","gobe.si—Gobarsko društvo Lisička Maribor. (n.d.). Gobarsko Društvo Lisička Maribor. https://www.gobe.si/
",Slovenian,Ken-ichi Ueda,2024-04-15T21:07:52Z
875135,Gordonova črnivka,sl,"","","gobe.si—Gobarsko društvo Lisička Maribor. (n.d.). Gobarsko Društvo Lisička Maribor. https://www.gobe.si/
",Slovenian,Ken-ichi Ueda,2024-04-15T21:07:53Z
500048,gnojiščna črnivka,sl,"","","gobe.si—Gobarsko društvo Lisička Maribor. (n.d.). Gobarsko Društvo Lisička Maribor. https://www.gobe.si/
",Slovenian,Ken-ichi Ueda,2024-04-15T21:07:53Z
1277775,gladkoroba črnivka,sl,"","","gobe.si—Gobarsko društvo Lisička Maribor. (n.d.). Gobarsko Društvo Lisička Maribor. https://www.gobe.si/
",Slovenian,Ken-ichi Ueda,2024-04-15T21:07:53Z
1179959,dimastolistna črnivka,sl,"","","gobe.si—Gobarsko društvo Lisička Maribor. (n.d.). Gobarsko Društvo Lisička Maribor. https://www.gobe.si/
",Slovenian,Ken-ichi Ueda,2024-04-15T21:07:53Z
627968,pegasta črnivka,sl,"","","gobe.si—Gobarsko društvo Lisička Maribor. (n.d.). Gobarsko Društvo Lisička Maribor. https://www.gobe.si/
",Slovenian,Ken-ichi Ueda,2024-04-15T21:07:54Z
383831,konopčasta črnivka,sl,"","","gobe.si—Gobarsko društvo Lisička Maribor. (n.d.). Gobarsko Društvo Lisička Maribor. https://www.gobe.si/
",Slovenian,Ken-ichi Ueda,2024-04-15T21:07:54Z
1006534,kostanjasta črnivka,sl,"","","gobe.si—Gobarsko društvo Lisička Maribor. (n.d.). Gobarsko Društvo Lisička Maribor. https://www.gobe.si/
",Slovenian,Ken-ichi Ueda,2024-04-15T21:07:55Z
882471,zgubana črnivka,sl,"","","gobe.si—Gobarsko društvo Lisička Maribor. (n.d.). Gobarsko Društvo Lisička Maribor. https://www.gobe.si/
",Slovenian,Ken-ichi Ueda,2024-04-15T21:07:55Z
1006540,nagrbančena črnivka,sl,"","","gobe.si—Gobarsko društvo Lisička Maribor. (n.d.). Gobarsko Društvo Lisička Maribor. https://www.gobe.si/
",Slovenian,Ken-ichi Ueda,2024-04-15T21:07:55Z
875138,belkasta črnivka,sl,"","","gobe.si—Gobarsko društvo Lisička Maribor. (n.d.). Gobarsko Društvo Lisička Maribor. https://www.gobe.si/
",Slovenian,Ken-ichi Ueda,2024-04-15T21:07:56Z
966197,nabrazdana črnivka,sl,"","","gobe.si—Gobarsko društvo Lisička Maribor. (n.d.). Gobarsko Društvo Lisička Maribor. https://www.gobe.si/
",Slovenian,Ken-ichi Ueda,2024-04-15T21:07:57Z
448014,spomladanska črnivka,sl,"","","gobe.si—Gobarsko društvo Lisička Maribor. (n.d.). Gobarsko Društvo Lisička Maribor. https://www.gobe.si/
",Slovenian,Ken-ichi Ueda,2024-04-15T21:07:58Z
787944,roseči luknjevec,sl,"","","gobe.si—Gobarsko društvo Lisička Maribor. (n.d.). Gobarsko Društvo Lisička Maribor. https://www.gobe.si/
",Slovenian,Ken-ichi Ueda,2024-04-15T21:07:59Z
351975,zlati pazgubanec,sl,"","","gobe.si—Gobarsko društvo Lisička Maribor. (n.d.). Gobarsko Društvo Lisička Maribor. https://www.gobe.si/
",Slovenian,Ken-ichi Ueda,2024-04-15T21:07:59Z
1112492,zašiljena parazcepljenka,sl,"","","gobe.si—Gobarsko društvo Lisička Maribor. (n.d.). Gobarsko Društvo Lisička Maribor. https://www.gobe.si/
",Slovenian,Ken-ichi Ueda,2024-04-15T21:07:59Z
1112538,luskata parazcepljenka,sl,"","","gobe.si—Gobarsko društvo Lisička Maribor. (n.d.). Gobarsko Društvo Lisička Maribor. https://www.gobe.si/
",Slovenian,Ken-ichi Ueda,2024-04-15T21:08:00Z
1095520,hrastov pregradnik,sl,"","","gobe.si—Gobarsko društvo Lisička Maribor. (n.d.). Gobarsko Društvo Lisička Maribor. https://www.gobe.si/
",Slovenian,Ken-ichi Ueda,2024-04-15T21:08:00Z
352465,ovenčana gologlavka,sl,"","","gobe.si—Gobarsko društvo Lisička Maribor. (n.d.). Gobarsko Društvo Lisička Maribor. https://www.gobe.si/
",Slovenian,Ken-ichi Ueda,2024-04-15T21:08:01Z
1489213,porova rjavinka,sl,"","","gobe.si—Gobarsko društvo Lisička Maribor. (n.d.). Gobarsko Društvo Lisička Maribor. https://www.gobe.si/
",Slovenian,Ken-ichi Ueda,2024-04-15T21:08:02Z
703761,rdečkasta blazinica,sl,"","","gobe.si—Gobarsko društvo Lisička Maribor. (n.d.). Gobarsko Društvo Lisička Maribor. https://www.gobe.si/
",Slovenian,Ken-ichi Ueda,2024-04-15T21:08:02Z
332678,hrastov strgač,sl,"","","gobe.si—Gobarsko društvo Lisička Maribor. (n.d.). Gobarsko Društvo Lisička Maribor. https://www.gobe.si/
",Slovenian,Ken-ichi Ueda,2024-04-15T21:08:03Z
352176,zlata griva,sl,"","","gobe.si—Gobarsko društvo Lisička Maribor. (n.d.). Gobarsko Društvo Lisička Maribor. https://www.gobe.si/
",Slovenian,Ken-ichi Ueda,2024-04-15T21:08:03Z
1047433,Bataillejeva griva,sl,"","","gobe.si—Gobarsko društvo Lisička Maribor. (n.d.). Gobarsko Društvo Lisička Maribor. https://www.gobe.si/
",Slovenian,Ken-ichi Ueda,2024-04-15T21:08:03Z
48800,rdeča griva,sl,"","","gobe.si—Gobarsko društvo Lisička Maribor. (n.d.). Gobarsko Društvo Lisička Maribor. https://www.gobe.si/
",Slovenian,Ken-ichi Ueda,2024-04-15T21:08:04Z
1013562,bukova griva,sl,"","","gobe.si—Gobarsko društvo Lisička Maribor. (n.d.). Gobarsko Društvo Lisička Maribor. https://www.gobe.si/
",Slovenian,Ken-ichi Ueda,2024-04-15T21:08:04Z
179036,finska griva,sl,"","","gobe.si—Gobarsko društvo Lisička Maribor. (n.d.). Gobarsko Društvo Lisička Maribor. https://www.gobe.si/
",Slovenian,Ken-ichi Ueda,2024-04-15T21:08:04Z
1007118,grmovnata griva,sl,"","","gobe.si—Gobarsko društvo Lisička Maribor. (n.d.). Gobarsko Društvo Lisička Maribor. https://www.gobe.si/
",Slovenian,Ken-ichi Ueda,2024-04-15T21:08:05Z
500171,prožna griva,sl,"","","gobe.si—Gobarsko društvo Lisička Maribor. (n.d.). Gobarsko Društvo Lisička Maribor. https://www.gobe.si/
",Slovenian,Ken-ichi Ueda,2024-04-15T21:08:05Z
48770,lepa griva,sl,"","","gobe.si—Gobarsko društvo Lisička Maribor. (n.d.). Gobarsko Društvo Lisička Maribor. https://www.gobe.si/
",Slovenian,Ken-ichi Ueda,2024-04-15T21:08:05Z
229792,janeževa griva,sl,"","","gobe.si—Gobarsko društvo Lisička Maribor. (n.d.). Gobarsko Društvo Lisička Maribor. https://www.gobe.si/
",Slovenian,Ken-ichi Ueda,2024-04-15T21:08:05Z
229793,Largentova griva,sl,"","","gobe.si—Gobarsko društvo Lisička Maribor. (n.d.). Gobarsko Društvo Lisička Maribor. https://www.gobe.si/
",Slovenian,Ken-ichi Ueda,2024-04-15T21:08:06Z
847830,bleda griva,sl,"","","gobe.si—Gobarsko društvo Lisička Maribor. (n.d.). Gobarsko Društvo Lisička Maribor. https://www.gobe.si/
",Slovenian,Ken-ichi Ueda,2024-04-15T21:08:06Z
352195,krvobetna griva,sl,"","","gobe.si—Gobarsko društvo Lisička Maribor. (n.d.). Gobarsko Društvo Lisička Maribor. https://www.gobe.si/
",Slovenian,Ken-ichi Ueda,2024-04-15T21:08:06Z
1047439,Schildova griva,sl,"","","gobe.si—Gobarsko društvo Lisička Maribor. (n.d.). Gobarsko Društvo Lisička Maribor. https://www.gobe.si/
",Slovenian,Ken-ichi Ueda,2024-04-15T21:08:06Z
352197,prelestna griva,sl,"","","gobe.si—Gobarsko društvo Lisička Maribor. (n.d.). Gobarsko Društvo Lisička Maribor. https://www.gobe.si/
",Slovenian,Ken-ichi Ueda,2024-04-15T21:08:07Z
145366,cvetačasta prašilka,sl,"","","gobe.si—Gobarsko društvo Lisička Maribor. (n.d.). Gobarsko Društvo Lisička Maribor. https://www.gobe.si/
",Slovenian,Ken-ichi Ueda,2024-04-15T21:08:07Z
484413,hrčkasti korenčar,sl,"","","gobe.si—Gobarsko društvo Lisička Maribor. (n.d.). Gobarsko Društvo Lisička Maribor. https://www.gobe.si/
",Slovenian,Ken-ichi Ueda,2024-04-15T21:08:08Z
384119,rumeneča koreninka,sl,"","","gobe.si—Gobarsko društvo Lisička Maribor. (n.d.). Gobarsko Društvo Lisička Maribor. https://www.gobe.si/
",Slovenian,Ken-ichi Ueda,2024-04-15T21:08:08Z
861087,opletena koreninka,sl,"","","gobe.si—Gobarsko društvo Lisička Maribor. (n.d.). Gobarsko Društvo Lisička Maribor. https://www.gobe.si/
",Slovenian,Ken-ichi Ueda,2024-04-15T21:08:08Z
118168,pegasta korenarka,sl,"","","gobe.si—Gobarsko društvo Lisička Maribor. (n.d.). Gobarsko Društvo Lisička Maribor. https://www.gobe.si/
",Slovenian,Ken-ichi Ueda,2024-04-15T21:08:09Z
352254,spotegnjena korenarka,sl,"","","gobe.si—Gobarsko društvo Lisička Maribor. (n.d.). Gobarsko Društvo Lisička Maribor. https://www.gobe.si/
",Slovenian,Ken-ichi Ueda,2024-04-15T21:08:09Z
1537059,rožnati kresilnik,sl,"","","gobe.si—Gobarsko društvo Lisička Maribor. (n.d.). Gobarsko Društvo Lisička Maribor. https://www.gobe.si/
",Slovenian,Ken-ichi Ueda,2024-04-15T21:08:09Z
481482,brazdasti klobučar,sl,"","","gobe.si—Gobarsko društvo Lisička Maribor. (n.d.). Gobarsko Društvo Lisička Maribor. https://www.gobe.si/
",Slovenian,Ken-ichi Ueda,2024-04-15T21:08:09Z
358333,praprotna pogostnica,sl,"","","gobe.si—Gobarsko društvo Lisička Maribor. (n.d.). Gobarsko Društvo Lisička Maribor. https://www.gobe.si/
",Slovenian,Ken-ichi Ueda,2024-04-15T21:08:10Z
130935,javorjeva obliževka,sl,"","","gobe.si—Gobarsko društvo Lisička Maribor. (n.d.). Gobarsko Društvo Lisička Maribor. https://www.gobe.si/
",Slovenian,Ken-ichi Ueda,2024-04-15T21:08:10Z
179074,jesenova trdocevka,sl,"","","gobe.si—Gobarsko društvo Lisička Maribor. (n.d.). Gobarsko Društvo Lisička Maribor. https://www.gobe.si/
",Slovenian,Ken-ichi Ueda,2024-04-15T21:08:11Z
334219,resasta dlakavica,sl,"","","gobe.si—Gobarsko društvo Lisička Maribor. (n.d.). Gobarsko Društvo Lisička Maribor. https://www.gobe.si/
",Slovenian,Ken-ichi Ueda,2024-04-15T21:08:11Z
544555,prelestni rubinovec,sl,"","","gobe.si—Gobarsko društvo Lisička Maribor. (n.d.). Gobarsko Društvo Lisička Maribor. https://www.gobe.si/
",Slovenian,Ken-ichi Ueda,2024-04-15T21:08:11Z
824009,volčji rubinovec,sl,"","","gobe.si—Gobarsko društvo Lisička Maribor. (n.d.). Gobarsko Društvo Lisička Maribor. https://www.gobe.si/
",Slovenian,Ken-ichi Ueda,2024-04-15T21:08:11Z
824010,rdečerumeni rubinovec,sl,"","","gobe.si—Gobarsko društvo Lisička Maribor. (n.d.). Gobarsko Društvo Lisička Maribor. https://www.gobe.si/
",Slovenian,Ken-ichi Ueda,2024-04-15T21:08:12Z
790185,krvavordeči rubinovec,sl,"","","gobe.si—Gobarsko društvo Lisička Maribor. (n.d.). Gobarsko Društvo Lisička Maribor. https://www.gobe.si/
",Slovenian,Ken-ichi Ueda,2024-04-15T21:08:12Z
332212,ostrolistna golobica,sl,"","","gobe.si—Gobarsko društvo Lisička Maribor. (n.d.). Gobarsko Društvo Lisička Maribor. https://www.gobe.si/
",Slovenian,Ken-ichi Ueda,2024-04-15T21:08:12Z
194408,osmojena golobica,sl,"","","gobe.si—Gobarsko društvo Lisička Maribor. (n.d.). Gobarsko Društvo Lisička Maribor. https://www.gobe.si/
",Slovenian,Ken-ichi Ueda,2024-04-15T21:08:13Z
122333,zelena golobica,sl,"","","gobe.si—Gobarsko društvo Lisička Maribor. (n.d.). Gobarsko Društvo Lisička Maribor. https://www.gobe.si/
",Slovenian,Ken-ichi Ueda,2024-04-15T21:08:13Z
202417,črnjava golobica,sl,"","","gobe.si—Gobarsko društvo Lisička Maribor. (n.d.). Gobarsko Društvo Lisička Maribor. https://www.gobe.si/
",Slovenian,Ken-ichi Ueda,2024-04-15T21:08:13Z
352273,ustrojena golobica,sl,"","","gobe.si—Gobarsko društvo Lisička Maribor. (n.d.). Gobarsko Društvo Lisička Maribor. https://www.gobe.si/
",Slovenian,Ken-ichi Ueda,2024-04-15T21:08:13Z
875150,vabljiva golobica,sl,"","","gobe.si—Gobarsko društvo Lisička Maribor. (n.d.). Gobarsko Društvo Lisička Maribor. https://www.gobe.si/
",Slovenian,Ken-ichi Ueda,2024-04-15T21:08:14Z
625439,cistidolistna golobica,sl,"","","gobe.si—Gobarsko društvo Lisička Maribor. (n.d.). Gobarsko Društvo Lisička Maribor. https://www.gobe.si/
",Slovenian,Ken-ichi Ueda,2024-04-15T21:08:14Z
62725,vonjava golobica,sl,"","","gobe.si—Gobarsko društvo Lisička Maribor. (n.d.). Gobarsko Društvo Lisička Maribor. https://www.gobe.si/
",Slovenian,Ken-ichi Ueda,2024-04-15T21:08:14Z
966395,sivozelenkasta golobica,sl,"","","gobe.si—Gobarsko društvo Lisička Maribor. (n.d.). Gobarsko Društvo Lisička Maribor. https://www.gobe.si/
",Slovenian,Ken-ichi Ueda,2024-04-15T21:08:14Z
625895,kokosova golobica,sl,"","","gobe.si—Gobarsko društvo Lisička Maribor. (n.d.). Gobarsko Društvo Lisička Maribor. https://www.gobe.si/
",Slovenian,Ken-ichi Ueda,2024-04-15T21:08:15Z
875151,cedrovna golobica,sl,"","","gobe.si—Gobarsko društvo Lisička Maribor. (n.d.). Gobarsko Društvo Lisička Maribor. https://www.gobe.si/
",Slovenian,Ken-ichi Ueda,2024-04-15T21:08:15Z
49448,brezovinska golobica,sl,"","","gobe.si—Gobarsko društvo Lisička Maribor. (n.d.). Gobarsko Društvo Lisička Maribor. https://www.gobe.si/
",Slovenian,Ken-ichi Ueda,2024-04-15T21:08:15Z
921902,klena golobica,sl,"","","gobe.si—Gobarsko društvo Lisička Maribor. (n.d.). Gobarsko Društvo Lisička Maribor. https://www.gobe.si/
",Slovenian,Ken-ichi Ueda,2024-04-15T21:08:16Z
1045637,gabrova golobica,sl,"","","gobe.si—Gobarsko društvo Lisička Maribor. (n.d.). Gobarsko Društvo Lisička Maribor. https://www.gobe.si/
",Slovenian,Ken-ichi Ueda,2024-04-15T21:08:16Z
556952,votlobetna golobica,sl,"","","gobe.si—Gobarsko društvo Lisička Maribor. (n.d.). Gobarsko Društvo Lisička Maribor. https://www.gobe.si/
",Slovenian,Ken-ichi Ueda,2024-04-15T21:08:16Z
517781,borova golobica,sl,"","","gobe.si—Gobarsko društvo Lisička Maribor. (n.d.). Gobarsko Društvo Lisička Maribor. https://www.gobe.si/
",Slovenian,Ken-ichi Ueda,2024-04-15T21:08:17Z
332680,ozkolistna golobica,sl,"","","gobe.si—Gobarsko društvo Lisička Maribor. (n.d.). Gobarsko Društvo Lisička Maribor. https://www.gobe.si/
",Slovenian,Ken-ichi Ueda,2024-04-15T21:08:17Z
129329,rumena golobica,sl,"","","gobe.si—Gobarsko društvo Lisička Maribor. (n.d.). Gobarsko Društvo Lisička Maribor. https://www.gobe.si/
",Slovenian,Ken-ichi Ueda,2024-04-15T21:08:17Z
875152,kratkobetna golobica,sl,"","","gobe.si—Gobarsko društvo Lisička Maribor. (n.d.). Gobarsko Društvo Lisička Maribor. https://www.gobe.si/
",Slovenian,Ken-ichi Ueda,2024-04-15T21:08:17Z
194427,siveča golobica,sl,"","","gobe.si—Gobarsko društvo Lisička Maribor. (n.d.). Gobarsko Društvo Lisička Maribor. https://www.gobe.si/
",Slovenian,Ken-ichi Ueda,2024-04-15T21:08:18Z
352278,modrolistna golobica,sl,"","","gobe.si—Gobarsko društvo Lisička Maribor. (n.d.). Gobarsko Društvo Lisička Maribor. https://www.gobe.si/
",Slovenian,Ken-ichi Ueda,2024-04-15T21:08:18Z
194407,gostolistna golobica,sl,"","","gobe.si—Gobarsko društvo Lisička Maribor. (n.d.). Gobarsko Društvo Lisička Maribor. https://www.gobe.si/
",Slovenian,Ken-ichi Ueda,2024-04-15T21:08:18Z
49449,bljuvna golobica,sl,"","","gobe.si—Gobarsko društvo Lisička Maribor. (n.d.). Gobarsko Društvo Lisička Maribor. https://www.gobe.si/
",Slovenian,Ken-ichi Ueda,2024-04-15T21:08:18Z
803361,razbarvana golobica,sl,"","","gobe.si—Gobarsko društvo Lisička Maribor. (n.d.). Gobarsko Društvo Lisička Maribor. https://www.gobe.si/
",Slovenian,Ken-ichi Ueda,2024-04-15T21:08:19Z
565928,bukova golobica,sl,"","","gobe.si—Gobarsko društvo Lisička Maribor. (n.d.). Gobarsko Društvo Lisička Maribor. https://www.gobe.si/
",Slovenian,Ken-ichi Ueda,2024-04-15T21:08:19Z
809384,prožna golobica,sl,"","","gobe.si—Gobarsko društvo Lisička Maribor. (n.d.). Gobarsko Društvo Lisička Maribor. https://www.gobe.si/
",Slovenian,Ken-ichi Ueda,2024-04-15T21:08:19Z
352281,žolta golobica,sl,"","","gobe.si—Gobarsko društvo Lisička Maribor. (n.d.). Gobarsko Društvo Lisička Maribor. https://www.gobe.si/
",Slovenian,Ken-ichi Ueda,2024-04-15T21:08:19Z
932426,trdikasta golobica,sl,"","","gobe.si—Gobarsko društvo Lisička Maribor. (n.d.). Gobarsko Društvo Lisička Maribor. https://www.gobe.si/
",Slovenian,Ken-ichi Ueda,2024-04-15T21:08:20Z
352283,smrdljiva golobica,sl,"","","gobe.si—Gobarsko društvo Lisička Maribor. (n.d.). Gobarsko Društvo Lisička Maribor. https://www.gobe.si/
",Slovenian,Ken-ichi Ueda,2024-04-15T21:08:20Z
118191,dišeča golobica,sl,"","","gobe.si—Gobarsko društvo Lisička Maribor. (n.d.). Gobarsko Društvo Lisička Maribor. https://www.gobe.si/
",Slovenian,Ken-ichi Ueda,2024-04-15T21:08:20Z
118191,mandljasta golobica,sl,"","","gobe.si—Gobarsko društvo Lisička Maribor. (n.d.). Gobarsko Društvo Lisička Maribor. https://www.gobe.si/
",Slovenian,Ken-ichi Ueda,2024-04-15T21:08:21Z
341855,hrastova golobica,sl,"","","gobe.si—Gobarsko društvo Lisička Maribor. (n.d.). Gobarsko Društvo Lisička Maribor. https://www.gobe.si/
",Slovenian,Ken-ichi Ueda,2024-04-15T21:08:21Z
118182,sivkasta golobica,sl,"","","gobe.si—Gobarsko društvo Lisička Maribor. (n.d.). Gobarsko Društvo Lisička Maribor. https://www.gobe.si/
",Slovenian,Ken-ichi Ueda,2024-04-15T21:08:21Z
203806,rjavozelena golobica,sl,"","","gobe.si—Gobarsko društvo Lisička Maribor. (n.d.). Gobarsko Društvo Lisička Maribor. https://www.gobe.si/
",Slovenian,Ken-ichi Ueda,2024-04-15T21:08:22Z
1049462,blatna golobica,sl,"","","gobe.si—Gobarsko društvo Lisička Maribor. (n.d.). Gobarsko Društvo Lisička Maribor. https://www.gobe.si/
",Slovenian,Ken-ichi Ueda,2024-04-15T21:08:22Z
907680,mila golobica,sl,"","","gobe.si—Gobarsko društvo Lisička Maribor. (n.d.). Gobarsko Društvo Lisička Maribor. https://www.gobe.si/
",Slovenian,Ken-ichi Ueda,2024-04-15T21:08:22Z
62735,usnjasta golobica,sl,"","","gobe.si—Gobarsko društvo Lisička Maribor. (n.d.). Gobarsko Društvo Lisička Maribor. https://www.gobe.si/
",Slovenian,Ken-ichi Ueda,2024-04-15T21:08:22Z
118183,siva golobica,sl,"","","gobe.si—Gobarsko društvo Lisička Maribor. (n.d.). Gobarsko Društvo Lisička Maribor. https://www.gobe.si/
",Slovenian,Ken-ichi Ueda,2024-04-15T21:08:23Z
367755,spolzka golobica,sl,"","","gobe.si—Gobarsko društvo Lisička Maribor. (n.d.). Gobarsko Društvo Lisička Maribor. https://www.gobe.si/
",Slovenian,Ken-ichi Ueda,2024-04-15T21:08:23Z
1396282,Langejeva golobica,sl,"","","gobe.si—Gobarsko društvo Lisička Maribor. (n.d.). Gobarsko Društvo Lisička Maribor. https://www.gobe.si/
",Slovenian,Ken-ichi Ueda,2024-04-15T21:08:23Z
1151600,macesnova golobica,sl,"","","gobe.si—Gobarsko društvo Lisička Maribor. (n.d.). Gobarsko Društvo Lisička Maribor. https://www.gobe.si/
",Slovenian,Ken-ichi Ueda,2024-04-15T21:08:23Z
558348,zasluzena golobica,sl,"","","gobe.si—Gobarsko društvo Lisička Maribor. (n.d.). Gobarsko Društvo Lisička Maribor. https://www.gobe.si/
",Slovenian,Ken-ichi Ueda,2024-04-15T21:08:24Z
130199,rumeneča golobica,sl,"","","gobe.si—Gobarsko društvo Lisička Maribor. (n.d.). Gobarsko Društvo Lisička Maribor. https://www.gobe.si/
",Slovenian,Ken-ichi Ueda,2024-04-15T21:08:24Z
790311,sivozelena golobica,sl,"","","gobe.si—Gobarsko društvo Lisička Maribor. (n.d.). Gobarsko Društvo Lisička Maribor. https://www.gobe.si/
",Slovenian,Ken-ichi Ueda,2024-04-15T21:08:24Z
875153,medova golobica,sl,"","","gobe.si—Gobarsko društvo Lisička Maribor. (n.d.). Gobarsko Društvo Lisička Maribor. https://www.gobe.si/
",Slovenian,Ken-ichi Ueda,2024-04-15T21:08:24Z
1045359,drobcena golobica,sl,"","","gobe.si—Gobarsko društvo Lisička Maribor. (n.d.). Gobarsko Društvo Lisička Maribor. https://www.gobe.si/
",Slovenian,Ken-ichi Ueda,2024-04-15T21:08:24Z
504731,lešnikova golobica,sl,"","","gobe.si—Gobarsko društvo Lisička Maribor. (n.d.). Gobarsko Društvo Lisička Maribor. https://www.gobe.si/
",Slovenian,Ken-ichi Ueda,2024-04-15T21:08:25Z
705796,alpska golobica,sl,"","","gobe.si—Gobarsko društvo Lisička Maribor. (n.d.). Gobarsko Društvo Lisička Maribor. https://www.gobe.si/
",Slovenian,Ken-ichi Ueda,2024-04-15T21:08:25Z
875154,gorska golobica,sl,"","","gobe.si—Gobarsko društvo Lisička Maribor. (n.d.). Gobarsko Društvo Lisička Maribor. https://www.gobe.si/
",Slovenian,Ken-ichi Ueda,2024-04-15T21:08:25Z
384182,bleščava golobica,sl,"","","gobe.si—Gobarsko društvo Lisička Maribor. (n.d.). Gobarsko Društvo Lisička Maribor. https://www.gobe.si/
",Slovenian,Ken-ichi Ueda,2024-04-15T21:08:25Z
49446,baržunasta golobica,sl,"","","gobe.si—Gobarsko društvo Lisička Maribor. (n.d.). Gobarsko Društvo Lisička Maribor. https://www.gobe.si/
",Slovenian,Ken-ichi Ueda,2024-04-15T21:08:26Z
352303,olivna golobica,sl,"","","gobe.si—Gobarsko društvo Lisička Maribor. (n.d.). Gobarsko Društvo Lisička Maribor. https://www.gobe.si/
",Slovenian,Ken-ichi Ueda,2024-04-15T21:08:26Z
1015879,rumenolistna golobica,sl,"","","gobe.si—Gobarsko društvo Lisička Maribor. (n.d.). Gobarsko Društvo Lisička Maribor. https://www.gobe.si/
",Slovenian,Ken-ichi Ueda,2024-04-15T21:08:26Z
371588,jagodna golobica,sl,"","","gobe.si—Gobarsko društvo Lisička Maribor. (n.d.). Gobarsko Društvo Lisička Maribor. https://www.gobe.si/
",Slovenian,Ken-ichi Ueda,2024-04-15T21:08:27Z
122332,sivomodra golobica,sl,"","","gobe.si—Gobarsko društvo Lisička Maribor. (n.d.). Gobarsko Društvo Lisička Maribor. https://www.gobe.si/
",Slovenian,Ken-ichi Ueda,2024-04-15T21:08:27Z
384185,grebenasta golobica,sl,"","","gobe.si—Gobarsko društvo Lisička Maribor. (n.d.). Gobarsko Društvo Lisička Maribor. https://www.gobe.si/
",Slovenian,Ken-ichi Ueda,2024-04-15T21:08:27Z
202373,rjavobetna golobica,sl,"","","gobe.si—Gobarsko društvo Lisička Maribor. (n.d.). Gobarsko Društvo Lisička Maribor. https://www.gobe.si/
",Slovenian,Ken-ichi Ueda,2024-04-15T21:08:27Z
966017,šarasta golobica,sl,"","","gobe.si—Gobarsko društvo Lisička Maribor. (n.d.). Gobarsko Društvo Lisička Maribor. https://www.gobe.si/
",Slovenian,Ken-ichi Ueda,2024-04-15T21:08:28Z
1194410,svetlozelena golobica,sl,"","","gobe.si—Gobarsko društvo Lisička Maribor. (n.d.). Gobarsko Društvo Lisička Maribor. https://www.gobe.si/
",Slovenian,Ken-ichi Ueda,2024-04-15T21:08:28Z
118189,Queletova golobica,sl,"","","gobe.si—Gobarsko društvo Lisička Maribor. (n.d.). Gobarsko Društvo Lisička Maribor. https://www.gobe.si/
",Slovenian,Ken-ichi Ueda,2024-04-15T21:08:28Z
118188,Raoultova golobica,sl,"","","gobe.si—Gobarsko društvo Lisička Maribor. (n.d.). Gobarsko Društvo Lisička Maribor. https://www.gobe.si/
",Slovenian,Ken-ichi Ueda,2024-04-15T21:08:28Z
781122,rdečebetna golobica,sl,"","","gobe.si—Gobarsko društvo Lisička Maribor. (n.d.). Gobarsko Društvo Lisička Maribor. https://www.gobe.si/
",Slovenian,Ken-ichi Ueda,2024-04-15T21:08:28Z
153464,marelična golobica,sl,"","","gobe.si—Gobarsko društvo Lisička Maribor. (n.d.). Gobarsko Društvo Lisička Maribor. https://www.gobe.si/
",Slovenian,Ken-ichi Ueda,2024-04-15T21:08:29Z
602393,malinova golobica,sl,"","","gobe.si—Gobarsko društvo Lisička Maribor. (n.d.). Gobarsko Društvo Lisička Maribor. https://www.gobe.si/
",Slovenian,Ken-ichi Ueda,2024-04-15T21:08:29Z
48338,češnjeva golobica,sl,"","","gobe.si—Gobarsko društvo Lisička Maribor. (n.d.). Gobarsko Društvo Lisička Maribor. https://www.gobe.si/
",Slovenian,Ken-ichi Ueda,2024-04-15T21:08:29Z
130200,drobljiva golobica,sl,"","","gobe.si—Gobarsko društvo Lisička Maribor. (n.d.). Gobarsko Društvo Lisička Maribor. https://www.gobe.si/
",Slovenian,Ken-ichi Ueda,2024-04-15T21:08:30Z
577903,istrska golobica,sl,"","","gobe.si—Gobarsko društvo Lisička Maribor. (n.d.). Gobarsko Društvo Lisička Maribor. https://www.gobe.si/
",Slovenian,Ken-ichi Ueda,2024-04-15T21:08:30Z
49447,mahovna golobica,sl,"","","gobe.si—Gobarsko društvo Lisička Maribor. (n.d.). Gobarsko Društvo Lisička Maribor. https://www.gobe.si/
",Slovenian,Ken-ichi Ueda,2024-04-15T21:08:30Z
567147,sončna golobica,sl,"","","gobe.si—Gobarsko društvo Lisička Maribor. (n.d.). Gobarsko Društvo Lisička Maribor. https://www.gobe.si/
",Slovenian,Ken-ichi Ueda,2024-04-15T21:08:30Z
384195,sestrska golobica,sl,"","","gobe.si—Gobarsko društvo Lisička Maribor. (n.d.). Gobarsko Društvo Lisička Maribor. https://www.gobe.si/
",Slovenian,Ken-ichi Ueda,2024-04-15T21:08:31Z
352309,smrdikasta golobica,sl,"","","gobe.si—Gobarsko društvo Lisička Maribor. (n.d.). Gobarsko Društvo Lisička Maribor. https://www.gobe.si/
",Slovenian,Ken-ichi Ueda,2024-04-15T21:08:31Z
483989,tršata golobica,sl,"","","gobe.si—Gobarsko društvo Lisička Maribor. (n.d.). Gobarsko Društvo Lisička Maribor. https://www.gobe.si/
",Slovenian,Ken-ichi Ueda,2024-04-15T21:08:31Z
516989,višnjeva golobica,sl,"","","gobe.si—Gobarsko društvo Lisička Maribor. (n.d.). Gobarsko Društvo Lisička Maribor. https://www.gobe.si/
",Slovenian,Ken-ichi Ueda,2024-04-15T21:08:31Z
861492,opečnata golobica,sl,"","","gobe.si—Gobarsko društvo Lisička Maribor. (n.d.). Gobarsko Društvo Lisička Maribor. https://www.gobe.si/
",Slovenian,Ken-ichi Ueda,2024-04-15T21:08:32Z
352311,užitna golobica,sl,"","","gobe.si—Gobarsko društvo Lisička Maribor. (n.d.). Gobarsko Društvo Lisička Maribor. https://www.gobe.si/
",Slovenian,Ken-ichi Ueda,2024-04-15T21:08:32Z
557139,vijoličnobetna golobica,sl,"","","gobe.si—Gobarsko društvo Lisička Maribor. (n.d.). Gobarsko Društvo Lisička Maribor. https://www.gobe.si/
",Slovenian,Ken-ichi Ueda,2024-04-15T21:08:32Z
125720,zelenkasta golobica,sl,"","","gobe.si—Gobarsko društvo Lisička Maribor. (n.d.). Gobarsko Društvo Lisička Maribor. https://www.gobe.si/
",Slovenian,Ken-ichi Ueda,2024-04-15T21:08:32Z
875155,lepljiva golobica,sl,"","","gobe.si—Gobarsko društvo Lisička Maribor. (n.d.). Gobarsko Društvo Lisička Maribor. https://www.gobe.si/
",Slovenian,Ken-ichi Ueda,2024-04-15T21:08:33Z
154875,slanikova golobica,sl,"","","gobe.si—Gobarsko društvo Lisička Maribor. (n.d.). Gobarsko Društvo Lisička Maribor. https://www.gobe.si/
",Slovenian,Ken-ichi Ueda,2024-04-15T21:08:33Z
1045361,Zvarova golobica,sl,"","","gobe.si—Gobarsko društvo Lisička Maribor. (n.d.). Gobarsko Društvo Lisička Maribor. https://www.gobe.si/
",Slovenian,Ken-ichi Ueda,2024-04-15T21:08:33Z
1488050,jelšina plitvica,sl,"","","gobe.si—Gobarsko društvo Lisička Maribor. (n.d.). Gobarsko Društvo Lisička Maribor. https://www.gobe.si/
",Slovenian,Ken-ichi Ueda,2024-04-15T21:08:33Z
981475,storževa plitvíca,sl,"","","gobe.si—Gobarsko društvo Lisička Maribor. (n.d.). Gobarsko Društvo Lisička Maribor. https://www.gobe.si/
",Slovenian,Ken-ichi Ueda,2024-04-15T21:08:34Z
875156,jelkina plitvíca,sl,"","","gobe.si—Gobarsko društvo Lisička Maribor. (n.d.). Gobarsko Društvo Lisička Maribor. https://www.gobe.si/
",Slovenian,Ken-ichi Ueda,2024-04-15T21:08:34Z
384205,črna oblenovka,sl,"","","gobe.si—Gobarsko društvo Lisička Maribor. (n.d.). Gobarsko Društvo Lisička Maribor. https://www.gobe.si/
",Slovenian,Ken-ichi Ueda,2024-04-15T21:08:34Z
341757,gladki ježevec,sl,"","","gobe.si—Gobarsko društvo Lisička Maribor. (n.d.). Gobarsko Društvo Lisička Maribor. https://www.gobe.si/
",Slovenian,Ken-ichi Ueda,2024-04-15T21:08:34Z
68183,zvezdasta čaša,sl,"","","gobe.si—Gobarsko društvo Lisička Maribor. (n.d.). Gobarsko Društvo Lisička Maribor. https://www.gobe.si/
",Slovenian,Ken-ichi Ueda,2024-04-15T21:08:35Z
785474,nenavadna razporka,sl,"","","gobe.si—Gobarsko društvo Lisička Maribor. (n.d.). Gobarsko Društvo Lisička Maribor. https://www.gobe.si/
",Slovenian,Ken-ichi Ueda,2024-04-15T21:08:36Z
203805,mekinasta trdokožnica,sl,"","","gobe.si—Gobarsko društvo Lisička Maribor. (n.d.). Gobarsko Društvo Lisička Maribor. https://www.gobe.si/
",Slovenian,Ken-ichi Ueda,2024-04-15T21:08:36Z
194501,kroglasta trdokožnica,sl,"","","gobe.si—Gobarsko društvo Lisička Maribor. (n.d.). Gobarsko Društvo Lisička Maribor. https://www.gobe.si/
",Slovenian,Ken-ichi Ueda,2024-04-15T21:08:36Z
118147,gladka trdokožnica,sl,"","","gobe.si—Gobarsko društvo Lisička Maribor. (n.d.). Gobarsko Društvo Lisička Maribor. https://www.gobe.si/
",Slovenian,Ken-ichi Ueda,2024-04-15T21:08:37Z
179071,bradavičasta trdokožnica,sl,"","","gobe.si—Gobarsko društvo Lisička Maribor. (n.d.). Gobarsko Društvo Lisička Maribor. https://www.gobe.si/
",Slovenian,Ken-ichi Ueda,2024-04-15T21:08:37Z
384237,Kerguelska ščetinka,sl,"","","gobe.si—Gobarsko društvo Lisička Maribor. (n.d.). Gobarsko Društvo Lisička Maribor. https://www.gobe.si/
",Slovenian,Ken-ichi Ueda,2024-04-15T21:08:38Z
49137,ščitasta ščetinka,sl,"","","gobe.si—Gobarsko društvo Lisička Maribor. (n.d.). Gobarsko Društvo Lisička Maribor. https://www.gobe.si/
",Slovenian,Ken-ichi Ueda,2024-04-15T21:08:38Z
352343,senčna ščetinka,sl,"","","gobe.si—Gobarsko društvo Lisička Maribor. (n.d.). Gobarsko Društvo Lisička Maribor. https://www.gobe.si/
",Slovenian,Ken-ichi Ueda,2024-04-15T21:08:38Z
946907,trhlolesna ščetinka,sl,"","","gobe.si—Gobarsko društvo Lisička Maribor. (n.d.). Gobarsko Društvo Lisička Maribor. https://www.gobe.si/
",Slovenian,Ken-ichi Ueda,2024-04-15T21:08:38Z
352364,lojasta štrlinka,sl,"","","gobe.si—Gobarsko društvo Lisička Maribor. (n.d.). Gobarsko Društvo Lisička Maribor. https://www.gobe.si/
",Slovenian,Ken-ichi Ueda,2024-04-15T21:08:39Z
335973,hišni lesomor,sl,"","","gobe.si—Gobarsko društvo Lisička Maribor. (n.d.). Gobarsko Društvo Lisička Maribor. https://www.gobe.si/
",Slovenian,Ken-ichi Ueda,2024-04-15T21:08:39Z
343174,olivnorjavi spodvihanec,sl,"","","gobe.si—Gobarsko društvo Lisička Maribor. (n.d.). Gobarsko Društvo Lisička Maribor. https://www.gobe.si/
",Slovenian,Ken-ichi Ueda,2024-04-15T21:08:39Z
500090,dvotrosni spodvihanec,sl,"","","gobe.si—Gobarsko društvo Lisička Maribor. (n.d.). Gobarsko Društvo Lisička Maribor. https://www.gobe.si/
",Slovenian,Ken-ichi Ueda,2024-04-15T21:08:40Z
500091,razkošni spodvihanec,sl,"","","gobe.si—Gobarsko društvo Lisička Maribor. (n.d.). Gobarsko Društvo Lisička Maribor. https://www.gobe.si/
",Slovenian,Ken-ichi Ueda,2024-04-15T21:08:40Z
384331,brezlična kostenelka,sl,"","","gobe.si—Gobarsko društvo Lisička Maribor. (n.d.). Gobarsko Društvo Lisička Maribor. https://www.gobe.si/
",Slovenian,Ken-ichi Ueda,2024-04-15T21:08:40Z
578800,mesnosiva kostenelka,sl,"","","gobe.si—Gobarsko društvo Lisička Maribor. (n.d.). Gobarsko Društvo Lisička Maribor. https://www.gobe.si/
",Slovenian,Ken-ichi Ueda,2024-04-15T21:08:40Z
352376,belkasta kostenelka,sl,"","","gobe.si—Gobarsko društvo Lisička Maribor. (n.d.). Gobarsko Društvo Lisička Maribor. https://www.gobe.si/
",Slovenian,Ken-ichi Ueda,2024-04-15T21:08:40Z
860448,vijoličasta lepotroska,sl,"","","gobe.si—Gobarsko društvo Lisička Maribor. (n.d.). Gobarsko Društvo Lisička Maribor. https://www.gobe.si/
",Slovenian,Ken-ichi Ueda,2024-04-15T21:08:41Z
875165,jelkov glivec,sl,"","","gobe.si—Gobarsko društvo Lisička Maribor. (n.d.). Gobarsko Društvo Lisička Maribor. https://www.gobe.si/
",Slovenian,Ken-ichi Ueda,2024-04-15T21:08:41Z
875165,hrastov glivec,sl,"","","gobe.si—Gobarsko društvo Lisička Maribor. (n.d.). Gobarsko Društvo Lisička Maribor. https://www.gobe.si/
",Slovenian,Ken-ichi Ueda,2024-04-15T21:08:41Z
334319,žličasti glivec,sl,"","","gobe.si—Gobarsko društvo Lisička Maribor. (n.d.). Gobarsko Društvo Lisička Maribor. https://www.gobe.si/
",Slovenian,Ken-ichi Ueda,2024-04-15T21:08:42Z
504115,barjanski sivolistnik,sl,"","","gobe.si—Gobarsko društvo Lisička Maribor. (n.d.). Gobarsko Društvo Lisička Maribor. https://www.gobe.si/
",Slovenian,Ken-ichi Ueda,2024-04-15T21:08:42Z
425360,bucikasti zajedalnik,sl,"","","gobe.si—Gobarsko društvo Lisička Maribor. (n.d.). Gobarsko Društvo Lisička Maribor. https://www.gobe.si/
",Slovenian,Ken-ichi Ueda,2024-04-15T21:08:42Z
322311,pripognjena nitkarica,sl,"","","gobe.si—Gobarsko društvo Lisička Maribor. (n.d.). Gobarsko Društvo Lisička Maribor. https://www.gobe.si/
",Slovenian,Ken-ichi Ueda,2024-04-15T21:08:43Z
126279,valujoča nitkarica,sl,"","","gobe.si—Gobarsko društvo Lisička Maribor. (n.d.). Gobarsko Društvo Lisička Maribor. https://www.gobe.si/
",Slovenian,Ken-ichi Ueda,2024-04-15T21:08:43Z
332685,kosmata slojevka,sl,"","","gobe.si—Gobarsko društvo Lisička Maribor. (n.d.). Gobarsko Društvo Lisička Maribor. https://www.gobe.si/
",Slovenian,Ken-ichi Ueda,2024-04-15T21:08:43Z
352462,črni kuštravec,sl,"","","gobe.si—Gobarsko društvo Lisička Maribor. (n.d.). Gobarsko Društvo Lisička Maribor. https://www.gobe.si/
",Slovenian,Ken-ichi Ueda,2024-04-15T21:08:44Z
352463,grenka storževka,sl,"","","gobe.si—Gobarsko društvo Lisička Maribor. (n.d.). Gobarsko Društvo Lisička Maribor. https://www.gobe.si/
",Slovenian,Ken-ichi Ueda,2024-04-15T21:08:45Z
829208,bleščeča strniščnica,sl,"","","gobe.si—Gobarsko društvo Lisička Maribor. (n.d.). Gobarsko Društvo Lisička Maribor. https://www.gobe.si/
",Slovenian,Ken-ichi Ueda,2024-04-15T21:08:45Z
118196,modrikasta strniščnica,sl,"","","gobe.si—Gobarsko društvo Lisička Maribor. (n.d.). Gobarsko Društvo Lisička Maribor. https://www.gobe.si/
",Slovenian,Ken-ichi Ueda,2024-04-15T21:08:45Z
179889,skandinavska strniščnica,sl,"","","gobe.si—Gobarsko društvo Lisička Maribor. (n.d.). Gobarsko Društvo Lisička Maribor. https://www.gobe.si/
",Slovenian,Ken-ichi Ueda,2024-04-15T21:08:46Z
119151,kukmakova strniščnica,sl,"","","gobe.si—Gobarsko društvo Lisička Maribor. (n.d.). Gobarsko Društvo Lisička Maribor. https://www.gobe.si/
",Slovenian,Ken-ichi Ueda,2024-04-15T21:08:46Z
824777,svinjski lupljivec,sl,"","","gobe.si—Gobarsko društvo Lisička Maribor. (n.d.). Gobarsko Društvo Lisička Maribor. https://www.gobe.si/
",Slovenian,Ken-ichi Ueda,2024-04-15T21:08:47Z
542911,varljivi lupljivec,sl,"","","gobe.si—Gobarsko društvo Lisička Maribor. (n.d.). Gobarsko Društvo Lisička Maribor. https://www.gobe.si/
",Slovenian,Ken-ichi Ueda,2024-04-15T21:08:47Z
410601,votlobetna lupljivka,sl,"","","gobe.si—Gobarsko društvo Lisička Maribor. (n.d.). Gobarsko Društvo Lisička Maribor. https://www.gobe.si/
",Slovenian,Ken-ichi Ueda,2024-04-15T21:08:48Z
464150,rumena lupljivka,sl,"","","gobe.si—Gobarsko društvo Lisička Maribor. (n.d.). Gobarsko Društvo Lisička Maribor. https://www.gobe.si/
",Slovenian,Ken-ichi Ueda,2024-04-15T21:08:48Z
147277,macesnova lupljivka,sl,"","","gobe.si—Gobarsko društvo Lisička Maribor. (n.d.). Gobarsko Društvo Lisička Maribor. https://www.gobe.si/
",Slovenian,Ken-ichi Ueda,2024-04-15T21:08:49Z
499954,bela lupljivka,sl,"","","gobe.si—Gobarsko društvo Lisička Maribor. (n.d.). Gobarsko Društvo Lisička Maribor. https://www.gobe.si/
",Slovenian,Ken-ichi Ueda,2024-04-15T21:08:49Z
554919,tridentinska lupljivka,sl,"","","gobe.si—Gobarsko društvo Lisička Maribor. (n.d.). Gobarsko Društvo Lisička Maribor. https://www.gobe.si/
",Slovenian,Ken-ichi Ueda,2024-04-15T21:08:50Z
978480,zastrta pogačica,sl,"","","gobe.si—Gobarsko društvo Lisička Maribor. (n.d.). Gobarsko Društvo Lisička Maribor. https://www.gobe.si/
",Slovenian,Ken-ichi Ueda,2024-04-15T21:08:52Z
1264389,pogoriščna sivolistka,sl,"","","gobe.si—Gobarsko društvo Lisička Maribor. (n.d.). Gobarsko Društvo Lisička Maribor. https://www.gobe.si/
",Slovenian,Ken-ichi Ueda,2024-04-15T21:08:52Z
811054,očrnjena sivolistka,sl,"","","gobe.si—Gobarsko društvo Lisička Maribor. (n.d.). Gobarsko Društvo Lisička Maribor. https://www.gobe.si/
",Slovenian,Ken-ichi Ueda,2024-04-15T21:08:52Z
1303154,progasta sivolistka,sl,"","","gobe.si—Gobarsko društvo Lisička Maribor. (n.d.). Gobarsko Društvo Lisička Maribor. https://www.gobe.si/
",Slovenian,Ken-ichi Ueda,2024-04-15T21:08:52Z
1428348,ploskobetna sivolistka,sl,"","","gobe.si—Gobarsko društvo Lisička Maribor. (n.d.). Gobarsko Društvo Lisička Maribor. https://www.gobe.si/
",Slovenian,Ken-ichi Ueda,2024-04-15T21:08:52Z
500130,žarka sivolistka,sl,"","","gobe.si—Gobarsko društvo Lisička Maribor. (n.d.). Gobarsko Društvo Lisička Maribor. https://www.gobe.si/
",Slovenian,Ken-ichi Ueda,2024-04-15T21:08:53Z
1159218,modreča krasotica,sl,"","","gobe.si—Gobarsko društvo Lisička Maribor. (n.d.). Gobarsko Društvo Lisička Maribor. https://www.gobe.si/
",Slovenian,Ken-ichi Ueda,2024-04-15T21:08:53Z
1438517,tirolska trebušarka,sl,"","","gobe.si—Gobarsko društvo Lisička Maribor. (n.d.). Gobarsko Društvo Lisička Maribor. https://www.gobe.si/
",Slovenian,Ken-ichi Ueda,2024-04-15T21:08:55Z
1438537,sivomodra trebušarka,sl,"","","gobe.si—Gobarsko društvo Lisička Maribor. (n.d.). Gobarsko Društvo Lisička Maribor. https://www.gobe.si/
",Slovenian,Ken-ichi Ueda,2024-04-15T21:08:57Z
1441123,gručasta trebušarka,sl,"","","gobe.si—Gobarsko društvo Lisička Maribor. (n.d.). Gobarsko Društvo Lisička Maribor. https://www.gobe.si/
",Slovenian,Ken-ichi Ueda,2024-04-15T21:08:57Z
384507,brezoblična kozjebobka,sl,"","","gobe.si—Gobarsko društvo Lisička Maribor. (n.d.). Gobarsko Društvo Lisička Maribor. https://www.gobe.si/
",Slovenian,Ken-ichi Ueda,2024-04-15T21:08:58Z
352498,nageljnasta roža,sl,"","","gobe.si—Gobarsko društvo Lisička Maribor. (n.d.). Gobarsko Društvo Lisička Maribor. https://www.gobe.si/
",Slovenian,Ken-ichi Ueda,2024-04-15T21:08:59Z
118100,grmičasta roža,sl,"","","gobe.si—Gobarsko društvo Lisička Maribor. (n.d.). Gobarsko Društvo Lisička Maribor. https://www.gobe.si/
",Slovenian,Ken-ichi Ueda,2024-04-15T21:08:59Z
328324,čopičasta roža,sl,"","","gobe.si—Gobarsko društvo Lisička Maribor. (n.d.). Gobarsko Društvo Lisička Maribor. https://www.gobe.si/
",Slovenian,Ken-ichi Ueda,2024-04-15T21:08:59Z
518873,košutnični glavatež,sl,"","","gobe.si—Gobarsko društvo Lisička Maribor. (n.d.). Gobarsko Društvo Lisička Maribor. https://www.gobe.si/
",Slovenian,Ken-ichi Ueda,2024-04-15T21:08:59Z
499797,kačonov glavatež,sl,"","","gobe.si—Gobarsko društvo Lisička Maribor. (n.d.). Gobarsko Društvo Lisička Maribor. https://www.gobe.si/
",Slovenian,Ken-ichi Ueda,2024-04-15T21:09:00Z
352556,vrbova ploskocevka,sl,"","","gobe.si—Gobarsko društvo Lisička Maribor. (n.d.). Gobarsko Društvo Lisička Maribor. https://www.gobe.si/
",Slovenian,Ken-ichi Ueda,2024-04-15T21:09:01Z
1358514,navadna ploskocevka,sl,"","","gobe.si—Gobarsko društvo Lisička Maribor. (n.d.). Gobarsko Društvo Lisička Maribor. https://www.gobe.si/
",Slovenian,Ken-ichi Ueda,2024-04-15T21:09:01Z
485771,rjaveča ploskocevnica,sl,"","","gobe.si—Gobarsko društvo Lisička Maribor. (n.d.). Gobarsko Društvo Lisička Maribor. https://www.gobe.si/
",Slovenian,Ken-ichi Ueda,2024-04-15T21:09:02Z
1109244,zvijugana drhtavka,sl,"","","gobe.si—Gobarsko društvo Lisička Maribor. (n.d.). Gobarsko Društvo Lisička Maribor. https://www.gobe.si/
",Slovenian,Ken-ichi Ueda,2024-04-15T21:09:02Z
335960,rjavovijolična apnenka,sl,"","","gobe.si—Gobarsko društvo Lisička Maribor. (n.d.). Gobarsko Društvo Lisička Maribor. https://www.gobe.si/
",Slovenian,Ken-ichi Ueda,2024-04-15T21:09:03Z
875180,citronasta blazinka,sl,"","","gobe.si—Gobarsko društvo Lisička Maribor. (n.d.). Gobarsko Društvo Lisička Maribor. https://www.gobe.si/
",Slovenian,Ken-ichi Ueda,2024-04-15T21:09:03Z
55240,kosmati jezikovec,sl,"","","gobe.si—Gobarsko društvo Lisička Maribor. (n.d.). Gobarsko Društvo Lisička Maribor. https://www.gobe.si/
",Slovenian,Ken-ichi Ueda,2024-04-15T21:09:03Z
451025,trpka kolobarnica,sl,"","","gobe.si—Gobarsko društvo Lisička Maribor. (n.d.). Gobarsko Društvo Lisička Maribor. https://www.gobe.si/
",Slovenian,Ken-ichi Ueda,2024-04-15T21:09:03Z
194443,gorjupa kolobarnica,sl,"","","gobe.si—Gobarsko društvo Lisička Maribor. (n.d.). Gobarsko Društvo Lisička Maribor. https://www.gobe.si/
",Slovenian,Ken-ichi Ueda,2024-04-15T21:09:04Z
118200,svetlorjava kolobarnica,sl,"","","gobe.si—Gobarsko društvo Lisička Maribor. (n.d.). Gobarsko Društvo Lisička Maribor. https://www.gobe.si/
",Slovenian,Ken-ichi Ueda,2024-04-15T21:09:05Z
515020,bela kolobarnica,sl,"","","gobe.si—Gobarsko društvo Lisička Maribor. (n.d.). Gobarsko Društvo Lisička Maribor. https://www.gobe.si/
",Slovenian,Ken-ichi Ueda,2024-04-15T21:09:05Z
499774,začimbena kolobarnica,sl,"","","gobe.si—Gobarsko društvo Lisička Maribor. (n.d.). Gobarsko Društvo Lisička Maribor. https://www.gobe.si/
",Slovenian,Ken-ichi Ueda,2024-04-15T21:09:05Z
194448,oranžna kolobarnica,sl,"","","gobe.si—Gobarsko društvo Lisička Maribor. (n.d.). Gobarsko Društvo Lisička Maribor. https://www.gobe.si/
",Slovenian,Ken-ichi Ueda,2024-04-15T21:09:05Z
512856,žarobetna kolobarnica,sl,"","","gobe.si—Gobarsko društvo Lisička Maribor. (n.d.). Gobarsko Društvo Lisička Maribor. https://www.gobe.si/
",Slovenian,Ken-ichi Ueda,2024-04-15T21:09:06Z
1018957,Bresadolova kolobarnica,sl,"","","gobe.si—Gobarsko društvo Lisička Maribor. (n.d.). Gobarsko Društvo Lisička Maribor. https://www.gobe.si/
",Slovenian,Ken-ichi Ueda,2024-04-15T21:09:06Z
408299,krastačja kolobarnica,sl,"","","gobe.si—Gobarsko društvo Lisička Maribor. (n.d.). Gobarsko Društvo Lisička Maribor. https://www.gobe.si/
",Slovenian,Ken-ichi Ueda,2024-04-15T21:09:06Z
125704,krokodilja kolobarnica,sl,"","","gobe.si—Gobarsko društvo Lisička Maribor. (n.d.). Gobarsko Društvo Lisička Maribor. https://www.gobe.si/
",Slovenian,Ken-ichi Ueda,2024-04-15T21:09:06Z
499619,obročkana kolobarnica,sl,"","","gobe.si—Gobarsko društvo Lisička Maribor. (n.d.). Gobarsko Društvo Lisička Maribor. https://www.gobe.si/
",Slovenian,Ken-ichi Ueda,2024-04-15T21:09:07Z
499995,orjaška kolobarnica,sl,"","","gobe.si—Gobarsko društvo Lisička Maribor. (n.d.). Gobarsko Društvo Lisička Maribor. https://www.gobe.si/
",Slovenian,Ken-ichi Ueda,2024-04-15T21:09:07Z
352605,golobičja kolobarnica,sl,"","","gobe.si—Gobarsko društvo Lisička Maribor. (n.d.). Gobarsko Društvo Lisička Maribor. https://www.gobe.si/
",Slovenian,Ken-ichi Ueda,2024-04-15T21:09:07Z
118215,zelenkasta kolobarnica,sl,"","","gobe.si—Gobarsko društvo Lisička Maribor. (n.d.). Gobarsko Društvo Lisička Maribor. https://www.gobe.si/
",Slovenian,Ken-ichi Ueda,2024-04-15T21:09:07Z
559224,rjavoluska kolobarnica,sl,"","","gobe.si—Gobarsko društvo Lisička Maribor. (n.d.). Gobarsko Društvo Lisička Maribor. https://www.gobe.si/
",Slovenian,Ken-ichi Ueda,2024-04-15T21:09:08Z
179838,ovratniška kolobarnica,sl,"","","gobe.si—Gobarsko društvo Lisička Maribor. (n.d.). Gobarsko Društvo Lisička Maribor. https://www.gobe.si/
",Slovenian,Ken-ichi Ueda,2024-04-15T21:09:08Z
411133,polzastrta kolobarnica,sl,"","","gobe.si—Gobarsko društvo Lisička Maribor. (n.d.). Gobarsko Društvo Lisička Maribor. https://www.gobe.si/
",Slovenian,Ken-ichi Ueda,2024-04-15T21:09:08Z
464012,listnata kolobarnica,sl,"","","gobe.si—Gobarsko društvo Lisička Maribor. (n.d.). Gobarsko Društvo Lisička Maribor. https://www.gobe.si/
",Slovenian,Ken-ichi Ueda,2024-04-15T21:09:08Z
372273,rumenolistna kolobarnica,sl,"","","gobe.si—Gobarsko društvo Lisička Maribor. (n.d.). Gobarsko Društvo Lisička Maribor. https://www.gobe.si/
",Slovenian,Ken-ichi Ueda,2024-04-15T21:09:09Z
341797,kosmata kolobarnica,sl,"","","gobe.si—Gobarsko društvo Lisička Maribor. (n.d.). Gobarsko Društvo Lisička Maribor. https://www.gobe.si/
",Slovenian,Ken-ichi Ueda,2024-04-15T21:09:09Z
118211,mekinasta kolobarnica,sl,"","","gobe.si—Gobarsko društvo Lisička Maribor. (n.d.). Gobarsko Društvo Lisička Maribor. https://www.gobe.si/
",Slovenian,Ken-ichi Ueda,2024-04-15T21:09:09Z
1046596,zajetna kolobarnica,sl,"","","gobe.si—Gobarsko društvo Lisička Maribor. (n.d.). Gobarsko Društvo Lisička Maribor. https://www.gobe.si/
",Slovenian,Ken-ichi Ueda,2024-04-15T21:09:10Z
1164149,stenična kolobarnica,sl,"","","gobe.si—Gobarsko društvo Lisička Maribor. (n.d.). Gobarsko Društvo Lisička Maribor. https://www.gobe.si/
",Slovenian,Ken-ichi Ueda,2024-04-15T21:09:10Z
875183,zoprna kolobarnica,sl,"","","gobe.si—Gobarsko društvo Lisička Maribor. (n.d.). Gobarsko Društvo Lisička Maribor. https://www.gobe.si/
",Slovenian,Ken-ichi Ueda,2024-04-15T21:09:11Z
517773,širokolistna kolobarnica,sl,"","","gobe.si—Gobarsko društvo Lisička Maribor. (n.d.). Gobarsko Društvo Lisička Maribor. https://www.gobe.si/
",Slovenian,Ken-ichi Ueda,2024-04-15T21:09:11Z
480658,žarolistna kolobarnica,sl,"","","gobe.si—Gobarsko društvo Lisička Maribor. (n.d.). Gobarsko Društvo Lisička Maribor. https://www.gobe.si/
",Slovenian,Ken-ichi Ueda,2024-04-15T21:09:11Z
335206,pegasta kolobarnica,sl,"","","gobe.si—Gobarsko društvo Lisička Maribor. (n.d.). Gobarsko Društvo Lisička Maribor. https://www.gobe.si/
",Slovenian,Ken-ichi Ueda,2024-04-15T21:09:11Z
194452,lepljiva kolobarnica,sl,"","","gobe.si—Gobarsko društvo Lisička Maribor. (n.d.). Gobarsko Društvo Lisička Maribor. https://www.gobe.si/
",Slovenian,Ken-ichi Ueda,2024-04-15T21:09:12Z
341798,topolova kolobarnica,sl,"","","gobe.si—Gobarsko društvo Lisička Maribor. (n.d.). Gobarsko Društvo Lisička Maribor. https://www.gobe.si/
",Slovenian,Ken-ichi Ueda,2024-04-15T21:09:12Z
194460,zimska kolobarnica,sl,"","","gobe.si—Gobarsko društvo Lisička Maribor. (n.d.). Gobarsko Društvo Lisička Maribor. https://www.gobe.si/
",Slovenian,Ken-ichi Ueda,2024-04-15T21:09:12Z
372273,varljiva kolobarnica,sl,"","","gobe.si—Gobarsko društvo Lisička Maribor. (n.d.). Gobarsko Društvo Lisička Maribor. https://www.gobe.si/
",Slovenian,Ken-ichi Ueda,2024-04-15T21:09:12Z
1047476,trpkorožnata kolobarnica,sl,"","","gobe.si—Gobarsko društvo Lisička Maribor. (n.d.). Gobarsko Društvo Lisička Maribor. https://www.gobe.si/
",Slovenian,Ken-ichi Ueda,2024-04-15T21:09:12Z
806590,pogubna kolobarnica,sl,"","","gobe.si—Gobarsko društvo Lisička Maribor. (n.d.). Gobarsko Društvo Lisička Maribor. https://www.gobe.si/
",Slovenian,Ken-ichi Ueda,2024-04-15T21:09:13Z
384582,luskobetna kolobarnica,sl,"","","gobe.si—Gobarsko društvo Lisička Maribor. (n.d.). Gobarsko Društvo Lisička Maribor. https://www.gobe.si/
",Slovenian,Ken-ichi Ueda,2024-04-15T21:09:13Z
714557,zgoščenolistna kolobarnica,sl,"","","gobe.si—Gobarsko društvo Lisička Maribor. (n.d.). Gobarsko Društvo Lisička Maribor. https://www.gobe.si/
",Slovenian,Ken-ichi Ueda,2024-04-15T21:09:14Z
629227,lisasta kolobarnica,sl,"","","gobe.si—Gobarsko društvo Lisička Maribor. (n.d.). Gobarsko Društvo Lisička Maribor. https://www.gobe.si/
",Slovenian,Ken-ichi Ueda,2024-04-15T21:09:14Z
408299,žveplena kolobarnica,sl,"","","gobe.si—Gobarsko društvo Lisička Maribor. (n.d.). Gobarsko Društvo Lisička Maribor. https://www.gobe.si/
",Slovenian,Ken-ichi Ueda,2024-04-15T21:09:14Z
875184,gorska kolobarnica,sl,"","","gobe.si—Gobarsko društvo Lisička Maribor. (n.d.). Gobarsko Društvo Lisička Maribor. https://www.gobe.si/
",Slovenian,Ken-ichi Ueda,2024-04-15T21:09:15Z
118201,osmojena kolobarnica,sl,"","","gobe.si—Gobarsko društvo Lisička Maribor. (n.d.). Gobarsko Društvo Lisička Maribor. https://www.gobe.si/
",Slovenian,Ken-ichi Ueda,2024-04-15T21:09:15Z
118199,sluzasta kolobarnica,sl,"","","gobe.si—Gobarsko društvo Lisička Maribor. (n.d.). Gobarsko Društvo Lisička Maribor. https://www.gobe.si/
",Slovenian,Ken-ichi Ueda,2024-04-15T21:09:15Z
352609,kocasta kolobarnica,sl,"","","gobe.si—Gobarsko društvo Lisička Maribor. (n.d.). Gobarsko Društvo Lisička Maribor. https://www.gobe.si/
",Slovenian,Ken-ichi Ueda,2024-04-15T21:09:15Z
118206,pekoča kolobarnica,sl,"","","gobe.si—Gobarsko društvo Lisička Maribor. (n.d.). Gobarsko Društvo Lisička Maribor. https://www.gobe.si/
",Slovenian,Ken-ichi Ueda,2024-04-15T21:09:15Z
1018967,citronasta kolobarnica,sl,"","","gobe.si—Gobarsko društvo Lisička Maribor. (n.d.). Gobarsko Društvo Lisička Maribor. https://www.gobe.si/
",Slovenian,Ken-ichi Ueda,2024-04-15T21:09:16Z
875185,navadna križnotrosnica,sl,"","","gobe.si—Gobarsko društvo Lisička Maribor. (n.d.). Gobarsko Društvo Lisička Maribor. https://www.gobe.si/
",Slovenian,Ken-ichi Ueda,2024-04-15T21:09:16Z
484281,obročkana trobljica,sl,"","","gobe.si—Gobarsko društvo Lisička Maribor. (n.d.). Gobarsko Društvo Lisička Maribor. https://www.gobe.si/
",Slovenian,Ken-ichi Ueda,2024-04-15T21:09:17Z
118217,obročkasta trobljica,sl,"","","gobe.si—Gobarsko društvo Lisička Maribor. (n.d.). Gobarsko Društvo Lisička Maribor. https://www.gobe.si/
",Slovenian,Ken-ichi Ueda,2024-04-15T21:09:17Z
797910,velika trobljica,sl,"","","gobe.si—Gobarsko društvo Lisička Maribor. (n.d.). Gobarsko Društvo Lisička Maribor. https://www.gobe.si/
",Slovenian,Ken-ichi Ueda,2024-04-15T21:09:18Z
352626,toploljubna gomoljika,sl,"","","gobe.si—Gobarsko društvo Lisička Maribor. (n.d.). Gobarsko Društvo Lisička Maribor. https://www.gobe.si/
",Slovenian,Ken-ichi Ueda,2024-04-15T21:09:18Z
875187,zimska gomoljika,sl,"","","gobe.si—Gobarsko društvo Lisička Maribor. (n.d.). Gobarsko Društvo Lisička Maribor. https://www.gobe.si/
",Slovenian,Ken-ichi Ueda,2024-04-15T21:09:19Z
123453,bela gomoljika,sl,"","","gobe.si—Gobarsko društvo Lisička Maribor. (n.d.). Gobarsko Društvo Lisička Maribor. https://www.gobe.si/
",Slovenian,Ken-ichi Ueda,2024-04-15T21:09:19Z
352636,rdečkasta gomoljika,sl,"","","gobe.si—Gobarsko društvo Lisička Maribor. (n.d.). Gobarsko Društvo Lisička Maribor. https://www.gobe.si/
",Slovenian,Ken-ichi Ueda,2024-04-15T21:09:19Z
1111865,kosmičasta črnelnica,sl,"","","gobe.si—Gobarsko društvo Lisička Maribor. (n.d.). Gobarsko Društvo Lisička Maribor. https://www.gobe.si/
",Slovenian,Ken-ichi Ueda,2024-04-15T21:09:21Z
416478,rdečebetna betičevka,sl,"","","gobe.si—Gobarsko društvo Lisička Maribor. (n.d.). Gobarsko Društvo Lisička Maribor. https://www.gobe.si/
",Slovenian,Ken-ichi Ueda,2024-04-15T21:09:21Z
54717,ločkova betičevka,sl,"","","gobe.si—Gobarsko društvo Lisička Maribor. (n.d.). Gobarsko Društvo Lisička Maribor. https://www.gobe.si/
",Slovenian,Ken-ichi Ueda,2024-04-15T21:09:21Z
118122,brstična betičevka,sl,"","","gobe.si—Gobarsko društvo Lisička Maribor. (n.d.). Gobarsko Društvo Lisička Maribor. https://www.gobe.si/
",Slovenian,Ken-ichi Ueda,2024-04-15T21:09:21Z
130946,snežnobeli sirovec,sl,"","","gobe.si—Gobarsko društvo Lisička Maribor. (n.d.). Gobarsko Društvo Lisička Maribor. https://www.gobe.si/
",Slovenian,Ken-ichi Ueda,2024-04-15T21:09:22Z
959347,beli sirovec,sl,"","","gobe.si—Gobarsko društvo Lisička Maribor. (n.d.). Gobarsko Društvo Lisička Maribor. https://www.gobe.si/
",Slovenian,Ken-ichi Ueda,2024-04-15T21:09:22Z
384675,mlečnikova rja,sl,"","","gobe.si—Gobarsko društvo Lisička Maribor. (n.d.). Gobarsko Društvo Lisička Maribor. https://www.gobe.si/
",Slovenian,Ken-ichi Ueda,2024-04-15T21:09:22Z
1409663,koruzna snet,sl,"","","gobe.si—Gobarsko društvo Lisička Maribor. (n.d.). Gobarsko Društvo Lisička Maribor. https://www.gobe.si/
",Slovenian,Ken-ichi Ueda,2024-04-15T21:09:23Z
1124968,jesenova večnoluknjičarka,sl,"","","gobe.si—Gobarsko društvo Lisička Maribor. (n.d.). Gobarsko Društvo Lisička Maribor. https://www.gobe.si/
",Slovenian,Ken-ichi Ueda,2024-04-15T21:09:23Z
126131,češki smrčkovec,sl,"","","gobe.si—Gobarsko društvo Lisička Maribor. (n.d.). Gobarsko Društvo Lisička Maribor. https://www.gobe.si/
",Slovenian,Ken-ichi Ueda,2024-04-15T21:09:23Z
434762,oranžna potočka,sl,"","","gobe.si—Gobarsko društvo Lisička Maribor. (n.d.). Gobarsko Društvo Lisička Maribor. https://www.gobe.si/
",Slovenian,Ken-ichi Ueda,2024-04-15T21:09:23Z
864491,modrikasta nožničarka,sl,"","","gobe.si—Gobarsko društvo Lisička Maribor. (n.d.). Gobarsko Društvo Lisička Maribor. https://www.gobe.si/
",Slovenian,Ken-ichi Ueda,2024-04-15T21:09:24Z
63420,puhasta nožničarka,sl,"","","gobe.si—Gobarsko društvo Lisička Maribor. (n.d.). Gobarsko Društvo Lisička Maribor. https://www.gobe.si/
",Slovenian,Ken-ichi Ueda,2024-04-15T21:09:25Z
384733,parazitska nožničarka,sl,"","","gobe.si—Gobarsko društvo Lisička Maribor. (n.d.). Gobarsko Društvo Lisička Maribor. https://www.gobe.si/
",Slovenian,Ken-ichi Ueda,2024-04-15T21:09:25Z
384734,uničujoča viljeminka,sl,"","","gobe.si—Gobarsko društvo Lisička Maribor. (n.d.). Gobarsko Društvo Lisička Maribor. https://www.gobe.si/
",Slovenian,Ken-ichi Ueda,2024-04-15T21:09:25Z
559111,jelševa poličarka,sl,"","","gobe.si—Gobarsko društvo Lisička Maribor. (n.d.). Gobarsko Društvo Lisička Maribor. https://www.gobe.si/
",Slovenian,Ken-ichi Ueda,2024-04-15T21:09:25Z
416306,modreči polstenec,sl,"","","gobe.si—Gobarsko društvo Lisička Maribor. (n.d.). Gobarsko Društvo Lisička Maribor. https://www.gobe.si/
",Slovenian,Ken-ichi Ueda,2024-04-15T21:09:26Z
474202,topotrosni polstenec,sl,"","","gobe.si—Gobarsko društvo Lisička Maribor. (n.d.). Gobarsko Društvo Lisička Maribor. https://www.gobe.si/
",Slovenian,Ken-ichi Ueda,2024-04-15T21:09:26Z
474502,poprhnjeni polstenec,sl,"","","gobe.si—Gobarsko društvo Lisička Maribor. (n.d.). Gobarsko Društvo Lisička Maribor. https://www.gobe.si/
",Slovenian,Ken-ichi Ueda,2024-04-15T21:09:26Z
928737,datljeva polstenka,sl,"","","gobe.si—Gobarsko društvo Lisička Maribor. (n.d.). Gobarsko Društvo Lisička Maribor. https://www.gobe.si/
",Slovenian,Ken-ichi Ueda,2024-04-15T21:09:27Z
485374,navadna polstenka,sl,"","","gobe.si—Gobarsko društvo Lisička Maribor. (n.d.). Gobarsko Društvo Lisička Maribor. https://www.gobe.si/
",Slovenian,Ken-ichi Ueda,2024-04-15T21:09:27Z
1364985,olivni žoltotrosec,sl,"","","gobe.si—Gobarsko društvo Lisička Maribor. (n.d.). Gobarsko Društvo Lisička Maribor. https://www.gobe.si/
",Slovenian,Ken-ichi Ueda,2024-04-15T21:09:27Z
491237,mili širokolistar,sl,"","","gobe.si—Gobarsko društvo Lisička Maribor. (n.d.). Gobarsko Društvo Lisička Maribor. https://www.gobe.si/
",Slovenian,Ken-ichi Ueda,2024-04-15T21:09:28Z
130947,mozaikasti votlinar,sl,"","","gobe.si—Gobarsko društvo Lisička Maribor. (n.d.). Gobarsko Društvo Lisička Maribor. https://www.gobe.si/
",Slovenian,Ken-ichi Ueda,2024-04-15T21:09:29Z
886998,oranžni zóbnik,sl,"","","gobe.si—Gobarsko društvo Lisička Maribor. (n.d.). Gobarsko Društvo Lisička Maribor. https://www.gobe.si/
",Slovenian,Ken-ichi Ueda,2024-04-15T21:09:29Z
341834,otočkasti zóbnik,sl,"","","gobe.si—Gobarsko društvo Lisička Maribor. (n.d.). Gobarsko Društvo Lisička Maribor. https://www.gobe.si/
",Slovenian,Ken-ichi Ueda,2024-04-15T21:09:29Z
1019876,bezgov zóbnik,sl,"","","gobe.si—Gobarsko društvo Lisička Maribor. (n.d.). Gobarsko Društvo Lisička Maribor. https://www.gobe.si/
",Slovenian,Ken-ichi Ueda,2024-04-15T21:09:29Z
481483,klobučarji,sl,"","",,Slovenian,Matej Frančeškin,2024-04-16T00:55:32Z
1541699,Tenorejeva smiljka,sl,"","",https://www.inaturalist.org/taxon_names/2891129/edit,Slovenian,,2024-04-16T09:18:25Z
350046,medlorumena mušnica,sl,"","",,Slovenian,Matej Frančeškin,2024-04-16T20:23:57Z
56251,pomladna zvončnica,sl,"","",,Slovenian,Matej Frančeškin,2024-04-20T20:35:50Z
179155,polčeladice,sl,"","",,Slovenian,Matej Frančeškin,2024-04-21T11:59:47Z
487322,travnice,sl,"","",,Slovenian,Matej Frančeškin,2024-04-21T12:00:42Z
506144,vlaknobetke,sl,"","",,Slovenian,Matej Frančeškin,2024-04-21T12:01:55Z
511716,pogačice,sl,"","",,Slovenian,Matej Frančeškin,2024-04-21T12:03:04Z
804310,steklasta polčeladica,sl,"","",,Slovenian,Matej Frančeškin,2024-04-21T12:08:00Z
341051,viličasti rožički,sl,"","",,Slovenian,Matej Frančeškin,2024-04-21T16:44:22Z
367960,Turška leska,sl,"","",,Slovenian,Žan Rode,2024-04-22T08:22:47Z
742831,prosojna jedrnica,sl,"","",,Slovenian,Matej Frančeškin,2024-04-22T12:48:45Z
351822,ogljeni luskinar,sl,"","",,Slovenian,Matej Frančeškin,2024-04-22T15:33:47Z
194414,črneča golobica,sl,"","",,Slovenian,Matej Frančeškin,2024-04-25T10:46:02Z
558051,žoltolistni korenovec,sl,"","",,Slovenian,Matej Frančeškin,2024-04-25T19:24:48Z
120281,perigordska gomoljika,sl,"","",,Slovenian,Matej Frančeškin,2024-04-25T19:29:17Z
179136,sočnokorenovke,sl,"","",,Slovenian,Matej Frančeškin,2024-04-26T12:15:20Z
1524965,mokovci,sl,"","",,Slovenian,Matej Frančeškin,2024-04-26T13:02:41Z
351128,malinasti skorjeder,sl,"","",,Slovenian,Matej Frančeškin,2024-04-26T13:07:09Z
127049,skorjederke,sl,"","",,Slovenian,Matej Frančeškin,2024-04-26T13:08:34Z
1150984,razpokanci,sl,"","",,Slovenian,Matej Frančeškin,2024-04-26T13:23:57Z
350366,stopničasti zobež,sl,"","",,Slovenian,Matej Frančeškin,2024-05-01T06:08:39Z
126592,baklovci,sl,"","",,Slovenian,Matej Frančeškin,2024-05-01T21:04:34Z
737600,čreslov cvet rdečkasti različek,sl,"","",,Slovenian,Matej Frančeškin,2024-05-03T12:38:01Z
780071,odsekanodniščni kukmak,sl,"","",,Slovenian,Matej Frančeškin,2024-05-05T11:14:27Z
349999,odsekani kukmak,sl,"","",,Slovenian,Matej Frančeškin,2024-05-05T11:15:31Z
335977,bukova žilnica,sl,"","",,Slovenian,Matej Frančeškin,2024-05-08T11:21:51Z
1435737,jelov trohnobnež,sl,"","",,Slovenian,Matej Frančeškin,2024-05-08T11:23:32Z
118039,raznolična trhlica,sl,"","",,Slovenian,Matej Frančeškin,2024-05-08T11:24:52Z
959879,mokovke,sl,"","",,Slovenian,Matej Frančeškin,2024-05-08T11:27:57Z
959878,zajedalska mokovka,sl,"","",,Slovenian,Matej Frančeškin,2024-05-08T11:28:18Z
525060,žveplorumena blazinka,sl,"","",,Slovenian,Matej Frančeškin,2024-05-08T11:33:30Z
57479,nagrbančenoplodna strašnica,sl,"","",https://www.inaturalist.org/taxon_names/2945792/edit,Slovenian,,2024-05-08T15:30:26Z
179059,resasti puhar,sl,"","",,Slovenian,Matej Frančeškin,2024-05-11T08:19:23Z
1551749,Alpski volčin,sl,"","",,Slovenian,Alenka Mihoric,2024-05-14T18:36:48Z
1111864,črnelnice,sl,"","",,Slovenian,Matej Frančeškin,2024-05-18T16:18:11Z
56310,črnivkarke,sl,"","",,Slovenian,Matej Frančeškin,2024-05-18T16:18:41Z
1435682,čeladke,sl,"","",,Slovenian,Matej Frančeškin,2024-05-18T16:30:04Z
50814,listarice,sl,"","",,Slovenian,Matej Frančeškin,2024-05-18T16:30:59Z
517556,Steidlerjeva drhtavka,sl,"","",,Slovenian,Matej Frančeškin,2024-05-19T15:01:35Z
375298,viljeminke,sl,"","",,Slovenian,Matej Frančeškin,2024-05-19T15:02:34Z
118243,rjavi zajček,sl,"","",,Slovenian,Matej Frančeškin,2024-05-19T15:07:17Z
499764,čeladke,sl,"","",,Slovenian,Matej Frančeškin,2024-05-19T15:10:45Z
47680,razbarvana grahovka,sl,"","",,Slovenian,Matej Frančeškin,2024-05-26T14:55:08Z
179228,rožnati smetiščar,sl,"","",,Slovenian,Matej Frančeškin,2024-05-29T09:44:22Z
351558,obrobljena pokrivača,sl,"","",,Slovenian,Matej Frančeškin,2024-05-29T10:19:30Z
353130,kamrovci,sl,"","",,Slovenian,Matej Frančeškin,2024-05-31T16:36:25Z
567069,belotrosniki,sl,"","",,Slovenian,Matej Frančeškin,2024-06-01T15:21:19Z
410501,zmedena grahovka,sl,"","",,Slovenian,Matej Frančeškin,2024-06-02T23:28:10Z
335990,zvegana zamazanka,sl,"","",,Slovenian,Matej Frančeškin,2024-06-03T09:07:13Z
55733,opojno trebelje,sl,"","",,Slovenian,Alenka Mihoric,2024-06-03T10:01:00Z
375318,mlečke,sl,"","",,Slovenian,Matej Frančeškin,2024-06-06T07:59:20Z
875083,belkasti dežniček,sl,"","",,Slovenian,Matej Frančeškin,2024-06-08T12:37:57Z
559336,Sporojedke,sl,"","",,Slovenian,Matej Frančeškin,2024-06-09T05:44:48Z
565092,Zlatousta sporojedka,sl,"","",,Slovenian,Matej Frančeškin,2024-06-09T05:45:33Z
381164,zelna lancetovka,sl,"","",,Slovenian,Matej Frančeškin,2024-06-11T12:49:50Z
374446,Lancetovke,sl,"","",,Slovenian,Matej Frančeškin,2024-06-11T12:50:28Z
59967,Kapusnice,sl,"","",,Slovenian,Matej Frančeškin,2024-06-11T12:52:41Z
1433249,bela kapusnica,sl,"","",,Slovenian,Matej Frančeškin,2024-06-11T12:53:13Z
52747,Prave Ose,sl,"","",,Slovenian,Žan Rode,2024-06-12T05:44:04Z
518300,pahljačasta spužvovka,sl,"","",,Slovenian,Matej Frančeškin,2024-06-12T08:10:34Z
518301,spužvovke,sl,"","",,Slovenian,Matej Frančeškin,2024-06-12T08:11:10Z
1556412,luknjičasta hladetinka,sl,"","",,Slovenian,Matej Frančeškin,2024-06-12T15:18:12Z
1477514,valjasta šilavka,sl,"","",https://www.inaturalist.org/taxon_names/2799894/edit,Slovenian,,2024-06-14T08:34:17Z
516040,lesna livača,sl,"","",,Slovenian,Matej Frančeškin,2024-06-19T18:27:17Z
509455,primorska grmovnica,sl,"","",,Slovenian,Alenka Mihoric,2024-06-22T09:13:06Z
54143,velika kozja brada,sl,"","",,Slovenian,Alenka Mihoric,2024-06-22T09:18:57Z
165287,visoka medena detelja,sl,"","",,Slovenian,Alenka Mihoric,2024-06-22T09:44:31Z
60031,beli pojalnik,sl,"","",,Slovenian,Alenka Mihoric,2024-06-22T09:51:08Z
543645,pokončna zaprednica,sl,"","",,Slovenian,Alenka Mihoric,2024-06-22T09:51:49Z
1468056,Tommasinijeva kozja brada,sl,"","",,Slovenian,Alenka Mihoric,2024-06-22T09:54:17Z
634625,navadni predivovec,sl,"","",,Slovenian,Alenka Mihoric,2024-06-22T09:59:03Z
54905,zali dimek,sl,"","",,Slovenian,Alenka Mihoric,2024-06-22T10:00:07Z
76479,ščetinasti dimek,sl,"","",,Slovenian,Alenka Mihoric,2024-06-22T10:01:47Z
1557912,varljivi glavinec,sl,"","",https://www.inaturalist.org/taxon_names/3368405/edit,Slovenian,,2024-06-24T12:02:05Z
363601,rjavolupinasti lupinar,sl,"","","gobe.si—Gobarsko društvo Lisička Maribor. (n.d.). Gobarsko Društvo Lisička Maribor. https://www.gobe.si/
",Slovenian,,2024-06-28T13:30:18Z
512746,strupena čeladica,sl,"","",,Slovenian,Matej Frančeškin,2024-07-02T11:54:43Z
366755,velikotrosna parjenka,sl,"","",,Slovenian,Matej Frančeškin,2024-07-02T12:04:06Z
426193,sviščev mravljiščar,sl,"","",,Slovenian,Alenka Mihoric,2024-07-06T08:03:35Z
911915,Justinova zvončica,sl,"","",,Slovenian,Alenka Mihoric,2024-07-06T08:59:18Z
127215,ozkolistni munec,sl,"","",,Slovenian,Alenka Mihoric,2024-07-06T10:13:03Z
1554487,kraški stoklasec,sl,"","",,Slovenian,Alenka Mihoric,2024-07-06T11:14:01Z
553907,prašičji novogoban,sl,"","","gobe.si—Gobarsko društvo Lisička Maribor. (n.d.). Gobarsko Društvo Lisička Maribor. https://www.gobe.si/
",Slovenian,Ken-ichi Ueda,2024-07-10T15:57:28Z
544549,lepi maslenec,sl,"","","gobe.si—Gobarsko društvo Lisička Maribor. (n.d.). Gobarsko Društvo Lisička Maribor. https://www.gobe.si/
",Slovenian,,2024-07-10T16:25:54Z
63027,rjavi lupinar,sl,"","",,Slovenian,Matej Frančeškin,2024-07-12T19:29:03Z
213962,Grmovna penivka,sl,"","",,Slovenian,Alenka Mihoric,2024-07-14T17:35:13Z
179103,sitasti prašnikar,sl,"","",,Slovenian,Matej Frančeškin,2024-07-23T09:48:45Z
1562069,njivska gorjušica,sl,"","",https://www.inaturalist.org/taxon_names/2510015/edit,Slovenian,,2024-07-25T14:26:00Z
67826,žgoča zlatica,sl,"","",,Slovenian,Alenka Mihoric,2024-07-25T21:29:51Z
896987,prosojna škržolica,sl,"","",,Slovenian,Alenka Mihoric,2024-07-26T10:29:58Z
77835,Japonsko kosteničje,sl,"","",,Slovenian,Žan Rode,2024-08-04T06:47:11Z
1109136,Morisova škržolica,sl,"","",,Slovenian,Alenka Mihoric,2024-08-09T13:59:28Z
129287,rjastorjavi šaš,sl,"","",,Slovenian,Alenka Mihoric,2024-08-10T12:51:21Z
443,kosec,sl,"","",,Slovenian,Matej Frančeškin,2024-08-12T10:44:59Z
154,tukalice,sl,"","",,Slovenian,Matej Frančeškin,2024-08-12T10:45:47Z
824803,pritlikavi kukmak,sl,"","","gobe.si—Gobarsko društvo Lisička Maribor. (n.d.). Gobarsko Društvo Lisička Maribor. https://www.gobe.si/
",Slovenian,,2024-08-14T00:07:54Z
118280,čebulasta ščitovka,sl,"","",,Slovenian,Matej Frančeškin,2024-08-17T13:46:59Z
117313,rdeča kijevka,sl,"","",,Slovenian,Alenka Mihoric,2024-08-18T16:08:40Z
1254633,lepa slojevka,sl,"","",,Slovenian,Matej Frančeškin,2024-08-18T18:21:30Z
859855,smrekova sehlica,sl,"","",,Slovenian,Matej Frančeškin,2024-08-24T17:42:11Z
337856,okrasti košeničar,sl,"","",,Slovenian,Alenka Mihoric,2024-08-25T15:49:08Z
338535,kratkokrila suhotravka,sl,"","",,Slovenian,Alenka Mihoric,2024-08-25T19:19:31Z
451354,livače,sl,"","",,Slovenian,Matej Frančeškin,2024-08-29T12:38:11Z
1179761,črničke,sl,"","",,Slovenian,Matej Frančeškin,2024-09-01T20:16:47Z
56262,rdeča kelihovka,sl,"","",,Slovenian,Matej Frančeškin,2024-09-02T15:51:01Z
1473681,krvnordeča mehurčica,sl,"","",,Slovenian,Matej Frančeškin,2024-09-06T10:49:15Z
1139251,bradavičnice,sl,"","",,Slovenian,Matej Frančeškin,2024-09-06T14:13:13Z
328156,ovenčanotroske,sl,"","",,Slovenian,Matej Frančeškin,2024-09-06T14:13:57Z
417303,mehurčice,sl,"","",,Slovenian,Matej Frančeškin,2024-09-06T14:14:51Z
311264,bradavičice,sl,"","",,Slovenian,Matej Frančeškin,2024-09-06T14:15:39Z
559706,brbončniki,sl,"","",,Slovenian,Matej Frančeškin,2024-09-06T14:17:13Z
790262,bradavice,sl,"","",,Slovenian,Matej Frančeškin,2024-09-06T14:17:45Z
497185,sivovijoličasta rdečelistka,sl,"","",,Slovenian,Matej Frančeškin,2024-09-08T18:55:26Z
242866,Varljivi muhvič,sl,"","",,Slovenian,Alenka Mihoric,2024-09-09T20:23:25Z
51872,koničasta vlažnica,sl,"","",,Slovenian,Matej Frančeškin,2024-09-10T18:17:19Z
985294,navadna sršica,sl,"","",,Slovenian,Alenka Mihoric,2024-09-10T21:28:54Z
352293,trda golobica,sl,"","",,Slovenian,Matej Frančeškin,2024-09-17T20:00:04Z
118107,vejina slojevka,sl,"","",,Slovenian,Matej Frančeškin,2024-09-18T15:07:09Z
1577445,skalna glota,sl,"","",https://www.inaturalist.org/taxon_names/2997979/edit,Slovenian,,2024-09-22T19:52:03Z
1577750,belobetna stožka,sl,"","",https://www.inaturalist.org/taxon_names/3612053/edit,Slovenian,,2024-09-23T18:52:05Z
1578632,povirni studenčar,sl,"","",https://www.inaturalist.org/taxon_names/2527887/edit,Slovenian,,2024-09-28T02:12:40Z
1578738,peresasta bodalica,sl,"","",https://www.inaturalist.org/taxon_names/3717850/edit,Slovenian,,2024-09-28T14:43:03Z
152032,Skledičarice,sl,"","",,Slovenian,Matej Frančeškin,2024-09-30T17:28:29Z
53715,Velezraščinčarke,sl,"","",,Slovenian,Matej Frančeškin,2024-09-30T18:21:45Z
351817,sluzasti luskinar,sl,"","",,Slovenian,Matej Frančeškin,2024-10-06T11:21:54Z
157728,ostroluskasti luskinar,sl,"","",,Slovenian,Matej Frančeškin,2024-10-11T19:11:24Z
1085916,ovratniška zvezdica,sl,"","",,Slovenian,Matej Frančeškin,2024-10-12T15:55:06Z
55012,bleščavi bucikar,sl,"","",,Slovenian,Matej Frančeškin,2024-10-14T11:19:39Z
55574,razcepljarke,sl,"","",,Slovenian,Matej Frančeškin,2024-10-14T15:37:26Z
121439,gnezdarke,sl,"","",,Slovenian,Matej Frančeškin,2024-10-14T15:38:34Z
344410,rožnati jamičar,sl,"","",,Slovenian,Matej Frančeškin,2024-10-15T08:33:06Z
344410,jamičarji,sl,"","",,Slovenian,Matej Frančeškin,2024-10-15T08:35:04Z
1581560,rjavorumena kelihovka,sl,"","","gobe.si—Gobarsko društvo Lisička Maribor. (n.d.). Gobarsko Društvo Lisička Maribor. https://www.gobe.si/
",Slovenian,,2024-10-18T15:03:09Z
154742,samonikla postrančica,sl,"","",,Slovenian,Matej Frančeškin,2024-10-23T15:16:01Z
499780,gorička kolobarnica,sl,"","",,Slovenian,Matej Frančeškin,2024-10-24T06:57:55Z
571170,okrasti luskinar,sl,"","",,Slovenian,Matej Frančeškin,2024-10-24T06:59:53Z
712292,krhljiva golobica,sl,"","",,Slovenian,Matej Frančeškin,2024-10-24T07:00:52Z
326843,jelkov kelihovec,sl,"","",,Slovenian,Matej Frančeškin,2024-10-24T07:03:36Z
63246,prožni loputar,sl,"","",,Slovenian,Matej Frančeškin,2024-10-24T07:05:06Z
1579015,Kragulj,sl,"","",https://www.inaturalist.org/taxon_names/2926574/edit,Slovenian,Raúl MT,2024-10-24T23:42:37Z
806589,kolesniki,sl,"","",,Slovenian,Matej Frančeškin,2024-10-25T19:21:56Z
334220,dlakavice,sl,"","",,Slovenian,Matej Frančeškin,2024-10-25T19:24:18Z
350702,pecljata zdrizovka,sl,"","",,Slovenian,Matej Frančeškin,2024-10-27T07:32:01Z
1409270,orjaški velepodvihanec,sl,"","",,Slovenian,Matej Frančeškin,2024-10-27T20:22:53Z
1580336,Mali deževnik,sl,"","",https://www.inaturalist.org/taxon_names/2926587/edit,Slovenian,,2024-10-27T23:01:25Z
518289,angelska lojevka,sl,"","",,Slovenian,Matej Frančeškin,2024-10-29T10:03:57Z
1581559,rjavorumena kelihovka,sl,"","","gobe.si—Gobarsko društvo Lisička Maribor. (n.d.). Gobarsko Društvo Lisička Maribor. https://www.gobe.si/
",Slovenian,,2024-10-29T16:15:08Z
1369392,sivolistna vlažnica,sl,"","",,Slovenian,Matej Frančeškin,2024-10-31T10:12:34Z
83196,Junonina plamenka,sl,"","",,Slovenian,Matej Frančeškin,2024-10-31T11:17:25Z
18463,apalaški muževnik,sl,"","",,Slovenian,Sarah Abbate,2024-11-01T01:24:07Z
797906,žveplenoroba čeladica,sl,"","",,Slovenian,Matej Frančeškin,2024-11-01T18:20:02Z
777193,olivnorumena čeladica,sl,"","",,Slovenian,Matej Frančeškin,2024-11-01T18:21:45Z
411086,Kravja čaplja,sl,"","",https://www.inaturalist.org/taxon_names/2983853/edit,Slovenian,Sean Cozart,2024-11-03T09:37:33Z
118336,prstenolistna razcepljenka,sl,"","",,Slovenian,Matej Frančeškin,2024-11-11T13:38:24Z
192645,kodravke,sl,"","",,Slovenian,Matej Frančeškin,2024-11-13T11:33:15Z
336399,Kavka,sl,"","",https://www.inaturalist.org/taxon_names/2926569/edit,Slovenian,Donald Davesne,2024-11-17T14:29:24Z
344540,nanizani luknjač,sl,"","",,Slovenian,Matej Frančeškin,2024-11-18T11:21:20Z
1349129,obročkana stožka,sl,"","",https://www.inaturalist.org/taxon_names/3612049/edit,Slovenian,,2024-11-18T17:03:48Z
1590474,zoprni dežniček,sl,"","",,Slovenian,Matej Frančeškin,2024-11-20T18:38:48Z
63436,rumenoroba čeladica,sl,"","",,Slovenian,Matej Frančeškin,2024-11-20T21:37:13Z
332502,Sardinski dedek,sl,"","",,Slovenian,Matej Frančeškin,2024-11-21T09:11:02Z
1591823,"škrlatna golobica, olivnozelena oblika",sl,"","",https://www.inaturalist.org/taxon_names/3629896/edit,Slovenian,,2024-11-25T20:35:53Z
739098,rjavoroba čeladica,sl,"","",,Slovenian,Matej Frančeškin,2024-11-28T22:20:13Z
155059,luskati strniščar,sl,"","",,Slovenian,Matej Frančeškin,2024-12-03T12:19:43Z
118096,okrasti bodiček,sl,"","",,Slovenian,Matej Frančeškin,2024-12-08T17:26:40Z
500101,rumeneča polževka,sl,"","",,Slovenian,Matej Frančeškin,2024-12-09T19:12:45Z
118073,oranžni pokrivač,sl,"","",,Slovenian,Matej Frančeškin,2024-12-10T17:22:29Z
384067,oranžna grivenka,sl,"","",,Slovenian,Matej Frančeškin,2024-12-10T21:15:12Z
55272,vretenasta grivuša,sl,"","",,Slovenian,Matej Frančeškin,2024-12-10T21:16:19Z
207599,listožilna sehlíca,sl,"","","gobe.si—Gobarsko društvo Lisička Maribor. (n.d.). Gobarsko Društvo Lisička Maribor. https://www.gobe.si/
",Slovenian,,2024-12-14T13:04:10Z
118179,kratkobetna golobica,sl,"","",,Slovenian,Matej Frančeškin,2024-12-16T21:53:56Z
486125,Pontederov klinček,sl,"","",https://www.inaturalist.org/taxon_names/2557062/edit,Slovenian,,2024-12-19T03:23:02Z
352308,češnjasta golobica,sl,"","",,Slovenian,Matej Frančeškin,2024-12-24T18:11:23Z
503241,sočni mlečnik,sl,"","",,Slovenian,Matej Frančeškin,2024-12-25T13:05:56Z
115167,Meèarica,sl,"","","Philips TK, Moretto P (2025) Revision of the genus _Pseudopedaria_ Felsche, 1904, with descriptions of three new species and a subspecies from Central Africa (Coleoptera: Scarabaeinae: Coprini). Catharsius La Revue (N.S.) 5: 1–26. doi:10.5281/zenodo.17036002.",Slovenian,,2024-12-27T02:13:35Z
203063,žoltokosmičasti tintovec,sl,"","",,Slovenian,Matej Frančeškin,2024-12-28T09:27:06Z
353174,blazinovci,sl,"","",,Slovenian,Matej Frančeškin,2024-12-29T22:11:08Z
118046,zgubanke,sl,"","",,Slovenian,Matej Frančeškin,2025-01-01T10:03:39Z
324550,Noetova barčica,sl,"","",,Slovenian,Polona Gorkič,2025-01-01T18:48:55Z
326443,Čokati volek,sl,"","",,Slovenian,Polona Gorkič,2025-01-02T08:18:46Z
59285,Bodičasti volek,sl,"","",,Slovenian,Polona Gorkič,2025-01-03T18:18:22Z
350378,vonjasta livka,sl,"","",,Slovenian,Matej Frančeškin,2025-01-03T22:46:40Z
506745,Pegavka,sl,"","",,Slovenian,Polona Gorkič,2025-01-04T07:20:38Z
359918,Breženka,sl,"","",,Slovenian,Polona Gorkič,2025-01-04T07:23:10Z
1503458,bukova žilika,sl,"","",https://www.inaturalist.org/taxon_names/3138301/edit,Slovenian,,2025-01-04T20:30:41Z
1503458,bukova žilíka,sl,"","","gobe.si—Gobarsko društvo Lisička Maribor. (n.d.). Gobarsko Društvo Lisička Maribor. https://www.gobe.si/
",Slovenian,,2025-01-04T20:30:43Z
464317,žilíke,sl,"","",,Slovenian,Matej Frančeškin,2025-01-05T02:14:31Z
703000,Tulčar,sl,"","",,Slovenian,Polona Gorkič,2025-01-05T16:04:01Z
51437,Polži cevkarji,sl,"","",,Slovenian,Polona Gorkič,2025-01-05T16:06:29Z
1578025,navadni strček,sl,"","",,Slovenian,Alenka Mihoric,2025-01-07T21:28:01Z
1591531,Kernerjev mak,sl,"","",https://www.inaturalist.org/taxon_names/2527764/edit,Slovenian,,2025-01-07T21:47:50Z
1591529,Julijski mak,sl,"","",https://www.inaturalist.org/taxon_names/3042498/edit,Slovenian,,2025-01-07T21:47:56Z
1591532,retijski mak,sl,"","",https://www.inaturalist.org/taxon_names/2837924/edit,Slovenian,,2025-01-07T21:52:10Z
1473089,Alpski mak,sl,"","",https://www.inaturalist.org/taxon_names/3068537/edit,Slovenian,,2025-01-07T21:52:54Z
1599700,ozkobetna gostolistka,sl,"","","gobe.si—Gobarsko društvo Lisička Maribor. (n.d.). Gobarsko Društvo Lisička Maribor. https://www.gobe.si/
",Slovenian,,2025-01-08T05:11:42Z
483164,Morski kljunček,sl,"","",,Slovenian,Polona Gorkič,2025-01-08T18:49:02Z
196181,Morski kljunčki,sl,"","",,Slovenian,Polona Gorkič,2025-01-08T18:51:08Z
196293,Trakije,sl,"","",,Slovenian,Polona Gorkič,2025-01-09T18:55:36Z
483156,Papirnata trakija,sl,"","",,Slovenian,Polona Gorkič,2025-01-09T18:57:48Z
209057,Živi sveder,sl,"","",,Slovenian,Polona Gorkič,2025-01-10T18:44:31Z
196239,Živi svedri,sl,"","",,Slovenian,Polona Gorkič,2025-01-10T18:45:46Z
451072,Beli kamnovrt,sl,"","",,Slovenian,Polona Gorkič,2025-01-11T21:07:07Z
117462,Kamnovrti,sl,"","",,Slovenian,Polona Gorkič,2025-01-11T21:08:14Z
483144,Morska dimničarka,sl,"","",,Slovenian,Polona Gorkič,2025-01-12T18:42:47Z
196265,Morske dimničarke,sl,"","",,Slovenian,Polona Gorkič,2025-01-12T18:44:24Z
483139,Morska košarica,sl,"","",,Slovenian,Polona Gorkič,2025-01-13T07:13:45Z
81624,Morske košarice,sl,"","",,Slovenian,Polona Gorkič,2025-01-13T07:15:08Z
50588,Venerke,sl,"","",,Slovenian,Polona Gorkič,2025-01-13T07:17:28Z
1036062,Kamenarka,sl,"","",,Slovenian,Polona Gorkič,2025-01-13T07:19:08Z
483076,Irus,sl,"","",,Slovenian,Polona Gorkič,2025-01-14T19:23:44Z
117627,Hijatele,sl,"","",,Slovenian,Polona Gorkič,2025-01-14T19:26:52Z
533195,Zlata vongola,sl,"","",,Slovenian,Polona Gorkič,2025-01-15T19:40:54Z
752393,Gladka vongola,sl,"","",,Slovenian,Polona Gorkič,2025-01-15T19:44:15Z
179051,roževinke,sl,"","",,Slovenian,Matej Frančeškin,2025-01-28T08:24:13Z
703673,kopitna roževinka,sl,"","",,Slovenian,Matej Frančeškin,2025-01-28T08:25:24Z
179048,peresna roževinka,sl,"","",,Slovenian,Matej Frančeškin,2025-01-28T08:26:05Z
625991,zimska trobljica,sl,"","",,Slovenian,Matej Frančeškin,2025-02-01T08:48:37Z
180365,senožetna kadilčnica,sl,"","",https://www.inaturalist.org/taxon_names/3331650/edit,Slovenian,,2025-02-04T13:03:17Z
1605543,poletni kadilček,sl,"","",https://www.inaturalist.org/taxon_names/3520491/edit,Slovenian,,2025-02-04T13:15:03Z
895267,raznolični satovničar,sl,"","",,Slovenian,Matej Frančeškin,2025-02-04T18:52:09Z
351888,datljeva ščitovka,sl,"","",,Slovenian,Matej Frančeškin,2025-02-09T20:29:14Z
471430,popkarji,sl,"","",,Slovenian,Matej Frančeškin,2025-02-10T19:25:00Z
335981,kostenelke,sl,"","",,Slovenian,Matej Frančeškin,2025-02-11T17:11:24Z
79546,močvirska vodopivka,sl,"","",,Slovenian,Ljaž,2025-02-14T07:37:01Z
64239,češljasti dristavec,sl,"","",,Slovenian,Ljaž,2025-02-14T07:37:57Z
167328,preraslolistni dristavec,sl,Slovenia,SI,,Slovenian,Ljaž,2025-02-14T07:39:06Z
59108,kolenčasti dristavec,sl,Slovenia,SI,,Slovenian,Ljaž,2025-02-14T07:40:53Z
208910,gostolistna dristavka,sl,Slovenia,SI,,Slovenian,Ljaž,2025-02-14T07:42:29Z
78710,travnatolistni dristavec,sl,Slovenia,SI,,Slovenian,Ljaž,2025-02-14T07:43:23Z
78706,berchtoldov dristavec,sl,Slovenia,SI,,Slovenian,Ljaž,2025-02-14T07:44:20Z
78704,alpski dristavec,sl,Slovenia,SI,,Slovenian,Ljaž,2025-02-14T07:45:00Z
78714,pritlikavi dristavec,sl,Slovenia,SI,,Slovenian,Ljaž,2025-02-14T07:45:53Z
335050,lasasti dristavec,sl,Slovenia,SI,,Slovenian,Ljaž,2025-02-14T07:46:45Z
167326,topolostni dristavec,sl,Slovenia,SI,,Slovenian,Ljaž,2025-02-14T07:47:47Z
78713,podaljšani dristavec,sl,Slovenia,SI,,Slovenian,Ljaž,2025-02-14T07:48:29Z
335049,pisani dristavec,sl,Slovenia,SI,,Slovenian,Ljaž,2025-02-14T07:49:19Z
978354,stisnjeni dristavec,sl,Slovenia,SI,,Slovenian,Ljaž,2025-02-14T07:50:16Z
197012,ostrolistni dristavec,sl,Slovenia,SI,,Slovenian,Ljaž,2025-02-14T07:51:09Z
79275,nitastolistni dristavec,sl,Slovenia,SI,,Slovenian,Ljaž,2025-02-14T07:52:06Z
782235,datljeva črnjavka,sl,"","",,Slovenian,Matej Frančeškin,2025-02-18T12:56:30Z
782234,črnjavke,sl,"","",,Slovenian,Matej Frančeškin,2025-02-18T12:57:01Z
426274,črnobeli hrbtiščar,sl,"","",,Slovenian,Matej Frančeškin,2025-03-02T17:47:02Z
1109244,zvijugana majavka,sl,"","",,Slovenian,Matej Frančeškin,2025-03-02T18:55:21Z
542649,macesnov livnik,sl,"","",,Slovenian,Matej Frančeškin,2025-03-03T08:01:05Z
1611159,žlebasto mačje uho,sl,"","",https://www.inaturalist.org/taxon_names/2604719/edit,Slovenian,,2025-03-10T13:56:14Z
716410,oblotrosna drhtavka,sl,"","",,Slovenian,Matej Frančeškin,2025-03-11T17:52:32Z
338134,zrnovci,sl,"","",,Slovenian,Matej Frančeškin,2025-03-11T19:19:49Z
156749,stožka,sl,"","",,Slovenian,Ljaž,2025-03-13T06:44:47Z
165499,modra stožka,sl,"","",,Slovenian,Ljaž,2025-03-13T06:47:28Z
127508,rožasta golobica,sl,"","",,Slovenian,Matej Frančeškin,2025-03-14T08:23:51Z
1613028,rogljati hrček,sl,"","",https://www.inaturalist.org/taxon_names/3629822/edit,Slovenian,,2025-03-15T01:46:43Z
1613041,ščitasti hrček,sl,"","",https://www.inaturalist.org/taxon_names/3630288/edit,Slovenian,,2025-03-15T02:04:03Z
1613049,orjaški hrček,sl,"","",https://www.inaturalist.org/taxon_names/3612012/edit,Slovenian,,2025-03-15T02:12:10Z
504623,široki hrček,sl,"","",https://www.inaturalist.org/taxon_names/3617530/edit,Slovenian,,2025-03-18T12:00:03Z
504623,široka medaljonka,sl,"","","gobe.si—Gobarsko društvo Lisička Maribor. (n.d.). Gobarsko Društvo Lisička Maribor. https://www.gobe.si/
",Slovenian,,2025-03-18T12:00:04Z
351789,brezov plutač,sl,"","",,Slovenian,Matej Frančeškin,2025-03-23T08:37:32Z
1567711,ljubljanska zlatica,sl,"","",,Slovenian,Ljaž,2025-04-22T07:32:53Z
1419064,musomecije,sl,"","",,Slovenian,Matej Frančeškin,2025-05-14T14:10:21Z
1623280,jablanova bodičevka,sl,"","",,Slovenian,Nicolas Schwab,2025-05-19T07:40:19Z
1624146,steklasta mehkocevka,sl,"","","gobe.si—Gobarsko društvo Lisička Maribor. (n.d.). Gobarsko Društvo Lisička Maribor. https://www.gobe.si/
",Slovenian,,2025-05-20T23:31:37Z
125757,mehkocevke,sl,"","",https://www.inaturalist.org/taxon_names/3575552/edit,Slovenian,,2025-05-20T23:34:44Z
1626042,dvotrosni tintovec,sl,"","","gobe.si—Gobarsko društvo Lisička Maribor. (n.d.). Gobarsko Društvo Lisička Maribor. https://www.gobe.si/
",Slovenian,,2025-07-10T19:01:54Z
1626059,veneči tintovec,sl,"","","gobe.si—Gobarsko društvo Lisička Maribor. (n.d.). Gobarsko Društvo Lisička Maribor. https://www.gobe.si/
",Slovenian,,2025-07-10T19:20:48Z
1633756,Planinski pupek,sl,"","",https://www.inaturalist.org/taxon_names/2920885/edit,Slovenian,,2025-07-11T12:58:22Z
1600728,krapfov jelenovec,sl,"","",,Slovenian,Ljaž,2025-07-14T08:27:14Z
1618816,rumeneči kukmakovec,sl,"","",https://www.inaturalist.org/taxon_names/3629512/edit,Slovenian,,2025-07-24T22:01:15Z
1636161,praznična koprenka,sl,"","","gobe.si—Gobarsko društvo Lisička Maribor. (n.d.). Gobarsko Društvo Lisička Maribor. https://www.gobe.si/
",Slovenian,,2025-07-24T22:15:31Z
1636165,višnjeva koprenka,sl,"","","gobe.si—Gobarsko društvo Lisička Maribor. (n.d.). Gobarsko Društvo Lisička Maribor. https://www.gobe.si/
",Slovenian,,2025-07-24T22:32:12Z
1636169,kolobarniška koprenka,sl,"","","gobe.si—Gobarsko društvo Lisička Maribor. (n.d.). Gobarsko Društvo Lisička Maribor. https://www.gobe.si/
",Slovenian,,2025-07-24T22:48:47Z
1636171,sivorumenkasta koprenka,sl,"","","gobe.si—Gobarsko društvo Lisička Maribor. (n.d.). Gobarsko Društvo Lisička Maribor. https://www.gobe.si/
",Slovenian,,2025-07-24T22:53:48Z
1636173,pordela koprenka,sl,"","","gobe.si—Gobarsko društvo Lisička Maribor. (n.d.). Gobarsko Društvo Lisička Maribor. https://www.gobe.si/
",Slovenian,,2025-07-24T23:20:43Z
1636176,nagubana koprenka,sl,"","",https://www.inaturalist.org/taxon_names/3630617/edit,Slovenian,,2025-07-24T23:38:03Z
1636177,sinja koprenka,sl,"","","gobe.si—Gobarsko društvo Lisička Maribor. (n.d.). Gobarsko Društvo Lisička Maribor. https://www.gobe.si/
",Slovenian,,2025-07-24T23:39:39Z
1636179,belobetna koprenka,sl,"","","gobe.si—Gobarsko društvo Lisička Maribor. (n.d.). Gobarsko Društvo Lisička Maribor. https://www.gobe.si/
",Slovenian,,2025-07-24T23:42:46Z
1636093,majaronova koprenka,sl,"","","gobe.si—Gobarsko društvo Lisička Maribor. (n.d.). Gobarsko Društvo Lisička Maribor. https://www.gobe.si/
",Slovenian,,2025-07-24T23:51:55Z
1636190,zrnata koprenka,sl,"","","gobe.si—Gobarsko društvo Lisička Maribor. (n.d.). Gobarsko Društvo Lisička Maribor. https://www.gobe.si/
",Slovenian,,2025-07-25T00:48:32Z
1101761,noriška lakota,sl,"","",,Slovenian,Alenka Mihoric,2025-07-26T22:25:28Z
447961,latasta preobjeda,sl,"","",,Slovenian,Alenka Mihoric,2025-07-27T07:56:18Z
1486057,kranjski glavinec,sl,"","",,Slovenian,Alenka Mihoric,2025-07-27T08:10:40Z
126560,dlakava mahovnica,sl,"","",,Slovenian,Alenka Mihoric,2025-07-31T15:15:39Z
1637660,sladkobna koprenka,sl,"","","gobe.si—Gobarsko društvo Lisička Maribor. (n.d.). Gobarsko Društvo Lisička Maribor. https://www.gobe.si/
",Slovenian,,2025-08-02T12:46:29Z
81961,brazdasta grivača,sl,"","",,Slovenian,Matej Frančeškin,2025-08-04T04:16:50Z
73747,Šiloglavka,sl,"","",,Slovenian,Urban,2025-08-18T13:32:04Z
324310,Navadni širnik,sl,"","",,Slovenian,Urban,2025-08-18T19:48:33Z
526651,Trdokožno zrnce,sl,"","",,Slovenian,Urban,2025-08-18T19:50:09Z
527479,Navadni trizobec,sl,"","",,Slovenian,Urban,2025-08-18T19:52:33Z
56539,Navadni ščipalec,sl,"","",,Slovenian,Urban,2025-08-18T19:57:14Z
56528,Italijanski ščipalec,sl,"","",,Slovenian,Urban,2025-08-18T19:57:56Z
1428261,Ognjene ose,sl,"","",,Slovenian,Urban,2025-08-18T20:06:03Z
1558279,rožnolistni kukmakovec,sl,"","",https://www.inaturalist.org/taxon_names/3524078/edit,Slovenian,,2025-08-20T14:54:36Z
1558244,dekliški kukmakovec,sl,"","","gobe.si—Gobarsko društvo Lisička Maribor. (n.d.). Gobarsko Društvo Lisička Maribor. https://www.gobe.si/
",Slovenian,,2025-08-20T15:04:28Z
81687,Trsna sovka,sl,"","",,Slovenian,Urban,2025-08-25T18:31:34Z
896929,pruski jelenovec,sl,"","",,Slovenian,Alenka Mihoric,2025-08-25T19:49:38Z
204339,gorska rumenka,sl,"","",,Slovenian,Alenka Mihoric,2025-08-29T14:15:36Z
154745,tribarvna zvitocevka,sl,"","",https://www.inaturalist.org/taxon_names/3522935/edit,Slovenian,,2025-08-31T06:36:22Z
785383,Ognjeni črnivec,sl,"","",,Slovenian,Matej Frančeškin,2025-09-08T18:59:27Z
1632151,dišeča kukavica,sl,"","",https://www.inaturalist.org/taxon_names/2841381/edit,Slovenian,,2025-09-08T21:46:09Z
1643761,grbičasti kukmakovec,sl,"","",https://www.inaturalist.org/taxon_names/3629809/edit,Slovenian,,2025-09-15T15:38:23Z
1416954,pritlikavi šetraj,sl,"","",,Slovenian,Alenka Mihoric,2025-09-17T11:41:37Z
56273,krhka jajčevka,sl,"","",,Slovenian,Matej Frančeškin,2025-09-28T18:47:49Z
1639823,navadna zdravilka,sl,"","",https://www.inaturalist.org/taxon_names/3064760/edit,Slovenian,,2025-10-04T23:55:22Z
350515,luskata postrančica,sl,"","",,Slovenian,Matej Frančeškin,2025-10-06T18:04:24Z
984608,Beckova zvončica,sl,"","",,Slovenian,Alenka Mihoric,2025-10-09T15:24:05Z
1647283,orjaška skolija,sl,"","",https://www.inaturalist.org/taxon_names/2689979/edit,Slovenian,,2025-10-09T18:05:57Z
483113,zajetni kukmak,sl,"","","gobe.si—Gobarsko društvo Lisička Maribor. (n.d.). Gobarsko Društvo Lisička Maribor. https://www.gobe.si/
",Slovenian,Ken-ichi Ueda,2025-10-12T16:48:41Z
118009,rjavo uho,sl,"","",,Slovenian,Matej Frančeškin,2025-10-14T06:42:47Z
19848,Mali skovik,sl,Slovenia,SI,,Slovenian,igroe,2025-10-20T00:20:56Z
448073,Alpski bodak,sl,"","",,Slovenian,igroe,2025-10-20T00:25:04Z
1648737,bradavičasta predirnica,sl,"","","gobe.si—Gobarsko društvo Lisička Maribor. (n.d.). Gobarsko Društvo Lisička Maribor. https://www.gobe.si/
",Slovenian,,2025-10-20T21:49:31Z
485813,razkrečena lanika,sl,"","",,Slovenian,Ljaž,2025-10-21T12:39:27Z
924015,mačji čober,sl,"","",,Slovenian,Ljaž,2025-10-21T12:44:36Z
163451,Kanadski rogovilar,sl,"","",,Slovenian,Ljaž,2025-10-21T12:47:46Z
169899,bodeča kozlovka,sl,"","",,Slovenian,Ljaž,2025-10-21T12:48:47Z
491301,jesenski togobil,sl,"","",,Slovenian,Ljaž,2025-10-21T12:49:23Z
1471413,škrlatna lakota,sl,"","",,Slovenian,Ljaž,2025-10-21T12:50:07Z
169298,prezrti plodomet,sl,"","",,Slovenian,Ljaž,2025-10-21T12:50:57Z
166880,navadni bedrenec,sl,"","",,Slovenian,Ljaž,2025-10-21T12:51:46Z
200053,plazeči mleček,sl,"","",,Slovenian,Ljaž,2025-10-21T12:53:16Z
54857,ameriški koprivovec,sl,"","",,Slovenian,Ljaž,2025-10-21T12:54:14Z
204167,jesenski jajčar,sl,"","",,Slovenian,Ljaž,2025-10-21T12:55:18Z
76664,obzidni dvoredec,sl,"","",,Slovenian,Ljaž,2025-10-21T12:56:04Z
79188,vitkoplodni plodomet,sl,"","",,Slovenian,Ljaž,2025-10-21T13:00:45Z
168326,pepelnatosiva vrba,sl,"","",,Slovenian,Ljaž,2025-10-21T13:01:23Z
76790,indijska prosenka,sl,"","",,Slovenian,Ljaž,2025-10-21T13:02:18Z
493202,drobnolistni čober,sl,"","",,Slovenian,Ljaž,2025-10-21T13:03:09Z
168879,laški muhvič,sl,"","",,Slovenian,Ljaž,2025-10-21T13:03:32Z
168879,bar,sl,"","",,Slovenian,Ljaž,2025-10-21T13:03:43Z
164517,travolistna draguša,sl,"","",,Slovenian,Ljaž,2025-10-21T13:04:33Z
1277867,skorš,sl,"","",,Slovenian,Ljaž,2025-10-21T13:04:54Z
333676,ločkasta prerast,sl,"","",,Slovenian,Ljaž,2025-10-21T13:05:30Z
737905,Waldsteinova vrba,sl,"","",,Slovenian,Ljaž,2025-10-21T13:06:33Z
487626,velikolistna vrba,sl,"","",,Slovenian,Ljaž,2025-10-21T13:06:58Z
522008,ozkoluskasti glavinec,sl,"","",,Slovenian,Ljaž,2025-10-21T13:07:34Z
1442860,alpski jajčar,sl,"","",,Slovenian,Ljaž,2025-10-21T13:08:35Z
48070,širokolistna streluša,sl,"","",,Slovenian,Ljaž,2025-10-21T13:09:32Z
1192949,gololistni jajčar,sl,"","",,Slovenian,Ljaž,2025-10-21T13:10:38Z
773094,vitkoplodni plodomet,sl,"","",,Slovenian,Ljaž,2025-10-21T13:11:09Z
57893,beli ščir,sl,"","",,Slovenian,Ljaž,2025-10-21T13:11:41Z
896902,izrodna metlika,sl,"","",,Slovenian,Ljaž,2025-10-21T13:12:22Z
70054,lubenica,sl,"","",,Slovenian,Ljaž,2025-10-21T13:12:40Z
954283,rumenkasti luk,sl,"","",,Slovenian,Ljaž,2025-10-21T13:13:51Z
56620,pravi robatostebelni vrbovec,sl,"","",,Slovenian,Ljaž,2025-10-21T13:15:07Z
56621,Lamyev vrbovec,sl,"","",,Slovenian,Ljaž,2025-10-21T13:15:25Z
56622,robatostebelni vrbovec,sl,"","",,Slovenian,Ljaž,2025-10-21T13:15:51Z
76849,mnogocvetna kosmatka,sl,"","",,Slovenian,Ljaž,2025-10-21T13:16:28Z
57867,navadna žabja leča,sl,"","",,Slovenian,Ljaž,2025-10-21T13:17:25Z
57869,žabja leča,sl,"","",,Slovenian,Ljaž,2025-10-21T13:17:42Z
165782,vodni sovec,sl,"","",,Slovenian,Ljaž,2025-10-21T13:18:12Z
60128,sovec,sl,"","",,Slovenian,Ljaž,2025-10-21T13:18:29Z
450330,dolgopecljati brest,sl,"","",,Slovenian,Ljaž,2025-10-21T13:19:27Z
450330,vez,sl,"","",,Slovenian,Ljaž,2025-10-21T13:19:51Z
400464,obrežni šaš,sl,"","",,Slovenian,Ljaž,2025-10-21T13:20:24Z
509922,spremenjeni kamnokreč,sl,"","",,Slovenian,Ljaž,2025-10-21T13:21:03Z
969780,obloklasa vilovina,sl,"","",,Slovenian,Ljaž,2025-10-21T13:22:17Z
524201,volnata smiljica,sl,"","",,Slovenian,Ljaž,2025-10-21T13:22:53Z
57187,smiljica,sl,"","",,Slovenian,Ljaž,2025-10-21T13:23:12Z
524199,srebrni ovsenec,sl,"","",,Slovenian,Ljaž,2025-10-21T13:23:46Z
64274,ovsenec,sl,"","",,Slovenian,Ljaž,2025-10-21T13:24:03Z
499472,okroglolistna lakota,sl,"","",,Slovenian,Ljaž,2025-10-21T13:24:43Z
156296,navadna vrelka,sl,"","",,Slovenian,Ljaž,2025-10-21T13:25:15Z
53210,gozdni grint,sl,"","",,Slovenian,Ljaž,2025-10-21T13:26:39Z
485638,rumenkasta bekica,sl,"","",,Slovenian,Ljaž,2025-10-21T13:27:21Z
161576,gorska priščanica,sl,"","",,Slovenian,Ljaž,2025-10-21T13:27:53Z
511979,Freynov škrobotec,sl,"","",,Slovenian,Ljaž,2025-10-21T13:28:43Z
60092,škrobotec,sl,"","",,Slovenian,Ljaž,2025-10-21T13:28:57Z
118784,pisana preslica,sl,"","",,Slovenian,Ljaž,2025-10-21T13:29:40Z
168343,črnikasta vrba,sl,"","",,Slovenian,Ljaž,2025-10-21T13:30:12Z
162866,solnograška smetlika,sl,"","",,Slovenian,Ljaž,2025-10-21T13:30:48Z
524190,alpska šopulja,sl,"","",,Slovenian,Ljaž,2025-10-21T13:31:27Z
52693,šopulja,sl,"","",,Slovenian,Ljaž,2025-10-21T13:31:48Z
235792,dvospolna mahunica,sl,"","",,Slovenian,Ljaž,2025-10-21T13:32:24Z
72113,mahunica,sl,"","",,Slovenian,Ljaž,2025-10-21T13:32:40Z
737702,nizka bilnica,sl,"","",,Slovenian,Ljaž,2025-10-21T13:33:05Z
57170,bilnica in sorodniki,sl,"","",,Slovenian,Ljaž,2025-10-21T13:33:23Z
1427897,gola bilnica,sl,"","",,Slovenian,Ljaž,2025-10-21T13:33:45Z
524188,dlakava šašulica,sl,"","",,Slovenian,Ljaž,2025-10-21T13:34:19Z
52713,šašulica,sl,"","",,Slovenian,Ljaž,2025-10-21T13:34:36Z
159612,zeleni žužnjak,sl,"","",,Slovenian,Ljaž,2025-10-21T13:35:30Z
358457,tanki šaš,sl,"","",,Slovenian,Ljaž,2025-10-21T13:36:19Z
856797,sinjezelena bilnica,sl,"","",,Slovenian,Ljaž,2025-10-21T13:37:21Z
162947,tankolistna bilnica,sl,"","",,Slovenian,Ljaž,2025-10-21T13:37:59Z
866252,travniška bilnica,sl,"","",,Slovenian,Ljaž,2025-10-21T13:38:37Z
78347,suha ozkorepka,sl,"","",,Slovenian,Ljaž,2025-10-21T13:39:59Z
900848,močvirska slanovka,sl,"","",,Slovenian,Ljaž,2025-10-21T13:40:29Z
60311,slanovka,sl,"","",,Slovenian,Ljaž,2025-10-21T13:40:45Z
435918,trstikasta šašulica,sl,"","",,Slovenian,Ljaž,2025-10-21T13:41:47Z
78780,navadna slanovka,sl,"","",,Slovenian,Ljaž,2025-10-21T13:42:18Z
1080726,Leersov šaš,sl,"","",,Slovenian,Ljaž,2025-10-21T13:42:38Z
1377227,vejicati bingeljc,sl,"","",,Slovenian,Ljaž,2025-10-21T13:43:16Z
363424,nacepljenolistni ostrožnik,sl,"","",,Slovenian,Ljaž,2025-10-21T13:44:16Z
48493,ostrožnik,sl,"","",,Slovenian,Ljaž,2025-10-21T13:44:33Z
636920,Michelijev šaš,sl,"","",,Slovenian,Ljaž,2025-10-21T13:45:07Z
64144,vretenčasta bradica,sl,"","",,Slovenian,Ljaž,2025-10-21T13:45:39Z
57200,bradica,sl,"","",,Slovenian,Ljaž,2025-10-21T13:45:51Z
335837,bleščeča smiljica,sl,"","",,Slovenian,Ljaž,2025-10-21T13:46:20Z
76210,razprostrti glavinec,sl,"","",,Slovenian,Ljaž,2025-10-21T13:46:50Z
48160,glavinec,sl,"","",,Slovenian,Ljaž,2025-10-21T13:47:08Z
635562,luskoplodni šaš,sl,"","",,Slovenian,Ljaž,2025-10-21T13:47:34Z
435947,nenavadni šaš,sl,"","",,Slovenian,Ljaž,2025-10-21T13:48:17Z
437979,bolšji šaš,sl,"","",,Slovenian,Ljaž,2025-10-21T13:48:53Z
75909,grozdasta stoklasa,sl,"","",,Slovenian,Ljaž,2025-10-21T13:49:31Z
82569,močvirska krpača,sl,"","",,Slovenian,Ljaž,2025-10-21T13:50:10Z
361313,čučkasti mačji rep,sl,"","",,Slovenian,Ljaž,2025-10-21T13:51:14Z
60029,mali pojalnik,sl,"","",,Slovenian,Ljaž,2025-10-21T13:51:33Z
55679,dvoletni lan,sl,"","",,Slovenian,Ljaž,2025-10-21T13:52:12Z
76665,tankolistni dvoredec,sl,"","",,Slovenian,Ljaž,2025-10-21T18:33:03Z
72097,dvoredec,sl,"","",,Slovenian,Ljaž,2025-10-21T18:34:28Z
47204,križnice,sl,"","",,Slovenian,Ljaž,2025-10-21T18:34:45Z
53219,oljna kadulja,sl,"","",,Slovenian,Ljaž,2025-10-21T18:37:42Z
53219,čija,sl,"","",,Slovenian,Ljaž,2025-10-21T18:38:18Z
50644,kadulja,sl,"","",,Slovenian,Ljaž,2025-10-21T18:39:03Z
48623,ustnatice,sl,"","",,Slovenian,Ljaž,2025-10-21T18:39:33Z
69936,mandljevec,sl,"","",,Slovenian,Ljaž,2025-10-21T18:40:43Z
47351,sliva in sorodniki,sl,"","",,Slovenian,Ljaž,2025-10-21T18:41:05Z
47148,rožnice,sl,"","",,Slovenian,Ljaž,2025-10-21T18:41:52Z
47132,šipkovci,sl,"","",,Slovenian,Ljaž,2025-10-21T18:42:30Z
1290249,sredozemski vranjek,sl,"","",,Slovenian,Ljaž,2025-10-21T18:45:46Z
57036,vrtni mleček,sl,"","",,Slovenian,Ljaž,2025-10-21T18:47:48Z
51821,mlečkovke,sl,"","",,Slovenian,Ljaž,2025-10-21T18:48:26Z
79187,indijski plodomet,sl,"","",,Slovenian,Ljaž,2025-10-21T18:49:25Z
51826,"plodomet, metličje in trnica",sl,"","",,Slovenian,Ljaž,2025-10-21T18:50:03Z
60295,velika jesenka,sl,"","",,Slovenian,Ljaž,2025-10-21T18:50:47Z
60304,jesenka,sl,"","",,Slovenian,Ljaž,2025-10-21T18:51:11Z
167579,šopasta slanovka,sl,"","",,Slovenian,Ljaž,2025-10-21T18:51:50Z
47162,travovci,sl,"","",,Slovenian,Ljaž,2025-10-21T18:52:45Z
58389,navadni sirek,sl,"","",,Slovenian,Ljaž,2025-10-21T18:54:46Z
1479825,skupina navadne kompave,sl,"","",,Slovenian,Ljaž,2025-10-21T18:55:31Z
142928,debelačka,sl,"","",,Slovenian,Ljaž,2025-10-21T18:57:46Z
50319,debelačka,sl,"","",,Slovenian,Ljaž,2025-10-21T18:58:13Z
50318,pušpanovke,sl,"","",,Slovenian,Ljaž,2025-10-21T18:58:48Z
71277,pušpanovci,sl,"","",,Slovenian,Ljaž,2025-10-21T18:59:02Z
486980,lasastolistna vodna zlatica,sl,"","",,Slovenian,Ljaž,2025-10-21T18:59:56Z
957902,vodna zlatica,sl,"","",,Slovenian,Ljaž,2025-10-21T19:00:15Z
48231,zlatičevke,sl,"","",,Slovenian,Ljaž,2025-10-21T19:00:32Z
48232,zlatičevci,sl,"","",,Slovenian,Ljaž,2025-10-21T19:00:56Z
1596542,prava koroška smiljka,sl,"","",,Slovenian,Ljaž,2025-10-21T19:03:08Z
359849,rožnatocvetni vrbovec,sl,"","",,Slovenian,Ljaž,2025-10-21T19:04:04Z
204380,neprava homulica,sl,"","",,Slovenian,Ljaž,2025-10-21T19:05:03Z
51890,tolstičevke,sl,"","",,Slovenian,Ljaž,2025-10-21T19:05:22Z
71289,kamnokrečevci,sl,"","",,Slovenian,Ljaž,2025-10-21T19:05:37Z
1639415,kuminolistni silj,sl,"","",,Slovenian,Ljaž,2025-10-21T19:06:40Z
48699,kobulnice,sl,"","",,Slovenian,Ljaž,2025-10-21T19:07:08Z
48700,kobulničevci,sl,"","",,Slovenian,Ljaž,2025-10-21T19:08:00Z
140167,mlahava bilnica,sl,"","",,Slovenian,Ljaž,2025-10-21T19:09:07Z
1596541,južnoalpska smiljka,sl,"","",,Slovenian,Ljaž,2025-10-21T19:09:47Z
62652,klasasta meta,sl,"","",,Slovenian,Ljaž,2025-10-21T19:10:45Z
54570,meta,sl,"","",,Slovenian,Ljaž,2025-10-21T19:11:04Z
485996,Shuttleworthov rogoz,sl,"","",,Slovenian,Ljaž,2025-10-21T19:11:43Z
1409520,pravi poznocvetni šaš,sl,"","",,Slovenian,Ljaž,2025-10-21T19:12:59Z
1409518,poznocvetni šaš,sl,"","",,Slovenian,Ljaž,2025-10-21T19:13:17Z
47161,ostričevke,sl,"","",,Slovenian,Ljaž,2025-10-21T19:13:36Z
1264456,skupina rumenega šaša,sl,"","",,Slovenian,Ljaž,2025-10-21T19:14:02Z
128688,zgubanolistna dobrovita,sl,"","",,Slovenian,Ljaž,2025-10-21T19:15:29Z
168700,krilata črnobina,sl,"","",,Slovenian,Ljaž,2025-10-21T19:16:10Z
50809,črnobina,sl,"","",,Slovenian,Ljaž,2025-10-21T19:16:30Z
47151,črnobinovke,sl,"","",,Slovenian,Ljaž,2025-10-21T19:16:50Z
447882,poletna škrbica,sl,"","",,Slovenian,Ljaž,2025-10-21T19:17:22Z
50741,škrbica,sl,"","",,Slovenian,Ljaž,2025-10-21T19:17:40Z
47218,beluševci,sl,"","",,Slovenian,Ljaž,2025-10-21T19:18:02Z
516423,siljelistni knidij,sl,"","",,Slovenian,Ljaž,2025-10-21T19:19:21Z
157134,knidij,sl,"","",,Slovenian,Ljaž,2025-10-21T19:19:36Z
78649,podlesna latovka,sl,"","",,Slovenian,Ljaž,2025-10-21T19:20:16Z
52809,latovka,sl,"","",,Slovenian,Ljaž,2025-10-21T19:20:37Z
362656,gorska bilnica,sl,"","",,Slovenian,Ljaž,2025-10-21T19:21:11Z
488317,Benekenov stoklasec,sl,"","",,Slovenian,Ljaž,2025-10-21T19:21:38Z
488787,gozdna šašulica,sl,"","",,Slovenian,Ljaž,2025-10-21T19:23:06Z
77293,progasta sladika,sl,"","",,Slovenian,Ljaž,2025-10-21T19:23:39Z
359458,zlato trebelje,sl,"","",,Slovenian,Ljaž,2025-10-21T19:24:11Z
54902,trebelje,sl,"","",,Slovenian,Ljaž,2025-10-21T19:24:28Z
362145,velebitski črnilec,sl,"","",,Slovenian,Ljaž,2025-10-21T19:25:03Z
57503,črnilec,sl,"","",,Slovenian,Ljaž,2025-10-21T19:25:18Z
47322,pojalnikovke,sl,"","",,Slovenian,Ljaž,2025-10-21T19:25:34Z
158132,pasja šopulja,sl,"","",,Slovenian,Ljaž,2025-10-21T19:26:12Z
75398,vitkocvetni ščir,sl,"","",,Slovenian,Ljaž,2025-10-21T19:27:06Z
52326,ščir,sl,"","",,Slovenian,Ljaž,2025-10-21T19:27:30Z
52327,ščirovke,sl,"","",,Slovenian,Ljaž,2025-10-21T19:27:48Z
159507,rdečejagodasti bluščec,sl,"","",,Slovenian,Ljaž,2025-10-21T19:29:03Z
59570,mali repinec,sl,"","",,Slovenian,Ljaž,2025-10-21T19:30:06Z
59571,repinec,sl,"","",,Slovenian,Ljaž,2025-10-21T19:30:38Z
59901,navadna melisa,sl,"","",,Slovenian,Ljaž,2025-10-21T19:31:55Z
67759,koriander,sl,"","",,Slovenian,Ljaž,2025-10-21T19:32:57Z
48382,dresnovke,sl,"","",,Slovenian,Ljaž,2025-10-21T19:34:35Z
47366,klinčkovci,sl,"","",,Slovenian,Ljaž,2025-10-21T19:35:08Z
1445387,vzhodna ostrožica,sl,"","",,Slovenian,Ljaž,2025-10-21T19:36:03Z
1445398,ostrožica,sl,"","",,Slovenian,Ljaž,2025-10-21T19:36:18Z
78657,navadna latovka,sl,"","",,Slovenian,Ljaž,2025-10-21T19:37:42Z
1188929,atiška latovka,sl,"","",,Slovenian,Ljaž,2025-10-21T19:38:00Z
238048,prava navadna latovka,sl,"","",,Slovenian,Ljaž,2025-10-21T19:38:20Z
51306,navadni lan,sl,"","",,Slovenian,Ljaž,2025-10-21T19:39:15Z
51309,lan,sl,"","",,Slovenian,Ljaž,2025-10-21T19:39:37Z
51308,lanovke,sl,"","",,Slovenian,Ljaž,2025-10-21T19:40:11Z
164711,toga ljuljka,sl,"","",,Slovenian,Ljaž,2025-10-21T19:41:02Z
1196623,ljuljka,sl,"","",,Slovenian,Ljaž,2025-10-21T19:41:40Z
52800,ljuljka in skupina velikih bilnic,sl,"","",,Slovenian,Ljaž,2025-10-21T19:42:34Z
76480,strešni dimek,sl,"","",,Slovenian,Ljaž,2025-10-21T19:43:20Z
54051,dimek,sl,"","",,Slovenian,Ljaž,2025-10-21T19:43:41Z
75904,japonska stoklasa,sl,"","",,Slovenian,Ljaž,2025-10-21T19:45:07Z
1089681,stoklasa,sl,"","",,Slovenian,Ljaž,2025-10-21T19:45:24Z
52701,"stoklasa, stoklasec, glistnik in sorodniki",sl,"","",,Slovenian,Ljaž,2025-10-21T19:45:56Z
487161,podlesna spominčica,sl,"","",,Slovenian,Ljaž,2025-10-21T19:46:42Z
48150,srhkolistovke,sl,"","",,Slovenian,Ljaž,2025-10-21T19:47:00Z
523723,srhkolistovci,sl,"","",,Slovenian,Ljaž,2025-10-21T19:47:17Z
146800,navadna lanika,sl,"","",,Slovenian,Ljaž,2025-10-21T19:48:08Z
59992,lanikovke,sl,"","",,Slovenian,Ljaž,2025-10-21T19:48:31Z
49669,lanikovci,sl,"","",,Slovenian,Ljaž,2025-10-21T19:49:27Z
483776,čremsa,sl,"","",,Slovenian,Ljaž,2025-10-21T19:50:37Z
54834,pozna čremsa,sl,"","",,Slovenian,Ljaž,2025-10-21T19:50:51Z
1425391,prilegli šaš,sl,"","",,Slovenian,Ljaž,2025-10-21T19:52:03Z
1477828,Saccardova kadulja,sl,"","",,Slovenian,Ljaž,2025-10-21T19:53:14Z
836880,sredozemska črvinka,sl,"","",,Slovenian,Ljaž,2025-10-21T19:54:13Z
77148,raskavolistna bilnica,sl,"","",,Slovenian,Ljaž,2025-10-21T19:55:34Z
167987,drobnocvetni šipek,sl,"","",,Slovenian,Ljaž,2025-10-21T19:56:31Z
53438,šipek,sl,"","",,Slovenian,Ljaž,2025-10-21T19:56:48Z
53271,repa,sl,"","",,Slovenian,Ljaž,2025-10-21T19:57:44Z
552028,pravi nasršeni šaš,sl,"","",,Slovenian,Ljaž,2025-10-21T19:58:08Z
160031,nasršeni šaš,sl,"","",,Slovenian,Ljaž,2025-10-21T19:58:24Z
52702,dolgoresi glistnik,sl,"","",,Slovenian,Ljaž,2025-10-21T19:59:23Z
1089683,glistnik,sl,"","",,Slovenian,Ljaž,2025-10-21T19:59:47Z
77136,klasasti bingeljc,sl,"","",,Slovenian,Ljaž,2025-10-21T20:00:27Z
1377809,bingeljc,sl,"","",,Slovenian,Ljaž,2025-10-21T20:00:43Z
167999,navadna kljunovka,sl,"","",,Slovenian,Ljaž,2025-10-21T20:02:01Z
60290,kljunovka,sl,"","",,Slovenian,Ljaž,2025-10-21T20:02:17Z
159921,Crawfordov šaš,sl,"","",,Slovenian,Ljaž,2025-10-21T20:02:52Z
163166,bela lakota,sl,"","",,Slovenian,Ljaž,2025-10-22T06:33:24Z
47693,broščevke,sl,"","",,Slovenian,Ljaž,2025-10-22T06:33:57Z
163186,gozdna lakota,sl,"","",,Slovenian,Ljaž,2025-10-22T06:34:20Z
47363,sviščevci,sl,"","",,Slovenian,Ljaž,2025-10-22T06:34:31Z
163184,močvirska lakota,sl,"","",,Slovenian,Ljaž,2025-10-22T06:35:00Z
208789,barska lakota,sl,"","",,Slovenian,Ljaž,2025-10-22T06:35:37Z
208784,neprava lakota,sl,"","",,Slovenian,Ljaž,2025-10-22T06:36:01Z
207702,nizka lakota,sl,"","",,Slovenian,Ljaž,2025-10-22T06:37:09Z
59005,pozidna lakota,sl,"","",,Slovenian,Ljaž,2025-10-22T06:37:33Z
163177,sinjezelena lakota,sl,"","",,Slovenian,Ljaž,2025-10-22T06:38:30Z
136374,barvilna perla,sl,"","",,Slovenian,Ljaž,2025-10-22T06:39:14Z
59280,perla,sl,"","",,Slovenian,Ljaž,2025-10-22T06:39:27Z
362522,pravi brošč,sl,"","",,Slovenian,Ljaž,2025-10-22T06:39:58Z
82852,brošč,sl,"","",,Slovenian,Ljaž,2025-10-22T06:40:10Z
1471432,Beckova perla,sl,"","",,Slovenian,Ljaž,2025-10-22T06:40:50Z
1458348,perla,sl,"","",,Slovenian,Ljaž,2025-10-22T06:41:04Z
60378,nemški sviščevec,sl,"","",,Slovenian,Ljaž,2025-10-22T06:42:31Z
461390,avstrijski sviščevec,sl,"","",,Slovenian,Ljaž,2025-10-22T06:43:01Z
61027,ozkocvetna tavžentroža,sl,"","",,Slovenian,Ljaž,2025-10-22T06:43:39Z
56234,tavžentroža,sl,"","",,Slovenian,Ljaž,2025-10-22T06:43:56Z
472348,hrapavi sviščevec,sl,"","",,Slovenian,Ljaž,2025-10-22T06:44:22Z
1290938,skupina nemškega sviščevca,sl,"","",,Slovenian,Ljaž,2025-10-22T06:44:43Z
509240,dlakavi sviščevec,sl,"","",,Slovenian,Ljaž,2025-10-22T06:46:06Z
488689,zgodnji sviščevec,sl,"","",,Slovenian,Ljaž,2025-10-22T06:46:43Z
204408,klasnata tavžentroža,sl,"","",,Slovenian,Ljaž,2025-10-22T06:47:22Z
794586,retijski sviščevec,sl,"","",,Slovenian,Ljaž,2025-10-22T06:47:43Z
485745,poznocvetna grenčica,sl,"","",,Slovenian,Ljaž,2025-10-22T06:48:12Z
51737,paradižnik,sl,"","",,Slovenian,Ljaž,2025-10-22T06:48:47Z
77902,navadna kustovnica,sl,"","",,Slovenian,Ljaž,2025-10-22T06:49:12Z
58333,kustovnica,sl,"","",,Slovenian,Ljaž,2025-10-22T06:49:27Z
48516,razhudnikovke,sl,"","",,Slovenian,Ljaž,2025-10-22T06:49:48Z
48515,razhudnikovci,sl,"","",,Slovenian,Ljaž,2025-10-22T06:50:03Z
53858,krompir,sl,"","",,Slovenian,Ljaž,2025-10-22T06:50:20Z
75430,navadni volovski jezik,sl,"","",,Slovenian,Ljaž,2025-10-22T06:51:20Z
52287,boreč,sl,"","",,Slovenian,Ljaž,2025-10-22T06:51:58Z
770369,drobnocvetna torilnica,sl,"","",,Slovenian,Ljaž,2025-10-22T06:53:08Z
339548,ozkolistni pljučnik,sl,"","",,Slovenian,Ljaž,2025-10-22T06:53:29Z
704950,karavanški pljučnik,sl,"","",,Slovenian,Ljaž,2025-10-22T06:54:07Z
165728,rumena srdovnica,sl,"","",,Slovenian,Ljaž,2025-10-22T06:54:45Z
245579,čebulasti gabez,sl,"","",,Slovenian,Ljaž,2025-10-22T06:55:35Z
503253,rumeni pojalnik,sl,"","",,Slovenian,Ljaž,2025-10-22T06:56:42Z
61977,bršljanov pojalnik,sl,"","",,Slovenian,Ljaž,2025-10-22T06:57:12Z
512006,Pančićev pojalnik,sl,"","",,Slovenian,Ljaž,2025-10-22T06:58:50Z
899110,pisana smetlika,sl,"","",,Slovenian,Ljaž,2025-10-22T06:59:06Z
186697,alpski goltec,sl,"","",,Slovenian,Ljaž,2025-10-22T06:59:27Z
186694,goltec,sl,"","",,Slovenian,Ljaž,2025-10-22T06:59:40Z
498105,Hasquetov ušivec,sl,"","",,Slovenian,Ljaž,2025-10-22T06:59:59Z
547390,skrkin pojalnik,sl,"","",,Slovenian,Ljaž,2025-10-22T07:00:19Z
1421314,ilirska smetlika,sl,"","",,Slovenian,Ljaž,2025-10-22T07:00:51Z
58960,deljenolistni trpotec,sl,"","",,Slovenian,Ljaž,2025-10-22T07:32:48Z
190109,mnogolični žabji las,sl,"","",,Slovenian,Ljaž,2025-10-22T07:33:20Z
58096,žabji las,sl,"","",,Slovenian,Ljaž,2025-10-22T07:33:33Z
50638,trpotčevke,sl,"","",,Slovenian,Ljaž,2025-10-22T07:33:49Z
53983,škrlatni naprstec,sl,"","",,Slovenian,Ljaž,2025-10-22T07:34:10Z
61112,močvirski jetičnik,sl,"","",,Slovenian,Ljaž,2025-10-22T07:36:10Z
333621,južna mračica,sl,"","",,Slovenian,Ljaž,2025-10-22T07:36:38Z
64332,kopjastolistna lazica,sl,"","",,Slovenian,Ljaž,2025-10-22T07:37:26Z
64192,lazica,sl,"","",,Slovenian,Ljaž,2025-10-22T07:37:46Z
899121,Cornutijev trpotec,sl,"","",,Slovenian,Ljaž,2025-10-22T07:38:37Z
55825,nitasti jetičnik,sl,"","",,Slovenian,Ljaž,2025-10-22T07:39:46Z
75937,navadni žabji las,sl,"","",,Slovenian,Ljaž,2025-10-22T07:40:20Z
79496,nanizani jetičnik,sl,"","",,Slovenian,Ljaž,2025-10-22T07:40:43Z
487739,črnikasti trpotec,sl,"","",,Slovenian,Ljaž,2025-10-22T07:41:24Z
60317,ameriški jetičnik,sl,"","",,Slovenian,Ljaž,2025-10-22T07:42:00Z
64191,jajčastolistna lazica,sl,"","",,Slovenian,Ljaž,2025-10-22T07:42:27Z
738833,avstrijski in Jacquinov jetičnik,sl,"","",,Slovenian,Ljaž,2025-10-22T07:43:10Z
738835,avstrijski jetičnik,sl,"","",,Slovenian,Ljaž,2025-10-22T07:43:35Z
208964,grmičasta šmarna detelja,sl,"","",,Slovenian,Ljaž,2025-10-22T07:44:57Z
48538,navadna metla,sl,"","",,Slovenian,Ljaž,2025-10-22T07:45:35Z
57317,kuštrava grašica,sl,"","",,Slovenian,Ljaž,2025-10-22T07:46:20Z
57315,prava kuštrava grašica,sl,"","",,Slovenian,Ljaž,2025-10-22T07:46:50Z
77838,ozkolistna nokota,sl,"","",,Slovenian,Ljaž,2025-10-22T07:47:30Z
461263,devetrolistna zobnica,sl,"","",,Slovenian,Ljaž,2025-10-22T09:12:54Z
448094,avstrijski dežen,sl,"","",,Slovenian,Ljaž,2025-10-22T19:29:34Z
448095,pravi avstrijski dežen,sl,"","",,Slovenian,Ljaž,2025-10-22T19:29:56Z
53095,dežen,sl,"","",,Slovenian,Ljaž,2025-10-22T19:30:26Z
130228,orjaški dežen,sl,"","",,Slovenian,Ljaž,2025-10-22T19:31:39Z
982673,rabeljski silj,sl,"","",,Slovenian,Ljaž,2025-10-22T19:32:28Z
156616,silj,sl,"","",,Slovenian,Ljaž,2025-10-22T19:32:45Z
78465,peteršilj,sl,"","",,Slovenian,Ljaž,2025-10-22T19:33:12Z
1416355,Gouanova konjska kumina,sl,"","",,Slovenian,Ljaž,2025-10-22T19:33:48Z
156117,konjska kumina,sl,"","",,Slovenian,Ljaž,2025-10-22T19:34:11Z
52846,oslovska krebuljica,sl,"","",,Slovenian,Ljaž,2025-10-22T19:34:37Z
485932,bleščeča krebuljica,sl,"","",,Slovenian,Ljaž,2025-10-22T19:34:59Z
52847,krebuljica,sl,"","",,Slovenian,Ljaž,2025-10-22T19:35:14Z
59432,luštrek,sl,"","",,Slovenian,Ljaž,2025-10-22T19:35:41Z
75445,navadni koper,sl,"","",,Slovenian,Ljaž,2025-10-22T19:36:26Z
71969,koper,sl,"","",,Slovenian,Ljaž,2025-10-22T19:36:38Z
474664,Hironova vsezdravka,sl,"","",,Slovenian,Ljaž,2025-10-22T19:37:26Z
129875,vsezdravka,sl,"","",,Slovenian,Ljaž,2025-10-22T19:37:40Z
58788,navadna zelena,sl,"","",,Slovenian,Ljaž,2025-10-22T19:38:33Z
58789,zelena,sl,"","",,Slovenian,Ljaž,2025-10-22T19:38:50Z
359457,Villarsovo trebelje,sl,"","",,Slovenian,Ljaž,2025-10-22T19:39:31Z
359482,tanka prerast,sl,"","",,Slovenian,Ljaž,2025-10-22T19:40:09Z
82607,prerast,sl,"","",,Slovenian,Ljaž,2025-10-22T19:40:26Z
75417,velika peščenica,sl,"","",,Slovenian,Ljaž,2025-10-22T19:41:01Z
71961,peščenica,sl,"","",,Slovenian,Ljaž,2025-10-22T19:41:14Z
332963,plazeča zelena,sl,"","",,Slovenian,Ljaž,2025-10-22T19:41:45Z
359466,travniška blestivka,sl,"","",,Slovenian,Ljaž,2025-10-22T19:42:08Z
359467,blestivka,sl,"","",,Slovenian,Ljaž,2025-10-22T19:42:21Z
1554278,rosničasta krebuljica,sl,"","",,Slovenian,Ljaž,2025-10-22T19:42:54Z
160575,velika trobelika,sl,"","",,Slovenian,Ljaž,2025-10-22T19:45:06Z
60126,trobelika,sl,"","",,Slovenian,Ljaž,2025-10-22T19:45:20Z
62085,navadna gomoljasta kumina,sl,"","",,Slovenian,Ljaž,2025-10-22T19:46:21Z
62086,gomoljasta kumina,sl,"","",,Slovenian,Ljaž,2025-10-22T19:46:40Z
79514,močvirska vijolica,sl,"","",,Slovenian,Ljaž,2025-10-22T19:48:02Z
50828,vijoličevke,sl,"","",,Slovenian,Ljaž,2025-10-22T19:48:23Z
483187,pernatolistna vijolica,sl,"","",,Slovenian,Ljaž,2025-10-22T19:48:57Z
1364701,jadranska vijolica,sl,"","",,Slovenian,Ljaž,2025-10-22T19:49:35Z
82816,ameriška vijolica,sl,"","",,Slovenian,Ljaž,2025-10-22T19:50:18Z
520180,skalni popon,sl,"","",,Slovenian,Ljaž,2025-10-22T19:51:08Z
490658,Hallerjev penušnjek,sl,"","",,Slovenian,Ljaž,2025-10-22T19:52:38Z
515578,Wulfenov grobeljnik,sl,"","",,Slovenian,Ljaž,2025-10-22T19:53:09Z
1415990,dalmatinski grobeljnik,sl,"","",,Slovenian,Ljaž,2025-10-22T19:53:37Z
79358,njivski mošnjak,sl,"","",,Slovenian,Ljaž,2025-10-22T19:54:04Z
515500,puščičasti repnjak,sl,"","",,Slovenian,Ljaž,2025-10-22T19:54:37Z
371907,togi dihnik,sl,"","",,Slovenian,Ljaž,2025-10-22T19:55:02Z
53267,dihnik,sl,"","",,Slovenian,Ljaž,2025-10-22T19:55:15Z
72396,mošnjak,sl,"","",,Slovenian,Ljaž,2025-10-22T19:55:35Z
515520,ozvezdani repnjak,sl,"","",,Slovenian,Ljaž,2025-10-22T19:56:54Z
55892,zlatenec,sl,"","",,Slovenian,Ljaž,2025-10-22T19:57:26Z
50630,šebenik,sl,"","",,Slovenian,Ljaž,2025-10-22T19:57:46Z
47203,draguša,sl,"","",,Slovenian,Ljaž,2025-10-22T19:58:17Z
164526,grobljasta draguša,sl,"","",,Slovenian,Ljaž,2025-10-22T19:58:37Z
54516,zelje,sl,"","",,Slovenian,Ljaž,2025-10-22T19:58:54Z
77485,kobulasti grenik,sl,"","",,Slovenian,Ljaž,2025-10-22T19:59:17Z
72190,grenik,sl,"","",,Slovenian,Ljaž,2025-10-22T19:59:31Z
508875,srednji grenik,sl,"","",,Slovenian,Ljaž,2025-10-22T19:59:49Z
77059,francoski rigec,sl,"","",,Slovenian,Ljaž,2025-10-22T20:00:22Z
77059,rigec,sl,"","",,Slovenian,Ljaž,2025-10-22T20:00:32Z
902691,česnasti mošnjak,sl,"","",,Slovenian,Ljaž,2025-10-22T20:01:07Z
1508270,Matthiolijeva penuša,sl,"","",,Slovenian,Ljaž,2025-10-22T20:01:39Z
58086,vzhodni dihnik,sl,"","",,Slovenian,Ljaž,2025-10-22T20:02:01Z
75970,drobnoplodni riček,sl,"","",,Slovenian,Ljaž,2025-10-22T20:02:40Z
72028,riček,sl,"","",,Slovenian,Ljaž,2025-10-22T20:02:55Z
77068,zlatnati šebenik,sl,"","",,Slovenian,Ljaž,2025-10-22T20:03:26Z
158480,kavkaški repnjak,sl,"","",,Slovenian,Ljaž,2025-10-22T20:03:57Z
159601,vzhodni pikasti lušček,sl,"","",,Slovenian,Ljaž,2025-10-22T20:04:16Z
156942,pikasti lušček,sl,"","",,Slovenian,Ljaž,2025-10-22T20:04:31Z
159600,rukvičasti pikasti lušček,sl,"","",,Slovenian,Ljaž,2025-10-22T20:04:57Z
164527,vrtna kreša,sl,"","",,Slovenian,Ljaž,2025-10-22T20:05:26Z
212118,navadna skalnica,sl,"","",,Slovenian,Ljaž,2025-10-22T20:06:18Z
496126,malocvetni repnjak,sl,"","",,Slovenian,Ljaž,2025-10-22T20:06:49Z
515519,Jacquinov repnjak,sl,"","",,Slovenian,Ljaž,2025-10-22T20:07:10Z
1555489,črna ogrščica,sl,"","",,Slovenian,Ljaž,2025-10-22T20:07:35Z
58074,žabji koprc,sl,"","",,Slovenian,Ljaž,2025-10-22T20:08:26Z
77665,polegla vranja noga,sl,"","",,Slovenian,Ljaž,2025-10-22T20:09:33Z
129855,latasti luščenec,sl,"","",,Slovenian,Ljaž,2025-10-22T20:10:03Z
129856,luščenec,sl,"","",,Slovenian,Ljaž,2025-10-22T20:10:14Z
1635451,lepljiva čeladica,sl,"","",,Slovenian,Matej Frančeškin,2025-10-23T13:51:26Z
47621,lisičjakovke,sl,"","",,Slovenian,Ljaž,2025-10-23T18:28:09Z
204142,lisičjak,sl,"","",,Slovenian,Ljaž,2025-10-23T18:28:21Z
77913,barjanski blatec,sl,"","",,Slovenian,Ljaž,2025-10-23T18:29:10Z
62316,blatec,sl,"","",,Slovenian,Ljaž,2025-10-23T18:29:28Z
82392,dvorednik,sl,"","",,Slovenian,Ljaž,2025-10-23T18:29:54Z
58771,drežica,sl,"","",,Slovenian,Ljaž,2025-10-23T18:32:56Z
58770,drežičevke,sl,"","",,Slovenian,Ljaž,2025-10-23T18:33:13Z
58769,drežičevci,sl,"","",,Slovenian,Ljaž,2025-10-23T18:33:29Z
49144,lisičje,sl,"","",,Slovenian,Ljaž,2025-10-23T18:34:32Z
47620,lisičjak,sl,"","",,Slovenian,Ljaž,2025-10-23T18:35:02Z
47622,lisičjakovci,sl,"","",,Slovenian,Ljaž,2025-10-23T18:36:08Z
47745,vodna preslica,sl,"","",,Slovenian,Ljaž,2025-10-23T18:37:51Z
47746,preslica,sl,"","",,Slovenian,Ljaž,2025-10-23T18:38:09Z
47747,presličevke,sl,"","",,Slovenian,Ljaž,2025-10-23T18:38:38Z
47748,presličevci,sl,"","",,Slovenian,Ljaž,2025-10-23T18:39:10Z
764793,Equisetidae,sl,"","",,Slovenian,Ljaž,2025-10-23T18:39:38Z
211194,cevnice,sl,"","",,Slovenian,Ljaž,2025-10-23T18:40:19Z
55329,kačjejezikovke,sl,"","",,Slovenian,Ljaž,2025-10-23T18:42:26Z
55328,kačjejezikovci,sl,"","",,Slovenian,Ljaž,2025-10-23T18:43:09Z
48436,laski,sl,"","",,Slovenian,Ljaž,2025-10-23T18:44:44Z
48437,laskovke,sl,"","",,Slovenian,Ljaž,2025-10-23T18:45:01Z
52682,orlovopraprotovke,sl,"","",,Slovenian,Ljaž,2025-10-23T18:46:15Z
52683,orlova praprot,sl,"","",,Slovenian,Ljaž,2025-10-23T18:46:32Z
122084,bukovčica,sl,"","",,Slovenian,Ljaž,2025-10-23T18:47:08Z
56184,krpačevke,sl,"","",,Slovenian,Ljaž,2025-10-23T18:47:37Z
437985,krpača,sl,"","",,Slovenian,Ljaž,2025-10-23T18:48:07Z
56185,krpača,sl,"","",,Slovenian,Ljaž,2025-10-23T18:48:29Z
371758,žlezasti sršaj,sl,"","",,Slovenian,Ljaž,2025-10-23T18:49:21Z
71992,sršaj,sl,"","",,Slovenian,Ljaž,2025-10-23T18:49:47Z
1369124,zdravilka,sl,"","",,Slovenian,Ljaž,2025-10-23T18:50:11Z
82591,Javorkova zdravilka,sl,"","",,Slovenian,Ljaž,2025-10-23T18:50:45Z
984727,prava navadna zdravilka,sl,"","",,Slovenian,Ljaž,2025-10-23T18:51:10Z
1369125,jelenov jezik,sl,"","",,Slovenian,Ljaž,2025-10-23T18:51:31Z
64662,sršajevke,sl,"","",,Slovenian,Ljaž,2025-10-23T18:51:48Z
47754,sladičevci,sl,"","",,Slovenian,Ljaž,2025-10-23T18:52:12Z
75694,gorska podborka,sl,"","",,Slovenian,Ljaž,2025-10-23T18:53:11Z
52670,podborka,sl,"","",,Slovenian,Ljaž,2025-10-23T18:53:33Z
332930,podborkovke,sl,"","",,Slovenian,Ljaž,2025-10-23T18:53:53Z
359746,alpska priščanica,sl,"","",,Slovenian,Ljaž,2025-10-23T18:54:33Z
82572,hrastovka,sl,"","",,Slovenian,Ljaž,2025-10-23T18:55:14Z
63054,apnenka in hrastovka,sl,"","",,Slovenian,Ljaž,2025-10-23T18:55:41Z
58756,priščanica,sl,"","",,Slovenian,Ljaž,2025-10-23T18:55:59Z
332916,priščaničevke,sl,"","",,Slovenian,Ljaž,2025-10-23T18:56:20Z
82575,peruša,sl,"","",,Slovenian,Ljaž,2025-10-23T18:56:57Z
64686,peruševke,sl,"","",,Slovenian,Ljaž,2025-10-23T18:57:13Z
170333,alpska vudsovka,sl,"","",,Slovenian,Ljaž,2025-10-23T18:58:02Z
715200,mična vudsovka,sl,"","",,Slovenian,Ljaž,2025-10-23T18:58:28Z
72429,vudsovka,sl,"","",,Slovenian,Ljaž,2025-10-23T18:58:41Z
64663,vudsovke,sl,"","",,Slovenian,Ljaž,2025-10-23T18:58:59Z
1501891,borrerjeva glistovnica,sl,"","",,Slovenian,Ljaž,2025-10-23T19:00:03Z
359752,širokolistna glistovnica,sl,"","",,Slovenian,Ljaž,2025-10-23T19:00:34Z
64055,slična glistovnica,sl,"","",,Slovenian,Ljaž,2025-10-23T19:00:54Z
1501890,neprava glistovnica,sl,"","",,Slovenian,Ljaž,2025-10-23T19:01:20Z
1501877,skupina neprave glistovnice,sl,"","",,Slovenian,Ljaž,2025-10-23T19:01:40Z
1501882,velška glistovnica,sl,"","",,Slovenian,Ljaž,2025-10-23T19:02:07Z
52672,glistovnica,sl,"","",,Slovenian,Ljaž,2025-10-23T19:02:48Z
47753,glistovničevke,sl,"","",,Slovenian,Ljaž,2025-10-23T19:03:06Z
489052,rebrenjača,sl,"","",,Slovenian,Ljaž,2025-10-23T19:04:27Z
48434,rebrenjačevke,sl,"","",,Slovenian,Ljaž,2025-10-23T19:05:01Z
52680,sladka koreninica,sl,"","",,Slovenian,Ljaž,2025-10-23T19:05:42Z
52679,sladičevke,sl,"","",,Slovenian,Ljaž,2025-10-23T19:05:57Z
168405,plavajoči plavček,sl,"","",,Slovenian,Ljaž,2025-10-23T19:06:49Z
72340,plavček,sl,"","",,Slovenian,Ljaž,2025-10-23T19:07:07Z
64657,plavčevke,sl,"","",,Slovenian,Ljaž,2025-10-23T19:07:27Z
60116,marzilka,sl,"","",,Slovenian,Ljaž,2025-10-23T19:07:51Z
57886,marzilkovke,sl,"","",,Slovenian,Ljaž,2025-10-23T19:08:06Z
57887,osvaljkarica,sl,"","",,Slovenian,Ljaž,2025-10-23T19:08:20Z
63840,kroglasta osvaljkarica,sl,"","",,Slovenian,Ljaž,2025-10-23T19:08:34Z
332905,plavčevci,sl,"","",,Slovenian,Ljaž,2025-10-23T19:09:01Z
48734,kanadska čuga,sl,"","",,Slovenian,Ljaž,2025-10-23T19:10:18Z
1649503,hrastov blazinovec,sl,"","",https://www.inaturalist.org/taxon_names/3829896/edit,Slovenian,,2025-10-26T20:35:24Z
1649510,dišeča tramovka,sl,"","",https://www.inaturalist.org/taxon_names/3520665/edit,Slovenian,,2025-10-26T21:21:36Z
1375452,toga smiljka,sl,"","",https://www.inaturalist.org/taxon_names/2876210/edit,Slovenian,,2025-10-27T15:16:39Z
354744,sivolistke,sl,"","",,Slovenian,Matej Frančeškin,2025-11-01T20:29:55Z
1518372,kraški črnilec,sl,"","",https://www.inaturalist.org/taxon_names/3015356/edit,Slovenian,,2025-11-18T09:29:16Z
1652912,preobjedin pojalnik,sl,"","",https://www.inaturalist.org/taxon_names/4022574/edit,Slovenian,,2025-11-24T17:41:51Z
1654667,Gozdni ščipalec,sl,"","",https://www.inaturalist.org/taxon_names/3981884/edit,Slovenian,,2025-11-26T05:17:12Z
159979,Hostov šaš,sl,"","",,Slovenian,Ljaž,2025-11-28T07:04:37Z
75864,navadna glota,sl,"","",https://www.inaturalist.org/taxon_names/3040248/edit,Slovenian,,2025-12-04T08:02:18Z
525068,Kranjska lilija,sl,"","",,Slovenian,igroe,2025-12-07T12:26:41Z
204364,srčastolistni muhovnik,sl,"","",,Slovenian,Alenka Mihoric,2025-12-09T13:47:32Z
1576136,lijasti vlagobetnež,sl,"","","gobe.si—Gobarsko društvo Lisička Maribor. (n.d.). Gobarsko Društvo Lisička Maribor. https://www.gobe.si/
",Slovenian,,2025-12-15T11:58:59Z
1657824,bucikasta čeladica,sl,"","","gobe.si—Gobarsko društvo Lisička Maribor. (n.d.). Gobarsko Društvo Lisička Maribor. https://www.gobe.si/
",Slovenian,,2025-12-21T19:42:33Z
1659817,orošeni nogavičar,sl,"","","gobe.si—Gobarsko društvo Lisička Maribor. (n.d.). Gobarsko Društvo Lisička Maribor. https://www.gobe.si/
",Slovenian,,2025-12-26T00:04:24Z
338209,slakova sovka,sl,"","",https://www.inaturalist.org/taxon_names/2883723/edit,Slovenian,,2025-12-28T10:04:17Z
3911,Puklež,sl,"","",,Slovenian,pikag,2026-01-27T17:25:33Z
55996,Veliki vinski veščec,sl,"","",,Slovenian,pikag,2026-01-27T18:40:45Z
470449,Zelenkasta oponaševalka,sl,"","",,Slovenian,pikag,2026-01-27T18:48:57Z
124110,Veščeci,sl,"","",,Slovenian,pikag,2026-01-27T18:58:22Z
49530,Pedici,sl,"","",,Slovenian,pikag,2026-01-27T19:00:33Z
322129,Zeliščna zelenjavarka,sl,"","",,Slovenian,pikag,2026-01-27T19:52:03Z
362090,Rdečkasti venčar,sl,"","",,Slovenian,pikag,2026-01-28T17:14:55Z
62331,Topolov veščec,sl,"","",,Slovenian,pikag,2026-01-28T17:18:03Z
56832,Pogrebec,sl,"","",,Slovenian,pikag,2026-01-28T17:22:57Z
125012,rjava vodopivka,sl,"","",,Slovenian,pikag,2026-01-28T17:29:25Z
124957,Slivova kokljica,sl,"","",,Slovenian,pikag,2026-01-28T17:39:00Z
321464,Šetrajev sleparček,sl,"","",,Slovenian,pikag,2026-01-28T17:42:58Z
70071,Navadni mlečkar,sl,"","",,Slovenian,pikag,2026-01-28T17:50:13Z
58484,Kratkočrti debeloglavček,sl,"","",,Slovenian,pikag,2026-01-28T17:55:13Z
343427,hrastovolistna veletrupka,sl,"","",,Slovenian,pikag,2026-01-28T18:09:37Z
147043,Grašični ovnič,sl,"","",,Slovenian,pikag,2026-01-28T18:14:14Z
362591,Kalinov veščec,sl,"","",,Slovenian,pikag,2026-01-28T18:18:01Z
1665287,ameriška stožka,sl,"","",https://www.inaturalist.org/taxon_names/3612052/edit,Slovenian,,2026-01-28T18:22:14Z
205135,Večerni pavlinček,sl,"","",,Slovenian,pikag,2026-01-28T18:26:28Z
201519,Navadni slezovček,sl,"","",,Slovenian,pikag,2026-01-28T18:29:16Z
56530,Smrtoglavec,sl,"","",,Slovenian,pikag,2026-01-28T18:31:48Z
343429,Spreminjavi cekinček,sl,"","",,Slovenian,pikag,2026-01-28T18:41:26Z
56532,Veliki nočni pavlinček,sl,"","",,Slovenian,pikag,2026-01-28T18:44:58Z
362611,Vrbov lesovrt,sl,"","",,Slovenian,pikag,2026-01-28T18:49:42Z
70128,Borov veščec,sl,"","",,Slovenian,pikag,2026-01-28T18:55:51Z
335607,Deteljna kokljica,sl,"","",,Slovenian,pikag,2026-01-28T20:13:15Z
559092,Smaragdni deževnik,sl,"","",,Slovenian,pikag,2026-01-28T21:07:58Z
41850,Vidra,sl,"","",,Slovenian,pikag,2026-01-28T21:30:29Z
339539,Bakrasta zlatninarka,sl,"","",,Slovenian,pikag,2026-01-29T17:49:34Z
47224,Dnevni metulji,sl,"","",,Slovenian,pikag,2026-01-29T18:05:09Z
47157,Metulji,sl,"","",,Slovenian,pikag,2026-01-29T18:13:29Z
60780,Mali zimski pedic,sl,"","",,Slovenian,pikag,2026-01-29T18:30:17Z
83459,Zemljemerka,sl,"","",,Slovenian,pikag,2026-01-29T18:56:11Z
483305,Jamski pedic,sl,"","",,Slovenian,pikag,2026-01-29T19:14:08Z
205294,Skromna rdečerepka,sl,"","",,Slovenian,pikag,2026-01-29T19:18:13Z
100301,Planinski rjavček,sl,"","",,Slovenian,pikag,2026-01-29T19:28:48Z
61918,Ribezov šarec,sl,"","",,Slovenian,pikag,2026-01-30T20:09:32Z
52429,Gozdni šarec,sl,"","",,Slovenian,pikag,2026-01-30T20:13:01Z
321841,Zelenkasti gubarček,sl,"","",,Slovenian,pikag,2026-01-30T20:16:30Z
470909,Drobnolisi dimar,sl,"","",,Slovenian,pikag,2026-01-30T20:18:38Z
56639,Oranžni mraznik,sl,"","",,Slovenian,pikag,2026-01-30T20:20:25Z
56640,Rjavi mraznik,sl,"","",,Slovenian,pikag,2026-01-30T20:21:54Z
56637,Belkasti mraznik,sl,"","",,Slovenian,pikag,2026-01-30T20:24:20Z
344469,Obrobljeni mraznik,sl,"","",,Slovenian,pikag,2026-01-30T20:26:07Z
917780,Črnolisi rogovilar,sl,"","",,Slovenian,pikag,2026-01-30T20:27:39Z
483356,Grebenasti rogovilar,sl,"","",,Slovenian,pikag,2026-01-30T20:29:39Z
324890,Krivočrti rogovilar,sl,"","",,Slovenian,pikag,2026-01-30T20:31:01Z
345611,Hrastov prekrilnik,sl,"","",,Slovenian,pikag,2026-01-30T20:35:30Z
475135,Oranžni vrbar,sl,"","",,Slovenian,pikag,2026-01-30T20:37:37Z
318430,Vijugavi šipkar,sl,"","",,Slovenian,pikag,2026-01-30T20:40:59Z
475950,Lesketajoči pijavčničar,sl,"","",,Slovenian,pikag,2026-01-30T20:43:25Z
205218,Belolisi lipovkar,sl,"","",,Slovenian,pikag,2026-01-30T20:45:32Z
949,Belka,sl,"","",,Slovenian,pikag,2026-01-30T21:02:25Z
145291,veliki strnad,sl,"","",,Slovenian,pikag,2026-01-30T21:14:40Z
125494,navadna rjavka,sl,"","",,Slovenian,pikag,2026-01-31T19:34:10Z
362093,lunolisi debeloglavček,sl,"","",,Slovenian,pikag,2026-01-31T20:16:45Z
128545,slivov repkar,sl,"","",,Slovenian,pikag,2026-01-31T20:20:26Z
479983,veliki mehurkar,sl,"","",,Slovenian,pikag,2026-01-31T20:34:52Z
109283,temni mravljiščar,sl,"","",,Slovenian,pikag,2026-01-31T20:37:11Z
363736,hribska rjavka,sl,"","",,Slovenian,pikag,2026-01-31T20:38:53Z
1321829,čišljakov kosmičar,sl,"","",,Slovenian,pikag,2026-01-31T20:45:15Z
1321828,močvirski kosmičar,sl,"","",,Slovenian,pikag,2026-01-31T20:47:19Z
333714,veliki slezovček,sl,"","",,Slovenian,pikag,2026-01-31T20:48:50Z
357291,olivni slezovček,sl,"","",,Slovenian,pikag,2026-01-31T20:50:08Z
207678,zelenosivi slezovček,sl,"","",,Slovenian,pikag,2026-01-31T20:51:27Z
100743,gozdni postavnež,sl,"","",,Slovenian,pikag,2026-02-01T15:29:54Z
465237,jetičnikov pisanček,sl,"","",,Slovenian,pikag,2026-02-01T15:32:09Z
484086,temni pisanček,sl,"","",,Slovenian,pikag,2026-02-01T15:33:22Z
132890,lučnikov pisanček,sl,"","",,Slovenian,pikag,2026-02-01T15:34:58Z
496926,okrašeni pisanček,sl,"","",,Slovenian,pikag,2026-02-01T15:36:28Z
100286,skalni rjavček,sl,"","",,Slovenian,pikag,2026-02-01T15:38:18Z
100303,temni rjavček,sl,"","",,Slovenian,pikag,2026-02-01T15:39:27Z
472517,štajerski rjavček,sl,"","",,Slovenian,pikag,2026-02-01T15:40:19Z
100309,erebia styx,sl,"","",,Slovenian,pikag,2026-02-01T15:41:02Z
100298,svetlooki rjavček,sl,"","",,Slovenian,pikag,2026-02-01T15:42:06Z
52413,veliki trepetlikar,sl,"","",,Slovenian,pikag,2026-02-01T15:56:42Z
468325,pomladni trnar,sl,"","",,Slovenian,pikag,2026-02-01T17:25:21Z
602608,javorov prekrilnik,sl,"","",,Slovenian,pikag,2026-02-01T17:26:45Z
468600,preprosti gladežnikar,sl,"","",,Slovenian,pikag,2026-02-01T17:33:28Z
357895,peščinski krčničar,sl,"","",,Slovenian,pikag,2026-02-01T17:34:55Z
213992,veliki krčničar,sl,"","",,Slovenian,pikag,2026-02-01T17:36:31Z
483340,gorski krčničar,sl,"","",,Slovenian,pikag,2026-02-01T17:38:08Z
563664,visokogorski krčničar,sl,"","",,Slovenian,pikag,2026-02-01T17:39:41Z
124096,kocinasti zimnik,sl,"","",,Slovenian,pikag,2026-02-01T17:41:50Z
430139,brezov pomladnik,sl,"","",,Slovenian,pikag,2026-02-01T17:43:44Z
764838,trdoleskin podkrilnik,sl,"","",,Slovenian,pikag,2026-02-01T17:44:52Z
243770,svetli mesečar,sl,"","",,Slovenian,pikag,2026-02-01T17:47:03Z
475913,beli čipkarček,sl,"","",,Slovenian,pikag,2026-02-01T17:50:03Z
939522,gosji čipkarček,sl,"","",,Slovenian,pikag,2026-02-01T17:51:43Z
546577,belolisi črnogar,sl,"","",,Slovenian,pikag,2026-02-01T18:00:52Z
143517,brezov preprogar,sl,"","",,Slovenian,pikag,2026-02-01T18:04:36Z
244816,hrastov preprogar,sl,"","",,Slovenian,pikag,2026-02-01T18:06:41Z
702564,topolov pomladin,sl,"","",,Slovenian,pikag,2026-02-01T18:08:23Z
361964,lisasti borovec,sl,"","",,Slovenian,pikag,2026-02-01T18:09:35Z
130099,krivočrti belokrilnik,sl,"","",,Slovenian,pikag,2026-02-01T18:17:30Z
130101,ravnočrti belokrilnik,sl,"","",,Slovenian,pikag,2026-02-01T18:18:20Z
61972,dvočrti krivočrtar,sl,"","",,Slovenian,pikag,2026-02-01T18:20:02Z
961809,popisani krivočrtar,sl,"","",,Slovenian,pikag,2026-02-01T18:22:10Z
711191,grmiščni skodranček,sl,"","",,Slovenian,pikag,2026-02-01T18:23:49Z
334545,rjavkasti vijugar,sl,"","",,Slovenian,pikag,2026-02-01T18:24:53Z
483291,rdečkasti vijugar,sl,"","",,Slovenian,pikag,2026-02-02T17:03:03Z
450927,nazobljeni borovničar,sl,"","",,Slovenian,pikag,2026-02-02T17:04:31Z
546449,visokogorski skalar,sl,"","",,Slovenian,pikag,2026-02-02T17:05:48Z
546458,modrikasti skalar,sl,"","",,Slovenian,pikag,2026-02-02T17:06:51Z
1323103,balkanski skalar,sl,"","",,Slovenian,pikag,2026-02-02T17:07:23Z
546452,raznoliki skalar,sl,"","",,Slovenian,pikag,2026-02-02T17:08:30Z
475334,temni skalar,sl,"","",,Slovenian,pikag,2026-02-02T17:09:24Z
578079,pisani skalar,sl,"","",,Slovenian,pikag,2026-02-02T17:10:07Z
343148,jesenski metlar,sl,"","",,Slovenian,pikag,2026-02-02T17:10:55Z
466366,pomladni metlar,sl,"","",,Slovenian,pikag,2026-02-02T17:11:51Z
124090,tamarišin mrežarček,sl,"","",,Slovenian,pikag,2026-02-02T17:12:52Z
461801,gozdni zelenček,sl,"","",,Slovenian,pikag,2026-02-02T17:20:11Z
465324,stepski zelenček,sl,"","",,Slovenian,pikag,2026-02-02T17:20:46Z
483298,svetli olivar,sl,"","",,Slovenian,pikag,2026-02-02T17:21:47Z
335485,temni olivar,sl,"","",,Slovenian,pikag,2026-02-02T17:22:56Z
324080,črnolisi zelenkar,sl,"","",,Slovenian,pikag,2026-02-02T17:24:18Z
322804,rumenkasti gizdalinček,sl,"","",,Slovenian,pikag,2026-02-02T17:25:24Z
483355,belopasi obročar,sl,"","",,Slovenian,pikag,2026-02-02T17:26:27Z
429134,rjavkasti lišajar,sl,"","",,Slovenian,pikag,2026-02-02T17:27:24Z
483302,bledi zemljevidar,sl,"","",,Slovenian,pikag,2026-02-02T17:28:15Z
543016,bledi pepelar,sl,"","",,Slovenian,pikag,2026-02-02T17:29:07Z
483296,vrbov pepelar,sl,"","",,Slovenian,pikag,2026-02-02T17:29:48Z
782223,naskalni pepelar,sl,"","",,Slovenian,pikag,2026-02-02T17:30:33Z
324088,veliki lepotec,sl,"","",,Slovenian,pikag,2026-02-02T20:58:38Z
1666196,pomladanska stožka,sl,"","",https://www.inaturalist.org/taxon_names/3612048/edit,Slovenian,,2026-02-03T11:33:31Z
778619,gorski lakotar,sl,"","",,Slovenian,pikag,2026-02-03T18:12:18Z
935280,obledeli lakotar,sl,"","",,Slovenian,pikag,2026-02-03T18:13:07Z
1321952,naskalni lakotar,sl,"","",,Slovenian,pikag,2026-02-03T18:14:21Z
1321710,špajkin lakotar,sl,"","",,Slovenian,pikag,2026-02-03T18:15:12Z
470622,črtkasti lakotar,sl,"","",,Slovenian,pikag,2026-02-03T18:16:03Z
483301,olivni lakotar,sl,"","",,Slovenian,pikag,2026-02-03T18:16:50Z
129158,nazobljeni lakotar,sl,"","",,Slovenian,pikag,2026-02-03T18:18:01Z
967494,svilnati lakotar,sl,"","",,Slovenian,pikag,2026-02-03T18:18:49Z
1205755,visokogorski lakotar,sl,"","",,Slovenian,pikag,2026-02-03T18:19:44Z
875552,belokrili lakotar,sl,"","",,Slovenian,pikag,2026-02-03T18:20:28Z
119858,jesenski peresar,sl,"","",,Slovenian,pikag,2026-02-03T18:21:15Z
125357,zeleni nosač,sl,"","",,Slovenian,pikag,2026-02-03T18:22:03Z
321977,črnopiki očesar,sl,"","",,Slovenian,pikag,2026-02-03T18:22:48Z
337098,mnogočrti krivorob,sl,"","",,Slovenian,pikag,2026-02-03T18:23:40Z
124696,svetli žafranar,sl,"","",,Slovenian,pikag,2026-02-03T18:24:31Z
466344,temni žafranar,sl,"","",,Slovenian,pikag,2026-02-03T18:25:45Z
1159052,visokogorski snežkar,sl,"","",,Slovenian,pikag,2026-02-03T18:26:54Z
737124,belooki krogarček,sl,"","",,Slovenian,pikag,2026-02-03T18:30:02Z
475414,obročkasti krogarček,sl,"","",,Slovenian,pikag,2026-02-03T18:32:07Z
324863,črtasti krogarček,sl,"","",,Slovenian,pikag,2026-02-03T18:37:01Z
217970,povešavi krogarček,sl,"","",,Slovenian,pikag,2026-02-03T18:37:44Z
324918,lisasti krogarček,sl,"","",,Slovenian,pikag,2026-02-03T18:38:23Z
81651,pikasti krogarček,sl,"","",,Slovenian,pikag,2026-02-03T18:39:18Z
469101,zeničasti krogarček,sl,"","",,Slovenian,pikag,2026-02-03T18:40:01Z
875553,hrastov krogarček,sl,"","",,Slovenian,pikag,2026-02-03T18:40:36Z
325274,rdečeresi krogarček,sl,"","",,Slovenian,pikag,2026-02-03T18:44:13Z
548036,drobnopiki krogarček,sl,"","",,Slovenian,pikag,2026-02-03T18:44:58Z
451873,mahovni večernik,sl,"","",,Slovenian,pikag,2026-02-03T18:47:39Z
1445188,belorobi dvobarvnež,sl,"","",,Slovenian,pikag,2026-02-03T18:48:26Z
803344,pikčasti dvolisar,sl,"","",,Slovenian,pikag,2026-02-03T18:49:20Z
211009,dolgotraki golič,sl,"","",,Slovenian,pikag,2026-02-03T18:50:13Z
218844,kratkotraki golič,sl,"","",,Slovenian,pikag,2026-02-03T18:50:57Z
1072178,rdečerjavi jarnik,sl,"","",,Slovenian,pikag,2026-02-03T18:51:51Z
475735,okrasti nedotikar,sl,"","",,Slovenian,pikag,2026-02-03T18:53:06Z
205202,sivkasti nedotikar,sl,"","",,Slovenian,pikag,2026-02-03T18:53:57Z
143009,krivočrti mračnik,sl,"","",,Slovenian,pikag,2026-02-03T18:55:10Z
467852,leskin jantarjevec,sl,"","",,Slovenian,pikag,2026-02-03T18:56:02Z
943525,raznospolni gornik,sl,"","",,Slovenian,pikag,2026-02-03T18:57:32Z
337026,stepski pritlikavček,sl,"","",,Slovenian,pikag,2026-02-03T18:59:54Z
219175,jelšev zobkar,sl,"","",,Slovenian,pikag,2026-02-03T19:00:36Z
470963,jesenski zobkar,sl,"","",,Slovenian,pikag,2026-02-03T19:01:12Z
460200,brezov zobkar,sl,"","",,Slovenian,pikag,2026-02-03T19:02:03Z
326360,zasenčeni zobkar,sl,"","",,Slovenian,pikag,2026-02-03T19:02:44Z
468691,južni zobkar,sl,"","",,Slovenian,pikag,2026-02-03T19:03:35Z
141848,hrastov zobkar,sl,"","",,Slovenian,pikag,2026-02-03T19:04:03Z
483294,rjavkasti pepelikar,sl,"","",,Slovenian,pikag,2026-02-04T17:04:36Z
780115,modrikasti pepelikar,sl,"","",,Slovenian,pikag,2026-02-04T17:05:38Z
1278948,alpski pepelikar,sl,"","",,Slovenian,pikag,2026-02-04T17:06:18Z
483293,rumenkasti pepelikar,sl,"","",,Slovenian,pikag,2026-02-04T17:06:57Z
630920,zobčasti pepelikar,sl,"","",,Slovenian,pikag,2026-02-04T17:07:51Z
1049357,sivkasti pepelikar,sl,"","",,Slovenian,pikag,2026-02-04T17:08:40Z
1440365,primorski smrdljivkar,sl,"","",,Slovenian,pikag,2026-02-04T17:10:07Z
324579,ravnočrti obrobljenček,sl,"","",,Slovenian,pikag,2026-02-04T17:10:55Z
483348,krivočrti obrobljenček,sl,"","",,Slovenian,pikag,2026-02-04T17:11:33Z
127618,sivotraki dremotar,sl,"","",,Slovenian,pikag,2026-02-04T17:12:48Z
483292,svetlorobi dremotar,sl,"","",,Slovenian,pikag,2026-02-04T17:13:55Z
809966,obročkasti dremotar,sl,"","",,Slovenian,pikag,2026-02-04T17:14:46Z
778442,lakotin dremotar,sl,"","",,Slovenian,pikag,2026-02-04T17:16:12Z
475625,belotraki dremotar,sl,"","",,Slovenian,pikag,2026-02-04T17:17:10Z
127853,pikasti dremotar,sl,"","",,Slovenian,pikag,2026-02-04T17:17:48Z
173571,pozni zimar,sl,"","",,Slovenian,pikag,2026-02-04T17:19:45Z
483309,mali zimar,sl,"","",,Slovenian,pikag,2026-02-04T17:20:20Z
343156,bledi zimar,sl,"","",,Slovenian,pikag,2026-02-04T17:21:02Z
1323736,kraški zmrzlikar,sl,"","",,Slovenian,pikag,2026-02-04T17:22:10Z
335848,veliki zmrzlikar,sl,"","",,Slovenian,pikag,2026-02-04T17:22:54Z
451949,zasenčeni glinar,sl,"","",,Slovenian,pikag,2026-02-04T17:23:41Z
452679,medeni peščenjakar,sl,"","",,Slovenian,pikag,2026-02-04T17:24:25Z
333913,topolov peščenjakar,sl,"","",,Slovenian,pikag,2026-02-04T17:25:03Z
324583,hruškin peščenjakar,sl,"","",,Slovenian,pikag,2026-02-04T17:25:44Z
875556,južni lišajnik,sl,"","",,Slovenian,pikag,2026-02-04T17:26:23Z
1321752,osenčeni vzorčar,sl,"","",,Slovenian,pikag,2026-02-05T17:24:54Z
363470,dvozobi vzorčar,sl,"","",,Slovenian,pikag,2026-02-05T17:25:22Z
558211,pisani vzorčar,sl,"","",,Slovenian,pikag,2026-02-05T17:26:26Z
1322063,karavanški vzorčar,sl,"","",,Slovenian,pikag,2026-02-05T17:27:07Z
120272,enozobi vzorčar,sl,"","",,Slovenian,pikag,2026-02-05T17:27:48Z
324924,kratkokrili pediček,sl,"","",,Slovenian,pikag,2026-02-05T17:28:48Z
357384,smrekov pediček,sl,"","",,Slovenian,pikag,2026-02-05T17:29:42Z
143103,pelinov pediček,sl,"","",,Slovenian,pikag,2026-02-05T17:30:31Z
787366,belopiki pediček,sl,"","",,Slovenian,pikag,2026-02-05T17:31:35Z
870599,lukov pediček,sl,"","",,Slovenian,pikag,2026-02-05T17:32:23Z
811582,šiškin pediček,sl,"","",,Slovenian,pikag,2026-02-05T17:33:20Z
219790,hmeljev pediček,sl,"","",,Slovenian,pikag,2026-02-05T17:34:16Z
869747,lepničin pediček,sl,"","",,Slovenian,pikag,2026-02-05T17:35:14Z
483327,nebinin pediček,sl,"","",,Slovenian,pikag,2026-02-05T17:36:02Z
325476,glavinčev pediček,sl,"","",,Slovenian,pikag,2026-02-05T17:36:48Z
219800,apneni pediček,sl,"","",,Slovenian,pikag,2026-02-05T17:37:59Z
869744,sredozemski pediček,sl,"","",,Slovenian,pikag,2026-02-05T17:38:39Z
483329,repušev pediček,sl,"","",,Slovenian,pikag,2026-02-05T17:39:15Z
475990,timijanov pediček,sl,"","",,Slovenian,pikag,2026-02-05T17:40:53Z
325267,hrastov pediček,sl,"","",,Slovenian,pikag,2026-02-05T17:41:41Z
1322082,južni pediček,sl,"","",,Slovenian,pikag,2026-02-05T17:42:44Z
483321,lipov pediček,sl,"","",,Slovenian,pikag,2026-02-05T17:43:09Z
497116,resin pediček,sl,"","",,Slovenian,pikag,2026-02-05T17:44:04Z
319746,kovačnikov pediček,sl,"","",,Slovenian,pikag,2026-02-05T17:44:52Z
483328,bledi pediček,sl,"","",,Slovenian,pikag,2026-02-05T17:45:33Z
811077,rebrinčev pediček,sl,"","",,Slovenian,pikag,2026-02-05T17:46:11Z
804889,haljičin pediček,sl,"","",,Slovenian,pikag,2026-02-05T17:46:59Z
1321958,vresin pediček,sl,"","",,Slovenian,pikag,2026-02-05T17:47:46Z
870731,pisani pediček,sl,"","",,Slovenian,pikag,2026-02-05T17:48:22Z
804890,dežnov pediček,sl,"","",,Slovenian,pikag,2026-02-05T17:49:00Z
787365,rdečkasti pediček,sl,"","",,Slovenian,pikag,2026-02-05T17:50:12Z
483317,srobotov pediček,sl,"","",,Slovenian,pikag,2026-02-05T17:50:51Z
325897,rjavkasti pediček,sl,"","",,Slovenian,pikag,2026-02-05T17:51:28Z
991430,črnogin pediček,sl,"","",,Slovenian,pikag,2026-02-05T17:51:58Z
1021684,zvončičin pediček,sl,"","",,Slovenian,pikag,2026-02-05T17:52:52Z
354878,borov pediček,sl,"","",,Slovenian,pikag,2026-02-08T17:00:33Z
483334,trnov pediček,sl,"","",,Slovenian,pikag,2026-02-08T17:01:05Z
355007,sadni pediček,sl,"","",,Slovenian,pikag,2026-02-08T17:01:33Z
219806,drobnočrti pediček,sl,"","",,Slovenian,pikag,2026-02-08T17:02:00Z
483316,javorov pediček,sl,"","",,Slovenian,pikag,2026-02-08T17:02:43Z
451265,gradnov pediček,sl,"","",,Slovenian,pikag,2026-02-08T17:03:23Z
797810,koničasti pediček,sl,"","",,Slovenian,pikag,2026-02-08T17:03:49Z
519065,smetlikin pediček,sl,"","",,Slovenian,pikag,2026-02-08T17:04:31Z
219810,macesnov pediček,sl,"","",,Slovenian,pikag,2026-02-08T17:05:03Z
472233,madronščičin pediček,sl,"","",,Slovenian,pikag,2026-02-08T17:06:01Z
1321755,velepiki pediček,sl,"","",,Slovenian,pikag,2026-02-08T17:06:46Z
483330,rmanov pediček,sl,"","",,Slovenian,pikag,2026-02-08T17:07:43Z
460198,drobni pediček,sl,"","",,Slovenian,pikag,2026-02-08T17:08:14Z
875563,makedonski pediček,sl,"","",,Slovenian,pikag,2026-02-08T17:09:04Z
991432,skrkin pediček,sl,"","",,Slovenian,pikag,2026-02-08T17:25:51Z
466343,skorjasti pediček,sl,"","",,Slovenian,pikag,2026-02-08T17:26:23Z
875564,zobničin pediček,sl,"","",,Slovenian,pikag,2026-02-08T17:26:59Z
875565,pikasti pediček,sl,"","",,Slovenian,pikag,2026-02-08T17:27:44Z
483332,bedrenčev pediček,sl,"","",,Slovenian,pikag,2026-02-08T17:37:39Z
483318,črnilčev pediček,sl,"","",,Slovenian,pikag,2026-02-08T17:38:14Z
325275,naprstečev pediček,sl,"","",,Slovenian,pikag,2026-02-08T17:38:53Z
470707,brinov pediček,sl,"","",,Slovenian,pikag,2026-02-08T17:39:32Z
875566,pirenejski pediček,sl,"","",,Slovenian,pikag,2026-02-08T17:40:02Z
1323754,jadranski pediček,sl,"","",,Slovenian,pikag,2026-02-08T17:40:30Z
219829,gozdni pediček,sl,"","",,Slovenian,pikag,2026-02-08T17:41:16Z
804892,sredozemski pediček,sl,"","",,Slovenian,pikag,2026-02-08T17:41:49Z
868688,seljankin pediček,sl,"","",,Slovenian,pikag,2026-02-08T17:42:25Z
563832,čobrov pediček,sl,"","",,Slovenian,pikag,2026-02-08T17:43:02Z
977203,pokaličin pediček,sl,"","",,Slovenian,pikag,2026-02-08T17:43:33Z
363253,enostavni pediček,sl,"","",,Slovenian,pikag,2026-02-08T17:44:08Z
483331,metlikin pediček,sl,"","",,Slovenian,pikag,2026-02-08T17:44:55Z
219837,nežin pediček,sl,"","",,Slovenian,pikag,2026-02-08T17:45:34Z
344868,svetlejši pediček,sl,"","",,Slovenian,pikag,2026-02-08T17:46:09Z
324394,belolisi pediček,sl,"","",,Slovenian,pikag,2026-02-08T17:46:44Z
319713,mali pediček,sl,"","",,Slovenian,pikag,2026-02-08T17:47:14Z
483315,vitki pediček,sl,"","",,Slovenian,pikag,2026-02-08T17:47:50Z
219839,tropiki pediček,sl,"","",,Slovenian,pikag,2026-02-08T17:48:23Z
483322,trolisi pediček,sl,"","",,Slovenian,pikag,2026-02-09T09:32:24Z
1321756,črvinkin pediček,sl,"","",,Slovenian,pikag,2026-02-09T09:33:14Z
483319,špajkin pediček,sl,"","",,Slovenian,pikag,2026-02-09T09:33:56Z
483320,okrašeni pediček,sl,"","",,Slovenian,pikag,2026-02-09T09:34:33Z
476092,čmerikin pediček,sl,"","",,Slovenian,pikag,2026-02-09T09:35:11Z
354673,rozgin pediček,sl,"","",,Slovenian,pikag,2026-02-09T09:36:04Z
319747,talinov pediček,sl,"","",,Slovenian,pikag,2026-02-09T09:36:48Z
483300,mrežasti prepletenec,sl,"","",,Slovenian,pikag,2026-02-09T09:37:27Z
483357,lisasti bukvar,sl,"","",,Slovenian,pikag,2026-02-09T09:38:21Z
811639,puščičasti talinar,sl,"","",,Slovenian,pikag,2026-02-09T09:39:06Z
141849,plamenasti bleščavec,sl,"","",,Slovenian,pikag,2026-02-09T09:39:57Z
51974,metuljasti pedic,sl,"","",,Slovenian,pikag,2026-02-09T09:40:50Z
551267,dvočrti naramničar,sl,"","",,Slovenian,pikag,2026-02-09T09:41:41Z
475333,veliki oblakar,sl,"","",,Slovenian,pikag,2026-02-09T09:42:24Z
483362,mračni oblakar,sl,"","",,Slovenian,pikag,2026-02-09T09:43:02Z
311619,rdečetraki goličnik,sl,"","",,Slovenian,pikag,2026-02-09T09:44:03Z
519055,stepski deteljar,sl,"","",,Slovenian,pikag,2026-02-09T09:45:08Z
430528,modrikasti kalcedonik,sl,"","",,Slovenian,pikag,2026-02-09T09:50:25Z
322722,zelenkasti poletnik,sl,"","",,Slovenian,pikag,2026-02-09T09:51:26Z
871310,enobarvni srobotar,sl,"","",,Slovenian,pikag,2026-02-09T09:52:11Z
483567,izprani srobotar,sl,"","",,Slovenian,pikag,2026-02-09T09:53:01Z
937483,pisani srobotar,sl,"","",,Slovenian,pikag,2026-02-09T09:53:47Z
752787,skorjasti srobotar,sl,"","",,Slovenian,pikag,2026-02-09T09:54:28Z
558201,porečni srobotar,sl,"","",,Slovenian,pikag,2026-02-09T09:55:15Z
362728,zabrisani srobotar,sl,"","",,Slovenian,pikag,2026-02-09T09:55:58Z
182469,svetlolisi srobotar,sl,"","",,Slovenian,pikag,2026-02-09T09:56:26Z
324090,plamenasti jelšar,sl,"","",,Slovenian,pikag,2026-02-09T09:58:39Z
460208,gozdni jelšar,sl,"","",,Slovenian,pikag,2026-02-09T09:59:20Z
1454153,jelenji valovitež,sl,"","",,Slovenian,pikag,2026-02-13T19:19:02Z
447509,kodrasti valovitež,sl,"","",,Slovenian,pikag,2026-02-13T19:21:09Z
221602,viličasti vodnar,sl,"","",,Slovenian,pikag,2026-02-13T19:21:53Z
324925,deževni vodnar,sl,"","",,Slovenian,pikag,2026-02-13T19:22:43Z
221608,rdečkasti vodnar,sl,"","",,Slovenian,pikag,2026-02-13T19:23:26Z
322808,Dvobarvni gozdovnik,sl,"","",,Slovenian,pikag,2026-02-13T19:24:39Z
320063,krogasti enoličnež,sl,"","",,Slovenian,pikag,2026-02-13T19:25:39Z
468556,hrastov enoličnež,sl,"","",,Slovenian,pikag,2026-02-13T19:26:30Z
784340,bledi poškropljenec,sl,"","",,Slovenian,pikag,2026-02-13T19:28:48Z
123658,dvoliki zelikarček,sl,"","",,Slovenian,pikag,2026-02-13T19:29:44Z
362141,šopasti zelikarček,sl,"","",,Slovenian,pikag,2026-02-13T19:30:15Z
569821,drobnolisi zelikarček,sl,"","",,Slovenian,pikag,2026-02-13T19:30:54Z
318537,temnopasi zelikarček,sl,"","",,Slovenian,pikag,2026-02-13T19:31:28Z
548932,svetlokrili zelikarček,sl,"","",,Slovenian,pikag,2026-02-13T19:32:31Z
483280,zabrisani zelikarček,sl,"","",,Slovenian,pikag,2026-02-13T19:33:11Z
205231,temnolisi zelikarček,sl,"","",,Slovenian,pikag,2026-02-13T19:33:49Z
552538,razločni zelikarček,sl,"","",,Slovenian,pikag,2026-02-13T19:34:19Z
497399,dolgokrili zelikarček,sl,"","",,Slovenian,pikag,2026-02-13T19:34:59Z
460201,krivorobi zelikarček,sl,"","",,Slovenian,pikag,2026-02-13T19:35:32Z
470484,klinčkov zelikarček,sl,"","",,Slovenian,pikag,2026-02-13T19:36:15Z
603006,rumeni zelikarček,sl,"","",,Slovenian,pikag,2026-02-13T19:36:54Z
322140,temnožilni zelikarček,sl,"","",,Slovenian,pikag,2026-02-13T19:37:21Z
359541,temnorobi zelikarček,sl,"","",,Slovenian,pikag,2026-02-13T19:38:18Z
466365,herbarijski zelikarček,sl,"","",,Slovenian,pikag,2026-02-13T19:38:58Z
466745,poprašeni zelikarček,sl,"","",,Slovenian,pikag,2026-02-13T19:39:41Z
499834,mršavi zelikarček,sl,"","",,Slovenian,pikag,2026-02-13T19:40:10Z
551243,biserni zelikarček,sl,"","",,Slovenian,pikag,2026-02-13T19:41:03Z
465848,škrlatni zelikarček,sl,"","",,Slovenian,pikag,2026-02-13T19:41:39Z
875569,blesteči zelikarček,sl,"","",,Slovenian,pikag,2026-02-13T19:42:10Z
470692,starikavi zelikarček,sl,"","",,Slovenian,pikag,2026-02-13T19:42:41Z
362140,okrasti zelikarček,sl,"","",,Slovenian,pikag,2026-02-13T19:43:31Z
740868,bledi zelikarček,sl,"","",,Slovenian,pikag,2026-02-13T19:44:05Z
497998,zloščeni zelikarček,sl,"","",,Slovenian,pikag,2026-02-13T19:44:44Z
558202,rumenordeči zelikarček,sl,"","",,Slovenian,pikag,2026-02-13T19:45:21Z
497400,rdečkasti zelikarček,sl,"","",,Slovenian,pikag,2026-02-13T19:46:08Z
450926,črnotraki zelikarček,sl,"","",,Slovenian,pikag,2026-02-13T19:46:41Z
322983,pikasti zelikarček,sl,"","",,Slovenian,pikag,2026-02-13T19:47:11Z
708189,svilnati zelikarček,sl,"","",,Slovenian,pikag,2026-02-13T19:47:41Z
483279,kačasti zelikarček,sl,"","",,Slovenian,pikag,2026-02-13T19:48:16Z
320964,slamnati zelikarček,sl,"","",,Slovenian,pikag,2026-02-13T19:48:44Z
483281,lesketavi zelikarček,sl,"","",,Slovenian,pikag,2026-02-13T19:49:42Z
475407,timijanov zelikarček,sl,"","",,Slovenian,pikag,2026-02-13T19:50:07Z
460207,trodelni zelikarček,sl,"","",,Slovenian,pikag,2026-02-13T19:50:59Z
750942,značilni zelikarček,sl,"","",,Slovenian,pikag,2026-02-13T19:51:56Z
367882,lucernin metuljničar,sl,"","",,Slovenian,pikag,2026-02-13T19:52:53Z
464787,metlin metuljničar,sl,"","",,Slovenian,pikag,2026-02-13T19:53:34Z
1121267,košeničičin metuljničar,sl,"","",,Slovenian,pikag,2026-02-13T19:54:09Z
875571,sivorjavi metuljničar,sl,"","",,Slovenian,pikag,2026-02-13T19:55:32Z
475342,mlečni obledelec,sl,"","",,Slovenian,pikag,2026-02-13T19:56:11Z
464319,bleščeči obledelec,sl,"","",,Slovenian,pikag,2026-02-13T19:56:46Z
222645,dimasti svetlikar,sl,"","",,Slovenian,pikag,2026-02-13T19:57:35Z
784710,mokasti kamnar,sl,"","",,Slovenian,pikag,2026-02-13T20:21:17Z
319858,sivi krpar,sl,"","",,Slovenian,pikag,2026-02-13T20:22:12Z
1575146,lepi luk,sl,"","",https://www.inaturalist.org/taxon_names/2527897/edit,Slovenian,,2026-02-14T21:18:30Z
207524,črnorobi robkar,sl,"","",,Slovenian,pikag,2026-02-17T20:34:29Z
460209,dvopiki belček,sl,"","",,Slovenian,pikag,2026-02-19T19:22:15Z
319745,lisasti belček,sl,"","",,Slovenian,pikag,2026-02-19T19:23:26Z
473761,alpski volčič,sl,"","",,Slovenian,pikag,2026-02-19T19:24:40Z
546457,visokogorski volčič,sl,"","",,Slovenian,pikag,2026-02-19T19:25:38Z
496648,Južni volčič,sl,"","",,Slovenian,pikag,2026-02-19T19:33:03Z
354118,dlakavi volčič,sl,"","",,Slovenian,pikag,2026-02-19T19:34:35Z
713440,macesnov volčič,sl,"","",,Slovenian,pikag,2026-02-19T19:35:50Z
466374,kisličin škrlatnik,sl,"","",,Slovenian,pikag,2026-02-19T19:37:30Z
483566,dresnin škrlatnik,sl,"","",,Slovenian,pikag,2026-02-19T19:38:37Z
429119,premenjalni vogalar,sl,"","",,Slovenian,pikag,2026-02-19T19:40:28Z
768368,obrežni vogalar,sl,"","",,Slovenian,pikag,2026-02-19T19:41:29Z
231296,rjavkasti vogalar,sl,"","",,Slovenian,pikag,2026-02-19T19:42:23Z
325475,rumenolisi vogalar,sl,"","",,Slovenian,pikag,2026-02-19T19:47:24Z
224258,velepiki vogalar,sl,"","",,Slovenian,pikag,2026-02-19T19:48:29Z
224262,smrekov vogalar,sl,"","",,Slovenian,pikag,2026-02-19T19:49:30Z
324838,črnolisi vogalar,sl,"","",,Slovenian,pikag,2026-02-19T19:50:19Z
814817,rjavkasti pramenar,sl,"","",,Slovenian,pikag,2026-02-19T19:51:22Z
473458,gorski grmiščar,sl,"","",,Slovenian,pikag,2026-02-19T19:52:26Z
472070,poškropljeni grmiščar,sl,"","",,Slovenian,pikag,2026-02-19T19:53:19Z
125221,temnolisi skorjar,sl,"","",,Slovenian,pikag,2026-02-19T19:54:30Z
483295,robidin belinar,sl,"","",,Slovenian,pikag,2026-02-19T19:55:47Z
466356,dvopiki zeliščnik,sl,"","",,Slovenian,pikag,2026-02-19T19:56:31Z
1507003,dvočrti zeliščnik,sl,"","",,Slovenian,pikag,2026-02-19T19:57:20Z
1507001,visokogorski zeliščnik,sl,"","",,Slovenian,pikag,2026-02-19T19:58:28Z
453562,rjavkasti mišjakar,sl,"","",,Slovenian,pikag,2026-02-19T19:59:18Z
814569,pasasti pelinar,sl,"","",,Slovenian,pikag,2026-02-19T20:00:12Z
468311,sivkasti meglar,sl,"","",,Slovenian,pikag,2026-02-19T20:06:19Z
468315,rjavkasti meglar,sl,"","",,Slovenian,pikag,2026-02-19T20:07:12Z
560545,sivokrili pustinjar,sl,"","",,Slovenian,pikag,2026-02-19T20:09:25Z
774129,jesenski javornik,sl,"","",,Slovenian,pikag,2026-02-19T20:10:27Z
954319,primorski temačnik,sl,"","",,Slovenian,pikag,2026-02-19T20:11:04Z
774642,resin temačnik,sl,"","",,Slovenian,pikag,2026-02-19T20:11:49Z
336000,črni sprehajalček,sl,"","",,Slovenian,pikag,2026-02-19T20:34:48Z
483360,goščavski zobnjakar,sl,"","",,Slovenian,pikag,2026-02-19T20:35:53Z
129569,temni dvozob,sl,"","",,Slovenian,pikag,2026-02-19T20:37:11Z
60780,hrastov mrazarček,sl,"","",,Slovenian,pikag,2026-02-19T20:38:38Z
483311,bukov mrazarček,sl,"","",,Slovenian,pikag,2026-02-19T20:41:48Z
59588,grmiščni rumenec,sl,"","",,Slovenian,pikag,2026-02-19T20:46:47Z
143002,selivski ravnočrtar,sl,"","",,Slovenian,pikag,2026-02-19T20:47:40Z
483285,močvirski ravnočrtar,sl,"","",,Slovenian,pikag,2026-02-19T20:48:19Z
205220,bezgov repatec,sl,"","",,Slovenian,pikag,2026-02-19T20:49:32Z
483346,krepkonogi ozkokrilec,sl,"","",,Slovenian,pikag,2026-02-19T20:50:47Z
803449,hrastov lubjar,sl,"","",,Slovenian,pikag,2026-02-19T20:52:09Z
460205,gladkokrili deblar,sl,"","",,Slovenian,pikag,2026-02-19T20:53:44Z
475254,belolisi mračnikar,sl,"","",,Slovenian,pikag,2026-02-19T20:54:45Z
483304,temnočrti češminar,sl,"","",,Slovenian,pikag,2026-02-19T20:56:07Z
483337,pomladni zelenik,sl,"","",,Slovenian,pikag,2026-02-19T20:56:52Z
483338,obledeli zelenik,sl,"","",,Slovenian,pikag,2026-02-19T20:57:48Z
129223,pravokotniški zelenik,sl,"","",,Slovenian,pikag,2026-02-19T20:59:22Z
362233,glineni lobodar,sl,"","",,Slovenian,pikag,2026-02-19T21:00:12Z
1146028,okrasti borovnik,sl,"","",,Slovenian,pikag,2026-02-19T21:01:42Z
483368,tročrti poprašenec,sl,"","",,Slovenian,pikag,2026-02-19T21:03:19Z
702130,jasnočrti goščavar,sl,"","",,Slovenian,pikag,2026-02-19T21:04:22Z
83459,rombasti goščavar,sl,"","",,Slovenian,pikag,2026-02-19T21:06:39Z
324190,mali goščavar,sl,"","",,Slovenian,pikag,2026-02-19T21:07:48Z
496934,osenčeni goščavar,sl,"","",,Slovenian,pikag,2026-02-19T21:08:29Z
201402,pokaličin glavičar,sl,"","",,Slovenian,pikag,2026-02-19T21:09:20Z
201411,belkasti glavičar,sl,"","",,Slovenian,pikag,2026-02-19T21:09:54Z
201403,zebratov glavičar,sl,"","",,Slovenian,pikag,2026-02-20T17:56:55Z
201405,zobničin glavičar,sl,"","",,Slovenian,pikag,2026-02-20T17:58:13Z
483313,smetlikin glavičar,sl,"","",,Slovenian,pikag,2026-02-20T17:59:00Z
460199,rumenopasi glavičar,sl,"","",,Slovenian,pikag,2026-02-20T17:59:46Z
546346,lepničin glavičar,sl,"","",,Slovenian,pikag,2026-02-20T18:00:55Z
771688,neokrašeni glavičar,sl,"","",,Slovenian,pikag,2026-02-20T18:01:49Z
475546,rokavčev glavičar,sl,"","",,Slovenian,pikag,2026-02-20T18:02:32Z
201409,najmanjši glavičar,sl,"","",,Slovenian,pikag,2026-02-20T18:03:10Z
1321842,sviščev glavičar,sl,"","",,Slovenian,pikag,2026-02-20T18:03:47Z
320699,svetli praprotar,sl,"","",,Slovenian,pikag,2026-02-20T18:05:05Z
428727,beločrti turkiznik,sl,"","",,Slovenian,pikag,2026-02-20T18:05:55Z
483283,črtasti krilatec,sl,"","",,Slovenian,pikag,2026-02-20T18:11:51Z
60771,dlakavi snežnik,sl,"","",,Slovenian,pikag,2026-02-20T18:13:01Z
483308,veliki češnjičar,sl,"","",,Slovenian,pikag,2026-02-20T18:14:35Z
483306,mali češnjičar,sl,"","",,Slovenian,pikag,2026-02-20T18:15:34Z
324923,črtkasti hostnik,sl,"","",,Slovenian,pikag,2026-02-20T18:16:17Z
228262,poprašeni hostnik,sl,"","",,Slovenian,pikag,2026-02-20T18:16:57Z
324224,rjasti logarček,sl,"","",,Slovenian,pikag,2026-02-20T18:18:01Z
341679,rumeni panterček,sl,"","",,Slovenian,pikag,2026-02-20T18:19:06Z
483275,zelenkasti bledičnik,sl,"","",,Slovenian,pikag,2026-02-20T18:20:03Z
1433620,alpski ledenikar,sl,"","",,Slovenian,pikag,2026-02-20T18:21:10Z
1321893,visokogorski ledenikar,sl,"","",,Slovenian,pikag,2026-02-20T18:22:05Z
1321895,sivkasti ledenikar,sl,"","",,Slovenian,pikag,2026-02-20T18:23:20Z
1321896,vranji ledenikar,sl,"","",,Slovenian,pikag,2026-02-20T18:24:08Z
1322001,noriški ledenikar,sl,"","",,Slovenian,pikag,2026-02-20T18:24:57Z
1322141,triglavski ledenikar,sl,"","",,Slovenian,pikag,2026-02-20T18:25:53Z
319856,šesterni krilar,sl,"","",,Slovenian,pikag,2026-02-20T18:27:04Z
705455,rjavi jelkar,sl,"","",,Slovenian,pikag,2026-02-20T18:27:52Z
205039,veliki kopjar,sl,"","",,Slovenian,pikag,2026-02-20T18:29:50Z
203920,mali kopjar,sl,"","",,Slovenian,pikag,2026-02-20T18:31:03Z
116380,rdečečrti vandrovček,sl,"","",,Slovenian,pikag,2026-02-20T18:32:27Z
320932,metlin rdečnik,sl,"","",,Slovenian,pikag,2026-02-20T18:33:21Z
509000,pasasti rdečnik,sl,"","",,Slovenian,pikag,2026-02-20T18:35:52Z
324926,raskavi brškinar,sl,"","",,Slovenian,pikag,2026-02-20T18:37:07Z
555640,žarkasti mlečkar,sl,"","",,Slovenian,pikag,2026-02-20T18:38:01Z
1322145,slovenski visokogornik,sl,"","",,Slovenian,pikag,2026-02-20T18:38:43Z
922606,temni visokogornik,sl,"","",,Slovenian,pikag,2026-02-20T18:39:22Z
943524,alpski visokogornik,sl,"","",,Slovenian,pikag,2026-02-20T18:39:56Z
875583,svilnati metlarček,sl,"","",,Slovenian,pikag,2026-02-20T18:43:31Z
473987,južni metlarček,sl,"","",,Slovenian,pikag,2026-02-20T18:44:34Z
202589,močvirni metlarček,sl,"","",,Slovenian,pikag,2026-02-20T18:46:05Z
483565,okrašeni metlarček,sl,"","",,Slovenian,pikag,2026-02-20T18:46:44Z
202585,primorski metlarček,sl,"","",,Slovenian,pikag,2026-02-20T18:47:42Z
737452,motni metlarček,sl,"","",,Slovenian,pikag,2026-02-20T18:48:27Z
358823,mlečni metlarček,sl,"","",,Slovenian,pikag,2026-02-20T18:49:40Z
205090,okrasti metlarček,sl,"","",,Slovenian,pikag,2026-02-20T18:52:41Z
207713,pepelasti metlarček,sl,"","",,Slovenian,pikag,2026-02-20T18:53:18Z
470486,enobarvni metlarček,sl,"","",,Slovenian,pikag,2026-02-20T18:53:59Z
494531,sivkasti metlarček,sl,"","",,Slovenian,pikag,2026-02-20T18:54:49Z
202587,bledi metlarček,sl,"","",,Slovenian,pikag,2026-02-20T18:55:17Z
319208,robopiki metlarček,sl,"","",,Slovenian,pikag,2026-02-20T18:56:00Z
875584,beli metlarček,sl,"","",,Slovenian,pikag,2026-02-20T18:56:34Z
470781,črnopiki metlarček,sl,"","",,Slovenian,pikag,2026-02-20T18:57:19Z
450677,Scopolijev metlarček,sl,"","",,Slovenian,pikag,2026-02-20T18:57:54Z
324393,rjasti metlarček,sl,"","",,Slovenian,pikag,2026-02-20T18:59:09Z
550689,kremasti metlarček,sl,"","",,Slovenian,pikag,2026-02-20T18:59:51Z
335579,tročrti metlarček,sl,"","",,Slovenian,pikag,2026-02-20T19:00:51Z
952250,sivočrti metlarček,sl,"","",,Slovenian,pikag,2026-02-20T19:01:21Z
475408,rjavočrti metlarček,sl,"","",,Slovenian,pikag,2026-02-20T19:02:10Z
483289,dvopiki temnikar,sl,"","",,Slovenian,pikag,2026-02-20T19:02:47Z
325738,metlikin temnikar,sl,"","",,Slovenian,pikag,2026-02-20T19:03:42Z
497789,ozkotraki temnikar,sl,"","",,Slovenian,pikag,2026-02-20T19:04:49Z
1322146,prezrti temnikar,sl,"","",,Slovenian,pikag,2026-02-20T19:06:30Z
475564,sivkasti temnikar,sl,"","",,Slovenian,pikag,2026-02-20T19:07:34Z
483288,Scopolijev temnikar,sl,"","",,Slovenian,pikag,2026-02-20T19:08:09Z
483290,koničasti temnikar,sl,"","",,Slovenian,pikag,2026-02-20T19:08:56Z
205186,tročrti lunar,sl,"","",,Slovenian,pikag,2026-02-20T19:09:48Z
348914,dvočrti lunar,sl,"","",,Slovenian,pikag,2026-02-20T19:10:27Z
355986,četverni lunar,sl,"","",,Slovenian,pikag,2026-02-20T19:11:07Z
483354,rjavkasti pasar,sl,"","",,Slovenian,pikag,2026-02-20T19:11:54Z
830672,sivkasti pasar,sl,"","",,Slovenian,pikag,2026-02-20T19:12:36Z
318926,beli črtalar,sl,"","",,Slovenian,pikag,2026-02-20T19:13:33Z
231255,črni vrbovčar,sl,"","",,Slovenian,pikag,2026-02-20T19:14:59Z
483344,lepi topolar,sl,"","",,Slovenian,pikag,2026-02-20T19:15:46Z
870600,dragoceni topolar,sl,"","",,Slovenian,pikag,2026-02-20T19:17:12Z
471746,tropegi topolar,sl,"","",,Slovenian,pikag,2026-02-20T19:17:51Z
546268,stepski rjavinar,sl,"","",,Slovenian,pikag,2026-02-20T19:18:57Z
468729,lišajski serec,sl,"","",,Slovenian,pikag,2026-02-20T19:20:21Z
473744,zeleni resarček,sl,"","",,Slovenian,pikag,2026-02-20T19:21:09Z
371717,nazobčani igličar,sl,"","",,Slovenian,pikag,2026-02-20T19:22:56Z
483299,gorski igličar,sl,"","",,Slovenian,pikag,2026-02-20T19:23:46Z
429113,cipresin igličar,sl,"","",,Slovenian,pikag,2026-02-20T19:25:07Z
232547,brinov igličar,sl,"","",,Slovenian,pikag,2026-02-20T19:26:12Z
344864,lokasti igličar,sl,"","",,Slovenian,pikag,2026-02-20T19:26:54Z
320250,spremenljivi igličar,sl,"","",,Slovenian,pikag,2026-02-20T19:27:45Z
320198,črnolisi igličar,sl,"","",,Slovenian,pikag,2026-02-20T19:28:40Z
483359,zimski črnotrnar,sl,"","",,Slovenian,pikag,2026-02-20T19:29:30Z
345610,zgodnji črnotrnar,sl,"","",,Slovenian,pikag,2026-02-20T19:30:47Z
483276,belopiki smaragdnik,sl,"","",,Slovenian,pikag,2026-02-20T19:31:52Z
132885,premočrti kisličar,sl,"","",,Slovenian,pikag,2026-02-20T19:32:42Z
462162,gabrov trokrilec,sl,"","",,Slovenian,pikag,2026-02-20T19:33:42Z
483343,mnogočrti trokrilec,sl,"","",,Slovenian,pikag,2026-02-20T19:34:26Z
483305,rjavkasti sijajnež,sl,"","",,Slovenian,pikag,2026-02-20T19:35:27Z
523707,sivkasti sijajnež,sl,"","",,Slovenian,pikag,2026-02-20T19:36:05Z
483342,brestov lepotičnik,sl,"","",,Slovenian,pikag,2026-02-20T19:36:50Z
233423,jerebikin lepotičnik,sl,"","",,Slovenian,pikag,2026-02-20T19:37:55Z
483286,dvočrti listarček,sl,"","",,Slovenian,pikag,2026-02-20T19:39:37Z
320282,poudarjeni listarček,sl,"","",,Slovenian,pikag,2026-02-20T19:40:52Z
143485,rjasti listarček,sl,"","",,Slovenian,pikag,2026-02-20T19:41:27Z
243705,valoviti listarček,sl,"","",,Slovenian,pikag,2026-02-20T19:42:44Z
477461,sivkasti listarček,sl,"","",,Slovenian,pikag,2026-02-20T19:43:19Z
130185,gorski listarček,sl,"","",,Slovenian,pikag,2026-02-20T19:43:59Z
483287,četverni listarček,sl,"","",,Slovenian,pikag,2026-02-20T19:44:36Z
320069,rjavi listarček,sl,"","",,Slovenian,pikag,2026-02-20T19:45:14Z
1668247,modrikasti naskalnik,sl,"","",,Slovenian,pikag,2026-02-20T19:46:21Z
1668250,okrasti naskalnik,sl,"","",,Slovenian,pikag,2026-02-20T19:47:27Z
943536,temnorobi naskalnik,sl,"","",,Slovenian,pikag,2026-02-20T19:48:36Z
1241045,lepa žametka,sl,"","",,Slovenian,pikag,2026-02-20T20:20:39Z
735391,kokoševčeva žametka,sl,"","",,Slovenian,pikag,2026-02-20T20:22:01Z
205190,trodelna žametka,sl,"","",,Slovenian,pikag,2026-02-20T20:22:55Z
324887,trogrba žametka,sl,"","",,Slovenian,pikag,2026-02-20T20:23:33Z
415493,bleščeča kačarka,sl,"","",,Slovenian,pikag,2026-02-20T20:24:21Z
338209,črtasta kačarka,sl,"","",,Slovenian,pikag,2026-02-20T20:25:17Z
228632,ambrozijina kačarka,sl,"","",,Slovenian,pikag,2026-02-20T20:28:28Z
483522,sivkasta enoličnica,sl,"","",,Slovenian,pikag,2026-02-20T20:29:30Z
135282,javorjeva nočnica,sl,"","",,Slovenian,pikag,2026-02-20T20:30:34Z
450658,jelšina nočnica,sl,"","",,Slovenian,pikag,2026-02-20T20:31:10Z
483482,zlatolasa nočnica,sl,"","",,Slovenian,pikag,2026-02-20T20:31:54Z
483584,kopjasta nočnica,sl,"","",,Slovenian,pikag,2026-02-20T20:32:33Z
332385,mlečkova nočnica,sl,"","",,Slovenian,pikag,2026-02-20T20:33:10Z
460218,dvobarvna nočnica,sl,"","",,Slovenian,pikag,2026-02-20T20:33:51Z
357477,velikoglava nočnica,sl,"","",,Slovenian,pikag,2026-02-20T20:34:34Z
325641,viličasna nočnica,sl,"","",,Slovenian,pikag,2026-02-20T20:35:16Z
55623,kisličina nočnica,sl,"","",,Slovenian,pikag,2026-02-20T20:36:16Z
483481,bodalasta nočnica,sl,"","",,Slovenian,pikag,2026-02-20T20:37:04Z
483480,trizoba nočnica,sl,"","",,Slovenian,pikag,2026-02-20T20:37:46Z
483399,zgodnja peščinarka,sl,"","",,Slovenian,pikag,2026-02-21T17:48:48Z
465417,nazobčana grebenarka,sl,"","",,Slovenian,pikag,2026-02-21T17:49:52Z
550237,temna žalovalka,sl,"","",,Slovenian,pikag,2026-02-21T17:50:51Z
339567,beločrna žalovalka,sl,"","",,Slovenian,pikag,2026-02-21T17:51:49Z
875837,rumena sijajnica,sl,"","",,Slovenian,pikag,2026-02-21T17:58:05Z
552540,sivkasta sijajnica,sl,"","",,Slovenian,pikag,2026-02-21T17:58:50Z
483476,rumenkasta rjavica,sl,"","",,Slovenian,pikag,2026-02-21T17:59:52Z
830726,sivkasta rjavica,sl,"","",,Slovenian,pikag,2026-02-21T18:00:42Z
782749,bleščeča rjavica,sl,"","",,Slovenian,pikag,2026-02-21T18:01:47Z
326688,lisasta rjavica,sl,"","",,Slovenian,pikag,2026-02-21T18:02:39Z
212855,kostanjeva rjavica,sl,"","",,Slovenian,pikag,2026-02-21T18:03:22Z
429105,zeliščna rjavica,sl,"","",,Slovenian,pikag,2026-02-21T18:04:03Z
372115,okrasta rjavica,sl,"","",,Slovenian,pikag,2026-02-21T18:04:39Z
776876,sijajna rjavica,sl,"","",,Slovenian,pikag,2026-02-21T18:05:36Z
996439,rdečkasta rjavica,sl,"","",,Slovenian,pikag,2026-02-21T18:06:33Z
497410,širokokrila poljarka,sl,"","",,Slovenian,pikag,2026-02-21T18:08:03Z
483384,pepelasta poljarka,sl,"","",,Slovenian,pikag,2026-02-21T18:08:42Z
359518,zatemnjena poljarka,sl,"","",,Slovenian,pikag,2026-02-21T18:09:42Z
132887,klicajska poljarka,sl,"","",,Slovenian,pikag,2026-02-21T18:10:34Z
126276,ipsilonska poljarka,sl,"","",,Slovenian,pikag,2026-02-21T18:11:44Z
324921,lepokrila poljarka,sl,"","",,Slovenian,pikag,2026-02-21T18:13:01Z
84455,ozimna poljarka,sl,"","",,Slovenian,pikag,2026-02-21T18:13:39Z
781951,simplonska poljarka,sl,"","",,Slovenian,pikag,2026-02-21T18:15:05Z
347028,dlakava poljarka,sl,"","",,Slovenian,pikag,2026-02-21T18:15:59Z
332234,spreminjava glogovka,sl,"","",,Slovenian,pikag,2026-02-21T18:17:05Z
511538,rjavkasta jesenka,sl,"","",,Slovenian,pikag,2026-02-21T18:17:55Z
782724,siva jesenka,sl,"","",,Slovenian,pikag,2026-02-21T18:18:53Z
470713,svetla steblarka,sl,"","",,Slovenian,pikag,2026-02-21T18:20:11Z
201235,okata steblarka,sl,"","",,Slovenian,pikag,2026-02-21T18:20:58Z
325248,berberska ognjenka,sl,"","",,Slovenian,pikag,2026-02-21T18:22:13Z
596527,črnolisa ognjenka,sl,"","",,Slovenian,pikag,2026-02-21T18:23:12Z
472162,modrikasta ognjenka,sl,"","",,Slovenian,pikag,2026-02-21T18:23:50Z
604624,svetloroba ognjenka,sl,"","",,Slovenian,pikag,2026-02-21T18:24:29Z
461937,piramidasta ognjenka,sl,"","",,Slovenian,pikag,2026-02-21T18:25:16Z
472069,zamolkla ognjenka,sl,"","",,Slovenian,pikag,2026-02-22T17:54:37Z
127564,travniška ognjenka,sl,"","",,Slovenian,pikag,2026-02-22T17:55:49Z
213514,zeliščna zelenka,sl,"","",,Slovenian,pikag,2026-02-22T17:57:06Z
483421,gorska pisanka,sl,"","",,Slovenian,pikag,2026-02-22T17:58:15Z
153107,vresina pisanka,sl,"","",,Slovenian,pikag,2026-02-22T17:58:55Z
782198,podkvičina pisanka,sl,"","",,Slovenian,pikag,2026-02-22T17:59:46Z
873722,pegasta pisanka,sl,"","",,Slovenian,pikag,2026-02-22T18:00:20Z
213535,deteljina pisanka,sl,"","",,Slovenian,pikag,2026-02-22T18:00:59Z
814652,kaprovčeva pisanka,sl,"","",,Slovenian,pikag,2026-02-22T18:01:36Z
146701,hijasta vzorčanka,sl,"","",,Slovenian,pikag,2026-02-22T18:03:35Z
829116,jasna vzorčanka,sl,"","",,Slovenian,pikag,2026-02-22T18:04:21Z
483495,zabrisana rušnica,sl,"","",,Slovenian,pikag,2026-02-22T18:05:11Z
472166,orlasta rušnica,sl,"","",,Slovenian,pikag,2026-02-22T18:05:56Z
483494,svetlolisa rušnica,sl,"","",,Slovenian,pikag,2026-02-22T18:06:38Z
479483,temna rušnica,sl,"","",,Slovenian,pikag,2026-02-22T18:07:34Z
740129,ilirska rušnica,sl,"","",,Slovenian,pikag,2026-02-22T18:08:13Z
362608,opečna rušnica,sl,"","",,Slovenian,pikag,2026-02-22T18:08:50Z
324839,lesnata rušnica,sl,"","",,Slovenian,pikag,2026-02-22T18:09:34Z
784468,Maillardova rušnica,sl,"","",,Slovenian,pikag,2026-02-22T18:10:30Z
205753,enosedelna rušnica,sl,"","",,Slovenian,pikag,2026-02-22T18:11:09Z
784478,platinasta rušnica,sl,"","",,Slovenian,pikag,2026-02-22T18:12:19Z
213855,spremenljiva rušnica,sl,"","",,Slovenian,pikag,2026-02-22T18:12:57Z
784471,rdečepega rušnica,sl,"","",,Slovenian,pikag,2026-02-22T18:14:01Z
347433,kljunačasta rušnica,sl,"","",,Slovenian,pikag,2026-02-22T18:14:56Z
213859,pirničina rušnica,sl,"","",,Slovenian,pikag,2026-02-22T18:16:36Z
361087,bleščeča rušnica,sl,"","",,Slovenian,pikag,2026-02-22T18:17:34Z
746946,sirska rušnica,sl,"","",,Slovenian,pikag,2026-02-22T18:18:12Z
213861,čužkina rušnica,sl,"","",,Slovenian,pikag,2026-02-22T18:18:47Z
213866,zetasta rušnica,sl,"","",,Slovenian,pikag,2026-02-22T18:19:38Z
1142621,siciljanska rušnica,sl,"","",,Slovenian,pikag,2026-02-22T18:20:15Z
483462,južna zapletenka,sl,"","",,Slovenian,pikag,2026-02-22T18:21:08Z
332386,sivkasta zapletenka,sl,"","",,Slovenian,pikag,2026-02-22T18:32:18Z
483463,umazana zapletenka,sl,"","",,Slovenian,pikag,2026-02-22T18:33:12Z
342909,črna zapletenka,sl,"","",,Slovenian,pikag,2026-02-22T18:33:56Z
469926,ipsilonasta skorjarka,sl,"","",,Slovenian,pikag,2026-02-22T18:34:44Z
325429,svetla trstičarka,sl,"","",,Slovenian,pikag,2026-02-22T18:36:03Z
483511,temna trstičarka,sl,"","",,Slovenian,pikag,2026-02-22T18:36:45Z
483460,sfingasta zvezdarka,sl,"","",,Slovenian,pikag,2026-02-22T18:38:11Z
875842,hruškina trapezarka,sl,"","",,Slovenian,pikag,2026-02-22T18:39:03Z
429128,jesenova trapezarka,sl,"","",,Slovenian,pikag,2026-02-22T18:39:48Z
784512,podkvičina luskarka,sl,"","",,Slovenian,pikag,2026-02-22T18:40:40Z
470603,gostujoča luskarka,sl,"","",,Slovenian,pikag,2026-02-22T18:41:34Z
824606,oklastova luskarka,sl,"","",,Slovenian,pikag,2026-02-22T18:42:20Z
483521,močvirska luskarka,sl,"","",,Slovenian,pikag,2026-02-22T18:43:23Z
775082,pljučnikova zapredenka,sl,"","",,Slovenian,pikag,2026-02-23T19:47:24Z
552279,svetla češminarka,sl,"","",,Slovenian,pikag,2026-02-23T19:48:06Z
367275,zlata glagolka,sl,"","",,Slovenian,pikag,2026-02-23T19:48:43Z
55651,gamina glagolka,sl,"","",,Slovenian,pikag,2026-02-23T19:49:25Z
359095,jotina glagolka,sl,"","",,Slovenian,pikag,2026-02-23T19:50:00Z
460243,lepa glagolka,sl,"","",,Slovenian,pikag,2026-02-23T19:50:27Z
322128,lesnata trohninarka,sl,"","",,Slovenian,pikag,2026-02-23T19:51:19Z
483461,temna kožuharica,sl,"","",,Slovenian,pikag,2026-02-23T19:52:17Z
470583,vrbina resarka,sl,"","",,Slovenian,pikag,2026-02-23T19:53:25Z
1225773,hišna mahovka,sl,"","",,Slovenian,pikag,2026-02-23T19:54:08Z
784090,lisasta mahovka,sl,"","",,Slovenian,pikag,2026-02-23T19:54:36Z
764608,sivkasta mahovka,sl,"","",,Slovenian,pikag,2026-02-23T20:04:54Z
1021012,ravnočrta mahovka,sl,"","",,Slovenian,pikag,2026-02-23T20:05:49Z
475732,rjavkasta mahovka,sl,"","",,Slovenian,pikag,2026-02-23T20:06:20Z
1253506,pozidna lišajarka,sl,"","",,Slovenian,pikag,2026-02-23T20:08:36Z
483509,trizoba trsarka,sl,"","",,Slovenian,pikag,2026-02-23T20:09:19Z
782700,razvejana kovačnikovka,sl,"","",,Slovenian,pikag,2026-02-23T20:10:22Z
202812,pisana praprotnica,sl,"","",,Slovenian,pikag,2026-02-23T20:12:10Z
477078,južna praprotnica,sl,"","",,Slovenian,pikag,2026-02-23T20:13:13Z
215780,lunolisa lesarka,sl,"","",,Slovenian,pikag,2026-02-23T20:13:58Z
550492,belkasta lesarka,sl,"","",,Slovenian,pikag,2026-02-23T20:14:47Z
325513,širokokrila lesarka,sl,"","",,Slovenian,pikag,2026-02-23T20:15:30Z
475584,potresena oprašenka,sl,"","",,Slovenian,pikag,2026-02-23T20:16:15Z
174482,paličasta oprašenka,sl,"","",,Slovenian,pikag,2026-02-24T16:26:39Z
497520,rumenopega oprašenka,sl,"","",,Slovenian,pikag,2026-02-24T16:27:18Z
784511,rumenkasta oprašenka,sl,"","",,Slovenian,pikag,2026-02-24T16:28:51Z
174488,rjavopega oprašenka,sl,"","",,Slovenian,pikag,2026-02-24T16:29:28Z
216096,temna oprašenka,sl,"","",,Slovenian,pikag,2026-02-24T16:30:08Z
497521,peščinska oprašenka,sl,"","",,Slovenian,pikag,2026-02-24T16:32:19Z
143145,grahova prstenka,sl,"","",,Slovenian,pikag,2026-02-24T16:32:58Z
324217,travna dvorožka,sl,"","",,Slovenian,pikag,2026-02-24T16:33:40Z
483418,belkasta rogatka,sl,"","",,Slovenian,pikag,2026-02-24T16:35:02Z
479736,rdečkasta rogatka,sl,"","",,Slovenian,pikag,2026-02-24T16:35:43Z
319711,tročrta ponočevalka,sl,"","",,Slovenian,pikag,2026-02-24T16:37:03Z
332688,bakrena planšarka,sl,"","",,Slovenian,pikag,2026-02-24T16:37:44Z
1125246,razkošna planšarka,sl,"","",,Slovenian,pikag,2026-02-24T16:38:37Z
781921,sivkasta planšarka,sl,"","",,Slovenian,pikag,2026-02-24T16:39:49Z
781922,lakotina planšarka,sl,"","",,Slovenian,pikag,2026-02-24T16:40:28Z
765026,okata planšarka,sl,"","",,Slovenian,pikag,2026-02-24T16:41:19Z
495450,pravokotniška planšarka,sl,"","",,Slovenian,pikag,2026-02-24T16:42:21Z
738989,morska obrežnica,sl,"","",,Slovenian,pikag,2026-02-24T16:45:42Z
495570,krčničina jarčica,sl,"","",,Slovenian,pikag,2026-02-24T16:47:25Z
483478,pikasta rumenica,sl,"","",,Slovenian,pikag,2026-02-24T16:49:12Z
326198,zlatenična rumenica,sl,"","",,Slovenian,pikag,2026-02-24T16:50:22Z
483479,rjavkasta rumenica,sl,"","",,Slovenian,pikag,2026-02-24T16:51:07Z
547325,južna srobotovka,sl,"","",,Slovenian,pikag,2026-02-24T16:51:51Z
926886,žlindrasta rogatica,sl,"","",,Slovenian,pikag,2026-02-24T16:52:43Z
337446,siva leskarka,sl,"","",,Slovenian,pikag,2026-02-25T19:43:47Z
481599,rdečeglava prezimka,sl,"","",,Slovenian,pikag,2026-02-25T19:45:15Z
343152,jezičasta prezimka,sl,"","",,Slovenian,pikag,2026-02-25T19:46:04Z
343153,pisana prezimka,sl,"","",,Slovenian,pikag,2026-02-25T19:46:51Z
319032,siva prezimka,sl,"","",,Slovenian,pikag,2026-02-25T19:47:22Z
961239,južna prezimka,sl,"","",,Slovenian,pikag,2026-02-25T19:47:51Z
311616,borovničina prezimka,sl,"","",,Slovenian,pikag,2026-02-25T19:48:30Z
830729,jetičnikova prezimka,sl,"","",,Slovenian,pikag,2026-02-25T19:49:06Z
174223,barjanska srčanka,sl,"","",,Slovenian,pikag,2026-02-25T19:49:55Z
483492,rjavkasta lepotička,sl,"","",,Slovenian,pikag,2026-02-25T19:50:33Z
483493,belolisa lepotička,sl,"","",,Slovenian,pikag,2026-02-25T19:51:04Z
55660,vijolična lepotička,sl,"","",,Slovenian,pikag,2026-02-25T19:51:37Z
324215,trapezasta lepotička,sl,"","",,Slovenian,pikag,2026-02-25T19:52:10Z
905121,južna lepotička,sl,"","",,Slovenian,pikag,2026-02-25T19:52:51Z
320071,kalinina lobanjarka,sl,"","",,Slovenian,pikag,2026-02-26T16:36:36Z
342903,lišajska potuhnjenka,sl,"","",,Slovenian,pikag,2026-02-26T18:17:29Z
827992,goljufiva potuhnjenka,sl,"","",,Slovenian,pikag,2026-02-26T18:18:25Z
470494,skorjasta potuhnjenka,sl,"","",,Slovenian,pikag,2026-02-26T18:19:10Z
875852,prikrita potuhnjenka,sl,"","",,Slovenian,pikag,2026-02-26T18:20:44Z
520741,gozdna svetlica,sl,"","",,Slovenian,pikag,2026-02-26T18:21:31Z
345055,pelinova kapucarka,sl,"","",,Slovenian,pikag,2026-02-26T18:23:05Z
483456,nebinina kapucarka,sl,"","",,Slovenian,pikag,2026-02-26T18:23:41Z
821929,grozdasta kapucarka,sl,"","",,Slovenian,pikag,2026-02-26T18:24:57Z
554741,zvončičina kapucarka,sl,"","",,Slovenian,pikag,2026-02-26T18:25:45Z
468695,kamiličina kapucarka,sl,"","",,Slovenian,pikag,2026-02-26T18:26:31Z
821926,lepa kapucarka,sl,"","",,Slovenian,pikag,2026-02-26T18:27:05Z
483457,griževčeva kapucarka,sl,"","",,Slovenian,pikag,2026-02-26T18:27:43Z
895220,rjavkasta kapucarka,sl,"","",,Slovenian,pikag,2026-02-26T18:28:24Z
483576,ločikina kapucarka,sl,"","",,Slovenian,pikag,2026-02-26T18:29:03Z
502859,zeliščna kapucarka,sl,"","",,Slovenian,pikag,2026-02-26T18:31:01Z
483458,naprašenčeva kapucarka,sl,"","",,Slovenian,pikag,2026-02-26T18:33:01Z
483577,zajčičina kapucarka,sl,"","",,Slovenian,pikag,2026-02-26T18:33:46Z
477033,črnobinina kapucarka,sl,"","",,Slovenian,pikag,2026-02-26T18:34:59Z
780067,vratičeva kapucarka,sl,"","",,Slovenian,pikag,2026-02-26T18:35:37Z
429136,zasenčena kapucarka,sl,"","",,Slovenian,pikag,2026-02-26T18:36:41Z
61970,lučnikova kapucarka,sl,"","",,Slovenian,pikag,2026-02-26T18:37:38Z
782689,suhocvetna kapucarka,sl,"","",,Slovenian,pikag,2026-02-26T18:38:18Z
483122,siva kosmatinka,sl,"","",,Slovenian,pikag,2026-02-26T18:38:58Z
61799,beločrta deltarka,sl,"","",,Slovenian,pikag,2026-02-26T18:39:51Z
483539,vzorčasta deltarka,sl,"","",,Slovenian,pikag,2026-02-26T18:40:32Z
603136,belolisa deltarka,sl,"","",,Slovenian,pikag,2026-02-26T18:41:12Z
470724,kljukasta deltarka,sl,"","",,Slovenian,pikag,2026-02-26T18:41:46Z
429143,pritlikava močvarka,sl,"","",,Slovenian,pikag,2026-02-26T18:43:17Z
358031,zlata lesketavka,sl,"","",,Slovenian,pikag,2026-02-26T18:44:27Z
483544,velika lesketavka,sl,"","",,Slovenian,pikag,2026-02-26T18:45:22Z
875860,južna lesketavka,sl,"","",,Slovenian,pikag,2026-02-26T18:46:13Z
362097,ozkokrila lesketavka,sl,"","",,Slovenian,pikag,2026-02-26T18:47:08Z
787784,strašničina lesketavka,sl,"","",,Slovenian,pikag,2026-02-26T18:47:48Z
460223,rjava zemljarka,sl,"","",,Slovenian,pikag,2026-02-26T18:48:31Z
325436,močvirska zemljarka,sl,"","",,Slovenian,pikag,2026-02-26T18:49:04Z
483413,jegličeva zemljarka,sl,"","",,Slovenian,pikag,2026-02-26T18:49:36Z
320192,robidina zemljarka,sl,"","",,Slovenian,pikag,2026-02-26T18:50:18Z
565890,južna ledinarka,sl,"","",,Slovenian,pikag,2026-02-26T18:51:06Z
716345,plamenasta ledinarka,sl,"","",,Slovenian,pikag,2026-02-26T18:51:39Z
506211,beloroba ledinarka,sl,"","",,Slovenian,pikag,2026-02-26T18:52:10Z
751711,črnikasta ledinarka,sl,"","",,Slovenian,pikag,2026-02-26T18:52:47Z
497525,ledvičasta ledinarka,sl,"","",,Slovenian,pikag,2026-02-26T18:53:22Z
751716,zaznamovana ledinarka,sl,"","",,Slovenian,pikag,2026-02-26T18:53:55Z
751712,kislična ledinarka,sl,"","",,Slovenian,pikag,2026-02-26T18:54:32Z
891793,belkasta dvoliska,sl,"","",,Slovenian,pikag,2026-02-26T18:55:16Z
782708,črnikasta dvoliska,sl,"","",,Slovenian,pikag,2026-02-26T18:55:59Z
483490,dvokroga obročarka,sl,"","",,Slovenian,pikag,2026-02-26T18:56:52Z
483377,dvokrpa modroglavka,sl,"","",,Slovenian,pikag,2026-02-26T18:57:36Z
466465,belolisa črnikarka,sl,"","",,Slovenian,pikag,2026-02-26T18:58:23Z
829591,ogljena hrastarka,sl,"","",,Slovenian,pikag,2026-02-26T18:59:14Z
343154,samotarska hrastarka,sl,"","",,Slovenian,pikag,2026-02-26T19:00:05Z
511393,enobarvna hrastarka,sl,"","",,Slovenian,pikag,2026-02-26T19:00:41Z
466309,mrka hrastarka,sl,"","",,Slovenian,pikag,2026-02-26T19:01:32Z
511469,toploljubna hrastarka,sl,"","",,Slovenian,pikag,2026-02-26T19:02:13Z
470896,grbasta vijugavka,sl,"","",,Slovenian,pikag,2026-02-26T19:03:04Z
319550,prikrita lubjarka,sl,"","",,Slovenian,pikag,2026-02-26T19:04:00Z
245711,dvolisa pomladanka,sl,"","",https://www.inaturalist.org/taxon_names/4151149/edit,Slovenian,,2026-02-26T23:23:11Z
417886,živahna očarljivka,sl,"","",,Slovenian,pikag,2026-02-27T18:39:35Z
465843,okrasta brezarka,sl,"","",,Slovenian,pikag,2026-02-27T18:40:15Z
477034,zagorela dolgokrilka,sl,"","",,Slovenian,pikag,2026-02-27T18:42:09Z
781947,siva hribovka,sl,"","",,Slovenian,pikag,2026-02-27T18:42:47Z
781949,travniška hribovka,sl,"","",,Slovenian,pikag,2026-02-27T18:43:23Z
782697,raznobarvna lisarka,sl,"","",,Slovenian,pikag,2026-02-27T18:44:03Z
325967,okrasta puščavnica,sl,"","",,Slovenian,pikag,2026-02-27T18:44:53Z
479675,okorna volnarka,sl,"","",,Slovenian,pikag,2026-02-27T18:45:36Z
483585,ametistova presežnica,sl,"","",,Slovenian,pikag,2026-02-27T18:46:11Z
471275,pelinova presežnica,sl,"","",,Slovenian,pikag,2026-02-27T18:46:46Z
797806,skromna bakrenka,sl,"","",,Slovenian,pikag,2026-02-27T18:47:38Z
483545,Spremenljiva bakrenka,sl,"","",,Slovenian,pikag,2026-02-27T18:48:16Z
483410,peteropika narisanka,sl,"","",,Slovenian,pikag,2026-02-27T18:48:56Z
495622,sigmasta načrtanka,sl,"","",,Slovenian,pikag,2026-02-27T18:49:31Z
322807,svetleča nagubanka,sl,"","",,Slovenian,pikag,2026-02-27T18:50:16Z
244708,tropika spremljevalka,sl,"","",,Slovenian,pikag,2026-02-27T18:52:26Z
219856,skrivnostna resavarka,sl,"","",,Slovenian,pikag,2026-02-27T18:53:23Z
1671234,rumenokrila srebrninarka,sl,"","",https://www.inaturalist.org/taxon_names/4154454/edit,Slovenian,,2026-02-27T20:13:15Z
781955,žitna koreninarka,sl,"","",,Slovenian,pikag,2026-03-01T16:30:42Z
781954,dvočrta koreninarka,sl,"","",,Slovenian,pikag,2026-03-01T16:31:22Z
875877,obrušena koreninarka,sl,"","",,Slovenian,pikag,2026-03-01T16:32:08Z
716374,lepa koreninarka,sl,"","",,Slovenian,pikag,2026-03-01T16:32:35Z
325249,črnikasta koreninarka,sl,"","",,Slovenian,pikag,2026-03-01T16:33:09Z
325488,stebričasta koreninarka,sl,"","",,Slovenian,pikag,2026-03-01T16:33:45Z
495642,gorska koreninarka,sl,"","",,Slovenian,pikag,2026-03-01T16:34:17Z
1254996,zimska koreninarka,sl,"","",,Slovenian,pikag,2026-03-01T16:34:53Z
494222,umazana koreninarka,sl,"","",,Slovenian,pikag,2026-03-01T16:35:19Z
480570,pšenična koreninarka,sl,"","",,Slovenian,pikag,2026-03-01T16:35:47Z
829227,rogozova rogozarka,sl,"","",,Slovenian,pikag,2026-03-01T16:36:28Z
502655,ježkova rogozarka,sl,"","",,Slovenian,pikag,2026-03-01T16:37:00Z
479411,rumenkasta pecljarka,sl,"","",,Slovenian,pikag,2026-03-01T16:37:30Z
1254343,sivkasta pecljarka,sl,"","",,Slovenian,pikag,2026-03-01T16:37:58Z
220615,rjava pisarka,sl,"","",,Slovenian,pikag,2026-03-01T16:38:39Z
1319807,Debeloglavka,sl,"","",https://www.inaturalist.org/taxon_names/2920887/edit,Slovenian,Chris Thawley,2026-03-03T10:28:09Z
343158,zelenkasta hrastovka,sl,"","",,Slovenian,pikag,2026-03-10T17:14:09Z
357809,navadna zobčarka,sl,"","",,Slovenian,pikag,2026-03-10T17:14:55Z
483445,belolisa semenarka,sl,"","",,Slovenian,pikag,2026-03-10T17:15:59Z
335610,dvokraka semenarka,sl,"","",,Slovenian,pikag,2026-03-10T17:17:11Z
483446,modrikasta semenarka,sl,"","",,Slovenian,pikag,2026-03-10T17:17:56Z
787785,glavičasta semenarka,sl,"","",,Slovenian,pikag,2026-03-10T17:18:51Z
324134,lepa semenarka,sl,"","",,Slovenian,pikag,2026-03-10T17:19:26Z
325612,pisana semenarka,sl,"","",,Slovenian,pikag,2026-03-10T17:19:55Z
740116,rjavkasta semenarka,sl,"","",,Slovenian,pikag,2026-03-10T17:20:47Z
782672,čipkasta semenarka,sl,"","",,Slovenian,pikag,2026-03-10T17:21:21Z
357390,zapletena semenarka,sl,"","",,Slovenian,pikag,2026-03-10T17:22:05Z
358028,dvobarvna solatarka,sl,"","",,Slovenian,pikag,2026-03-10T17:26:08Z
830671,južna solatarka,sl,"","",,Slovenian,pikag,2026-03-10T17:26:47Z
124318,škrbinkina solatarka,sl,"","",,Slovenian,pikag,2026-03-10T17:27:36Z
83806,trnasta sončarka,sl,"","",,Slovenian,pikag,2026-03-10T17:28:14Z
363122,morska selivka,sl,"","",,Slovenian,pikag,2026-03-10T17:29:38Z
483526,temnolisa selivka,sl,"","",,Slovenian,pikag,2026-03-10T17:30:29Z
146801,gladeževa selivka,sl,"","",,Slovenian,pikag,2026-03-10T17:31:10Z
347024,lunolisa selivka,sl,"","",,Slovenian,pikag,2026-03-10T17:31:42Z
333532,ščetičina selivka,sl,"","",,Slovenian,pikag,2026-03-10T17:32:25Z
340646,belolisa močvirka,sl,"","",,Slovenian,pikag,2026-03-10T17:33:13Z
1260459,zvezdičina trnarka,sl,"","",,Slovenian,pikag,2026-03-10T17:34:06Z
320763,dvomljiva trnarka,sl,"","",,Slovenian,pikag,2026-03-10T17:34:49Z
326199,blesteča trnarka,sl,"","",,Slovenian,pikag,2026-03-10T17:35:45Z
360302,osmična trnarka,sl,"","",,Slovenian,pikag,2026-03-10T17:36:51Z
470870,siva trnarka,sl,"","",,Slovenian,pikag,2026-03-10T17:37:24Z
483516,rumenosiva trnarka,sl,"","",,Slovenian,pikag,2026-03-10T17:38:24Z
221586,perunikina mokrotnica,sl,"","",,Slovenian,pikag,2026-03-10T17:39:19Z
483506,repuhova mokrotnica,sl,"","",,Slovenian,pikag,2026-03-10T17:39:52Z
130186,črtasta brusničarka,sl,"","",,Slovenian,pikag,2026-03-10T17:40:54Z
483488,vrbova upognjenka,sl,"","",,Slovenian,pikag,2026-03-10T17:41:36Z
483489,topolova upognjenka,sl,"","",,Slovenian,pikag,2026-03-10T17:42:19Z
483473,hrastova žafranka,sl,"","",,Slovenian,pikag,2026-03-10T17:43:10Z
782667,temnorjava zelenjavarka,sl,"","",,Slovenian,pikag,2026-03-10T17:44:07Z
483439,prečnolisa zelenjavarka,sl,"","",,Slovenian,pikag,2026-03-10T17:44:55Z
483590,svetla zelenjavarka,sl,"","",,Slovenian,pikag,2026-03-10T17:46:39Z
325473,dimasta zelenjavarka,sl,"","",,Slovenian,pikag,2026-03-10T17:47:08Z
130097,valovita zelenjavarka,sl,"","",,Slovenian,pikag,2026-03-10T17:47:41Z
325269,dvoklina zelenjavarka,sl,"","",,Slovenian,pikag,2026-03-10T17:48:24Z
737064,belolisa lepotka,sl,"","",,Slovenian,pikag,2026-03-10T17:49:39Z
803202,zlata svetlikarka,sl,"","",,Slovenian,pikag,2026-03-10T17:50:17Z
782205,siva gornica,sl,"","",,Slovenian,pikag,2026-03-10T17:51:01Z
222724,dvobarvna valovitka,sl,"","",,Slovenian,pikag,2026-03-10T17:52:17Z
834286,trstična dvojčica,sl,"","",,Slovenian,pikag,2026-03-10T17:53:32Z
468881,vejičasta travnarka,sl,"","",,Slovenian,pikag,2026-03-10T17:54:21Z
468734,južna travnarka,sl,"","",,Slovenian,pikag,2026-03-10T17:54:53Z
324830,trstična travnarka,sl,"","",,Slovenian,pikag,2026-03-10T17:55:47Z
468593,trohninska travnarka,sl,"","",,Slovenian,pikag,2026-03-10T17:56:33Z
672873,koruzina travnarka,sl,"","",,Slovenian,pikag,2026-03-10T17:57:16Z
483589,sivkasta kamnarka,sl,"","",,Slovenian,pikag,2026-03-10T17:57:59Z
483466,viličasta kamnarka,sl,"","",,Slovenian,pikag,2026-03-10T17:58:34Z
602055,peščenjakasta kamnarka,sl,"","",,Slovenian,pikag,2026-03-10T18:00:00Z
429112,cipresina kamnarka,sl,"","",,Slovenian,pikag,2026-03-10T18:00:40Z
876288,svinčenosiva kamnarka,sl,"","",,Slovenian,pikag,2026-03-10T18:01:41Z
483465,ptičja kamnarka,sl,"","",,Slovenian,pikag,2026-03-10T18:02:16Z
479608,dvobarvna kamnarka,sl,"","",,Slovenian,pikag,2026-03-10T18:06:17Z
702888,rjavkasta kamnarka,sl,"","",,Slovenian,pikag,2026-03-10T18:06:51Z
464916,mala steblikarka,sl,"","",,Slovenian,pikag,2026-03-10T18:07:50Z
470617,rjavkasta zabrisanka,sl,"","",,Slovenian,pikag,2026-03-10T18:09:21Z
986590,rjasta zabrisanka,sl,"","",,Slovenian,pikag,2026-03-10T18:11:53Z
429178,opečnata zabrisanka,sl,"","",,Slovenian,pikag,2026-03-10T18:12:35Z
823770,rjasta rumenka,sl,"","",,Slovenian,pikag,2026-03-10T18:13:22Z
449402,belolisa porfirka,sl,"","",,Slovenian,pikag,2026-03-10T18:14:37Z
460643,srebrnolisa grbavka,sl,"","",,Slovenian,pikag,2026-03-10T18:15:47Z
451665,belolisa kapusovka,sl,"","",,Slovenian,pikag,2026-03-10T18:16:43Z
483470,dvolisa trnovka,sl,"","",,Slovenian,pikag,2026-03-10T18:17:28Z
63031,dresnina črnica,sl,"","",,Slovenian,pikag,2026-03-10T18:18:12Z
875890,žitna bilkarica,sl,"","",,Slovenian,pikag,2026-03-10T18:19:41Z
354806,ržena bilkarica,sl,"","",,Slovenian,pikag,2026-03-10T18:20:37Z
710624,hrastova trikotničarka,sl,"","",,Slovenian,pikag,2026-03-10T18:21:25Z
782194,topolova trikotničarka,sl,"","",,Slovenian,pikag,2026-03-10T18:22:14Z
325591,dvobarvna palčica,sl,"","",,Slovenian,pikag,2026-03-10T18:23:08Z
176963,rdečerjava šotarka,sl,"","",,Slovenian,pikag,2026-03-10T18:24:33Z
473451,temnorjava šotarka,sl,"","",,Slovenian,pikag,2026-03-10T18:25:52Z
479613,tamariskina šotarka,sl,"","",,Slovenian,pikag,2026-03-10T18:26:39Z
205321,temna prikazen,sl,"","",,Slovenian,pikag,2026-03-10T18:27:45Z
320878,belopika travnarica,sl,"","",,Slovenian,pikag,2026-03-10T18:28:55Z
1090389,sajasta travnarica,sl,"","",,Slovenian,pikag,2026-03-10T18:29:58Z
497783,enobarvna travnarica,sl,"","",,Slovenian,pikag,2026-03-10T18:30:35Z
205183,belolisa travnarica,sl,"","",,Slovenian,pikag,2026-03-10T18:31:08Z
324397,rjasta travnarica,sl,"","",,Slovenian,pikag,2026-03-10T18:31:43Z
324831,umazana travnarica,sl,"","",,Slovenian,pikag,2026-03-10T18:32:19Z
468658,beločrta travnarica,sl,"","",,Slovenian,pikag,2026-03-10T18:33:17Z
356188,bleda travnarica,sl,"","",,Slovenian,pikag,2026-03-10T18:33:52Z
470782,sramežljiva travnarica,sl,"","",,Slovenian,pikag,2026-03-10T18:34:30Z
496732,obalna travnarica,sl,"","",,Slovenian,pikag,2026-03-10T18:35:02Z
325619,sitčeva travnarica,sl,"","",,Slovenian,pikag,2026-03-10T18:35:32Z
470715,rumenkasta travnarica,sl,"","",,Slovenian,pikag,2026-03-10T18:36:07Z
465842,rdečkasta travnarica,sl,"","",,Slovenian,pikag,2026-03-10T18:36:54Z
1671287,enopika travnarica,sl,"","",,Slovenian,pikag,2026-03-10T18:37:27Z
468594,rumenjakasta travnarica,sl,"","",,Slovenian,pikag,2026-03-10T18:38:57Z
324329,rjava vzorčanka,sl,"","",,Slovenian,pikag,2026-03-11T16:51:10Z
205187,širokokrila sovka,sl,"","",,Slovenian,pikag,2026-03-11T16:52:20Z
324707,olivna sovka,sl,"","",,Slovenian,pikag,2026-03-11T16:52:51Z
325294,vmesna sovka,sl,"","",,Slovenian,pikag,2026-03-11T16:53:31Z
342955,prehodna sovka,sl,"","",,Slovenian,pikag,2026-03-11T16:54:01Z
362240,sivkasta sovka,sl,"","",,Slovenian,pikag,2026-03-11T16:54:50Z
466045,vijoličasta sovka,sl,"","",,Slovenian,pikag,2026-03-11T16:55:30Z
325276,rjavkasta sovka,sl,"","",,Slovenian,pikag,2026-03-11T16:56:14Z
81687,raznolika sovka,sl,"","",,Slovenian,pikag,2026-03-11T16:57:28Z
1130529,južna sovka,sl,"","",,Slovenian,pikag,2026-03-11T16:58:06Z
1093106,tirenska sovka,sl,"","",,Slovenian,pikag,2026-03-11T16:59:01Z
332304,velika rogozovka,sl,"","",,Slovenian,pikag,2026-03-11T16:59:44Z
470618,belotrupa bledorobka,sl,"","",,Slovenian,pikag,2026-03-11T17:00:48Z
324010,svetla bledorobka,sl,"","",,Slovenian,pikag,2026-03-11T17:01:27Z
1246800,dvomljiva pritlikavka,sl,"","",,Slovenian,pikag,2026-03-11T17:02:24Z
133343,pasasta pritlikavka,sl,"","",,Slovenian,pikag,2026-03-11T17:03:28Z
428375,temna pritlikavka,sl,"","",,Slovenian,pikag,2026-03-11T17:04:06Z
322142,črtasta pritlikavka,sl,"","",,Slovenian,pikag,2026-03-11T17:04:49Z
428376,raznobarvna pritlikavka,sl,"","",,Slovenian,pikag,2026-03-11T17:05:32Z
1095269,popončeva ramenarka,sl,"","",,Slovenian,pikag,2026-03-11T17:06:18Z
780068,mnogokotna obraznica,sl,"","",,Slovenian,pikag,2026-03-11T17:07:01Z
870864,jagodnjakova prezimovalka,sl,"","",,Slovenian,pikag,2026-03-11T17:07:50Z
466368,žilnata žitarka,sl,"","",,Slovenian,pikag,2026-03-11T17:09:04Z
244655,višnjina pomladnica,sl,"","",,Slovenian,pikag,2026-03-11T17:09:56Z
244709,zgodnja pomladnica,sl,"","",,Slovenian,pikag,2026-03-11T17:10:35Z
210605,gotska pomladnica,sl,"","",,Slovenian,pikag,2026-03-11T17:11:18Z
349775,nežna pomladnica,sl,"","",,Slovenian,pikag,2026-03-11T17:11:59Z
244656,raznolika pomladnica,sl,"","",,Slovenian,pikag,2026-03-11T17:12:34Z
483449,rdečkasta pomladnica,sl,"","",,Slovenian,pikag,2026-03-11T17:13:27Z
483450,postavna pomladnica,sl,"","",,Slovenian,pikag,2026-03-11T17:14:05Z
348606,topolova pomladnica,sl,"","",,Slovenian,pikag,2026-03-11T17:14:47Z
875894,stožkina pastirica,sl,"","",,Slovenian,pikag,2026-03-11T17:15:46Z
483436,puščičasta debeluška,sl,"","",,Slovenian,pikag,2026-03-11T17:16:26Z
784514,pozlačena zakladarka,sl,"","",,Slovenian,pikag,2026-03-11T17:17:14Z
784516,srebrna zakladarka,sl,"","",,Slovenian,pikag,2026-03-11T17:17:58Z
60841,Scopolijeva dnevnica,sl,"","",,Slovenian,pikag,2026-03-11T17:19:08Z
349281,plameneča borovka,sl,"","",,Slovenian,pikag,2026-03-11T17:19:44Z
176098,črnobela svečenica,sl,"","",,Slovenian,pikag,2026-03-11T17:20:31Z
226946,dvopega borovničevka,sl,"","",,Slovenian,pikag,2026-03-11T17:21:15Z
227098,topolova pikčarka,sl,"","",,Slovenian,pikag,2026-03-11T17:22:06Z
179339,rdečkasta popotnica,sl,"","",,Slovenian,pikag,2026-03-11T17:22:48Z
1148069,črna obrobljenka,sl,"","",,Slovenian,pikag,2026-03-11T17:23:31Z
708044,poprašena obrobljenka,sl,"","",,Slovenian,pikag,2026-03-11T17:24:14Z
483524,ostrožnikova krasotica,sl,"","",,Slovenian,pikag,2026-03-11T17:25:28Z
205151,elegantna ahatovka,sl,"","",,Slovenian,pikag,2026-03-11T17:26:42Z
555385,ljubka ahatovka,sl,"","",,Slovenian,pikag,2026-03-11T17:27:16Z
483498,rjavkasta travnica,sl,"","",,Slovenian,pikag,2026-03-11T17:27:59Z
483500,sivkasta travnica,sl,"","",,Slovenian,pikag,2026-03-11T17:28:30Z
471295,rumenkasta travnica,sl,"","",,Slovenian,pikag,2026-03-11T17:29:11Z
469888,mala travnica,sl,"","",,Slovenian,pikag,2026-03-11T17:29:43Z
483499,svetla travnica,sl,"","",,Slovenian,pikag,2026-03-11T17:30:23Z
475547,belolisa trstikarka,sl,"","",,Slovenian,pikag,2026-03-11T17:31:38Z
787750,zabrisana pelinarka,sl,"","",,Slovenian,pikag,2026-03-11T17:32:38Z
325340,bilničina bogatinka,sl,"","",,Slovenian,pikag,2026-03-11T17:33:36Z
875897,šebenikova bogatajka,sl,"","",,Slovenian,pikag,2026-03-11T17:34:45Z
322336,svilnata sivka,sl,"","",,Slovenian,pikag,2026-03-11T17:35:32Z
547257,jetrna sivka,sl,"","",,Slovenian,pikag,2026-03-11T17:36:39Z
460228,zatemnjena sivka,sl,"","",,Slovenian,pikag,2026-03-11T17:37:29Z
470957,lesketajoča pozlačenka,sl,"","",,Slovenian,pikag,2026-03-11T17:38:32Z
470961,olivna mešanka,sl,"","",,Slovenian,pikag,2026-03-12T17:30:06Z
498457,okroluska mešanka,sl,"","",,Slovenian,pikag,2026-03-12T17:31:39Z
803926,serpentinska mešanka,sl,"","",,Slovenian,pikag,2026-03-12T17:32:10Z
469810,modrikasta mešanka,sl,"","",,Slovenian,pikag,2026-03-12T17:33:01Z
343161,rumenoluska mešanka,sl,"","",,Slovenian,pikag,2026-03-12T17:33:46Z
470679,svilnata kalinovka,sl,"","",,Slovenian,pikag,2026-03-12T17:34:48Z
889463,sijajna armenka,sl,"","",,Slovenian,pikag,2026-03-12T17:35:36Z
483527,ščitasta puščičarka,sl,"","",,Slovenian,pikag,2026-03-12T17:36:42Z
479063,drobna trikotnica,sl,"","",,Slovenian,pikag,2026-03-12T17:37:37Z
1008862,zabrisana koreniničarka,sl,"","",,Slovenian,pikag,2026-03-12T17:40:11Z
324314,zasenčena plamenka,sl,"","",,Slovenian,pikag,2026-03-12T17:41:15Z
229931,trstična korenikarka,sl,"","",,Slovenian,pikag,2026-03-12T17:42:35Z
521039,švicarska napiljenka,sl,"","",,Slovenian,pikag,2026-03-12T17:43:34Z
483405,svetloljuba napiljenka,sl,"","",,Slovenian,pikag,2026-03-12T17:45:06Z
483404,pritajena napiljenka,sl,"","",,Slovenian,pikag,2026-03-12T17:45:44Z
875901,pojoča jamičarka,sl,"","",,Slovenian,pikag,2026-03-12T17:46:54Z
130103,rjasta rdečkarka,sl,"","",,Slovenian,pikag,2026-03-12T18:20:51Z
1011336,osatova ostrogarka,sl,"","",,Slovenian,pikag,2026-03-12T18:21:54Z
875903,hrustavkina ostrogarka,sl,"","",,Slovenian,pikag,2026-03-12T18:22:50Z
468726,šaševa močvirnica,sl,"","",,Slovenian,pikag,2026-03-12T18:23:28Z
483453,trstična trlica,sl,"","",,Slovenian,pikag,2026-03-12T18:24:40Z
689604,kretska orientalka,sl,"","",,Slovenian,pikag,2026-03-12T18:25:38Z
782213,lesketava rjavinka,sl,"","",,Slovenian,pikag,2026-03-12T18:26:18Z
335070,mrežasta rjavinka,sl,"","",,Slovenian,pikag,2026-03-12T18:26:58Z
340501,lepničina rjavinka,sl,"","",,Slovenian,pikag,2026-03-12T18:27:39Z
875908,belopika rjavinka,sl,"","",,Slovenian,pikag,2026-03-12T18:28:21Z
626503,grahovčeva rjavinka,sl,"","",,Slovenian,pikag,2026-03-12T18:29:47Z
1096210,beložilna topoglavka,sl,"","",,Slovenian,pikag,2026-03-12T18:30:51Z
483406,sivkasta jamarka,sl,"","",,Slovenian,pikag,2026-03-12T18:31:44Z
914019,nazobčana jamarka,sl,"","",,Slovenian,pikag,2026-03-12T18:32:39Z
231425,svilnata pepelarka,sl,"","",,Slovenian,pikag,2026-03-12T18:33:57Z
483402,podnevna nazobčanka,sl,"","",,Slovenian,pikag,2026-03-12T18:35:12Z
774840,lesketajoča križnarka,sl,"","",,Slovenian,pikag,2026-03-12T18:35:59Z
468722,neprava iskrivka,sl,"","",,Slovenian,pikag,2026-03-12T18:37:27Z
1419331,okroglolisa oranžnica,sl,"","",,Slovenian,pikag,2026-03-12T18:38:16Z
232080,brusničina visokogorka,sl,"","",,Slovenian,pikag,2026-03-12T18:39:18Z
232091,velesina visokogorka,sl,"","",,Slovenian,pikag,2026-03-12T18:40:04Z
784519,macesnova zapisanka,sl,"","",,Slovenian,pikag,2026-03-12T18:40:52Z
774470,visokogorska zapisanka,sl,"","",,Slovenian,pikag,2026-03-12T18:41:44Z
232149,vprašajasta zapisanka,sl,"","",,Slovenian,pikag,2026-03-12T18:42:35Z
479402,rumenokrila poletnica,sl,"","",,Slovenian,pikag,2026-03-12T18:43:15Z
483448,ruševna umazanka,sl,"","",,Slovenian,pikag,2026-03-12T18:44:00Z
429123,črtasta umazanka,sl,"","",,Slovenian,pikag,2026-03-12T18:44:52Z
124890,bleščeča medeninarka,sl,"","",,Slovenian,pikag,2026-03-12T18:46:09Z
511159,zlata lipovka,sl,"","",,Slovenian,pikag,2026-03-12T18:47:00Z
511540,rumena lipovka,sl,"","",,Slovenian,pikag,2026-03-12T18:47:48Z
830775,žveplena lipovka,sl,"","",,Slovenian,pikag,2026-03-12T18:48:48Z
125049,zelenkasta poraščenka,sl,"","",,Slovenian,pikag,2026-03-12T18:49:39Z
202789,grivasta bogatica,sl,"","",,Slovenian,pikag,2026-03-12T18:50:38Z
959719,rumenotrupa hermelinka,sl,"","",,Slovenian,pikag,2026-03-12T18:51:30Z
338937,plamenasta trikotka,sl,"","",,Slovenian,pikag,2026-03-12T18:52:22Z
335065,podnevna slakovka,sl,"","",,Slovenian,pikag,2026-03-12T18:53:09Z
483582,olivna lepotica,sl,"","",,Slovenian,pikag,2026-03-12T18:53:58Z
332316,škrlatnoroba zlatica,sl,"","",,Slovenian,pikag,2026-03-12T18:55:34Z
319951,siva zloščenka,sl,"","",,Slovenian,pikag,2026-03-12T18:56:28Z
325243,rjava zloščenka,sl,"","",,Slovenian,pikag,2026-03-12T18:57:05Z
483417,kostanjeva zloščenka,sl,"","",,Slovenian,pikag,2026-03-12T18:57:53Z
203342,črnolisa zloščenka,sl,"","",,Slovenian,pikag,2026-03-12T18:58:38Z
828811,rumenosiva zloščenka,sl,"","",,Slovenian,pikag,2026-03-12T18:59:17Z
782184,gorska zloščenka,sl,"","",,Slovenian,pikag,2026-03-12T18:59:47Z
360167,trapezasta zloščenka,sl,"","",,Slovenian,pikag,2026-03-12T19:00:38Z
552116,okrasta zloščenka,sl,"","",,Slovenian,pikag,2026-03-12T19:01:13Z
325301,šesteročrta zloščenka,sl,"","",,Slovenian,pikag,2026-03-12T19:01:54Z
233803,pisana zloščenka,sl,"","",,Slovenian,pikag,2026-03-12T19:02:40Z
361320,rombasta zloščenka,sl,"","",,Slovenian,pikag,2026-03-12T19:03:34Z
324189,trikotniška zloščenka,sl,"","",,Slovenian,pikag,2026-03-12T19:04:44Z
48162,rumenolisa zloščenka,sl,"","",,Slovenian,pikag,2026-03-12T19:05:15Z
483469,sivkasta trohljenka,sl,"","",,Slovenian,pikag,2026-03-12T19:05:59Z
782703,rozgina trohljenka,sl,"","",,Slovenian,pikag,2026-03-12T19:06:44Z
483468,rjavkasta trohljenka,sl,"","",,Slovenian,pikag,2026-03-12T19:07:32Z
473447,primorska ptičica,sl,"","",,Slovenian,pikag,2026-03-13T19:26:10Z
57489,gozdna ptičica,sl,"","",,Slovenian,pikag,2026-03-13T19:27:57Z
500350,bliskovita žukarka,sl,"","",,Slovenian,pikag,2026-03-13T19:28:58Z
982382,rjavkasta medvedka,sl,"","",,Slovenian,pikag,2026-03-13T19:29:53Z
68330,pisana medvedka,sl,"","",,Slovenian,pikag,2026-03-13T19:30:41Z
462081,ljubka medvedka,sl,"","",,Slovenian,pikag,2026-03-13T19:31:17Z
904326,velika medvedka,sl,"","",,Slovenian,pikag,2026-03-13T19:32:09Z
824510,gorska medvedka,sl,"","",,Slovenian,pikag,2026-03-13T19:32:40Z
336697,belolisa medvedka,sl,"","",,Slovenian,pikag,2026-03-13T19:33:23Z
469887,črnolisa belokrilka,sl,"","",,Slovenian,pikag,2026-03-13T19:34:19Z
333915,črna rdečevratka,sl,"","",,Slovenian,pikag,2026-03-13T19:35:19Z
558357,dalmatinska samoljuba,sl,"","",,Slovenian,pikag,2026-03-13T19:36:46Z
875372,sredozemska samoljuba,sl,"","",,Slovenian,pikag,2026-03-13T19:37:17Z
785513,svetlopasa samoljuba,sl,"","",,Slovenian,pikag,2026-03-13T19:37:54Z
125312,gozdna lepokrilka,sl,"","",,Slovenian,pikag,2026-03-13T19:39:01Z
875374,deljenopika plenilka,sl,"","",,Slovenian,pikag,2026-03-13T19:40:38Z
366188,talinova kapucinka,sl,"","",,Slovenian,pikag,2026-03-13T19:41:44Z
325523,belolisa črnokrilka,sl,"","",,Slovenian,pikag,2026-03-13T19:42:38Z
554257,toploljubna trakarka,sl,"","",,Slovenian,pikag,2026-03-13T19:43:37Z
473448,sredozemska trakarka,sl,"","",,Slovenian,pikag,2026-03-13T19:44:12Z
509051,velika trakarka,sl,"","",,Slovenian,pikag,2026-03-13T19:44:47Z
856417,primorska trakarka,sl,"","",,Slovenian,pikag,2026-03-13T19:45:24Z
128248,vrbova trakarka,sl,"","",,Slovenian,pikag,2026-03-13T19:46:02Z
116752,topolova trakarka,sl,"","",,Slovenian,pikag,2026-03-13T19:46:48Z
128252,modra trakarka,sl,"","",,Slovenian,pikag,2026-03-13T19:47:30Z
503276,rumena trakarka,sl,"","",,Slovenian,pikag,2026-03-13T19:48:00Z
504262,grmiščna trakarka,sl,"","",,Slovenian,pikag,2026-03-13T19:50:45Z
835921,južna trakarka,sl,"","",,Slovenian,pikag,2026-03-13T19:51:11Z
116385,rdeča trakarka,sl,"","",,Slovenian,pikag,2026-03-13T19:51:40Z
546448,kraška trakarka,sl,"","",,Slovenian,pikag,2026-03-13T19:52:33Z
128258,rumenočrta trakarka,sl,"","",,Slovenian,pikag,2026-03-13T19:53:01Z
869753,močvirska trakarka,sl,"","",,Slovenian,pikag,2026-03-13T19:53:31Z
128255,hrastova trakarka,sl,"","",,Slovenian,pikag,2026-03-13T19:54:04Z
497111,bleda trakarka,sl,"","",,Slovenian,pikag,2026-03-13T19:54:30Z
128245,lepa trakarka,sl,"","",,Slovenian,pikag,2026-03-13T19:54:55Z
550594,črnopega jutranjica,sl,"","",,Slovenian,pikag,2026-03-13T19:55:32Z
483550,brezluna veličastnica,sl,"","",,Slovenian,pikag,2026-03-13T19:56:28Z
483555,kratkousta vrbovka,sl,"","",,Slovenian,pikag,2026-03-13T19:57:30Z
130874,pikasta posejanka,sl,"","",,Slovenian,pikag,2026-03-13T19:59:29Z
465058,črnopika kockarka,sl,"","",,Slovenian,pikag,2026-03-13T20:07:42Z
366885,sramežljiva mrežarka,sl,"","",,Slovenian,pikag,2026-03-13T20:08:28Z
1089741,škrlatna dvojnica,sl,"","",,Slovenian,pikag,2026-03-13T20:09:14Z
132317,rdečeroba dvojnica,sl,"","",,Slovenian,pikag,2026-03-13T20:10:09Z
1039542,turobna dvoličnica,sl,"","",,Slovenian,pikag,2026-03-13T20:10:52Z
129156,rjavkasta dvoličnica,sl,"","",,Slovenian,pikag,2026-03-13T20:11:39Z
470129,malopika raznokrilka,sl,"","",,Slovenian,pikag,2026-03-13T20:12:34Z
335662,velepika raznokrilka,sl,"","",,Slovenian,pikag,2026-03-13T20:13:17Z
546756,drobnopika raznokrilka,sl,"","",,Slovenian,pikag,2026-03-13T20:14:02Z
199266,klateška alžirka,sl,"","",,Slovenian,pikag,2026-03-13T20:14:49Z
424241,sivkasta lišajka,sl,"","",,Slovenian,pikag,2026-03-13T20:15:28Z
320004,rumenoglava lišajka,sl,"","",,Slovenian,pikag,2026-03-13T20:16:04Z
125266,sploščena lišajka,sl,"","",,Slovenian,pikag,2026-03-13T20:16:44Z
205120,močvirska lišajka,sl,"","",,Slovenian,pikag,2026-03-13T20:17:24Z
354804,rumena lišajka,sl,"","",,Slovenian,pikag,2026-03-13T20:17:57Z
470720,temna lišajka,sl,"","",,Slovenian,pikag,2026-03-13T20:18:26Z
501113,okrasta lišajka,sl,"","",,Slovenian,pikag,2026-03-13T20:19:16Z
701774,obledela lišajka,sl,"","",,Slovenian,pikag,2026-03-13T20:19:54Z
483382,pritlikava lišajka,sl,"","",,Slovenian,pikag,2026-03-13T20:20:23Z
354803,rumenjakasta lišajka,sl,"","",,Slovenian,pikag,2026-03-13T20:21:15Z
567403,rumeno-črna črninarka,sl,"","",,Slovenian,pikag,2026-03-13T20:22:33Z
625429,pisana lepotka,sl,"","",,Slovenian,pikag,2026-03-15T19:30:02Z
564050,smiljeva lepotka,sl,"","",,Slovenian,pikag,2026-03-15T19:30:41Z
468393,rjavkasta lepotka,sl,"","",,Slovenian,pikag,2026-03-15T19:31:14Z
243533,mala lepotka,sl,"","",,Slovenian,pikag,2026-03-15T19:31:46Z
803193,črtasta lepotka,sl,"","",,Slovenian,pikag,2026-03-15T19:32:53Z
556959,purpurna lepotka,sl,"","",,Slovenian,pikag,2026-03-15T19:33:42Z
975985,drobna lepotka,sl,"","",,Slovenian,pikag,2026-03-15T19:34:30Z
840510,zelenkasta lepotka,sl,"","",,Slovenian,pikag,2026-03-15T19:35:10Z
132888,temna euklidovka,sl,"","",,Slovenian,pikag,2026-03-15T19:36:01Z
354807,svetla euklidovka,sl,"","",,Slovenian,pikag,2026-03-15T19:36:58Z
118936,četveropika tigrovka,sl,"","",,Slovenian,pikag,2026-03-15T19:37:51Z
337520,belokrila zlatoritka,sl,"","",,Slovenian,pikag,2026-03-15T19:38:48Z
875389,koprivovčeva peščenka,sl,"","",,Slovenian,pikag,2026-03-15T19:39:24Z
1260962,raznobarvna čopičarka,sl,"","",,Slovenian,pikag,2026-03-17T18:58:11Z
322130,sivkasta čopka,sl,"","",,Slovenian,pikag,2026-03-17T18:58:58Z
476140,dlakasta čopka,sl,"","",,Slovenian,pikag,2026-03-17T18:59:35Z
468006,peresasta čopka,sl,"","",,Slovenian,pikag,2026-03-17T19:00:07Z
577885,vitka čopka,sl,"","",,Slovenian,pikag,2026-03-17T19:00:39Z
202237,debelopalpa kosmača,sl,"","",,Slovenian,pikag,2026-03-17T19:01:14Z
330417,sivkasta kosmača,sl,"","",,Slovenian,pikag,2026-03-17T19:01:56Z
483559,velika kosmača,sl,"","",,Slovenian,pikag,2026-03-17T19:02:23Z
342196,vzorčasta kosmača,sl,"","",,Slovenian,pikag,2026-03-17T19:02:54Z
875390,pipalkasta kosmača,sl,"","",,Slovenian,pikag,2026-03-17T19:03:24Z
202239,rilčasta kosmača,sl,"","",,Slovenian,pikag,2026-03-17T19:05:37Z
128611,kljunasta kosmača,sl,"","",,Slovenian,pikag,2026-03-17T19:06:14Z
127133,ameriška tkalka,sl,"","",,Slovenian,pikag,2026-03-17T19:07:18Z
544737,dvopika steljarka,sl,"","",,Slovenian,pikag,2026-03-17T19:07:50Z
483379,močvirska beličnica,sl,"","",,Slovenian,pikag,2026-03-17T19:08:27Z
322806,rjavkasta ukrivljenka,sl,"","",,Slovenian,pikag,2026-03-17T19:09:15Z
209787,vrbova belkica,sl,"","",,Slovenian,pikag,2026-03-17T19:10:01Z
362182,četveropika rumenokrilka,sl,"","",,Slovenian,pikag,2026-03-17T19:10:58Z
371983,pisana grašičarka,sl,"","",,Slovenian,pikag,2026-03-17T19:11:36Z
875391,lahkotna grašičarka,sl,"","",,Slovenian,pikag,2026-03-17T19:12:15Z
785509,igriva grašičarka,sl,"","",,Slovenian,pikag,2026-03-17T19:12:51Z
483552,dvoroga grašičarka,sl,"","",,Slovenian,pikag,2026-03-17T19:15:53Z
849821,primorska grašičarka,sl,"","",,Slovenian,pikag,2026-03-17T19:16:23Z
551384,mala grašičarka,sl,"","",,Slovenian,pikag,2026-03-17T19:16:59Z
47802,hrastova gobarka,sl,"","",,Slovenian,pikag,2026-03-17T19:17:42Z
224214,smrekova gobarka,sl,"","",,Slovenian,pikag,2026-03-17T19:18:20Z
177220,močvirska brčica,sl,"","",,Slovenian,pikag,2026-03-17T19:18:59Z
1077117,temna beluševka,sl,"","",,Slovenian,pikag,2026-03-17T19:19:39Z
466319,hitra beluševka,sl,"","",,Slovenian,pikag,2026-03-17T19:20:45Z
363486,drobna rdečekrilka,sl,"","",,Slovenian,pikag,2026-03-17T19:21:27Z
483548,rjava lunarka,sl,"","",,Slovenian,pikag,2026-03-17T19:22:01Z
451909,elegantna golokrilka,sl,"","",,Slovenian,pikag,2026-03-17T19:22:39Z
546726,rdečkasta počasnica,sl,"","",,Slovenian,pikag,2026-03-17T19:23:29Z
1205489,lokasta marmorka,sl,"","",,Slovenian,pikag,2026-03-17T19:24:15Z
1205490,mala marmorka,sl,"","",,Slovenian,pikag,2026-03-17T19:24:49Z
1205488,ljubka marmorka,sl,"","",,Slovenian,pikag,2026-03-17T19:25:16Z
124891,zelenkasta rujevka,sl,"","",,Slovenian,pikag,2026-03-17T19:26:04Z
860395,rilčasta iztegnjenka,sl,"","",,Slovenian,pikag,2026-03-17T19:26:37Z
61910,starikava čudakinja,sl,"","",,Slovenian,pikag,2026-03-17T19:27:32Z
483380,belolisa čudakinja,sl,"","",,Slovenian,pikag,2026-03-17T19:28:05Z
465845,umirjena podobnica,sl,"","",,Slovenian,pikag,2026-03-17T19:28:41Z
326921,sajasta glivarka,sl,"","",,Slovenian,pikag,2026-03-17T19:29:16Z
470899,krtačasta šoparka,sl,"","",,Slovenian,pikag,2026-03-17T19:29:54Z
324681,črnopika glinarka,sl,"","",,Slovenian,pikag,2026-03-17T19:30:25Z
483381,trstična glinarka,sl,"","",,Slovenian,pikag,2026-03-17T19:30:58Z
548147,travniška temnikarica,sl,"","",,Slovenian,pikag,2026-03-17T19:31:39Z
143114,rjava skrivalka,sl,"","",,Slovenian,pikag,2026-03-17T19:32:35Z
483553,zelenkasta merilka,sl,"","",,Slovenian,pikag,2026-03-17T19:33:17Z
498468,krivokljuna bradačka,sl,"","",,Slovenian,pikag,2026-03-17T19:34:00Z
476145,peresasta bradačka,sl,"","",,Slovenian,pikag,2026-03-17T19:34:31Z
551937,pipalkasta bradačka,sl,"","",,Slovenian,pikag,2026-03-17T19:35:39Z
325341,svilnata potočarka,sl,"","",,Slovenian,pikag,2026-03-17T19:36:11Z
333910,črtasta vresarka,sl,"","",,Slovenian,pikag,2026-03-17T19:36:44Z
483560,beloproga vresarka,sl,"","",,Slovenian,pikag,2026-03-17T19:37:11Z
134078,orošena kletarka,sl,"","",,Slovenian,pikag,2026-03-17T19:37:47Z
476138,naskalna skalarka,sl,"","",,Slovenian,pikag,2026-03-18T17:08:55Z
745764,meliščna skalarka,sl,"","",,Slovenian,pikag,2026-03-18T17:09:40Z
577887,preprosta ravnorobka,sl,"","",,Slovenian,pikag,2026-03-18T17:10:24Z
362811,črnopika labodarka,sl,"","",,Slovenian,pikag,2026-03-18T17:11:12Z
61855,rumenokrila pegarka,sl,"","",,Slovenian,pikag,2026-03-18T17:13:17Z
81653,hitronoga zeliščarka,sl,"","",,Slovenian,pikag,2026-03-18T17:14:21Z
61422,koprivina zeliščarka,sl,"","",,Slovenian,pikag,2026-03-18T17:14:55Z
1042252,slovenska ogrnjenka,sl,"","",,Slovenian,pikag,2026-03-18T17:15:31Z
366971,črtasta ogrnjenka,sl,"","",,Slovenian,pikag,2026-03-18T17:16:02Z
125957,starikava močvarnica,sl,"","",,Slovenian,pikag,2026-03-18T17:16:35Z
476146,olivna spremenljivka,sl,"","",,Slovenian,pikag,2026-03-18T17:17:28Z
51781,grintova škrlatnica,sl,"","",,Slovenian,pikag,2026-03-18T17:18:17Z
201279,lepa poškropljenka,sl,"","",,Slovenian,pikag,2026-03-18T17:18:53Z
548605,lakotina puščavka,sl,"","",,Slovenian,pikag,2026-03-18T17:19:32Z
470440,lunasta srparka,sl,"","",,Slovenian,pikag,2026-03-18T17:20:06Z
483564,obrobljena srparka,sl,"","",,Slovenian,pikag,2026-03-18T17:20:36Z
541930,nenavadna očalarka,sl,"","",,Slovenian,pikag,2026-03-18T17:21:25Z
781239,rjavkasta starikavka,sl,"","",,Slovenian,pikag,2026-03-18T17:22:02Z
128214,brezov ogrinjalar,sl,"","",,Slovenian,pikag,2026-03-25T11:03:22Z
578767,škržoličin travničar,sl,"","",,Slovenian,pikag,2026-03-26T17:40:22Z
334427,regratov travničar,sl,"","",,Slovenian,pikag,2026-03-26T17:41:10Z
714432,biserni mlečkar,sl,"","",,Slovenian,pikag,2026-03-26T17:42:07Z
483271,rumenkasti meglenček,sl,"","",,Slovenian,pikag,2026-03-26T17:43:18Z
778969,hrastov rdečkar,sl,"","",,Slovenian,pikag,2026-03-26T17:44:21Z
205156,lesketavi srebrnikar,sl,"","",,Slovenian,pikag,2026-03-26T17:45:20Z
500849,jesenski valovitež,sl,"","",,Slovenian,pikag,2026-03-26T17:46:14Z
464302,jelšin srpar,sl,"","",,Slovenian,pikag,2026-03-26T17:46:45Z
324216,svetli srpar,sl,"","",,Slovenian,pikag,2026-03-26T17:47:33Z
345746,brezov kljukar,sl,"","",,Slovenian,pikag,2026-03-26T17:48:26Z
322132,ognjeni krasotec,sl,"","",,Slovenian,pikag,2026-03-26T17:49:31Z
475090,dvopiki sovkar,sl,"","",,Slovenian,pikag,2026-03-26T17:50:19Z
483272,sivozeleni mahovnik,sl,"","",,Slovenian,pikag,2026-03-26T17:51:34Z
483267,lipov kavljar,sl,"","",,Slovenian,pikag,2026-03-26T17:52:59Z
460514,okati sovar,sl,"","",,Slovenian,pikag,2026-03-26T17:53:58Z
320168,topolov sovar,sl,"","",,Slovenian,pikag,2026-03-26T17:54:38Z
466043,valoviti sovarček,sl,"","",,Slovenian,pikag,2026-03-26T17:55:21Z
123022,rožnati malinjakar,sl,"","",,Slovenian,pikag,2026-03-26T17:56:27Z
324758,dvopiki kljunar,sl,"","",,Slovenian,pikag,2026-03-26T17:57:14Z
324683,bukov kljunar,sl,"","",,Slovenian,pikag,2026-03-26T17:57:51Z
325640,južni kljunar,sl,"","",,Slovenian,pikag,2026-03-26T17:58:36Z
71196,lepi rujevinar,sl,"","",,Slovenian,pikag,2026-03-26T18:00:27Z
821007,lunolisa dlakarka,sl,"","",,Slovenian,pikag,2026-03-26T18:01:30Z
354881,borova prelka,sl,"","",,Slovenian,pikag,2026-03-26T18:02:21Z
100362,hroma volnoritka,sl,"","",,Slovenian,pikag,2026-03-26T18:03:16Z
354736,spomladanska volnoritka,sl,"","",,Slovenian,pikag,2026-03-26T18:03:53Z
709613,hrastova volnoritka,sl,"","",,Slovenian,pikag,2026-03-26T18:04:32Z
124994,topolovolistna veletrupka,sl,"","",,Slovenian,pikag,2026-03-26T18:06:56Z
127506,robidova zapredkarka,sl,"","",,Slovenian,pikag,2026-03-26T18:12:02Z
546842,alpska prsteničarka,sl,"","",,Slovenian,pikag,2026-03-26T18:13:06Z
475345,gnezdeča prsteničarka,sl,"","",,Slovenian,pikag,2026-03-26T18:14:00Z
777280,rjava prsteničarka,sl,"","",,Slovenian,pikag,2026-03-26T18:15:02Z
354737,pisana prsteničarka,sl,"","",,Slovenian,pikag,2026-03-26T18:15:53Z
124957,nazobčana slivarka,sl,"","",,Slovenian,pikag,2026-03-26T18:16:59Z
473747,trepetlikina listarka,sl,"","",,Slovenian,pikag,2026-03-26T18:17:58Z
415337,macesnova ozimka,sl,"","",,Slovenian,pikag,2026-03-26T18:18:52Z
415336,topolova ozimka,sl,"","",,Slovenian,pikag,2026-03-26T18:19:27Z
475892,glogova dlakorepka,sl,"","",,Slovenian,pikag,2026-03-26T18:20:11Z
324132,hrastov polžar,sl,"","",,Slovenian,pikag,2026-03-26T18:21:07Z
177860,rjavkasti prašičkar,sl,"","",,Slovenian,pikag,2026-03-26T18:22:22Z
360836,hrastova zelenokrilka,sl,"","",,Slovenian,pikag,2026-03-26T18:23:32Z
357834,enobarvna pomladinka,sl,"","",,Slovenian,pikag,2026-03-26T18:24:25Z
344823,lisasta pomladinka,sl,"","",,Slovenian,pikag,2026-03-26T18:25:04Z
768717,črtasta pomladinka,sl,"","",,Slovenian,pikag,2026-03-26T18:25:58Z
177131,belkasta svilenka,sl,"","",,Slovenian,pikag,2026-03-26T18:26:34Z
977692,rjavkasta svilenka,sl,"","",,Slovenian,pikag,2026-04-02T18:10:22Z
479731,črtkasta svilenka,sl,"","",,Slovenian,pikag,2026-04-02T18:11:01Z
466355,dvopolna svilenka,sl,"","",,Slovenian,pikag,2026-04-02T18:11:31Z
244408,lisasta svilenčica,sl,"","",,Slovenian,pikag,2026-04-02T18:12:02Z
245676,zobničina svilenčica,sl,"","",,Slovenian,pikag,2026-04-02T18:12:54Z
491463,lišajska svilenčica,sl,"","",,Slovenian,pikag,2026-04-02T18:13:31Z
355727,gozdna svilenčica,sl,"","",,Slovenian,pikag,2026-04-02T18:14:09Z
907925,šopkasta svilenčica,sl,"","",,Slovenian,pikag,2026-04-02T18:14:45Z
205155,kapucasta svilenčica,sl,"","",,Slovenian,pikag,2026-04-02T18:15:28Z
466375,vrednikova svilenčica,sl,"","",,Slovenian,pikag,2026-04-05T19:32:48Z
479732,azijska večernica,sl,"","",,Slovenian,pikag,2026-04-05T19:33:27Z
483587,pisana večernica,sl,"","",,Slovenian,pikag,2026-04-05T19:34:04Z
205748,spremenljiva večernica,sl,"","",,Slovenian,pikag,2026-04-05T19:34:43Z
548097,južna večernica,sl,"","",,Slovenian,pikag,2026-04-05T19:35:14Z
321945,zelenkasta bukovka,sl,"","",,Slovenian,pikag,2026-04-05T19:36:18Z
503929,hermelinska vilarka,sl,"","",,Slovenian,pikag,2026-04-05T19:37:15Z
56226,rdečkasta vilarka,sl,"","",,Slovenian,pikag,2026-04-05T19:38:42Z
472999,rjavkasta prirezanka,sl,"","",,Slovenian,pikag,2026-04-05T19:39:34Z
472998,velika prirezanka,sl,"","",,Slovenian,pikag,2026-04-05T19:40:30Z
355771,sivkasta prirezanka,sl,"","",,Slovenian,pikag,2026-04-05T19:41:20Z
338578,mala prirezanka,sl,"","",,Slovenian,pikag,2026-04-05T19:41:53Z
511462,brestova dvorožka,sl,"","",,Slovenian,pikag,2026-04-05T19:42:40Z
359281,sivotraka dobovka,sl,"","",,Slovenian,pikag,2026-04-05T19:43:30Z
578596,črnokota dobovka,sl,"","",,Slovenian,pikag,2026-04-05T19:44:07Z
371979,belolisa dobovka,sl,"","",,Slovenian,pikag,2026-04-05T19:44:41Z
320873,rdečeroga dobovka,sl,"","",,Slovenian,pikag,2026-04-05T19:45:18Z
853804,južna dobovka,sl,"","",,Slovenian,pikag,2026-04-05T19:45:46Z
483370,brezina viličarka,sl,"","",,Slovenian,pikag,2026-04-05T19:46:37Z
483371,trepetlikina viličarka,sl,"","",,Slovenian,pikag,2026-04-05T19:47:28Z
466046,bukvina viličarka,sl,"","",,Slovenian,pikag,2026-04-05T19:48:08Z
476057,sivkasta logarka,sl,"","",,Slovenian,pikag,2026-04-05T19:48:49Z
325613,črna pošastnica,sl,"","",,Slovenian,pikag,2026-04-05T19:49:47Z
483373,dvobarvna belozobka,sl,"","",,Slovenian,pikag,2026-04-05T19:50:57Z
319748,grbasta hrbtorožka,sl,"","",,Slovenian,pikag,2026-04-05T19:51:49Z
143112,temna hrbtorožka,sl,"","",,Slovenian,pikag,2026-04-05T19:52:48Z
362650,trogrba hrbtorožka,sl,"","",,Slovenian,pikag,2026-04-05T19:53:53Z
324703,cikcakasta hrbtorožka,sl,"","",,Slovenian,pikag,2026-04-05T19:54:41Z
207392,travniška špajka,sl,"","",,Slovenian,Alenka Mihoric,2026-04-06T19:07:17Z
363601,belolupinasti lupinar,sl,"","","gobe.si—Gobarsko društvo Lisička Maribor. (n.d.). Gobarsko Društvo Lisička Maribor. https://www.gobe.si/
",Slovenian,,2026-04-16T21:34:18Z
483372,gorska nazobljenka,sl,"","",,Slovenian,pikag,2026-04-20T19:42:28Z
738985,vipavska gradnovka,sl,"","",,Slovenian,pikag,2026-04-20T19:42:58Z
320874,hrastova potresavka,sl,"","",,Slovenian,pikag,2026-04-20T19:43:27Z
55361,hrastova lunoliska,sl,"","",,Slovenian,pikag,2026-04-20T19:44:25Z
751602,vzhodna lunoliska,sl,"","",,Slovenian,pikag,2026-04-20T19:44:53Z
324392,širokočrta klinarka,sl,"","",,Slovenian,pikag,2026-04-20T19:45:39Z
319552,ozkočrta klinarka,sl,"","",,Slovenian,pikag,2026-04-20T19:46:12Z
320070,peresasta ustničarka,sl,"","",,Slovenian,pikag,2026-04-20T19:46:48Z
130105,belokapa zobnica,sl,"","",,Slovenian,pikag,2026-04-20T19:47:23Z
476056,belokrila zobnica,sl,"","",,Slovenian,pikag,2026-04-20T19:47:49Z
483375,jesenska peresarka,sl,"","",,Slovenian,pikag,2026-04-20T19:48:29Z
476059,razkošna srebrninka,sl,"","",,Slovenian,pikag,2026-04-20T19:48:59Z
451846,dolgonoga nogarka,sl,"","",,Slovenian,pikag,2026-04-20T19:49:36Z
61293,borova sprevodnica,sl,"","",,Slovenian,pikag,2026-04-20T19:50:24Z
417955,hrastova sprevodnica,sl,"","",,Slovenian,pikag,2026-04-20T19:50:54Z
125073,veliki pajesenovec,sl,"","",,Slovenian,pikag,2026-04-20T19:52:56Z
567834,kraški pavlin,sl,"","",,Slovenian,pikag,2026-04-20T19:54:07Z
59910,Scopolijev pavlin,sl,"","",,Slovenian,pikag,2026-04-20T19:54:58Z
56532,veliki pavlin,sl,"","",,Slovenian,pikag,2026-04-20T19:55:31Z
124031,slakovec,sl,"","",,Slovenian,pikag,2026-04-20T19:57:16Z
51996,oleandrovec,sl,"","",,Slovenian,pikag,2026-04-20T19:57:40Z
55996,veliki vinovec,sl,"","",,Slovenian,pikag,2026-04-20T19:58:06Z
202083,mali vinovec,sl,"","",,Slovenian,pikag,2026-04-20T19:58:33Z
465421,zelenkasti čmrljevec,sl,"","",,Slovenian,pikag,2026-04-20T19:59:06Z
51668,širokorobi čmrljevec,sl,"","",,Slovenian,pikag,2026-04-20T19:59:32Z
199458,hitri preseljevalec,sl,"","",,Slovenian,pikag,2026-04-20T20:00:16Z
70071,mlečkov večerec,sl,"","",,Slovenian,pikag,2026-04-20T20:00:44Z
118901,lakotin večerec,sl,"","",,Slovenian,pikag,2026-04-20T20:01:10Z
103067,rakitovčev večerec,sl,"","",,Slovenian,pikag,2026-04-20T20:01:48Z
124215,črtasti večerec,sl,"","",,Slovenian,pikag,2026-04-20T20:02:12Z
472325,sivi večerec,sl,"","",,Slovenian,pikag,2026-04-20T20:02:39Z
62331,širokokrili topolovec,sl,"","",,Slovenian,pikag,2026-04-20T20:03:03Z
362831,okrasti hrastovec,sl,"","",,Slovenian,pikag,2026-04-20T20:03:40Z
154388,dvobarvni lipovec,sl,"","",,Slovenian,pikag,2026-04-20T20:04:07Z
110657,zelenkasti svetlinovec,sl,"","",,Slovenian,pikag,2026-04-20T20:04:43Z
205135,okati pavlinec,sl,"","",,Slovenian,pikag,2026-04-20T20:05:16Z
362591,kalinji veščec,sl,"","",,Slovenian,pikag,2026-04-20T20:05:39Z
130484,goli grahor,sl,"","",,Slovenian,Alenka Mihoric,2026-04-28T13:26:03Z
1682583,sivkasti vogalar,sl,"","",https://www.inaturalist.org/taxon_names/4149008/edit,Slovenian,,2026-05-09T21:54:40Z
1471481,hribska perla,sl,"","",https://www.inaturalist.org/taxon_names/2594689/edit,Slovenian,,2026-05-17T20:22:10Z
455967,Bukov rilčkar skakač,sl,"","",,Slovenian,igroe,2026-05-18T16:00:51Z
606290,Mlečnobeli oklep,sl,"","",,Slovenian,igroe,2026-05-28T14:48:28Z
1505154,Braunejev petoprstnik,sl,"","",,Slovenian,igroe,2026-06-02T16:22:07Z
952266,Zenarijin svišč,sl,"","",,Slovenian,igroe,2026-06-10T21:13:36Z
1686777,bledorumeni koreničnik,sl,"","",https://www.inaturalist.org/taxon_names/2908002/edit,Slovenian,,2026-06-11T22:34:37Z
130711,Prava alpska zlatica,sl,"","",,Slovenian,igroe,2026-06-15T22:18:19Z
1112044,gostocvetna pirnica,sl,"","",,Slovenian,Ljaž,2026-06-21T04:31:28Z
168227,alpska kislica,sl,"","",,Slovenian,Alenka Mihoric,2026-07-01T20:53:35Z
1591536,Petkovškov mak,sl,"","",,Slovenian,igroe,2026-07-07T23:14:13Z
1696537,Zober,sl,"","",https://www.inaturalist.org/taxon_names/2655435/edit,Slovenian,Sean Cozart,2026-07-29T04:22:43Z
1696537,Evropski bizon,sl,"","",https://www.inaturalist.org/taxon_names/2655437/edit,Slovenian,Sean Cozart,2026-07-29T04:22:43Z
1696743,beloblazinasta zamazanka,sl,"","",https://www.inaturalist.org/taxon_names/3659540/edit,Slovenian,,2026-07-29T18:58:27Z
1696789,siva štrlinka,sl,"","","gobe.si—Gobarsko društvo Lisička Maribor. (n.d.). Gobarsko Društvo Lisička Maribor. https://www.gobe.si/
",Slovenian,,2026-07-29T19:22:50Z
1696793,kandirana zamazanka,sl,"","","gobe.si—Gobarsko društvo Lisička Maribor. (n.d.). Gobarsko Društvo Lisička Maribor. https://www.gobe.si/
",Slovenian,,2026-07-29T19:28:26Z
1696767,bela lojevka,sl,"","","gobe.si—Gobarsko društvo Lisička Maribor. (n.d.). Gobarsko Društvo Lisička Maribor. https://www.gobe.si/
",Slovenian,,2026-08-05T09:32:51Z
1628703,resnati pasji rep,sl,"","",https://www.inaturalist.org/taxon_names/2649568/edit,Slovenian,,2026-08-05T17:10:21Z
515682,goloplodna gladnica,sl,"","",,Slovenian,igroe,2026-08-12T18:57:20Z
515684,dlakava gladnica,sl,"","",,Slovenian,igroe,2026-08-12T18:58:03Z
371912,pozidna gladnica,sl,"","",,Slovenian,igroe,2026-08-12T18:59:26Z
76704,podlesna gladnica,sl,"","",,Slovenian,igroe,2026-08-12T18:59:53Z
857419,kratkorepi kupido,sl,"","",https://www.inaturalist.org/taxon_names/2691006/edit,Slovenian,,2026-08-13T12:59:18Z
59146,rumenooki kupido,sl,"","",https://www.inaturalist.org/taxon_names/2883708/edit,Slovenian,,2026-08-13T14:18:46Z
1538921,dvoredni ovsenec,sl,"","",,Slovenian,Yann Kemper,2026-08-14T18:49:18Z
983490,drobnocvetni šaš,sl,"","",,Slovenian,Yann Kemper,2026-08-14T19:01:18Z
836839,blazinasta črvinka,sl,"","",,Slovenian,Yann Kemper,2026-08-14T19:09:06Z
94048,modroriti spremljevalec,sl,"","",,Slovenian,Alenka Mihoric,2026-08-15T18:12:49Z
1702114,dolgobetna črnivka,sl,"","","gobe.si—Gobarsko društvo Lisička Maribor. (n.d.). Gobarsko Društvo Lisička Maribor. https://www.gobe.si/
",Slovenian,,2026-08-18T23:45:36Z
