id,vernacularName,language,locality,countryCode,source,lexicon,contributor,created
190393,Имануелова метличина,bg,"","",,Bulgarian,Aleksey Andreyanov,2015-08-13T06:45:38Z
17871,Голям пъстър кълвач,bg,"","",,Bulgarian,katunchik,2016-06-03T04:34:47Z
10070,Обикновена чинка,bg,"","",,Bulgarian,katunchik,2016-06-03T04:37:19Z
180365,Полска пърхутка,bg,"","",,Bulgarian,katunchik,2016-07-19T20:51:22Z
59281,Жълт крабов паяк,bg,"","",,Bulgarian,katunchik,2016-07-20T05:08:25Z
31975,Змиегущер,bg,"","",,Bulgarian,katunchik,2016-08-20T17:30:33Z
61937,Двадесет и четири точкова калинка,bg,"","",,Bulgarian,katunchik,2016-09-12T18:01:51Z
336326,Обикновена блъшница,bg,"","",,Bulgarian,katunchik,2016-09-12T19:36:29Z
167598,Блъшница,bg,"","",,Bulgarian,katunchik,2016-09-12T19:38:02Z
45550,Жълтогърла горска мишка,bg,"","",,Bulgarian,katunchik,2016-09-16T05:02:43Z
131586,Обикновен мразовец,bg,"","",,Bulgarian,katunchik,2016-09-17T06:06:42Z
4736,Черен щъркел,bg,"","",,Bulgarian,katunchik,2016-09-20T20:24:18Z
9192,Зеленогуша овесарка,bg,"","",,Bulgarian,katunchik,2016-09-30T18:07:34Z
18301,Сив кълвач,bg,"","",,Bulgarian,katunchik,2016-10-05T19:50:30Z
360830,Черен бегач,bg,"","",,Bulgarian,katunchik,2016-10-30T03:39:22Z
488542,Есенен синчец,bg,"","",,Bulgarian,katunchik,2016-10-31T07:21:10Z
13094,Червеногръдка,bg,"","",,Bulgarian,katunchik,2016-11-02T17:33:49Z
9398,Кадънка,bg,"","",,Bulgarian,katunchik,2016-11-02T18:01:45Z
49158,Игловиден корал,bg,"","",,Bulgarian,katunchik,2016-11-09T03:54:40Z
57920,Рогачица,bg,"","",,Bulgarian,katunchik,2016-11-14T03:26:49Z
125494,Кафява синевка,bg,"","",,Bulgarian,katunchik,2016-11-14T14:43:20Z
201192,Европейско черногушо ливадарче,bg,"","",,Bulgarian,katunchik,2016-11-16T06:51:03Z
144808,Жалобен синигер,bg,"","",,Bulgarian,katunchik,2016-11-16T07:32:25Z
52589,Дребнооко сатирче,bg,"","",,Bulgarian,katunchik,2016-11-16T23:17:59Z
55655,Малка огневка,bg,"","",,Bulgarian,katunchik,2016-11-16T23:26:13Z
56236,Червен кантарион,bg,"","",,Bulgarian,katunchik,2016-12-04T03:53:37Z
508378,Синтенисова перуника,bg,"","",,Bulgarian,katunchik,2016-12-04T13:11:54Z
128137,Недоразвит лимодорум,bg,"","",,Bulgarian,katunchik,2016-12-09T08:36:51Z
55411,Дива ряпа,bg,"","",,Bulgarian,katunchik,2016-12-11T07:06:37Z
54327,Европейски стършел,bg,"","",,Bulgarian,katunchik,2016-12-22T05:17:35Z
55858,Обикновен дрян,bg,"","",,Bulgarian,katunchik,2016-12-29T11:31:31Z
55814,Плътногрудеста лисичина,bg,"","",,Bulgarian,katunchik,2016-12-29T14:38:35Z
144455,Голяма бяла чапла,bg,Bulgaria,BG,,Bulgarian,Boris Grozev,2017-01-02T01:32:42Z
4943,Малка бяла чапла,bg,"","",,Bulgarian,Boris Grozev,2017-01-02T01:35:09Z
19349,Папагал монах,bg,"","",,Bulgarian,Boris Grozev,2017-01-02T01:37:36Z
4940,Снежна чапла,bg,"","",,Bulgarian,Boris Grozev,2017-01-02T01:38:34Z
4364,Пръстенчатоклюна чайка,bg,"","",,Bulgarian,Boris Grozev,2017-01-02T01:40:10Z
4956,Голяма синя чапла,bg,"","",,Bulgarian,Boris Grozev,2017-01-02T01:40:40Z
7054,Американска планинска потапница,bg,"","",,Bulgarian,Boris Grozev,2017-01-02T01:41:44Z
4929,Чаплови,bg,"","",,Bulgarian,Boris Grozev,2017-01-07T18:05:38Z
9083,Северен кардинал,bg,"","",,Bulgarian,Boris Grozev,2017-01-07T23:28:32Z
14886,Многоглас присмехулник,bg,"","",,Bulgarian,Boris Grozev,2017-01-07T23:30:52Z
68846,Пренебрегнато  кукувиче грозде,bg,"","",,Bulgarian,katunchik,2017-01-08T07:20:22Z
10069,Планинска чинка,bg,"","",,Bulgarian,harum.koh,2017-01-08T12:22:00Z
304243,Шушулков хоботник,bg,"","",,Bulgarian,katunchik,2017-01-18T05:30:29Z
5192,Белоопашат мишелов,bg,"","",,Bulgarian,katunchik,2017-01-18T12:29:57Z
75430,Лечебно паче гнездо,bg,"","",,Bulgarian,,2017-03-18T19:05:30Z
7347,Полска чучулига,bg,"","",,Bulgarian,max kirsch,2017-04-01T22:11:45Z
13729,Ливадна бъбрица,bg,"","",,Bulgarian,,2017-04-01T22:13:34Z
12707,Хвойнов дрозд,bg,"","",,Bulgarian,Wojciech Duda,2017-04-01T22:14:43Z
12749,Беловежд дрозд,bg,"","",,Bulgarian,,2017-04-01T22:16:15Z
12740,Белогуш дрозд,bg,"","",,Bulgarian,,2017-04-01T22:16:44Z
12735,Имелов дрозд,bg,"","",,Bulgarian,Bruno Durand,2017-04-01T22:17:23Z
12716,Кос,bg,"","",,Bulgarian,Chris Cheatle,2017-04-01T22:18:04Z
12716,Черен дрозд,bg,"","",,Bulgarian,Chris Cheatle,2017-04-01T22:18:41Z
12748,Поен дрозд,bg,"","",,Bulgarian,,2017-04-01T22:19:19Z
145086,Черногуш дрозд,bg,"","",,Bulgarian,,2017-04-01T22:20:01Z
12825,Испанско каменарче,bg,"","",,Bulgarian,,2017-04-01T22:22:11Z
12837,Ориенталско каменарче,bg,"","",,Bulgarian,,2017-04-01T22:22:53Z
12842,Пустинно каменарче,bg,"","",,Bulgarian,,2017-04-01T22:23:27Z
12822,Сиво каменарче,bg,"","",,Bulgarian,Nelly Semenova,2017-04-01T22:23:56Z
12838,Черно каменарче,bg,"","",,Bulgarian,,2017-04-01T22:24:22Z
12830,Черногърбо каменарче,bg,"","",,Bulgarian,,2017-04-01T22:24:49Z
13075,Северен славей,bg,"","",,Bulgarian,,2017-04-01T22:25:43Z
13071,Синьогушка,bg,"","",,Bulgarian,Zinogre,2017-04-01T22:26:06Z
13140,Пъстър скален дрозд,bg,"","",,Bulgarian,Sean Cozart,2017-04-01T22:28:04Z
13141,Син скален дрозд,bg,"","",,Bulgarian,,2017-04-01T22:28:42Z
145026,Трънковче,bg,"","",,Bulgarian,,2017-04-01T22:30:02Z
4835,Кокилобегач,bg,"","",,Bulgarian,katunchik,2017-04-19T05:45:11Z
7055,Белоока потапница,bg,"","",,Bulgarian,katunchik,2017-04-19T05:49:45Z
12992,Градинска червеноопашка,bg,"","",,Bulgarian,katunchik,2017-04-19T06:07:53Z
2969,Гугутка,bg,"","",,Bulgarian,katunchik,2017-04-19T06:14:33Z
2938,Гургулица,bg,"","",,Bulgarian,katunchik,2017-04-19T06:18:04Z
3978,Късокрил кюкавец,bg,"","",,Bulgarian,,2017-04-25T19:12:43Z
204545,Жълта стърчиопашка,bg,"","",,Bulgarian,,2017-04-25T19:21:41Z
14850,Обикновен скорец,bg,"","",,Bulgarian,Nelly Semenova,2017-04-25T19:29:28Z
12908,Ръждивогушо ливадарче,bg,"","",,Bulgarian,,2017-04-25T19:55:53Z
55371,Черногушо ливадарче,bg,"","",,Bulgarian,,2017-04-25T19:56:33Z
11941,Брегова лястовица,bg,"","",,Bulgarian,,2017-04-25T20:25:25Z
11901,Селска лястовица,bg,"","",,Bulgarian,,2017-04-25T20:29:17Z
13695,Бяла стърчиопашка,bg,"","",,Bulgarian,max kirsch,2017-04-25T20:40:59Z
4954,Сива чапла,bg,"","",,Bulgarian,Chris Thawley,2017-04-25T22:49:24Z
12704,Мухоловкови,bg,"","",,Bulgarian,Sam Gordon,2017-04-26T07:02:38Z
35854,Зелен гущер,bg,"","",,Bulgarian,,2017-04-26T22:57:09Z
52989,Обикновена паламида,bg,"","",,Bulgarian,Andrés Ramírez-Barrera,2017-09-24T19:03:33Z
47549,Бодлокожи,bg,"","",,Bulgarian,John E. Christensen,2017-12-02T21:08:39Z
47126,Растения,bg,"","",,Bulgarian,John E. Christensen,2017-12-06T07:55:10Z
211194,Васкуларни растения,bg,"","",,Bulgarian,John E. Christensen,2017-12-24T13:20:20Z
56739,Рицин,bg,"","",,Bulgarian,John E. Christensen,2017-12-27T15:35:17Z
47534,Мешести,bg,"","",,Bulgarian,John E. Christensen,2018-01-04T10:38:26Z
355675,Гръбначни,bg,"","",,Bulgarian,John E. Christensen,2018-01-14T07:15:59Z
56348,Тинтява,bg,"","",,Bulgarian,John E. Christensen,2018-01-17T06:39:51Z
47170,Гъби,bg,"","",,Bulgarian,John E. Christensen,2018-01-20T08:41:00Z
127412,Хималайски орлови нокти,bg,"","",,Bulgarian,John E. Christensen,2018-01-26T10:00:38Z
52134,Комари,bg,"","",,Bulgarian,John E. Christensen,2018-02-17T10:22:44Z
56091,Черница,bg,"","",,Bulgarian,John E. Christensen,2018-02-18T14:05:12Z
568873,Муле,bg,"","",,Bulgarian,John E. Christensen,2018-02-19T10:50:08Z
358226,Пирински чай,bg,"","",,Bulgarian,John E. Christensen,2018-02-27T10:14:34Z
67990,Лопатоноги,bg,"","",,Bulgarian,John E. Christensen,2018-03-05T07:57:07Z
372739,Шестокраки,bg,"","",,Bulgarian,John E. Christensen,2018-03-07T10:02:52Z
56152,Левурда,bg,"","",,Bulgarian,John E. Christensen,2018-04-02T06:31:31Z
47119,Паякообразни,bg,"","",,Bulgarian,,2018-04-21T12:14:45Z
1,Животни,bg,"","",,Bulgarian,,2018-04-21T12:16:21Z
47120,Членестоноги,bg,"","",,Bulgarian,,2018-04-21T12:16:51Z
3,Птици,bg,"","",,Bulgarian,Nan Yang,2018-04-21T12:17:20Z
47158,Насекоми,bg,"","",,Bulgarian,Boris Eliseev,2018-04-21T12:17:45Z
40151,Бозайници,bg,"","",,Bulgarian,,2018-04-21T12:18:11Z
26036,Влечуги,bg,"","",,Bulgarian,,2018-04-21T12:18:32Z
20978,Земноводни,bg,"","",,Bulgarian,Li Jianong,2018-04-21T12:18:57Z
47178,Лъчеперки,bg,"","",,Bulgarian,newrookie,2018-04-21T12:19:48Z
47115,Мекотели,bg,"","",,Bulgarian,Thomas Everest,2018-04-21T12:20:19Z
48460,Живот,bg,"","",,Bulgarian,max kirsch,2018-04-21T12:21:21Z
47118,Паяци,bg,"","",,Bulgarian,,2018-04-21T12:22:13Z
2,Хордови,bg,"","",,Bulgarian,Tomer Gueta,2018-04-21T12:23:13Z
47336,Мравки,bg,"","",,Bulgarian,chiuluan,2018-04-21T12:24:42Z
47201,Ципокрили,bg,"","",,Bulgarian,,2018-04-21T12:25:09Z
47208,Бръмбари,bg,"","",,Bulgarian,Wojciech Duda,2018-04-21T12:25:50Z
47822,Двукрили,bg,"","",,Bulgarian,Jared Shorma,2018-04-21T12:26:10Z
47793,Кожокрили,bg,"","",,Bulgarian,,2018-04-21T12:26:33Z
48011,Еднодневки,bg,"","",,Bulgarian,,2018-04-21T12:27:46Z
47744,Полутвърдокрили,bg,"","",,Bulgarian,,2018-04-21T12:28:16Z
47157,Пеперуди,bg,"","",,Bulgarian,Cheng-Te Hsu,2018-04-21T12:28:43Z
48112,Богомолки,bg,"","",,Bulgarian,Kevin Faccenda,2018-04-21T12:29:05Z
48763,Мрежокрили,bg,"","",,Bulgarian,,2018-04-21T12:29:29Z
47792,Водни кончета,bg,"","",,Bulgarian,Wich’yanan (Jay) Limparungpatthanakij,2018-04-21T12:29:52Z
47651,Правокрили,bg,"","",,Bulgarian,,2018-04-21T12:30:13Z
47504,Перли,bg,"","",,Bulgarian,Andrés Ramírez-Barrera,2018-04-21T12:30:40Z
47794,Камилки,bg,"","",,Bulgarian,,2018-04-21T12:32:34Z
83202,Ветрилокрили,bg,"","",,Bulgarian,Riaan Stals,2018-04-21T12:33:24Z
62164,Ручейници,bg,"","",,Bulgarian,Andrés Ramírez-Barrera,2018-04-21T12:34:04Z
118903,Термити,bg,"","",,Bulgarian,Chih-Ting Hsu,2018-04-21T12:34:46Z
56834,Ембии,bg,"","",,Bulgarian,,2018-04-21T12:35:10Z
49470,Вилоскачки,bg,"","",,Bulgarian,,2018-04-21T12:36:26Z
144128,Многоножки,bg,"","",,Bulgarian,,2018-04-21T12:36:52Z
85493,Ракообразни,bg,"","",,Bulgarian,,2018-04-21T12:37:17Z
49556,Стоножки,bg,"","",,Bulgarian,lwnrngr,2018-04-21T12:37:46Z
47491,Прешленести червеи,bg,"","",,Bulgarian,Bobby McCabe,2018-04-21T12:39:44Z
40268,Прилепи,bg,"","",,Bulgarian,,2018-04-21T12:41:17Z
41573,Хищници,bg,"","",,Bulgarian,Jane Widness,2018-04-21T12:41:41Z
152871,Китоподобни,bg,"","",,Bulgarian,lwnrngr,2018-04-21T12:42:18Z
43367,Примати,bg,"","",,Bulgarian,,2018-04-21T12:43:21Z
43691,Хоботни,bg,"","",,Bulgarian,,2018-04-21T12:43:48Z
43698,Гризачи,bg,"","",,Bulgarian,symisme840,2018-04-21T12:44:12Z
43094,Зайцевидни,bg,"","",,Bulgarian,,2018-04-21T12:44:48Z
41944,Коткови,bg,"","",,Bulgarian,Donald Davesne,2018-04-21T12:46:00Z
42043,Кучеви,bg,"","",,Bulgarian,Bobby McCabe,2018-04-21T12:46:17Z
71376,Червени панди,bg,"","",,Bulgarian,,2018-04-21T12:46:52Z
41636,Мечкови,bg,"","",,Bulgarian,,2018-04-21T12:47:17Z
41884,Хиенови,bg,"","",,Bulgarian,Bobby McCabe,2018-04-21T12:47:59Z
41770,Порови,bg,"","",,Bulgarian,,2018-04-21T12:48:12Z
41871,Скунксови,bg,"","",,Bulgarian,Bobby McCabe,2018-04-21T12:48:47Z
41660,Енотови,bg,"","",,Bulgarian,,2018-04-21T12:49:15Z
372843,Перконоги,bg,"","",,Bulgarian,,2018-04-21T12:49:57Z
41764,Моржови,bg,"","",,Bulgarian,Victor HOYEAU,2018-04-21T12:50:21Z
41736,Ушати тюлени,bg,"","",,Bulgarian,,2018-04-21T12:50:44Z
41687,Същински тюлени,bg,"","",,Bulgarian,Donald Davesne,2018-04-21T12:51:01Z
41893,Мангусти,bg,"","",,Bulgarian,,2018-04-21T12:51:53Z
41574,Виверови,bg,"","",,Bulgarian,Donald Davesne,2018-04-21T12:52:16Z
152870,Чифтокопитни,bg,"","",,Bulgarian,Bobby McCabe,2018-04-21T12:54:27Z
42146,Хипопотамови,bg,"","",,Bulgarian,,2018-04-21T12:54:55Z
42118,Свиневи,bg,"","",,Bulgarian,,2018-04-21T12:55:18Z
424850,Преживни,bg,"","",,Bulgarian,,2018-04-21T12:55:43Z
42231,Камилови,bg,"","",,Bulgarian,,2018-04-21T12:56:12Z
42111,Пекари,bg,"","",,Bulgarian,Donald Davesne,2018-04-21T12:56:49Z
42241,Кухороги,bg,"","",,Bulgarian,,2018-04-21T12:57:22Z
42158,Еленови,bg,"","",,Bulgarian,,2018-04-21T12:57:40Z
42153,Жирафови,bg,"","",,Bulgarian,Victor HOYEAU,2018-04-21T12:58:10Z
42140,Кабаргови,bg,"","",,Bulgarian,,2018-04-21T12:58:47Z
67639,Броненосци,bg,"","",,Bulgarian,,2018-04-21T13:00:04Z
42540,Опосуми,bg,"","",,Bulgarian,,2018-04-21T13:00:56Z
43011,Таралежови,bg,"","",,Bulgarian,Fabien Piednoir,2018-04-21T13:02:22Z
39532,Костенурки,bg,"","",,Bulgarian,,2018-04-21T13:04:48Z
26039,Крокодили,bg,"","",,Bulgarian,,2018-04-21T13:05:08Z
26172,Люспести,bg,"","",,Bulgarian,Bobby McCabe,2018-04-21T13:05:30Z
26162,Клюноглави,bg,"","",,Bulgarian,,2018-04-21T13:06:35Z
43233,Еднопроходни,bg,"","",,Bulgarian,,2018-04-21T13:07:18Z
4733,Бял щъркел,bg,"","",,Bulgarian,,2018-04-25T01:49:08Z
51610,Храсталачно великденче,bg,"","",,Bulgarian,,2018-04-26T12:04:07Z
51611,Великденче,bg,"","",,Bulgarian,,2018-04-26T12:04:46Z
55460,Мъртва коприва,bg,"","",,Bulgarian,,2018-04-26T12:50:56Z
55756,Кафяв здравец,bg,"","",,Bulgarian,Victor HOYEAU,2018-04-26T12:57:06Z
47701,Здравец,bg,"","",,Bulgarian,,2018-04-26T12:57:28Z
47689,Здравецови,bg,"","",,Bulgarian,,2018-04-26T12:58:29Z
48623,Устноцветни,bg,"","",,Bulgarian,,2018-04-26T12:59:39Z
55757,Змийско мляко,bg,"","",,Bulgarian,,2018-04-26T13:06:39Z
47602,Лечебно глухарче,bg,"","",,Bulgarian,Li Jianong,2018-04-26T13:09:46Z
47603,Глухарче,bg,"","",,Bulgarian,,2018-04-26T13:10:23Z
106154,Буков сечко,bg,"","",,Bulgarian,,2018-04-29T15:24:55Z
47961,Сечковци,bg,"","",,Bulgarian,,2018-04-29T15:25:19Z
51146,Листояди,bg,"","",,Bulgarian,,2018-04-29T15:26:25Z
55051,Пъстри бръмбари,bg,"","",,Bulgarian,,2018-04-29T15:27:20Z
48486,Калинки,bg,"","",,Bulgarian,Stuart Longhorn,2018-04-29T15:28:07Z
321595,Корояди,bg,"","",,Bulgarian,Theodore,2018-04-29T15:29:38Z
48736,Хоботници,bg,"","",,Bulgarian,,2018-04-29T15:29:58Z
53816,Чернотелки,bg,"","",,Bulgarian,Chih-Ting Hsu,2018-04-29T15:31:00Z
53248,Полски ковачи,bg,"","",,Bulgarian,,2018-04-29T15:32:00Z
54964,Бронзовки,bg,"","",,Bulgarian,Winsten Slowswakey,2018-04-29T15:33:42Z
49083,Рогачи,bg,"","",,Bulgarian,,2018-04-29T15:35:25Z
48201,Листороги бръмбари,bg,"","",,Bulgarian,Bobby McCabe,2018-04-29T15:39:43Z
48857,Житари,bg,"","",,Bulgarian,Bobby McCabe,2018-04-29T15:40:24Z
81951,Кожояди,bg,"","",,Bulgarian,,2018-04-29T15:41:11Z
120114,Музейници,bg,"","",,Bulgarian,,2018-04-29T15:41:48Z
52932,Мекотелки,bg,"","",,Bulgarian,,2018-04-29T15:42:18Z
47731,Светулки,bg,"","",,Bulgarian,Bobby McCabe,2018-04-29T15:42:44Z
47367,Сенокосци,bg,"","",,Bulgarian,,2018-04-29T15:44:31Z
48894,Скорпиони,bg,"","",,Bulgarian,,2018-04-29T15:44:51Z
83201,Трипси,bg,"","",,Bulgarian,Fabien Piednoir,2018-04-29T15:46:22Z
83204,Бълхи,bg,"","",,Bulgarian,,2018-04-29T15:47:23Z
49369,Скорпионици,bg,"","",,Bulgarian,,2018-04-29T15:47:45Z
56556,Гръбоплавки,bg,"","",,Bulgarian,,2018-04-29T15:49:32Z
59653,Водомерки,bg,"","",,Bulgarian,,2018-04-29T15:49:56Z
119347,Водни скорпиони,bg,"","",,Bulgarian,Bobby McCabe,2018-04-29T15:50:57Z
55610,Великденче,bg,"","",,Bulgarian,,2018-04-29T15:51:30Z
49024,Рогати цикадки,bg,"","",,Bulgarian,Victor HOYEAU,2018-04-29T15:52:37Z
56195,Пенотворки,bg,"","",,Bulgarian,,2018-04-29T15:52:58Z
372849,Цикадообразни,bg,"","",,Bulgarian,,2018-04-29T15:53:32Z
52381,Листни въшки,bg,"","",,Bulgarian,Jonathan Hoskins,2018-04-29T15:54:06Z
60922,Щитоносни въшки,bg,"","",,Bulgarian,newrookie,2018-04-29T15:54:49Z
49358,Мравколъви,bg,"","",,Bulgarian,James Bailey,2018-04-29T15:56:09Z
52425,Златоочици,bg,"","",,Bulgarian,,2018-04-29T15:56:34Z
49567,Бегачи,bg,"","",,Bulgarian,,2018-04-29T15:57:10Z
57659,Плавачи,bg,"","",,Bulgarian,,2018-04-29T15:57:32Z
119971,Въртячки,bg,"","",,Bulgarian,,2018-04-29T15:57:51Z
47951,Късокрилци,bg,"","",,Bulgarian,,2018-04-29T16:00:37Z
61749,Еленов рогач,bg,"","",,Bulgarian,,2018-04-29T16:01:08Z
48197,Обикновен майски бръмбар,bg,"","",,Bulgarian,,2018-04-29T16:02:16Z
48200,Майски бръмбари,bg,"","",,Bulgarian,,2018-04-29T16:02:42Z
127588,Златки,bg,"","",,Bulgarian,Kitty Maurey,2018-04-29T16:03:07Z
52402,Обикновена златка,bg,"","",,Bulgarian,Carlos Galindo-Leal,2018-04-29T16:03:32Z
84643,Растителноядни оси,bg,"","",,Bulgarian,,2018-04-29T16:05:30Z
52775,Земни пчели,bg,"","",,Bulgarian,Andrés Ramírez-Barrera,2018-04-29T16:06:53Z
47220,Медоносни пчели,bg,"","",,Bulgarian,,2018-04-29T16:07:22Z
47219,Европейска медоносна пчела,bg,"","",,Bulgarian,,2018-04-29T16:08:04Z
51111,Пчели дърводелки,bg,"","",,Bulgarian,Stuart Longhorn,2018-04-29T16:10:08Z
126149,Блестянки,bg,"","",,Bulgarian,,2018-04-29T16:10:34Z
54328,Стършели,bg,"","",,Bulgarian,,2018-04-29T16:11:10Z
51967,Сколии,bg,"","",,Bulgarian,Carlos Galindo-Leal,2018-04-29T16:12:30Z
53853,Червена горска мравка,bg,"","",,Bulgarian,max kirsch,2018-04-29T16:13:06Z
100996,Ливадна мравка,bg,"","",,Bulgarian,,2018-04-29T16:13:37Z
55594,Шикалкотворки,bg,"","",,Bulgarian,,2018-04-29T16:14:04Z
205320,Розова шикалкотворка,bg,"","",,Bulgarian,Jonathan Hoskins,2018-04-29T16:14:27Z
48742,Риещи оси,bg,"","",,Bulgarian,Jonathan Hoskins,2018-04-29T16:14:50Z
56529,Голям полумесец,bg,"","",,Bulgarian,,2018-04-29T16:15:43Z
62749,Лястовича опашка,bg,"","",,Bulgarian,Galló Orsi,2018-04-29T16:16:12Z
52771,Лимонница,bg,"","",,Bulgarian,Theodore,2018-04-29T16:17:43Z
49133,Адмирал,bg,"","",,Bulgarian,Carlos Galindo-Leal,2018-04-29T16:18:10Z
48548,Дяволска пеперуда,bg,"","",,Bulgarian,,2018-04-29T16:18:39Z
207977,Дневно пауново око,bg,"","",,Bulgarian,,2018-04-29T16:19:03Z
54468,Копривна пеперуда,bg,"","",,Bulgarian,,2018-04-29T16:19:28Z
62766,Обикновена седефка,bg,"","",,Bulgarian,,2018-04-29T16:20:08Z
52028,Пъстрянки,bg,"","",,Bulgarian,Roger C. Kendrick,2018-04-29T16:21:05Z
49530,Педомерки,bg,"","",,Bulgarian,chiuluan,2018-04-29T16:21:39Z
47213,Вечерници,bg,"","",,Bulgarian,,2018-04-29T16:22:10Z
56293,Гълъбова опашка,bg,"","",,Bulgarian,Victor HOYEAU,2018-04-29T16:22:31Z
56530,Мъртвешка глава,bg,"","",,Bulgarian,,2018-04-29T16:22:57Z
47155,Листозавивачки,bg,"","",,Bulgarian,,2018-04-29T16:23:19Z
56532,Голямо нощно пауново око,bg,"","",,Bulgarian,,2018-04-29T16:24:16Z
59346,Малко нощно пауново око,bg,"","",,Bulgarian,,2018-04-29T16:26:03Z
48670,Нощенки,bg,"","",,Bulgarian,,2018-04-29T16:26:30Z
47404,Перокрилки,bg,"","",,Bulgarian,,2018-04-29T16:26:52Z
51225,Дългоножки,bg,"","",,Bulgarian,,2018-04-29T16:27:37Z
55699,Галици,bg,"","",,Bulgarian,,2018-04-29T16:28:04Z
47821,Ободи,bg,"","",,Bulgarian,,2018-04-29T16:28:35Z
47982,Хищни мухи,bg,"","",,Bulgarian,Even Dankowicz,2018-04-29T16:28:55Z
49995,Осоподобни мухи,bg,"","",,Bulgarian,,2018-04-29T16:29:37Z
70144,Същински мухи,bg,"","",,Bulgarian,,2018-04-29T16:30:00Z
55563,Обикновена паричка,bg,"","",,Bulgarian,Victor HOYEAU,2018-04-30T10:36:14Z
55564,Паричка,bg,"","",,Bulgarian,,2018-04-30T10:36:38Z
82627,Горска паричка,bg,"","",,Bulgarian,Victor HOYEAU,2018-04-30T10:37:01Z
189743,Едногодишна паричка,bg,"","",,Bulgarian,,2018-04-30T10:40:19Z
204339,Жълта мъртва коприва,bg,"","",,Bulgarian,Brian A.,2018-04-30T11:25:00Z
55828,Петниста мъртва коприва,bg,"","",,Bulgarian,,2018-04-30T11:26:01Z
55851,Червена мъртва коприва,bg,"","",,Bulgarian,Jenna Whitney,2018-04-30T11:29:13Z
337448,Гарганска мъртва коприва,bg,"","",,Bulgarian,,2018-04-30T11:34:23Z
55459,Стъблообхващаща мъртва коприва,bg,"","",,Bulgarian,,2018-04-30T11:35:41Z
338840,Нарязанолистна мъртва коприва,bg,"","",,Bulgarian,,2018-04-30T11:37:19Z
55876,Бяла мъртва коприва,bg,"","",,Bulgarian,,2018-04-30T11:38:11Z
132627,Многоцветен кръстец,bg,"","",,Bulgarian,,2018-05-03T10:58:17Z
161175,Лепкав кръстец,bg,"","",,Bulgarian,,2018-05-03T10:58:43Z
133145,Гол кръстец,bg,"","",,Bulgarian,,2018-05-03T10:59:08Z
132628,Кръстец,bg,"","",,Bulgarian,,2018-05-03T10:59:43Z
47693,Брошови,bg,"","",,Bulgarian,,2018-05-03T11:00:55Z
49131,Незабравка,bg,"","",,Bulgarian,,2018-05-03T11:44:30Z
51267,Глициния,bg,"","",,Bulgarian,,2018-05-03T11:57:10Z
47122,Бобови,bg,"","",,Bulgarian,,2018-05-03T11:57:34Z
204556,Авлига,bg,"","",,Bulgarian,Nelly Semenova,2018-05-05T17:43:32Z
59272,Дребноцветен очиболец,bg,"","",,Bulgarian,,2018-05-07T18:29:17Z
53186,Очиболец,bg,"","",,Bulgarian,,2018-05-07T18:29:47Z
61328,Маймунски салеп,bg,"","",,Bulgarian,Victor HOYEAU,2018-05-12T17:21:13Z
59316,Салеп,bg,"","",,Bulgarian,,2018-05-12T17:22:18Z
47217,Салепови,bg,"","",,Bulgarian,,2018-05-12T17:23:15Z
326296,Голяма крастава жаба,bg,"","",,Bulgarian,Raúl MT,2018-05-13T09:52:25Z
21359,Крастави жаби,bg,"","",,Bulgarian,,2018-05-13T09:52:59Z
20979,Жаби,bg,"","",,Bulgarian,,2018-05-13T09:54:46Z
85553,Змии,bg,"","",,Bulgarian,max kirsch,2018-05-13T09:56:05Z
30667,Отровници,bg,"","",,Bulgarian,,2018-05-13T09:56:39Z
26504,Смокове,bg,"","",,Bulgarian,Navapol Komanasin,2018-05-13T09:57:29Z
39760,Водни костенурки,bg,"","",,Bulgarian,,2018-05-13T09:58:52Z
39657,Морски костенурки,bg,"","",,Bulgarian,,2018-05-13T09:59:22Z
40019,Сухоземни костенурки,bg,"","",,Bulgarian,,2018-05-13T09:59:56Z
8010,Гарван,bg,"","",,Bulgarian,,2018-05-25T10:50:24Z
144757,Сива врана,bg,"","",,Bulgarian,Mirko Schoenitz,2018-05-25T10:50:48Z
8029,Посевна врана,bg,"","",,Bulgarian,,2018-05-25T10:51:04Z
204496,Черна врана,bg,"","",,Bulgarian,Sean Cozart,2018-05-25T10:51:50Z
8349,Червеноклюна гарга,bg,"","",,Bulgarian,,2018-05-25T10:52:44Z
8350,Жълтоклюна гарга,bg,"","",,Bulgarian,Sean Cozart,2018-05-25T10:53:08Z
8348,Алпийски гарги,bg,"","",,Bulgarian,,2018-05-25T10:53:49Z
7998,Врани,bg,"","",,Bulgarian,cassi saari,2018-05-25T10:54:10Z
7823,Вранови,bg,"","",,Bulgarian,Tan Kok Hui,2018-05-25T10:54:28Z
8085,Сойки,bg,"","",,Bulgarian,,2018-05-25T10:55:05Z
8088,Сойка,bg,"","",,Bulgarian,,2018-05-25T10:55:26Z
8318,Свраки,bg,"","",,Bulgarian,max kirsch,2018-05-25T10:55:48Z
8518,Сокерици,bg,"","",,Bulgarian,,2018-05-25T10:56:37Z
204552,Сокерица,bg,"","",,Bulgarian,Donald Davesne,2018-05-25T10:57:16Z
7251,Врабчоподобни,bg,"","",,Bulgarian,,2018-05-25T10:58:03Z
475588,Черно житно пиле,bg,"","",,Bulgarian,,2018-05-31T10:26:58Z
433306,Житно пиле,bg,"","",,Bulgarian,,2018-05-31T10:28:09Z
556621,Жълтокоремна бумка,bg,"","",,Bulgarian,,2018-05-31T15:54:56Z
24495,Червенокоремна бумка,bg,"","",,Bulgarian,,2018-05-31T15:55:36Z
24493,Бумки,bg,"","",,Bulgarian,,2018-05-31T15:57:37Z
25308,Чесновници,bg,"","",,Bulgarian,,2018-05-31T15:58:08Z
25473,Водни жаби,bg,"","",,Bulgarian,Bobby McCabe,2018-05-31T16:00:34Z
25312,Обикновена чесновница,bg,"","",,Bulgarian,Bobby McCabe,2018-05-31T16:01:25Z
25313,Сирийска чесновница,bg,"","",,Bulgarian,Bobby McCabe,2018-05-31T16:03:15Z
25697,Гръцка жаба,bg,"","",,Bulgarian,,2018-05-31T16:06:44Z
25669,Горска жаба,bg,"","",,Bulgarian,,2018-05-31T16:07:12Z
25591,Планинска жаба,bg,"","",,Bulgarian,,2018-05-31T16:07:37Z
66322,Зелена водна жаба,bg,"","",,Bulgarian,,2018-05-31T16:09:37Z
556645,Малка водна жаба,bg,"","",,Bulgarian,Chris Thawley,2018-05-31T16:10:03Z
55653,Профилна пеперуда,bg,"","",,Bulgarian,,2018-05-31T21:52:57Z
61295,Бяла овощна пеперуда,bg,"","",,Bulgarian,,2018-06-08T15:49:11Z
58722,Бял бор,bg,"","",,Bulgarian,,2018-06-16T13:15:14Z
52649,Сарацениеви,bg,"","",,Bulgarian,John E. Christensen,2018-06-25T18:14:43Z
29335,Водни змии,bg,"","",,Bulgarian,,2018-06-30T21:42:16Z
64346,Сива водна змия,bg,"","",,Bulgarian,,2018-06-30T21:43:30Z
84778,Колорадски бръмбар,bg,"","",,Bulgarian,Chris Thawley,2018-07-01T18:09:13Z
60001,Карамфил,bg,"","",,Bulgarian,,2018-07-22T22:56:23Z
82774,Бръмбар носорог,bg,"","",,Bulgarian,,2018-07-30T13:27:42Z
123628,Венерина седефка,bg,"","",,Bulgarian,,2018-08-04T21:17:00Z
124031,Поветицова вечерница,bg,"","",,Bulgarian,,2018-08-04T22:21:33Z
97022,Голям дъбов сечко,bg,"","",,Bulgarian,,2018-08-05T00:56:42Z
46001,Обикновена катерица,bg,"","",,Bulgarian,comradejon,2018-08-08T17:42:26Z
45994,Катерици,bg,"","",,Bulgarian,,2018-08-08T17:42:48Z
45933,Катерицови,bg,"","",,Bulgarian,lwnrngr,2018-08-08T17:43:17Z
179974,Лалугери,bg,"","",,Bulgarian,,2018-08-08T17:45:23Z
71385,Сънливцови,bg,"","",,Bulgarian,Donald Davesne,2018-08-08T17:45:59Z
74383,Обикновен сънливец,bg,"","",,Bulgarian,Bobby McCabe,2018-08-08T17:46:48Z
45856,Лешников сънливец,bg,"","",,Bulgarian,Bobby McCabe,2018-08-08T17:47:19Z
45867,Горски сънливец,bg,"","",,Bulgarian,Bobby McCabe,2018-08-08T17:47:59Z
45858,Мишевиден сънливец,bg,"","",,Bulgarian,Bobby McCabe,2018-08-08T17:48:29Z
71384,Слепи кучета,bg,"","",,Bulgarian,,2018-08-08T17:49:46Z
55721,Обикновено плюскавиче,bg,"","",,Bulgarian,cassi saari,2018-08-10T17:21:43Z
52195,Плюскавиче,bg,"","",,Bulgarian,,2018-08-10T17:22:29Z
168959,Кесарево плюскавиче,bg,"","",,Bulgarian,,2018-08-10T17:23:09Z
208996,Ушно плюскавиче,bg,"","",,Bulgarian,,2018-08-10T17:23:42Z
484897,Гъстоцветно плюскавиче,bg,"","",,Bulgarian,,2018-08-10T17:24:21Z
484884,Рьомерово плюскавиче,bg,"","",,Bulgarian,,2018-08-10T17:24:46Z
516167,Валдщайново плюскавиче,bg,"","",,Bulgarian,,2018-08-10T17:25:23Z
53022,Поветица,bg,"","",,Bulgarian,,2018-08-17T18:25:09Z
522232,Влакнеста поветица,bg,"","",,Bulgarian,,2018-08-17T18:35:42Z
53021,Обикновена поветица,bg,"","",,Bulgarian,,2018-08-17T18:36:09Z
56031,Чадърче,bg,"","",,Bulgarian,,2018-08-17T18:36:42Z
57481,Дребноцветно чадърче,bg,"","",,Bulgarian,,2018-08-17T18:37:13Z
75968,Едроцветно чадърче,bg,"","",,Bulgarian,,2018-08-17T18:42:08Z
62379,Дебелец,bg,"","",,Bulgarian,,2018-08-28T17:38:14Z
51890,Дебелецови,bg,"","",,Bulgarian,,2018-08-28T17:41:30Z
55735,Тлъстига,bg,"","",,Bulgarian,,2018-08-28T17:42:09Z
109062,Костур,bg,"","",,Bulgarian,iSea,2018-09-07T22:48:28Z
606813,Езиколистна паламида,bg,"","",,Bulgarian,,2018-09-17T22:02:06Z
48561,Паламида,bg,"","",,Bulgarian,,2018-09-17T22:02:43Z
50204,Бутрак,bg,"","",,Bulgarian,Cole Gaerber,2018-09-17T23:47:16Z
14824,Горска зидарка,bg,"","",,Bulgarian,Nelly Semenova,2018-09-20T15:39:39Z
14800,Зидарки,bg,"","",,Bulgarian,Nan Yang,2018-09-20T15:40:07Z
14799,Зидаркови,bg,"","",,Bulgarian,,2018-09-20T15:40:30Z
19998,Домашна кукумявка,bg,"","",,Bulgarian,katunchik,2018-09-23T21:33:52Z
47459,Главоноги,bg,"","",,Bulgarian,Bobby McCabe,2018-10-09T05:25:39Z
43697,Азиатски слон,bg,"","",,Bulgarian,Bobby McCabe,2018-10-09T20:29:20Z
117097,Червеноглаво кралче,bg,"","",,Bulgarian,,2018-10-09T23:03:29Z
19660,Кралчета,bg,"","",,Bulgarian,,2018-10-09T23:12:43Z
180354,Кралчеви,bg,"","",,Bulgarian,,2018-10-09T23:13:10Z
13133,Беловрата мухоловка,bg,"","",,Bulgarian,,2018-10-10T16:05:09Z
204512,Жалобна мухоловка,bg,"","",,Bulgarian,,2018-10-10T16:05:45Z
13126,Полубеловрата мухоловка,bg,"","",,Bulgarian,,2018-10-10T16:06:09Z
13113,Червеногуша мухоловка,bg,"","",,Bulgarian,,2018-10-10T16:06:38Z
339939,Тиранозавър рекс,bg,"","",,Bulgarian,Bobby McCabe,2018-10-22T03:31:44Z
41964,Лъв,bg,"","",,Bulgarian,Bobby McCabe,2018-10-22T03:55:24Z
41970,Ягуар,bg,"","",,Bulgarian,Bobby McCabe,2018-10-22T04:19:22Z
41963,Леопард,bg,"","",,Bulgarian,Bobby McCabe,2018-10-22T04:40:49Z
41967,Тигър,bg,"","",,Bulgarian,Bobby McCabe,2018-10-22T05:05:17Z
74831,Барс,bg,"","",,Bulgarian,Bobby McCabe,2018-10-22T05:20:35Z
74831,Снежен барс,bg,"","",,Bulgarian,Bobby McCabe,2018-10-22T05:21:06Z
74831,Снежен леопард,bg,"","",,Bulgarian,Bobby McCabe,2018-10-22T05:21:32Z
74831,Ирбис,bg,"","",,Bulgarian,Bobby McCabe,2018-10-22T05:21:54Z
41955,Гепард,bg,"","",,Bulgarian,Bobby McCabe,2018-10-22T12:53:25Z
42007,Пума,bg,"","",,Bulgarian,Bobby McCabe,2018-10-22T13:21:23Z
41641,Кафява мечка,bg,"","",,Bulgarian,Bobby McCabe,2018-10-22T22:36:29Z
41659,Голяма панда,bg,"","",,Bulgarian,Bobby McCabe,2018-10-23T00:20:14Z
253698,Гигантски калмари,bg,"","",,Bulgarian,Bobby McCabe,2018-10-23T05:16:35Z
41644,Бяла мечка,bg,"","",,Bulgarian,Bobby McCabe,2018-10-23T20:39:00Z
41644,Полярна мечка,bg,"","",,Bulgarian,Bobby McCabe,2018-10-23T20:39:30Z
41638,Американска черна мечка,bg,"","",,Bulgarian,Bobby McCabe,2018-10-23T21:50:56Z
43335,Равнинна зебра,bg,"","",,Bulgarian,Bobby McCabe,2018-10-23T22:25:01Z
41647,Хималайска мечка,bg,"","",,Bulgarian,Bobby McCabe,2018-10-24T13:42:13Z
41647,Тибетска мечка,bg,"","",,Bulgarian,Bobby McCabe,2018-10-24T13:43:11Z
41647,Азиатска черна мечка,bg,"","",,Bulgarian,Bobby McCabe,2018-10-24T13:43:31Z
49315,Обикновен октопод,bg,"","",,Bulgarian,Bobby McCabe,2018-10-26T00:53:54Z
43692,слонове,bg,"","",,Bulgarian,Bobby McCabe,2018-11-01T19:01:50Z
793469,Жълтоглаво кралче,bg,"","",,Bulgarian,,2018-11-06T02:58:47Z
43694,Африкански саванен слон,bg,"","",,Bulgarian,Bobby McCabe,2018-11-10T23:07:37Z
357910,Африкански горски слон,bg,"","",,Bulgarian,Bobby McCabe,2018-11-10T23:43:50Z
569099,Пещерен лъв,bg,"","",,Bulgarian,Bobby McCabe,2018-11-14T02:55:13Z
42405,Кафърски бивол,bg,"","",,Bulgarian,Bobby McCabe,2018-11-24T17:49:13Z
43348,Бял носорог,bg,"","",,Bulgarian,Bobby McCabe,2018-11-26T13:22:40Z
371057,Геконови,bg,"","",,Bulgarian,John E. Christensen,2018-12-10T16:31:55Z
63573,Смърч,bg,"","",,Bulgarian,John E. Christensen,2018-12-16T09:36:13Z
203153,Голям синигер,bg,"","",,Bulgarian,渔喵,2018-12-28T22:20:56Z
144849,Син синигер,bg,"","",,Bulgarian,,2018-12-28T22:22:42Z
144809,Лъскавоглав синигер,bg,"","",,Bulgarian,,2018-12-28T22:24:02Z
144812,Матовоглав синигер,bg,"","",,Bulgarian,,2018-12-28T22:24:36Z
144823,Черен синигер,bg,"","",,Bulgarian,,2018-12-28T22:25:39Z
144851,Бял синигер,bg,"","",,Bulgarian,Nelly Semenova,2018-12-28T22:27:56Z
144830,Качулат синигер,bg,"","",,Bulgarian,,2018-12-28T22:28:42Z
13547,Синигерови,bg,"","",,Bulgarian,,2018-12-28T22:29:15Z
8034,Кафявоврат гарван,bg,"","",,Bulgarian,John E. Christensen,2019-01-06T08:55:15Z
168946,Пирински чай,bg,"","",,Bulgarian,John E. Christensen,2019-01-07T20:35:06Z
4950,Чапли,bg,"","",,Bulgarian,John E. Christensen,2019-01-13T08:43:20Z
848319,Торбести бозайници,bg,"","",,Bulgarian,Bobby McCabe,2019-01-18T21:19:14Z
42412,Овцебик,bg,"","",,Bulgarian,Bobby McCabe,2019-01-20T17:30:53Z
4756,Пуйков лешояд,bg,"","",,Bulgarian,John E. Christensen,2019-01-23T10:07:31Z
47373,Секвоя,bg,"","",,Bulgarian,John E. Christensen,2019-01-25T13:20:17Z
29768,Кралски змии,bg,"","",,Bulgarian,John E. Christensen,2019-01-31T13:15:00Z
204472,Обикновен мишелов,bg,"","",,Bulgarian,Nelly Semenova,2019-02-20T08:43:55Z
5179,Мишелови,bg,"","",,Bulgarian,Sean Cozart,2019-02-20T08:45:31Z
5200,Северен мишелов,bg,"","",,Bulgarian,Nelly Semenova,2019-02-20T08:46:16Z
71261,Ястребоподобни,bg,"","",,Bulgarian,,2019-02-20T08:48:41Z
5067,Ястребови,bg,"","",,Bulgarian,Sean Cozart,2019-02-20T08:49:07Z
5085,Ястреби,bg,"","",,Bulgarian,Sean Cozart,2019-02-20T08:49:56Z
5106,Малък ястреб,bg,"","",,Bulgarian,Nelly Semenova,2019-02-20T08:51:08Z
5074,Скален орел,bg,"","",,Bulgarian,,2019-02-20T08:55:57Z
67570,Соколоподобни,bg,"","",,Bulgarian,,2019-02-20T08:56:59Z
4637,Соколови,bg,"","",,Bulgarian,,2019-02-20T08:57:29Z
47458,Октоподи,bg,"","",,Bulgarian,Bobby McCabe,2019-03-05T13:06:12Z
7278,Дългоопашат синигер,bg,"","",,Bulgarian,Nelly Semenova,2019-03-06T11:59:33Z
154388,Липова вечерница,bg,"","",,Bulgarian,Bobby McCabe,2019-03-16T14:06:03Z
639660,Гълъбови очички,bg,"","",,Bulgarian,,2019-03-24T18:32:36Z
321526,Носатка,bg,"","",,Bulgarian,,2019-03-31T14:55:21Z
133387,Пиренови,bg,"","",,Bulgarian,John E. Christensen,2019-04-07T11:56:31Z
81542,Едногърба камила,bg,"","",,Bulgarian,Bobby McCabe,2019-04-11T14:28:08Z
551307,Акулообразните,bg,"","",,Bulgarian,Bobby McCabe,2019-04-16T20:06:07Z
44576,Сив плъх,bg,"","",,Bulgarian,John E. Christensen,2019-04-17T09:30:21Z
126405,Бегония,bg,"","",https://eol.org/pages/39937668,Bulgarian,,2019-04-17T14:55:46Z
630955,Пчели,bg,"","",,Bulgarian,,2019-04-18T00:59:16Z
43236,Птицечовка,bg,"","",,Bulgarian,Bobby McCabe,2019-04-18T15:21:33Z
343021,Слепок,bg,"","",,Bulgarian,Raúl MT,2019-05-01T14:43:10Z
56099,Пълзящо срещниче,bg,"","",,Bulgarian,,2019-05-02T01:36:24Z
56100,Срещниче,bg,"","",,Bulgarian,,2019-05-02T01:36:54Z
47125,Покритосеменни,bg,"","",,Bulgarian,Andrés Ramírez-Barrera,2019-05-02T01:38:03Z
53168,Рогчесто киселиче,bg,"","",,Bulgarian,,2019-05-04T15:38:37Z
47759,Киселичеви,bg,"","",,Bulgarian,,2019-05-04T15:40:11Z
47758,Киселиче,bg,"","",,Bulgarian,Thomas Koffel,2019-05-04T15:40:44Z
69624,Обикновено киселиче,bg,"","",,Bulgarian,Cole Gaerber,2019-05-04T15:43:39Z
78301,Розово киселиче,bg,"","",,Bulgarian,,2019-05-04T15:44:45Z
143247,Стъблени оси,bg,"","",,Bulgarian,,2019-05-04T20:18:57Z
47224,Дневни пеперуди,bg,"","",,Bulgarian,Zinogre,2019-05-05T01:02:47Z
74113,Домашно говедо,bg,"","",,Bulgarian,Bobby McCabe,2019-05-07T14:20:46Z
50321,Секирче,bg,"","",,Bulgarian,Kobus Meyer,2019-05-07T19:08:46Z
167599,Лечебна медуница,bg,"","",,Bulgarian,,2019-05-07T19:13:01Z
125137,Медуница,bg,"","",,Bulgarian,,2019-05-07T19:13:24Z
336663,Червена медуница,bg,"","",,Bulgarian,,2019-05-07T19:13:51Z
48150,Грапаволистни,bg,"","",,Bulgarian,,2019-05-07T19:16:05Z
245677,Тъмна медуница,bg,"","",,Bulgarian,,2019-05-07T19:18:17Z
82853,Обикновена дюля,bg,"","",,Bulgarian,wsyxbcl,2019-05-07T19:53:47Z
6921,Ням лебед,bg,"","",,Bulgarian,Raúl MT,2019-05-12T21:31:10Z
6913,Лебеди,bg,"","",,Bulgarian,max kirsch,2019-05-12T21:31:59Z
6914,Черен лебед,bg,"","",,Bulgarian,,2019-05-12T21:33:32Z
6916,Поен лебед,bg,"","",,Bulgarian,,2019-05-12T21:33:56Z
6917,Малък лебед,bg,"","",,Bulgarian,,2019-05-12T21:35:47Z
6912,Патицови,bg,"","",,Bulgarian,Raúl MT,2019-05-12T21:36:39Z
6888,Гъскоподобни,bg,"","",,Bulgarian,Raúl MT,2019-05-12T21:37:09Z
43041,Таралежи,bg,"","",,Bulgarian,,2019-05-22T09:38:48Z
46927,Къртицови,bg,"","",,Bulgarian,Fabien Piednoir,2019-05-22T09:40:00Z
46341,Земеровкови,bg,"","",,Bulgarian,Fabien Piednoir,2019-05-22T09:40:50Z
51702,Седемточкова калинка,bg,"","",,Bulgarian,zmei,2019-05-30T13:00:46Z
82764,Златист гъсеничар,bg,"","",,Bulgarian,zmei,2019-05-30T21:28:13Z
47203,Горуха,bg,"","",,Bulgarian,zmei,2019-05-31T07:14:34Z
47866,Крабови паяци,bg,"","",,Bulgarian,zmei,2019-05-31T07:18:16Z
48484,Многоцветна азиатска калинка,bg,"","",,Bulgarian,zmei,2019-06-04T15:24:12Z
157994,Бледорозова паричка,bg,"","",,Bulgarian,zmei,2019-06-06T15:36:29Z
47681,Вълче мляко,bg,"","",,Bulgarian,zmei,2019-06-06T16:29:45Z
54573,Ветрилка,bg,"","",,Bulgarian,zmei,2019-06-07T08:28:35Z
48341,Млечници,bg,"","",,Bulgarian,zmei,2019-06-07T08:30:07Z
42184,Сърна,bg,"","",,Bulgarian,,2019-06-10T10:36:59Z
42182,Сърни,bg,"","",,Bulgarian,Jane Widness,2019-06-10T10:37:44Z
846198,Еленови,bg,"","",,Bulgarian,,2019-06-10T10:38:18Z
42205,Елени,bg,"","",,Bulgarian,,2019-06-10T10:38:42Z
204113,Благороден елен,bg,"","",,Bulgarian,,2019-06-10T10:39:08Z
42161,Елен-лопатар,bg,"","",,Bulgarian,,2019-06-10T10:40:50Z
146280,Балкански гекон,bg,"","",,Bulgarian,,2019-06-10T10:53:55Z
33177,Гекони,bg,"","",,Bulgarian,JIN Pin-Tsen,2019-06-10T10:54:44Z
34435,Средиземноморски гекон,bg,"","",,Bulgarian,Victor HOYEAU,2019-06-10T10:56:27Z
85552,Гущери,bg,"","",,Bulgarian,,2019-06-10T10:57:09Z
60628,Растителноядни оси,bg,"","",,Bulgarian,zmei,2019-06-10T20:11:27Z
52764,Обикновена пришница,bg,"","",,Bulgarian,zmei,2019-06-11T06:50:10Z
50190,Цикади,bg,"","",,Bulgarian,John E. Christensen,2019-06-13T08:52:58Z
78678,Пача трева,bg,"","",,Bulgarian,zmei,2019-06-27T11:22:19Z
167829,Влакнест шмак,bg,"","",,Bulgarian,zmei,2019-06-27T11:31:20Z
62060,Вонещица,bg,"","",,Bulgarian,zmei,2019-06-27T11:46:01Z
62060,Миризливка,bg,"","",,Bulgarian,zmei,2019-06-27T11:46:25Z
55610,Божа кравичка,bg,"","",,Bulgarian,zmei,2019-06-27T11:47:39Z
127186,Зайчина,bg,"","",,Bulgarian,zmei,2019-06-27T11:51:40Z
52998,Бучиниш,bg,"","",,Bulgarian,zmei,2019-06-28T07:02:46Z
52972,Върбовка,bg,"","",,Bulgarian,zmei,2019-06-28T07:06:04Z
47790,Върболикови,bg,"","",,Bulgarian,zmei,2019-06-28T07:08:09Z
55981,Обикновен сгърбун,bg,"","",,Bulgarian,zmei,2019-07-04T12:22:53Z
55981,Подсекливче,bg,"","",,Bulgarian,zmei,2019-07-04T12:24:32Z
47604,Сложноцветни,bg,"","",,Bulgarian,zmei,2019-07-04T12:27:27Z
47571,Трепетлика,bg,"","",,Bulgarian,zmei,2019-07-04T12:28:31Z
53984,Напръстник,bg,"","",,Bulgarian,zmei,2019-07-04T12:31:15Z
147321,Вълнест напръстник,bg,"","",,Bulgarian,zmei,2019-07-04T12:32:43Z
50636,Живовляк,bg,"","",,Bulgarian,zmei,2019-07-04T12:35:35Z
53060,Еньовче,bg,"","",,Bulgarian,zmei,2019-07-04T12:55:05Z
53059,Лепка,bg,"","",,Bulgarian,zmei,2019-07-04T12:56:14Z
129116,Червеноглавче,bg,"","",,Bulgarian,zmei,2019-07-04T12:58:07Z
48160,Метличина,bg,"","",,Bulgarian,zmei,2019-07-04T13:00:02Z
48699,Сенникоцветни,bg,"","",,Bulgarian,zmei,2019-07-04T13:01:04Z
56175,Усойниче,bg,"","",,Bulgarian,zmei,2019-07-04T13:02:59Z
56174,Обикновено усойниче,bg,"","",,Bulgarian,zmei,2019-07-04T13:03:25Z
204321,Жълтурче,bg,"","",,Bulgarian,zmei,2019-07-04T13:41:32Z
75758,Обикновен кисел трън,bg,"","",,Bulgarian,zmei,2019-07-04T13:42:04Z
58728,Кисел трън,bg,"","",,Bulgarian,zmei,2019-07-04T13:42:21Z
55844,Малък зимзелен,bg,"","",,Bulgarian,zmei,2019-07-04T13:45:15Z
53327,Зимзелен,bg,"","",,Bulgarian,zmei,2019-07-04T13:45:41Z
50829,Теменуга,bg,"","",,Bulgarian,zmei,2019-07-04T13:46:27Z
54227,Обикновен бук,bg,"","",,Bulgarian,zmei,2019-07-04T14:18:12Z
49203,Бук,bg,"","",,Bulgarian,zmei,2019-07-04T14:18:28Z
60502,Чемерика,bg,"","",,Bulgarian,zmei,2019-07-04T14:19:37Z
47329,Лилиецветни,bg,"","",,Bulgarian,zmei,2019-07-04T14:20:17Z
47328,Кремови,bg,"","",,Bulgarian,zmei,2019-07-04T14:20:49Z
54762,Сребрист явор,bg,"","",,Bulgarian,zmei,2019-07-04T14:23:11Z
47727,Явор,bg,"","",,Bulgarian,zmei,2019-07-04T14:23:30Z
69968,Ръжди,bg,"","",,Bulgarian,zmei,2019-07-04T14:24:56Z
47688,Часовниче,bg,"","",,Bulgarian,zmei,2019-07-04T14:25:25Z
47566,Топола,bg,"","",,Bulgarian,zmei,2019-07-04T14:25:54Z
51874,Орлови нокти,bg,"","",,Bulgarian,zmei,2019-07-04T14:27:11Z
55891,Градско омайниче,bg,"","",,Bulgarian,zmei,2019-07-04T14:27:35Z
55751,Омайниче,bg,"","",,Bulgarian,zmei,2019-07-04T14:27:55Z
47148,Розови,bg,"","",,Bulgarian,zmei,2019-07-04T14:28:27Z
47132,Розоцветни,bg,"","",,Bulgarian,zmei,2019-07-04T14:28:52Z
54142,Козя брада,bg,"","",,Bulgarian,zmei,2019-07-04T14:32:39Z
48527,Бъзови,bg,"","",,Bulgarian,zmei,2019-07-04T14:33:26Z
47204,Кръстоцветни,bg,"","",,Bulgarian,zmei,2019-07-04T14:35:29Z
51876,Детелина,bg,"","",,Bulgarian,zmei,2019-07-04T14:36:05Z
56088,Бял салкъм,bg,"","",,Bulgarian,zmei,2019-07-04T14:39:24Z
56088,Бяла акация,bg,"","",,Bulgarian,zmei,2019-07-04T14:39:48Z
51884,Обикновена коприва,bg,"","",,Bulgarian,zmei,2019-07-04T14:40:16Z
51886,Коприва,bg,"","",,Bulgarian,zmei,2019-07-04T14:40:36Z
51885,Копривови,bg,"","",,Bulgarian,zmei,2019-07-04T14:40:57Z
48231,Лютикови,bg,"","",,Bulgarian,zmei,2019-07-04T14:42:09Z
56193,Полски клен,bg,"","",,Bulgarian,zmei,2019-07-04T14:42:44Z
54763,Шестил,bg,"","",,Bulgarian,zmei,2019-07-04T14:43:06Z
56090,Бяла черница,bg,"","",,Bulgarian,zmei,2019-07-04T14:44:01Z
48523,Бял снежноплодник,bg,"","",,Bulgarian,zmei,2019-07-04T14:45:03Z
48528,Снежноплодник,bg,"","",,Bulgarian,zmei,2019-07-04T14:45:31Z
119791,Обикновен явор,bg,"","",,Bulgarian,zmei,2019-07-04T14:45:52Z
53152,Люцерна,bg,"","",,Bulgarian,zmei,2019-07-04T14:46:30Z
52855,Пелин,bg,"","",,Bulgarian,zmei,2019-07-04T14:47:00Z
56061,Лъжичина,bg,"","",,Bulgarian,zmei,2019-07-04T14:47:22Z
56061,Чеснова трева,bg,"","",,Bulgarian,zmei,2019-07-04T14:47:41Z
52689,Бъз,bg,"","",,Bulgarian,zmei,2019-07-04T14:48:35Z
47599,Зайчесянкови,bg,"","",,Bulgarian,zmei,2019-07-04T14:50:22Z
59567,Гигантска секвоя,bg,"","",,Bulgarian,zmei,2019-07-04T14:51:00Z
47374,Кипарисови,bg,"","",,Bulgarian,zmei,2019-07-04T14:51:26Z
52327,Щирови,bg,"","",,Bulgarian,zmei,2019-07-04T14:56:41Z
47366,Карамфилоцветни,bg,"","",,Bulgarian,zmei,2019-07-04T14:57:05Z
124552,Сребристолистен очиболец,bg,"","",,Bulgarian,zmei,2019-07-04T14:57:38Z
55884,Обикновена шипка,bg,"","",,Bulgarian,zmei,2019-07-04T14:59:30Z
56165,Лопен,bg,"","",,Bulgarian,zmei,2019-07-04T15:00:19Z
55737,Динка,bg,"","",,Bulgarian,zmei,2019-07-04T15:00:42Z
47436,Звездан,bg,"","",,Bulgarian,zmei,2019-07-04T15:01:43Z
55883,Бръшлян,bg,"","",,Bulgarian,zmei,2019-07-04T15:02:06Z
319280,Пронизанолистен трибел,bg,"","",,Bulgarian,zmei,2019-07-04T15:02:54Z
68008,Трибел,bg,"","",,Bulgarian,zmei,2019-07-04T15:04:04Z
48245,Кандилка,bg,"","",,Bulgarian,zmei,2019-07-04T15:04:27Z
53178,Теснолист живовляк,bg,"","",,Bulgarian,zmei,2019-07-04T15:05:20Z
53196,Лапад,bg,"","",,Bulgarian,zmei,2019-07-04T15:05:50Z
48582,Офика,bg,"","",,Bulgarian,zmei,2019-07-04T15:07:12Z
59571,Репей,bg,"","",,Bulgarian,zmei,2019-07-04T15:07:37Z
84298,Обикновен конски кестен,bg,"","",,Bulgarian,zmei,2019-07-04T15:08:47Z
53350,Конски кестен,bg,"","",,Bulgarian,zmei,2019-07-04T15:09:15Z
54856,Липа,bg,"","",,Bulgarian,zmei,2019-07-04T15:09:49Z
53549,Бряст,bg,"","",,Bulgarian,zmei,2019-07-04T15:10:12Z
311249,Листнати мъхове,bg,"","",,Bulgarian,zmei,2019-07-04T15:15:22Z
53265,Синап,bg,"","",,Bulgarian,zmei,2019-07-04T15:15:48Z
50299,Ягода,bg,"","",,Bulgarian,zmei,2019-07-04T15:16:15Z
143780,Мекиш,bg,"","",,Bulgarian,zmei,2019-07-04T15:16:41Z
51822,Млечка,bg,"","",,Bulgarian,zmei,2019-07-04T15:17:39Z
48230,Лютиче,bg,"","",,Bulgarian,zmei,2019-07-04T15:18:07Z
56077,Жълт кантарион,bg,"","",,Bulgarian,zmei,2019-07-04T15:19:08Z
52761,Звъника,bg,"","",,Bulgarian,zmei,2019-07-04T15:20:00Z
76606,Храстовиден очиболец,bg,"","",,Bulgarian,zmei,2019-07-04T15:29:56Z
48543,Стенна салата,bg,"","",,Bulgarian,zmei,2019-07-04T15:32:02Z
56162,Горски слез,bg,"","",,Bulgarian,zmei,2019-07-04T15:33:42Z
55978,Слез,bg,"","",,Bulgarian,zmei,2019-07-04T15:34:03Z
160697,Обикновен повет,bg,"","",,Bulgarian,zmei,2019-07-04T15:36:03Z
791928,Полско огнивче,bg,"","",,Bulgarian,zmei,2019-07-04T15:36:34Z
56163,Лечебна върбинка,bg,"","",,Bulgarian,zmei,2019-07-04T15:37:45Z
53317,Върбинка,bg,"","",,Bulgarian,zmei,2019-07-04T15:38:05Z
48516,Картофови,bg,"","",,Bulgarian,zmei,2019-07-04T15:40:30Z
52913,Синя жлъчка,bg,"","",,Bulgarian,zmei,2019-07-04T15:40:55Z
56158,Кандилниче,bg,"","",,Bulgarian,zmei,2019-07-04T15:43:28Z
52821,Бял равнец,bg,"","",,Bulgarian,zmei,2019-07-04T15:45:57Z
52818,Равнец,bg,"","",,Bulgarian,zmei,2019-07-04T15:46:24Z
57628,Ветрогон,bg,"","",,Bulgarian,zmei,2019-07-04T15:49:37Z
52765,Пришница,bg,"","",,Bulgarian,zmei,2019-07-04T15:50:12Z
51875,Червена детелина,bg,"","",,Bulgarian,zmei,2019-07-04T15:50:56Z
55745,Пълзяща детелина,bg,"","",,Bulgarian,zmei,2019-07-04T15:51:24Z
55766,Кипарисова млечка,bg,"","",,Bulgarian,zmei,2019-07-04T15:51:45Z
47434,Житни,bg,"","",,Bulgarian,zmei,2019-07-04T15:52:32Z
63935,Обикновен орех,bg,"","",,Bulgarian,zmei,2019-07-04T15:53:53Z
54495,Орех,bg,"","",,Bulgarian,zmei,2019-07-04T15:54:12Z
54497,Орехови,bg,"","",,Bulgarian,zmei,2019-07-04T15:54:31Z
47853,Букоцветни,bg,"","",,Bulgarian,zmei,2019-07-04T15:54:49Z
50859,Бигнониевидна каталпа,bg,"","",,Bulgarian,zmei,2019-07-04T15:56:01Z
50859,Индианско бобово дърво,bg,"","",,Bulgarian,zmei,2019-07-04T15:57:14Z
47726,Ясенолистен явор,bg,"","",,Bulgarian,zmei,2019-07-04T15:57:45Z
83157,Хортензия,bg,"","",,Bulgarian,zmei,2019-07-04T15:59:27Z
167373,Пълзящо прозорче,bg,"","",,Bulgarian,zmei,2019-07-04T15:59:53Z
53186,Прозорче,bg,"","",,Bulgarian,zmei,2019-07-04T16:00:58Z
55620,Червено кучешко грозде,bg,"","",,Bulgarian,zmei,2019-07-04T16:04:35Z
50641,Кучешко грозде,bg,"","",,Bulgarian,zmei,2019-07-04T16:04:58Z
64071,Борова пънчушка,bg,"","",,Bulgarian,zmei,2019-07-04T21:06:06Z
47483,Градински охлюв,bg,"","",,Bulgarian,zmei,2019-07-04T21:07:15Z
85065,Междинна детелина,bg,"","",,Bulgarian,zmei,2019-07-11T13:05:09Z
58991,Тученица,bg,"","",,Bulgarian,zmei,2019-07-11T13:38:01Z
76610,Див морков,bg,"","",,Bulgarian,zmei,2019-07-11T13:39:22Z
47889,Слабонога,bg,"","",,Bulgarian,zmei,2019-07-11T13:44:55Z
47890,Слабоногови,bg,"","",,Bulgarian,zmei,2019-07-11T13:47:32Z
62771,Обикновена вълча ябълка,bg,"","",,Bulgarian,zmei,2019-07-13T06:06:12Z
54464,Вълча ябълка,bg,"","",,Bulgarian,zmei,2019-07-13T06:06:47Z
52860,Копитникови,bg,"","",,Bulgarian,zmei,2019-07-13T06:07:21Z
48567,Карамфилови,bg,"","",,Bulgarian,zmei,2019-07-13T06:10:06Z
84954,Стенно изтравниче,bg,"","",,Bulgarian,zmei,2019-07-13T06:11:25Z
55990,Стенен гущер,bg,"","",,Bulgarian,zmei,2019-07-13T06:58:15Z
48596,Камбанка,bg,"","",,Bulgarian,zmei,2019-07-13T06:59:43Z
58387,Балур,bg,"","",,Bulgarian,zmei,2019-07-13T13:12:36Z
61321,Обикновена блатия,bg,"","",,Bulgarian,zmei,2019-07-13T13:13:40Z
74442,Капибара,bg,"","",,Bulgarian,Bobby McCabe,2019-07-17T20:57:16Z
62984,Тигров комар,bg,"","",,Bulgarian,zmei,2019-07-22T14:14:59Z
53864,Абутилон,bg,"","",https://eol.org/pages/11917782,Bulgarian,,2019-07-26T19:51:54Z
914922,Японска фалопия,bg,"","",,Bulgarian,John E. Christensen,2019-07-30T18:49:04Z
126882,Алое вера,bg,"","",,Bulgarian,John E. Christensen,2019-08-04T21:45:19Z
451915,Обикновен юнски бръмбар,bg,"","",,Bulgarian,zmei,2019-08-05T19:02:56Z
42051,Американски чакал,bg,"","",,Bulgarian,odocoileus,2019-08-19T19:15:41Z
52628,Паяк кръстоносец,bg,"","",,Bulgarian,zmei,2019-08-20T07:50:50Z
343427,Дъболистница,bg,"","",,Bulgarian,,2019-08-24T19:11:29Z
54704,Торфен мъх,bg,"","",,Bulgarian,John E. Christensen,2019-09-26T10:58:33Z
505478,Домашна кокошка,bg,"","",,Bulgarian,John E. Christensen,2019-10-05T14:37:15Z
9462,Червенушка,bg,"","",,Bulgarian,zmei,2019-10-09T13:07:24Z
563098,Плоскотело живениче,bg,"","",,Bulgarian,,2019-10-11T22:14:02Z
47435,Обикновен звездан,bg,"","",,Bulgarian,,2019-10-11T22:30:08Z
12971,Сива мухоловка,bg,"","",,Bulgarian,,2019-10-11T22:30:49Z
52588,Средиземноморска метличина,bg,"","",,Bulgarian,zmei,2019-10-30T10:18:14Z
55979,Петниста бударица,bg,"","",,Bulgarian,zmei,2019-11-04T21:05:59Z
54713,Фуксия,bg,"","",https://eol.org/pages/47121827,Bulgarian,,2019-11-15T14:29:46Z
136186,бедомев цикас,bg,"","",https://eol.org/pages/626122,Bulgarian,,2019-11-19T14:52:28Z
55406,Петуния,bg,"","",https://eol.org/pages/23770047,Bulgarian,,2019-11-23T10:29:35Z
127355,Есенно ботурче,bg,"","",,Bulgarian,John E. Christensen,2019-11-24T15:35:44Z
164028,вечнозелен иберис,bg,"","",https://eol.org/pages/487107,Bulgarian,,2019-12-19T06:33:03Z
51809,Кръглолистно ленивче,bg,"","",,Bulgarian,zmei,2019-12-24T13:08:01Z
56063,Офика,bg,"","",,Bulgarian,zmei,2020-01-07T12:39:30Z
13858,Домашно врабче,bg,"","",,Bulgarian,zmei,2020-01-07T12:41:18Z
81923,Кафява мраморна дървеница,bg,"","",,Bulgarian,zmei,2020-01-07T12:44:29Z
122223,Оборна муха,bg,"","",,Bulgarian,zmei,2020-01-07T12:51:22Z
52724,Полски хвощ,bg,"","",,Bulgarian,zmei,2020-01-07T12:53:17Z
56223,Подбел,bg,"","",,Bulgarian,zmei,2020-01-07T12:53:50Z
131196,Горска тинтява,bg,"","",,Bulgarian,zmei,2020-01-07T12:56:03Z
127029,Черна боровинка,bg,"","",,Bulgarian,zmei,2020-01-07T12:57:16Z
56312,Червена боровинка,bg,"","",,Bulgarian,zmei,2020-01-07T12:58:17Z
135727,Клек,bg,"","",,Bulgarian,zmei,2020-01-07T12:58:40Z
130720,Двуцветна теменуга,bg,"","",,Bulgarian,zmei,2020-01-07T12:59:33Z
126421,Шойхцерова камбанка,bg,"","",,Bulgarian,zmei,2020-01-07T13:00:20Z
77992,Дълголистна мента,bg,"","",,Bulgarian,zmei,2020-01-07T13:01:51Z
131623,Зарниче,bg,"","",,Bulgarian,zmei,2020-01-07T13:03:23Z
158149,Планинско шапиче,bg,"","",,Bulgarian,zmei,2020-01-07T13:04:23Z
155197,Обикновена млечница,bg,"","",,Bulgarian,zmei,2020-01-07T13:05:22Z
371700,ясенолистна птерокария,bg,"","",https://eol.org/pages/52373162,Bulgarian,,2020-01-17T09:16:22Z
126249,Шоколадова лоза,bg,"","",,Bulgarian,zmei,2020-01-20T07:21:26Z
564969,Теснолистна върбовка,bg,"","",,Bulgarian,zmei,2020-01-20T07:22:59Z
132622,Бутурак,bg,"","",,Bulgarian,zmei,2020-01-20T07:24:19Z
56306,Червена ерика,bg,"","",,Bulgarian,zmei,2020-01-20T07:25:00Z
55776,Пирен,bg,"","",,Bulgarian,zmei,2020-01-20T07:25:29Z
447878,Камениче,bg,"","",,Bulgarian,zmei,2020-01-20T07:26:57Z
54436,Малина,bg,"","",,Bulgarian,zmei,2020-01-20T07:30:34Z
59747,Европейска лиственица,bg,"","",,Bulgarian,zmei,2020-01-20T07:30:53Z
166879,Едър анасон,bg,"","",,Bulgarian,zmei,2020-01-20T07:31:31Z
56154,Лечебно сапунче,bg,"","",,Bulgarian,zmei,2020-01-20T07:32:44Z
59901,Маточина,bg,"","",,Bulgarian,zmei,2020-01-20T10:15:20Z
50790,Обикновена луличка,bg,"","",,Bulgarian,zmei,2020-01-20T10:15:35Z
62020,Ливадно орехче,bg,"","",,Bulgarian,zmei,2020-01-20T10:16:51Z
57505,Гръмотрън,bg,"","",,Bulgarian,zmei,2020-01-20T10:20:40Z
51229,Ранилист,bg,"","",,Bulgarian,zmei,2020-01-20T10:22:21Z
127480,Заешки уши,bg,"","",,Bulgarian,zmei,2020-01-20T10:23:46Z
57121,Синя салвия,bg,"","",,Bulgarian,zmei,2020-01-20T10:27:24Z
81754,Мащерка,bg,"","",,Bulgarian,zmei,2020-01-20T10:28:49Z
47742,Миризливки,bg,"","",,Bulgarian,zmei,2020-01-20T10:31:53Z
57516,Земна пчела,bg,"","",,Bulgarian,zmei,2020-01-20T10:36:33Z
55666,Персийско великденче,bg,"","",,Bulgarian,zmei,2020-01-20T10:38:23Z
129282,Обикновена драка,bg,"","",,Bulgarian,zmei,2020-01-20T10:43:04Z
129283,Драка,bg,"","",,Bulgarian,zmei,2020-01-20T10:43:23Z
54840,Трепетликоподобна топола,bg,"","",,Bulgarian,zmei,2020-01-20T10:45:55Z
128032,Хартиено дърво,bg,"","",,Bulgarian,zmei,2020-01-20T10:52:03Z
59979,Бъзак,bg,"","",,Bulgarian,zmei,2020-01-20T10:52:41Z
72032,Коноп,bg,"","",,Bulgarian,zmei,2020-01-20T10:55:04Z
1019110,Тритикале,bg,"","",https://eol.org/pages/47160799,Bulgarian,,2020-01-22T17:25:30Z
541457,Голям син бегач,bg,"","",,Bulgarian,,2020-02-13T15:02:56Z
541461,Голям черен бегач,bg,"","",,Bulgarian,,2020-02-13T15:03:22Z
1036675,Човекоподобни маймуни,bg,"","",,Bulgarian,Bobby McCabe,2020-02-14T06:44:37Z
57514,Елвезиево кокиче,bg,"","",,Bulgarian,zmei,2020-02-21T10:51:23Z
51606,Обикновено кокиче,bg,"","",,Bulgarian,zmei,2020-02-21T10:52:05Z
51607,Кокиче,bg,"","",,Bulgarian,zmei,2020-02-21T10:52:52Z
55849,Кокичеви,bg,"","",,Bulgarian,zmei,2020-02-21T10:53:52Z
55770,Минзухар,bg,"","",,Bulgarian,,2020-02-28T11:53:37Z
47781,Перуникови,bg,"","",,Bulgarian,Ryan Sorrells,2020-02-28T12:05:46Z
326382,Синеок сатир,bg,"","",,Bulgarian,,2020-03-03T12:14:41Z
966698,Усойница,bg,"","",,Bulgarian,,2020-03-06T18:27:55Z
41657,Очилата мечка,bg,"","",,Bulgarian,Bobby McCabe,2020-03-15T16:26:21Z
27726,Дъждовник,bg,"","",,Bulgarian,JIN Pin-Tsen,2020-04-05T21:55:59Z
61318,Петнист змиярник,bg,"","",,Bulgarian,zmei,2020-04-08T09:37:20Z
51609,Змиярник,bg,"","",,Bulgarian,zmei,2020-04-08T09:37:55Z
48536,Змиярникови,bg,"","",,Bulgarian,zmei,2020-04-08T09:38:34Z
126887,Джелолистна махония,bg,"","",,Bulgarian,Victor HOYEAU,2020-04-29T21:04:32Z
891696,Сврака,bg,"","",,Bulgarian,John E. Christensen,2020-04-30T13:59:13Z
244049,Прешленеста момкова сълза,bg,"","",,Bulgarian,zmei,2020-05-08T15:58:57Z
51056,Момкова сълза,bg,"","",,Bulgarian,zmei,2020-05-08T16:04:13Z
13000,Домашна червеноопашка,bg,"","",,Bulgarian,,2020-05-10T01:24:23Z
12989,Червеноопашки,bg,"","",,Bulgarian,lwnrngr,2020-05-10T01:24:54Z
12999,Беловежда червеноопашка,bg,"","",,Bulgarian,,2020-05-10T01:25:30Z
73224,Ръждивокоремна червеноопашка,bg,"","",,Bulgarian,,2020-05-10T01:26:45Z
170209,Едроцветна глушина,bg,"","",,Bulgarian,,2020-05-11T18:32:23Z
52472,Глушина,bg,"","",,Bulgarian,,2020-05-11T18:32:54Z
67532,Питонови,bg,"","",,Bulgarian,John E. Christensen,2020-05-14T12:22:05Z
13847,Същински врабчета,bg,"","",,Bulgarian,,2020-05-22T14:23:42Z
13685,Врабчови,bg,"","",,Bulgarian,,2020-05-22T14:24:04Z
53787,Росопас,bg,"","",,Bulgarian,,2020-05-23T08:10:40Z
56121,Овчарска торбичка,bg,"","",,Bulgarian,harum.koh,2020-05-23T08:24:22Z
71212,Шипоопашата костенурка,bg,"","",,Bulgarian,,2020-05-25T00:31:46Z
40023,Шипобедрена костенурка,bg,"","",,Bulgarian,Konstantinos Kalaentzis,2020-05-25T00:32:22Z
39782,Червеноуха костенурка,bg,"","",,Bulgarian,Chris Thawley,2020-05-25T00:34:05Z
122082,буков фегоптерис,bg,"","",https://eol.org/pages/486330,Bulgarian,,2020-05-28T11:46:27Z
56057,Обикновена маргаритка,bg,"","",,Bulgarian,,2020-06-01T19:02:00Z
56058,Маргаритка,bg,"","",,Bulgarian,,2020-06-01T19:02:25Z
77719,Едроцветна маргаритка,bg,"","",,Bulgarian,Cole Gaerber,2020-06-01T19:02:56Z
54806,Ясен,bg,"","",,Bulgarian,,2020-06-04T13:45:25Z
41566,Гърбат кит,bg,"","",,Bulgarian,Mengshuai Ge,2020-06-12T18:17:17Z
56136,Безстъблена иглика,bg,"","",,Bulgarian,,2020-06-12T22:58:44Z
55820,Иглика,bg,"","",,Bulgarian,,2020-06-12T22:59:21Z
48064,Игликови,bg,"","",,Bulgarian,,2020-06-12T22:59:52Z
55842,Кукуряк,bg,"","",,Bulgarian,,2020-06-12T23:02:51Z
451952,Миризлив кукуряк,bg,"","",,Bulgarian,,2020-06-12T23:06:11Z
337080,Черноморска ведрица,bg,"","",,Bulgarian,,2020-06-13T00:08:14Z
50619,Ведрица,bg,"","",,Bulgarian,,2020-06-13T00:08:34Z
47746,Хвощ,bg,"","",,Bulgarian,,2020-06-14T16:19:43Z
47747,Хвощови,bg,"","",,Bulgarian,,2020-06-14T16:20:02Z
49552,Къщна стоножка,bg,"","",,Bulgarian,,2020-06-14T17:14:09Z
55641,Икарова синевка,bg,"","",,Bulgarian,,2020-06-14T18:20:59Z
58558,Синевки,bg,"","",,Bulgarian,,2020-06-14T18:21:22Z
125835,Огневки,bg,"","",,Bulgarian,,2020-06-14T18:22:01Z
47923,Синевки и огневки,bg,"","",,Bulgarian,,2020-06-14T18:22:09Z
48295,Кълбовидни мокрици,bg,"","",,Bulgarian,newrookie,2020-06-14T18:25:14Z
84718,Мокрици,bg,"","",,Bulgarian,Gracie Catanzaro,2020-06-14T18:25:33Z
48147,Равноноги,bg,"","",,Bulgarian,Luciano Peralta,2020-06-14T18:26:22Z
71219,попово прасе,bg,"","",https://eol.org/pages/500186,Bulgarian,,2020-06-15T18:17:42Z
1260,африкански паун,bg,"","",https://eol.org/pages/45513819,Bulgarian,,2020-06-16T05:15:38Z
118688,морски паун,bg,"","",https://eol.org/pages/46573647,Bulgarian,,2020-06-16T05:15:39Z
84531,Мексиканско скаридено растение,bg,"","",https://eol.org/pages/47156713,Bulgarian,,2020-06-22T08:24:13Z
204456,Тръстиково шаварче,bg,"","",,Bulgarian,,2020-06-28T23:06:21Z
43151,Заек подземник,bg,"","",,Bulgarian,,2020-06-30T18:39:21Z
43150,Зайци подземници,bg,"","",,Bulgarian,,2020-06-30T18:39:50Z
43095,Зайцови,bg,"","",,Bulgarian,Donald Davesne,2020-06-30T18:40:17Z
43128,Див заек,bg,"","",,Bulgarian,,2020-06-30T18:41:51Z
47686,Първаци,bg,"","",,Bulgarian,,2020-07-02T00:38:59Z
55811,Трънка,bg,"","",,Bulgarian,Christoph Posch,2020-07-03T14:04:23Z
424147,Дървесница,bg,"","",,Bulgarian,JIN Pin-Tsen,2020-07-16T09:16:35Z
41766,Морж,bg,"","",,Bulgarian,Bobby McCabe,2020-08-22T18:55:25Z
44259,Сиви полевки,bg,"","",https://eol.org/pages/34264,Bulgarian,,2020-08-23T16:22:30Z
209233,Кон,bg,"","",,Bulgarian,Craig Robbins,2020-08-26T13:37:40Z
43327,Нечифтокопитни,bg,"","",,Bulgarian,,2020-08-26T13:38:18Z
848320,Плацентни,bg,"","",,Bulgarian,,2020-08-26T13:38:47Z
57921,Рогачица,bg,"","",,Bulgarian,,2020-08-27T10:48:32Z
325295,Чемширова пеперуда,bg,"","",,Bulgarian,Zinogre,2020-09-08T20:35:21Z
123666,Четирилистно вранско око,bg,"","",,Bulgarian,Nelly Semenova,2020-09-17T17:03:47Z
123668,Вранско око,bg,"","",,Bulgarian,,2020-09-17T17:04:08Z
824010,Пурпурночервена манатарка,bg,"","",,Bulgarian,,2020-09-17T17:42:53Z
48702,Манатаркови,bg,"","",,Bulgarian,,2020-09-17T17:45:23Z
503241,Хлебенка,bg,"","",,Bulgarian,,2020-09-17T20:50:27Z
48607,Тръбенка,bg,"","",,Bulgarian,,2020-09-17T20:54:15Z
61396,Обикновен риган,bg,"","",,Bulgarian,,2020-09-17T21:24:10Z
61397,Риган,bg,"","",,Bulgarian,,2020-09-17T21:24:30Z
53373,Леска,bg,"","",,Bulgarian,,2020-09-18T16:00:24Z
184884,Крилати насекоми,bg,"","",,Bulgarian,,2020-09-19T01:36:14Z
83187,Сенояди,bg,"","",,Bulgarian,Julie Hilligsøe Lisby,2020-09-19T01:36:58Z
40641,Подковоноси прилепи,bg,"","",,Bulgarian,Donald Davesne,2020-09-20T17:32:20Z
40269,Гладконоси прилепи,bg,"","",,Bulgarian,,2020-09-20T17:32:57Z
155314,Дългокрили прилепи,bg,"","",,Bulgarian,,2020-09-20T17:34:38Z
41226,Булдогови прилепи,bg,"","",,Bulgarian,Donald Davesne,2020-09-20T17:35:18Z
52669,Женска папрат,bg,"","",,Bulgarian,Victor HOYEAU,2020-09-20T18:50:27Z
76721,Мъжка папрат,bg,"","",,Bulgarian,Victor HOYEAU,2020-09-20T18:51:10Z
52681,Орлова папрат,bg,"","",,Bulgarian,Galló Orsi,2020-09-20T18:51:45Z
50867,Тигров паяк,bg,"","",,Bulgarian,Stuart Longhorn,2020-09-20T19:08:27Z
1026,Глухар,bg,"","",,Bulgarian,,2020-09-22T18:49:17Z
1025,Глухари,bg,"","",,Bulgarian,,2020-09-22T18:49:39Z
573,Кокошоподобни,bg,"","",,Bulgarian,,2020-09-22T18:50:45Z
133951,Бял оман,bg,"","",,Bulgarian,,2020-09-23T15:09:51Z
74544,Филиппин панголин,bg,"","",https://eol.org/pages/121956,Bulgarian,Sean Cozart,2020-09-27T19:18:09Z
43362,Индий панголин,bg,"","",,Bulgarian,Kitty Maurey,2020-10-03T02:21:38Z
43366,Китай панголин,bg,"","",,Bulgarian,Kitty Maurey,2020-10-03T02:22:41Z
43358,Панголин,bg,"","",,Bulgarian,Kitty Maurey,2020-10-03T02:24:39Z
43364,Ява панголин,bg,"","",,Bulgarian,Kitty Maurey,2020-10-03T02:26:03Z
48970,Кученце,bg,"","",,Bulgarian,,2020-10-08T17:51:47Z
117299,Брадавичест чашкодрян,bg,"","",,Bulgarian,,2020-10-08T17:57:01Z
47538,Чашкодрян,bg,"","",,Bulgarian,,2020-10-08T17:57:23Z
47539,Чашкодрянови,bg,"","",,Bulgarian,Mirko Schoenitz,2020-10-08T17:58:58Z
45568,Полска мишка,bg,"","",,Bulgarian,Kevin Faccenda,2020-10-16T20:19:46Z
44185,Мишкови,bg,"","",,Bulgarian,,2020-10-16T20:22:31Z
124085,Червена брезовка,bg,"","",,Bulgarian,snaily_naily,2020-10-17T16:46:12Z
55971,Обикновена вратига,bg,"","",,Bulgarian,,2020-10-18T22:10:34Z
54521,Вратига,bg,"","",,Bulgarian,,2020-10-18T22:10:52Z
54520,Моминска вратига,bg,"","",,Bulgarian,,2020-10-18T22:11:50Z
336343,Едролистна вратига,bg,"","",,Bulgarian,comradejon,2020-10-18T22:12:11Z
338368,Щитовидна вратига,bg,"","",,Bulgarian,,2020-10-18T22:12:27Z
57692,Гигантска пърхутка,bg,"","",,Bulgarian,,2020-10-28T17:53:21Z
48705,Паяжинници,bg,"","",,Bulgarian,,2020-11-05T07:08:55Z
63401,Гигантска сърнела,bg,"","",,Bulgarian,,2020-11-05T07:36:10Z
47394,Печуркови,bg,"","",,Bulgarian,,2020-11-05T07:36:42Z
351447,Елегантна сърнела,bg,"","",,Bulgarian,,2020-11-05T07:37:39Z
334321,Полска сърнела,bg,"","",,Bulgarian,,2020-11-05T07:38:23Z
63402,Сърнели,bg,"","",,Bulgarian,,2020-11-05T07:39:12Z
346202,Паласов минзухар,bg,"","",,Bulgarian,,2020-11-09T13:33:15Z
55875,Томасиниев минзухар,bg,"","",,Bulgarian,,2020-11-09T13:34:15Z
367205,Красив минзухар,bg,"","",,Bulgarian,,2020-11-09T13:35:41Z
55769,Пролетен минзухар,bg,"","",,Bulgarian,Zinogre,2020-11-09T13:36:06Z
334892,Двуцветен минзухар,bg,"","",,Bulgarian,,2020-11-09T13:38:05Z
346041,Планински минзухар,bg,"","",,Bulgarian,,2020-11-09T13:38:21Z
482773,Оливиеров минзухар,bg,"","",,Bulgarian,,2020-11-09T13:38:54Z
56878,Жълт минзухар,bg,"","",,Bulgarian,,2020-11-09T13:39:02Z
125348,Златоцветен минзухар,bg,"","",,Bulgarian,,2020-11-09T13:39:18Z
48715,Червена мухоморка,bg,"","",,Bulgarian,Li Jianong,2020-11-10T13:53:59Z
204588,Булка гъба,bg,"","",,Bulgarian,,2020-11-10T13:55:27Z
48418,Пантерка,bg,"","",,Bulgarian,,2020-11-10T13:56:47Z
118249,Мухоморкови,bg,"","",,Bulgarian,,2020-11-10T13:57:11Z
63271,Жълта мухоморка,bg,"","",,Bulgarian,,2020-11-10T13:58:04Z
72281,Мушкато,bg,"","",,Bulgarian,cassi saari,2020-11-12T12:46:04Z
54404,Полски мак,bg,"","",,Bulgarian,,2020-12-02T22:17:48Z
52504,Мак,bg,"","",,Bulgarian,,2020-12-02T22:18:04Z
47332,Макови,bg,"","",,Bulgarian,,2020-12-02T22:18:41Z
78346,Сънотворен мак,bg,"","",,Bulgarian,,2020-12-02T22:19:36Z
883608,Гол мак,bg,"","",,Bulgarian,,2020-12-02T22:20:11Z
55918,Дългоплоден мак,bg,"","",,Bulgarian,,2020-12-02T22:21:39Z
69819,Птиче грозде,bg,"","",,Bulgarian,,2020-12-02T22:44:46Z
119805,Обикновено птиче грозде,bg,"","",,Bulgarian,,2020-12-02T22:45:12Z
77741,Кръглолистно птиче грозде,bg,"","",,Bulgarian,,2020-12-02T22:45:31Z
47733,Маслинови,bg,"","",,Bulgarian,newrookie,2020-12-02T22:46:04Z
61524,Обикновена щипалка,bg,"","",,Bulgarian,Bobby McCabe,2020-12-04T18:22:31Z
460163,Смирнова щипалка,bg,"","",,Bulgarian,,2020-12-04T18:26:15Z
51573,Стъкленки,bg,"","",,Bulgarian,,2020-12-13T07:29:28Z
128689,Прешленест конски босилек,bg,"","",,Bulgarian,,2020-12-13T08:38:43Z
50644,Конски босилек,bg,"","",,Bulgarian,,2020-12-13T08:39:31Z
335863,Ръждив напръстник,bg,"","",,Bulgarian,,2020-12-15T06:42:17Z
123625,Едроцветен напръстник,bg,"","",,Bulgarian,,2020-12-15T06:43:00Z
485896,Зеленоцветен напръстник,bg,"","",,Bulgarian,,2020-12-15T06:43:32Z
53983,Червен напръстник,bg,"","",,Bulgarian,,2020-12-15T06:44:46Z
157765,Бамя,bg,"","",,Bulgarian,Johan Devos,2020-12-20T20:30:06Z
486033,мъховидна каменоломка,bg,"","",,Bulgarian,Yann Kemper,2020-12-26T11:09:39Z
81769,Хлебарки,bg,"","",,Bulgarian,,2021-01-26T15:21:15Z
60903,Зимна тулостома,bg,"","",https://eol.org/pages/21076,Bulgarian,,2021-01-29T14:54:00Z
53352,Елша,bg,"","",,Bulgarian,,2021-02-02T09:00:35Z
966205,Черна елша,bg,"","",,Bulgarian,Jochen Essig,2021-02-02T09:01:02Z
75377,Бяла елша,bg,"","",,Bulgarian,,2021-02-02T09:01:30Z
49155,Брезови,bg,"","",,Bulgarian,,2021-02-02T09:04:24Z
49156,Бреза,bg,"","",,Bulgarian,,2021-02-02T09:04:40Z
83992,Бяла бреза,bg,"","",,Bulgarian,,2021-02-02T09:05:27Z
82109,Черна майка,bg,"","",,Bulgarian,,2021-02-04T16:57:13Z
130205,Синя майка,bg,"","",,Bulgarian,,2021-02-04T16:58:02Z
68006,Майки,bg,"","",,Bulgarian,,2021-02-04T16:58:40Z
51225,Конски комари,bg,"","",,Bulgarian,,2021-02-05T16:35:52Z
51148,Глог,bg,"","",,Bulgarian,,2021-02-10T13:50:32Z
789268,Черен глог,bg,"","",,Bulgarian,,2021-02-10T13:51:29Z
51147,Обикновен глог,bg,"","",,Bulgarian,,2021-02-10T13:51:52Z
856734,Ориенталски глог,bg,"","",,Bulgarian,,2021-02-10T13:53:25Z
47903,Кактусови,bg,"","",,Bulgarian,John E. Christensen,2021-02-10T16:22:59Z
120156,Домашна муха,bg,"","",,Bulgarian,,2021-02-17T02:11:06Z
855311,Енотовидно куче,bg,"","",,Bulgarian,Bobby McCabe,2021-02-24T22:57:23Z
48256,Дугласка ела,bg,"","",,Bulgarian,Jared Gorrell,2021-03-01T17:13:30Z
51824,Поясно ромолниче,bg,"","",,Bulgarian,,2021-03-03T18:16:36Z
61536,Синьо ромолниче,bg,"","",,Bulgarian,Raúl MT,2021-03-03T18:17:56Z
47928,Равнокрили водни кончета,bg,"","",,Bulgarian,,2021-03-03T18:18:30Z
47927,Разнокрили водни кончета,bg,"","",,Bulgarian,chiuluan,2021-03-03T18:19:36Z
47628,Мамарци,bg,"","",,Bulgarian,,2021-03-03T20:22:53Z
47187,Висши ракообразни,bg,"","",,Bulgarian,,2021-03-03T20:23:26Z
47186,Десетоноги,bg,"","",,Bulgarian,,2021-03-03T20:24:03Z
246165,Мечоопашати,bg,"","",,Bulgarian,,2021-03-03T20:25:13Z
47490,Многочетинести червеи,bg,"","",,Bulgarian,,2021-03-03T20:26:50Z
333586,Малочетинести червеи,bg,"","",,Bulgarian,,2021-03-03T20:28:14Z
63081,Пиявици,bg,"","",,Bulgarian,,2021-03-03T20:28:51Z
47628,Разноноги,bg,"","",,Bulgarian,,2021-03-03T20:37:14Z
172373,Лъжескорпиони,bg,"","",,Bulgarian,,2021-03-03T20:38:44Z
48139,Скачащи паяци,bg,"","",,Bulgarian,Victor HOYEAU,2021-03-03T20:40:45Z
50298,Горска ягода,bg,"","",,Bulgarian,Christoph Posch,2021-03-09T15:36:36Z
447812,Планица,bg,"","",,Bulgarian,,2021-03-09T15:50:29Z
337076,Суница,bg,"","",,Bulgarian,,2021-03-09T15:50:57Z
204246,Кичуресто плюскавиче,bg,"","",,Bulgarian,,2021-03-11T23:08:30Z
63387,Пурпурна гъба,bg,"","",,Bulgarian,,2021-03-14T08:12:15Z
922674,Огнена сърнелка,bg,"","",,Bulgarian,,2021-03-14T08:12:27Z
55823,Пролетна гладница,bg,"","",,Bulgarian,,2021-03-15T14:16:01Z
5366,Белоглав лешояд,bg,"","",,Bulgarian,,2021-03-15T16:25:35Z
56934,Двулистен синчец,bg,"","",,Bulgarian,,2021-03-15T16:33:48Z
49149,Синчец,bg,"","",,Bulgarian,,2021-03-15T16:34:05Z
244065,Битински синчец,bg,"","",,Bulgarian,,2021-03-15T16:35:05Z
361063,Градински синчец,bg,"","",,Bulgarian,,2021-03-15T16:41:46Z
64705,Градска лястовица,bg,"","",,Bulgarian,,2021-03-19T09:07:44Z
11853,Лястовицови,bg,"","",,Bulgarian,,2021-03-19T09:08:07Z
144792,Червенокръста лястовица,bg,"","",,Bulgarian,max kirsch,2021-03-19T09:08:53Z
144788,Скална лястовица,bg,"","",,Bulgarian,,2021-03-19T09:09:03Z
61787,Пипериче,bg,"","",,Bulgarian,,2021-03-19T10:23:18Z
48382,Лападови,bg,"","",,Bulgarian,,2021-03-19T10:25:17Z
81969,Гърбатки,bg,"","",,Bulgarian,,2021-03-19T12:16:12Z
129385,Мусков сечко,bg,"","",,Bulgarian,,2021-03-19T12:18:26Z
20969,Папуняк,bg,"","",,Bulgarian,Ramóna Molnár,2021-03-26T09:51:17Z
20967,Папунякови,bg,"","",,Bulgarian,,2021-03-26T09:51:52Z
17550,Кълвачоподобни,bg,"","",,Bulgarian,Sam Gordon,2021-03-26T09:53:58Z
17599,Кълвачови,bg,"","",,Bulgarian,,2021-03-26T09:54:15Z
17867,Сирийски пъстър кълвач,bg,"","",,Bulgarian,,2021-03-26T09:55:22Z
144243,Зелен кълвач,bg,"","",,Bulgarian,max kirsch,2021-03-26T09:57:58Z
18448,Въртошийка,bg,"","",,Bulgarian,Nelly Semenova,2021-03-26T09:58:46Z
17835,Черен кълвач,bg,"","",,Bulgarian,Victor HOYEAU,2021-03-26T10:03:15Z
17834,Черни кълвачи,bg,"","",,Bulgarian,,2021-03-26T10:03:45Z
18447,Въртошийки,bg,"","",,Bulgarian,,2021-03-26T10:06:55Z
17943,Белогръб кълвач,bg,"","",,Bulgarian,,2021-03-26T10:09:49Z
792985,Среден пъстър кълвач,bg,"","",,Bulgarian,,2021-03-26T10:10:30Z
792977,Малък пъстър кълвач,bg,"","",,Bulgarian,,2021-03-26T10:10:53Z
17669,Трипръст кълвач,bg,"","",,Bulgarian,,2021-03-26T10:11:22Z
43048,Източноевропейски таралеж,bg,"","",,Bulgarian,Donald Davesne,2021-03-26T10:19:02Z
46970,Европейска къртица,bg,"","",,Bulgarian,,2021-03-26T10:20:53Z
46942,Къртици,bg,"","",,Bulgarian,,2021-03-26T10:21:00Z
42048,Вълк,bg,"","",,Bulgarian,,2021-03-26T10:24:31Z
47144,Куче,bg,"","",,Bulgarian,,2021-03-26T10:24:39Z
851014,Чакал,bg,"","",,Bulgarian,,2021-03-26T10:24:54Z
42044,Кучета,bg,"","",,Bulgarian,,2021-03-26T10:25:24Z
42054,Лисици,bg,"","",,Bulgarian,,2021-03-26T10:25:48Z
42069,Лисица,bg,"","",,Bulgarian,,2021-03-26T10:26:07Z
42098,Енотовидни кучета,bg,"","",,Bulgarian,,2021-03-26T10:26:46Z
41973,Рисове,bg,"","",,Bulgarian,,2021-03-26T10:28:39Z
922459,Дива котка,bg,"","",,Bulgarian,,2021-03-26T10:28:55Z
118552,Домашна котка,bg,"","",,Bulgarian,,2021-03-26T10:29:06Z
41979,Евроазиатски рис,bg,"","",,Bulgarian,,2021-03-26T10:33:49Z
13851,Полско врабче,bg,"","",,Bulgarian,Zinogre,2021-03-29T13:57:45Z
9801,Черешарка,bg,"","",,Bulgarian,Nelly Semenova,2021-03-29T13:58:13Z
9799,Черешарки,bg,"","",,Bulgarian,,2021-03-29T13:58:28Z
9079,Чинкови,bg,"","",,Bulgarian,,2021-03-29T13:58:50Z
10068,Чинки,bg,"","",,Bulgarian,,2021-03-29T13:59:03Z
9227,Канарчета,bg,"","",,Bulgarian,max kirsch,2021-03-29T13:59:34Z
9238,Червеночело канарче,bg,"","",,Bulgarian,Valia Pavlou,2021-03-29T14:00:26Z
9236,Европейско канарче,bg,"","",,Bulgarian,,2021-03-29T14:00:50Z
10410,Кръсточовки,bg,"","",,Bulgarian,,2021-03-29T14:03:17Z
10411,Обикновена кръсточовка,bg,"","",,Bulgarian,lwnrngr,2021-03-29T14:03:32Z
10423,Белокрила кръсточовка,bg,"","",,Bulgarian,Nelly Semenova,2021-03-29T14:03:44Z
10420,Дебелоклюна кръсточовка,bg,"","",,Bulgarian,Nelly Semenova,2021-03-29T14:04:03Z
144408,Пустинни чинки,bg,"","",,Bulgarian,,2021-03-29T14:04:37Z
145293,Пустинна чинка,bg,"","",,Bulgarian,,2021-03-29T14:04:46Z
71675,Червеноклюни чинки,bg,"","",,Bulgarian,,2021-03-29T14:05:29Z
72572,Червеноклюна чинка,bg,"","",,Bulgarian,Nelly Semenova,2021-03-29T14:05:38Z
9639,Червена чинка,bg,"","",,Bulgarian,Nelly Semenova,2021-03-29T14:06:24Z
9770,Тъпочовки,bg,"","",,Bulgarian,,2021-03-29T14:06:54Z
9771,Тъпочовка,bg,"","",,Bulgarian,Sean Cozart,2021-03-29T14:07:06Z
9459,Червенушки,bg,"","",,Bulgarian,,2021-03-29T14:07:40Z
145360,Зеленика,bg,"","",,Bulgarian,,2021-03-29T14:09:03Z
145303,Елшова скатия,bg,"","",,Bulgarian,,2021-03-29T14:09:25Z
558634,Обикновено конопарче,bg,"","",,Bulgarian,,2021-03-29T14:09:52Z
558633,Жълтоклюно конопарче,bg,"","",,Bulgarian,Nelly Semenova,2021-03-29T14:10:08Z
145300,Брезова скатия,bg,"","",,Bulgarian,,2021-03-29T14:10:22Z
201233,Италианско врабче,bg,"","",,Bulgarian,,2021-03-29T14:12:49Z
13854,Испанско врабче,bg,"","",,Bulgarian,,2021-03-29T14:12:53Z
559249,Овесаркови,bg,"","",,Bulgarian,Wojciech Duda,2021-03-29T14:14:12Z
116840,Лапландска овесарка,bg,"","",,Bulgarian,,2021-03-29T14:15:05Z
9210,Белоглава овесарка,bg,"","",,Bulgarian,,2021-03-29T14:16:01Z
9195,Жълта овесарка,bg,"","",,Bulgarian,Sean Cozart,2021-03-29T14:16:11Z
9193,Сивоглава овесарка,bg,"","",,Bulgarian,Sean Cozart,2021-03-29T14:16:23Z
9217,Турска овесарка,bg,"","",,Bulgarian,,2021-03-29T14:16:34Z
9196,Градинска овесарка,bg,"","",,Bulgarian,,2021-03-29T14:17:20Z
9211,Пепелява овесарка,bg,"","",,Bulgarian,,2021-03-29T14:17:31Z
9188,Белогуша овесарка,bg,"","",,Bulgarian,,2021-03-29T14:17:43Z
9197,Малка овесарка,bg,"","",,Bulgarian,,2021-03-29T14:17:53Z
56073,пъстър мандарин,bg,"","",https://eol.org/pages/46571386,Bulgarian,,2021-03-29T14:21:15Z
9212,Жълтогърда овесарка,bg,"","",,Bulgarian,,2021-03-29T14:22:50Z
9201,Тръстикова овесарка,bg,"","",,Bulgarian,Sean Cozart,2021-03-29T14:23:19Z
9203,Черноглава овесарка,bg,"","",,Bulgarian,Christoph Posch,2021-03-29T14:23:29Z
145291,Сива овесарка,bg,"","",,Bulgarian,Sean Cozart,2021-03-29T14:23:38Z
14841,Скорецови,bg,"","",,Bulgarian,,2021-03-29T14:25:56Z
14849,Едноцветен скорец,bg,"","",,Bulgarian,,2021-03-29T14:26:34Z
145108,Розов скорец,bg,"","",,Bulgarian,,2021-03-29T14:27:03Z
12015,Сврачкови,bg,"","",,Bulgarian,,2021-03-29T14:27:37Z
12016,Сврачки,bg,"","",,Bulgarian,,2021-03-29T14:27:58Z
12042,Пустинна сврачка,bg,"","",,Bulgarian,,2021-03-29T14:28:50Z
12038,Червеногърба сврачка,bg,"","",,Bulgarian,,2021-03-29T14:29:10Z
12054,Черночела сврачка,bg,"","",,Bulgarian,,2021-03-29T14:29:20Z
559070,Сива сврачка,bg,"","",,Bulgarian,Sean Cozart,2021-03-29T14:29:32Z
12039,Червеноглава сврачка,bg,"","",,Bulgarian,,2021-03-29T14:29:46Z
12023,Белочела сврачка,bg,"","",,Bulgarian,,2021-03-29T14:29:58Z
71343,Авлигови,bg,"","",,Bulgarian,,2021-03-29T14:30:35Z
7863,Авлиги,bg,"","",,Bulgarian,,2021-03-29T14:30:57Z
71362,Торбогнездни синигери,bg,"","",,Bulgarian,,2021-03-29T14:31:28Z
13676,Торбогнезден синигер,bg,"","",,Bulgarian,,2021-03-29T14:32:01Z
7448,Дърволазкови,bg,"","",,Bulgarian,,2021-03-29T14:32:36Z
7449,Дърволазки,bg,"","",,Bulgarian,,2021-03-29T14:33:06Z
7450,Горска дърволазка,bg,"","",,Bulgarian,Nelly Semenova,2021-03-29T14:33:24Z
7462,Градинска дърволазка,bg,"","",,Bulgarian,,2021-03-29T14:33:37Z
200980,Скалолазкови,bg,"","",,Bulgarian,,2021-03-29T14:34:14Z
14839,Скалолазки,bg,"","",,Bulgarian,,2021-03-29T14:34:39Z
14840,Скалолазка,bg,"","",,Bulgarian,,2021-03-29T14:34:52Z
14811,Скална зидарка,bg,"","",,Bulgarian,Nelly Semenova,2021-03-29T14:35:32Z
71358,Завирушкови,bg,"","",,Bulgarian,,2021-03-29T14:36:07Z
13982,Завирушки,bg,"","",,Bulgarian,,2021-03-29T14:36:48Z
13988,Сивогуша завирушка,bg,"","",,Bulgarian,,2021-03-29T14:37:07Z
13983,Планинска завирушка,bg,"","",,Bulgarian,,2021-03-29T14:37:20Z
13996,Пъстрогуша завирушка,bg,"","",,Bulgarian,,2021-03-29T14:37:36Z
71339,Стърчиопашкови,bg,"","",,Bulgarian,,2021-03-29T14:38:12Z
13686,Стърчиопашки,bg,"","",,Bulgarian,,2021-03-29T14:38:36Z
13706,Бъбрици,bg,"","",,Bulgarian,,2021-03-29T14:38:47Z
13687,Жълтоглава стърчиопашка,bg,"","",,Bulgarian,,2021-03-29T14:39:29Z
13688,Планинска стърчиопашка,bg,"","",,Bulgarian,,2021-03-29T14:39:41Z
13726,Степна бъбрица,bg,"","",,Bulgarian,,2021-03-29T14:40:53Z
13712,Полска бъбрица,bg,"","",,Bulgarian,,2021-03-29T14:41:01Z
13711,Горска бъбрица,bg,"","",,Bulgarian,,2021-03-29T14:41:12Z
13721,Червеногуша бъбрица,bg,"","",,Bulgarian,,2021-03-29T14:41:32Z
13713,Водна бъбрица,bg,"","",,Bulgarian,,2021-03-29T14:41:46Z
117059,Снежна овесарка,bg,"","",,Bulgarian,,2021-03-29T14:43:10Z
14118,Снежни овесарки,bg,"","",,Bulgarian,,2021-03-29T14:43:35Z
154213,Черна хлебарка,bg,"","",,Bulgarian,carnifex,2021-03-29T15:09:56Z
121237,Германска хлебарка,bg,"","",,Bulgarian,,2021-03-29T15:10:07Z
82231,Американска хлебарка,bg,"","",,Bulgarian,Carlos Galindo-Leal,2021-03-29T15:10:18Z
52884,Щурци,bg,"","",,Bulgarian,,2021-03-29T15:12:31Z
307026,Крайбрежна щипалка,bg,"","",,Bulgarian,,2021-03-29T15:14:18Z
154784,Белокрилки,bg,"","",,Bulgarian,,2021-03-29T15:17:04Z
336037,Зърнояди,bg,"","",,Bulgarian,,2021-03-29T15:19:20Z
82765,Гъсеничари,bg,"","",,Bulgarian,,2021-03-29T15:20:36Z
423042,Житни бегачи,bg,"","",,Bulgarian,,2021-03-29T15:22:03Z
521507,Черен житен бегач,bg,"","",,Bulgarian,,2021-03-29T15:22:44Z
122211,Бомбардири,bg,"","",,Bulgarian,,2021-03-29T15:24:04Z
47653,Дебелоглавки,bg,"","",,Bulgarian,,2021-03-29T15:29:40Z
47922,Многоцветници,bg,"","",,Bulgarian,,2021-03-29T15:31:33Z
48662,Монарх,bg,"","",,Bulgarian,Winsten Slowswakey,2021-03-29T15:33:02Z
343324,Голяма ирисова пеперуда,bg,"","",,Bulgarian,,2021-03-29T15:33:19Z
322024,Лилава ирисова пеперуда,bg,"","",,Bulgarian,,2021-03-29T15:33:34Z
48508,Белянки,bg,"","",,Bulgarian,,2021-03-29T15:35:07Z
130398,Шахматна пеперуда,bg,"","",,Bulgarian,,2021-03-29T15:38:54Z
48818,Конски мухи,bg,"","",,Bulgarian,,2021-03-29T15:41:17Z
151758,Обикновена речна мида,bg,"","",,Bulgarian,,2021-03-29T15:46:52Z
114771,Овална речна мида,bg,"","",,Bulgarian,,2021-03-29T15:47:22Z
151760,Клиновидна речна мида,bg,"","",,Bulgarian,,2021-03-29T15:47:47Z
110907,Лъжлива блатна мида,bg,"","",,Bulgarian,Marsel,2021-03-29T15:48:36Z
151515,Мида беззъбка,bg,"","",,Bulgarian,,2021-03-29T15:50:09Z
151728,Китайска блатна мида,bg,"","",,Bulgarian,newrookie,2021-03-29T15:50:15Z
55837,Джанка,bg,"","",,Bulgarian,Nicolas Schwab,2021-03-29T17:31:15Z
63735,Синя слива,bg,"","",,Bulgarian,,2021-03-29T17:32:46Z
58736,Круша,bg,"","",,Bulgarian,,2021-03-29T17:49:01Z
485304,Снежна круша,bg,"","",,Bulgarian,,2021-03-29T17:49:50Z
578750,Маслинолистна круша,bg,"","",,Bulgarian,,2021-03-29T17:50:18Z
63951,Питомна круша,bg,"","",,Bulgarian,,2021-03-29T17:57:05Z
54500,Ябълка,bg,"","",,Bulgarian,,2021-03-29T17:58:12Z
61223,Киселица,bg,"","",,Bulgarian,,2021-03-29T17:58:32Z
61222,Горска ябълка,bg,"","",,Bulgarian,,2021-03-29T17:58:45Z
865087,Ранна ябълка,bg,"","",,Bulgarian,,2021-03-29T17:59:07Z
82855,Дюля,bg,"","",,Bulgarian,,2021-03-29T18:00:07Z
2599,Земеродно рибарче,bg,"","",,Bulgarian,,2021-04-06T19:39:28Z
2561,Земеродни рибарчета,bg,"","",,Bulgarian,,2021-04-06T19:39:47Z
2314,Рибарчета,bg,"","",,Bulgarian,,2021-04-06T19:40:40Z
2662,Малко пъстро рибарче,bg,"","",,Bulgarian,,2021-04-06T19:42:42Z
204519,Червеноклюно рибарче,bg,"","",,Bulgarian,Nelly Semenova,2021-04-06T19:44:01Z
2114,Синявицоподобни,bg,"","",,Bulgarian,Sam Gordon,2021-04-06T19:44:37Z
2184,Пчелояди,bg,"","",,Bulgarian,,2021-04-06T19:45:58Z
2183,Пчелоядови,bg,"","",,Bulgarian,,2021-04-06T19:46:22Z
2262,Синявицови,bg,"","",,Bulgarian,,2021-04-06T19:47:20Z
2191,Обикновен пчелояд,bg,"","",,Bulgarian,,2021-04-06T19:48:06Z
2226,Зелен пчелояд,bg,"","",,Bulgarian,,2021-04-06T19:48:36Z
2263,Синявици,bg,"","",,Bulgarian,,2021-04-06T19:49:09Z
2266,Синявица,bg,"","",,Bulgarian,,2021-04-06T19:49:42Z
7006,Гъски,bg,"","",,Bulgarian,Raúl MT,2021-04-06T19:51:04Z
7009,Посевна гъска,bg,"","",,Bulgarian,Raúl MT,2021-04-06T19:52:17Z
7019,Голяма белочела гъска,bg,"","",,Bulgarian,Raúl MT,2021-04-06T19:52:36Z
7013,Малка белочела гъска,bg,"","",,Bulgarian,,2021-04-06T19:52:52Z
7018,Сива гъска,bg,"","",,Bulgarian,Nelly Semenova,2021-04-06T19:53:03Z
7008,Тибетска гъска,bg,"","",,Bulgarian,,2021-04-06T19:53:17Z
558426,Снежна гъска,bg,"","",,Bulgarian,,2021-04-06T19:53:28Z
7086,Късоклюни гъски,bg,"","",,Bulgarian,Raúl MT,2021-04-06T19:54:05Z
7089,Канадска гъска,bg,"","",,Bulgarian,Nelly Semenova,2021-04-06T19:54:52Z
7101,Белобуза гъска,bg,"","",,Bulgarian,,2021-04-06T19:55:04Z
7087,Черна гъска,bg,"","",,Bulgarian,Nelly Semenova,2021-04-06T19:55:23Z
7102,Червеногуша гъска,bg,"","",,Bulgarian,Nelly Semenova,2021-04-06T19:55:37Z
7065,Ангъчи,bg,"","",,Bulgarian,,2021-04-06T19:56:06Z
7068,Червен ангъч,bg,"","",,Bulgarian,,2021-04-06T19:56:32Z
7067,Бял ангъч,bg,"","",,Bulgarian,Kuan-Chieh (Chuck) Hung,2021-04-06T19:56:42Z
7105,Горски патици,bg,"","",,Bulgarian,,2021-04-06T19:57:14Z
7106,Мандаринка,bg,"","",,Bulgarian,,2021-04-06T19:57:41Z
7107,Каролинска патица,bg,"","",,Bulgarian,Sean Cozart,2021-04-06T19:57:56Z
67573,Козодоевоподобни,bg,"","",,Bulgarian,Sean Cozart,2021-04-06T20:03:35Z
19376,Същински козодои,bg,"","",,Bulgarian,Sean Cozart,2021-04-06T20:04:18Z
19482,Червеноврат козодой,bg,"","",,Bulgarian,,2021-04-06T20:05:18Z
19410,Европейски козодой,bg,"","",,Bulgarian,Nelly Semenova,2021-04-06T20:05:47Z
19417,Блед козодой,bg,"","",,Bulgarian,,2021-04-06T20:06:20Z
19377,Козодои,bg,"","",,Bulgarian,,2021-04-06T20:07:14Z
6544,Бързолетови,bg,"","",,Bulgarian,Victor HOYEAU,2021-04-06T20:07:42Z
6611,Бързолети,bg,"","",,Bulgarian,Raúl MT,2021-04-06T20:08:04Z
6643,Блед бързолет,bg,"","",,Bulgarian,,2021-04-06T20:08:47Z
6638,Черен бързолет,bg,"","",,Bulgarian,,2021-04-06T20:09:00Z
1623,Кукувицоподобни,bg,"","",,Bulgarian,,2021-04-06T20:09:50Z
1627,Кукувицови,bg,"","",,Bulgarian,,2021-04-06T20:10:08Z
1787,Качулата кукувица,bg,"","",,Bulgarian,,2021-04-06T20:11:49Z
1786,Качулати кукувици,bg,"","",,Bulgarian,,2021-04-06T20:12:05Z
1897,Обикновени кукувици,bg,"","",,Bulgarian,,2021-04-06T20:12:42Z
1907,Обикновена кукувица,bg,"","",,Bulgarian,Nelly Semenova,2021-04-06T20:12:57Z
1965,Жълтоклюна американска кукувица,bg,"","",,Bulgarian,,2021-04-06T20:14:19Z
1959,Американски кукувици,bg,"","",,Bulgarian,,2021-04-06T20:14:54Z
71295,Гагаркови,bg,"","",,Bulgarian,,2021-04-06T20:15:29Z
4500,Гагарки,bg,"","",,Bulgarian,,2021-04-06T20:15:50Z
4501,Гагарка,bg,"","",,Bulgarian,Chris Thawley,2021-04-06T20:15:57Z
4515,Кайри,bg,"","",,Bulgarian,,2021-04-06T20:16:19Z
4519,Тъпоклюна кайра,bg,"","",,Bulgarian,,2021-04-06T20:16:49Z
4413,Чистици,bg,"","",,Bulgarian,,2021-04-06T20:17:59Z
4418,Чистик,bg,"","",,Bulgarian,,2021-04-06T20:18:14Z
4503,Тъпоклюни,bg,"","",,Bulgarian,,2021-04-06T20:19:12Z
4504,Тъпоклюн,bg,"","",,Bulgarian,Nelly Semenova,2021-04-06T20:19:46Z
67561,Дъждосвирцоподобни,bg,"","",,Bulgarian,,2021-04-06T20:20:36Z
4342,Чайкови,bg,"","",,Bulgarian,,2021-04-06T20:21:23Z
4343,Чайки,bg,"","",,Bulgarian,,2021-04-06T20:21:41Z
204533,Сребриста чайка,bg,"","",,Bulgarian,Sean Cozart,2021-04-06T20:23:22Z
4381,Малка черногърба чайка,bg,"","",,Bulgarian,Zinogre,2021-04-06T20:23:45Z
4368,Голяма черногърба чайка,bg,"","",,Bulgarian,,2021-04-06T20:24:05Z
4349,Полярна чайка,bg,"","",,Bulgarian,,2021-04-06T20:24:34Z
4361,Белокрила чайка,bg,"","",,Bulgarian,Victor HOYEAU,2021-04-06T20:24:50Z
144519,Белоока чайка,bg,"","",,Bulgarian,,2021-04-06T20:25:43Z
144522,Средиземноморска чайка,bg,"","",,Bulgarian,Nelly Semenova,2021-04-06T20:26:14Z
144517,Малка черноглава чайка,bg,"","",,Bulgarian,,2021-04-06T20:26:53Z
144521,Голяма черноглава чайка,bg,"","",,Bulgarian,,2021-04-06T20:27:08Z
144510,Речна чайка,bg,"","",,Bulgarian,,2021-04-06T20:28:02Z
144501,Дългоклюна чайка,bg,"","",,Bulgarian,,2021-04-06T20:28:28Z
4356,Чайка буревестница,bg,"","",,Bulgarian,Zinogre,2021-04-06T20:29:12Z
144512,Малка чайка,bg,"","",,Bulgarian,,2021-04-06T20:29:36Z
4494,Трипръста чайка,bg,"","",,Bulgarian,Sean Cozart,2021-04-06T20:30:31Z
4492,Трипръсти чайки,bg,"","",,Bulgarian,,2021-04-06T20:30:50Z
4570,Вилоопашати чайки,bg,"","",,Bulgarian,,2021-04-06T20:31:31Z
4571,Вилоопашата чайка,bg,"","",,Bulgarian,,2021-04-06T20:31:47Z
4510,Късоопашати рибарки,bg,"","",,Bulgarian,,2021-04-06T20:32:36Z
62148,Белобрада рибарка,bg,"","",,Bulgarian,Zinogre,2021-04-06T20:33:00Z
4514,Белокрила рибарка,bg,"","",,Bulgarian,,2021-04-06T20:33:18Z
4512,Черна рибарка,bg,"","",,Bulgarian,Nelly Semenova,2021-04-06T20:33:27Z
144325,Дебелоклюни рибарки,bg,"","",,Bulgarian,,2021-04-06T20:34:18Z
144536,Дебелоклюна рибарка,bg,"","",,Bulgarian,,2021-04-06T20:34:30Z
144326,Каспийски рибарки,bg,"","",,Bulgarian,,2021-04-06T20:35:14Z
144537,Каспийска рибарка,bg,"","",,Bulgarian,渔喵,2021-04-06T20:35:22Z
4424,Дългоопашати рибарки,bg,"","",,Bulgarian,,2021-04-06T20:35:54Z
4450,Речна рибарка,bg,"","",,Bulgarian,,2021-04-06T20:36:41Z
4449,Полярна рибарка,bg,"","",,Bulgarian,,2021-04-06T20:36:55Z
144529,Белочела рибарка,bg,"","",,Bulgarian,,2021-04-06T20:37:24Z
556656,Обикновен тритон,bg,"","",,Bulgarian,,2021-04-09T20:14:23Z
27701,Саламандри,bg,"","",,Bulgarian,JIN Pin-Tsen,2021-04-09T20:16:11Z
27723,Южен гребенест тритон,bg,"","",,Bulgarian,,2021-04-09T20:17:15Z
27705,Дунавски гребенест тритон,bg,"","",,Bulgarian,,2021-04-09T20:19:14Z
27718,Северен гребенест тритон,bg,"","",,Bulgarian,,2021-04-09T20:21:15Z
26718,Опашати земноводни,bg,"","",,Bulgarian,Victor HOYEAU,2021-04-09T20:22:46Z
32548,Червейници,bg,"","",,Bulgarian,Daniel Bocanumenth E.,2021-04-09T20:25:40Z
32080,Бои,bg,"","",,Bulgarian,Navapol Komanasin,2021-04-09T20:26:06Z
514727,Червейница,bg,"","",,Bulgarian,,2021-04-09T20:27:13Z
100411,Пясъчна боа,bg,"","",,Bulgarian,,2021-04-09T20:28:53Z
64078,Котешка змия,bg,"","",,Bulgarian,,2021-04-09T20:29:28Z
29450,Вдлъбнаточел смок,bg,"","",,Bulgarian,,2021-04-09T20:29:56Z
966787,Обикновена водна змия,bg,"","",,Bulgarian,Chris Thawley,2021-04-09T20:30:19Z
30237,Ивичест смок,bg,"","",,Bulgarian,,2021-04-09T20:31:06Z
30285,Пъстър смок,bg,"","",,Bulgarian,,2021-04-09T20:31:33Z
99496,Голям стрелец,bg,"","",,Bulgarian,,2021-04-09T20:31:58Z
74011,Леопардов смок,bg,"","",,Bulgarian,,2021-04-09T20:32:27Z
74009,Смок мишкар,bg,"","",,Bulgarian,,2021-04-09T20:32:57Z
73910,Тънък стрелец,bg,"","",,Bulgarian,,2021-04-09T20:33:23Z
73909,Черноврата стрелушка,bg,"","",,Bulgarian,,2021-04-09T20:33:55Z
26904,Медянка,bg,"","",,Bulgarian,,2021-04-09T20:36:30Z
30929,Аспида,bg,"","",,Bulgarian,,2021-04-09T20:37:36Z
30901,Остромуцунеста усойница,bg,"","",,Bulgarian,,2021-04-09T20:38:12Z
73874,Малоазиатска отровница,bg,"","",,Bulgarian,Victor HOYEAU,2021-04-09T20:38:45Z
36982,Сцинкове,bg,"","",,Bulgarian,,2021-04-09T20:42:16Z
73585,Късокрак гущер,bg,"","",,Bulgarian,,2021-04-09T20:42:53Z
31888,Слепоци,bg,"","",,Bulgarian,,2021-04-09T20:43:13Z
31975,Жълтокоремник,bg,"","",,Bulgarian,,2021-04-09T20:44:11Z
35360,Същински гущери,bg,"","",,Bulgarian,,2021-04-09T20:44:33Z
35383,Горски гущер,bg,"","",,Bulgarian,,2021-04-09T20:45:04Z
35912,Ливаден гущер,bg,"","",,Bulgarian,,2021-04-09T20:45:32Z
35871,Ивичест гущер,bg,"","",,Bulgarian,Christoph Posch,2021-04-09T20:45:58Z
35760,Змиеок гущер,bg,"","",,Bulgarian,Theodore,2021-04-09T20:46:33Z
35677,Македонски гущер,bg,"","",,Bulgarian,Victor HOYEAU,2021-04-09T20:47:05Z
73920,Кримски гущер,bg,"","",,Bulgarian,,2021-04-09T20:47:36Z
35453,Живороден гущер,bg,"","",,Bulgarian,,2021-04-09T20:48:11Z
36023,Пясъчен гущер,bg,"","",,Bulgarian,,2021-04-09T20:48:40Z
39867,Обикновена блатна костенурка,bg,"","",,Bulgarian,,2021-04-09T20:54:31Z
105329,Каспийска блатна костенурка,bg,"","",,Bulgarian,Sam Gordon,2021-04-09T20:54:58Z
39665,Карета,bg,"","",,Bulgarian,Li Jianong,2021-04-09T20:55:18Z
39659,Зелена морска костенурка,bg,"","",,Bulgarian,traianbertau,2021-04-09T20:55:49Z
47561,Бор,bg,"","",,Bulgarian,,2021-04-10T16:50:04Z
47562,Борови,bg,"","",,Bulgarian,,2021-04-10T16:50:25Z
54262,Ела,bg,"","",,Bulgarian,,2021-04-10T16:50:50Z
136886,Гръцка ела,bg,"","",,Bulgarian,,2021-04-10T16:51:34Z
136896,Испанска ела,bg,"","",,Bulgarian,,2021-04-10T16:51:51Z
136319,Бяла ела,bg,"","",,Bulgarian,,2021-04-10T16:52:00Z
68087,Сребриста ела,bg,"","",,Bulgarian,,2021-04-10T16:52:16Z
69821,Кедър,bg,"","",,Bulgarian,,2021-04-10T16:52:40Z
136150,Ливански кедър,bg,"","",,Bulgarian,,2021-04-10T16:53:12Z
136234,Атлантически кедър,bg,"","",,Bulgarian,,2021-04-10T16:53:21Z
55571,Лиственица,bg,"","",,Bulgarian,,2021-04-10T16:53:43Z
119092,Сребрист смърч,bg,"","",,Bulgarian,Victor HOYEAU,2021-04-10T16:54:33Z
63567,Обикновен смърч,bg,"","",,Bulgarian,,2021-04-10T16:54:43Z
52391,Веймутов бор,bg,"","",,Bulgarian,,2021-04-10T16:56:59Z
135730,Бяла мура,bg,"","",,Bulgarian,,2021-04-10T16:57:15Z
82722,Алепски бор,bg,"","",,Bulgarian,,2021-04-10T16:57:38Z
82723,Морски бор,bg,"","",,Bulgarian,,2021-04-10T16:57:58Z
135790,Черен бор,bg,"","",,Bulgarian,,2021-04-10T16:58:10Z
135783,Черна мура,bg,"","",,Bulgarian,,2021-04-10T16:58:20Z
47556,Тисови,bg,"","",,Bulgarian,,2021-04-10T16:59:18Z
47555,Тис,bg,"","",,Bulgarian,,2021-04-10T16:59:30Z
47553,Обикновен тис,bg,"","",,Bulgarian,,2021-04-10T16:59:43Z
49667,Блатен кипарис,bg,"","",,Bulgarian,,2021-04-10T17:01:39Z
49666,Блатен кипарис,bg,"","",,Bulgarian,,2021-04-10T17:01:50Z
69150,Метасеквоя,bg,"","",,Bulgarian,,2021-04-10T17:03:02Z
64355,Гинко,bg,"","",,Bulgarian,,2021-04-10T17:03:51Z
64350,Двуделно гинко,bg,"","",,Bulgarian,,2021-04-10T17:04:23Z
64354,Гинкови,bg,"","",,Bulgarian,,2021-04-10T17:04:46Z
53880,Ефедрови,bg,"","",,Bulgarian,,2021-04-10T17:05:25Z
53881,Ефедра,bg,"","",,Bulgarian,Bobby McCabe,2021-04-10T17:05:40Z
340431,Обикновена ефедра,bg,"","",,Bulgarian,Bobby McCabe,2021-04-10T17:06:06Z
69757,Лъжекипарис,bg,"","",,Bulgarian,,2021-04-10T17:07:25Z
76237,Лавзонов лъжекипарис,bg,"","",,Bulgarian,Victor HOYEAU,2021-04-10T17:07:49Z
49292,Кипарис,bg,"","",,Bulgarian,,2021-04-10T17:08:19Z
64261,Вечнозелен кипарис,bg,"","",,Bulgarian,,2021-04-10T17:08:47Z
47574,Хвойна,bg,"","",,Bulgarian,,2021-04-10T17:09:22Z
133994,Червена хвойна,bg,"","",,Bulgarian,,2021-04-10T17:10:54Z
58725,Обикновена хвойна,bg,"","",,Bulgarian,Josué Orfão,2021-04-10T17:11:08Z
135920,Дървовидна хвойна,bg,"","",,Bulgarian,,2021-04-10T17:11:44Z
47572,Казашка хвойна,bg,"","",,Bulgarian,,2021-04-10T17:12:07Z
49399,Вирджинска хвойна,bg,"","",,Bulgarian,Joshua Ekrut,2021-04-10T17:13:01Z
129799,Платикладус,bg,"","",,Bulgarian,,2021-04-10T17:13:40Z
135659,Източен платикладус,bg,"","",,Bulgarian,Donald Davesne,2021-04-10T17:13:55Z
48253,Туя,bg,"","",,Bulgarian,Scott Loarie,2021-04-10T17:14:19Z
54037,Западна туя,bg,"","",,Bulgarian,,2021-04-10T17:14:39Z
136329,Голосеменни,bg,"","",,Bulgarian,,2021-04-10T17:16:26Z
47375,Голосеменни,bg,"","",,Bulgarian,,2021-04-10T17:16:48Z
121943,Папратовидни,bg,"","",,Bulgarian,Andrés Ramírez-Barrera,2021-04-10T17:19:31Z
47623,Плауновидни,bg,"","",,Bulgarian,,2021-04-10T17:21:02Z
324088,Обикновена многоцветница,bg,"","",,Bulgarian,,2021-04-15T13:26:58Z
321054,Жълтокрака многоцветница,bg,"","",,Bulgarian,Christoph Posch,2021-04-15T13:46:22Z
56832,Траурница,bg,"","",,Bulgarian,,2021-04-15T13:46:56Z
55626,Рапична пеперуда,bg,"","",,Bulgarian,Montse Almaraz-Rodríguez,2021-04-15T13:49:37Z
55401,Зелева пеперуда,bg,"","",,Bulgarian,,2021-04-15T13:49:59Z
922609,Полуконусовидно плюскавиче,bg,"","",,Bulgarian,Dmitriy Bochkov,2021-04-19T17:50:08Z
61118,Конусовидно плюскавиче,bg,"","",,Bulgarian,,2021-04-19T17:51:43Z
484911,Мехуресто плюскавиче,bg,"","",,Bulgarian,,2021-04-19T17:58:18Z
484873,Фривалдскиево плюскавиче,bg,"","",,Bulgarian,,2021-04-19T18:03:20Z
448161,Каменоломково плюскавиче,bg,"","",,Bulgarian,,2021-04-19T18:03:51Z
516159,Лерхенфелдово плюскавиче,bg,"","",,Bulgarian,,2021-04-19T18:05:17Z
516113,Плътно плюскавиче,bg,"","",,Bulgarian,,2021-04-19T18:05:33Z
516111,Мочурно плюскавиче,bg,"","",,Bulgarian,,2021-04-19T18:05:50Z
484860,Гигантско плюскавиче,bg,"","",,Bulgarian,,2021-04-19T18:06:08Z
130726,Италианско плюскавиче,bg,"","",,Bulgarian,,2021-04-19T18:06:34Z
484868,Дългоцветно плюскавиче,bg,"","",,Bulgarian,,2021-04-19T18:09:34Z
484872,Зеленикаво плюскавиче,bg,"","",,Bulgarian,,2021-04-19T18:10:06Z
53212,Галско плюскавиче,bg,"","",,Bulgarian,,2021-04-19T18:14:53Z
79106,Двуделно плюскавиче,bg,"","",,Bulgarian,,2021-04-19T18:15:05Z
516202,Жълтеникаво плюскавиче,bg,"","",,Bulgarian,,2021-04-19T18:15:20Z
469669,Зеленоцветно плюскавиче,bg,"","",,Bulgarian,,2021-04-19T18:15:38Z
324716,Ресничесто плюскавиче,bg,"","",,Bulgarian,,2021-04-19T18:15:57Z
855873,Полегнало плюскавиче,bg,"","",,Bulgarian,,2021-04-19T18:16:07Z
516190,Мащерковидно плюскавиче,bg,"","",,Bulgarian,,2021-04-19T18:16:24Z
2708,Гълъбоподобни,bg,"","",,Bulgarian,,2021-04-19T18:51:28Z
2715,Гълъбови,bg,"","",,Bulgarian,,2021-04-19T18:52:28Z
3000,Гълъби,bg,"","",,Bulgarian,Sam Gordon,2021-04-19T18:52:55Z
3017,Скален гълъб,bg,"","",,Bulgarian,Jordan🌻,2021-04-19T18:53:42Z
122767,Домашен гълъб,bg,"","",,Bulgarian,,2021-04-19T18:54:44Z
3048,Гривяк,bg,"","",,Bulgarian,Christoph Posch,2021-04-19T18:55:16Z
3033,Хралупар,bg,"","",,Bulgarian,,2021-04-19T18:56:37Z
2926,Гургулици,bg,"","",,Bulgarian,Raúl MT,2021-04-19T18:58:00Z
2927,Голяма гургулица,bg,"","",,Bulgarian,Steven Kurniawidjaja,2021-04-19T18:59:17Z
200960,Пустинаркови,bg,"","",,Bulgarian,,2021-04-19T19:00:45Z
470156,Пустинаркоподобни,bg,"","",,Bulgarian,,2021-04-19T19:01:47Z
71746,Пустинарки,bg,"","",,Bulgarian,,2021-04-19T19:02:12Z
117078,Белокоремна пустинарка,bg,"","",,Bulgarian,,2021-04-19T19:02:52Z
117088,Чернокоремна пустинарка,bg,"","",,Bulgarian,,2021-04-19T19:03:08Z
71761,Степни кокошки,bg,"","",,Bulgarian,,2021-04-19T19:04:13Z
117119,Пухопръста степна кокошка,bg,"","",,Bulgarian,,2021-04-19T19:04:38Z
67566,Пеликаноподобни,bg,"","",,Bulgarian,,2021-04-19T19:05:41Z
4323,Пеликанови,bg,"","",,Bulgarian,,2021-04-19T19:06:23Z
4324,Пеликани,bg,"","",,Bulgarian,,2021-04-19T19:06:42Z
4327,Розов пеликан,bg,"","",,Bulgarian,,2021-04-19T19:07:05Z
4333,Къдроглав пеликан,bg,"","",,Bulgarian,,2021-04-19T19:07:26Z
71268,Рибоядоподобни,bg,"","",,Bulgarian,,2021-04-19T19:11:05Z
4262,Корморанови,bg,"","",,Bulgarian,,2021-04-19T19:11:24Z
4263,Корморани,bg,"","",,Bulgarian,max kirsch,2021-04-19T19:12:14Z
4270,Обикновен корморан,bg,"","",,Bulgarian,Zachary Dankowicz,2021-04-19T19:12:56Z
3784,Рибоядови,bg,"","",,Bulgarian,,2021-04-19T19:13:20Z
3800,Рибояди,bg,"","",,Bulgarian,max kirsch,2021-04-19T19:14:01Z
3802,Бял рибояд,bg,"","",,Bulgarian,Nelly Semenova,2021-04-19T19:14:10Z
979813,Малък корморан,bg,"","",,Bulgarian,Nelly Semenova,2021-04-19T19:17:07Z
3726,Щъркелоподобни,bg,"","",,Bulgarian,,2021-04-19T19:18:05Z
4730,Щъркелови,bg,"","",,Bulgarian,Sean Cozart,2021-04-19T19:18:40Z
3727,Ибисови,bg,"","",,Bulgarian,,2021-04-19T19:19:47Z
3756,Блестящ ибис,bg,"","",,Bulgarian,Sean Cozart,2021-04-19T19:20:20Z
3755,Блестящи ибиси,bg,"","",,Bulgarian,,2021-04-19T19:20:49Z
3728,Лопатарки,bg,"","",,Bulgarian,,2021-04-19T19:21:12Z
3731,Бяла лопатарка,bg,"","",,Bulgarian,,2021-04-19T19:22:55Z
67569,Фламингоподобни,bg,"","",,Bulgarian,,2021-04-19T19:24:23Z
4255,Фламингови,bg,"","",,Bulgarian,,2021-04-19T19:24:45Z
4257,Червено фламинго,bg,"","",,Bulgarian,,2021-04-19T19:25:25Z
73222,Розово фламинго,bg,"","",,Bulgarian,Nelly Semenova,2021-04-19T19:26:48Z
4256,Червени фламинги,bg,"","",,Bulgarian,Raúl MT,2021-04-19T19:27:58Z
4951,Червена чапла,bg,"","",,Bulgarian,Nelly Semenova,2021-04-19T19:29:24Z
4994,Гривеста чапла,bg,"","",,Bulgarian,iSea,2021-04-19T19:31:20Z
4989,Гривести чапли,bg,"","",,Bulgarian,Sam Gordon,2021-04-19T19:31:36Z
4979,Нощни чапли,bg,"","",,Bulgarian,Sam Gordon,2021-04-19T19:32:55Z
4981,Нощна чапла,bg,"","",,Bulgarian,Ilya Burylov,2021-04-19T19:33:19Z
5030,Водни бикове,bg,"","",,Bulgarian,,2021-04-19T19:36:07Z
5033,Воден бик,bg,"","",,Bulgarian,Nelly Semenova,2021-04-19T19:36:23Z
67565,Буревестникоподобни,bg,"","",,Bulgarian,,2021-04-19T19:38:06Z
4020,Буревестникови,bg,"","",,Bulgarian,,2021-04-19T19:38:31Z
509656,Жълтоклюн буревестник,bg,"","",,Bulgarian,Kobus Meyer,2021-04-19T19:39:18Z
4185,Жълтоклюни буревестници,bg,"","",,Bulgarian,,2021-04-19T19:39:45Z
4092,Обикновени буревестници,bg,"","",,Bulgarian,,2021-04-19T19:40:15Z
4093,Обикновен буревестник,bg,"","",,Bulgarian,,2021-04-19T19:40:24Z
4109,Средиземноморски буревестник,bg,"","",,Bulgarian,,2021-04-19T19:42:20Z
71326,Вълнолюбкови,bg,"","",,Bulgarian,,2021-04-19T19:43:16Z
4170,Вълнолюбка,bg,"","",,Bulgarian,,2021-04-19T19:43:55Z
67562,Гмуркачоподобни,bg,"","",,Bulgarian,Raúl MT,2021-04-19T19:45:09Z
4619,Гмуркачови,bg,"","",,Bulgarian,Raúl MT,2021-04-19T19:45:25Z
4620,Гмуркачи,bg,"","",,Bulgarian,,2021-04-19T19:45:38Z
4623,Черногуш гмуркач,bg,"","",,Bulgarian,,2021-04-19T19:46:22Z
4627,Червеногуш гмуркач,bg,"","",,Bulgarian,Raúl MT,2021-04-19T19:46:59Z
4626,Полярен гмуркач,bg,"","",,Bulgarian,Raúl MT,2021-04-19T19:47:27Z
4622,Жълтоклюн гмуркач,bg,"","",,Bulgarian,Raúl MT,2021-04-19T19:47:58Z
67563,Гмурецоподобни,bg,"","",,Bulgarian,,2021-04-19T19:48:40Z
4203,Гмурецови,bg,"","",,Bulgarian,,2021-04-19T19:48:55Z
4208,Голям гмурец,bg,"","",,Bulgarian,Nelly Semenova,2021-04-19T19:49:31Z
4224,Среден гмурец,bg,"","",,Bulgarian,Victor HOYEAU,2021-04-19T19:50:10Z
4205,Черноврат гмурец,bg,"","",,Bulgarian,,2021-04-19T19:50:36Z
4209,Ушат гмурец,bg,"","",,Bulgarian,Nelly Semenova,2021-04-19T19:50:55Z
4204,Гмурци,bg,"","",,Bulgarian,,2021-04-19T19:51:17Z
4236,Малки гмурци,bg,"","",,Bulgarian,,2021-04-19T19:52:06Z
4237,Малък гмурец,bg,"","",,Bulgarian,,2021-04-19T19:52:15Z
6930,Зеленоглава патица,bg,"","",,Bulgarian,Raúl MT,2021-04-19T20:22:38Z
109650,Речно шило,bg,"","",,Bulgarian,Raúl MT,2021-04-19T20:23:35Z
81545,Обикновен дъждовен червей,bg,"","",,Bulgarian,,2021-04-19T20:25:04Z
20244,Чухал,bg,"","",,Bulgarian,Cole Gaerber,2021-04-26T22:04:49Z
20190,Чухали,bg,"","",,Bulgarian,Cole Gaerber,2021-04-26T22:07:19Z
19728,Совови,bg,"","",,Bulgarian,,2021-04-26T22:07:43Z
19350,Совоподобни,bg,"","",,Bulgarian,,2021-04-26T22:08:04Z
20413,Забулени сови,bg,"","",,Bulgarian,,2021-04-26T22:08:54Z
20445,Забулена сова,bg,"","",,Bulgarian,Nelly Semenova,2021-04-26T22:09:23Z
20059,Бухал,bg,"","",,Bulgarian,,2021-04-26T22:10:10Z
144594,Полярна сова,bg,"","",,Bulgarian,Nelly Semenova,2021-04-26T22:10:46Z
20372,Ястребова сова,bg,"","",,Bulgarian,,2021-04-26T22:11:42Z
19848,Малка кукумявка,bg,"","",,Bulgarian,Nelly Semenova,2021-04-26T22:12:23Z
19885,Улулици,bg,"","",,Bulgarian,max kirsch,2021-04-26T22:13:28Z
19898,Горска улулица,bg,"","",,Bulgarian,,2021-04-26T22:13:42Z
19910,Уралска улулица,bg,"","",,Bulgarian,Nelly Semenova,2021-04-26T22:13:50Z
20307,Горска ушата сова,bg,"","",,Bulgarian,,2021-04-26T22:14:40Z
20315,Блатна сова,bg,"","",,Bulgarian,,2021-04-26T22:14:50Z
20359,Пернатонога кукумявка,bg,"","",,Bulgarian,Victor HOYEAU,2021-04-26T22:15:44Z
4,Жеравоподобни,bg,"","",,Bulgarian,,2021-04-26T22:16:37Z
23,Жеравови,bg,"","",,Bulgarian,,2021-04-26T22:17:00Z
41,Сив жерав,bg,"","",,Bulgarian,,2021-04-26T22:17:54Z
154,Дърдавцови,bg,"","",,Bulgarian,,2021-04-26T22:18:59Z
212,Крещалци,bg,"","",,Bulgarian,,2021-04-26T22:19:33Z
513926,Крещалец,bg,"","",,Bulgarian,,2021-04-26T22:19:52Z
441,Ливадни дърдавци,bg,"","",,Bulgarian,,2021-04-26T22:20:54Z
443,Ливаден дърдавец,bg,"","",,Bulgarian,,2021-04-26T22:21:05Z
508919,Средна пъструшка,bg,"","",,Bulgarian,,2021-04-26T22:22:37Z
508920,Малка пъструшка,bg,"","",,Bulgarian,,2021-04-26T22:22:45Z
178,Голяма пъструшка,bg,"","",,Bulgarian,,2021-04-26T22:22:53Z
201282,Зеленоножка,bg,"","",,Bulgarian,,2021-04-26T22:23:58Z
475028,Султанка,bg,"","",,Bulgarian,,2021-04-26T22:24:47Z
482,Лиска,bg,"","",,Bulgarian,,2021-04-26T22:25:18Z
71266,Дроплоподобни,bg,"","",,Bulgarian,,2021-04-26T22:26:31Z
75,Дроплови,bg,"","",,Bulgarian,,2021-04-26T22:26:48Z
132,Стрепет,bg,"","",,Bulgarian,,2021-04-26T22:27:22Z
131,Стрепети,bg,"","",,Bulgarian,,2021-04-26T22:27:26Z
76,Дропли,bg,"","",,Bulgarian,,2021-04-26T22:27:50Z
77,Дропла,bg,"","",,Bulgarian,,2021-04-26T22:27:57Z
204484,Хубара,bg,"","",,Bulgarian,Sean Cozart,2021-04-26T22:28:32Z
118,Хубари,bg,"","",,Bulgarian,Sean Cozart,2021-04-26T22:28:39Z
367702,Казуароподобни,bg,"","",,Bulgarian,,2021-04-26T22:30:08Z
508252,Казуарови,bg,"","",,Bulgarian,Sam Gordon,2021-04-26T22:30:26Z
574,Кокошови,bg,"","",,Bulgarian,,2021-04-26T22:32:18Z
558443,Лещарка,bg,"","",,Bulgarian,,2021-04-26T22:33:59Z
845,Кеклици,bg,"","",,Bulgarian,,2021-04-26T22:34:40Z
863,Планински кеклик,bg,"","",,Bulgarian,,2021-04-26T22:34:52Z
846,Тракийски кеклик,bg,"","",,Bulgarian,Nelly Semenova,2021-04-26T22:35:04Z
867,Червен кеклик,bg,"","",,Bulgarian,,2021-04-26T22:35:14Z
826,Яребици,bg,"","",,Bulgarian,,2021-04-26T22:35:44Z
831,Яребица,bg,"","",,Bulgarian,,2021-04-26T22:35:50Z
790,Пъдпъдъци,bg,"","",,Bulgarian,Sam Gordon,2021-04-26T22:37:31Z
804,Пъдпъдък,bg,"","",,Bulgarian,Nelly Semenova,2021-04-26T22:37:40Z
981,Колхидски фазан,bg,"","",,Bulgarian,Nelly Semenova,2021-04-26T22:38:15Z
980,Фазани,bg,"","",,Bulgarian,carnifex,2021-04-26T22:38:33Z
59845,Степна ветрушка,bg,"","",,Bulgarian,,2021-04-26T22:42:42Z
472766,Обикновена ветрушка,bg,"","",,Bulgarian,Nelly Semenova,2021-04-26T22:43:05Z
4641,Вечерна ветрушка,bg,"","",,Bulgarian,,2021-04-26T22:43:20Z
4672,Малък сокол,bg,"","",,Bulgarian,,2021-04-26T22:43:52Z
4643,Сокол орко,bg,"","",,Bulgarian,,2021-04-26T22:44:05Z
4671,Средиземноморски сокол,bg,"","",,Bulgarian,,2021-04-26T22:46:54Z
4684,Далматински сокол,bg,"","",,Bulgarian,,2021-04-26T22:47:21Z
4691,Ловен сокол,bg,"","",,Bulgarian,,2021-04-26T22:47:54Z
4657,Голям сокол,bg,"","",,Bulgarian,,2021-04-26T22:48:09Z
4647,Сокол скитник,bg,"","",,Bulgarian,,2021-04-26T22:48:30Z
4638,Соколи,bg,"","",,Bulgarian,,2021-04-26T22:48:53Z
200958,Орли рибари,bg,"","",,Bulgarian,,2021-04-26T22:50:24Z
71725,Орли рибари,bg,"","",,Bulgarian,,2021-04-26T22:50:33Z
116999,Орел рибар,bg,"","",,Bulgarian,Nan Yang,2021-04-26T22:50:48Z
5324,Осояди,bg,"","",,Bulgarian,,2021-04-26T22:51:40Z
5325,Осояд,bg,"","",,Bulgarian,,2021-04-26T22:51:46Z
5275,Пепелява каня,bg,"","",,Bulgarian,Ilya Burylov,2021-04-26T22:52:21Z
5273,Пепеляви кани,bg,"","",,Bulgarian,,2021-04-26T22:52:44Z
5265,Кани,bg,"","",,Bulgarian,,2021-04-26T22:53:18Z
5267,Червена каня,bg,"","",,Bulgarian,,2021-04-26T22:53:30Z
5268,Черна каня,bg,"","",,Bulgarian,,2021-04-26T22:53:37Z
5303,Морски орли,bg,"","",,Bulgarian,,2021-04-26T22:54:22Z
5309,Морски орел,bg,"","",,Bulgarian,,2021-04-26T22:54:34Z
5359,Малки лешояди,bg,"","",,Bulgarian,,2021-04-26T22:55:08Z
5361,Малък лешояд,bg,"","",,Bulgarian,Nelly Semenova,2021-04-26T22:55:19Z
5378,Брадати лешояди,bg,"","",,Bulgarian,,2021-04-26T22:55:53Z
5379,Брадат лешояд,bg,"","",,Bulgarian,,2021-04-26T22:56:01Z
5380,Черни лешояди,bg,"","",,Bulgarian,,2021-04-26T22:56:51Z
5382,Черен лешояд,bg,"","",,Bulgarian,,2021-04-26T22:57:00Z
5242,Орел змияр,bg,"","",,Bulgarian,,2021-04-26T22:57:37Z
5239,Орли змияри,bg,"","",,Bulgarian,,2021-04-26T22:57:52Z
5163,Блатари,bg,"","",,Bulgarian,,2021-04-26T22:58:12Z
5173,Тръстиков блатар,bg,"","",,Bulgarian,Sean Cozart,2021-04-26T22:58:48Z
559064,Полски блатар,bg,"","",,Bulgarian,,2021-04-26T22:58:56Z
5178,Степен блатар,bg,"","",,Bulgarian,,2021-04-26T22:59:10Z
5167,Ливаден блатар,bg,"","",,Bulgarian,,2021-04-26T22:59:17Z
5068,Орли,bg,"","",,Bulgarian,,2021-04-26T23:00:47Z
5079,Степен орел,bg,"","",,Bulgarian,,2021-04-26T23:01:28Z
5071,Кръстат орел,bg,"","",,Bulgarian,Nelly Semenova,2021-04-26T23:01:39Z
201033,Малък креслив орел,bg,"","",,Bulgarian,,2021-04-26T23:02:36Z
201035,Голям креслив орел,bg,"","",,Bulgarian,,2021-04-26T23:02:53Z
5154,Малък орел,bg,"","",,Bulgarian,,2021-04-26T23:03:38Z
144467,Ястребов орел,bg,"","",,Bulgarian,Mengshuai Ge,2021-04-26T23:04:11Z
47416,Паяци вълци,bg,"","",,Bulgarian,,2021-04-26T23:18:47Z
55882,Бръшлян,bg,"","",,Bulgarian,,2021-04-30T22:44:05Z
52849,Бръшлянови,bg,"","",,Bulgarian,,2021-04-30T22:44:30Z
523688,Стрибърнова ведрица,bg,"","",,Bulgarian,,2021-05-04T19:57:52Z
436398,Гръцка ведрица,bg,"","",,Bulgarian,,2021-05-04T19:58:35Z
71248,Полски щурец,bg,"","",,Bulgarian,,2021-05-05T22:19:28Z
319365,Лаксманово срещниче,bg,"","",,Bulgarian,katunchik,2021-05-16T13:25:38Z
741459,Обикновено лепило,bg,"","",,Bulgarian,Galló Orsi,2021-05-17T11:41:49Z
204229,Лепило,bg,"","",,Bulgarian,,2021-05-17T11:42:04Z
53438,Роза,bg,"","",,Bulgarian,,2021-05-18T06:10:01Z
322316,зеброво цвете,bg,"","",https://eol.org/pages/6925460,Bulgarian,,2021-05-19T19:39:11Z
78589,мидено цвете,bg,"","",https://eol.org/pages/1134478,Bulgarian,wsyxbcl,2021-05-19T19:39:12Z
42347,Дива коза,bg,"","",,Bulgarian,,2021-05-22T06:53:55Z
42134,Дива свиня,bg,"","",,Bulgarian,Sean Cozart,2021-05-22T06:56:06Z
324492,Домашна свиня,bg,"","",,Bulgarian,,2021-05-22T06:57:10Z
42126,Свине,bg,"","",,Bulgarian,,2021-05-22T06:57:59Z
41796,Златка,bg,"","",,Bulgarian,Bobby McCabe,2021-05-22T06:59:39Z
41800,Белка,bg,"","",,Bulgarian,Bobby McCabe,2021-05-22T07:00:09Z
569428,Невестулка,bg,"","",,Bulgarian,,2021-05-22T07:01:10Z
41812,Черен пор,bg,"","",,Bulgarian,Bobby McCabe,2021-05-22T07:01:35Z
74670,Степен пор,bg,"","",,Bulgarian,,2021-05-22T07:02:01Z
41829,Пъстър пор,bg,"","",,Bulgarian,,2021-05-22T07:02:33Z
41828,Пъстри порове,bg,"","",,Bulgarian,,2021-05-22T07:02:41Z
41840,Язовци,bg,"","",,Bulgarian,,2021-05-22T07:03:00Z
855297,Язовец,bg,"","",,Bulgarian,,2021-05-22T07:03:10Z
41848,Видри,bg,"","",,Bulgarian,Sean Cozart,2021-05-22T07:03:39Z
41850,Видра,bg,"","",,Bulgarian,,2021-05-22T07:03:45Z
41716,Тюлен-монах,bg,"","",,Bulgarian,,2021-05-22T07:04:39Z
41637,Мечки,bg,"","",,Bulgarian,,2021-05-22T07:05:27Z
41479,Делфинови,bg,"","",,Bulgarian,,2021-05-22T07:06:11Z
41526,Обикновен делфин,bg,"","",,Bulgarian,,2021-05-22T07:06:43Z
41524,Делфини,bg,"","",,Bulgarian,,2021-05-22T07:06:47Z
41480,Афалини,bg,"","",,Bulgarian,,2021-05-22T07:07:02Z
41482,Афала,bg,"","",,Bulgarian,Mengshuai Ge,2021-05-22T07:07:13Z
41437,Морски свине,bg,"","",,Bulgarian,Victor HOYEAU,2021-05-22T07:07:50Z
41440,Обикновена морска свиня,bg,"","",,Bulgarian,iSea,2021-05-22T07:08:15Z
211447,стафилини,bg,"","",https://eol.org/pages/2941909,Bulgarian,,2021-05-27T03:38:16Z
125788,Японска керия,bg,"","",,Bulgarian,,2021-05-30T17:38:21Z
185614,Силивряк,bg,"","",,Bulgarian,,2021-06-06T05:59:05Z
71520,Силиврякови,bg,"","",,Bulgarian,Cole Gaerber,2021-06-06T06:10:39Z
203680,Солешник,bg,"","",,Bulgarian,Ryan Sorrells,2021-06-12T18:08:09Z
209429,Едроцветно срамливче,bg,"","",,Bulgarian,Victor HOYEAU,2021-06-12T18:25:34Z
209432,Срамливче,bg,"","",,Bulgarian,,2021-06-12T18:25:53Z
823578,Морковоподобно срамливче,bg,"","",,Bulgarian,,2021-06-12T18:26:09Z
3931,Горски бекас,bg,"","",,Bulgarian,,2021-06-16T00:04:27Z
3835,Бекасови,bg,"","",,Bulgarian,,2021-06-16T00:04:51Z
71325,Стридоядови,bg,"","",,Bulgarian,,2021-06-16T00:06:02Z
4843,Стридояд,bg,"","",,Bulgarian,,2021-06-16T00:09:40Z
117016,Елов певец,bg,"","",,Bulgarian,,2021-06-22T19:24:32Z
71737,Певци,bg,"","",,Bulgarian,,2021-06-22T19:25:06Z
117055,Брезов певец,bg,"","",,Bulgarian,,2021-06-22T19:27:35Z
117007,Пепеляв певец,bg,"","",,Bulgarian,,2021-06-22T19:27:52Z
117048,Буков певец,bg,"","",,Bulgarian,,2021-06-22T19:28:06Z
117022,Кафяв певец,bg,"","",,Bulgarian,,2021-06-22T19:28:30Z
117047,Дебелоклюн певец,bg,"","",,Bulgarian,,2021-06-22T19:28:40Z
117028,Препасков певец,bg,"","",,Bulgarian,,2021-06-22T19:29:04Z
117041,Кралчев певец,bg,"","",,Bulgarian,,2021-06-22T19:31:05Z
117008,Северен певец,bg,"","",,Bulgarian,,2021-06-22T19:31:26Z
117054,Зелен певец,bg,"","",,Bulgarian,,2021-06-22T19:31:38Z
144925,Жълтогръд певец,bg,"","",,Bulgarian,,2021-06-22T19:32:23Z
117036,Зеленокрил певец,bg,"","",,Bulgarian,,2021-06-22T19:32:48Z
117017,Светлоглав певец,bg,"","",,Bulgarian,,2021-06-22T19:33:24Z
200982,Певецови,bg,"","",,Bulgarian,,2021-06-22T19:35:42Z
15050,Коприварчеви,bg,"","",,Bulgarian,Sean Cozart,2021-06-22T19:36:15Z
15302,Градинско коприварче,bg,"","",,Bulgarian,,2021-06-22T19:39:42Z
15282,Черноглаво коприварче,bg,"","",,Bulgarian,Nelly Semenova,2021-06-22T19:40:02Z
15279,Коприварчета,bg,"","",,Bulgarian,,2021-06-22T19:44:04Z
200983,Шаварчеви,bg,"","",,Bulgarian,,2021-06-22T19:46:13Z
1238,Присмехулници,bg,"","",,Bulgarian,,2021-06-22T19:47:00Z
116918,Зелен присмехулник,bg,"","",,Bulgarian,,2021-06-22T19:47:49Z
116919,Пустинен присмехулник,bg,"","",,Bulgarian,,2021-06-22T19:48:06Z
116920,Голям присмехулник,bg,"","",,Bulgarian,,2021-06-22T19:48:21Z
116923,Орфеев присмехулник,bg,"","",,Bulgarian,,2021-06-22T19:48:38Z
201180,Блед присмехулник,bg,"","",,Bulgarian,Nelly Semenova,2021-06-22T19:49:53Z
201178,Мърморещ присмехулник,bg,"","",,Bulgarian,,2021-06-22T19:51:16Z
60092,Клопачка,bg,"","",,Bulgarian,,2021-06-26T09:13:01Z
61470,Малка клопачка,bg,"","",,Bulgarian,,2021-06-26T09:17:15Z
511960,Румелийска клопачка,bg,"","",,Bulgarian,,2021-06-26T09:17:37Z
511962,Вагнерова клопачка,bg,"","",,Bulgarian,,2021-06-26T09:17:52Z
69776,Кливия,bg,"","",https://eol.org/pages/30006,Bulgarian,lwnrngr,2021-06-27T06:29:38Z
141303,гузмания,bg,"","",https://eol.org/pages/33256,Bulgarian,,2021-06-28T08:13:08Z
118625,Високомуцунеста игла,bg,"","",,Bulgarian,iSea,2021-06-28T16:33:32Z
446546,Дебеломуцунеста игла,bg,"","",,Bulgarian,,2021-06-28T16:34:28Z
188499,Тънкомуцунестата игла,bg,"","",,Bulgarian,,2021-06-28T16:34:59Z
446545,Шипчеста игла,bg,"","",,Bulgarian,,2021-06-28T16:35:39Z
118623,Морско шило,bg,"","",,Bulgarian,Victor HOYEAU,2021-06-28T16:36:56Z
125815,Пъстрокрило сатирче,bg,"","",,Bulgarian,,2021-07-04T17:37:00Z
76897,Едногодишна злолетница,bg,"","",,Bulgarian,Victor HOYEAU,2021-07-05T22:36:20Z
50879,Злолетница,bg,"","",,Bulgarian,,2021-07-05T22:37:01Z
840702,Гръцка злолетница,bg,"","",,Bulgarian,,2021-07-05T22:38:30Z
53315,Гръцка коприва,bg,"","",,Bulgarian,,2021-07-05T22:40:08Z
47516,Дъгова пъстърва,bg,"","",,Bulgarian,Zane Roskoph,2021-07-29T22:39:15Z
30867,Бирманска феерна отровница,bg,"","",https://eol.org/pages/795624,Bulgarian,Winsten Slowswakey,2021-07-30T02:02:38Z
41972,Димен леопард,bg,"","",,Bulgarian,Zane Roskoph,2021-07-30T12:49:08Z
74753,Борнейски димен леопард,bg,"","",,Bulgarian,Zane Roskoph,2021-07-30T13:17:00Z
50873,Голяма бяла акула,bg,"","",,Bulgarian,Zane Roskoph,2021-07-30T13:47:54Z
84996,Бича акула,bg,"","",,Bulgarian,Zane Roskoph,2021-07-30T14:42:59Z
26076,Филипински крокодил,bg,"","",,Bulgarian,Zane Roskoph,2021-07-30T15:02:14Z
26061,Кубински крокодил,bg,"","",,Bulgarian,Zane Roskoph,2021-07-30T15:14:33Z
101334,Петнистогръда риба ангел,bg,"","",,Bulgarian,Zane Roskoph,2021-07-30T17:11:35Z
67189,Островна сейшелска жаба,bg,"","",,Bulgarian,Zane Roskoph,2021-08-01T15:02:29Z
539233,Гигантска костенурка,bg,"","",,Bulgarian,Zane Roskoph,2021-08-01T16:18:54Z
991991,Афгански ъглозъб,bg,"","",,Bulgarian,Zane Roskoph,2021-08-02T12:20:32Z
35172,континентален тайпан,bg,"","",https://eol.org/pages/1055702,Bulgarian,Ralph Foster,2021-08-02T14:23:59Z
30472,кралска кобра,bg,"","",,Bulgarian,Zane Roskoph,2021-08-02T15:14:33Z
26081,амазонски крокодил,bg,"","",,Bulgarian,Zane Roskoph,2021-08-02T23:10:42Z
26081,Оринокски крокодил,bg,"","",,Bulgarian,Zane Roskoph,2021-08-02T23:11:01Z
2107,тринидатски хоко,bg,"","",https://eol.org/pages/45512039,Bulgarian,,2021-08-02T23:53:02Z
187006,арабски хирург,bg,"","",https://eol.org/pages/46577069,Bulgarian,,2021-08-03T13:23:20Z
112325,малайзийски склеропагес,bg,"","",https://eol.org/pages/994537,Bulgarian,Wich’yanan (Jay) Limparungpatthanakij,2021-08-03T13:32:00Z
52188,Китова акула,bg,"","",,Bulgarian,Zane Roskoph,2021-08-03T13:50:55Z
52188,Китоакула,bg,"","",,Bulgarian,Zane Roskoph,2021-08-03T14:17:43Z
112841,гренландска акула,bg,"","",https://eol.org/pages/46560310,Bulgarian,wsyxbcl,2021-08-03T14:32:31Z
89376,Риби пони,bg,"","",https://eol.org/pages/46578660,Bulgarian,,2021-08-03T19:48:46Z
117438,Нарязанолистна лугачка,bg,"","",,Bulgarian,zmei,2021-08-04T13:47:40Z
163165,Красива бударица,bg,"","",,Bulgarian,zmei,2021-08-04T16:31:48Z
359865,Полска челебитка,bg,"","",,Bulgarian,zmei,2021-08-04T16:34:10Z
54536,Обикновен морски дракон,bg,"","",https://eol.org/pages/46567739,Bulgarian,,2021-08-05T13:18:28Z
49105,листовиден морски дракон,bg,"","",https://eol.org/pages/46567737,Bulgarian,,2021-08-05T13:24:13Z
468044,Ноктилука,bg,"","",,Bulgarian,Zane Roskoph,2021-08-05T17:29:42Z
130176,ирландски мъх,bg,"","",,Bulgarian,Zane Roskoph,2021-08-05T18:01:07Z
10421,шотландска кръсточовка,bg,"","",https://eol.org/pages/45518970,Bulgarian,,2021-08-06T15:11:10Z
199918,Синьопръстенни октоподи,bg,"","",https://eol.org/pages/62652,Bulgarian,,2021-08-09T11:28:39Z
460249,неоцератодус,bg,"","",https://eol.org/pages/339109,Bulgarian,,2021-08-09T12:24:17Z
56072,Риба мандарин,bg,"","",,Bulgarian,Zane Roskoph,2021-08-09T13:22:08Z
111185,индонезийска риба кардинал,bg,"","",https://eol.org/pages/46577784,Bulgarian,,2021-08-09T13:54:45Z
41676,северноамерикански какомицли,bg,"","",https://eol.org/pages/328599,Bulgarian,,2021-08-09T15:05:45Z
32012,дървесен алигаторов гущер,bg,"","",https://eol.org/pages/1057320,Bulgarian,,2021-08-09T15:46:45Z
339893,същинска храстова тангара,bg,"","",https://eol.org/pages/45511955,Bulgarian,,2021-08-09T19:33:24Z
887383,Полевка икономка,bg,"","",,Bulgarian,Zane Roskoph,2021-08-10T11:52:46Z
129054,лале на Геснер,bg,"","",,Bulgarian,Zane Roskoph,2021-08-10T12:08:39Z
765432,Юзу,bg,"","",,Bulgarian,Zane Roskoph,2021-08-10T13:06:50Z
709635,немски ирис,bg,"","",,Bulgarian,Zane Roskoph,2021-08-10T16:24:13Z
35324,галапагоска игуана,bg,"","",https://eol.org/pages/454869,Bulgarian,,2021-08-10T19:04:09Z
35347,морска игуана,bg,"","",,Bulgarian,Zane Roskoph,2021-08-10T19:27:25Z
144516,тъмна чайка,bg,"","",https://eol.org/pages/1049306,Bulgarian,,2021-08-11T11:56:36Z
4555,бяла чайка,bg,"","",https://eol.org/pages/45509269,Bulgarian,,2021-08-11T12:09:31Z
4564,галапагоска чайка,bg,"","",https://eol.org/pages/45509264,Bulgarian,,2021-08-11T12:34:11Z
41738,галапагоски морски лъв,bg,"","",https://eol.org/pages/46559214,Bulgarian,,2021-08-11T19:14:46Z
41724,леопардов тюлен,bg,"","",https://eol.org/pages/46559181,Bulgarian,,2021-08-11T19:22:04Z
200834,Обикновена хатерия,bg,"","",,Bulgarian,Zane Roskoph,2021-08-12T14:07:50Z
34200,Новозеландски дървесни гекони,bg,"","",,Bulgarian,Zane Roskoph,2021-08-12T14:18:55Z
18941,кеа,bg,"","",,Bulgarian,Zane Roskoph,2021-08-12T14:43:15Z
107926,птицекрила пеперуда на кралица Александра,bg,"","",https://eol.org/pages/130506,Bulgarian,wsyxbcl,2021-08-13T11:25:53Z
147527,Азиатски гепард,bg,"","",https://eol.org/pages/1252905,Bulgarian,,2021-08-13T11:39:46Z
606958,южноафрикански гепард,bg,"","",https://eol.org/pages/1271378,Bulgarian,,2021-08-13T12:42:52Z
41747,галапагоска морска котка,bg,"","",https://www.inaturalist.org/taxon_names/2641225/edit,Bulgarian,,2021-08-14T06:59:45Z
112581,Сом,bg,"","",,Bulgarian,Zane Roskoph,2021-08-14T18:02:25Z
102975,моруна,bg,"","",,Bulgarian,Zane Roskoph,2021-08-14T18:44:05Z
41553,син кит,bg,"","",,Bulgarian,Zane Roskoph,2021-08-15T14:43:50Z
41570,бискайски кит,bg,"","",,Bulgarian,Zane Roskoph,2021-08-15T17:04:36Z
41461,белуга,bg,"","",,Bulgarian,Zane Roskoph,2021-08-15T17:57:12Z
451972,алпийски карамфил,bg,"","",,Bulgarian,Zane Roskoph,2021-08-17T02:14:40Z
27730,Корсикански огнен саламандър,bg,"","",,Bulgarian,Zane Roskoph,2021-08-19T14:18:24Z
27798,корсикански тритон,bg,"","",,Bulgarian,Zane Roskoph,2021-08-19T14:24:43Z
493695,черен нож,bg,"","",,Bulgarian,Zane Roskoph,2021-08-19T14:29:51Z
30746,Ивичеста гърмяща змия,bg,"","",,Bulgarian,Zane Roskoph,2021-08-25T14:17:14Z
540200,новогвинейски воден питон,bg,"","",,Bulgarian,Zane Roskoph,2021-08-25T14:30:36Z
73867,арлекинова коралова змия,bg,"","",,Bulgarian,Zane Roskoph,2021-08-25T14:40:05Z
30630,аризонска аспида,bg,"","",,Bulgarian,Zane Roskoph,2021-08-25T15:09:47Z
42052,Червен вълк,bg,"","",,Bulgarian,Zane Roskoph,2021-08-25T15:25:17Z
130796,Сибирски тигър,bg,"","",,Bulgarian,Zane Roskoph,2021-08-26T13:45:07Z
130796,Амурски тигър,bg,"","",,Bulgarian,Zane Roskoph,2021-08-26T13:45:24Z
130796,Усурийски тигър,bg,"","",,Bulgarian,Zane Roskoph,2021-08-26T13:45:37Z
130796,Манджурски тигър,bg,"","",,Bulgarian,Zane Roskoph,2021-08-26T13:45:49Z
130799,Суматрански тигър,bg,"","",,Bulgarian,Zane Roskoph,2021-08-26T16:51:56Z
130799,Балийски тигър,bg,"","",,Bulgarian,Zane Roskoph,2021-08-26T17:11:30Z
130799,Явански тигър,bg,"","",,Bulgarian,Zane Roskoph,2021-08-27T11:34:54Z
130793,Бенгалски тигър,bg,"","",,Bulgarian,Zane Roskoph,2021-08-27T12:17:10Z
130793,Индийски тигър,bg,"","",,Bulgarian,Zane Roskoph,2021-08-27T12:17:20Z
130793,Малайски тигър,bg,"","",,Bulgarian,Zane Roskoph,2021-08-27T13:48:00Z
130793,Индокитайски тигър,bg,"","",,Bulgarian,Zane Roskoph,2021-08-27T14:04:34Z
130793,Южнокитайски тигър,bg,"","",,Bulgarian,Zane Roskoph,2021-08-27T14:27:35Z
27677,протей,bg,"","",,Bulgarian,Zane Roskoph,2021-08-27T14:58:33Z
30724,червена гърмяща змия,bg,"","",,Bulgarian,Zane Roskoph,2021-08-27T15:17:48Z
53491,източна диамантена гърмяща змия,bg,"","",,Bulgarian,Zane Roskoph,2021-08-27T15:21:33Z
130796,Каспийски тигър,bg,"","",,Bulgarian,Zane Roskoph,2021-08-27T15:32:02Z
39453,гигантски варан,bg,"","",,Bulgarian,Zane Roskoph,2021-08-27T16:04:52Z
39453,голям варан,bg,"","",,Bulgarian,Zane Roskoph,2021-08-27T16:05:08Z
31519,молох,bg,"","",,Bulgarian,Zane Roskoph,2021-08-27T16:12:29Z
116523,индийски гавиал,bg,"","",,Bulgarian,Zane Roskoph,2021-09-13T15:53:40Z
56083,Мокрица,bg,"","",,Bulgarian,carbonyte,2021-10-08T21:23:38Z
81554,Kanalen som,bg,"","","Philips TK, Moretto P (2025) Revision of the genus _Pseudopedaria_ Felsche, 1904, with descriptions of three new species and a subspecies from Central Africa (Coleoptera: Scarabaeinae: Coprini). Catharsius La Revue (N.S.) 5: 1–26. doi:10.5281/zenodo.17036002.",Bulgarian,,2021-10-18T00:18:31Z
1350463,Кривостълбчест глог,bg,"","",https://www.inaturalist.org/taxon_names/2426046/edit,Bulgarian,,2022-01-16T03:05:49Z
121643,Веслоноги,bg,"","",,Bulgarian,Dimitǎr Boevski,2022-03-17T18:19:03Z
82908,Залист,bg,"","",,Bulgarian,Dimitǎr Boevski,2022-03-18T14:50:17Z
205088,Подезичен залист,bg,"","",,Bulgarian,Dimitǎr Boevski,2022-03-18T14:50:50Z
82904,Бодлив залист,bg,"","",,Bulgarian,Dimitǎr Boevski,2022-03-18T14:51:07Z
78334,Пясъчна лилия,bg,"","",,Bulgarian,Dimitǎr Boevski,2022-03-18T15:08:14Z
46037,Обикновен лалугер,bg,"","",,Bulgarian,Dimitǎr Boevski,2022-03-21T20:18:48Z
1289697,Тетрев,bg,"","",https://www.inaturalist.org/taxon_names/2245760/edit,Bulgarian,Sean Cozart,2022-03-21T20:28:47Z
74319,червена газела,bg,"","",https://eol.org/pages/129516,Bulgarian,,2022-03-24T20:30:38Z
56222,Обикновен подбел,bg,"","",,Bulgarian,Dimitǎr Boevski,2022-03-26T13:24:55Z
56138,Гарвански лук,bg,"","",,Bulgarian,Dimitǎr Boevski,2022-03-26T14:12:32Z
56137,Сенниковиден гарвански лук,bg,"","",,Bulgarian,Dimitǎr Boevski,2022-03-26T14:14:18Z
523406,Малколистен гарвански лук,bg,"","",,Bulgarian,Dimitǎr Boevski,2022-03-26T14:16:43Z
523422,Голямокачулест гарвански лук,bg,"","",,Bulgarian,Dimitǎr Boevski,2022-03-26T14:17:01Z
483100,Пречупен гарвански лук,bg,"","",,Bulgarian,Dimitǎr Boevski,2022-03-26T14:17:17Z
82905,Нарбонски гарвански лук,bg,"","",,Bulgarian,Dimitǎr Boevski,2022-03-26T14:17:33Z
523400,Кълбоплоден гарвански лук,bg,"","",,Bulgarian,Dimitǎr Boevski,2022-03-26T14:17:49Z
127065,Наведен гарвански лук,bg,"","",,Bulgarian,Dimitǎr Boevski,2022-03-26T14:18:04Z
741022,Бушенов гарвански лук,bg,"","",,Bulgarian,Dimitǎr Boevski,2022-03-26T14:18:19Z
53852,Кокеш,bg,"","",,Bulgarian,Dimitǎr Boevski,2022-03-26T18:17:47Z
1287152,Розов кокеш,bg,"","",,Bulgarian,Dimitǎr Boevski,2022-03-26T18:18:17Z
1287150,Пурпурен кокеш,bg,"","",,Bulgarian,Dimitǎr Boevski,2022-03-26T18:18:45Z
521170,Персийска морина,bg,"","",,Bulgarian,Dimitǎr Boevski,2022-03-26T20:38:55Z
57427,Обикновено орниче,bg,"","",,Bulgarian,Dimitǎr Boevski,2022-03-26T21:13:37Z
57428,Орниче,bg,"","",,Bulgarian,Dimitǎr Boevski,2022-03-26T21:13:50Z
61769,Люспеста горска майка,bg,"","",,Bulgarian,Dimitǎr Boevski,2022-03-28T21:05:18Z
60096,Горска майка,bg,"","",,Bulgarian,Dimitǎr Boevski,2022-03-28T21:05:34Z
509193,Родопска горска майка,bg,"","",,Bulgarian,Dimitǎr Boevski,2022-03-28T21:05:48Z
774753,Морски таралежи,bg,"","",,Bulgarian,John E. Christensen,2022-04-01T11:56:10Z
495534,Водни акари,bg,"","",,Bulgarian,Dimitǎr Boevski,2022-04-15T13:00:43Z
4857,Обикновена калугерица,bg,"","",,Bulgarian,Dimitǎr Boevski,2022-04-16T19:29:06Z
4853,Калугерици,bg,"","",,Bulgarian,Dimitǎr Boevski,2022-04-16T19:35:21Z
4858,Степна калугерица,bg,"","",,Bulgarian,Dimitǎr Boevski,2022-04-16T19:36:29Z
4866,Шипокрила калугерица,bg,"","",,Bulgarian,Dimitǎr Boevski,2022-04-16T19:37:13Z
4860,Белоопашата калугерица,bg,"","",,Bulgarian,Dimitǎr Boevski,2022-04-16T19:37:31Z
4783,Дъждосвирцови,bg,"","",,Bulgarian,Dimitǎr Boevski,2022-04-16T19:38:01Z
4888,Булки,bg,"","",,Bulgarian,Dimitǎr Boevski,2022-04-16T19:38:27Z
4889,Златиста булка,bg,"","",,Bulgarian,Dimitǎr Boevski,2022-04-16T19:38:55Z
4893,Доминиканска булка,bg,"","",,Bulgarian,Dimitǎr Boevski,2022-04-16T19:39:15Z
4892,Сребриста булка,bg,"","",,Bulgarian,Dimitǎr Boevski,2022-04-16T19:39:35Z
4784,Дъждосвирци,bg,"","",,Bulgarian,Dimitǎr Boevski,2022-04-16T19:40:31Z
4801,Пясъчен дъждосвирец,bg,"","",,Bulgarian,Dimitǎr Boevski,2022-04-16T19:41:09Z
4793,Креслив дъждосвирец,bg,"","",,Bulgarian,Dimitǎr Boevski,2022-04-16T19:41:48Z
3946,Кукуноси,bg,"","",,Bulgarian,Dimitǎr Boevski,2022-04-16T19:44:37Z
3947,Обикновен кукунос,bg,"","",,Bulgarian,Dimitǎr Boevski,2022-04-16T19:45:06Z
3951,Лапландски кукунос,bg,"","",,Bulgarian,Dimitǎr Boevski,2022-04-16T19:45:41Z
3894,Свирци,bg,"","",,Bulgarian,Dimitǎr Boevski,2022-04-16T19:46:19Z
3901,Малък свирец,bg,"","",,Bulgarian,Dimitǎr Boevski,2022-04-16T19:47:03Z
3899,Тънкоклюн свирец,bg,"","",,Bulgarian,Dimitǎr Boevski,2022-04-16T19:47:18Z
3896,Навяк,bg,"","",,Bulgarian,Dimitǎr Boevski,2022-04-16T19:47:33Z
3962,Прерийник,bg,"","",,Bulgarian,Dimitǎr Boevski,2022-04-16T19:48:32Z
3961,Прерийници,bg,"","",,Bulgarian,Dimitǎr Boevski,2022-04-16T19:48:41Z
3874,Водобегачи,bg,"","",,Bulgarian,Dimitǎr Boevski,2022-04-16T19:49:09Z
3882,Голям червеноног водобегач,bg,"","",,Bulgarian,Dimitǎr Boevski,2022-04-16T19:49:35Z
3879,Малък червеноног водобегач,bg,"","",,Bulgarian,Dimitǎr Boevski,2022-04-16T19:50:00Z
3881,Малък зеленоног водобегач,bg,"","",,Bulgarian,Dimitǎr Boevski,2022-04-16T19:50:40Z
3878,Голям зеленоног водобегач,bg,"","",,Bulgarian,Dimitǎr Boevski,2022-04-16T19:50:57Z
3892,Голям жълтоног водобегач,bg,"","",,Bulgarian,Dimitǎr Boevski,2022-04-16T19:51:52Z
3893,Малък жълтоног водобегач,bg,"","",,Bulgarian,Dimitǎr Boevski,2022-04-16T19:52:08Z
3885,Голям горски водобегач,bg,"","",,Bulgarian,Dimitǎr Boevski,2022-04-16T19:52:47Z
3875,Водобегач отшелник,bg,"","",,Bulgarian,Dimitǎr Boevski,2022-04-16T19:53:14Z
3888,Малък горски водобегач,bg,"","",,Bulgarian,Dimitǎr Boevski,2022-04-16T19:53:39Z
3977,Кюкавци,bg,"","",,Bulgarian,Dimitǎr Boevski,2022-04-16T20:04:47Z
72458,Петнист кюкавец,bg,"","",,Bulgarian,Dimitǎr Boevski,2022-04-16T20:05:09Z
3938,Камъкообръщач,bg,"","",,Bulgarian,Dimitǎr Boevski,2022-04-16T20:06:48Z
3937,Камъкообръщачи,bg,"","",,Bulgarian,Dimitǎr Boevski,2022-04-16T20:06:59Z
3957,Листоноги,bg,"","",,Bulgarian,Dimitǎr Boevski,2022-04-16T20:07:56Z
73203,Плоскоклюн листоног,bg,"","",,Bulgarian,Dimitǎr Boevski,2022-04-16T20:08:24Z
144497,Трицветен листоног,bg,"","",,Bulgarian,Dimitǎr Boevski,2022-04-16T20:08:40Z
3959,Тънкоклюн листоног,bg,"","",,Bulgarian,Dimitǎr Boevski,2022-04-16T20:08:55Z
13079,Южен славей,bg,"","",,Bulgarian,Dimitǎr Boevski,2022-04-18T17:39:48Z
13066,Славеи,bg,"","",,Bulgarian,Dimitǎr Boevski,2022-04-18T17:41:00Z
210941,Синьоопашка,bg,"","",,Bulgarian,Dimitǎr Boevski,2022-04-18T17:47:30Z
12923,Синьоопашки,bg,"","",,Bulgarian,Dimitǎr Boevski,2022-04-18T17:48:50Z
13195,Белошийки,bg,"","",,Bulgarian,Dimitǎr Boevski,2022-04-18T17:49:07Z
13196,Белошийка,bg,"","",,Bulgarian,Dimitǎr Boevski,2022-04-18T17:49:20Z
979942,Ливадарчета,bg,"","",,Bulgarian,Dimitǎr Boevski,2022-04-18T17:51:06Z
980200,Каменарчета,bg,"","",,Bulgarian,Dimitǎr Boevski,2022-04-18T17:52:01Z
12828,Скално каменарче,bg,"","",,Bulgarian,Dimitǎr Boevski,2022-04-18T17:52:58Z
12831,Кадифено каменарче,bg,"","",,Bulgarian,Dimitǎr Boevski,2022-04-18T17:53:24Z
12832,Белоопашато каменарче,bg,"","",,Bulgarian,Dimitǎr Boevski,2022-04-18T17:54:04Z
13138,Скални дроздове,bg,"","",,Bulgarian,Dimitǎr Boevski,2022-04-18T17:54:41Z
200978,Мустакаткови,bg,"","",,Bulgarian,Dimitǎr Boevski,2022-04-18T17:57:01Z
71728,Мустакатки,bg,"","",,Bulgarian,Dimitǎr Boevski,2022-04-18T17:57:15Z
117000,Мустакатка,bg,"","",,Bulgarian,Dimitǎr Boevski,2022-04-18T17:57:29Z
15977,Дроздови,bg,"","",,Bulgarian,Dimitǎr Boevski,2022-04-18T17:58:28Z
12705,Дроздове,bg,"","",,Bulgarian,Dimitǎr Boevski,2022-04-18T17:58:52Z
12779,Блед дрозд,bg,"","",,Bulgarian,Dimitǎr Boevski,2022-04-18T18:02:45Z
12776,Маслинен дрозд,bg,"","",,Bulgarian,Dimitǎr Boevski,2022-04-18T18:03:16Z
203819,Тъмногуш дрозд,bg,"","",,Bulgarian,Dimitǎr Boevski,2022-04-18T18:06:50Z
12727,Странстващ дрозд,bg,"","",,Bulgarian,Dimitǎr Boevski,2022-04-18T18:08:20Z
1289622,Северна вълнолюбка,bg,"","",https://www.inaturalist.org/taxon_names/2519715/edit,Bulgarian,Cole Gaerber,2022-04-18T20:12:48Z
1289467,Провансалско коприварче,bg,"","",https://www.inaturalist.org/taxon_names/2581623/edit,Bulgarian,rjq,2022-04-18T20:56:12Z
1289468,Сардинско коприварче,bg,"","",https://www.inaturalist.org/taxon_names/2581626/edit,Bulgarian,,2022-04-18T20:56:29Z
1289474,Рюпелово коприварче,bg,"","",https://www.inaturalist.org/taxon_names/2581609/edit,Bulgarian,,2022-04-18T20:56:35Z
1289488,Ястребогушо коприварче,bg,"","",https://www.inaturalist.org/taxon_names/2581597/edit,Bulgarian,,2022-04-18T20:56:52Z
1289477,Пустинно коприварче,bg,"","",https://www.inaturalist.org/taxon_names/2581607/edit,Bulgarian,,2022-04-18T20:57:00Z
1289475,Мустакато коприварче,bg,"","",https://www.inaturalist.org/taxon_names/2581612/edit,Bulgarian,max kirsch,2022-04-18T20:57:07Z
1289480,Орфеево коприварче,bg,"","",https://www.inaturalist.org/taxon_names/2581598/edit,Bulgarian,,2022-04-18T20:57:44Z
1289484,Завирушково коприварче,bg,"","",https://www.inaturalist.org/taxon_names/2581606/edit,Bulgarian,carnifex,2022-04-18T20:58:17Z
1289469,Очилато коприварче,bg,"","",https://www.inaturalist.org/taxon_names/2581620/edit,Bulgarian,,2022-04-18T21:00:17Z
1289470,Белогушо коприварче,bg,"","",https://www.inaturalist.org/taxon_names/2581603/edit,Bulgarian,Sean Cozart,2022-04-18T21:00:36Z
1289472,Маслиново коприварче,bg,"","",https://www.inaturalist.org/taxon_names/2581611/edit,Bulgarian,,2022-04-18T21:08:11Z
7647,Воден кос,bg,"","",,Bulgarian,Dimitǎr Boevski,2022-04-22T20:57:54Z
7640,Водни косове,bg,"","",,Bulgarian,Dimitǎr Boevski,2022-04-22T20:58:50Z
15964,Орехчеви,bg,"","",,Bulgarian,Dimitǎr Boevski,2022-04-22T20:59:38Z
7542,Орехчета,bg,"","",,Bulgarian,Dimitǎr Boevski,2022-04-22T20:59:53Z
145363,Орехче,bg,"","",,Bulgarian,Dimitǎr Boevski,2022-04-22T21:00:07Z
7423,Копринаркови,bg,"","",,Bulgarian,Dimitǎr Boevski,2022-04-22T21:01:35Z
7427,Копринарки,bg,"","",,Bulgarian,Dimitǎr Boevski,2022-04-22T21:01:47Z
7429,Обикновена копринарка,bg,"","",,Bulgarian,Dimitǎr Boevski,2022-04-22T21:04:03Z
7432,Японска копринарка,bg,"","",,Bulgarian,Dimitǎr Boevski,2022-04-22T21:04:25Z
55893,Лечебен камшик,bg,"","",,Bulgarian,Dimitǎr Boevski,2022-04-29T17:05:41Z
118793,Ароматен камшик,bg,"","",,Bulgarian,Dimitǎr Boevski,2022-04-29T17:06:23Z
55896,Камшик,bg,"","",,Bulgarian,Dimitǎr Boevski,2022-04-29T17:06:32Z
59318,Обикновен салеп,bg,"","",,Bulgarian,Dimitǎr Boevski,2022-05-01T21:13:01Z
47217,Орхидееви,bg,"","",,Bulgarian,Dimitǎr Boevski,2022-05-01T21:13:35Z
59321,Пурпурен салеп,bg,"","",,Bulgarian,Dimitǎr Boevski,2022-05-01T21:14:57Z
131605,Шлемовиден салеп,bg,"","",,Bulgarian,Dimitǎr Boevski,2022-05-01T21:15:25Z
450542,Блед салеп,bg,"","",,Bulgarian,Dimitǎr Boevski,2022-05-01T21:16:57Z
333871,Шпицелов салеп,bg,"","",,Bulgarian,Dimitǎr Boevski,2022-05-01T21:19:52Z
47691,Полски гръдник,bg,"","",,Bulgarian,Dimitǎr Boevski,2022-05-04T00:16:28Z
47692,Гръдник,bg,"","",,Bulgarian,Dimitǎr Boevski,2022-05-04T00:16:42Z
47322,Воловодецови,bg,"","",,Bulgarian,Dimitǎr Boevski,2022-05-09T00:29:27Z
47321,Воловодец,bg,"","",,Bulgarian,Dimitǎr Boevski,2022-05-09T00:30:48Z
53211,Обикновен спореж,bg,"","",,Bulgarian,zmei,2022-05-12T08:41:44Z
53207,Спореж,bg,"","",,Bulgarian,zmei,2022-05-12T08:42:15Z
1087592,Врабчови чревца,bg,"","",,Bulgarian,zmei,2022-05-12T09:01:34Z
49389,Звездица,bg,"","",,Bulgarian,zmei,2022-05-12T09:02:22Z
47687,Цикутово часовниче,bg,"","",,Bulgarian,Dimitǎr Boevski,2022-05-12T16:19:06Z
53058,Дългочовково часовниче,bg,"","",,Bulgarian,Dimitǎr Boevski,2022-05-12T16:20:15Z
829099,Хьофтианово часовниче,bg,"","",,Bulgarian,Dimitǎr Boevski,2022-05-12T16:20:53Z
1289604,Качулат корморан,bg,"","",https://www.inaturalist.org/taxon_names/2519669/edit,Bulgarian,max kirsch,2022-05-15T02:58:43Z
61326,Обикновено срещниче,bg,"","",,Bulgarian,Dimitǎr Boevski,2022-05-18T02:12:18Z
59259,Ниско срещниче,bg,"","",,Bulgarian,Dimitǎr Boevski,2022-05-18T02:13:10Z
319365,Петнисто срещниче,bg,"","",,Bulgarian,Dimitǎr Boevski,2022-05-18T02:13:59Z
736388,Върболистно срещниче,bg,"","",,Bulgarian,Dimitǎr Boevski,2022-05-18T02:14:42Z
133012,Пирамидално срещниче,bg,"","",,Bulgarian,Dimitǎr Boevski,2022-05-18T02:15:12Z
902214,Хиоско срещниче,bg,"","",,Bulgarian,Dimitǎr Boevski,2022-05-18T02:16:12Z
52809,Ливадина,bg,"","",,Bulgarian,Dimitǎr Boevski,2022-05-23T21:04:38Z
52808,Едногодишна ливадина,bg,"","",,Bulgarian,Dimitǎr Boevski,2022-05-23T21:05:33Z
78636,Сплескана ливадина,bg,"","",,Bulgarian,Dimitǎr Boevski,2022-05-23T21:06:03Z
167081,Шеова ливадина,bg,"","",,Bulgarian,Dimitǎr Boevski,2022-05-23T21:06:37Z
58382,Луковична ливадина,bg,"","",,Bulgarian,Dimitǎr Boevski,2022-05-23T21:07:04Z
524253,Ценинска ливадина,bg,"","",,Bulgarian,Dimitǎr Boevski,2022-05-23T21:07:52Z
167076,Алпийска ливадина,bg,"","",,Bulgarian,Dimitǎr Boevski,2022-05-23T21:08:14Z
900851,Меча ливадина,bg,"","",,Bulgarian,Dimitǎr Boevski,2022-05-23T21:08:38Z
167091,Рехава ливадина,bg,"","",,Bulgarian,Dimitǎr Boevski,2022-05-23T21:09:05Z
78649,Горска ливадина,bg,"","",,Bulgarian,Dimitǎr Boevski,2022-05-23T21:10:14Z
78650,Мочурна ливадина,bg,"","",,Bulgarian,Dimitǎr Boevski,2022-05-23T21:13:31Z
60307,Ливадна ливадина,bg,"","",,Bulgarian,Dimitǎr Boevski,2022-05-23T21:14:31Z
78657,Обикновена ливадина,bg,"","",,Bulgarian,Dimitǎr Boevski,2022-05-23T21:15:03Z
155124,Кучешки дрян,bg,"","",,Bulgarian,Dimitǎr Boevski,2022-05-25T02:09:12Z
47193,Дрян,bg,"","",,Bulgarian,Dimitǎr Boevski,2022-05-25T02:09:30Z
124879,Бял дрян,bg,"","",,Bulgarian,Dimitǎr Boevski,2022-05-25T02:10:17Z
53713,Сярна гъба,bg,"","",,Bulgarian,Dimitǎr Boevski,2022-05-29T13:18:50Z
62331,Тополова вечерница,bg,"","",,Bulgarian,Dimitǎr Boevski,2022-05-30T20:14:51Z
67661,Бисерна гъба,bg,"","",,Bulgarian,Dimitǎr Boevski,2022-06-04T19:02:00Z
383374,Вкореняваща се припънка,bg,"","",,Bulgarian,Dimitǎr Boevski,2022-06-04T19:33:32Z
333772,Бронзова манатарка,bg,"","",,Bulgarian,Dimitǎr Boevski,2022-06-06T17:14:54Z
204455,Блатно шаварче,bg,"","",,Bulgarian,Dimitǎr Boevski,2022-06-09T12:59:46Z
117181,Водно шаварче,bg,"","",,Bulgarian,Dimitǎr Boevski,2022-06-09T13:00:14Z
116804,Крайбрежно шаварче,bg,"","",,Bulgarian,Dimitǎr Boevski,2022-06-09T13:00:51Z
116791,Индийско шаварче,bg,"","",,Bulgarian,Dimitǎr Boevski,2022-06-09T13:01:39Z
116797,Градинско шаварче,bg,"","",,Bulgarian,Dimitǎr Boevski,2022-06-09T13:02:18Z
116802,Мочурно шаварче,bg,"","",,Bulgarian,Dimitǎr Boevski,2022-06-09T13:02:49Z
116799,Мустакато шаварче,bg,"","",,Bulgarian,Dimitǎr Boevski,2022-06-09T13:03:20Z
793194,Дебелоклюно шаварче,bg,"","",,Bulgarian,Dimitǎr Boevski,2022-06-09T13:05:31Z
6701,Шаварчета,bg,"","",,Bulgarian,Dimitǎr Boevski,2022-06-09T13:06:13Z
544542,Келетова манатарка,bg,"","",,Bulgarian,Dimitǎr Boevski,2022-06-11T14:17:03Z
514166,Перестолистен мак,bg,"","",,Bulgarian,Dimitǎr Boevski,2022-06-16T19:40:59Z
51808,Зеленочашково ленивче,bg,"","",,Bulgarian,Dimitǎr Boevski,2022-06-23T21:06:21Z
48063,Ленивче,bg,"","",,Bulgarian,Dimitǎr Boevski,2022-06-23T21:06:46Z
62338,Обикновено ленивче,bg,"","",,Bulgarian,Dimitǎr Boevski,2022-06-23T21:08:20Z
485117,Дълготичинково ленивче,bg,"","",,Bulgarian,Dimitǎr Boevski,2022-06-23T21:08:43Z
439848,Късотичинково ленивче,bg,"","",,Bulgarian,Dimitǎr Boevski,2022-06-23T21:09:01Z
77917,Европейско ленивче,bg,"","",,Bulgarian,Dimitǎr Boevski,2022-06-23T21:10:20Z
76456,Багрилна кота,bg,"","",,Bulgarian,Dimitǎr Boevski,2022-06-26T18:38:14Z
72073,Кота,bg,"","",,Bulgarian,Dimitǎr Boevski,2022-06-26T18:38:27Z
780816,Права кота,bg,"","",,Bulgarian,Dimitǎr Boevski,2022-06-26T18:40:03Z
333721,Австрийска кота,bg,"","",,Bulgarian,Dimitǎr Boevski,2022-06-26T18:40:57Z
492125,Висока кота,bg,"","",,Bulgarian,Dimitǎr Boevski,2022-06-26T18:41:18Z
54570,Мента,bg,"","",,Bulgarian,Dimitǎr Boevski,2022-07-04T01:33:53Z
77990,Водна мента,bg,"","",,Bulgarian,Dimitǎr Boevski,2022-07-04T01:36:50Z
181525,Лютива мента,bg,"","",,Bulgarian,Dimitǎr Boevski,2022-07-04T01:37:06Z
58188,Полска мента,bg,"","",,Bulgarian,Dimitǎr Boevski,2022-07-04T01:37:21Z
57116,Блатна мента,bg,"","",,Bulgarian,Dimitǎr Boevski,2022-07-04T01:37:47Z
77993,Кръглолистна мента,bg,"","",,Bulgarian,Dimitǎr Boevski,2022-07-04T01:40:08Z
62652,Обикновена мента,bg,"","",,Bulgarian,Dimitǎr Boevski,2022-07-04T01:43:47Z
62652,Джоджен,bg,"","",,Bulgarian,Dimitǎr Boevski,2022-07-04T01:43:56Z
126585,Дървовидна ружа,bg,"","",,Bulgarian,Dimitǎr Boevski,2022-07-09T17:21:04Z
362831,Дъбова вечерница,bg,"","",,Bulgarian,Dimitǎr Boevski,2022-07-09T18:05:49Z
50636,Живовлек,bg,"","",,Bulgarian,Dimitǎr Boevski,2022-07-13T01:26:01Z
58960,Перестолистен живовлек,bg,"","",,Bulgarian,Dimitǎr Boevski,2022-07-13T01:29:51Z
876461,Тънкоцветен живовлек,bg,"","",,Bulgarian,Dimitǎr Boevski,2022-07-13T01:31:30Z
342016,Белардиев живовлек,bg,"","",,Bulgarian,Dimitǎr Boevski,2022-07-13T01:31:58Z
1091349,Сребрист живовлек,bg,"","",,Bulgarian,Dimitǎr Boevski,2022-07-13T01:32:12Z
487739,Тъмен живовлек,bg,"","",,Bulgarian,Dimitǎr Boevski,2022-07-13T01:33:06Z
899121,Корнутов живовлек,bg,"","",,Bulgarian,Dimitǎr Boevski,2022-07-13T01:38:13Z
58961,Голям живовлек,bg,"","",,Bulgarian,Dimitǎr Boevski,2022-07-13T01:39:31Z
992515,Тинтявовиден живовлек,bg,"","",,Bulgarian,Dimitǎr Boevski,2022-07-13T01:40:13Z
59779,Среден живовлек,bg,"","",,Bulgarian,Dimitǎr Boevski,2022-07-13T01:40:24Z
1045696,Висок живовлек,bg,"","",,Bulgarian,Dimitǎr Boevski,2022-07-13T01:41:12Z
70054,Обикновена диня,bg,"","",,Bulgarian,Dimitǎr Boevski,2022-07-16T09:06:44Z
70055,Диня,bg,"","",,Bulgarian,Dimitǎr Boevski,2022-07-16T09:09:01Z
48620,Тиквови,bg,"","",,Bulgarian,Dimitǎr Boevski,2022-07-16T09:09:43Z
71453,Бегониеви,bg,"","",,Bulgarian,Dimitǎr Boevski,2022-07-16T09:12:31Z
135408,Цер,bg,"","",,Bulgarian,Dimitǎr Boevski,2022-07-16T12:06:58Z
47851,Дъб,bg,"","",,Bulgarian,Dimitǎr Boevski,2022-07-16T12:07:05Z
125849,Космат дъб,bg,"","",,Bulgarian,Dimitǎr Boevski,2022-07-16T12:08:45Z
56133,Летен дъб,bg,"","",,Bulgarian,Dimitǎr Boevski,2022-07-16T12:08:55Z
82942,Пърнар,bg,"","",,Bulgarian,Dimitǎr Boevski,2022-07-16T12:09:19Z
49005,Червен дъб,bg,"","",,Bulgarian,Dimitǎr Boevski,2022-07-16T12:10:14Z
486980,Нишколистно лютиче,bg,"","",,Bulgarian,Dimitǎr Boevski,2022-07-16T19:47:58Z
52720,Ежова главица,bg,"","",,Bulgarian,Dimitǎr Boevski,2022-07-21T08:12:21Z
52721,Главица,bg,"","",,Bulgarian,Dimitǎr Boevski,2022-07-21T08:12:47Z
48824,Морски гъби,bg,"","",,Bulgarian,Dimitǎr Boevski,2022-07-31T14:30:04Z
151837,Пластинчати,bg,"","",,Bulgarian,Dimitǎr Boevski,2022-07-31T14:30:40Z
126917,Ротифери,bg,"","",,Bulgarian,Dimitǎr Boevski,2022-07-31T14:31:45Z
151829,Гастротрихи,bg,"","",,Bulgarian,Dimitǎr Boevski,2022-07-31T14:32:04Z
51508,Гребенести,bg,"","",,Bulgarian,Dimitǎr Boevski,2022-07-31T14:33:02Z
51508,Ктенофори,bg,"","",,Bulgarian,Dimitǎr Boevski,2022-07-31T14:33:11Z
54960,Кръгли червеи,bg,"","",,Bulgarian,Dimitǎr Boevski,2022-07-31T14:35:05Z
54960,Нематоди,bg,"","",,Bulgarian,Dimitǎr Boevski,2022-07-31T14:35:15Z
52319,Плоски червеи,bg,"","",,Bulgarian,Dimitǎr Boevski,2022-07-31T14:36:26Z
52319,Платихелминти,bg,"","",,Bulgarian,Dimitǎr Boevski,2022-07-31T14:37:05Z
49358,Мраволъви,bg,"","",,Bulgarian,Dimitǎr Boevski,2022-07-31T14:39:17Z
578607,Качулата чучулига,bg,"","",,Bulgarian,Dimitǎr Boevski,2022-08-02T12:39:52Z
7355,Качулати чучулиги,bg,"","",,Bulgarian,Dimitǎr Boevski,2022-08-02T12:40:31Z
7359,Чучулига на Текле,bg,"","",,Bulgarian,Dimitǎr Boevski,2022-08-02T12:41:27Z
7284,Чучулигови,bg,"","",,Bulgarian,Dimitǎr Boevski,2022-08-02T12:41:54Z
7364,Дебелоклюни чучулиги,bg,"","",,Bulgarian,Dimitǎr Boevski,2022-08-02T12:42:34Z
7366,Двупетниста чучулига,bg,"","",,Bulgarian,Dimitǎr Boevski,2022-08-02T12:43:09Z
7370,Черна чучулига,bg,"","",,Bulgarian,Dimitǎr Boevski,2022-08-02T12:43:37Z
7367,Дебелоклюна чучулига,bg,"","",,Bulgarian,Dimitǎr Boevski,2022-08-02T12:44:05Z
7388,Сиви чучулиги,bg,"","",,Bulgarian,Dimitǎr Boevski,2022-08-02T12:44:35Z
7346,Полски чучулиги,bg,"","",,Bulgarian,Dimitǎr Boevski,2022-08-02T12:46:14Z
7362,Горски чучулиги,bg,"","",,Bulgarian,Dimitǎr Boevski,2022-08-02T12:46:43Z
7363,Горска чучулига,bg,"","",,Bulgarian,Dimitǎr Boevski,2022-08-02T12:47:01Z
7293,Ушати чучулиги,bg,"","",,Bulgarian,Dimitǎr Boevski,2022-08-02T12:47:46Z
7294,Ушата чучулига,bg,"","",,Bulgarian,Dimitǎr Boevski,2022-08-02T12:48:11Z
56002,Горска лугачка,bg,"","",,Bulgarian,Dimitǎr Boevski,2022-08-04T05:20:38Z
362413,Влакнеста лугачка,bg,"","",,Bulgarian,Dimitǎr Boevski,2022-08-04T05:20:54Z
53030,Лугачка,bg,"","",,Bulgarian,Dimitǎr Boevski,2022-08-04T05:21:44Z
1407170,Испански кокеш,bg,"","",https://www.inaturalist.org/taxon_names/2930834/edit,Bulgarian,,2022-08-09T13:03:29Z
1407162,Мек кокеш,bg,"","",https://www.inaturalist.org/taxon_names/2930835/edit,Bulgarian,,2022-08-09T13:49:19Z
357886,Медицинска пиявица,bg,"","",,Bulgarian,Harukano,2022-08-29T10:29:21Z
147328,Пандорина седефка,bg,"","",,Bulgarian,Dimitǎr Boevski,2022-09-09T14:52:08Z
179065,Зърнеста масловка,bg,"","",,Bulgarian,Dimitǎr Boevski,2022-09-10T09:49:27Z
337850,Кравешка масловка,bg,"","",,Bulgarian,Dimitǎr Boevski,2022-09-10T09:50:11Z
363592,Розовокрака масловка,bg,"","",,Bulgarian,Dimitǎr Boevski,2022-09-10T09:50:36Z
147277,Елегантна масловка,bg,"","",,Bulgarian,Dimitǎr Boevski,2022-09-10T09:50:58Z
118159,Американска масловка,bg,"","",,Bulgarian,Dimitǎr Boevski,2022-09-10T09:51:18Z
53488,Обикновена масловка,bg,"","",,Bulgarian,Dimitǎr Boevski,2022-09-10T09:51:38Z
346968,Сибирска масловка,bg,"","",,Bulgarian,Dimitǎr Boevski,2022-09-10T09:51:58Z
363593,Синееща масловка,bg,"","",,Bulgarian,Dimitǎr Boevski,2022-09-10T09:52:12Z
53490,Масловки,bg,"","",,Bulgarian,Dimitǎr Boevski,2022-09-10T09:52:53Z
54203,Брезовки,bg,"","",,Bulgarian,Dimitǎr Boevski,2022-09-10T09:53:55Z
363586,Жълта брезовка,bg,"","",,Bulgarian,Dimitǎr Boevski,2022-09-10T09:55:48Z
824011,Габърова гъба,bg,"","",,Bulgarian,Dimitǎr Boevski,2022-09-10T09:56:32Z
63232,Обикновена брезовка,bg,"","",,Bulgarian,Dimitǎr Boevski,2022-09-10T09:57:11Z
154450,Кадифена киселка,bg,"","",,Bulgarian,Dimitǎr Boevski,2022-09-12T07:10:03Z
64021,Горчива миризливка,bg,"","",,Bulgarian,Dimitǎr Boevski,2022-09-17T09:49:36Z
48339,Гълъбки,bg,"","",,Bulgarian,Dimitǎr Boevski,2022-09-17T09:50:14Z
47802,Гъботворка,bg,"","",,Bulgarian,Dimitǎr Boevski,2022-09-20T11:55:19Z
55651,Гамозначна нощенка,bg,"","",,Bulgarian,Dimitǎr Boevski,2022-10-12T10:25:46Z
56314,Дребна копринка,bg,"","",,Bulgarian,Dimitǎr Boevski,2022-10-15T14:30:25Z
47392,Порцеланова копринка,bg,"","",,Bulgarian,Dimitǎr Boevski,2022-10-15T14:54:13Z
63224,Пъстра копринка,bg,"","",,Bulgarian,Dimitǎr Boevski,2022-10-15T14:54:40Z
348091,Снежнобяла копринка,bg,"","",,Bulgarian,Dimitǎr Boevski,2022-10-15T14:55:13Z
56318,Зърнеста копринка,bg,"","",,Bulgarian,Dimitǎr Boevski,2022-10-15T14:56:05Z
170458,Едноцветна абелия,bg,"","",,Bulgarian,Johan Devos,2022-11-24T16:07:55Z
60460,калата,bg,"","",,Bulgarian,Марина Горбунова-Ëлкина,2022-12-11T07:46:42Z
60460,воден арум,bg,"","",,Bulgarian,Марина Горбунова-Ëлкина,2022-12-11T07:47:02Z
30692,Гърмяща змия,bg,"","",,Bulgarian,John E. Christensen,2023-01-05T11:53:07Z
55854,Татул,bg,"","",,Bulgarian,Dimitǎr Boevski,2023-01-10T10:27:17Z
48943,Татул,bg,"","",,Bulgarian,Dimitǎr Boevski,2023-01-10T10:27:33Z
1444601,Рилският дъб,bg,"","",,Bulgarian,Cole Gaerber,2023-01-26T05:43:13Z
78895,сладкоплодна къпина,bg,"","",,Bulgarian,Johan Devos,2023-01-28T11:02:33Z
1445438,Обикновена ралица,bg,"","",https://www.inaturalist.org/taxon_names/851727/edit,Bulgarian,Dmitriy Bochkov,2023-01-29T22:17:30Z
1273318,Зелена крастава жаба,bg,"","",https://www.inaturalist.org/taxon_names/1216738/edit,Bulgarian,,2023-02-24T17:23:04Z
20524,щрауси,bg,"","",,Bulgarian,Johan Devos,2023-02-28T21:57:05Z
20526,щраус,bg,"","",,Bulgarian,Johan Devos,2023-02-28T22:15:16Z
1455922,Малка гургулица,bg,"","",https://www.inaturalist.org/taxon_names/2519652/edit,Bulgarian,,2023-03-08T06:23:40Z
50921,Кукувиче грозде,bg,"","",,Bulgarian,Dimitǎr Boevski,2023-03-27T06:41:50Z
53298,Средна звездица,bg,"","",,Bulgarian,Dimitǎr Boevski,2023-04-12T20:16:35Z
53298,Врабчови чревца,bg,"","",,Bulgarian,Dimitǎr Boevski,2023-04-12T20:16:57Z
1455849,понтийско какула,bg,"","",,Bulgarian,Mark,2023-04-25T19:53:30Z
209661,Средиземноморска липова дървеница,bg,"","",,Bulgarian,Dimitǎr Boevski,2023-05-18T13:39:44Z
125099,Буково пауново око,bg,"","",,Bulgarian,Harukano,2023-05-19T21:30:35Z
59910,Малко нощно пауново око,bg,"","",,Bulgarian,Harukano,2023-05-19T21:37:51Z
782821,Голям житен бегач,bg,"","",,Bulgarian,Harukano,2023-05-19T21:49:48Z
60896,Малинова пеперуда,bg,"","",,Bulgarian,Harukano,2023-05-21T19:38:19Z
433305,Пъстър жътвар,bg,"","",,Bulgarian,Harukano,2023-05-21T19:41:41Z
51996,Олеандрова вечерница,bg,"","",,Bulgarian,Harukano,2023-05-21T19:50:13Z
55996,Лозова вечерница,bg,"","",,Bulgarian,Harukano,2023-05-21T19:51:11Z
202083,Малка лозова вечерница,bg,"","",,Bulgarian,Harukano,2023-05-21T19:51:37Z
70128,Борова вечерница,bg,"","",,Bulgarian,Harukano,2023-05-21T20:03:46Z
70071,Млечкова вечерница,bg,"","",,Bulgarian,Harukano,2023-05-21T20:06:00Z
205135,Вечерно пауново око,bg,"","",,Bulgarian,Harukano,2023-05-21T20:11:26Z
451308,Мравка файтонджийка,bg,"","",,Bulgarian,Harukano,2023-05-21T20:17:13Z
56228,Алпийска розалия,bg,"","",,Bulgarian,Harukano,2023-05-21T20:21:47Z
416290,Малък дъбов сечко,bg,"","",,Bulgarian,Harukano,2023-05-21T20:25:55Z
132892,Египетски скакалец,bg,"","",,Bulgarian,Harukano,2023-05-21T20:27:32Z
61293,Борова процесионка,bg,"","",,Bulgarian,Harukano,2023-05-21T22:54:07Z
336697,Черна меча пеперуда,bg,"","",,Bulgarian,Harukano,2023-05-22T06:42:38Z
56226,Тополова вилоопашка,bg,"","",,Bulgarian,Harukano,2023-05-22T07:30:03Z
52413,Тополова пеперуда,bg,"","",,Bulgarian,Harukano,2023-05-22T07:47:36Z
62382,Кадифянки,bg,"","",,Bulgarian,Harukano,2023-05-22T07:50:00Z
416809,Тополов листояд,bg,"","",,Bulgarian,Harukano,2023-05-22T07:52:24Z
127309,Аспарагусов листояд,bg,"","",,Bulgarian,Harukano,2023-05-22T07:53:53Z
51680,Черноглав кардинал,bg,"","",,Bulgarian,Harukano,2023-05-22T07:55:35Z
61517,Червеноглав кардинал,bg,"","",,Bulgarian,Harukano,2023-05-22T07:56:23Z
464146,Фердинандова пеперуда,bg,"","",,Bulgarian,Harukano,2023-05-22T08:02:09Z
108799,Червен аполон,bg,"","",,Bulgarian,Harukano,2023-05-22T08:05:03Z
362611,Миризлив дървояд,bg,"","",,Bulgarian,Harukano,2023-05-25T17:23:28Z
51666,Ягодова дървеница,bg,"","",,Bulgarian,Harukano,2023-05-28T20:21:53Z
468938,Люцернов листояд,bg,"","",,Bulgarian,Harukano,2023-05-30T13:44:50Z
549275,Царевичен торник,bg,"","",,Bulgarian,Harukano,2023-06-03T06:42:43Z
362591,Люлякова вечерница,bg,"","",,Bulgarian,Dimitǎr Boevski,2023-06-25T15:03:08Z
53453,Върби,bg,"","",,Bulgarian,Harukano,2023-07-01T20:02:54Z
204393,Трънкослива,bg,"","",https://www.inaturalist.org/taxon_names/2495147/edit,Bulgarian,Dmitriy Bochkov,2023-09-09T17:27:08Z
1498006,Хибриден мак,bg,"","",https://www.inaturalist.org/taxon_names/2326721/edit,Bulgarian,Victor HOYEAU,2023-09-24T07:24:11Z
1504860,Южен мак,bg,"","",https://www.inaturalist.org/taxon_names/3020572/edit,Bulgarian,,2023-10-26T14:25:00Z
72516,Алпийски бързолет,bg,"","",https://www.inaturalist.org/taxon_names/2505392/edit,Bulgarian,Raúl MT,2023-10-29T11:53:39Z
1505622,Азиатски дъждосвирец,bg,"","",https://www.inaturalist.org/taxon_names/2955973/edit,Bulgarian,,2023-10-30T00:31:59Z
1505629,Дебелоклюн дъждосвирец,bg,"","",https://www.inaturalist.org/taxon_names/2955972/edit,Bulgarian,Sean Cozart,2023-10-30T00:55:05Z
1505620,Морски дъждосвирец,bg,"","",https://www.inaturalist.org/taxon_names/2955970/edit,Bulgarian,Sean Cozart,2023-10-30T12:34:55Z
1515459,Аризонски кипарис,bg,"","",https://www.inaturalist.org/taxon_names/2509196/edit,Bulgarian,Kieran Hanrahan,2023-12-28T12:39:15Z
1525550,Ливадна виолетка,bg,"","",https://www.inaturalist.org/taxon_names/2923150/edit,Bulgarian,,2024-01-19T10:12:53Z
1525548,Обикновена виолетка,bg,"","",https://www.inaturalist.org/taxon_names/2299296/edit,Bulgarian,,2024-01-19T10:13:42Z
12878,Очилат дрозд,bg,"","",,Bulgarian,Rebecca Reader-Lee,2024-02-09T19:01:13Z
164763,Ароматен нокът,bg,"","",,Bulgarian,Dimitǎr Boevski,2024-02-28T16:48:20Z
77836,Татарски нокът,bg,"","",,Bulgarian,Dimitǎr Boevski,2024-02-28T16:49:52Z
164761,Гълъбов нокът,bg,"","",,Bulgarian,Dimitǎr Boevski,2024-02-28T16:50:40Z
124548,Обикновен нокът,bg,"","",,Bulgarian,Dimitǎr Boevski,2024-02-28T16:51:39Z
77834,Етруски нокът,bg,"","",,Bulgarian,Dimitǎr Boevski,2024-02-28T16:52:13Z
487752,Черен нокът,bg,"","",,Bulgarian,Dimitǎr Boevski,2024-02-28T16:52:50Z
51873,Катерлив нокът,bg,"","",,Bulgarian,Dimitǎr Boevski,2024-02-28T16:53:28Z
82342,Маакиев нокът,bg,"","",,Bulgarian,Dimitǎr Boevski,2024-02-28T16:54:18Z
47732,Люляк,bg,"","",,Bulgarian,Harukano,2024-03-09T20:19:26Z
51495,Кардаминова пеперуда,bg,"","",,Bulgarian,Harukano,2024-03-14T18:49:26Z
125563,Зеброва пеперуда,bg,"","",,Bulgarian,Harukano,2024-03-24T15:31:37Z
48928,Лилиум,bg,"","",,Bulgarian,Harukano,2024-04-20T20:19:20Z
48928,Крем,bg,"","",,Bulgarian,Harukano,2024-04-20T20:19:43Z
43997,Нутрия,bg,"","",,Bulgarian,Dimitǎr Boevski,2024-07-01T17:44:23Z
43996,Нутрии,bg,"","",,Bulgarian,Dimitǎr Boevski,2024-07-01T17:44:54Z
43793,Европейски бобър,bg,"","",,Bulgarian,Dimitǎr Boevski,2024-07-01T18:06:30Z
43791,Боброви,bg,"","",,Bulgarian,Dimitǎr Boevski,2024-07-01T18:07:42Z
43792,Бобри,bg,"","",,Bulgarian,Dimitǎr Boevski,2024-07-01T18:09:32Z
45763,Ондатра,bg,"","",,Bulgarian,Dimitǎr Boevski,2024-07-01T18:21:17Z
243912,Розов овчи нос,bg,"","",,Bulgarian,Dimitǎr Boevski,2024-09-10T18:48:34Z
48424,Сив овчи нос,bg,"","",,Bulgarian,Dimitǎr Boevski,2024-09-10T18:50:16Z
344022,Швейцарски овчи нос,bg,"","",,Bulgarian,Dimitǎr Boevski,2024-09-10T18:51:04Z
194275,Бакърен овчи нос,bg,"","",,Bulgarian,Dimitǎr Boevski,2024-09-10T18:51:38Z
1574921,баварска полевка,bg,"","",https://eol.org/pages/1179635,Bulgarian,,2024-09-11T17:40:34Z
50813,Юдино ухо,bg,"","",,Bulgarian,Dimitǎr Boevski,2024-10-08T09:53:28Z
55950,Обикновена пънчушка,bg,"","",,Bulgarian,Dimitǎr Boevski,2024-10-17T13:26:05Z
1581937,Късопръст ястреб,bg,"","",https://www.inaturalist.org/taxon_names/1517977/edit,Bulgarian,,2024-10-23T17:55:25Z
1578961,Малък воден бик,bg,"","",https://www.inaturalist.org/taxon_names/2519696/edit,Bulgarian,,2024-10-23T22:12:46Z
5030,Малки водни бикове,bg,"","",https://www.inaturalist.org/taxon_names/2519701/edit,Bulgarian,,2024-10-24T11:39:16Z
1583064,Амурски малък воден бик,bg,"","",https://www.inaturalist.org/taxon_names/2519697/edit,Bulgarian,Steven Kurniawidjaja,2024-10-24T11:39:29Z
51869,Тъмночервена черешова гъба,bg,"","",,Bulgarian,Dimitǎr Boevski,2024-10-24T13:22:16Z
118318,Кафяво-жълта черешова гъба,bg,"","",,Bulgarian,Dimitǎr Boevski,2024-10-24T13:23:09Z
1135296,Сиво-кафява черешова гъба,bg,"","",,Bulgarian,Dimitǎr Boevski,2024-10-24T13:24:23Z
51872,Чернееща черешова гъба,bg,"","",,Bulgarian,Dimitǎr Boevski,2024-10-24T13:25:24Z
55245,Червена черешова гъба,bg,"","",,Bulgarian,Dimitǎr Boevski,2024-10-24T13:25:50Z
500415,Лимоненожълта черешова гъба,bg,"","",,Bulgarian,Dimitǎr Boevski,2024-10-24T13:26:18Z
363606,Восъчна черешова гъба,bg,"","",,Bulgarian,Dimitǎr Boevski,2024-10-24T13:26:45Z
367288,Жълта черешова гъба,bg,"","",,Bulgarian,Dimitǎr Boevski,2024-10-24T13:27:19Z
1579015,Голям ястреб,bg,"","",https://www.inaturalist.org/taxon_names/1517975/edit,Bulgarian,Raúl MT,2024-10-24T23:42:31Z
1580336,Речен дъждосвирец,bg,"","",https://www.inaturalist.org/taxon_names/913608/edit,Bulgarian,,2024-10-27T23:01:28Z
56234,Червен кантарион,bg,"","",,Bulgarian,Dimitǎr Boevski,2024-11-01T17:44:05Z
76217,Красив червен кантарион,bg,"","",,Bulgarian,Dimitǎr Boevski,2024-11-01T17:45:28Z
411086,Биволска чапла,bg,"","",https://www.inaturalist.org/taxon_names/2519691/edit,Bulgarian,Sean Cozart,2024-11-03T09:37:31Z
4950,Биволски чапли,bg,"","",https://www.inaturalist.org/taxon_names/2519690/edit,Bulgarian,,2024-11-05T09:57:04Z
3609,Диамантена гугутка,bg,"","",,Bulgarian,Dimitǎr Boevski,2024-11-16T10:03:36Z
145300,Полярна скатия,bg,"","",,Bulgarian,,2024-11-17T13:39:48Z
336399,Чавка,bg,"","",https://www.inaturalist.org/taxon_names/1213871/edit,Bulgarian,,2024-11-17T14:29:18Z
82598,Маклен,bg,"","",,Bulgarian,zmei,2024-12-13T10:34:49Z
469023,Жешля,bg,"","",,Bulgarian,zmei,2024-12-13T10:47:39Z
469023,Планински явор,bg,"","",,Bulgarian,zmei,2024-12-13T10:49:25Z
515965,Хиркански ясен,bg,"","",,Bulgarian,zmei,2024-12-13T10:53:24Z
1578025,Матруня,bg,"","",,Bulgarian,zmei,2025-01-07T21:27:59Z
100362,Глогова торбогнездница,bg,"","",,Bulgarian,Harukano,2025-01-28T22:09:27Z
94975,Ручеен рак,bg,"","",,Bulgarian,Harukano,2025-01-28T22:13:38Z
84862,Речен рак,bg,"","",,Bulgarian,Harukano,2025-01-28T22:14:53Z
43585,Гибони,bg,"","",,Bulgarian,Dimitǎr Boevski,2025-02-23T18:40:19Z
43579,Горили,bg,"","",,Bulgarian,Dimitǎr Boevski,2025-02-23T18:41:20Z
68790,Източна горила,bg,"","",,Bulgarian,Dimitǎr Boevski,2025-02-23T19:00:25Z
43580,Западна горила,bg,"","",,Bulgarian,Dimitǎr Boevski,2025-02-23T19:00:42Z
43576,Шимпанзета,bg,"","",,Bulgarian,Dimitǎr Boevski,2025-02-23T19:02:37Z
43577,Шимпанзе,bg,"","",,Bulgarian,Dimitǎr Boevski,2025-02-23T19:03:04Z
43578,Бонобо,bg,"","",,Bulgarian,Dimitǎr Boevski,2025-02-23T19:03:13Z
43583,Човеци,bg,"","",,Bulgarian,Dimitǎr Boevski,2025-02-23T19:04:05Z
43584,Разумен човек,bg,"","",,Bulgarian,Dimitǎr Boevski,2025-02-23T19:05:04Z
43581,Орангутани,bg,"","",,Bulgarian,Dimitǎr Boevski,2025-02-23T19:05:41Z
43582,Борнейски орангутан,bg,"","",,Bulgarian,Dimitǎr Boevski,2025-02-23T19:06:26Z
569678,Суматрански орангутан,bg,"","",,Bulgarian,Dimitǎr Boevski,2025-02-23T19:07:11Z
569674,Тапанулски орангутан,bg,"","",,Bulgarian,Dimitǎr Boevski,2025-02-23T19:09:33Z
58298,Оклоп,bg,"","",,Bulgarian,Dimitǎr Boevski,2025-03-01T15:54:20Z
207816,Вълнест оклоп,bg,"","",,Bulgarian,Dimitǎr Boevski,2025-03-01T15:55:41Z
158357,Голям оклоп,bg,"","",,Bulgarian,Dimitǎr Boevski,2025-03-01T15:56:13Z
58297,Удължен оклоп,bg,"","",,Bulgarian,Dimitǎr Boevski,2025-03-01T15:56:40Z
842344,Бръшляноцветен оклоп,bg,"","",,Bulgarian,Dimitǎr Boevski,2025-03-01T15:57:38Z
60837,Опърлен салеп,bg,"","",,Bulgarian,Dimitǎr Boevski,2025-03-03T17:21:05Z
59320,Пеперудовиден салеп,bg,"","",,Bulgarian,Dimitǎr Boevski,2025-03-03T17:26:23Z
132623,Кълбест салеп,bg,"","",,Bulgarian,Dimitǎr Boevski,2025-03-03T17:28:12Z
81695,Дървеницов салеп,bg,"","",,Bulgarian,Dimitǎr Boevski,2025-03-03T17:29:10Z
61329,Тризъбест салеп,bg,"","",,Bulgarian,Dimitǎr Boevski,2025-03-03T17:29:59Z
132620,Провански салеп,bg,"","",,Bulgarian,Dimitǎr Boevski,2025-03-03T17:31:28Z
132621,Мъжки салеп,bg,"","",,Bulgarian,Dimitǎr Boevski,2025-03-03T17:32:16Z
59317,Рядкоцветен салеп,bg,"","",,Bulgarian,Dimitǎr Boevski,2025-03-03T17:33:03Z
358151,Римски салеп,bg,"","",,Bulgarian,Dimitǎr Boevski,2025-03-03T17:35:32Z
56136,иглика,bg,Bulgaria,BG,,Bulgarian,Deniz Wilson,2025-03-16T14:52:36Z
707722,Лозов стригач,bg,"","",,Bulgarian,Dimitǎr Boevski,2025-03-26T12:07:30Z
55387,Щука,bg,"","",,Bulgarian,Dimitǎr Boevski,2025-03-26T17:10:52Z
53911,Шаран,bg,"","",,Bulgarian,Dimitǎr Boevski,2025-03-26T17:12:43Z
49609,Шаранови,bg,"","",,Bulgarian,Dimitǎr Boevski,2025-03-26T17:13:07Z
96744,Обикновена каракуда,bg,"","",,Bulgarian,Dimitǎr Boevski,2025-03-26T17:13:58Z
95277,Черна мряна,bg,"","",,Bulgarian,Dimitǎr Boevski,2025-03-26T17:15:08Z
114177,Лин,bg,"","",,Bulgarian,Dimitǎr Boevski,2025-03-26T17:15:52Z
101585,Малка кротушка,bg,"","",,Bulgarian,Dimitǎr Boevski,2025-03-26T17:16:25Z
111866,Малка кротушка,bg,"","",,Bulgarian,Dimitǎr Boevski,2025-03-26T17:17:19Z
109013,Сабица,bg,"","",,Bulgarian,Dimitǎr Boevski,2025-03-26T17:17:55Z
93603,Говедарка,bg,"","",,Bulgarian,Dimitǎr Boevski,2025-03-26T17:18:40Z
97708,Скобар,bg,"","",,Bulgarian,Dimitǎr Boevski,2025-03-26T17:19:21Z
111760,Горчивка,bg,"","",,Bulgarian,Dimitǎr Boevski,2025-03-26T17:20:02Z
109315,Лешанка,bg,"","",,Bulgarian,Dimitǎr Boevski,2025-03-26T17:21:25Z
114979,Морунаш,bg,"","",,Bulgarian,Dimitǎr Boevski,2025-03-26T17:22:20Z
93611,Блескач,bg,"","",,Bulgarian,Dimitǎr Boevski,2025-03-26T17:22:56Z
92984,Платика,bg,"","",,Bulgarian,Dimitǎr Boevski,2025-03-26T17:23:39Z
95072,Немски косат,bg,"","",,Bulgarian,Dimitǎr Boevski,2025-03-26T17:24:37Z
95071,Чил косат,bg,"","",,Bulgarian,Dimitǎr Boevski,2025-03-26T17:25:06Z
113003,Речен кефал,bg,"","",,Bulgarian,Dimitǎr Boevski,2025-03-26T17:26:15Z
69989,Бабушка,bg,"","",,Bulgarian,Dimitǎr Boevski,2025-03-26T17:26:47Z
613166,Распер,bg,"","",,Bulgarian,Dimitǎr Boevski,2025-03-26T17:27:28Z
112118,Червеноперка,bg,"","",,Bulgarian,Dimitǎr Boevski,2025-03-26T17:28:32Z
85699,Щипоци,bg,"","",,Bulgarian,Dimitǎr Boevski,2025-03-26T17:29:05Z
105910,Виюн,bg,"","",,Bulgarian,Dimitǎr Boevski,2025-03-26T17:29:49Z
111909,Балкански щипок,bg,"","",,Bulgarian,Dimitǎr Boevski,2025-03-26T17:30:44Z
98096,Голям щипок,bg,"","",,Bulgarian,Dimitǎr Boevski,2025-03-26T17:32:08Z
95099,Обикновен гулеш,bg,"","",,Bulgarian,Dimitǎr Boevski,2025-03-26T17:37:00Z
108104,Струмски гулеш,bg,"","",,Bulgarian,Dimitǎr Boevski,2025-03-26T17:38:10Z
95099,Тлъстак,bg,"","",,Bulgarian,Dimitǎr Boevski,2025-03-26T17:39:06Z
86069,Сомови,bg,"","",,Bulgarian,Dimitǎr Boevski,2025-03-26T17:40:09Z
51369,Щуки,bg,"","",,Bulgarian,Dimitǎr Boevski,2025-03-26T17:41:31Z
52461,Зарганови,bg,"","",,Bulgarian,Dimitǎr Boevski,2025-03-26T17:42:09Z
118597,Зарган,bg,"","",,Bulgarian,Dimitǎr Boevski,2025-03-26T17:42:36Z
54661,Кефалови,bg,"","",,Bulgarian,Dimitǎr Boevski,2025-03-26T17:43:10Z
106222,Морски кефал,bg,"","",,Bulgarian,Dimitǎr Boevski,2025-03-26T17:44:12Z
786323,Платерина,bg,"","",,Bulgarian,Dimitǎr Boevski,2025-03-26T17:49:34Z
623938,Илария,bg,"","",,Bulgarian,Dimitǎr Boevski,2025-03-26T17:51:09Z
63742,Трескови,bg,"","",,Bulgarian,Dimitǎr Boevski,2025-03-26T17:51:41Z
430553,Меджид,bg,"","",,Bulgarian,Dimitǎr Boevski,2025-03-26T17:53:04Z
118602,Галя,bg,"","",,Bulgarian,Dimitǎr Boevski,2025-03-26T17:54:24Z
104813,Михалца,bg,"","",,Bulgarian,Dimitǎr Boevski,2025-03-26T17:54:56Z
104813,Налим,bg,"","",,Bulgarian,Dimitǎr Boevski,2025-03-26T17:55:13Z
47525,Писии,bg,"","",,Bulgarian,Dimitǎr Boevski,2025-03-26T17:55:55Z
109631,Писия,bg,"","",,Bulgarian,Dimitǎr Boevski,2025-03-26T17:56:58Z
48405,Бодливки,bg,"","",,Bulgarian,Dimitǎr Boevski,2025-03-26T17:57:25Z
48403,Триигла бодливка,bg,"","",,Bulgarian,Dimitǎr Boevski,2025-03-26T17:58:05Z
111270,Малка бодливка,bg,"","",,Bulgarian,Dimitǎr Boevski,2025-03-26T17:58:56Z
48403,Кедринка,bg,"","",,Bulgarian,Dimitǎr Boevski,2025-03-26T17:59:30Z
56940,Паламуд,bg,"","",,Bulgarian,Dimitǎr Boevski,2025-03-26T18:25:58Z
47232,Сафридови,bg,"","",,Bulgarian,Dimitǎr Boevski,2025-03-26T18:26:44Z
118694,Черноморски сафрид,bg,"","",,Bulgarian,Dimitǎr Boevski,2025-03-26T18:27:36Z
50985,Леферови,bg,"","",,Bulgarian,Dimitǎr Boevski,2025-03-26T18:28:04Z
50984,Лефер,bg,"","",,Bulgarian,Dimitǎr Boevski,2025-03-26T18:28:48Z
48158,Костурови,bg,"","",,Bulgarian,Dimitǎr Boevski,2025-03-26T18:29:15Z
101886,Ропец,bg,"","",,Bulgarian,Dimitǎr Boevski,2025-03-26T18:30:09Z
101888,Ивичест ропец,bg,"","",,Bulgarian,Dimitǎr Boevski,2025-03-26T18:30:51Z
115269,Малка вретенарка,bg,"","",,Bulgarian,Dimitǎr Boevski,2025-03-26T18:32:41Z
115270,Голяма вретенарка,bg,"","",,Bulgarian,Dimitǎr Boevski,2025-03-26T18:33:27Z
48156,Бяла риба,bg,"","",,Bulgarian,Dimitǎr Boevski,2025-03-26T18:34:26Z
118620,Барбуневи,bg,"","",,Bulgarian,Dimitǎr Boevski,2025-03-26T18:38:04Z
118618,Барбуня,bg,"","",,Bulgarian,Dimitǎr Boevski,2025-03-26T18:38:32Z
47645,Главочи,bg,"","",,Bulgarian,Dimitǎr Boevski,2025-03-26T18:39:10Z
47635,Главоч,bg,"","",,Bulgarian,Dimitǎr Boevski,2025-03-26T18:39:45Z
47285,Скорпидови,bg,"","",,Bulgarian,Dimitǎr Boevski,2025-03-26T18:40:10Z
118631,Скорпид,bg,"","",,Bulgarian,Dimitǎr Boevski,2025-03-26T18:40:49Z
49588,Слънчеви риби,bg,"","",,Bulgarian,Dimitǎr Boevski,2025-03-26T18:41:24Z
49614,Слънчева риба,bg,"","",,Bulgarian,Dimitǎr Boevski,2025-03-26T18:42:27Z
49614,Царичка,bg,"","",,Bulgarian,Dimitǎr Boevski,2025-03-26T18:43:11Z
86107,Морски дракони,bg,"","",,Bulgarian,Dimitǎr Boevski,2025-03-26T18:43:56Z
118652,Морски дракон,bg,"","",,Bulgarian,Dimitǎr Boevski,2025-03-26T18:44:45Z
49220,Речни змиорки,bg,"","",,Bulgarian,Dimitǎr Boevski,2025-03-26T18:45:24Z
94105,Речна змиорка,bg,"","",,Bulgarian,Dimitǎr Boevski,2025-03-26T18:45:51Z
47520,Пъстървови,bg,"","",,Bulgarian,Dimitǎr Boevski,2025-03-26T18:46:40Z
47514,Балканска пъстърва,bg,"","",,Bulgarian,Dimitǎr Boevski,2025-03-26T18:47:32Z
51911,Хамсиеви,bg,"","",,Bulgarian,Dimitǎr Boevski,2025-03-26T18:51:39Z
51910,Хамсия,bg,"","",,Bulgarian,Dimitǎr Boevski,2025-03-26T18:52:20Z
49236,Селдови,bg,"","",,Bulgarian,Dimitǎr Boevski,2025-03-26T18:52:55Z
93705,Карагьоз,bg,"","",,Bulgarian,Dimitǎr Boevski,2025-03-26T18:56:50Z
118600,Средиземноморска сардина,bg,"","",,Bulgarian,Dimitǎr Boevski,2025-03-26T18:57:39Z
324532,Цаца,bg,"","",,Bulgarian,Dimitǎr Boevski,2025-03-26T19:04:05Z
49825,Есетрови,bg,"","",,Bulgarian,Dimitǎr Boevski,2025-03-26T19:04:42Z
47271,Морски котки,bg,"","",,Bulgarian,Dimitǎr Boevski,2025-03-26T19:10:51Z
47276,Морска котка,bg,"","",,Bulgarian,Dimitǎr Boevski,2025-03-26T19:11:32Z
48408,Морски лисици,bg,"","",,Bulgarian,Dimitǎr Boevski,2025-03-26T19:12:02Z
48397,Морска лисица,bg,"","",,Bulgarian,Dimitǎr Boevski,2025-03-26T19:12:30Z
52306,Черноморска акула,bg,"","",,Bulgarian,Dimitǎr Boevski,2025-03-26T19:14:06Z
57674,Пчели зидарки,bg,"","",,Bulgarian,Harukano,2025-03-27T18:06:27Z
318836,Кръшкач,bg,"","",,Bulgarian,Dimitǎr Boevski,2025-04-01T10:57:21Z
3919,Дубла,bg,"","",,Bulgarian,Dimitǎr Boevski,2025-04-01T10:58:03Z
3836,Брегобегачи,bg,"","",,Bulgarian,Dimitǎr Boevski,2025-04-02T17:15:55Z
3845,Исландски брегобегач,bg,"","",,Bulgarian,Dimitǎr Boevski,2025-04-02T17:16:46Z
3852,Голям брегобегач,bg,"","",,Bulgarian,Dimitǎr Boevski,2025-04-02T17:17:19Z
3849,Трипръст брегобегач,bg,"","",,Bulgarian,Dimitǎr Boevski,2025-04-02T17:17:47Z
3862,Малък ципокрак брегобегач,bg,"","",,Bulgarian,Dimitǎr Boevski,2025-04-02T17:18:28Z
3855,Голям ципокрак брегобегач,bg,"","",,Bulgarian,Dimitǎr Boevski,2025-04-02T17:18:58Z
3854,Ръждивогуш брегобегач,bg,"","",,Bulgarian,Dimitǎr Boevski,2025-04-02T17:19:36Z
3838,Малък брегобегач,bg,"","",,Bulgarian,Dimitǎr Boevski,2025-04-02T17:20:03Z
3837,Сив брегобегач,bg,"","",,Bulgarian,Dimitǎr Boevski,2025-04-02T17:20:37Z
3848,Дългопръст брегобегач,bg,"","",,Bulgarian,Dimitǎr Boevski,2025-04-02T17:21:14Z
3864,Дребен брегобегач,bg,"","",,Bulgarian,Dimitǎr Boevski,2025-04-02T17:21:48Z
3866,Бонапартов брегобегач,bg,"","",,Bulgarian,Dimitǎr Boevski,2025-04-02T17:22:31Z
3851,Бърдов брегобегач,bg,"","",,Bulgarian,Dimitǎr Boevski,2025-04-02T17:23:43Z
3865,Цветногръд брегобегач,bg,"","",,Bulgarian,Dimitǎr Boevski,2025-04-02T17:24:11Z
3844,Остроопашат брегобегач,bg,"","",,Bulgarian,Dimitǎr Boevski,2025-04-02T17:24:46Z
3856,Морски брегобегач,bg,"","",,Bulgarian,Dimitǎr Boevski,2025-04-02T17:25:12Z
3857,Алпийски брегобегач,bg,"","",,Bulgarian,Dimitǎr Boevski,2025-04-02T17:25:49Z
3863,Кривоклюн брегобегач,bg,"","",,Bulgarian,Dimitǎr Boevski,2025-04-02T17:26:27Z
339593,Бойник,bg,"","",,Bulgarian,Dimitǎr Boevski,2025-04-02T17:27:53Z
3911,Глухарче,bg,"","",,Bulgarian,Dimitǎr Boevski,2025-04-02T17:29:33Z
3867,Вретенари,bg,"","",,Bulgarian,Dimitǎr Boevski,2025-04-02T17:30:54Z
3869,Късоклюн вретенар,bg,"","",,Bulgarian,Dimitǎr Boevski,2025-04-02T17:31:27Z
3873,Берингов вретенар,bg,"","",,Bulgarian,Dimitǎr Boevski,2025-04-02T17:32:40Z
339594,Блатобегач,bg,"","",,Bulgarian,Dimitǎr Boevski,2025-04-02T17:34:39Z
71361,Саблеклюнови,bg,"","",,Bulgarian,Dimitǎr Boevski,2025-04-02T17:38:48Z
4883,Саблеклюн,bg,"","",,Bulgarian,Dimitǎr Boevski,2025-04-02T17:39:54Z
6937,Зимно бърне,bg,"","",,Bulgarian,Dimitǎr Boevski,2025-04-02T17:42:02Z
6922,Патици,bg,"","",,Bulgarian,Dimitǎr Boevski,2025-04-02T17:42:44Z
6933,Шилоопашата патица,bg,"","",,Bulgarian,Dimitǎr Boevski,2025-04-02T17:43:49Z
6996,Среден нирец,bg,"","",,Bulgarian,Dimitǎr Boevski,2025-04-02T17:47:06Z
6995,Нирци,bg,"","",,Bulgarian,Dimitǎr Boevski,2025-04-02T17:47:31Z
7081,Тръноопашата патица,bg,"","",,Bulgarian,Dimitǎr Boevski,2025-04-02T17:49:02Z
7073,Тръноопашати патици,bg,"","",,Bulgarian,Dimitǎr Boevski,2025-04-02T17:49:25Z
7024,Обикновена гага,bg,"","",,Bulgarian,Dimitǎr Boevski,2025-04-02T17:50:15Z
7023,Гаги,bg,"","",,Bulgarian,Dimitǎr Boevski,2025-04-02T17:50:30Z
7047,Планинска потапница,bg,"","",,Bulgarian,Dimitǎr Boevski,2025-04-02T17:51:35Z
7046,Черна качулата потапница,bg,"","",,Bulgarian,Dimitǎr Boevski,2025-04-02T17:52:03Z
7045,Кафявоглава потапница,bg,"","",,Bulgarian,Dimitǎr Boevski,2025-04-02T17:52:39Z
58682,Обикновена смръчкула,bg,"","",,Bulgarian,Dimitǎr Boevski,2025-04-13T09:53:55Z
56830,Смръчкули,bg,"","",,Bulgarian,Dimitǎr Boevski,2025-04-13T09:54:14Z
1467061,Висока смръчкула,bg,"","",,Bulgarian,Dimitǎr Boevski,2025-04-13T09:55:02Z
1062775,Хибридна смръчкула,bg,"","",,Bulgarian,Dimitǎr Boevski,2025-04-13T09:55:28Z
56831,Смръчкулови,bg,"","",,Bulgarian,Dimitǎr Boevski,2025-04-13T09:57:31Z
126131,Набръчкан напръстник,bg,"","",,Bulgarian,Dimitǎr Boevski,2025-04-13T10:17:23Z
118002,Обикновен напръстник,bg,"","",,Bulgarian,Dimitǎr Boevski,2025-04-13T10:17:55Z
54677,Пореч,bg,"","",,Bulgarian,Dimitǎr Boevski,2025-05-09T13:57:14Z
167957,Воден пореч,bg,"","",,Bulgarian,Dimitǎr Boevski,2025-05-09T13:57:35Z
204396,Австрийски пореч,bg,"","",,Bulgarian,Dimitǎr Boevski,2025-05-09T13:57:56Z
490721,Пиренейски пореч,bg,"","",,Bulgarian,Dimitǎr Boevski,2025-05-09T13:58:24Z
167973,Горски пореч,bg,"","",,Bulgarian,Dimitǎr Boevski,2025-05-09T13:58:46Z
443116,Липицензов пореч,bg,"","",,Bulgarian,Dimitǎr Boevski,2025-05-09T13:59:21Z
515408,Нежен пореч,bg,"","",,Bulgarian,Dimitǎr Boevski,2025-05-09T13:59:55Z
141713,Блатен пореч,bg,"","",,Bulgarian,Dimitǎr Boevski,2025-05-09T14:00:30Z
182246,Винцетоксикум,bg,"","",,Bulgarian,Dimitǎr Boevski,2025-05-09T14:38:05Z
498350,Лечебен винцетоксикум,bg,"","",,Bulgarian,Dimitǎr Boevski,2025-05-09T14:38:37Z
896936,Кафяв винцетоксикум,bg,"","",,Bulgarian,Dimitǎr Boevski,2025-05-09T14:39:22Z
326185,Еделвайс,bg,"","",,Bulgarian,Dimitǎr Boevski,2025-05-14T08:48:03Z
136574,Еделвайс,bg,"","",,Bulgarian,Dimitǎr Boevski,2025-05-14T08:48:32Z
59902,Маточина,bg,"","",,Bulgarian,Dimitǎr Boevski,2025-05-14T16:05:21Z
55925,Зловонен здравец,bg,"","",,Bulgarian,Dimitǎr Boevski,2025-05-14T16:47:01Z
57643,Червен здравец,bg,"","",,Bulgarian,Dimitǎr Boevski,2025-05-14T16:47:42Z
77255,Блестящ здравец,bg,"","",,Bulgarian,Dimitǎr Boevski,2025-05-14T16:48:21Z
334898,Грудков здравец,bg,"","",,Bulgarian,Dimitǎr Boevski,2025-05-14T16:48:55Z
334897,Извит здравец,bg,"","",,Bulgarian,Dimitǎr Boevski,2025-05-14T16:49:37Z
129853,Кървав здравец,bg,"","",,Bulgarian,Dimitǎr Boevski,2025-05-14T16:50:17Z
77253,Гълъбов здравец,bg,"","",,Bulgarian,Dimitǎr Boevski,2025-05-14T16:50:53Z
486933,Бохемски здравец,bg,"","",,Bulgarian,Dimitǎr Boevski,2025-05-14T16:51:32Z
53075,Насеченолистен здравец,bg,"","",,Bulgarian,Dimitǎr Boevski,2025-05-14T16:52:09Z
320685,Миризлив здравец,bg,"","",,Bulgarian,Dimitǎr Boevski,2025-05-14T16:52:47Z
55722,Ливаден здравец,bg,"","",,Bulgarian,Dimitǎr Boevski,2025-05-14T16:53:11Z
486932,Разклонен здравец,bg,"","",,Bulgarian,Dimitǎr Boevski,2025-05-14T16:53:43Z
77261,Кръглолистен здравец,bg,"","",,Bulgarian,Dimitǎr Boevski,2025-05-14T16:54:16Z
53076,Нежен здравец,bg,"","",,Bulgarian,Dimitǎr Boevski,2025-05-14T16:54:47Z
774125,Бруциев здравец,bg,"","",,Bulgarian,Dimitǎr Boevski,2025-05-14T16:55:17Z
60204,Дребен здравец,bg,"","",,Bulgarian,Dimitǎr Boevski,2025-05-14T16:55:46Z
77259,Пиренейски здравец,bg,"","",,Bulgarian,Dimitǎr Boevski,2025-05-14T16:56:35Z
60363,Бърдунов здравец,bg,"","",,Bulgarian,Dimitǎr Boevski,2025-05-14T16:57:17Z
85429,Горски здравец,bg,"","",,Bulgarian,Dimitǎr Boevski,2025-05-14T16:57:45Z
55727,Стенна цимбалария,bg,"","",,Bulgarian,Dimitǎr Boevski,2025-05-14T17:11:32Z
55728,Цимбалария,bg,"","",,Bulgarian,Dimitǎr Boevski,2025-05-14T17:11:54Z
53270,Кострец,bg,"","",,Bulgarian,Dimitǎr Boevski,2025-05-14T17:13:12Z
53294,Обикновен кострец,bg,"","",,Bulgarian,Dimitǎr Boevski,2025-05-14T17:13:36Z
53269,Бодлив кострец,bg,"","",,Bulgarian,Dimitǎr Boevski,2025-05-14T17:14:09Z
79156,Полски кострец,bg,"","",,Bulgarian,Dimitǎr Boevski,2025-05-14T17:14:33Z
78906,Блатен лапад,bg,"","",,Bulgarian,Dimitǎr Boevski,2025-05-14T17:17:34Z
60232,Хубав лапад,bg,"","",,Bulgarian,Dimitǎr Boevski,2025-05-14T17:18:04Z
57215,Кълбест лапад,bg,"","",,Bulgarian,Dimitǎr Boevski,2025-05-14T17:18:40Z
63371,Тъполистен лапад,bg,"","",,Bulgarian,Dimitǎr Boevski,2025-05-14T17:19:12Z
371574,Крайводен лапад,bg,"","",,Bulgarian,Dimitǎr Boevski,2025-05-14T17:19:53Z
53197,Къдрав лапад,bg,"","",,Bulgarian,Dimitǎr Boevski,2025-05-14T17:20:18Z
168229,Воден лапад,bg,"","",,Bulgarian,Dimitǎr Boevski,2025-05-14T17:20:55Z
168227,Алпийски лапад,bg,"","",,Bulgarian,Dimitǎr Boevski,2025-05-14T17:21:18Z
405767,Теснолистен лапад,bg,"","",,Bulgarian,Dimitǎr Boevski,2025-05-14T17:21:47Z
78904,Кернеров лапад,bg,"","",,Bulgarian,Dimitǎr Boevski,2025-05-14T17:22:12Z
522183,Грудест лапад,bg,"","",,Bulgarian,Dimitǎr Boevski,2025-05-14T17:22:44Z
168248,Спанаков лапад,bg,"","",,Bulgarian,Dimitǎr Boevski,2025-05-14T17:23:15Z
168250,Кървавочервен лапад,bg,"","",,Bulgarian,Dimitǎr Boevski,2025-05-14T17:23:43Z
555268,Змиярников лапад,bg,"","",,Bulgarian,Dimitǎr Boevski,2025-05-14T17:24:16Z
55821,Киселец,bg,"","",,Bulgarian,Dimitǎr Boevski,2025-05-14T17:24:39Z
53195,Козя брада,bg,"","",,Bulgarian,Dimitǎr Boevski,2025-05-14T17:25:06Z
125440,Планински ясен,bg,"","",,Bulgarian,Dimitǎr Boevski,2025-05-14T17:26:49Z
319281,Мъждрян,bg,"","",,Bulgarian,Dimitǎr Boevski,2025-05-14T17:27:24Z
54805,Американски ясен,bg,"","",,Bulgarian,Dimitǎr Boevski,2025-05-14T17:27:54Z
82884,Полски ясен,bg,"","",,Bulgarian,Dimitǎr Boevski,2025-05-14T17:29:18Z
912574,Космат ясен,bg,"","",,Bulgarian,Dimitǎr Boevski,2025-05-14T17:29:44Z
356356,Лентокрилка,bg,"","",,Bulgarian,Dimitǎr Boevski,2025-05-16T12:25:15Z
358060,Красив чернокос,bg,"","",,Bulgarian,zmei,2025-06-26T12:45:41Z
52797,Ечемик,bg,"","",,Bulgarian,Dimitǎr Boevski,2025-07-05T17:16:49Z
52796,Миши ечемик,bg,"","",,Bulgarian,Dimitǎr Boevski,2025-07-05T17:17:17Z
163831,Луковичен ечемик,bg,"","",,Bulgarian,Dimitǎr Boevski,2025-07-05T17:18:02Z
199192,Ръжевиден ечемик,bg,"","",,Bulgarian,Dimitǎr Boevski,2025-07-05T17:18:35Z
57181,Приморски ечемик,bg,"","",,Bulgarian,Dimitǎr Boevski,2025-07-05T17:19:29Z
52795,Заешки ечемик,bg,"","",,Bulgarian,Dimitǎr Boevski,2025-07-05T17:20:07Z
57182,Обикновен ечемик,bg,"","",,Bulgarian,Dimitǎr Boevski,2025-07-05T17:20:32Z
412646,Двуреден ечемик,bg,"","",,Bulgarian,Dimitǎr Boevski,2025-07-05T17:21:12Z
58937,Блатия,bg,"","",,Bulgarian,Dimitǎr Boevski,2025-07-05T17:22:42Z
58934,Исополистна блатия,bg,"","",,Bulgarian,Dimitǎr Boevski,2025-07-05T17:23:32Z
77919,Източна блатия,bg,"","",,Bulgarian,Dimitǎr Boevski,2025-07-05T17:24:04Z
165024,Пръстена блатия,bg,"","",,Bulgarian,Dimitǎr Boevski,2025-07-05T17:25:05Z
71988,Висок райграс,bg,"","",,Bulgarian,Dimitǎr Boevski,2025-07-05T17:27:08Z
75583,Френски висок райграс,bg,"","",,Bulgarian,Dimitǎr Boevski,2025-07-05T17:27:38Z
557095,Палестински висок райграс,bg,"","",,Bulgarian,Dimitǎr Boevski,2025-07-05T17:28:00Z
1633133,Руска есетра,bg,"","",https://www.inaturalist.org/taxon_names/3896721/edit,Bulgarian,Maksymilian Wojtkiewicz,2025-07-07T10:45:58Z
1633157,Шип,bg,"","",https://www.inaturalist.org/taxon_names/3896718/edit,Bulgarian,Donald Davesne,2025-07-07T12:55:52Z
1633161,Чига,bg,"","",https://www.inaturalist.org/taxon_names/3896719/edit,Bulgarian,,2025-07-07T13:03:58Z
1633171,Пъструга,bg,"","",https://www.inaturalist.org/taxon_names/3896723/edit,Bulgarian,,2025-07-07T13:07:38Z
1633756,Алпийски тритон,bg,"","",https://www.inaturalist.org/taxon_names/2508012/edit,Bulgarian,,2025-07-11T12:58:19Z
169900,Дяволски орех,bg,"","",,Bulgarian,Dimitǎr Boevski,2025-07-18T17:21:53Z
1470668,Японска гроздова цикадка,bg,"","",,Bulgarian,Dimitǎr Boevski,2025-07-26T12:55:02Z
124215,Ивичеста вечерница,bg,"","",,Bulgarian,Dimitǎr Boevski,2025-07-28T18:47:04Z
200930,Дървесница,bg,"","",,Bulgarian,Dimitǎr Boevski,2025-08-03T18:32:02Z
162699,Полски ветрогон,bg,"","",,Bulgarian,Dimitǎr Boevski,2025-08-17T21:17:27Z
162707,Морски ветрогон,bg,"","",,Bulgarian,Dimitǎr Boevski,2025-08-17T21:18:04Z
487454,Дланолистен ветрогон,bg,"","",,Bulgarian,Dimitǎr Boevski,2025-08-17T21:18:34Z
335942,Борова манатарка,bg,"","",,Bulgarian,Dimitǎr Boevski,2025-08-21T15:30:19Z
48701,Обикновена манатарка,bg,"","",,Bulgarian,Dimitǎr Boevski,2025-08-21T15:30:53Z
350216,Дъбова манатарка,bg,"","",,Bulgarian,Dimitǎr Boevski,2025-08-21T15:31:24Z
47825,Морски паяци,bg,"","",,Bulgarian,Dimitǎr Boevski,2025-09-05T14:58:39Z
64238,Бабини зъби,bg,"","",,Bulgarian,Dimitǎr Boevski,2025-09-06T12:24:18Z
76907,Канадска злолетница,bg,"","",,Bulgarian,Dimitǎr Boevski,2025-09-19T18:22:02Z
64714,Синя боровинка,bg,"","",,Bulgarian,Dimitǎr Boevski,2025-09-29T19:25:41Z
48353,Боровинка,bg,"","",,Bulgarian,Dimitǎr Boevski,2025-09-29T19:26:06Z
75762,Сива турия,bg,"","",,Bulgarian,Dimitǎr Boevski,2025-09-29T19:28:28Z
72007,Турия,bg,"","",,Bulgarian,Dimitǎr Boevski,2025-09-29T19:28:44Z
56166,Петнисто пипериче,bg,"","",,Bulgarian,Dimitǎr Boevski,2025-09-29T19:38:31Z
54834,Късноцъфтяща песъкиня,bg,"","",,Bulgarian,Dimitǎr Boevski,2025-10-02T16:19:30Z
143793,Гроздовидна песъкиня,bg,"","",,Bulgarian,Dimitǎr Boevski,2025-10-02T16:19:52Z
483776,Песъкиня,bg,"","",,Bulgarian,Dimitǎr Boevski,2025-10-02T16:20:43Z
54835,Виргинска песъкиня,bg,"","",,Bulgarian,Dimitǎr Boevski,2025-10-02T16:21:25Z
61432,Лавровишна,bg,"","",,Bulgarian,Dimitǎr Boevski,2025-10-02T16:52:04Z
59933,Източен лопох,bg,Bulgaria,BG,,Bulgarian,Johann,2025-10-06T05:05:51Z
1647283,Жълточела сколия,bg,"","",https://www.inaturalist.org/taxon_names/1200272/edit,Bulgarian,,2025-10-09T18:05:53Z
48972,Пача трева,bg,"","",,Bulgarian,Dimitǎr Boevski,2025-10-10T16:42:46Z
167228,Разперена пача трева,bg,"","",,Bulgarian,Dimitǎr Boevski,2025-10-10T16:44:08Z
915229,Теснолистна пача трева,bg,"","",,Bulgarian,Dimitǎr Boevski,2025-10-10T16:45:28Z
53179,Пясъчна пача трева,bg,"","",,Bulgarian,Dimitǎr Boevski,2025-10-10T16:46:47Z
49194,Върбинкови,bg,"","",,Bulgarian,Dimitǎr Boevski,2025-10-12T19:08:54Z
127942,Жилковата върбинка,bg,"","",,Bulgarian,Dimitǎr Boevski,2025-10-12T19:10:14Z
1642609,Бръмбари гробари,bg,"","",https://www.inaturalist.org/taxon_names/1200233/edit,Bulgarian,wsyxbcl,2025-10-18T16:22:40Z
46557,Белозъбки,bg,"","",,Bulgarian,Dimitǎr Boevski,2025-10-20T13:26:05Z
852333,Етруска земеровка,bg,"","",,Bulgarian,Dimitǎr Boevski,2025-10-20T13:34:16Z
46511,Многозъби белозъбки,bg,"","",,Bulgarian,Dimitǎr Boevski,2025-10-20T13:34:49Z
496911,Белозъбкови,bg,"","",,Bulgarian,Dimitǎr Boevski,2025-10-20T13:35:10Z
46860,Малка водна земеровка,bg,"","",,Bulgarian,Dimitǎr Boevski,2025-10-20T13:36:13Z
46859,Голяма водна земеровка,bg,"","",,Bulgarian,Dimitǎr Boevski,2025-10-20T13:36:48Z
46858,Водни земеровки,bg,"","",,Bulgarian,Dimitǎr Boevski,2025-10-20T13:37:10Z
46471,Малка кафявозъбка,bg,"","",,Bulgarian,Dimitǎr Boevski,2025-10-20T13:37:47Z
46414,Обикновена кафявозъбка,bg,"","",,Bulgarian,Dimitǎr Boevski,2025-10-20T13:38:42Z
46342,Кафявозъбки,bg,"","",,Bulgarian,Dimitǎr Boevski,2025-10-20T13:39:14Z
542443,Кафявозъбкови,bg,"","",,Bulgarian,Dimitǎr Boevski,2025-10-20T13:39:39Z
54797,Гледичия,bg,"","",,Bulgarian,Dimitǎr Boevski,2025-10-20T13:45:25Z
48,Момин жерав,bg,"","",https://www.inaturalist.org/taxon_names/2524683/edit,Bulgarian,,2025-11-02T14:29:24Z
1525549,Сивкава виолетка,bg,"","",,Bulgarian,Dimitǎr Boevski,2025-11-02T18:10:08Z
461443,Древночелюстни,bg,"","",,Bulgarian,Dimitǎr Boevski,2025-12-08T18:21:00Z
83801,Ориенталски стършел,bg,"","",,Bulgarian,Dimitǎr Boevski,2025-12-27T17:39:05Z
434576,Водно магаренце,bg,"","",,Bulgarian,Harukano,2026-01-25T17:30:36Z
148030,Магаре,bg,"","",,Bulgarian,Dimitǎr Boevski,2026-01-28T14:12:31Z
1319807,Голяма водна жаба,bg,"","",https://www.inaturalist.org/taxon_names/1216742/edit,Bulgarian,Chris Thawley,2026-03-03T10:28:07Z
1319807,Балканска водна жаба,bg,"","",https://www.inaturalist.org/taxon_names/1216747/edit,Bulgarian,Chris Thawley,2026-03-03T10:28:10Z
58612,Златна рибка,bg,"","",,Bulgarian,Dimitǎr Boevski,2026-03-07T21:58:15Z
85497,Ръкоперки,bg,"","",,Bulgarian,Dimitǎr Boevski,2026-03-15T20:32:07Z
128274,Бял толстолоб,bg,"","",,Bulgarian,Dimitǎr Boevski,2026-04-12T22:35:01Z
95353,Струмска мряна,bg,"","",,Bulgarian,Jenna Whitney,2026-04-21T00:48:26Z
154150,Обикновена мехурка,bg,"","",,Bulgarian,Dimitǎr Boevski,2026-04-28T14:13:09Z
57861,Мехурка,bg,"","",,Bulgarian,Dimitǎr Boevski,2026-04-28T14:13:27Z
79466,Малка мехурка,bg,"","",,Bulgarian,Dimitǎr Boevski,2026-04-28T14:14:17Z
57860,Мехуркови,bg,"","",,Bulgarian,Dimitǎr Boevski,2026-04-28T14:14:40Z
72300,Петлюга,bg,"","",,Bulgarian,Dimitǎr Boevski,2026-04-28T14:15:08Z
816269,Балканска петлюга,bg,"","",,Bulgarian,Dimitǎr Boevski,2026-04-28T14:15:40Z
53104,Коренест свиняк,bg,"","",,Bulgarian,Dimitǎr Boevski,2026-04-30T13:38:38Z
51900,Свиняк,bg,"","",,Bulgarian,Dimitǎr Boevski,2026-04-30T13:39:08Z
53103,Гол свиняк,bg,"","",,Bulgarian,Dimitǎr Boevski,2026-04-30T13:39:43Z
336279,Петнист свиняк,bg,"","",,Bulgarian,Dimitǎr Boevski,2026-04-30T13:40:07Z
77965,Лечебна лайка,bg,"","",,Bulgarian,Dimitǎr Boevski,2026-05-17T20:18:41Z
52992,Американска лайка,bg,"","",,Bulgarian,Dimitǎr Boevski,2026-05-17T20:21:34Z
52845,Лайка,bg,"","",,Bulgarian,Dimitǎr Boevski,2026-05-17T20:21:58Z
152843,Въшки,bg,"","",,Bulgarian,Dimitǎr Boevski,2026-05-23T19:25:38Z
856746,Вълнест ранилист,bg,"","",,Bulgarian,Dimitǎr Boevski,2026-05-31T20:18:41Z
169308,Едногодишен ранилист,bg,"","",,Bulgarian,Dimitǎr Boevski,2026-05-31T20:20:20Z
704112,Бледожълт ранилист,bg,"","",,Bulgarian,Dimitǎr Boevski,2026-05-31T20:20:45Z
360154,Алпийски ранилист,bg,"","",,Bulgarian,Dimitǎr Boevski,2026-05-31T20:21:11Z
82919,Критски ранилист,bg,"","",,Bulgarian,Dimitǎr Boevski,2026-05-31T20:21:42Z
82989,Германски ранилист,bg,"","",,Bulgarian,Dimitǎr Boevski,2026-05-31T20:22:06Z
567244,Теснолистен ранилист,bg,"","",,Bulgarian,Dimitǎr Boevski,2026-05-31T20:22:41Z
129850,Горски ранилист,bg,"","",,Bulgarian,Dimitǎr Boevski,2026-05-31T20:23:04Z
57457,Блатен ранилист,bg,"","",,Bulgarian,Dimitǎr Boevski,2026-05-31T20:23:28Z
978372,Бледоезичест ранилист,bg,"","",,Bulgarian,Dimitǎr Boevski,2026-05-31T20:24:01Z
360160,Прав ранилист,bg,"","",,Bulgarian,Dimitǎr Boevski,2026-05-31T20:24:34Z
52734,Циперус,bg,"","",,Bulgarian,Dimitǎr Boevski,2026-05-31T20:35:55Z
76587,Кафяв циперус,bg,"","",,Bulgarian,Dimitǎr Boevski,2026-05-31T20:36:28Z
59051,Разнороден циперус,bg,"","",,Bulgarian,Dimitǎr Boevski,2026-05-31T20:37:07Z
436106,Гладък циперус,bg,"","",,Bulgarian,Dimitǎr Boevski,2026-05-31T20:37:31Z
76593,Закръглен зиперус,bg,"","",,Bulgarian,Dimitǎr Boevski,2026-05-31T20:37:57Z
333945,Дълъг циперус,bg,"","",,Bulgarian,Dimitǎr Boevski,2026-05-31T20:38:18Z
47161,Острицови,bg,"","",,Bulgarian,Dimitǎr Boevski,2026-05-31T20:39:54Z
334577,Главест циперус,bg,"","",,Bulgarian,Dimitǎr Boevski,2026-05-31T20:49:17Z
933404,Синя метличина,bg,"","",,Bulgarian,Dimitǎr Boevski,2026-05-31T20:50:27Z
52588,Бодлива метличина,bg,"","",,Bulgarian,Dimitǎr Boevski,2026-05-31T20:51:40Z
76212,Пиренейска метличина,bg,"","",,Bulgarian,Dimitǎr Boevski,2026-05-31T20:52:08Z
56865,Лятна метличина,bg,"","",,Bulgarian,Dimitǎr Boevski,2026-05-31T20:52:30Z
971689,Грудеста метличина,bg,"","",,Bulgarian,Dimitǎr Boevski,2026-05-31T20:52:58Z
971695,Турска метличина,bg,"","",,Bulgarian,Dimitǎr Boevski,2026-05-31T20:53:32Z
160282,Триумфетова метличина,bg,"","",,Bulgarian,Dimitǎr Boevski,2026-05-31T20:54:10Z
521557,Източна метличина,bg,"","",,Bulgarian,Dimitǎr Boevski,2026-05-31T20:54:52Z
471666,Солунска метличина,bg,"","",,Bulgarian,Dimitǎr Boevski,2026-05-31T20:55:54Z
76210,Разклонена метличина,bg,"","",,Bulgarian,Dimitǎr Boevski,2026-05-31T20:56:17Z
521568,Кочиева метличина,bg,"","",,Bulgarian,Dimitǎr Boevski,2026-05-31T20:57:29Z
84344,Грапава метличина,bg,"","",,Bulgarian,Dimitǎr Boevski,2026-05-31T20:58:01Z
521869,Южна метличина,bg,"","",,Bulgarian,Dimitǎr Boevski,2026-05-31T20:58:41Z
521396,Фричова метличина,bg,"","",,Bulgarian,Dimitǎr Boevski,2026-05-31T20:59:11Z
521771,Мисколистна метличина,bg,"","",,Bulgarian,Dimitǎr Boevski,2026-05-31T20:59:51Z
521789,Ватева метличина,bg,"","",,Bulgarian,Dimitǎr Boevski,2026-05-31T21:00:13Z
521774,Небодлива метличина,bg,"","",,Bulgarian,Dimitǎr Boevski,2026-05-31T21:00:40Z
521766,Клинолистна метличина,bg,"","",,Bulgarian,Dimitǎr Boevski,2026-05-31T21:01:14Z
336655,Жилкова метличина,bg,"","",,Bulgarian,Dimitǎr Boevski,2026-05-31T21:01:38Z
522004,Мизийска метличина,bg,"","",,Bulgarian,Dimitǎr Boevski,2026-05-31T21:02:14Z
522012,Твърда метличина,bg,"","",,Bulgarian,Dimitǎr Boevski,2026-05-31T21:02:53Z
522008,Тесноресничеста метличина,bg,"","",,Bulgarian,Dimitǎr Boevski,2026-05-31T21:03:37Z
55713,Ливадна метличина,bg,"","",,Bulgarian,Dimitǎr Boevski,2026-05-31T21:04:30Z
83085,Обикновен анакамптис,bg,"","",,Bulgarian,Dimitǎr Boevski,2026-05-31T21:06:01Z
1124182,Орфанидиева камбанка,bg,"","",,Bulgarian,Dimitǎr Boevski,2026-05-31T21:07:37Z
190216,Вълнеста камбанка,bg,"","",,Bulgarian,Dimitǎr Boevski,2026-05-31T21:08:03Z
1403668,Гросекиева камбанка,bg,"","",,Bulgarian,Dimitǎr Boevski,2026-05-31T21:08:32Z
465859,Езичеста камбанка,bg,"","",,Bulgarian,Dimitǎr Boevski,2026-05-31T21:09:04Z
517833,Сибирска камбанка,bg,"","",,Bulgarian,Dimitǎr Boevski,2026-05-31T21:09:25Z
464283,Алпийска камбанка,bg,"","",,Bulgarian,Dimitǎr Boevski,2026-05-31T21:09:53Z
897430,Класовидна камбанка,bg,"","",,Bulgarian,Dimitǎr Boevski,2026-05-31T21:10:21Z
84349,Главеста камбанка,bg,"","",,Bulgarian,Dimitǎr Boevski,2026-05-31T21:10:45Z
465860,Еленова камбанка,bg,"","",,Bulgarian,Dimitǎr Boevski,2026-05-31T21:11:13Z
1438435,Мизийска камбанка,bg,"","",,Bulgarian,Dimitǎr Boevski,2026-05-31T21:11:40Z
567057,Щитовидна камбанка,bg,"","",,Bulgarian,Dimitǎr Boevski,2026-05-31T21:12:15Z
1044970,Влакнесточашкова камбанка,bg,"","",,Bulgarian,Dimitǎr Boevski,2026-05-31T21:12:51Z
62312,Кръглолистна камбанка,bg,"","",,Bulgarian,Dimitǎr Boevski,2026-05-31T21:13:39Z
159756,Болонска камбанка,bg,"","",,Bulgarian,Dimitǎr Boevski,2026-05-31T21:14:10Z
85321,Ряпоподобна камбанка,bg,"","",,Bulgarian,Dimitǎr Boevski,2026-05-31T21:14:40Z
48588,Коприволистна камбанка,bg,"","",,Bulgarian,Dimitǎr Boevski,2026-05-31T21:15:39Z
159760,Широколистна камбанка,bg,"","",,Bulgarian,Dimitǎr Boevski,2026-05-31T21:16:06Z
447670,Фригийска камбанка,bg,"","",,Bulgarian,Dimitǎr Boevski,2026-05-31T21:16:32Z
931739,Разперена камбанка,bg,"","",,Bulgarian,Dimitǎr Boevski,2026-05-31T21:16:57Z
159764,Прасковолистна камбанка,bg,"","",,Bulgarian,Dimitǎr Boevski,2026-05-31T21:17:24Z
82663,Ряповидна камбанка,bg,"","",,Bulgarian,Dimitǎr Boevski,2026-05-31T21:18:00Z
485160,Елова камбанка,bg,"","",,Bulgarian,Dimitǎr Boevski,2026-05-31T21:18:25Z
485162,Полегнала камбанка,bg,"","",,Bulgarian,Dimitǎr Boevski,2026-05-31T21:18:52Z
81696,Пърчовка,bg,"","",,Bulgarian,Dimitǎr Boevski,2026-05-31T21:20:45Z
147182,Обикновена пърчовка,bg,"","",,Bulgarian,Dimitǎr Boevski,2026-05-31T21:21:19Z
1128092,Обикновена пърчовка,bg,"","",,Bulgarian,Dimitǎr Boevski,2026-05-31T21:30:33Z
52847,Азмацук,bg,"","",,Bulgarian,Dimitǎr Boevski,2026-05-31T21:51:55Z
52846,Отровен азмацук,bg,"","",,Bulgarian,Dimitǎr Boevski,2026-05-31T21:52:29Z
158434,Див кервиз,bg,"","",,Bulgarian,Dimitǎr Boevski,2026-05-31T21:53:01Z
1526869,Дъбравен азмацук,bg,"","",,Bulgarian,Dimitǎr Boevski,2026-05-31T21:53:31Z
124544,Горски азмацук,bg,"","",,Bulgarian,Dimitǎr Boevski,2026-05-31T21:53:56Z
485932,Блестящ азмацук,bg,"","",,Bulgarian,Dimitǎr Boevski,2026-05-31T21:54:40Z
47357,Лук,bg,"","",,Bulgarian,Dimitǎr Boevski,2026-05-31T21:56:25Z
48571,Острица,bg,"","",,Bulgarian,Dimitǎr Boevski,2026-06-02T23:44:34Z
1453013,Зелена крастава жаба,bg,"","",,Bulgarian,Dimitǎr Boevski,2026-06-09T23:15:44Z
63489,Горчива манатарка,bg,"","",,Bulgarian,Dimitǎr Boevski,2026-06-13T15:10:52Z
147354,Лютива манатарка,bg,"","",,Bulgarian,Dimitǎr Boevski,2026-06-13T15:16:03Z
465001,Пъпкопробивач по розата,bg,"","",,Bulgarian,Dimitǎr Boevski,2026-06-14T16:54:36Z
50279,Лозови,bg,"","",,Bulgarian,Dimitǎr Boevski,2026-06-22T12:53:59Z
60773,Лоза,bg,"","",,Bulgarian,Dimitǎr Boevski,2026-06-22T12:54:18Z
79519,Винена лоза,bg,"","",,Bulgarian,Dimitǎr Boevski,2026-06-22T12:54:55Z
69658,Креватна дървеница,bg,"","",,Bulgarian,Dimitǎr Boevski,2026-06-28T20:57:09Z
484037,Лястовича дървеница,bg,"","",,Bulgarian,Dimitǎr Boevski,2026-06-28T21:00:12Z
70647,Източна дървесница,bg,"","",,Bulgarian,Dimitǎr Boevski,2026-07-03T20:25:36Z
1658175,Дървесници,bg,"","",,Bulgarian,Dimitǎr Boevski,2026-07-03T20:26:47Z
4566,Обикновена бяла рибарка,bg,"","",,Bulgarian,Sean Cozart,2026-07-10T20:00:43Z
57870,Оман,bg,"","",,Bulgarian,Dimitǎr Boevski,2026-07-23T22:41:32Z
1696537,зубър,bg,"","",https://www.inaturalist.org/taxon_names/2655306/edit,Bulgarian,Sean Cozart,2026-07-29T04:22:49Z
1696537,Европейски бизон,bg,"","",https://www.inaturalist.org/taxon_names/2655308/edit,Bulgarian,Sean Cozart,2026-07-29T04:22:50Z
106742,Пясъчно попче,bg,"","",,Bulgarian,Dimitǎr Boevski,2026-08-04T13:19:03Z
47308,Попчета,bg,"","",,Bulgarian,Dimitǎr Boevski,2026-08-04T13:19:38Z
344754,Стъкленка,bg,"","",,Bulgarian,Dimitǎr Boevski,2026-08-04T13:21:17Z
344748,Малко попче,bg,"","",,Bulgarian,Dimitǎr Boevski,2026-08-04T13:22:00Z
110042,Пъстро попче,bg,"","",,Bulgarian,Dimitǎr Boevski,2026-08-04T13:22:38Z
103701,Кавказко попче,bg,"","",,Bulgarian,Dimitǎr Boevski,2026-08-04T13:23:21Z
103705,Дългоопашато попче,bg,"","",,Bulgarian,Dimitǎr Boevski,2026-08-04T13:24:03Z
97761,Мраморноглаво попче,bg,"","",,Bulgarian,Dimitǎr Boevski,2026-08-04T13:25:14Z
118704,Черно попче,bg,"","",,Bulgarian,Dimitǎr Boevski,2026-08-04T13:25:49Z
118708,Ивичесто попче,bg,"","",,Bulgarian,Dimitǎr Boevski,2026-08-04T13:26:27Z
118703,Змиевидно попче,bg,"","",,Bulgarian,Dimitǎr Boevski,2026-08-04T13:27:03Z
118706,Скално попче,bg,"","",,Bulgarian,Dimitǎr Boevski,2026-08-04T13:27:41Z
1316692,Тревно попче,bg,"","",,Bulgarian,Dimitǎr Boevski,2026-08-04T13:28:23Z
106743,Широкоглаво попче,bg,"","",,Bulgarian,Dimitǎr Boevski,2026-08-04T13:30:20Z
110054,Кеслерово попче,bg,"","",,Bulgarian,Dimitǎr Boevski,2026-08-04T13:31:06Z
446403,Дебелоусто попче,bg,"","",,Bulgarian,Dimitǎr Boevski,2026-08-04T13:33:05Z
614797,Ратан,bg,"","",,Bulgarian,Dimitǎr Boevski,2026-08-04T13:34:54Z
110055,Сирман,bg,"","",,Bulgarian,Dimitǎr Boevski,2026-08-04T13:35:32Z
105631,Лихнус,bg,"","",,Bulgarian,Dimitǎr Boevski,2026-08-04T13:36:02Z
95020,Малко плоскоглаво попче,bg,"","",,Bulgarian,Dimitǎr Boevski,2026-08-04T13:37:30Z
110669,Мраморно попче,bg,"","",,Bulgarian,Dimitǎr Boevski,2026-08-04T13:38:08Z
95729,Звездовидно попче,bg,"","",,Bulgarian,Dimitǎr Boevski,2026-08-04T13:38:42Z
95721,Шабленско попче,bg,"","",,Bulgarian,Dimitǎr Boevski,2026-08-04T13:39:47Z
127182,Белочел скакалец,bg,"","",,Bulgarian,Dimitǎr Boevski,2026-08-06T18:54:51Z
512073,преселен пчелник,bg,"","",,Bulgarian,Yann Kemper,2026-08-14T19:26:27Z
436395,дряновска ведрица,bg,"","",,Bulgarian,Yann Kemper,2026-08-14T20:12:15Z
51737,Домат,bg,"","",,Bulgarian,Dimitǎr Boevski,2026-08-19T16:16:04Z
63711,Гъгрици,bg,"","",,Bulgarian,Dimitǎr Boevski,2026-08-21T17:50:40Z
231086,Житна гъгрица,bg,"","",,Bulgarian,Dimitǎr Boevski,2026-08-21T17:51:10Z
231087,Оризова гъгрица,bg,"","",,Bulgarian,Dimitǎr Boevski,2026-08-21T17:51:29Z
231088,Царевична гъгрица,bg,"","",,Bulgarian,Dimitǎr Boevski,2026-08-21T17:51:51Z
1367002,Мушмула,bg,"","",,Bulgarian,Dimitǎr Boevski,2026-08-24T14:23:02Z
186345,Миск,bg,"","",,Bulgarian,Dimitǎr Boevski,2026-08-24T16:46:04Z
891510,Мековлакнест миск,bg,"","",,Bulgarian,Dimitǎr Boevski,2026-08-24T16:47:00Z
1413868,Родствен миск,bg,"","",,Bulgarian,Dimitǎr Boevski,2026-08-24T16:47:18Z
1072854,Български миск,bg,"","",,Bulgarian,Dimitǎr Boevski,2026-08-24T16:47:43Z
319686,Озирис,bg,"","",,Bulgarian,Dimitǎr Boevski,2026-08-24T16:50:31Z
335872,Бял озирис,bg,"","",,Bulgarian,Dimitǎr Boevski,2026-08-24T16:50:45Z
59992,Ленолистови,bg,"","",,Bulgarian,Dimitǎr Boevski,2026-08-24T16:51:24Z
