id,vernacularName,language,locality,countryCode,source,lexicon,contributor,created
27677,čovječja ribica,hr,Croatia,HR,,Croatian,Jakob Fahr,2011-05-05T06:16:31Z
27735,crni daždevnjak,hr,"","",,Croatian,max kirsch,2011-05-05T06:16:38Z
118654,Zubatac,hr,Croatia,HR,,Croatian,Bodor family,2013-07-24T18:34:06Z
99269,Lubin,hr,Croatia,HR,,Croatian,Bodor family,2013-07-24T18:35:20Z
118619,Trlja kamenjarka,hr,Croatia,HR,,Croatian,Bodor family,2013-07-25T11:17:03Z
118618,Trlja blatarica,hr,Croatia,HR,,Croatian,Bodor family,2013-07-25T11:18:07Z
118664,Bukva,hr,Croatia,HR,,Croatian,Bodor family,2013-07-25T11:24:01Z
118663,Salpa,hr,Croatia,HR,,Croatian,Bodor family,2013-07-25T11:26:46Z
118662,Ušata,hr,Croatia,HR,,Croatian,Bodor family,2013-07-25T11:30:17Z
118667,Fratar,hr,Croatia,HR,,Croatian,Bodor family,2013-07-25T11:37:53Z
118600,Sardela,hr,Croatia,HR,,Croatian,Bodor family,2013-07-25T11:43:04Z
118703,Glavoč pločar,hr,Croatia,HR,,Croatian,Bodor family,2013-07-25T11:46:18Z
108412,Slingurica kolombatovićeva,hr,Croatia,HR,,Croatian,Bodor family,2013-07-25T11:49:13Z
118687,Slingurica babaroga,hr,Croatia,HR,,Croatian,Bodor family,2013-07-25T11:50:42Z
118685,Slingurica Mrkulja,hr,Croatia,HR,,Croatian,Bodor family,2013-07-25T11:54:11Z
118678,Skuša,hr,Croatia,HR,,Croatian,Bodor family,2013-07-25T11:59:12Z
118665,Špar,hr,Croatia,HR,,Croatian,Bodor family,2013-07-25T12:03:25Z
118610,Grdobina,hr,Croatia,HR,,Croatian,Bodor family,2013-07-25T12:12:14Z
106222,Cipal Bataš,hr,Croatia,HR,,Croatian,Bodor family,2013-07-25T12:16:15Z
118659,Arbun,hr,Croatia,HR,,Croatian,Bodor family,2013-07-25T12:17:53Z
97345,Cipal Putnik,hr,Croatia,HR,,Croatian,Bodor family,2013-07-25T12:23:24Z
51549,Gof,hr,Croatia,HR,,Croatian,Bodor family,2013-07-25T12:27:37Z
188556,Iglan,hr,Croatia,HR,,Croatian,Bodor family,2013-07-25T12:28:39Z
115167,Iglun,hr,Croatia,HR,,Croatian,Bodor family,2013-07-25T12:29:43Z
118655,Grobar,hr,Croatia,HR,,Croatian,Bodor family,2013-07-25T12:32:39Z
118683,Kavala,hr,Croatia,HR,,Croatian,Bodor family,2013-07-25T12:33:53Z
100119,Kirnja,hr,Croatia,HR,,Croatian,Bodor family,2013-07-25T12:37:05Z
55396,List,hr,Croatia,HR,,Croatian,Bodor family,2013-07-25T12:42:50Z
118603,Oslić,hr,Croatia,HR,,Croatian,Bodor family,2013-07-25T12:44:40Z
108196,Pagar,hr,Croatia,HR,,Croatian,Bodor family,2013-07-25T12:45:24Z
56940,Palamida,hr,Croatia,HR,,Croatian,Bodor family,2013-07-25T12:47:25Z
324532,Papalina,hr,Croatia,HR,,Croatian,Bodor family,2013-07-25T12:50:58Z
84861,Škrpina,hr,Croatia,HR,,Croatian,Bodor family,2013-07-25T12:54:51Z
62410,Hlap,hr,Croatia,HR,,Croatian,Bodor family,2013-07-25T12:58:43Z
324536,Jastog,hr,Croatia,HR,,Croatian,Bodor family,2013-07-25T13:00:12Z
324537,Rakovica,hr,Croatia,HR,,Croatian,Bodor family,2013-07-25T13:02:04Z
106881,Škamp,hr,Croatia,HR,,Croatian,Bodor family,2013-07-25T13:04:30Z
324539,Jakovljeva kapica,hr,Croatia,HR,,Croatian,Bodor family,2013-07-25T13:21:38Z
81648,Dagnja,hr,Croatia,HR,,Croatian,Bodor family,2013-07-25T13:24:29Z
53462,Kamenica,hr,Croatia,HR,,Croatian,Bodor family,2013-07-25T13:25:09Z
324540,Prnjavica,hr,Croatia,HR,,Croatian,Bodor family,2013-07-25T13:30:19Z
324540,Brbavica,hr,Croatia,HR,,Croatian,Bodor family,2013-07-25T13:31:51Z
324548,Kućica,hr,Croatia,HR,,Croatian,Bodor family,2013-07-25T13:52:56Z
324549,Rumenka,hr,Croatia,HR,,Croatian,Bodor family,2013-07-25T14:17:17Z
324550,Kunjka,hr,Croatia,HR,,Croatian,Bodor family,2013-07-25T14:19:38Z
324553,Čaška,hr,Croatia,HR,,Croatian,Bodor family,2013-07-25T14:21:59Z
324589,prstenjak,hr,Croatia,HR,,Croatian,Bodor family,2013-07-25T20:47:39Z
324591,Petrovo uho,hr,Croatia,HR,,Croatian,Bodor family,2013-07-25T22:25:53Z
118675,Kanjac,hr,Croatia,HR,,Croatian,Bodor family,2013-10-10T22:29:17Z
118673,Vučić,hr,Croatia,HR,,Croatian,Bodor family,2013-10-10T22:30:12Z
118674,Pirka,hr,Croatia,HR,,Croatian,Bodor family,2013-10-10T22:34:04Z
120614,Lic,hr,"","",http://www.catalogueoflife.org/annual-checklist/details/species/id/10072939/common/110354,Croatian,,2015-11-14T01:01:11Z
84298,Obični divlji kesten,hr,"","",,Croatian,John E. Christensen,2017-11-28T16:33:00Z
47434,Trave,hr,"","",,Croatian,John E. Christensen,2017-11-29T09:45:04Z
48921,Obrubnjaci,hr,"","",,Croatian,John E. Christensen,2017-11-29T18:48:17Z
4324,Pelikani,hr,"","",,Croatian,John E. Christensen,2017-12-01T08:19:04Z
211194,Vaskularne biljke,hr,"","",,Croatian,John E. Christensen,2017-12-08T13:25:51Z
71261,Grabljivice,hr,"","",,Croatian,John E. Christensen,2017-12-10T14:09:29Z
121763,Pitomi kesten,hr,"","",,Croatian,John E. Christensen,2017-12-11T17:44:42Z
41708,Obični tuljan,hr,"","",,Croatian,John E. Christensen,2017-12-12T13:11:57Z
48220,Smeđe alge,hr,"","",,Croatian,John E. Christensen,2017-12-14T10:26:51Z
39532,Kornjače,hr,"","",,Croatian,John E. Christensen,2017-12-16T07:36:51Z
49187,Pitomi kesten,hr,"","",,Croatian,John E. Christensen,2017-12-17T11:05:19Z
47114,Puževi,hr,"","",,Croatian,John E. Christensen,2017-12-20T15:32:52Z
160697,Obična pavitina,hr,"","",,Croatian,John E. Christensen,2017-12-21T13:06:19Z
47132,Ružovke,hr,"","",,Croatian,John E. Christensen,2017-12-23T15:03:28Z
42357,Alpski kozorog,hr,"","",,Croatian,John E. Christensen,2017-12-23T17:28:59Z
43793,Europski dabar,hr,"","",,Croatian,John E. Christensen,2017-12-30T15:25:23Z
47534,Žarnjaci,hr,"","",,Croatian,John E. Christensen,2018-01-04T10:37:32Z
52319,Plošnjaci,hr,"","",,Croatian,John E. Christensen,2018-01-05T10:27:53Z
47686,Praživotinje,hr,"","",,Croatian,John E. Christensen,2018-01-10T08:43:12Z
26036,Gmazovi,hr,"","",,Croatian,John E. Christensen,2018-01-12T14:23:06Z
71272,Božikovina,hr,"","",,Croatian,John E. Christensen,2018-01-16T08:52:54Z
52642,Sitovke,hr,"","",,Croatian,John E. Christensen,2018-01-17T15:36:20Z
204472,Mišar,hr,Croatia,HR,,Croatian,John E. Christensen,2018-01-17T15:45:41Z
48824,Spužve,hr,"","",,Croatian,John E. Christensen,2018-01-24T16:19:51Z
40268,Šišmiši,hr,"","",,Croatian,John E. Christensen,2018-01-24T16:25:28Z
6888,Patkarice,hr,"","",,Croatian,John E. Christensen,2018-01-25T15:49:47Z
481959,Zvjezdače,hr,"","",,Croatian,John E. Christensen,2018-01-29T09:51:30Z
48894,Štipavci,hr,"","",,Croatian,John E. Christensen,2018-02-05T07:51:15Z
47178,Zrakoperke,hr,"","",,Croatian,John E. Christensen,2018-02-10T07:42:36Z
9398,Češljugar,hr,"","",,Croatian,John E. Christensen,2018-02-14T11:07:15Z
52461,Iglice,hr,"","",,Croatian,John E. Christensen,2018-02-16T15:35:24Z
56091,Murva,hr,"","",,Croatian,John E. Christensen,2018-02-18T14:06:27Z
47297,Jastog,hr,"","",,Croatian,John E. Christensen,2018-02-22T16:04:28Z
49664,Vodoklen,hr,"","",,Croatian,John E. Christensen,2018-02-23T09:19:17Z
67990,Koponošci,hr,"","",,Croatian,John E. Christensen,2018-03-05T07:57:41Z
372739,Heksapodi,hr,"","",,Croatian,John E. Christensen,2018-03-07T09:45:50Z
9459,Zimovka,hr,"","",,Croatian,John E. Christensen,2018-03-11T08:07:13Z
48867,Palmovke,hr,"","",,Croatian,John E. Christensen,2018-03-18T14:40:21Z
47193,drijen,hr,"","",,Croatian,John E. Christensen,2018-03-18T20:45:23Z
5305,Bjeloglavi orao,hr,"","",,Croatian,John E. Christensen,2018-03-23T10:47:16Z
8088,Šojka,hr,Croatia,HR,,Croatian,John E. Christensen,2018-03-24T06:40:50Z
52761,Pljuskavica,hr,"","",,Croatian,John E. Christensen,2018-03-25T06:47:49Z
52913,Cikorija,hr,"","",,Croatian,John E. Christensen,2018-03-29T15:37:58Z
58727,Thunbergova žutika,hr,"","",,Croatian,John E. Christensen,2018-03-31T06:55:44Z
53178,Uskolisni trputac,hr,"","",,Croatian,John E. Christensen,2018-04-03T06:46:48Z
41663,Američki rakun,hr,"","",,Croatian,John E. Christensen,2018-04-15T12:59:30Z
56955,Suncokret,hr,"","",,Croatian,John E. Christensen,2018-04-24T08:36:29Z
54329,Dragoljub,hr,"","",,Croatian,John E. Christensen,2018-04-26T12:41:08Z
61396,Divlji mažuran,hr,"","",,Croatian,John E. Christensen,2018-04-29T08:05:19Z
47603,Maslačak,hr,"","",,Croatian,John E. Christensen,2018-04-30T15:03:11Z
56006,Zmijinac,hr,"","",,Croatian,John E. Christensen,2018-05-02T08:10:21Z
47429,Hitoni,hr,"","",,Croatian,John E. Christensen,2018-05-02T14:13:48Z
160162,Kim,hr,"","",,Croatian,John E. Christensen,2018-05-04T16:09:41Z
61905,Lavanda,hr,"","",,Croatian,John E. Christensen,2018-05-09T07:35:46Z
51884,Kopriva,hr,"","",,Croatian,John E. Christensen,2018-05-11T19:56:02Z
53352,Joha,hr,"","",,Croatian,John E. Christensen,2018-05-12T19:23:49Z
55754,Matovilac,hr,"","",,Croatian,John E. Christensen,2018-05-15T08:54:49Z
48332,Režnjaci,hr,"","",,Croatian,John E. Christensen,2018-06-17T16:43:24Z
52649,Saracenijevke,hr,"","",,Croatian,John E. Christensen,2018-06-25T18:12:48Z
53492,Kobre,hr,"","",,Croatian,John E. Christensen,2018-07-04T14:12:50Z
45933,Vjeverice,hr,"","",,Croatian,John E. Christensen,2018-07-12T15:21:53Z
52345,Slakovke,hr,"","",,Croatian,John E. Christensen,2018-07-20T15:32:54Z
49320,Litops,hr,"","",,Croatian,John E. Christensen,2018-07-22T11:45:54Z
48623,Usnače (biljke),hr,"","",,Croatian,John E. Christensen,2018-07-25T20:39:32Z
136336,Cikade,hr,"","",,Croatian,John E. Christensen,2018-08-12T07:01:05Z
151882,Dvorežnjasti ginko,hr,"","",,Croatian,John E. Christensen,2018-08-12T07:03:33Z
131586,Jesenski mrazovac,hr,"","",,Croatian,John E. Christensen,2018-10-01T09:50:38Z
26154,Aligatori,hr,"","",,Croatian,John E. Christensen,2018-10-18T06:27:19Z
53030,Češljugovina,hr,"","",,Croatian,John E. Christensen,2018-10-24T09:19:30Z
57278,Žljezdasti pajasen,hr,"","",,Croatian,John E. Christensen,2018-10-31T08:27:51Z
47336,Mravi,hr,"","",,Croatian,John E. Christensen,2018-11-01T16:23:20Z
4730,Rode,hr,"","",,Croatian,John E. Christensen,2018-11-15T08:21:59Z
47851,Hrast,hr,"","",,Croatian,John E. Christensen,2018-11-26T15:13:15Z
56235,Sirištara,hr,"","",,Croatian,John E. Christensen,2018-12-02T14:36:46Z
326296,Smeđa krastača,hr,"","",,Croatian,Vladimir Tkalčić,2018-12-07T16:50:26Z
5366,Bjeloglavi sup,hr,Croatia,HR,,Croatian,Vladimir Tkalčić,2018-12-07T16:58:57Z
357376,Spužva,hr,"","",,Croatian,Vladimir Tkalčić,2018-12-07T20:16:28Z
486180,Štuka,hr,"","",,Croatian,Vladimir Tkalčić,2018-12-07T20:17:51Z
55882,Bršljan,hr,"","",,Croatian,Vladimir Tkalčić,2018-12-07T20:19:31Z
14850,Čvorak,hr,Croatia,HR,,Croatian,Vladimir Tkalčić,2018-12-07T20:20:33Z
49606,Kostorog,hr,"","",,Croatian,Vladimir Tkalčić,2018-12-07T20:21:42Z
61168,Kozlac,hr,"","",,Croatian,Vladimir Tkalčić,2018-12-07T20:22:38Z
47406,Brnistra,hr,"","",,Croatian,Vladimir Tkalčić,2018-12-07T20:23:54Z
47406,Žuka sitinasta,hr,"","",,Croatian,Vladimir Tkalčić,2018-12-07T20:24:54Z
64017,Trstika,hr,"","",,Croatian,Vladimir Tkalčić,2018-12-07T20:26:33Z
201656,Bambus,hr,"","",,Croatian,Vladimir Tkalčić,2018-12-07T20:27:34Z
144757,Siva vrana,hr,Croatia,HR,,Croatian,Vladimir Tkalčić,2018-12-07T20:28:45Z
144128,Stonoge,hr,"","",,Croatian,John E. Christensen,2018-12-08T16:31:50Z
78159,Mirta,hr,"","",,Croatian,Vladimir Tkalčić,2018-12-09T15:05:49Z
82691,Bljušt,hr,"","",,Croatian,Vladimir Tkalčić,2018-12-11T20:37:34Z
57278,Pajasen,hr,"","",,Croatian,Vladimir Tkalčić,2018-12-12T08:27:37Z
49556,Strige,hr,"","",,Croatian,John E. Christensen,2018-12-12T11:00:52Z
57140,Maslina,hr,"","",,Croatian,Vladimir Tkalčić,2018-12-12T17:03:33Z
334194,Crni grab,hr,"","",,Croatian,Vladimir Tkalčić,2018-12-13T15:01:25Z
48599,Vinobojka,hr,"","",,Croatian,Vladimir Tkalčić,2018-12-14T10:23:11Z
6930,Divlja patka,hr,Croatia,HR,,Croatian,John E. Christensen,2018-12-14T15:00:53Z
77111,Drvenasta mlječika,hr,"","",,Croatian,Vladimir Tkalčić,2018-12-16T07:32:09Z
78267,Mišje uši,hr,"","",,Croatian,Vladimir Tkalčić,2018-12-20T16:00:35Z
13858,Domaći vrabac,hr,Croatia,HR,,Croatian,Vladimir Tkalčić,2018-12-22T07:44:26Z
244861,Skalar,hr,"","",,Croatian,Vladimir Tkalčić,2018-12-22T16:35:13Z
64103,Američka agava,hr,"","",,Croatian,Vladimir Tkalčić,2018-12-23T14:39:25Z
122767,Domaći golub,hr,"","",,Croatian,Vladimir Tkalčić,2018-12-29T20:38:29Z
57512,Bijela imela,hr,"","",,Croatian,Vladimir Tkalčić,2019-01-02T22:21:54Z
55819,Proljetni jaglac,hr,"","",,Croatian,Vladimir Tkalčić,2019-01-02T22:24:35Z
3017,Golub pećinar,hr,Croatia,HR,,Croatian,Vladimir Tkalčić,2019-01-02T22:25:48Z
186122,Agava kaktus,hr,"","",,Croatian,Vladimir Tkalčić,2019-01-04T17:42:48Z
148030,Domaći magarac,hr,"","",,Croatian,Vladimir Tkalčić,2019-01-04T17:45:44Z
124145,Crna pčela drvarica,hr,"","",,Croatian,Vladimir Tkalčić,2019-01-10T19:22:27Z
62205,Vrtni sljez,hr,"","",,Croatian,Vladimir Tkalčić,2019-01-10T19:23:35Z
127306,Kineska glicinija,hr,"","",,Croatian,Vladimir Tkalčić,2019-01-11T18:26:12Z
13094,Crvendać,hr,Croatia,HR,,Croatian,Vladimir Tkalčić,2019-01-12T16:27:05Z
58300,Nar,hr,"","",,Croatian,Vladimir Tkalčić,2019-01-13T11:25:43Z
277314,Baršunasta tradeskancija,hr,"","",,Croatian,Vladimir Tkalčić,2019-01-13T12:37:02Z
205088,Mekolisna veprina,hr,"","",,Croatian,Vladimir Tkalčić,2019-01-14T13:54:34Z
82904,Bodljikava veprina,hr,"","",,Croatian,Vladimir Tkalčić,2019-01-14T15:10:58Z
10070,Zeba,hr,Croatia,HR,,Croatian,Vladimir Tkalčić,2019-01-15T22:56:40Z
162839,Kristov trn,hr,"","",,Croatian,Vladimir Tkalčić,2019-01-16T08:09:41Z
4368,Veliki galeb,hr,"","",,Croatian,Vladimir Tkalčić,2019-01-17T16:32:56Z
119805,Kalina,hr,"","",,Croatian,Vladimir Tkalčić,2019-01-21T17:57:26Z
210513,Divlja šparoga,hr,"","",,Croatian,Vladimir Tkalčić,2019-01-21T17:59:35Z
43997,Nutrija,hr,"","",,Croatian,Vladimir Tkalčić,2019-01-21T19:05:49Z
14824,Brgljez,hr,"","",,Croatian,Vladimir Tkalčić,2019-01-21T19:39:24Z
144849,Plavetna sjenica,hr,Croatia,HR,,Croatian,Vladimir Tkalčić,2019-01-22T06:56:03Z
13000,Mrka crvenrepka,hr,Croatia,HR,,Croatian,Vladimir Tkalčić,2019-01-22T17:12:15Z
145303,Čižak,hr,"","",,Croatian,Vladimir Tkalčić,2019-01-23T07:47:57Z
47373,Sekvoja,hr,"","",,Croatian,John E. Christensen,2019-01-26T07:15:34Z
74009,Eskulapova zmija,hr,"","",,Croatian,Vladimir Tkalčić,2019-01-26T17:15:01Z
74009,Bjelica,hr,"","",,Croatian,Vladimir Tkalčić,2019-01-26T17:15:33Z
48836,Zmijače,hr,"","",,Croatian,John E. Christensen,2019-01-27T08:03:36Z
42241,Šupljorošci,hr,"","",,Croatian,John E. Christensen,2019-01-30T16:14:42Z
336711,Zečina,hr,"","",,Croatian,John E. Christensen,2019-02-03T13:27:30Z
70027,Kruhovac (biljna vrsta),hr,"","",,Croatian,John E. Christensen,2019-02-03T13:35:33Z
136319,Obična jela,hr,"","",,Croatian,Vladimir Tkalčić,2019-02-05T20:37:25Z
40151,Sisavci,hr,"","",,Croatian,John E. Christensen,2019-02-07T16:23:18Z
85493,Rakovi,hr,"","",,Croatian,John E. Christensen,2019-02-10T11:09:28Z
47119,Paučnjaci,hr,"","",,Croatian,John E. Christensen,2019-02-13T19:56:05Z
461263,Devetolisna režuha,hr,"","",,Croatian,Vladimir Tkalčić,2019-02-14T22:30:41Z
81769,Žohari i Termiti,hr,"","",,Croatian,John E. Christensen,2019-02-18T07:20:48Z
53587,Pelinolisni limundžik,hr,"","",,Croatian,John E. Christensen,2019-02-19T15:58:03Z
319280,Okriljena lesandra,hr,"","",,Croatian,Vladimir Tkalčić,2019-02-21T15:02:55Z
32036,Sljepić,hr,"","",,Croatian,John E. Christensen,2019-02-21T15:22:38Z
48486,Bubamare,hr,"","",,Croatian,John E. Christensen,2019-02-25T19:02:50Z
7251,Vrapčarke,hr,"","",,Croatian,John E. Christensen,2019-03-02T10:01:42Z
18874,Papigašice,hr,"","",,Croatian,John E. Christensen,2019-03-04T13:04:19Z
43698,Glodavci,hr,"","",,Croatian,John E. Christensen,2019-03-05T06:33:00Z
47217,Orhideje,hr,"","",,Croatian,John E. Christensen,2019-03-15T10:40:55Z
84964,Helikonija,hr,"","",,Croatian,John E. Christensen,2019-03-31T13:46:13Z
4943,Mala bijela čaplja,hr,Croatia,HR,,Croatian,Vladimir Tkalčić,2019-04-07T08:46:07Z
133387,Vrjesovke,hr,"","",,Croatian,John E. Christensen,2019-04-07T11:56:14Z
4954,Siva čaplja,hr,Croatia,HR,,Croatian,Vladimir Tkalčić,2019-04-07T15:50:33Z
6921,Crvenokljuni labud,hr,Croatia,HR,,Croatian,Vladimir Tkalčić,2019-04-09T08:39:13Z
48197,Obični hrušt,hr,"","",,Croatian,Vladimir Tkalčić,2019-04-11T17:26:11Z
9801,Batokljun,hr,"","",,Croatian,Vladimir Tkalčić,2019-04-13T15:10:52Z
118552,Domaća mačka,hr,"","",,Croatian,John E. Christensen,2019-04-14T11:42:52Z
4981,Gak,hr,"","",,Croatian,Vladimir Tkalčić,2019-04-20T06:08:39Z
64078,Crnokrpica,hr,"","",,Croatian,Vladimir Tkalčić,2019-04-27T06:55:09Z
64078,Pržac,hr,"","",,Croatian,Vladimir Tkalčić,2019-04-27T06:57:27Z
319036,Bertolonijeva kokica,hr,"","",,Croatian,Vladimir Tkalčić,2019-04-29T19:32:25Z
981,Obični fazan,hr,Croatia,HR,,Croatian,Vladimir Tkalčić,2019-04-30T19:49:08Z
54522,Vrtni grašak,hr,"","",,Croatian,Vladimir Tkalčić,2019-05-01T07:44:09Z
129759,Sabljasti karpobrot,hr,"","",,Croatian,Vladimir Tkalčić,2019-05-01T09:15:35Z
129759,Pustinjska ruža,hr,"","",,Croatian,Vladimir Tkalčić,2019-05-01T09:16:04Z
43128,Europski zec,hr,"","",,Croatian,Vladimir Tkalčić,2019-05-01T14:02:57Z
43128,Obični zec,hr,"","",,Croatian,Vladimir Tkalčić,2019-05-01T14:03:28Z
324591,Puž puzlatka,hr,"","",,Croatian,Vladimir Tkalčić,2019-05-01T15:30:12Z
55610,Vatrena stjenica,hr,"","",,Croatian,Vladimir Tkalčić,2019-05-06T06:21:49Z
55610,Beskrilni opančar,hr,"","",,Croatian,Vladimir Tkalčić,2019-05-06T06:23:26Z
36052,Mrki ljuskavi gušter,hr,"","",,Croatian,Vladimir Tkalčić,2019-05-06T07:00:07Z
47746,Preslica,hr,"","",,Croatian,John E. Christensen,2019-05-06T11:18:29Z
55844,Mala pavenka,hr,"","",,Croatian,Vladimir Tkalčić,2019-05-07T21:17:47Z
42210,Sika jelen,hr,"","",,Croatian,Vladimir Tkalčić,2019-05-08T06:20:18Z
13695,Bijela pastirica,hr,Croatia,HR,,Croatian,Vladimir Tkalčić,2019-05-09T18:05:14Z
2969,Gugutka,hr,Croatia,HR,,Croatian,Vladimir Tkalčić,2019-05-09T19:24:28Z
890729,Ilirska perunika,hr,"","",,Croatian,Vladimir Tkalčić,2019-05-13T14:59:05Z
709635,Hrvatska perunika,hr,"","",,Croatian,Vladimir Tkalčić,2019-05-13T17:35:06Z
55721,Pušina,hr,"","",,Croatian,Vladimir Tkalčić,2019-05-14T16:42:27Z
424147,Obična gatalinka,hr,"","",,Croatian,Vladimir Tkalčić,2019-05-15T06:02:36Z
47563,Oleandar,hr,"","",,Croatian,John E. Christensen,2019-05-20T11:28:37Z
56137,Štitasto ptičje mlijeko,hr,"","",,Croatian,Vladimir Tkalčić,2019-05-20T13:29:59Z
47584,Školjkaši,hr,"","",,Croatian,John E. Christensen,2019-05-21T07:17:57Z
56532,Veliki noćni paun,hr,"","",,Croatian,Vladimir Tkalčić,2019-05-26T06:52:01Z
82764,Moškatni gusjeničar,hr,"","",,Croatian,Vladimir Tkalčić,2019-05-26T10:00:54Z
130143,Poljska hitra,hr,"","",,Croatian,Vladimir Tkalčić,2019-05-26T12:05:27Z
51557,Velika bumbarica,hr,"","",,Croatian,Vladimir Tkalčić,2019-05-26T14:45:49Z
55719,Pčelolika cvjetarica,hr,"","",,Croatian,Vladimir Tkalčić,2019-05-26T17:01:32Z
42161,Jelen lopatar,hr,"","",,Croatian,Vladimir Tkalčić,2019-05-26T19:23:00Z
141725,Zelena stjenica,hr,"","",,Croatian,Vladimir Tkalčić,2019-05-27T15:53:50Z
336697,Crna medonjica,hr,"","",,Croatian,Vladimir Tkalčić,2019-05-27T16:59:34Z
61862,Livadna pjenuša,hr,"","",,Croatian,Vladimir Tkalčić,2019-05-27T18:52:38Z
546980,Crno-crveni pjenušasti cvrčak,hr,"","",,Croatian,Vladimir Tkalčić,2019-05-27T19:06:20Z
48874,Rujevke,hr,"","",,Croatian,John E. Christensen,2019-05-29T12:25:36Z
35871,Dalmatinski veliki zelembać,hr,"","",,Croatian,Vladimir Tkalčić,2019-06-09T12:21:18Z
461120,Crvena buba ubojica,hr,"","",,Croatian,Vladimir Tkalčić,2019-06-09T17:12:43Z
563098,Plosni vilin konjic,hr,"","",,Croatian,Vladimir Tkalčić,2019-06-10T05:04:00Z
321595,Potkornjaci,hr,"","",,Croatian,John E. Christensen,2019-06-10T14:37:39Z
164501,Hrapavi lavlji zub,hr,"","",,Croatian,Vladimir Tkalčić,2019-06-10T20:24:24Z
59343,Smeđocrvena babljača,hr,"","",,Croatian,Vladimir Tkalčić,2019-06-10T21:45:13Z
82646,Ljepljivi oman,hr,"","",,Croatian,Vladimir Tkalčić,2019-06-12T18:40:08Z
61267,Stjenice,hr,"","",,Croatian,John E. Christensen,2019-06-13T08:57:34Z
78712,Plivajući mrijesnjak,hr,"","",,Croatian,Vladimir Tkalčić,2019-06-16T18:34:55Z
27726,Pjegavi daždevnjak,hr,"","",,Croatian,Vladimir Tkalčić,2019-06-17T19:46:49Z
129282,Drača,hr,"","",,Croatian,Vladimir Tkalčić,2019-06-18T08:11:01Z
129282,Diraka,hr,"","",,Croatian,Vladimir Tkalčić,2019-06-18T08:11:45Z
119805,Kozje grožđe,hr,"","",,Croatian,Vladimir Tkalčić,2019-06-18T19:20:15Z
49083,Jelenak,hr,"","",,Croatian,brontes,2019-06-18T20:30:09Z
52486,Osolika muha,hr,"","",,Croatian,Vladimir Tkalčić,2019-06-19T17:56:12Z
5242,Zmijar,hr,"","",,Croatian,Vladimir Tkalčić,2019-06-20T08:46:19Z
39867,Barska kornjača,hr,"","",,Croatian,Vladimir Tkalčić,2019-06-22T10:31:52Z
85030,Obični vatreni strijelac,hr,"","",,Croatian,Vladimir Tkalčić,2019-06-22T20:37:38Z
85030,Vatreni vilenjak,hr,"","",,Croatian,Vladimir Tkalčić,2019-06-22T20:38:04Z
337499,Južni strijelac,hr,"","",,Croatian,Vladimir Tkalčić,2019-06-23T04:36:28Z
55625,Veliki strijelac,hr,"","",,Croatian,Vladimir Tkalčić,2019-06-23T08:00:19Z
49133,Ljepokrili admiral,hr,"","",,Croatian,Vladimir Tkalčić,2019-06-26T21:33:24Z
48548,Stričkovac,hr,"","",,Croatian,Vladimir Tkalčić,2019-06-27T07:51:30Z
321526,Koprivićnjak,hr,"","",,Croatian,Vladimir Tkalčić,2019-06-27T10:02:06Z
130398,Pjegavac,hr,"","",,Croatian,Vladimir Tkalčić,2019-06-27T13:53:33Z
130398,Šah-ploča,hr,"","",,Croatian,Vladimir Tkalčić,2019-06-27T13:54:06Z
57489,Bjelopjegavi ovnić,hr,"","",,Croatian,Vladimir Tkalčić,2019-06-27T18:36:16Z
61781,Šareni debeloglavac,hr,"","",,Croatian,Vladimir Tkalčić,2019-06-27T20:08:08Z
546357,Prugasti smrdljivac,hr,"","",,Croatian,Vladimir Tkalčić,2019-06-28T10:24:00Z
54594,Smrdljivi stršak,hr,"","",,Croatian,Vladimir Tkalčić,2019-07-03T05:43:31Z
56528,Talijanski škorpion,hr,"","",,Croatian,Vladimir Tkalčić,2019-07-03T12:34:44Z
54404,Mak turčinak,hr,"","",,Croatian,Vladimir Tkalčić,2019-07-04T08:35:17Z
4994,Žuta čaplja,hr,"","",,Croatian,Vladimir Tkalčić,2019-07-05T06:45:34Z
52402,Zlatna mara,hr,"","",,Croatian,Vladimir Tkalčić,2019-07-05T18:29:48Z
35710,Krška gušterica,hr,"","",,Croatian,Vladimir Tkalčić,2019-07-06T06:54:23Z
57563,Divlja artičoka,hr,"","",,Croatian,John E. Christensen,2019-07-06T09:41:56Z
35716,Brusnička crna gušterica,hr,"","",,Croatian,Vladimir Tkalčić,2019-07-06T13:49:21Z
84640,Papirna osa,hr,"","",,Croatian,Vladimir Tkalčić,2019-07-07T19:22:18Z
160574,Zimska vodopija,hr,"","",,Croatian,Vladimir Tkalčić,2019-07-10T11:47:31Z
55401,Kupusov bijelac,hr,"","",,Croatian,Vladimir Tkalčić,2019-07-10T17:18:38Z
57317,Vlasastodlakava grahorica,hr,"","",,Croatian,Vladimir Tkalčić,2019-07-14T15:08:39Z
56134,Mala presličica,hr,"","",,Croatian,Vladimir Tkalčić,2019-07-15T09:33:13Z
11901,Lastavica,hr,"","",,Croatian,Vladimir Tkalčić,2019-07-15T13:37:49Z
126583,Dnevni ljiljan,hr,"","",,Croatian,Vladimir Tkalčić,2019-07-15T14:44:27Z
76422,Pucalina,hr,"","",,Croatian,Vladimir Tkalčić,2019-07-16T05:09:44Z
436401,Vitka kockavica,hr,"","",,Croatian,Vladimir Tkalčić,2019-07-16T09:28:36Z
418147,Vrtni komar,hr,"","",,Croatian,Vladimir Tkalčić,2019-07-18T20:47:12Z
418147,Kupusni komar,hr,"","",,Croatian,Vladimir Tkalčić,2019-07-18T20:48:05Z
52628,Pauk križar,hr,"","",,Croatian,Vladimir Tkalčić,2019-07-19T07:01:34Z
60218,Smokva,hr,"","",,Croatian,Vladimir Tkalčić,2019-07-21T12:36:00Z
207977,Danji paun,hr,"","",,Croatian,Vladimir Tkalčić,2019-07-21T20:21:55Z
55760,Poljska ljubičica,hr,"","",,Croatian,Vladimir Tkalčić,2019-07-23T10:56:59Z
57254,Vatreni trn,hr,"","",,Croatian,Vladimir Tkalčić,2019-07-23T13:35:53Z
414340,Velika mlječika,hr,"","",,Croatian,Vladimir Tkalčić,2019-07-24T06:21:18Z
346033,Malijev šafran,hr,"","",,Croatian,Vladimir Tkalčić,2019-07-24T07:39:18Z
82511,Mrčasta mlječika,hr,"","",,Croatian,Vladimir Tkalčić,2019-07-24T11:30:05Z
82511,Krvavi mlečić,hr,"","",,Croatian,Vladimir Tkalčić,2019-07-24T11:30:30Z
62766,Mala sedefica,hr,"","",,Croatian,Vladimir Tkalčić,2019-07-24T18:49:52Z
56222,Podbjel,hr,"","",,Croatian,Vladimir Tkalčić,2019-07-25T09:46:30Z
132892,Egipatski skakavac,hr,"","",,Croatian,Vladimir Tkalčić,2019-07-28T11:46:14Z
55653,Žutopjegavi crnac,hr,"","",,Croatian,Vladimir Tkalčić,2019-07-28T14:17:37Z
55653,Veliko volovsko oko,hr,"","",,Croatian,Vladimir Tkalčić,2019-07-28T14:21:52Z
62429,Obični vratar,hr,"","",,Croatian,Vladimir Tkalčić,2019-07-28T16:14:35Z
154576,Nebeskomodri plavac,hr,"","",,Croatian,Vladimir Tkalčić,2019-07-28T16:45:45Z
125494,Tamnosmeđi plavac,hr,"","",,Croatian,Vladimir Tkalčić,2019-07-29T12:04:18Z
123629,Veliki pjegavac,hr,"","",,Croatian,Vladimir Tkalčić,2019-07-30T04:40:54Z
208988,Trninin plavorepac,hr,"","",,Croatian,Vladimir Tkalčić,2019-07-30T17:18:36Z
82602,Motar,hr,"","",,Croatian,Vladimir Tkalčić,2019-08-02T09:00:38Z
162697,Ljubičastomodri kotrljan,hr,"","",,Croatian,Vladimir Tkalčić,2019-08-04T06:52:02Z
162697,Plavi kotrljan,hr,"","",,Croatian,Vladimir Tkalčić,2019-08-04T06:53:09Z
53905,Obična bogomoljka,hr,"","",,Croatian,Vladimir Tkalčić,2019-08-04T18:37:32Z
54428,Crveni glog,hr,"","",,Croatian,Vladimir Tkalčić,2019-08-04T18:41:28Z
83072,Jorgovan,hr,"","",,Croatian,Vladimir Tkalčić,2019-08-05T05:03:45Z
124741,Hudika,hr,"","",,Croatian,Vladimir Tkalčić,2019-08-05T06:04:30Z
480298,Smeđi vrtni puž,hr,"","",,Croatian,Vladimir Tkalčić,2019-08-05T19:47:40Z
184884,Krilaši,hr,"","",,Croatian,Vladimir Tkalčić,2019-08-06T09:12:48Z
55213,Crni mrav,hr,"","",,Croatian,Vladimir Tkalčić,2019-08-06T15:19:13Z
50298,Šumska jagoda,hr,"","",,Croatian,Vladimir Tkalčić,2019-08-08T15:29:46Z
131196,Asklepijeva sirištara,hr,"","",,Croatian,Vladimir Tkalčić,2019-08-11T08:55:29Z
131196,Šumska sirištara,hr,"","",,Croatian,Vladimir Tkalčić,2019-08-11T08:55:56Z
334575,Ružičasti slak,hr,"","",,Croatian,Vladimir Tkalčić,2019-08-11T10:01:40Z
53021,Poljski slak,hr,"","",,Croatian,Vladimir Tkalčić,2019-08-11T14:31:32Z
55854,Kužnjak,hr,"","",,Croatian,Vladimir Tkalčić,2019-08-11T17:01:39Z
55854,Tatura,hr,"","",,Croatian,Vladimir Tkalčić,2019-08-11T17:02:26Z
142734,Crvena hudika,hr,"","",,Croatian,Vladimir Tkalčić,2019-08-12T08:27:38Z
167829,Kiseli ruj,hr,"","",,Croatian,Vladimir Tkalčić,2019-08-16T20:48:23Z
167829,Dlakavi ruj,hr,"","",,Croatian,Vladimir Tkalčić,2019-08-16T20:48:59Z
104526,Klenić,hr,"","",,Croatian,Vladimir Tkalčić,2019-08-22T13:42:28Z
903769,Mentolisni čistac,hr,"","",,Croatian,,2019-08-22T15:07:46Z
358060,Žuti kolotoć,hr,"","",,Croatian,Vladimir Tkalčić,2019-08-23T10:46:29Z
55972,Trušljika,hr,"","",,Croatian,Vladimir Tkalčić,2019-08-24T16:57:37Z
55972,Krkavina,hr,"","",,Croatian,Vladimir Tkalčić,2019-08-24T16:59:31Z
84328,Prava broćika,hr,"","",,Croatian,Vladimir Tkalčić,2019-08-25T08:10:46Z
84328,Ivanjsko cvijeće,hr,"","",,Croatian,Vladimir Tkalčić,2019-08-25T08:11:30Z
341583,Morski pelin,hr,"","",,Croatian,Vladimir Tkalčić,2019-08-26T20:33:41Z
341583,Santonika,hr,"","",,Croatian,Vladimir Tkalčić,2019-08-26T20:34:26Z
54811,Krkavina,hr,"","",,Croatian,Vladimir Tkalčić,2019-08-27T18:49:33Z
123070,Domaća koza,hr,"","",,Croatian,Vladimir Tkalčić,2019-08-29T07:18:40Z
58300,Mogranj,hr,"","",,Croatian,Vladimir Tkalčić,2019-08-29T17:51:18Z
155124,Svib,hr,"","",,Croatian,Vladimir Tkalčić,2019-08-29T20:28:17Z
143418,Ljepljiva kadulja,hr,"","",,Croatian,Vladimir Tkalčić,2019-09-01T13:18:52Z
143418,Šumska žalfija,hr,"","",,Croatian,Vladimir Tkalčić,2019-09-01T13:19:23Z
451954,Kukurijek,hr,"","",,Croatian,Vladimir Tkalčić,2019-09-01T20:12:40Z
50638,Trpučevke,hr,"","",,Croatian,John E. Christensen,2019-09-02T11:58:46Z
82848,Broćac,hr,"","",,Croatian,Vladimir Tkalčić,2019-09-03T18:20:08Z
170271,Konopljika,hr,"","",,Croatian,Vladimir Tkalčić,2019-09-03T19:08:18Z
170271,Prstasta konopljika,hr,"","",,Croatian,Vladimir Tkalčić,2019-09-03T19:08:58Z
170271,Otočka konopljika,hr,"","",,Croatian,Vladimir Tkalčić,2019-09-03T19:09:33Z
170271,Divlji papar,hr,"","",,Croatian,Vladimir Tkalčić,2019-09-03T19:10:02Z
47553,Tisa,hr,"","",,Croatian,Vladimir Tkalčić,2019-09-05T11:43:57Z
57453,Oštrobridi jedić,hr,"","",,Croatian,Vladimir Tkalčić,2019-09-05T15:32:39Z
124741,Crna hudika,hr,"","",,Croatian,Vladimir Tkalčić,2019-09-05T16:03:35Z
77480,Pljuskavica,hr,"","",,Croatian,Vladimir Tkalčić,2019-09-06T18:22:13Z
77480,Bljuzgavac,hr,"","",,Croatian,Vladimir Tkalčić,2019-09-06T18:22:59Z
77480,Krčnica,hr,"","",,Croatian,Vladimir Tkalčić,2019-09-06T18:23:33Z
77480,Krvavica širolistna,hr,"","",,Croatian,Vladimir Tkalčić,2019-09-06T18:23:59Z
160369,Ukrasna dunja,hr,"","",,Croatian,Vladimir Tkalčić,2019-09-06T22:08:18Z
141262,Jestivi čapljez,hr,"","",,Croatian,Vladimir Tkalčić,2019-09-08T16:54:37Z
141262,Čapljan,hr,"","",,Croatian,Vladimir Tkalčić,2019-09-08T16:55:03Z
141262,Sitnoplodni čapljan,hr,"","",,Croatian,Vladimir Tkalčić,2019-09-08T17:04:31Z
167373,Puzajući petoprst,hr,"","",,Croatian,Vladimir Tkalčić,2019-09-10T09:15:52Z
82591,Zlatinjak,hr,"","",,Croatian,Vladimir Tkalčić,2019-09-11T06:53:58Z
82591,Zlatna paprat,hr,"","",,Croatian,Vladimir Tkalčić,2019-09-11T06:54:28Z
931908,Liburnijski čuba,hr,"","",,Croatian,Vladimir Tkalčić,2019-09-12T16:41:42Z
168442,Primorski vrisak,hr,"","",,Croatian,Vladimir Tkalčić,2019-09-12T17:31:33Z
575102,Šumska mjehurica,hr,"","",https://www.inaturalist.org/taxon_names/1712454/edit,Croatian,,2019-09-16T21:08:20Z
50616,Noćna dama,hr,"","",,Croatian,Vladimir Tkalčić,2019-09-17T16:26:33Z
50616,Noćna frajla,hr,"","",,Croatian,Vladimir Tkalčić,2019-09-17T16:27:03Z
50616,Peruanski noćurak,hr,"","",,Croatian,Vladimir Tkalčić,2019-09-17T16:27:29Z
47602,Maslačak,hr,"","",,Croatian,Vladimir Tkalčić,2019-09-17T18:07:07Z
7998,Gavrani,hr,"","",,Croatian,John E. Christensen,2019-09-18T08:53:39Z
55854,Datura,hr,"","",,Croatian,Vladimir Tkalčić,2019-09-18T09:47:18Z
55854,Bijeli kužnjak,hr,"","",,Croatian,Vladimir Tkalčić,2019-09-18T09:47:48Z
54797,Trnovac,hr,"","",,Croatian,Vladimir Tkalčić,2019-09-22T10:17:47Z
47115,Mollusca,hr,"","",,Croatian,Bobby McCabe,2019-09-26T01:46:40Z
55884,Divlja ruža,hr,"","",,Croatian,Vladimir Tkalčić,2019-09-26T05:27:33Z
55884,Pasja ruža,hr,"","",,Croatian,Vladimir Tkalčić,2019-09-26T05:28:03Z
54704,Cretna mahovina,hr,"","",,Croatian,John E. Christensen,2019-09-26T10:52:22Z
51937,Rosika,hr,"","",,Croatian,John E. Christensen,2019-09-29T16:13:43Z
950603,Bijela šumarica,hr,"","",https://www.inaturalist.org/taxon_names/1475721/edit,Croatian,,2019-10-03T09:44:29Z
950596,Žuta šumarica,hr,"","",https://www.inaturalist.org/taxon_names/1563246/edit,Croatian,,2019-10-03T13:49:35Z
60214,Teofrastov mračnjak,hr,"","",,Croatian,Vladimir Tkalčić,2019-10-03T20:15:36Z
60214,Teofrastova lipica,hr,"","",,Croatian,Vladimir Tkalčić,2019-10-03T20:16:12Z
60214,Europski mračnjak,hr,"","",,Croatian,Vladimir Tkalčić,2019-10-03T20:16:54Z
122970,Čičoka,hr,"","",,Croatian,Vladimir Tkalčić,2019-10-04T18:23:55Z
122970,Jeruzalemska artičoka,hr,"","",,Croatian,Vladimir Tkalčić,2019-10-04T18:24:40Z
122970,Gomoljasti suncokret,hr,"","",,Croatian,Vladimir Tkalčić,2019-10-04T18:25:01Z
122970,Slatki krumpir,hr,"","",,Croatian,Vladimir Tkalčić,2019-10-04T18:25:55Z
122970,Topinambur,hr,"","",,Croatian,Vladimir Tkalčić,2019-10-04T18:26:20Z
47392,Velika gnojištarka,hr,"","",,Croatian,Vladimir Tkalčić,2019-10-06T15:50:26Z
47392,Čupava gnojištarka,hr,"","",,Croatian,Vladimir Tkalčić,2019-10-06T15:50:55Z
343661,Opekasti djed,hr,"","",,Croatian,Vladimir Tkalčić,2019-10-06T20:28:40Z
479681,Topolova mliječnica,hr,"","",,Croatian,Vladimir Tkalčić,2019-10-07T19:53:18Z
203153,Velika sjenica,hr,"","",,Croatian,Vladimir Tkalčić,2019-10-08T16:53:52Z
55950,Puza,hr,"","",,Croatian,Vladimir Tkalčić,2019-10-08T17:54:15Z
55950,Medenjača,hr,"","",,Croatian,Vladimir Tkalčić,2019-10-08T17:54:43Z
55950,Mraznica,hr,"","",,Croatian,Vladimir Tkalčić,2019-10-08T17:55:18Z
55950,Medena puza,hr,"","",,Croatian,Vladimir Tkalčić,2019-10-08T17:56:04Z
914922,Japanski dvornik,hr,"","",,Croatian,Vladimir Tkalčić,2019-10-09T18:47:05Z
55847,Obična kurika,hr,"","",,Croatian,Vladimir Tkalčić,2019-10-11T19:05:04Z
48618,Divlji krastavac,hr,"","",,Croatian,Vladimir Tkalčić,2019-10-11T21:09:20Z
48618,Uljna bučica,hr,"","",,Croatian,Vladimir Tkalčić,2019-10-11T21:09:50Z
48618,Bodljikavi krastavac,hr,"","",,Croatian,Vladimir Tkalčić,2019-10-11T21:10:18Z
48618,Bodljasta tikvica,hr,"","",,Croatian,Vladimir Tkalčić,2019-10-11T21:10:53Z
352185,Žuta capica,hr,"","",,Croatian,Vladimir Tkalčić,2019-10-12T14:07:48Z
75758,Obična žutika,hr,"","",,Croatian,Vladimir Tkalčić,2019-10-25T17:47:27Z
119805,Kozjak,hr,"","",,Croatian,Vladimir Tkalčić,2019-10-25T18:20:47Z
119805,Zimolezina,hr,"","",,Croatian,Vladimir Tkalčić,2019-10-25T18:21:54Z
63401,Velika sunčanica,hr,"","",,Croatian,Vladimir Tkalčić,2019-10-26T06:33:23Z
55847,Evropska kurika,hr,"","",,Croatian,Vladimir Tkalčić,2019-10-26T17:41:53Z
85321,Poljski zvončić,hr,"","",,Croatian,Vladimir Tkalčić,2019-10-27T10:20:57Z
85321,Poljska zvončika,hr,"","",,Croatian,Vladimir Tkalčić,2019-10-27T10:21:22Z
336217,Postjenak,hr,"","",,Croatian,Vladimir Tkalčić,2019-10-27T13:52:12Z
336217,Prndjel,hr,"","",,Croatian,Vladimir Tkalčić,2019-10-27T13:52:57Z
336217,Piramidalni zvončić,hr,"","",,Croatian,Vladimir Tkalčić,2019-10-27T13:53:20Z
142734,Šibikovina,hr,"","",,Croatian,Vladimir Tkalčić,2019-10-29T04:54:03Z
9192,Crnogrla strnadica,hr,"","",,Croatian,Vladimir Tkalčić,2019-10-29T06:38:57Z
118683,Konj,hr,"","",,Croatian,Vladimir Tkalčić,2019-11-01T07:06:42Z
50790,Lanilist,hr,"","",,Croatian,Vladimir Tkalčić,2019-11-03T06:47:00Z
4381,Tamnoleđi galeb,hr,"","",,Croatian,Vladimir Tkalčić,2019-11-04T06:04:26Z
60350,Pravi pelin,hr,"","",,Croatian,Vladimir Tkalčić,2019-11-06T17:31:54Z
155794,Apulijska orjašica,hr,"","",,Croatian,Vladimir Tkalčić,2019-11-06T19:03:53Z
209429,Velecvjetna moračina,hr,"","",,Croatian,Vladimir Tkalčić,2019-11-06T19:58:25Z
48715,Muhara,hr,"","",,Croatian,Vladimir Tkalčić,2019-11-08T21:16:12Z
52135,Zelena pupavka,hr,"","",,Croatian,Vladimir Tkalčić,2019-11-09T20:18:48Z
55583,Zelena vitičarka,hr,"","",,Croatian,Vladimir Tkalčić,2019-11-11T06:11:21Z
793469,Kraljić žutoglavi,hr,"","",,Croatian,Vladimir Tkalčić,2019-11-11T12:27:55Z
47902,Opuncija,hr,"","",,Croatian,Vladimir Tkalčić,2019-11-11T13:25:18Z
4327,Ružičasti pelikan,hr,"","",,Croatian,Vladimir Tkalčić,2019-11-13T16:26:23Z
4327,Ružičasti nesit,hr,"","",,Croatian,Vladimir Tkalčić,2019-11-13T16:26:59Z
4951,Čaplja danguba,hr,"","",,Croatian,Vladimir Tkalčić,2019-11-14T13:30:19Z
348720,Viskozna obojnjača,hr,"","",,Croatian,Vladimir Tkalčić,2019-11-23T22:18:37Z
348720,Ljepljiva tobolčarka,hr,"","",,Croatian,Vladimir Tkalčić,2019-11-23T22:19:05Z
127355,Napuljska ciklama,hr,"","",,Croatian,John E. Christensen,2019-11-24T15:35:25Z
505478,Domaća kokoš,hr,"","",,Croatian,John E. Christensen,2019-11-26T12:50:34Z
5032,Australski bukavac,hr,"","",https://eol.org/pages/45517756,Croatian,lwnrngr,2019-12-30T01:06:36Z
12716,Kos,hr,"","",,Croatian,Vladimir Tkalčić,2020-02-09T20:41:54Z
12716,Crni kos,hr,"","",,Croatian,Vladimir Tkalčić,2020-02-09T20:43:06Z
48386,Kamenikovke,hr,"","",,Croatian,John E. Christensen,2020-02-12T15:23:06Z
131236,virusi,hr,"","",,Croatian,James K. Douch,2020-02-23T01:58:00Z
43345,Veliki indijski nosorog,hr,"","",,Croatian,Vladimir Tkalčić,2020-02-25T19:20:15Z
5536,Veliki hornbill,hr,"","",,Croatian,Vladimir Tkalčić,2020-02-25T20:24:59Z
5536,Konkavski potkani hornbill,hr,"","",,Croatian,Vladimir Tkalčić,2020-02-25T20:25:31Z
5536,Veliki indijski hornbill,hr,"","",,Croatian,Vladimir Tkalčić,2020-02-25T20:26:00Z
5536,Veliki pied hornbill,hr,"","",,Croatian,Vladimir Tkalčić,2020-02-25T20:26:22Z
14591,Bula s crvenim šapama,hr,"","",,Croatian,Vladimir Tkalčić,2020-02-26T07:07:23Z
204519,Bjeloglavi zmijac,hr,"","",,Croatian,Vladimir Tkalčić,2020-02-26T15:23:33Z
43460,Rezus makaki,hr,"","",,Croatian,Vladimir Tkalčić,2020-03-02T19:52:39Z
19349,Papiga opatica,hr,"","",,Croatian,Vladimir Tkalčić,2020-03-06T19:04:59Z
56162,Crni sljez,hr,"","",,Croatian,Vladimir Tkalčić,2020-03-07T07:14:19Z
132759,Niska žumara,hr,"","",,Croatian,Vladimir Tkalčić,2020-03-10T14:09:52Z
132759,Mediteranska lepezasta palma,hr,"","",,Croatian,Vladimir Tkalčić,2020-03-10T14:10:23Z
163548,Kavkaski bršljan,hr,"","",,Croatian,Vladimir Tkalčić,2020-03-11T17:44:20Z
145363,Palčić,hr,"","",,Croatian,Vladimir Tkalčić,2020-03-12T08:25:39Z
335852,Žuta zlatoglavica,hr,"","",,Croatian,Vladimir Tkalčić,2020-03-12T16:11:38Z
474831,Vodena kopnica,hr,"","",,Croatian,Vladimir Tkalčić,2020-03-13T11:13:25Z
55620,Paskvica,hr,"","",,Croatian,Vladimir Tkalčić,2020-03-13T17:10:12Z
448130,Planinska kozokrvina,hr,"","",,Croatian,Vladimir Tkalčić,2020-03-13T19:46:33Z
448130,Planinska kozja krv,hr,"","",,Croatian,Vladimir Tkalčić,2020-03-13T19:47:02Z
448130,Planinsko pasje grožđe,hr,"","",,Croatian,Vladimir Tkalčić,2020-03-13T19:47:28Z
448130,Alpsko pasje grožđe,hr,"","",,Croatian,Vladimir Tkalčić,2020-03-13T19:48:02Z
448130,Sitno pasje grožđe,hr,"","",,Croatian,Vladimir Tkalčić,2020-03-13T19:48:25Z
82600,Tršlja,hr,"","",,Croatian,Vladimir Tkalčić,2020-03-13T20:10:36Z
210122,Crvenolisna šljiva,hr,"","",,Croatian,Vladimir Tkalčić,2020-03-15T11:07:53Z
201282,Mlakuša,hr,Croatia,HR,,Croatian,Vladimir Tkalčić,2020-03-16T18:00:58Z
116804,Trstenjak rogožar,hr,"","",,Croatian,Vladimir Tkalčić,2020-03-16T18:54:47Z
201192,Crnoglavi batić,hr,"","",,Croatian,Vladimir Tkalčić,2020-03-16T21:26:20Z
180365,Livadska puhara,hr,"","",,Croatian,Vladimir Tkalčić,2020-03-17T06:17:22Z
180365,Trbušasta puhara,hr,"","",,Croatian,Vladimir Tkalčić,2020-03-17T06:18:17Z
180365,Trbušasta ćelavica,hr,"","",,Croatian,Vladimir Tkalčić,2020-03-17T06:18:56Z
367960,Medvjeđa lijeska,hr,"","",,Croatian,Vladimir Tkalčić,2020-03-18T12:35:26Z
367960,Drvolika lijeska,hr,"","",,Croatian,Vladimir Tkalčić,2020-03-18T12:36:10Z
367960,Turska lijeska,hr,"","",,Croatian,Vladimir Tkalčić,2020-03-18T12:36:39Z
367960,Divoljeska,hr,"","",,Croatian,Vladimir Tkalčić,2020-03-18T12:36:59Z
54849,Rakita,hr,"","",,Croatian,Vladimir Tkalčić,2020-03-18T15:44:23Z
54849,Crvena vrba,hr,"","",,Croatian,Vladimir Tkalčić,2020-03-18T15:46:03Z
56222,Konjsko kopito,hr,"","",,Croatian,Vladimir Tkalčić,2020-03-18T17:36:47Z
56222,Bjelokopitnjak,hr,"","",,Croatian,Vladimir Tkalčić,2020-03-18T17:37:10Z
639660,Jetrenka,hr,"","",,Croatian,Vladimir Tkalčić,2020-03-19T20:45:15Z
61769,Potajnica,hr,"","",,Croatian,Vladimir Tkalčić,2020-03-21T18:55:59Z
167599,Ljekoviti plućnjak,hr,"","",,Croatian,Vladimir Tkalčić,2020-03-22T17:19:39Z
2314,Riječni vodomari,hr,"","",,Croatian,John E. Christensen,2020-03-26T12:01:50Z
154291,Šumska pečurka,hr,"","",https://www.inaturalist.org/taxon_names/1744456/edit,Croatian,Victor HOYEAU,2020-03-28T08:33:17Z
56136,Obični jaglac,hr,"","",,Croatian,Vladimir Tkalčić,2020-03-28T09:48:05Z
56136,Rani jaglac,hr,"","",,Croatian,Vladimir Tkalčić,2020-03-28T09:53:36Z
56136,Jagorčevina,hr,"","",,Croatian,Vladimir Tkalčić,2020-03-28T09:54:51Z
56136,Jagorčika,hr,"","",,Croatian,Vladimir Tkalčić,2020-03-28T09:55:11Z
83056,Japanska kamelija,hr,"","",,Croatian,Vladimir Tkalčić,2020-03-31T11:18:59Z
136234,Atlaski cedar,hr,"","",,Croatian,Vladimir Tkalčić,2020-03-31T11:22:12Z
69820,Himalajski cedar,hr,"","",,Croatian,Vladimir Tkalčić,2020-04-02T06:34:04Z
129783,Cikas palma,hr,"","",,Croatian,Vladimir Tkalčić,2020-04-05T14:56:40Z
129783,Lažna Palma,hr,"","",,Croatian,Vladimir Tkalčić,2020-04-05T14:58:26Z
129783,Bujadovac,hr,"","",,Croatian,Vladimir Tkalčić,2020-04-05T14:59:33Z
284040,Jedarce,hr,"","",,Croatian,Vladimir Tkalčić,2020-04-05T20:00:44Z
363436,Peruanski starac,hr,"","",,Croatian,Vladimir Tkalčić,2020-04-06T10:13:05Z
322033,Bukova šišarica,hr,"","",,Croatian,Vladimir Tkalčić,2020-04-07T19:16:15Z
76465,Drvo žada,hr,"","",,Croatian,Vladimir Tkalčić,2020-04-09T10:59:18Z
117097,Vatroglavi kraljić,hr,"","",,Croatian,Vladimir Tkalčić,2020-04-12T04:46:45Z
133034,Obični likovac,hr,"","",,Croatian,Vladimir Tkalčić,2020-04-28T09:45:21Z
4270,Veliki vranac,hr,"","",,Croatian,Vladimir Tkalčić,2020-04-29T17:27:15Z
979813,Mali vranac,hr,"","",,Croatian,Vladimir Tkalčić,2020-04-29T18:18:13Z
319281,Crni jasen,hr,"","",,Croatian,Vladimir Tkalčić,2020-05-04T13:46:55Z
59321,Grimizni kaćun,hr,"","",,Croatian,Vladimir Tkalčić,2020-05-04T16:37:14Z
56061,Ljekovita češnjača,hr,"","",,Croatian,Vladimir Tkalčić,2020-05-06T14:51:05Z
132603,Proljetni srčanik,hr,"","",,Croatian,Vladimir Tkalčić,2020-05-06T15:05:18Z
56160,Ljekoviti odoljen,hr,"","",,Croatian,Vladimir Tkalčić,2020-05-06T15:34:33Z
179065,Slinavka,hr,"","",,Croatian,Vladimir Tkalčić,2020-05-07T19:54:52Z
179065,Vučji hljebac,hr,"","",,Croatian,Vladimir Tkalčić,2020-05-07T19:55:19Z
179065,Ovčarka,hr,"","",,Croatian,Vladimir Tkalčić,2020-05-07T19:55:46Z
51610,Dvorednodlakava čestoslavica,hr,"","",,Croatian,Vladimir Tkalčić,2020-05-08T07:01:42Z
318952,Medenika,hr,"","",,Croatian,Vladimir Tkalčić,2020-05-12T12:14:11Z
56088,Bagrem,hr,"","",,Croatian,Vladimir Tkalčić,2020-05-12T18:08:12Z
12748,Drozd cikelj,hr,"","",,Croatian,Vladimir Tkalčić,2020-05-15T19:41:18Z
74011,Pjegava crvenkrpica,hr,"","",,Croatian,Vladimir Tkalčić,2020-05-17T08:41:59Z
74011,Šareni guž,hr,"","",,Croatian,Vladimir Tkalčić,2020-05-17T08:42:30Z
74011,Mišarica,hr,"","",,Croatian,Vladimir Tkalčić,2020-05-17T08:42:56Z
74011,Crvena krpa,hr,"","",,Croatian,Vladimir Tkalčić,2020-05-17T08:43:22Z
74011,Crvenokrpica,hr,"","",,Croatian,Vladimir Tkalčić,2020-05-17T08:43:45Z
74011,Črljenokrpica,hr,"","",,Croatian,Vladimir Tkalčić,2020-05-17T08:44:07Z
74011,Črljenkrpa,hr,"","",,Croatian,Vladimir Tkalčić,2020-05-17T08:44:27Z
55751,Blaženak,hr,"","",,Croatian,John E. Christensen,2020-05-19T14:52:27Z
450315,Divlji grašak,hr,"","",https://www.inaturalist.org/taxon_names/1563982/edit,Croatian,,2020-06-01T22:28:39Z
57283,Mamuzica,hr,"","",,Croatian,Vladimir Tkalčić,2020-06-04T15:34:47Z
57283,Crvena ostrugica,hr,"","",,Croatian,Vladimir Tkalčić,2020-06-04T15:35:18Z
57283,Mavonj,hr,"","",,Croatian,Vladimir Tkalčić,2020-06-04T15:35:55Z
57283,Crveni odoljen,hr,"","",,Croatian,Vladimir Tkalčić,2020-06-04T15:36:16Z
498350,Bijeli lastavičnjak,hr,"","",,Croatian,Vladimir Tkalčić,2020-06-06T12:27:33Z
498350,Bijela lastavina,hr,"","",,Croatian,Vladimir Tkalčić,2020-06-06T12:28:03Z
450829,Jurjevka,hr,"","",,Croatian,Vladimir Tkalčić,2020-06-07T07:17:48Z
450829,Đurđevača,hr,"","",,Croatian,Vladimir Tkalčić,2020-06-07T07:18:23Z
209586,Bijeli čepljez,hr,"","",,Croatian,Vladimir Tkalčić,2020-06-07T19:32:04Z
55976,Paštitkasta konopljuša,hr,"","",,Croatian,Vladimir Tkalčić,2020-06-09T09:01:31Z
350061,Usamljena muhara,hr,"","",,Croatian,Vladimir Tkalčić,2020-06-09T18:17:43Z
57850,Žuti lokvan,hr,"","",,Croatian,Vladimir Tkalčić,2020-06-14T20:37:53Z
47779,Žuta perunika,hr,"","",,Croatian,Vladimir Tkalčić,2020-06-14T20:39:45Z
47779,Vodena perunika,hr,"","",,Croatian,Vladimir Tkalčić,2020-06-14T20:40:14Z
55666,Perzijska čestoslavica,hr,"","",,Croatian,Vladimir Tkalčić,2020-06-15T15:03:40Z
55666,Žičasta čestoslavica,hr,"","",,Croatian,Vladimir Tkalčić,2020-06-15T15:04:08Z
55724,Ljekoviti gavez,hr,"","",,Croatian,Vladimir Tkalčić,2020-06-15T17:58:26Z
55724,Gavez obični,hr,"","",,Croatian,Vladimir Tkalčić,2020-06-15T17:58:53Z
55724,Ljubičasti gavez,hr,"","",,Croatian,Vladimir Tkalčić,2020-06-15T17:59:23Z
55724,Veliki gavez,hr,"","",,Croatian,Vladimir Tkalčić,2020-06-15T17:59:54Z
55724,Crni gavez,hr,"","",,Croatian,Vladimir Tkalčić,2020-06-15T18:00:18Z
884272,Gorska čestika,hr,"","",,Croatian,Vladimir Tkalčić,2020-06-16T16:00:41Z
884272,Mošnjak vriežasti,hr,"","",,Croatian,Vladimir Tkalčić,2020-06-16T16:01:09Z
51810,Zlatna kiša,hr,"","",,Croatian,Vladimir Tkalčić,2020-06-16T20:12:02Z
51810,Zanovijet,hr,"","",,Croatian,Vladimir Tkalčić,2020-06-16T20:12:33Z
56077,Kantarion,hr,"","",,Croatian,Vladimir Tkalčić,2020-06-18T18:02:41Z
56077,Rupičasta pljuskavica,hr,"","",,Croatian,Vladimir Tkalčić,2020-06-18T18:03:17Z
56077,Bogorodična trava,hr,"","",,Croatian,Vladimir Tkalčić,2020-06-18T18:03:52Z
56077,Trava svetog Ivana,hr,"","",,Croatian,Vladimir Tkalčić,2020-06-18T18:04:30Z
47443,Albicija,hr,"","",,Croatian,Vladimir Tkalčić,2020-06-18T18:43:34Z
47443,Svileni bagrem,hr,"","",,Croatian,Vladimir Tkalčić,2020-06-18T18:44:01Z
47443,Perzijsko svileno stablo,hr,"","",,Croatian,Vladimir Tkalčić,2020-06-18T18:44:41Z
75931,Ljekoviti neven,hr,"","",,Croatian,Vladimir Tkalčić,2020-06-19T18:54:10Z
68846,Razgranjena presličica,hr,"","",,Croatian,Vladimir Tkalčić,2020-06-20T10:10:31Z
61334,Pjesnički narcis,hr,"","",,Croatian,Vladimir Tkalčić,2020-06-20T13:45:51Z
61334,Obični sunovrat,hr,"","",,Croatian,Vladimir Tkalčić,2020-06-20T13:46:21Z
130398,Šahovnica,hr,"","",,Croatian,Vladimir Tkalčić,2020-06-20T19:41:09Z
51884,Obična kopriva,hr,"","",,Croatian,Vladimir Tkalčić,2020-06-22T16:05:38Z
51884,Velika kopriva,hr,"","",,Croatian,Vladimir Tkalčić,2020-06-22T16:06:36Z
51884,Dvodomna kopriva,hr,"","",,Croatian,Vladimir Tkalčić,2020-06-22T16:07:02Z
447977,Konjska smrt,hr,"","",,Croatian,Vladimir Tkalčić,2020-06-23T17:25:03Z
132875,Obična riđa,hr,"","",,Croatian,Vladimir Tkalčić,2020-06-26T07:56:41Z
54087,Crnožilni bijelac,hr,"","",,Croatian,Vladimir Tkalčić,2020-06-26T10:45:44Z
143294,Obični poštar,hr,"","",,Croatian,Vladimir Tkalčić,2020-06-29T18:00:20Z
60896,Zeleni kupinar,hr,"","",,Croatian,Vladimir Tkalčić,2020-06-30T10:44:52Z
42184,Obična srna,hr,"","",,Croatian,Vladimir Tkalčić,2020-07-01T18:41:30Z
42184,Srna,hr,"","",,Croatian,Vladimir Tkalčić,2020-07-01T18:41:53Z
351324,Baršunasta mlječnica,hr,"","",https://www.inaturalist.org/taxon_names/1763793/edit,Croatian,,2020-07-03T00:49:47Z
351324,Nevaljala sirovka,hr,"","",https://www.inaturalist.org/taxon_names/1763792/edit,Croatian,,2020-07-03T00:49:48Z
351324,Kravlje vime,hr,"","",https://www.inaturalist.org/taxon_names/1763791/edit,Croatian,,2020-07-03T00:49:48Z
351324,Runjavka,hr,"","",https://www.inaturalist.org/taxon_names/1763790/edit,Croatian,,2020-07-03T00:49:48Z
123628,Zelena sedefica,hr,"","",,Croatian,Vladimir Tkalčić,2020-07-03T20:23:37Z
123628,Srebnopisana sedefica,hr,"","",,Croatian,Vladimir Tkalčić,2020-07-03T20:24:05Z
362351,Mahovinasta merinka,hr,"","",,Croatian,Vladimir Tkalčić,2020-07-05T14:05:02Z
824777,Mrežastonogi vrganj,hr,"","",,Croatian,Vladimir Tkalčić,2020-07-05T19:43:47Z
55811,Trnjina,hr,"","",,Croatian,Vladimir Tkalčić,2020-07-06T04:44:32Z
55811,Trnina,hr,"","",,Croatian,Vladimir Tkalčić,2020-07-06T04:44:59Z
55811,Crni trn,hr,"","",,Croatian,Vladimir Tkalčić,2020-07-06T04:45:19Z
636795,Ružmarin,hr,"","",,Croatian,Vladimir Tkalčić,2020-07-07T11:05:55Z
200071,Sibirski limun,hr,"","",,Croatian,Vladimir Tkalčić,2020-07-07T14:29:14Z
200071,Japanska gorka naranča,hr,"","",,Croatian,Vladimir Tkalčić,2020-07-07T14:29:56Z
50186,Cvrčci,hr,"","",,Croatian,Jonathan Hoskins,2020-07-15T05:01:16Z
77279,Primorska makovica,hr,"","",,Croatian,Vladimir Tkalčić,2020-08-02T05:01:58Z
166162,Trolisna lozica,hr,"","",,Croatian,Vladimir Tkalčić,2020-08-02T11:00:37Z
166162,Istočnoazijska trodijelna lozika,hr,"","",,Croatian,Vladimir Tkalčić,2020-08-02T11:01:05Z
166162,Vajčova lozica,hr,"","",,Croatian,Vladimir Tkalčić,2020-08-02T11:01:30Z
59979,Smrdljiva bazga,hr,"","",,Croatian,Vladimir Tkalčić,2020-08-02T15:00:44Z
59979,Aptovina,hr,"","",,Croatian,Vladimir Tkalčić,2020-08-02T15:01:15Z
59979,Abdovina,hr,"","",,Croatian,Vladimir Tkalčić,2020-08-02T15:01:43Z
774737,Gluhač,hr,"","",,Croatian,Vladimir Tkalčić,2020-08-02T17:05:14Z
774737,Primorska somina,hr,"","",,Croatian,Vladimir Tkalčić,2020-08-02T17:05:43Z
67715,Trnoviti kapar,hr,"","",,Croatian,Vladimir Tkalčić,2020-08-03T04:28:46Z
67715,Kapare,hr,"","",,Croatian,Vladimir Tkalčić,2020-08-03T04:29:32Z
67715,Kaprice,hr,"","",,Croatian,Vladimir Tkalčić,2020-08-03T04:30:00Z
79009,Španjolska dragušica,hr,"","",,Croatian,Vladimir Tkalčić,2020-08-03T14:17:38Z
77365,Europska bradavka,hr,"","",,Croatian,Vladimir Tkalčić,2020-08-03T17:47:13Z
163950,Bijela bunika,hr,"","",,Croatian,Vladimir Tkalčić,2020-08-04T17:58:24Z
52565,Pitomi sljez,hr,"","",,Croatian,Vladimir Tkalčić,2020-08-04T19:46:12Z
52565,Bijeli sljez,hr,"","",,Croatian,Vladimir Tkalčić,2020-08-04T19:46:34Z
82689,Planika,hr,"","",,Croatian,Vladimir Tkalčić,2020-08-07T09:44:12Z
82689,Prpak,hr,"","",,Croatian,Vladimir Tkalčić,2020-08-07T09:45:02Z
82689,Manjiga,hr,"","",,Croatian,Vladimir Tkalčić,2020-08-07T09:45:34Z
82689,Magunja,hr,"","",,Croatian,Vladimir Tkalčić,2020-08-07T09:46:26Z
68354,Zečinina riđa,hr,"","",,Croatian,Vladimir Tkalčić,2020-08-09T08:22:29Z
155030,Plavi admiral,hr,"","",,Croatian,Vladimir Tkalčić,2020-08-09T10:24:02Z
50278,Petolisna lozica,hr,"","",,Croatian,Vladimir Tkalčić,2020-08-10T07:00:23Z
50278,Divlja loza,hr,"","",,Croatian,Vladimir Tkalčić,2020-08-10T07:00:48Z
50278,Lozica,hr,"","",,Croatian,Vladimir Tkalčić,2020-08-10T07:01:16Z
50278,Petolisna vinjaga,hr,"","",,Croatian,Vladimir Tkalčić,2020-08-10T07:01:43Z
82903,Crvena tetivika,hr,"","",,Croatian,Vladimir Tkalčić,2020-08-11T10:16:18Z
208979,Medunčev repić,hr,"","",,Croatian,Vladimir Tkalčić,2020-08-11T13:13:45Z
522411,Primorska gušterica,hr,"","",,Croatian,Vladimir Tkalčić,2020-08-12T08:47:01Z
81870,Primorska smrdljika,hr,"","",,Croatian,Vladimir Tkalčić,2020-08-17T06:46:09Z
81870,Tršlja,hr,"","",,Croatian,Vladimir Tkalčić,2020-08-17T06:48:56Z
81870,Smrdljika,hr,"","",,Croatian,Vladimir Tkalčić,2020-08-17T06:49:49Z
13713,Planinska trepteljka,hr,"","",,Croatian,Vladimir Tkalčić,2020-08-17T11:58:34Z
113507,Žućkasti strijelac,hr,Croatia,HR,,Croatian,Edi Gljušćić,2020-08-18T09:50:48Z
61508,Velika mora,hr,Croatia,HR,,Croatian,Edi Gljušćić,2020-08-18T09:58:05Z
318452,Mala mora,hr,Croatia,HR,,Croatian,Edi Gljušćić,2020-08-18T09:59:24Z
94043,Veliki car,hr,Croatia,HR,,Croatian,Edi Gljušćić,2020-08-18T10:00:42Z
107949,Primorski vilenjak,hr,Croatia,HR,,Croatian,Edi Gljušćić,2020-08-18T10:02:30Z
113525,Crveni strijelac,hr,"","",,Croatian,Vladimir Tkalčić,2020-08-18T10:07:56Z
85030,Vatreni jurišnik,hr,"","",,Croatian,Vladimir Tkalčić,2020-08-18T11:27:13Z
83074,Zimzelena magnolija,hr,"","",,Croatian,Vladimir Tkalčić,2020-08-21T06:24:50Z
83074,Velecvjetna magnolija,hr,"","",,Croatian,Vladimir Tkalčić,2020-08-21T06:25:14Z
144455,Velika bijela čaplja,hr,"","",,Croatian,Vladimir Tkalčić,2020-08-21T09:16:47Z
147298,Mali pjegavac,hr,"","",,Croatian,Vladimir Tkalčić,2020-08-23T16:32:24Z
147298,Zidni okaš,hr,"","",,Croatian,Vladimir Tkalčić,2020-08-23T16:33:00Z
147298,Zidna lisica,hr,"","",,Croatian,Vladimir Tkalčić,2020-08-23T16:33:27Z
133295,Crveni šarenac,hr,"","",,Croatian,Vladimir Tkalčić,2020-08-23T19:30:40Z
133295,Crvena riđa,hr,"","",,Croatian,Vladimir Tkalčić,2020-08-23T19:31:06Z
40042,Čančara,hr,"","",,Croatian,Vladimir Tkalčić,2020-08-24T05:53:54Z
472766,Vjetruša,hr,"","",,Croatian,Vladimir Tkalčić,2020-08-24T15:38:31Z
204472,Škanjac,hr,"","",,Croatian,Vladimir Tkalčić,2020-08-24T18:23:59Z
204472,Škanjac mišar,hr,"","",,Croatian,Vladimir Tkalčić,2020-08-24T18:24:39Z
107654,Rogati regoč,hr,Croatia,HR,,Croatian,Edi Gljušćić,2020-08-25T21:05:22Z
54491,Obična lijeska,hr,"","",,Croatian,Vladimir Tkalčić,2020-08-27T14:18:30Z
54491,Lješnjak,hr,"","",,Croatian,Vladimir Tkalčić,2020-08-27T14:19:00Z
61334,Bijeli sunovrat,hr,"","",,Croatian,Vladimir Tkalčić,2020-08-27T16:43:58Z
361691,Zlatna osica,hr,"","",,Croatian,Vladimir Tkalčić,2020-08-27T19:25:10Z
589815,Aptenija,hr,"","",,Croatian,Vladimir Tkalčić,2020-08-28T07:31:46Z
47745,Riječna preslica,hr,"","",,Croatian,Johan Devos,2020-08-31T17:51:41Z
162202,Globus čičak,hr,"","",,Croatian,Vladimir Tkalčić,2020-09-01T15:00:01Z
78592,Japanski ljepljivac,hr,"","",,Croatian,Vladimir Tkalčić,2020-09-05T09:40:57Z
78592,Pitospor,hr,"","",,Croatian,Vladimir Tkalčić,2020-09-05T09:41:24Z
126854,Australska smokva gumovača,hr,"","",,Croatian,Vladimir Tkalčić,2020-09-06T06:27:27Z
27035,Crna poljarica,hr,"","",,Croatian,Vladimir Tkalčić,2020-09-13T17:15:58Z
43151,Europski kunić,hr,"","",,Croatian,Vladimir Tkalčić,2020-09-13T18:14:12Z
61321,Vrbica,hr,"","",,Croatian,Vladimir Tkalčić,2020-09-14T17:08:26Z
61321,Grimizna vrbica,hr,"","",,Croatian,Vladimir Tkalčić,2020-09-14T17:42:44Z
61321,Velika vrbica,hr,"","",,Croatian,Vladimir Tkalčić,2020-09-14T17:43:08Z
48685,Širokolisni rogoz,hr,"","",,Croatian,Vladimir Tkalčić,2020-09-15T17:17:51Z
53178,Muški trputac,hr,"","",,Croatian,Vladimir Tkalčić,2020-09-15T19:49:49Z
145098,Ogrličasti čvorak,hr,"","",,Croatian,bornfeta,2020-09-22T18:25:53Z
3085,Sivotrbi Golub,hr,"","",,Croatian,bornfeta,2020-09-22T18:38:33Z
63735,Šljiva,hr,"","",,Croatian,Vladimir Tkalčić,2020-09-22T19:46:54Z
10080,Crna Tangara,hr,"","",,Croatian,bornfeta,2020-09-22T20:14:21Z
9290,Ljubičastoleđa zeba,hr,"","",,Croatian,bornfeta,2020-09-22T20:20:23Z
13977,Dugorepa pletilja,hr,"","",,Croatian,bornfeta,2020-09-22T20:56:08Z
144281,Pozemni Kljunorožac,hr,"","",,Croatian,bornfeta,2020-09-22T21:03:02Z
4935,Crna čaplja,hr,"","",,Croatian,bornfeta,2020-09-22T21:17:18Z
5240,Crnoprsi Zmijar,hr,"","",,Croatian,bornfeta,2020-09-22T21:22:37Z
2269,Zlatovrana lastarka,hr,"","",,Croatian,bornfeta,2020-09-22T21:28:27Z
464801,Uskolisna perunika,hr,"","",,Croatian,Vladimir Tkalčić,2020-09-23T11:33:20Z
322051,Majčina dušica,hr,"","",,Croatian,Vladimir Tkalčić,2020-09-23T13:47:03Z
322051,Poljski timijan,hr,"","",,Croatian,Vladimir Tkalčić,2020-09-23T13:47:33Z
68838,Jednogodišnja resulja,hr,"","",,Croatian,Vladimir Tkalčić,2020-09-25T20:02:39Z
68838,Jednogodišnji prosinac,hr,"","",,Croatian,Vladimir Tkalčić,2020-09-25T20:03:02Z
5367,Himalajski Sup,hr,"","",,Croatian,bornfeta,2020-09-26T18:31:03Z
56739,Ricinus,hr,"","",,Croatian,Vladimir Tkalčić,2020-09-27T12:49:42Z
56739,Skočac,hr,"","",,Croatian,Vladimir Tkalčić,2020-09-27T12:50:11Z
158434,Prava krasuljica,hr,"","",https://www.inaturalist.org/taxon_names/1207902/edit,Croatian,,2020-09-28T02:58:24Z
76949,Japanska mušmula,hr,"","",,Croatian,Vladimir Tkalčić,2020-09-28T13:36:49Z
76949,Nešpola,hr,"","",,Croatian,Vladimir Tkalčić,2020-09-28T13:37:18Z
159204,Trajnocvjetna begonija,hr,"","",,Croatian,Vladimir Tkalčić,2020-10-01T14:31:26Z
47144,Domaći pas,hr,"","",,Croatian,Vladimir Tkalčić,2020-10-02T16:23:31Z
51606,Visibaba,hr,"","",,Croatian,Vladimir Tkalčić,2020-10-02T17:53:59Z
54811,Pasjakovina,hr,"","",,Croatian,Vladimir Tkalčić,2020-10-02T18:23:19Z
54811,Obična krkavina,hr,"","",,Croatian,Vladimir Tkalčić,2020-10-02T18:23:41Z
54811,Pasja krkavina,hr,"","",,Croatian,Vladimir Tkalčić,2020-10-02T18:24:28Z
54811,Trnovita krkavina,hr,"","",,Croatian,Vladimir Tkalčić,2020-10-02T18:24:55Z
54811,Pasji trn,hr,"","",,Croatian,Vladimir Tkalčić,2020-10-02T18:25:21Z
54811,Pasdrijen,hr,"","",,Croatian,Vladimir Tkalčić,2020-10-02T18:25:46Z
61009,Velecvjetna kukavičica,hr,"","",,Croatian,Vladimir Tkalčić,2020-10-03T06:44:47Z
333994,Brdski zvjezdan,hr,"","",,Croatian,Vladimir Tkalčić,2020-10-03T09:43:08Z
58205,Maklura,hr,"","",,Croatian,Vladimir Tkalčić,2020-10-03T15:33:13Z
58205,Majmunska lopta,hr,"","",,Croatian,Vladimir Tkalčić,2020-10-03T15:33:45Z
58205,Živična jabuka,hr,"","",,Croatian,Vladimir Tkalčić,2020-10-03T15:34:13Z
58205,Osage naranča,hr,"","",,Croatian,Vladimir Tkalčić,2020-10-03T15:34:39Z
58205,Lučno drvo,hr,"","",,Croatian,Vladimir Tkalčić,2020-10-03T15:35:03Z
58205,Konjska jabuka,hr,"","",,Croatian,Vladimir Tkalčić,2020-10-03T15:35:26Z
58205,Jabučavi ančur,hr,"","",,Croatian,Vladimir Tkalčić,2020-10-03T15:35:51Z
58205,Drvo mozak,hr,"","",,Croatian,Vladimir Tkalčić,2020-10-03T15:36:14Z
58205,Američka maklura,hr,"","",,Croatian,Vladimir Tkalčić,2020-10-03T15:36:33Z
76006,Bodljasti stričak,hr,Croatia,HR,,Croatian,ГоКуле,2020-10-04T11:21:19Z
53856,Božikovina,hr,"","",,Croatian,Vladimir Tkalčić,2020-10-08T18:27:19Z
56154,Ljekovita sapunjača,hr,"","",,Croatian,Vladimir Tkalčić,2020-10-09T16:40:52Z
128798,Crnoplodna aronija,hr,"","",,Croatian,Vladimir Tkalčić,2020-10-09T17:13:20Z
361306,Tankolisna šparoga,hr,"","",,Croatian,Vladimir Tkalčić,2020-10-10T11:40:56Z
51808,Točkasti protivak,hr,"","",,Croatian,Vladimir Tkalčić,2020-10-10T12:59:51Z
461359,Uglađeni naprstak,hr,"","",,Croatian,Vladimir Tkalčić,2020-10-10T15:01:10Z
461359,Glatki naprstak,hr,"","",,Croatian,Vladimir Tkalčić,2020-10-10T15:04:49Z
461359,Škripavac,hr,"","",,Croatian,Vladimir Tkalčić,2020-10-10T15:05:17Z
461357,Glatki naprstak,hr,"","",,Croatian,Vladimir Tkalčić,2020-10-10T15:24:04Z
461357,Škripavac,hr,"","",,Croatian,Vladimir Tkalčić,2020-10-10T15:24:28Z
461357,Uglađeni naprstak,hr,"","",,Croatian,Vladimir Tkalčić,2020-10-10T15:24:51Z
71162,Talijanski mačić,hr,"","",,Croatian,Vladimir Tkalčić,2020-10-10T17:29:31Z
52771,Žućak,hr,"","",,Croatian,Vladimir Tkalčić,2020-10-11T11:10:05Z
77990,Vodena metvica,hr,"","",,Croatian,Vladimir Tkalčić,2020-10-15T05:31:43Z
77990,Barska metvica,hr,"","",,Croatian,Vladimir Tkalčić,2020-10-15T05:32:09Z
129853,Crvena iglica,hr,"","",,Croatian,Vladimir Tkalčić,2020-10-21T18:58:34Z
55756,Smeđa iglica,hr,"","",,Croatian,Vladimir Tkalčić,2020-10-22T05:17:20Z
122034,Velelisna Hortenzija,hr,"","",,Croatian,Vladimir Tkalčić,2020-10-22T19:24:02Z
209233,Domaći konj,hr,"","",,Croatian,Vladimir Tkalčić,2020-10-23T05:50:50Z
133951,Oman,hr,"","",,Croatian,Vladimir Tkalčić,2020-10-24T17:43:55Z
59779,Srednji trputac,hr,"","",,Croatian,Vladimir Tkalčić,2020-10-27T05:37:33Z
55156,Veliki buzdovan,hr,"","",,Croatian,Vladimir Tkalčić,2020-11-02T16:51:44Z
67771,Sjeverno-američka stjenica,hr,"","",,Croatian,Vladimir Tkalčić,2020-11-02T17:44:21Z
13141,Modrokos,hr,"","",,Croatian,Vladimir Tkalčić,2020-11-05T11:51:25Z
2599,Vodomar,hr,"","",,Croatian,Vladimir Tkalčić,2020-11-05T12:27:35Z
55837,Amula,hr,"","",,Croatian,Vladimir Tkalčić,2020-11-07T07:18:02Z
55837,Divlja šljiva,hr,"","",,Croatian,Vladimir Tkalčić,2020-11-07T07:18:33Z
55837,Cibor,hr,"","",,Croatian,Vladimir Tkalčić,2020-11-07T07:19:54Z
55837,Zerdelija,hr,"","",,Croatian,Vladimir Tkalčić,2020-11-07T07:20:18Z
51738,Ljekovita kadulja,hr,"","",,Croatian,Vladimir Tkalčić,2020-11-07T17:46:00Z
51738,Žalfija,hr,"","",,Croatian,Vladimir Tkalčić,2020-11-07T17:46:30Z
76444,Djevojačko oko,hr,"","",,Croatian,Vladimir Tkalčić,2020-11-10T19:07:50Z
428365,Žižula,hr,"","",,Croatian,Vladimir Tkalčić,2020-11-18T17:04:16Z
4857,Vivak,hr,"","",,Croatian,Goran Stjepić,2020-11-26T13:55:46Z
200958,Bukoč,hr,"","",,Croatian,John E. Christensen,2020-12-01T07:55:25Z
4205,Crnogrli gnjurac,hr,"","",,Croatian,Goran Stjepić,2020-12-16T06:38:51Z
144520,Garavi galeb,hr,"","",,Croatian,bornfeta,2020-12-19T09:49:12Z
14600,žutoguzi bulbul,hr,"","",,Croatian,bornfeta,2020-12-19T09:54:22Z
157765,Bamija,hr,"","",,Croatian,Johan Devos,2020-12-20T20:40:50Z
52589,Obični okaš,hr,"","",,Croatian,Vladimir Tkalčić,2020-12-25T14:29:09Z
52589,Mali okaš,hr,"","",,Croatian,Vladimir Tkalčić,2020-12-25T14:29:39Z
7513,bjelogrli palčić,hr,"","",,Croatian,cmciv,2021-02-14T15:03:59Z
55842,Kukurijek,hr,"","",,Croatian,Danijel Ostović,2021-03-02T14:44:30Z
55770,Šafran,hr,"","",,Croatian,Danijel Ostović,2021-03-02T19:57:20Z
51607,Visibaba,hr,"","",,Croatian,Danijel Ostović,2021-03-02T19:58:49Z
55858,Crveni drijen,hr,"","",,Croatian,Danijel Ostović,2021-03-03T07:09:48Z
162719,Crveni pasji zub,hr,"","",,Croatian,Vladimir Tkalčić,2021-03-16T16:37:18Z
344677,Crvenkasti kukurijek,hr,"","",,Croatian,Vladimir Tkalčić,2021-03-16T16:38:14Z
57510,Proljetni drijemovac,hr,"","",,Croatian,Vladimir Tkalčić,2021-03-17T17:41:08Z
348288,Krednjaci,hr,"","",,Croatian,Alessandro,2021-03-18T23:49:03Z
123880,Alge kremenjašice,hr,"","",,Croatian,Alessandro,2021-03-19T00:07:52Z
123880,Dijatomeje,hr,"","",,Croatian,Alessandro,2021-03-19T00:08:17Z
120680,Zubatac krunaš,hr,"","",,Croatian,Павел Несмеянов,2021-03-19T20:23:18Z
118687,Babica babaroga,hr,"","",,Croatian,Павел Несмеянов,2021-03-20T00:03:01Z
60027,Nježni volovod,hr,"","",,Croatian,Vladimir Tkalčić,2021-03-20T18:57:13Z
204321,Živorodna zlatica,hr,"","",,Croatian,Vladimir Tkalčić,2021-03-20T18:57:59Z
204321,Žabnjak zlatica,hr,"","",,Croatian,Vladimir Tkalčić,2021-03-20T18:58:47Z
204321,Ledinjak,hr,"","",,Croatian,Vladimir Tkalčić,2021-03-20T18:59:11Z
85027,Ljiljan zlatan,hr,"","",,Croatian,Vladimir Tkalčić,2021-03-20T19:00:08Z
344677,Kukurik rumenkasti,hr,"","",,Croatian,Vladimir Tkalčić,2021-03-20T19:02:07Z
126507,Gumijevac,hr,"","",,Croatian,Vladimir Tkalčić,2021-03-21T11:43:07Z
55979,Obični šupljozub,hr,"","",,Croatian,Vladimir Tkalčić,2021-03-22T09:32:18Z
558438,Patka žličarka,hr,"","",,Croatian,Vladimir Tkalčić,2021-03-22T12:24:36Z
57805,Zglobasti cecelj,hr,"","",,Croatian,Vladimir Tkalčić,2021-03-28T07:23:00Z
55828,Pjegava mrtva kopriva,hr,"","",,Croatian,Vladimir Tkalčić,2021-03-28T10:37:25Z
348832,Velika mrtva kopriva,hr,"","",,Croatian,Vladimir Tkalčić,2021-03-28T20:30:58Z
47892,Žljezdasti nedirak,hr,"","",,Croatian,Vladimir Tkalčić,2021-04-02T14:45:43Z
179027,Divovski amazonski lopoč,hr,"","",,Croatian,Vladimir Tkalčić,2021-04-03T07:44:54Z
78589,Pistija,hr,"","",,Croatian,Vladimir Tkalčić,2021-04-03T09:44:43Z
544665,Pješčarski petoprst,hr,"","",,Croatian,Vladimir Tkalčić,2021-04-03T18:05:22Z
544665,Pješčarski petolist,hr,"","",,Croatian,Vladimir Tkalčić,2021-04-03T18:05:57Z
130492,Glatka dvoštitka,hr,"","",,Croatian,Vladimir Tkalčić,2021-04-04T18:29:21Z
76217,Ljupuškasta kičica,hr,"","",,Croatian,Vladimir Tkalčić,2021-04-05T09:06:38Z
56236,Štitasta kičica,hr,"","",,Croatian,Vladimir Tkalčić,2021-04-05T16:47:22Z
56236,Gorko zelje,hr,"","",,Croatian,Vladimir Tkalčić,2021-04-05T16:47:50Z
56236,Grozničava trava,hr,"","",,Croatian,Vladimir Tkalčić,2021-04-05T16:48:22Z
56236,Gorka trava,hr,"","",,Croatian,Vladimir Tkalčić,2021-04-05T16:48:52Z
60885,Bazgin kaćun,hr,"","",,Croatian,Vladimir Tkalčić,2021-04-05T17:27:06Z
132481,Gorka režuha,hr,"","",,Croatian,Vladimir Tkalčić,2021-04-06T17:11:12Z
2938,Divlja grlica,hr,"","",,Croatian,Vladimir Tkalčić,2021-04-10T20:02:12Z
204545,Žuta pastirica,hr,"","",,Croatian,Vladimir Tkalčić,2021-04-25T10:03:40Z
13688,Gorska pastirica,hr,"","",,Croatian,Vladimir Tkalčić,2021-04-25T13:56:59Z
12908,Smeđoglavi batić,hr,"","",,Croatian,Vladimir Tkalčić,2021-04-26T09:29:36Z
169432,Jurčica,hr,"","",,Croatian,Vladimir Tkalčić,2021-04-27T15:33:02Z
61329,Trozubi kaćun,hr,"","",,Croatian,Vladimir Tkalčić,2021-04-28T18:02:13Z
5309,Štekavac,hr,"","",,Croatian,Vladimir Tkalčić,2021-04-29T19:36:40Z
170141,Ljubičasta divizma,hr,"","",,Croatian,Vladimir Tkalčić,2021-05-03T13:38:40Z
724372,Bjeloglavi sup,hr,"","",,Croatian,Vladimir Tkalčić,2021-05-04T04:11:55Z
79109,Bijeli golesak,hr,"","",,Croatian,Vladimir Tkalčić,2021-05-16T17:41:50Z
791928,Poljska krivičica,hr,"","",,Croatian,Vladimir Tkalčić,2021-05-17T06:43:07Z
791928,Poljska krika,hr,"","",,Croatian,Vladimir Tkalčić,2021-05-17T06:53:19Z
208964,Grmoliki grašar,hr,"","",,Croatian,Vladimir Tkalčić,2021-05-17T17:41:47Z
208964,Šibika žuta,hr,"","",,Croatian,Vladimir Tkalčić,2021-05-17T17:42:01Z
791928,Vidac,hr,"","",,Croatian,Vladimir Tkalčić,2021-05-22T18:05:35Z
61326,Ledinska ivica,hr,"","",,Croatian,Vladimir Tkalčić,2021-05-24T05:30:06Z
12038,Rusi svračak,hr,"","",,Croatian,Vladimir Tkalčić,2021-05-27T14:33:17Z
57418,Salamunov pečat,hr,"","",,Croatian,Vladimir Tkalčić,2021-05-27T16:25:08Z
12735,Drozd imelaš,hr,"","",,Croatian,Vladimir Tkalčić,2021-05-27T16:27:32Z
41800,Kuna bjelica,hr,"","",,Croatian,Павел Несмеянов,2021-05-30T19:37:19Z
132627,Četverolisna broćika,hr,"","",,Croatian,Vladimir Tkalčić,2021-06-04T19:16:36Z
132627,Četverolisna rutavica,hr,"","",,Croatian,Vladimir Tkalčić,2021-06-04T19:17:00Z
55759,Crveni golesak,hr,"","",,Croatian,Vladimir Tkalčić,2021-06-06T06:07:27Z
55759,Ušac,hr,"","",,Croatian,Vladimir Tkalčić,2021-06-06T06:07:53Z
55759,Rumena pušina,hr,"","",,Croatian,Vladimir Tkalčić,2021-06-06T06:08:20Z
51678,Modra vodendjevojčica,hr,"","",,Croatian,Vladimir Tkalčić,2021-06-06T17:45:36Z
64162,Grbak,hr,"","",,Croatian,Vladimir Tkalčić,2021-06-07T05:19:46Z
64162,Močvarni grbač,hr,"","",,Croatian,Vladimir Tkalčić,2021-06-07T05:20:07Z
59264,Crvena graholika,hr,"","",,Croatian,Vladimir Tkalčić,2021-06-08T05:31:33Z
59264,Crvena kukavičica,hr,"","",,Croatian,Vladimir Tkalčić,2021-06-08T05:31:55Z
336344,Verlotov pelin,hr,"","",,Croatian,Vladimir Tkalčić,2021-06-08T12:53:49Z
336344,Kineski pelin,hr,"","",,Croatian,Vladimir Tkalčić,2021-06-08T12:54:17Z
55736,Mala krvara,hr,"","",,Croatian,Vladimir Tkalčić,2021-06-09T16:16:39Z
55736,Dinjica,hr,"","",,Croatian,Vladimir Tkalčić,2021-06-09T16:17:08Z
12971,Siva muharica,hr,"","",,Croatian,Vladimir Tkalčić,2021-06-09T18:21:03Z
402509,Mala runjika,hr,"","",,Croatian,Vladimir Tkalčić,2021-06-10T08:48:29Z
133488,Kitnjasta potkovica,hr,"","",,Croatian,Vladimir Tkalčić,2021-06-10T12:46:42Z
357682,Primorska pepeljuša,hr,"","",,Croatian,Vladimir Tkalčić,2021-06-10T18:15:55Z
319371,Morska pluća,hr,"","",,Croatian,Vladimir Tkalčić,2021-06-20T08:24:23Z
564969,Ciprej,hr,"","",,Croatian,Vladimir Tkalčić,2021-06-20T18:11:43Z
564969,Vrbolika,hr,"","",,Croatian,Vladimir Tkalčić,2021-06-20T18:12:05Z
564969,Uskolisni kiprej,hr,"","",,Croatian,Vladimir Tkalčić,2021-06-20T18:41:21Z
51147,Bijeli glog,hr,"","",,Croatian,Vladimir Tkalčić,2021-06-21T18:44:34Z
209637,Srcolika glavulja,hr,Croatia,HR,,Croatian,Mislav Kužić,2021-06-24T12:39:18Z
59318,Mali kaćun,hr,Croatia,HR,,Croatian,Mislav Kužić,2021-06-24T12:53:21Z
135727,Planinski bor,hr,Croatia,HR,,Croatian,Mislav Kužić,2021-06-24T13:13:10Z
55021,Talijin uročnjak,hr,Croatia,HR,,Croatian,Mislav Kužić,2021-06-24T13:33:31Z
54327,Ljuti stršljen,hr,"","",,Croatian,Vladimir Tkalčić,2021-07-04T13:48:03Z
54327,Europski stršljen,hr,"","",,Croatian,Vladimir Tkalčić,2021-07-04T13:48:28Z
358332,Četverotočkasti kaćun,hr,"","",,Croatian,Mislav Kužić,2021-07-08T06:10:34Z
125815,Bjelokrili okaš,hr,"","",,Croatian,Vladimir Tkalčić,2021-07-09T05:21:43Z
125815,Bjeloprugasta ptičica tratine,hr,"","",,Croatian,Vladimir Tkalčić,2021-07-09T05:22:06Z
362062,Močvarni debeloglavac,hr,"","",,Croatian,Vladimir Tkalčić,2021-07-09T12:50:57Z
362062,Sedefasti debeloglavac,hr,"","",,Croatian,Vladimir Tkalčić,2021-07-09T12:51:20Z
1065018,Bjelušina,hr,"","",,Croatian,Vladimir Tkalčić,2021-07-09T14:46:42Z
55048,Šareni pčelomorac,hr,"","",,Croatian,Vladimir Tkalčić,2021-07-11T09:02:50Z
55048,Pčelinji vuk,hr,"","",,Croatian,Vladimir Tkalčić,2021-07-11T09:03:12Z
1227311,Tomasinijev zvončić,hr,"","",,Croatian,Vladimir Tkalčić,2021-07-11T18:51:24Z
50873,Pas ljudožder,hr,"","",http://www.catalogueoflife.org/annual-checklist/details/species/id/10064513/common/239579,Croatian,Eric.L.Chen,2021-07-13T19:10:57Z
48156,Smuđ,hr,"","",https://eol.org/pages/46580134,Croatian,iSea,2021-07-14T18:17:27Z
75995,Tekoma,hr,Croatia,HR,,Croatian,Mislav Kužić,2021-07-16T10:31:06Z
60997,Tvrdi rogolist,hr,Croatia,HR,,Croatian,Mislav Kužić,2021-07-17T12:38:09Z
51668,Bumbarasti ljiljak,hr,Croatia,HR,,Croatian,Mislav Kužić,2021-07-19T19:38:24Z
50984,Strijelka,hr,"","",http://www.catalogueoflife.org/annual-checklist/details/species/id/10070184/common/256343,Croatian,iSea,2021-07-20T12:34:21Z
196745,Pojas,hr,"","",,Croatian,Zane Roskoph,2021-07-20T13:33:30Z
118936,Danja medonjica,hr,"","",,Croatian,Vladimir Tkalčić,2021-07-26T09:27:14Z
324088,Smeđonoga riđa,hr,"","",,Croatian,Vladimir Tkalčić,2021-07-27T05:04:12Z
324088,Velika riđa,hr,"","",,Croatian,Vladimir Tkalčić,2021-07-27T05:04:36Z
13851,Poljski vrabac,hr,"","",,Croatian,Vladimir Tkalčić,2021-07-28T19:35:50Z
47516,Kalifornijska pastrva,hr,"","",,Croatian,Zane Roskoph,2021-07-29T22:59:48Z
41970,Jaguar,hr,"","",,Croatian,Zane Roskoph,2021-07-30T12:03:10Z
41972,Oblačasti leopard,hr,"","",,Croatian,Zane Roskoph,2021-07-30T12:53:18Z
74753,Sundski oblačasti leopard,hr,"","",,Croatian,Zane Roskoph,2021-07-30T13:14:19Z
50873,Velika bijela psina,hr,"","",,Croatian,Zane Roskoph,2021-07-30T13:55:25Z
84996,Morski pas bik,hr,"","",,Croatian,Zane Roskoph,2021-07-30T14:47:46Z
26076,Filipinski krokodil,hr,"","",,Croatian,Zane Roskoph,2021-07-30T15:05:22Z
26061,Kubanski krokodil,hr,"","",,Croatian,Zane Roskoph,2021-07-30T15:18:28Z
42007,Puma,hr,"","",,Croatian,Zane Roskoph,2021-08-01T00:56:46Z
18910,sejšelska aleksandra,hr,"","",,Croatian,Zane Roskoph,2021-08-01T17:38:13Z
35172,Kopneni taipan,hr,"","",,Croatian,Zane Roskoph,2021-08-02T14:27:10Z
30472,Kraljevska kobra,hr,"","",,Croatian,Zane Roskoph,2021-08-02T18:19:43Z
14301,plavoleđi manakin,hr,"","",,Croatian,Zane Roskoph,2021-08-02T22:41:12Z
26081,Orinoški krokodil,hr,"","",,Croatian,Zane Roskoph,2021-08-02T23:23:23Z
2107,trinidadski guan,hr,"","",,Croatian,Zane Roskoph,2021-08-02T23:56:25Z
52188,Kitopsina,hr,"","",,Croatian,Zane Roskoph,2021-08-03T13:56:57Z
112841,Grenlandski morski pas,hr,"","",,Croatian,Zane Roskoph,2021-08-03T14:36:13Z
130176,Irska mahovina,hr,"","",,Croatian,Zane Roskoph,2021-08-05T18:03:33Z
10421,škotski krstokljun,hr,"","",,Croatian,Zane Roskoph,2021-08-06T15:26:41Z
55655,Mali vatreni plavac,hr,"","",,Croatian,Vladimir Tkalčić,2021-08-09T10:38:52Z
199918,Plavoprstenasta hobotnica,hr,"","",,Croatian,Zane Roskoph,2021-08-09T11:30:46Z
460249,Australska dvodihalica,hr,"","",,Croatian,Zane Roskoph,2021-08-09T12:25:59Z
56072,Mandarinska riba,hr,"","",,Croatian,Zane Roskoph,2021-08-09T13:25:07Z
1330,hidalgoska prepelica,hr,"","",,Croatian,Zane Roskoph,2021-08-09T19:22:02Z
12711,bjelogrli kos,hr,"","",,Croatian,Zane Roskoph,2021-08-09T19:28:21Z
339893,tamnoglavi strnadar,hr,"","",,Croatian,Zane Roskoph,2021-08-09T19:37:13Z
123356,Četrun,hr,"","",,Croatian,Zane Roskoph,2021-08-10T12:41:16Z
117182,oblokrili trstenjak,hr,"","",,Croatian,Zane Roskoph,2021-08-10T15:51:39Z
3451,galapagoska gugutka,hr,"","",,Croatian,Zane Roskoph,2021-08-11T11:47:16Z
144516,mrki galeb,hr,"","",,Croatian,Zane Roskoph,2021-08-11T12:00:08Z
4555,Bijeli galeb,hr,"","",,Croatian,Zane Roskoph,2021-08-11T12:04:49Z
4564,galapagoski galeb,hr,"","",,Croatian,Zane Roskoph,2021-08-11T12:40:25Z
367474,galapagoska vizlinica,hr,"","",,Croatian,Zane Roskoph,2021-08-11T15:09:50Z
3796,peruanska bluna,hr,"","",https://eol.org/pages/45509068,Croatian,Sean Cozart,2021-08-11T15:44:02Z
3801,australska bluna,hr,"","",https://eol.org/pages/45512151,Croatian,rjq,2021-08-11T15:44:02Z
3805,crnokrila bluna,hr,"","",https://eol.org/pages/45513857,Croatian,lwnrngr,2021-08-11T15:44:02Z
3803,kapska bluna,hr,"","",https://eol.org/pages/45512150,Croatian,lwnrngr,2021-08-11T15:44:03Z
3802,Bluna,hr,"","",,Croatian,Zane Roskoph,2021-08-11T15:44:17Z
41644,Polarni medvjed,hr,"","",,Croatian,Zane Roskoph,2021-08-11T16:13:06Z
109650,Bjelonoga potočnica,hr,"","",,Croatian,Vladimir Tkalčić,2021-08-11T17:23:39Z
200834,Pilasti premosnik,hr,"","",,Croatian,Zane Roskoph,2021-08-12T14:11:47Z
18941,kea,hr,"","",,Croatian,Zane Roskoph,2021-08-12T14:46:15Z
334385,Bijeli šumski vratar,hr,"","",,Croatian,Vladimir Tkalčić,2021-08-13T09:36:06Z
85460,Pustinjak,hr,"","",,Croatian,Vladimir Tkalčić,2021-08-13T09:41:10Z
147527,Azijski gepard,hr,"","",,Croatian,Zane Roskoph,2021-08-13T11:43:20Z
41955,Gepard,hr,"","",,Croatian,Zane Roskoph,2021-08-13T12:02:48Z
41955,Gepardi,hr,"","",,Croatian,Zane Roskoph,2021-08-13T12:03:14Z
112581,Som,hr,"","",,Croatian,Zane Roskoph,2021-08-14T18:11:31Z
41553,Plavetni kit,hr,"","",,Croatian,Zane Roskoph,2021-08-15T14:54:32Z
41553,Plavi kit,hr,"","",,Croatian,Zane Roskoph,2021-08-15T14:55:04Z
41461,Beluga,hr,"","",,Croatian,Zane Roskoph,2021-08-15T18:11:52Z
41461,Bijeli kit,hr,"","",,Croatian,Zane Roskoph,2021-08-15T18:12:08Z
41964,Lav,hr,"","",,Croatian,Zane Roskoph,2021-08-24T12:22:16Z
74831,Snježni leopard,hr,"","",,Croatian,Zane Roskoph,2021-08-25T11:42:14Z
42052,Crveni vuk,hr,"","",,Croatian,Zane Roskoph,2021-08-25T15:30:32Z
335001,Niobina sedefica,hr,"","",,Croatian,Vladimir Tkalčić,2021-08-25T18:52:55Z
130796,Sibirski tigar,hr,"","",,Croatian,Zane Roskoph,2021-08-26T13:58:20Z
130796,Amurski tigar,hr,"","",,Croatian,Zane Roskoph,2021-08-26T13:58:34Z
41967,Tigar,hr,"","",,Croatian,Zane Roskoph,2021-08-26T15:23:05Z
130799,Sumatranski tigar,hr,"","",,Croatian,Zane Roskoph,2021-08-26T16:57:15Z
130799,Balijski tigar,hr,"","",,Croatian,Zane Roskoph,2021-08-26T17:15:42Z
130799,javanski tigar,hr,"","",,Croatian,Zane Roskoph,2021-08-27T11:39:28Z
130793,Bengalski tigar,hr,"","",,Croatian,Zane Roskoph,2021-08-27T12:25:24Z
130793,Malajski tigar,hr,"","",,Croatian,Zane Roskoph,2021-08-27T13:52:03Z
130793,Indokineski tigar,hr,"","",,Croatian,Zane Roskoph,2021-08-27T14:08:32Z
130793,Južnokineski tigar,hr,"","",,Croatian,Zane Roskoph,2021-08-27T14:33:07Z
130796,Kaspijski tigar,hr,"","",,Croatian,Zane Roskoph,2021-08-27T15:37:47Z
130796,Perzijski tigar,hr,"","",,Croatian,Zane Roskoph,2021-08-27T15:38:02Z
101561,Riba slon,hr,"","",,Croatian,Zane Roskoph,2021-08-28T17:05:36Z
114126,Tuna plava,hr,"","",http://www.catalogueoflife.org/annual-checklist/details/species/id/10072982/common/159666,Croatian,iSea,2021-08-30T12:29:34Z
50867,Tigrasti pauk,hr,"","",,Croatian,Vladimir Tkalčić,2021-08-30T15:40:27Z
50867,Osoliki pauk,hr,"","",,Croatian,Vladimir Tkalčić,2021-08-30T15:41:26Z
64346,Ribarica,hr,"","",,Croatian,Vladimir Tkalčić,2021-09-01T10:38:34Z
125720,Golubača,hr,"","",,Croatian,Vladimir Tkalčić,2021-09-01T16:44:18Z
169753,Obična majčina dušica,hr,"","",,Croatian,Vladimir Tkalčić,2021-09-01T16:57:31Z
106222,Babaš,hr,"","",,Croatian,Zane Roskoph,2021-09-01T17:17:41Z
106222,Cipal glavaš,hr,"","",,Croatian,Zane Roskoph,2021-09-01T17:18:25Z
106222,Glavaš,hr,"","",,Croatian,Zane Roskoph,2021-09-01T17:18:42Z
106222,Javra,hr,"","",,Croatian,Zane Roskoph,2021-09-01T17:19:05Z
106222,Skocac,hr,"","",,Croatian,Zane Roskoph,2021-09-01T17:19:44Z
900799,Mukinja,hr,"","",https://www.inaturalist.org/taxon_names/1643668/edit,Croatian,Josué Orfão,2021-09-02T20:25:40Z
900799,Brašnava oskoruša,hr,"","",https://www.inaturalist.org/taxon_names/1643669/edit,Croatian,Josué Orfão,2021-09-02T20:25:41Z
900799,Brašnava jarebika,hr,"","",https://www.inaturalist.org/taxon_names/1643670/edit,Croatian,Josué Orfão,2021-09-02T20:25:42Z
900799,Mukovnica,hr,"","",https://www.inaturalist.org/taxon_names/1643671/edit,Croatian,Josué Orfão,2021-09-02T20:25:42Z
900799,Miralja,hr,"","",https://www.inaturalist.org/taxon_names/1643672/edit,Croatian,Josué Orfão,2021-09-02T20:25:43Z
48969,Zijevalica,hr,"","",,Croatian,Vladimir Tkalčić,2021-09-03T19:37:10Z
464211,Talijanski skakavac,hr,"","",,Croatian,Vladimir Tkalčić,2021-09-05T12:30:41Z
509455,Crno-zeleni kožokrili konjic,hr,"","",,Croatian,Vladimir Tkalčić,2021-09-06T10:46:09Z
362292,Veliki čunjoglavac,hr,"","",,Croatian,Vladimir Tkalčić,2021-09-06T14:08:21Z
536019,Busovača,hr,"","",https://www.inaturalist.org/taxon_names/2064524/edit,Croatian,,2021-09-07T22:44:09Z
516270,Primorska šparoga,hr,"","",,Croatian,Vladimir Tkalčić,2021-09-13T16:17:15Z
61318,Obični kozlac,hr,"","",,Croatian,Vladimir Tkalčić,2021-09-14T18:16:46Z
35724,Krška gušterica,hr,"","",,Croatian,Vladimir Tkalčić,2021-09-14T20:06:08Z
124548,Crvena kozja krv,hr,"","",,Croatian,Vladimir Tkalčić,2021-09-16T05:39:48Z
124548,Pasje crveno grožđe,hr,"","",,Croatian,Vladimir Tkalčić,2021-09-16T05:40:17Z
77834,Etruščanska kozja krv,hr,"","",,Croatian,Vladimir Tkalčić,2021-09-17T07:06:19Z
101623,Kolombatovicev glavoc,hr,"","","Philips TK, Moretto P (2025) Revision of the genus _Pseudopedaria_ Felsche, 1904, with descriptions of three new species and a subspecies from Central Africa (Coleoptera: Scarabaeinae: Coprini). Catharsius La Revue (N.S.) 5: 1–26. doi:10.5281/zenodo.17036002.",Croatian,,2021-09-17T13:09:30Z
113867,Ukliva,hr,"","",,Croatian,Zane Roskoph,2021-09-17T13:21:12Z
118688,Babica kukmašica,hr,"","","Philips TK, Moretto P (2025) Revision of the genus _Pseudopedaria_ Felsche, 1904, with descriptions of three new species and a subspecies from Central Africa (Coleoptera: Scarabaeinae: Coprini). Catharsius La Revue (N.S.) 5: 1–26. doi:10.5281/zenodo.17036002.",Croatian,,2021-09-17T23:26:07Z
114122,Albakor,hr,"","",,Croatian,Zane Roskoph,2021-09-18T20:01:37Z
114122,Tuna dugokrila,hr,"","","Philips TK, Moretto P (2025) Revision of the genus _Pseudopedaria_ Felsche, 1904, with descriptions of three new species and a subspecies from Central Africa (Coleoptera: Scarabaeinae: Coprini). Catharsius La Revue (N.S.) 5: 1–26. doi:10.5281/zenodo.17036002.",Croatian,iSea,2021-09-18T20:01:52Z
114122,Tunj dugokrilac,hr,"","","Philips TK, Moretto P (2025) Revision of the genus _Pseudopedaria_ Felsche, 1904, with descriptions of three new species and a subspecies from Central Africa (Coleoptera: Scarabaeinae: Coprini). Catharsius La Revue (N.S.) 5: 1–26. doi:10.5281/zenodo.17036002.",Croatian,iSea,2021-09-18T20:02:01Z
49606,Pešeluna,hr,"","","Philips TK, Moretto P (2025) Revision of the genus _Pseudopedaria_ Felsche, 1904, with descriptions of three new species and a subspecies from Central Africa (Coleoptera: Scarabaeinae: Coprini). Catharsius La Revue (N.S.) 5: 1–26. doi:10.5281/zenodo.17036002.",Croatian,,2021-09-19T15:19:57Z
49601,Pešeluna,hr,"","","Philips TK, Moretto P (2025) Revision of the genus _Pseudopedaria_ Felsche, 1904, with descriptions of three new species and a subspecies from Central Africa (Coleoptera: Scarabaeinae: Coprini). Catharsius La Revue (N.S.) 5: 1–26. doi:10.5281/zenodo.17036002.",Croatian,Victor HOYEAU,2021-09-19T15:19:58Z
49601,Bacva,hr,"","","Philips TK, Moretto P (2025) Revision of the genus _Pseudopedaria_ Felsche, 1904, with descriptions of three new species and a subspecies from Central Africa (Coleoptera: Scarabaeinae: Coprini). Catharsius La Revue (N.S.) 5: 1–26. doi:10.5281/zenodo.17036002.",Croatian,Victor HOYEAU,2021-09-19T15:20:06Z
49601,Bucan,hr,"","","Philips TK, Moretto P (2025) Revision of the genus _Pseudopedaria_ Felsche, 1904, with descriptions of three new species and a subspecies from Central Africa (Coleoptera: Scarabaeinae: Coprini). Catharsius La Revue (N.S.) 5: 1–26. doi:10.5281/zenodo.17036002.",Croatian,Victor HOYEAU,2021-09-19T15:20:12Z
49606,Mih,hr,"","","Philips TK, Moretto P (2025) Revision of the genus _Pseudopedaria_ Felsche, 1904, with descriptions of three new species and a subspecies from Central Africa (Coleoptera: Scarabaeinae: Coprini). Catharsius La Revue (N.S.) 5: 1–26. doi:10.5281/zenodo.17036002.",Croatian,,2021-09-19T15:20:30Z
49601,Mih,hr,"","","Philips TK, Moretto P (2025) Revision of the genus _Pseudopedaria_ Felsche, 1904, with descriptions of three new species and a subspecies from Central Africa (Coleoptera: Scarabaeinae: Coprini). Catharsius La Revue (N.S.) 5: 1–26. doi:10.5281/zenodo.17036002.",Croatian,Victor HOYEAU,2021-09-19T15:20:31Z
49601,Misec,hr,"","","Philips TK, Moretto P (2025) Revision of the genus _Pseudopedaria_ Felsche, 1904, with descriptions of three new species and a subspecies from Central Africa (Coleoptera: Scarabaeinae: Coprini). Catharsius La Revue (N.S.) 5: 1–26. doi:10.5281/zenodo.17036002.",Croatian,Victor HOYEAU,2021-09-19T15:20:38Z
49601,Veliki pešibarila,hr,"","","Philips TK, Moretto P (2025) Revision of the genus _Pseudopedaria_ Felsche, 1904, with descriptions of three new species and a subspecies from Central Africa (Coleoptera: Scarabaeinae: Coprini). Catharsius La Revue (N.S.) 5: 1–26. doi:10.5281/zenodo.17036002.",Croatian,Victor HOYEAU,2021-09-19T15:20:49Z
49601,Bucanj,hr,"","",,Croatian,Zane Roskoph,2021-09-19T15:43:24Z
82128,Psina gorostasna,hr,"","","Philips TK, Moretto P (2025) Revision of the genus _Pseudopedaria_ Felsche, 1904, with descriptions of three new species and a subspecies from Central Africa (Coleoptera: Scarabaeinae: Coprini). Catharsius La Revue (N.S.) 5: 1–26. doi:10.5281/zenodo.17036002.",Croatian,Maksymilian Wojtkiewicz,2021-09-19T18:51:33Z
82128,Psina golema,hr,"","","Philips TK, Moretto P (2025) Revision of the genus _Pseudopedaria_ Felsche, 1904, with descriptions of three new species and a subspecies from Central Africa (Coleoptera: Scarabaeinae: Coprini). Catharsius La Revue (N.S.) 5: 1–26. doi:10.5281/zenodo.17036002.",Croatian,Maksymilian Wojtkiewicz,2021-09-19T18:51:41Z
82128,Suncani pas,hr,"","","Philips TK, Moretto P (2025) Revision of the genus _Pseudopedaria_ Felsche, 1904, with descriptions of three new species and a subspecies from Central Africa (Coleoptera: Scarabaeinae: Coprini). Catharsius La Revue (N.S.) 5: 1–26. doi:10.5281/zenodo.17036002.",Croatian,Maksymilian Wojtkiewicz,2021-09-19T18:52:30Z
56099,Puzava ivica,hr,"","",,Croatian,Vladimir Tkalčić,2021-09-20T16:13:14Z
46943,Balkanska krtica,hr,"","",,Croatian,Vladimir Tkalčić,2021-09-21T05:55:03Z
64237,Trska,hr,"","",,Croatian,Vladimir Tkalčić,2021-09-21T13:59:50Z
64237,Ševar,hr,"","",,Croatian,Vladimir Tkalčić,2021-09-21T14:00:10Z
57116,Mirisna metvica,hr,"","",,Croatian,Vladimir Tkalčić,2021-09-21T18:22:25Z
344748,Glavocic crnotrus,hr,"","","Philips TK, Moretto P (2025) Revision of the genus _Pseudopedaria_ Felsche, 1904, with descriptions of three new species and a subspecies from Central Africa (Coleoptera: Scarabaeinae: Coprini). Catharsius La Revue (N.S.) 5: 1–26. doi:10.5281/zenodo.17036002.",Croatian,,2021-09-22T14:59:55Z
213088,Petopjegi zvjezdastomrežac,hr,"","",,Croatian,Vladimir Tkalčić,2021-09-28T16:58:29Z
213088,Skroviti pauk,hr,"","",,Croatian,Vladimir Tkalčić,2021-09-28T17:10:39Z
786323,Cipal zlatar,hr,"","",https://www.inaturalist.org/taxon_names/506607/edit,Croatian,,2021-10-03T08:54:12Z
623936,Cipal Balavac,hr,"","",https://www.inaturalist.org/taxon_names/506636/edit,Croatian,,2021-10-03T08:55:27Z
53,Krunati ždral,hr,"","",,Croatian,Vladimir Tkalčić,2021-10-03T13:41:01Z
120645,Iglozub,hr,"","","Philips TK, Moretto P (2025) Revision of the genus _Pseudopedaria_ Felsche, 1904, with descriptions of three new species and a subspecies from Central Africa (Coleoptera: Scarabaeinae: Coprini). Catharsius La Revue (N.S.) 5: 1–26. doi:10.5281/zenodo.17036002.",Croatian,,2021-10-03T14:28:44Z
42310,Sabljastoroga oriks antilopa,hr,"","",,Croatian,Vladimir Tkalčić,2021-10-03T14:47:16Z
147580,Južni bijeli nosorog,hr,"","",,Croatian,Vladimir Tkalčić,2021-10-03T15:54:33Z
19018,Plavo-žuta ara,hr,"","",,Croatian,Vladimir Tkalčić,2021-10-03T16:46:56Z
95485,Mediteranska pauk riba,hr,"","","Philips TK, Moretto P (2025) Revision of the genus _Pseudopedaria_ Felsche, 1904, with descriptions of three new species and a subspecies from Central Africa (Coleoptera: Scarabaeinae: Coprini). Catharsius La Revue (N.S.) 5: 1–26. doi:10.5281/zenodo.17036002.",Croatian,,2021-10-03T16:48:09Z
120612,Zelenocica,hr,"","","Philips TK, Moretto P (2025) Revision of the genus _Pseudopedaria_ Felsche, 1904, with descriptions of three new species and a subspecies from Central Africa (Coleoptera: Scarabaeinae: Coprini). Catharsius La Revue (N.S.) 5: 1–26. doi:10.5281/zenodo.17036002.",Croatian,,2021-10-03T17:58:54Z
122916,Nevjesta,hr,"","","Philips TK, Moretto P (2025) Revision of the genus _Pseudopedaria_ Felsche, 1904, with descriptions of three new species and a subspecies from Central Africa (Coleoptera: Scarabaeinae: Coprini). Catharsius La Revue (N.S.) 5: 1–26. doi:10.5281/zenodo.17036002.",Croatian,Ralph Foster,2021-10-03T23:07:52Z
1048294,okrunjena kokica,hr,"","",,Croatian,Alenka Mihoric,2021-10-08T09:16:18Z
120657,Poletuša,hr,"","",,Croatian,Zane Roskoph,2021-10-23T14:21:53Z
60439,Paunov cvijet,hr,"","",,Croatian,Vladimir Tkalčić,2021-10-24T05:29:04Z
130879,Plavi Tang,hr,"","",,Croatian,Vladimir Tkalčić,2021-10-31T06:48:30Z
63224,Šarena gnojištarka,hr,"","",,Croatian,Vladimir Tkalčić,2021-10-31T19:23:46Z
63224,Pjegava gnojištarka,hr,"","",,Croatian,Vladimir Tkalčić,2021-10-31T19:24:21Z
74442,Kapibara,hr,"","",,Croatian,Vladimir Tkalčić,2021-11-06T09:27:39Z
74442,Vodenprase,hr,"","",,Croatian,Vladimir Tkalčić,2021-11-06T09:28:15Z
42048,Sivi vuk,hr,"","",,Croatian,Vladimir Tkalčić,2021-11-09T06:51:20Z
1316692,Glavoč travaš,hr,"","",https://www.inaturalist.org/taxon_names/1624056/edit,Croatian,,2021-11-24T00:16:20Z
133005,Klasasta habulica,hr,"","",,Croatian,Vladimir Tkalčić,2021-12-01T04:29:03Z
101620,Glavoč bijelac,hr,"","",,Croatian,Johan Devos,2021-12-06T10:29:00Z
98411,Glavočić korčulanski,hr,"","",,Croatian,Johan Devos,2021-12-06T10:44:31Z
101218,Steinitzov glavoč,hr,"","",,Croatian,Johan Devos,2021-12-06T10:53:36Z
114111,Glavočić veleljuskaš trećoperac,hr,"","",,Croatian,Johan Devos,2021-12-06T14:07:42Z
107351,Glavočić balearski,hr,"","",,Croatian,Johan Devos,2021-12-06T14:12:11Z
118642,Pjevčić žuti,hr,"","",,Croatian,Johan Devos,2021-12-06T14:19:16Z
114453,Pjevčić sićušni,hr,"","",,Croatian,Johan Devos,2021-12-06T14:26:16Z
55977,Mošusni sljez,hr,"","",,Croatian,Vladimir Tkalčić,2022-01-15T05:01:05Z
56164,crna divizma,hr,Croatia,HR,,Croatian,Mislav Kužić,2022-03-20T15:02:24Z
48064,vesnače,hr,Croatia,HR,,Croatian,Mislav Kužić,2022-03-20T16:13:15Z
56164,repovita divizma,hr,Croatia,HR,,Croatian,Mislav Kužić,2022-03-20T16:26:54Z
56164,hrastovac žuti,hr,Croatia,HR,,Croatian,Mislav Kužić,2022-03-20T17:42:13Z
56165,rukac,hr,Croatia,HR,,Croatian,Mislav Kužić,2022-03-20T17:52:29Z
56165,lopušac,hr,Croatia,HR,,Croatian,Mislav Kužić,2022-03-20T17:53:08Z
56165,divizma,hr,Croatia,HR,,Croatian,Mislav Kužić,2022-03-20T17:54:03Z
56165,lopuh,hr,Croatia,HR,,Croatian,Mislav Kužić,2022-03-20T17:54:35Z
56165,jagorčac,hr,Croatia,HR,,Croatian,Mislav Kužić,2022-03-20T17:55:01Z
56165,kraljevsko srce,hr,Croatia,HR,,Croatian,Mislav Kužić,2022-03-20T17:56:46Z
47151,strupnikovice,hr,Croatia,HR,,Croatian,Mislav Kužić,2022-03-20T21:29:21Z
47151,zijevalice,hr,Croatia,HR,,Croatian,Mislav Kužić,2022-03-20T21:29:49Z
131847,šumska ciklama,hr,Croatia,HR,,Croatian,Mislav Kužić,2022-03-20T21:43:14Z
131847,mirisna ciklama,hr,Croatia,HR,,Croatian,Mislav Kužić,2022-03-20T21:44:23Z
131847,ciklama,hr,Croatia,HR,,Croatian,Mislav Kužić,2022-03-20T21:44:55Z
131847,šumska skrižalina,hr,Croatia,HR,,Croatian,Mislav Kužić,2022-03-20T21:45:17Z
131847,skrižalina,hr,Croatia,HR,,Croatian,Mislav Kužić,2022-03-20T21:45:38Z
131847,miholjice,hr,Croatia,HR,,Croatian,Mislav Kužić,2022-03-20T21:45:59Z
131847,mirisni klobučac,hr,Croatia,HR,,Croatian,Mislav Kužić,2022-03-20T21:46:41Z
131847,klobučac,hr,Croatia,HR,,Croatian,Mislav Kužić,2022-03-20T21:47:10Z
131847,križalina,hr,Croatia,HR,,Croatian,Mislav Kužić,2022-03-20T21:47:45Z
55869,ciklama,hr,Croatia,HR,,Croatian,Mislav Kužić,2022-03-20T21:53:29Z
55869,cvieće kuzmino,hr,Croatia,HR,,Croatian,Mislav Kužić,2022-03-20T21:53:49Z
55869,repa zemaljska,hr,Croatia,HR,,Croatian,Mislav Kužić,2022-03-20T21:54:08Z
55869,pupak zemaljski,hr,Croatia,HR,,Croatian,Mislav Kužić,2022-03-20T21:54:39Z
55869,podremanec,hr,Croatia,HR,,Croatian,Mislav Kužić,2022-03-20T21:56:08Z
55869,skrižalina,hr,Croatia,HR,,Croatian,Mislav Kužić,2022-03-20T21:56:27Z
55869,klobučac,hr,Croatia,HR,,Croatian,Mislav Kužić,2022-03-20T21:56:51Z
55869,križalina,hr,Croatia,HR,,Croatian,Mislav Kužić,2022-03-20T21:57:19Z
55869,košutica divja,hr,Croatia,HR,,Croatian,Mislav Kužić,2022-03-20T21:57:41Z
55869,lukovčina,hr,Croatia,HR,,Croatian,Mislav Kužić,2022-03-20T21:58:07Z
48064,jaglikovice,hr,Croatia,HR,,Croatian,Mislav Kužić,2022-03-20T21:59:01Z
48064,jaglaci,hr,Croatia,HR,,Croatian,Mislav Kužić,2022-03-20T21:59:21Z
76610,divlja mrkva,hr,Croatia,HR,,Croatian,Mislav Kužić,2022-03-25T18:43:16Z
76610,obična mrkva,hr,Croatia,HR,,Croatian,Mislav Kužić,2022-03-25T18:43:42Z
76610,mrkva žuta,hr,Croatia,HR,,Croatian,Mislav Kužić,2022-03-25T18:45:37Z
76610,mrkvač,hr,Croatia,HR,,Croatian,Mislav Kužić,2022-03-25T18:46:09Z
76610,korenje,hr,Croatia,HR,,Croatian,Mislav Kužić,2022-03-25T18:46:29Z
76610,divlja šargarepa,hr,Croatia,HR,,Croatian,Mislav Kužić,2022-03-25T18:47:01Z
76610,mrkva,hr,Croatia,HR,,Croatian,Mislav Kužić,2022-03-25T18:47:33Z
76610,mrkvac,hr,Croatia,HR,,Croatian,Mislav Kužić,2022-03-25T18:48:00Z
76610,merlin,hr,Croatia,HR,,Croatian,Mislav Kužić,2022-03-25T18:48:25Z
76610,mrkvjelina,hr,Croatia,HR,,Croatian,Mislav Kužić,2022-03-25T18:48:46Z
76610,kuzmorika,hr,Croatia,HR,,Croatian,Mislav Kužić,2022-03-25T18:49:08Z
76610,mrkev,hr,Croatia,HR,,Croatian,Mislav Kužić,2022-03-25T18:49:36Z
56727,mrkva,hr,Croatia,HR,,Croatian,Mislav Kužić,2022-03-25T18:50:35Z
48699,štitarke,hr,Croatia,HR,,Croatian,Mislav Kužić,2022-03-25T18:52:35Z
538478,Heuffelov šafran,hr,Croatia,HR,,Croatian,Mislav Kužić,2022-03-25T18:56:09Z
55770,zoforan,hr,Croatia,HR,,Croatian,Mislav Kužić,2022-03-25T18:59:52Z
55770,podlesak,hr,Croatia,HR,,Croatian,Mislav Kužić,2022-03-25T19:00:13Z
55770,žavran,hr,Croatia,HR,,Croatian,Mislav Kužić,2022-03-25T19:00:33Z
55770,žutnica,hr,Croatia,HR,,Croatian,Mislav Kužić,2022-03-25T19:00:59Z
55770,caforan,hr,Croatia,HR,,Croatian,Mislav Kužić,2022-03-25T19:01:40Z
47781,perunike,hr,Croatia,HR,,Croatian,Mislav Kužić,2022-03-25T19:02:10Z
333217,Uskršnji leptir,hr,"","",,Croatian,Vladimir Tkalčić,2022-03-26T20:09:24Z
558429,Patka pupčanica,hr,"","",,Croatian,Vladimir Tkalčić,2022-03-26T20:17:01Z
469472,jabuka,hr,"","",,Croatian,,2022-03-27T04:22:22Z
140593,jadranska kozonoška,hr,Croatia,HR,,Croatian,Mislav Kužić,2022-03-28T10:16:34Z
81696,kozonoška,hr,Croatia,HR,,Croatian,Mislav Kužić,2022-03-28T10:17:17Z
56934,dvolisni procjepak,hr,Croatia,HR,,Croatian,Mislav Kužić,2022-03-29T10:43:44Z
56934,obični procijepak,hr,Croatia,HR,,Croatian,Mislav Kužić,2022-03-29T10:44:06Z
56934,divlji zumbul,hr,Croatia,HR,,Croatian,Mislav Kužić,2022-03-29T10:44:26Z
49149,procjepak,hr,Croatia,HR,,Croatian,Mislav Kužić,2022-03-29T10:46:49Z
151831,Stapkočašci,hr,"","",,Croatian,John E. Christensen,2022-04-01T12:01:10Z
59293,primorska ciklama,hr,Croatia,HR,,Croatian,Mislav Kužić,2022-04-05T07:47:45Z
59293,ciklama,hr,Croatia,HR,,Croatian,Mislav Kužić,2022-04-05T07:48:08Z
59293,klobučac mali,hr,Croatia,HR,,Croatian,Mislav Kužić,2022-04-05T07:48:39Z
59293,verugani klobučac,hr,Croatia,HR,,Croatian,Mislav Kužić,2022-04-05T07:49:03Z
59293,kanćela,hr,Croatia,HR,,Croatian,Mislav Kužić,2022-04-05T07:49:37Z
59293,skrižalina,hr,Croatia,HR,,Croatian,Mislav Kužić,2022-04-05T07:50:14Z
59293,klobučar,hr,Croatia,HR,,Croatian,Mislav Kužić,2022-04-05T07:50:42Z
59293,primorska skrižalina,hr,Croatia,HR,,Croatian,Mislav Kužić,2022-04-05T07:51:30Z
59293,ugljolistni klobučac,hr,Croatia,HR,,Croatian,Mislav Kužić,2022-04-05T07:51:54Z
127228,sočnolisna bergenija,hr,Croatia,HR,,Croatian,Mislav Kužić,2022-04-09T06:58:36Z
127229,bergenija,hr,Croatia,HR,,Croatian,Mislav Kužić,2022-04-09T06:59:13Z
48386,kamenike,hr,Croatia,HR,,Croatian,Mislav Kužić,2022-04-09T07:00:59Z
48386,kamenčice,hr,Croatia,HR,,Croatian,Mislav Kužić,2022-04-09T07:01:26Z
48386,kameničnice,hr,Croatia,HR,,Croatian,Mislav Kužić,2022-04-09T07:01:45Z
336700,Ognjičin bijelac,hr,"","",,Croatian,Vladimir Tkalčić,2022-04-11T05:07:06Z
56225,Kontinentalna riđa,hr,"","",,Croatian,Vladimir Tkalčić,2022-04-11T17:25:15Z
56225,Riđa c-bijela,hr,"","",,Croatian,Vladimir Tkalčić,2022-04-11T17:26:02Z
1286971,Primorska bjeloguza,hr,"","",https://www.inaturalist.org/taxon_names/2202987/edit,Croatian,Philip Schaffer,2022-04-12T05:21:53Z
1289958,Bjelobrka grmuša,hr,"","",https://www.inaturalist.org/taxon_names/1577350/edit,Croatian,,2022-04-12T06:19:29Z
1286843,Livadni palčić,hr,"","",,Croatian,max kirsch,2022-04-12T19:23:04Z
1286843,Palčić rogožar,hr,"","",,Croatian,max kirsch,2022-04-12T19:23:15Z
141751,Ovsikov sivac,hr,"","",,Croatian,Vladimir Tkalčić,2022-04-16T17:39:27Z
57484,Trnonogi plavac,hr,"","",,Croatian,Vladimir Tkalčić,2022-04-22T05:45:12Z
55719,Dron pršilica,hr,"","",,Croatian,Vladimir Tkalčić,2022-04-28T06:03:05Z
59346,Mali noćni paun,hr,"","",,Croatian,Vladimir Tkalčić,2022-05-01T15:41:41Z
145360,Zelendur,hr,"","",,Croatian,Vladimir Tkalčić,2022-05-02T16:34:54Z
102792,Bukvin sivac,hr,"","",,Croatian,Vladimir Tkalčić,2022-05-02T18:28:36Z
132621,Muški kaćun,hr,"","",,Croatian,Vladimir Tkalčić,2022-05-09T16:02:49Z
132621,Veliki kaćun,hr,"","",,Croatian,Vladimir Tkalčić,2022-05-09T16:03:15Z
201519,Sljezov pjegavi debeloglavac,hr,"","",,Croatian,Vladimir Tkalčić,2022-05-09T18:04:01Z
61454,Ljekoviti Salamunov pečat,hr,"","",,Croatian,Vladimir Tkalčić,2022-05-10T09:43:11Z
161875,Bijeli jasenak,hr,"","",,Croatian,Vladimir Tkalčić,2022-05-13T18:26:21Z
57485,Crni apolon,hr,"","",,Croatian,Vladimir Tkalčić,2022-05-14T09:19:25Z
1289604,Morski vranac,hr,"","",https://www.inaturalist.org/taxon_names/1422633/edit,Croatian,max kirsch,2022-05-15T02:58:38Z
1290249,Sredozemni vranac,hr,"","",https://www.inaturalist.org/taxon_names/1487764/edit,Croatian,,2022-05-15T02:58:49Z
522411,Jadranska primorska gušterica,hr,"","",,Croatian,Vladimir Tkalčić,2022-05-17T11:36:36Z
82730,Trnoviti zečji trn,hr,"","",,Croatian,Vladimir Tkalčić,2022-05-18T19:23:14Z
82730,Trnoviti gladiš,hr,"","",,Croatian,Vladimir Tkalčić,2022-05-18T19:23:42Z
56002,Češljugovina,hr,"","",,Croatian,Vladimir Tkalčić,2022-05-19T06:17:59Z
85338,Livadna kadulja,hr,"","",,Croatian,Vladimir Tkalčić,2022-05-19T17:59:15Z
319280,Prorasla lesandra,hr,"","",,Croatian,Vladimir Tkalčić,2022-05-19T18:18:41Z
209429,Moračina,hr,"","",,Croatian,Vladimir Tkalčić,2022-05-20T14:42:29Z
116999,Bukoč,hr,"","",,Croatian,Vladimir Tkalčić,2022-05-22T18:56:17Z
116999,Orao ribar,hr,"","",,Croatian,Vladimir Tkalčić,2022-05-22T18:56:47Z
116999,Orao ribič,hr,"","",,Croatian,Vladimir Tkalčić,2022-05-22T18:57:23Z
47120,Člankonošci,hr,Croatia,HR,,Croatian,Marino Linić,2022-05-24T09:42:47Z
47416,Vučji pauci,hr,Croatia,HR,,Croatian,Marino Linić,2022-05-24T09:44:34Z
151791,Crna udovica,hr,Croatia | Serbia | Bosnia and Herzegovina,"HR,RS,BA",,Croatian,Marino Linić,2022-05-24T09:52:23Z
47370,Pauci udovice,hr,Croatia | Serbia | Bosnia and Herzegovina,"HR,RS,BA",,Croatian,Marino Linić,2022-05-24T09:53:36Z
544721,Magaretar,hr,Croatia | Serbia | Bosnia and Herzegovina,"HR,RS,BA",,Croatian,Marino Linić,2022-05-24T09:59:01Z
342263,Riđoglavi magaretar,hr,Croatia | Serbia | Bosnia and Herzegovina,"HR,RS,BA",,Croatian,Marino Linić,2022-05-24T10:02:56Z
51176,Magaretari,hr,Croatia | Serbia | Bosnia and Herzegovina,"HR,RS,BA",,Croatian,Marino Linić,2022-05-24T10:04:54Z
1,Životinje,hr,Croatia | Serbia | Bosnia and Herzegovina,"HR,RS,BA",,Croatian,Marino Linić,2022-05-24T10:07:30Z
47158,Kukci,hr,"","",,Croatian,Marino Linić,2022-05-24T10:10:59Z
372739,Šesteronošci,hr,Croatia,HR,,Croatian,Marino Linić,2022-05-24T10:11:53Z
48301,Četinaši,hr,Croatia,HR,,Croatian,Marino Linić,2022-05-24T10:14:29Z
48300,Srebrne ribice,hr,"","",,Croatian,Marino Linić,2022-05-24T10:19:33Z
261301,Zapećni četinaš,hr,Croatia,HR,,Croatian,Marino Linić,2022-05-24T10:21:53Z
541898,Mravlji četinaš,hr,Croatia,HR,,Croatian,Marino Linić,2022-05-24T10:24:25Z
47118,Pauci,hr,Croatia | Serbia | Bosnia and Herzegovina,"HR,RS,BA",,Croatian,Marino Linić,2022-05-24T10:30:35Z
245097,Kliještari,hr,Croatia,HR,,Croatian,Marino Linić,2022-05-24T10:31:32Z
85553,Zmije,hr,Croatia | Serbia | Bosnia and Herzegovina,"HR,RS,BA",,Croatian,Marino Linić,2022-05-24T10:40:16Z
2,Svitkovci,hr,Croatia,HR,,Croatian,Marino Linić,2022-05-24T10:42:56Z
355675,Kralježnjaci,hr,Croatia,HR,,Croatian,Marino Linić,2022-05-24T10:43:31Z
492333,Vodar,hr,Croatia | Serbia | Bosnia and Herzegovina,"HR,RS,BA",,Croatian,Marino Linić,2022-05-24T10:46:21Z
492333,Baborica,hr,"","",,Croatian,Marino Linić,2022-05-24T10:46:49Z
47186,Deseteronošci,hr,Croatia,HR,,Croatian,Marino Linić,2022-05-24T10:50:18Z
118945,Plemenita periska,hr,Croatia,HR,,Croatian,Marino Linić,2022-05-24T10:52:05Z
128145,Opasna striga,hr,Croatia,HR,,Croatian,Marino Linić,2022-05-24T10:53:05Z
128834,Grmalj,hr,Croatia | Bosnia and Herzegovina,"HR,BA",,Croatian,Marino Linić,2022-05-24T10:57:54Z
326069,Mala rakovica,hr,Croatia | Serbia | Bosnia and Herzegovina,"HR,RS,BA",,Croatian,Marino Linić,2022-05-24T11:02:50Z
52884,Šturci,hr,Croatia,HR,,Croatian,Marino Linić,2022-05-24T11:05:47Z
50190,Cvrčci,hr,Croatia,HR,,Croatian,Marino Linić,2022-05-24T11:08:04Z
50186,Pravi cvrčci,hr,Croatia,HR,,Croatian,Marino Linić,2022-05-24T11:08:29Z
59283,Gomnar,hr,Croatia | Bosnia and Herzegovina | Serbia,"HR,BA,RS",,Croatian,Marino Linić,2022-05-24T11:13:28Z
59283,Urak,hr,Croatia,HR,,Croatian,Marino Linić,2022-05-24T11:14:02Z
47190,Rakovi šuše,hr,Croatia | Serbia | Bosnia and Herzegovina,"HR,RS,BA",,Croatian,Marino Linić,2022-05-24T11:15:00Z
34435,Kućni macaklin,hr,Croatia,HR,,Croatian,Marino Linić,2022-05-24T11:16:23Z
33602,Zidni macaklin,hr,Croatia,HR,,Croatian,Marino Linić,2022-05-24T11:17:50Z
371057,Macaklini,hr,Croatia,HR,,Croatian,Marino Linić,2022-05-24T11:19:07Z
85552,Gušteri,hr,Croatia | Bosnia and Herzegovina | Serbia,"HR,BA,RS",,Croatian,Marino Linić,2022-05-24T11:20:26Z
57450,Pljuvajući pauk,hr,Croatia | Serbia | Bosnia and Herzegovina,"HR,RS,BA",,Croatian,Marino Linić,2022-05-24T11:22:15Z
74011,Crvenkrpica,hr,Croatia | Serbia | Bosnia and Herzegovina,"HR,RS,BA",,Croatian,Marino Linić,2022-05-24T11:23:47Z
966787,Bjelouška,hr,Croatia | Bosnia and Herzegovina,"HR,BA",,Croatian,Marino Linić,2022-05-24T11:25:19Z
342541,Krunasta bogomoljka,hr,Croatia | Bosnia and Herzegovina | Serbia,"HR,BA,RS",,Croatian,Marino Linić,2022-05-24T11:28:32Z
64206,Sredozemni zeleni konjic,hr,Croatia | Serbia | Bosnia and Herzegovina,"HR,RS,BA",,Croatian,Marino Linić,2022-05-24T11:35:45Z
47866,Račji pauci,hr,Croatia | Serbia | Bosnia and Herzegovina,"HR,RS,BA",,Croatian,Marino Linić,2022-05-24T13:05:39Z
49552,Štitonosna striga,hr,Croatia | Bosnia and Herzegovina,"HR,BA",,Croatian,Marino Linić,2022-05-24T13:08:03Z
41482,Dobri dupin,hr,Croatia | Serbia | Bosnia and Herzegovina,"HR,RS,BA",,Croatian,Marino Linić,2022-05-24T13:10:04Z
126149,Zlatne ose,hr,Croatia | Serbia | Bosnia and Herzegovina,"HR,RS,BA",,Croatian,Marino Linić,2022-05-24T13:14:40Z
36052,Mrki gušter,hr,Croatia | Bosnia and Herzegovina,"HR,BA",,Croatian,Marino Linić,2022-05-24T13:27:05Z
55990,Zidna gušterica,hr,Croatia,HR,,Croatian,Marino Linić,2022-05-24T13:28:53Z
29917,Šara poljarica,hr,Croatia | Serbia | Bosnia and Herzegovina,"HR,RS,BA",,Croatian,Marino Linić,2022-05-24T13:30:27Z
26172,Ljuskaši,hr,Croatia,HR,,Croatian,Marino Linić,2022-05-24T13:32:06Z
26504,Guževi,hr,Croatia,HR,,Croatian,Marino Linić,2022-05-24T13:33:53Z
26504,Smukovi,hr,Croatia,HR,,Croatian,Marino Linić,2022-05-24T13:34:21Z
337045,Primorska gušterica,hr,Croatia,HR,,Croatian,Marino Linić,2022-05-24T13:38:46Z
35360,Gušterice,hr,Croatia | Serbia | Bosnia and Herzegovina,"HR,RS,BA",,Croatian,Marino Linić,2022-05-24T13:40:08Z
31888,Puzaši,hr,Croatia,HR,,Croatian,Marino Linić,2022-05-24T13:44:24Z
343021,Sljepić,hr,Croatia | Bosnia and Herzegovina,"HR,BA",,Croatian,Marino Linić,2022-05-24T13:45:33Z
32036,Sljepići,hr,Croatia | Bosnia and Herzegovina,"HR,BA",,Croatian,Marino Linić,2022-05-24T13:47:36Z
71212,Obična čančara,hr,Croatia | Bosnia and Herzegovina | Serbia,"HR,BA,RS",,Croatian,Marino Linić,2022-05-24T13:50:22Z
40019,Kopnice,hr,Croatia,HR,,Croatian,Marino Linić,2022-05-24T13:51:42Z
50968,Knez,hr,Croatia | Serbia | Bosnia and Herzegovina,"HR,RS,BA",,Croatian,Marino Linić,2022-05-24T13:55:11Z
47233,Grgečke,hr,Croatia,HR,,Croatian,Marino Linić,2022-05-24T13:57:36Z
47735,Dvojenoge,hr,Croatia,HR,,Croatian,Marino Linić,2022-05-24T14:02:58Z
47208,Kornjaši,hr,Croatia,HR,,Croatian,Marino Linić,2022-05-24T14:04:06Z
47208,Tvrdokrilci,hr,Croatia,HR,,Croatian,Marino Linić,2022-05-24T14:04:42Z
47793,Uholaže,hr,Croatia,HR,,Croatian,Marino Linić,2022-05-24T14:06:56Z
47793,Škarice,hr,Croatia,HR,,Croatian,Marino Linić,2022-05-24T14:07:20Z
47793,Žuželjice,hr,Croatia,HR,,Croatian,Marino Linić,2022-05-24T14:07:36Z
243773,Unutarčeljusnici,hr,Croatia,HR,,Croatian,Marino Linić,2022-05-24T14:10:07Z
243773,Unutarusti,hr,Croatia,HR,,Croatian,Marino Linić,2022-05-24T14:10:32Z
49470,Skokuni,hr,Croatia,HR,,Croatian,Marino Linić,2022-05-24T14:11:27Z
56215,Dvorepci,hr,Croatia,HR,,Croatian,Marino Linić,2022-05-24T14:12:07Z
83242,Bezrepci,hr,Croatia,HR,,Croatian,Marino Linić,2022-05-24T14:14:55Z
48112,Bogomoljke,hr,Croatia,HR,,Croatian,Marino Linić,2022-05-24T14:15:52Z
118682,Crnej,hr,Croatia | Serbia | Bosnia and Herzegovina,"HR,RS,BA",,Croatian,Marino Linić,2022-05-24T14:30:25Z
48313,Češljoustke,hr,Croatia,HR,,Croatian,Marino Linić,2022-05-24T14:31:05Z
245656,Napoleonski pauk,hr,Croatia | Bosnia and Herzegovina,"HR,BA",,Croatian,Marino Linić,2022-05-24T14:37:14Z
120474,Obični pauci,hr,Croatia,HR,,Croatian,Marino Linić,2022-05-24T14:38:56Z
446216,Babica žutoobrazna,hr,Croatia | Serbia | Bosnia and Herzegovina,"HR,RS,BA",,Croatian,Marino Linić,2022-05-24T14:41:12Z
49390,Slingurke,hr,Croatia | Serbia | Bosnia and Herzegovina,"HR,RS,BA",,Croatian,Marino Linić,2022-05-24T14:42:13Z
1303737,Babice,hr,Croatia | Bosnia and Herzegovina | Serbia,"HR,BA,RS",,Croatian,Marino Linić,2022-05-24T14:43:11Z
118693,Babica kokošica,hr,Croatia | Bosnia and Herzegovina | Serbia,"HR,BA,RS",,Croatian,Marino Linić,2022-05-24T14:44:42Z
118631,Škarpun,hr,Croatia | Bosnia and Herzegovina | Serbia,"HR,BA,RS",,Croatian,Marino Linić,2022-05-24T14:49:31Z
47285,Bodeljke,hr,Croatia,HR,,Croatian,Marino Linić,2022-05-24T14:50:46Z
788497,Obične bodeljke,hr,Croatia,HR,,Croatian,Marino Linić,2022-05-24T14:51:21Z
118895,Smeđa vlasulja,hr,Croatia | Serbia | Bosnia and Herzegovina | Montenegro,"HR,RS,BA,ME",,Croatian,Marino Linić,2022-05-24T14:53:51Z
47797,Moruzgve,hr,Croatia,HR,,Croatian,Marino Linić,2022-05-24T14:55:08Z
47533,Koralji,hr,Croatia,HR,,Croatian,Marino Linić,2022-05-24T14:56:18Z
202756,Šesterolovkaši,hr,Croatia,HR,,Croatian,Marino Linić,2022-05-24T14:57:13Z
340493,Osmerolovkaši,hr,Croatia,HR,,Croatian,Marino Linić,2022-05-24T14:58:01Z
47549,Bodljikaši,hr,Croatia,HR,,Croatian,Marino Linić,2022-05-24T14:58:43Z
51245,Stapčari,hr,Croatia,HR,,Croatian,Marino Linić,2022-05-24T15:01:17Z
47548,Ježinci,hr,Croatia,HR,,Croatian,Marino Linić,2022-05-24T15:02:19Z
774753,Ježinci i trpovi,hr,Croatia,HR,,Croatian,Marino Linić,2022-05-24T15:02:40Z
47720,Trpovi,hr,Croatia | Serbia | Bosnia and Herzegovina | Montenegro,"HR,RS,BA,ME",,Croatian,Marino Linić,2022-05-24T15:03:20Z
774752,Stapčari,hr,Croatia,HR,,Croatian,Marino Linić,2022-05-24T15:04:11Z
1017167,Kvrgava zvjezdača,hr,Croatia | Bosnia and Herzegovina,"HR,BA",,Croatian,Marino Linić,2022-05-24T15:05:42Z
47668,Zvjezdače,hr,Croatia,HR,,Croatian,Marino Linić,2022-05-24T15:07:29Z
46001,Crvena vjeverica,hr,Croatia | Serbia | Bosnia and Herzegovina | Montenegro,"HR,RS,BA,ME",,Croatian,Marino Linić,2022-05-24T15:09:44Z
848320,Viši sisavci,hr,Croatia,HR,,Croatian,Marino Linić,2022-05-24T15:14:07Z
62749,Prugasto jedarce,hr,Croatia,HR,,Croatian,Marino Linić,2022-05-24T15:16:54Z
47223,Lastinrepci,hr,Croatia,HR,,Croatian,Marino Linić,2022-05-24T15:18:00Z
49973,Pravi lastinrepci,hr,Croatia,HR,,Croatian,Marino Linić,2022-05-24T15:18:22Z
47157,Leptiri,hr,Croatia,HR,,Croatian,Marino Linić,2022-05-24T15:19:21Z
47224,Dnevni leptiri,hr,Croatia,HR,,Croatian,Marino Linić,2022-05-24T15:22:17Z
55641,Obični plavac,hr,Croatia | Serbia | Bosnia and Herzegovina | Montenegro,"HR,RS,BA,ME",,Croatian,Marino Linić,2022-05-24T15:23:45Z
47923,Plavci,hr,"","",,Croatian,Marino Linić,2022-05-24T15:24:55Z
118753,Ljubičasti ježinac,hr,Croatia,HR,,Croatian,Marino Linić,2022-05-24T15:25:57Z
475988,Morski ježinci,hr,Croatia,HR,,Croatian,Marino Linić,2022-05-24T15:28:43Z
85529,Ciplovke,hr,Croatia,HR,,Croatian,Marino Linić,2022-05-24T15:33:11Z
54661,Cipli,hr,Croatia,HR,,Croatian,Marino Linić,2022-05-24T15:33:54Z
430051,Patuljasta bogomoljka,hr,Croatia | Serbia | Bosnia and Herzegovina | Montenegro,"HR,RS,BA,ME",,Croatian,Marino Linić,2022-05-24T15:36:42Z
47115,Mekušci,hr,Croatia,HR,,Croatian,Marino Linić,2022-05-24T15:38:18Z
124337,Dugoživci,hr,Croatia,HR,,Croatian,Marino Linić,2022-05-24T15:39:17Z
67688,Skakavci,hr,Croatia | Serbia | Montenegro | Bosnia and Herzegovina,"HR,RS,ME,BA",,Croatian,Marino Linić,2022-05-24T15:42:28Z
211055,Nosati skakavac,hr,Croatia | Serbia | Bosnia and Herzegovina | Montenegro,"HR,RS,BA,ME",,Croatian,Marino Linić,2022-05-24T15:49:18Z
4262,Vranci,hr,Croatia,HR,,Croatian,Marino Linić,2022-05-24T15:54:50Z
67563,Gnjurci,hr,Croatia,HR,,Croatian,Marino Linić,2022-05-24T15:55:52Z
4203,Gnjurci,hr,Croatia,HR,,Croatian,Marino Linić,2022-05-24T15:56:11Z
3,Ptice,hr,Croatia | Bosnia and Herzegovina | Serbia | Montenegro,"HR,BA,RS,ME",,Croatian,Marino Linić,2022-05-24T15:57:04Z
127112,Lažni vučjak,hr,Croatia,HR,,Croatian,Marino Linić,2022-05-24T16:02:28Z
118652,Pauk bijelac,hr,Croatia | Serbia | Bosnia and Herzegovina | Montenegro,"HR,RS,BA,ME",,Croatian,Marino Linić,2022-05-24T16:04:33Z
118692,Babica penjačica,hr,Croatia | Serbia | Bosnia and Herzegovina | Montenegro,"HR,RS,BA,ME",,Croatian,Marino Linić,2022-05-24T16:05:44Z
118704,Glavoč blatar,hr,Croatia | Serbia | Bosnia and Herzegovina | Montenegro,"HR,RS,BA,ME",,Croatian,Marino Linić,2022-05-24T16:07:11Z
357169,Rossijev paličnjak,hr,Croatia,HR,,Croatian,Marino Linić,2022-05-24T16:11:38Z
47198,Nakaznici,hr,Croatia,HR,,Croatian,Marino Linić,2022-05-24T16:12:06Z
73823,Crna poljarica,hr,Croatia,HR,,Croatian,Marino Linić,2022-05-24T16:13:54Z
73823,Crni gad,hr,Croatia,HR,,Croatian,Marino Linić,2022-05-24T16:14:12Z
797520,Pravi guževi,hr,Croatia,HR,,Croatian,Marino Linić,2022-05-24T16:15:08Z
151429,Sipa,hr,Croatia | Bosnia and Herzegovina | Serbia | Montenegro,"HR,BA,RS,ME",,Croatian,Marino Linić,2022-05-24T16:17:30Z
47459,Glavonošci,hr,Croatia,HR,,Croatian,Marino Linić,2022-05-24T16:18:12Z
121578,Domaća ovca,hr,Croatia | Serbia | Bosnia and Herzegovina | Montenegro,"HR,RS,BA,ME",,Croatian,Marino Linić,2022-05-24T16:28:31Z
53696,Pic,hr,Croatia | Serbia | Bosnia and Herzegovina | Montenegro,"HR,RS,BA,ME",,Croatian,Marino Linić,2022-05-24T16:34:54Z
49238,Ljuskavke,hr,Croatia,HR,,Croatian,Marino Linić,2022-05-24T16:35:28Z
56532,Veliko noćno paunče,hr,Croatia,HR,,Croatian,Marino Linić,2022-05-24T16:38:54Z
30237,Kravosas,hr,Croatia | Serbia | Bosnia and Herzegovina | Montenegro,"HR,RS,BA,ME",,Croatian,Marino Linić,2022-05-24T16:43:26Z
966698,Riđovka,hr,Croatia | Serbia | Bosnia and Herzegovina | Montenegro,"HR,RS,BA,ME",,Croatian,Marino Linić,2022-05-24T16:44:51Z
29450,Zmajur,hr,Croatia | Bosnia and Herzegovina | Serbia | Montenegro,"HR,BA,RS,ME",,Croatian,Marino Linić,2022-05-24T18:46:07Z
48124,Konjici,hr,Croatia,HR,,Croatian,Marino Linić,2022-05-24T20:12:23Z
47651,Ravnokrilci,hr,Croatia,HR,,Croatian,Marino Linić,2022-05-24T20:13:21Z
47822,Dvokrilci,hr,Croatia,HR,,Croatian,Marino Linić,2022-05-24T20:26:02Z
154259,Dugoticalci,hr,Croatia,HR,,Croatian,Marino Linić,2022-05-24T20:28:24Z
51225,Komari,hr,Croatia,HR,,Croatian,Marino Linić,2022-05-24T20:29:43Z
61749,Obični jelenak,hr,Croatia,HR,,Croatian,Marino Linić,2022-05-24T20:41:09Z
59202,Galeb klaukavac,hr,Croatia,HR,,Croatian,Marino Linić,2022-05-24T21:56:20Z
124031,Slakov ljiljak,hr,Croatia | Bosnia and Herzegovina,"HR,BA",,Croatian,Marino Linić,2022-05-25T00:32:28Z
118686,Babica balavica,hr,Croatia | Serbia | Bosnia and Herzegovina | Montenegro,"HR,RS,BA,ME",,Croatian,Marino Linić,2022-05-25T10:19:22Z
73747,Oštroglava gušterica,hr,Croatia | Bosnia and Herzegovina | Serbia | Montenegro,"HR,BA,RS,ME",,Croatian,Marino Linić,2022-05-25T10:45:57Z
113535,Kosirica,hr,Croatia | Bosnia and Herzegovina | Serbia,"HR,BA,RS",,Croatian,Marino Linić,2022-05-25T10:48:23Z
159763,Širokolisna zvončika,hr,"","",,Croatian,Vladimir Tkalčić,2022-05-26T15:29:32Z
159763,Širokolisni zvončić,hr,"","",,Croatian,Vladimir Tkalčić,2022-05-26T15:32:09Z
159763,Široki zvončić,hr,"","",,Croatian,Vladimir Tkalčić,2022-05-26T15:32:55Z
159763,Livadni zvončić,hr,"","",,Croatian,Vladimir Tkalčić,2022-05-26T15:33:16Z
347861,Vučjak tarantula,hr,Croatia,HR,,Croatian,Marino Linić,2022-05-26T18:00:12Z
326871,Obični vučjak,hr,Croatia,HR,,Croatian,Marino Linić,2022-05-26T18:01:39Z
51702,Obična bubamara,hr,Croatia | Serbia | Bosnia and Herzegovina | Montenegro,"HR,RS,BA,ME",,Croatian,Marino Linić,2022-05-26T18:14:11Z
514317,Dalmatinska striga,hr,Croatia | Serbia | Bosnia and Herzegovina | Montenegro,"HR,RS,BA,ME",,Croatian,Marino Linić,2022-05-26T18:15:42Z
53765,Velike strige,hr,Croatia,HR,,Croatian,Marino Linić,2022-05-26T18:16:34Z
476105,Blijeda bogomoljka,hr,Croatia | Serbia | Bosnia and Herzegovina | Montenegro,"HR,RS,BA,ME",,Croatian,Marino Linić,2022-05-26T18:21:32Z
130089,Dlakavi porculanski rak,hr,Croatia,HR,,Croatian,Marino Linić,2022-05-26T18:25:20Z
47805,Porculanski rakovi,hr,Croatia,HR,,Croatian,Marino Linić,2022-05-26T18:25:59Z
153169,Kamena kozica,hr,Croatia,HR,,Croatian,Marino Linić,2022-05-26T18:28:13Z
153169,Kameni plivač,hr,Croatia,HR,,Croatian,Marino Linić,2022-05-26T18:28:33Z
48139,Pauci skakači,hr,Croatia | Serbia | Bosnia and Herzegovina | Montenegro,"HR,RS,BA,ME",,Croatian,Marino Linić,2022-05-26T18:31:39Z
202770,Crveni cjevasti pauk,hr,Croatia,HR,,Croatian,Marino Linić,2022-05-27T13:38:27Z
62051,Cjevasti pauci,hr,Croatia,HR,,Croatian,Marino Linić,2022-05-27T13:39:05Z
146721,Vatreni skočac,hr,Croatia,HR,,Croatian,Marino Linić,2022-05-27T13:41:44Z
121769,Kutasti pauk,hr,Croatia,HR,,Croatian,Marino Linić,2022-05-27T13:48:25Z
130304,Labirintski pauk,hr,Croatia,HR,,Croatian,Marino Linić,2022-05-27T13:55:13Z
67328,Kućni pauk,hr,Croatia | Bosnia and Herzegovina | Montenegro,"HR,BA,ME",,Croatian,Marino Linić,2022-05-27T13:58:54Z
13079,Slavuj,hr,Croatia,HR,,Croatian,Marino Linić,2022-05-27T14:30:29Z
35854,Obični zelembać,hr,Croatia,HR,,Croatian,Marino Linić,2022-05-27T15:22:54Z
49567,Trčci,hr,Croatia,HR,,Croatian,Marino Linić,2022-05-28T01:14:25Z
30901,Planinski žutokrug,hr,Croatia,HR,,Croatian,Marino Linić,2022-05-28T17:51:23Z
26904,Smukulja,hr,Croatia,HR,,Croatian,Marino Linić,2022-05-28T17:52:46Z
26884,Smukulje,hr,Croatia,HR,,Croatian,Marino Linić,2022-05-28T17:56:01Z
99496,Žuta poljarica,hr,Croatia,HR,,Croatian,Marino Linić,2022-05-28T18:03:41Z
73910,Šilac,hr,Croatia,HR,,Croatian,Marino Linić,2022-05-28T18:04:18Z
29335,Vodene zmije,hr,Croatia,HR,,Croatian,Marino Linić,2022-05-28T18:16:13Z
43048,Sjeverni bjeloprsi jež,hr,Croatia,HR,,Croatian,Marino Linić,2022-05-28T18:19:52Z
846194,Pravi ježevi,hr,Croatia,HR,,Croatian,Marino Linić,2022-05-28T18:20:38Z
43042,Tamnoprsi jež,hr,Croatia,HR,,Croatian,Marino Linić,2022-05-28T18:22:38Z
43011,Ježevi,hr,Croatia,HR,,Croatian,Marino Linić,2022-05-28T19:19:43Z
846238,Štakorski ježevi,hr,Croatia,HR,,Croatian,Marino Linić,2022-05-28T19:20:08Z
204512,Crnoglava muharica,hr,Croatia,HR,,Croatian,Marino Linić,2022-05-28T19:58:31Z
188591,Pjevčić oštronosić,hr,Croatia | Bosnia and Herzegovina,"HR,BA",,Croatian,Marino Linić,2022-05-28T20:04:16Z
118642,Pjevčić peteroprugi,hr,Croatia,HR,,Croatian,Marino Linić,2022-05-28T20:06:29Z
92653,Pjevčići,hr,Croatia,HR,,Croatian,Marino Linić,2022-05-28T20:07:04Z
81862,Pjetlići,hr,Croatia,HR,,Croatian,Marino Linić,2022-05-28T20:10:23Z
48328,Uhati klobuk,hr,Croatia,HR,,Croatian,Marino Linić,2022-05-28T20:13:32Z
256089,Morska mjesečina,hr,Croatia,HR,,Croatian,Marino Linić,2022-05-28T20:14:39Z
360314,Kompas meduza,hr,Croatia,HR,,Croatian,Marino Linić,2022-05-28T20:15:27Z
324852,Mediteranska meduza,hr,Croatia,HR,,Croatian,Marino Linić,2022-05-28T20:16:16Z
1126873,Benovićeva meduza,hr,Croatia,HR,,Croatian,Marino Linić,2022-05-28T20:17:56Z
84862,Riječni rak,hr,Croatia,HR,,Croatian,Marino Linić,2022-05-28T20:20:36Z
94105,Jegulja,hr,Croatia,HR,,Croatian,Marino Linić,2022-05-28T20:21:14Z
121639,Kratkorepci,hr,Croatia,HR,,Croatian,Marino Linić,2022-05-28T20:28:21Z
154213,Crni žohar,hr,Croatia,HR,,Croatian,Marino Linić,2022-05-28T20:51:22Z
360830,Kožasti trčak,hr,Croatia,HR,,Croatian,Marino Linić,2022-05-28T20:53:30Z
59283,Šuša,hr,Croatia,HR,,Croatian,Marino Linić,2022-05-28T21:25:21Z
48484,Azijska bubamara,hr,Croatia | Serbia | Bosnia and Herzegovina | Montenegro,"HR,RS,BA,ME",,Croatian,Marino Linić,2022-05-29T00:58:06Z
52506,Dvotočkasta bubamara,hr,Croatia,HR,,Croatian,Marino Linić,2022-05-29T01:04:08Z
61532,Četrnaestotočkasta bubamara,hr,Croatia,HR,,Croatian,Marino Linić,2022-05-29T01:05:07Z
126636,Crna dvotočkasta bubamara,hr,Croatia,HR,,Croatian,Marino Linić,2022-05-29T01:07:03Z
130414,Desetotočkasta božja bubamara,hr,Croatia,HR,,Croatian,Marino Linić,2022-05-29T01:07:47Z
51702,Sedmotočkasta bubamara,hr,Croatia,HR,,Croatian,Marino Linić,2022-05-29T01:08:54Z
56529,Lastin rep,hr,Croatia | Serbia | Bosnia and Herzegovina | Montenegro,"HR,RS,BA,ME",,Croatian,Marino Linić,2022-05-29T01:12:52Z
255717,Bodljikava zvjezdača,hr,Croatia,HR,,Croatian,Marino Linić,2022-05-29T01:15:25Z
143139,Crni ježinac,hr,Croatia,HR,,Croatian,Marino Linić,2022-05-29T01:16:19Z
49284,Usnače,hr,Croatia,HR,,Croatian,Marino Linić,2022-05-29T01:22:38Z
113529,Pešnjić sivi,hr,Croatia,HR,,Croatian,Marino Linić,2022-05-29T01:27:15Z
56293,Obična golupka,hr,Croatia,HR,,Croatian,Marino Linić,2022-05-30T15:43:42Z
56832,Mrtvački plašt,hr,Croatia,HR,,Croatian,Marino Linić,2022-05-31T09:52:32Z
47922,Šarenci,hr,Croatia,HR,,Croatian,Marino Linić,2022-05-31T09:52:59Z
47824,Mračnice,hr,Croatia,HR,,Croatian,Marino Linić,2022-05-31T12:53:46Z
48511,Baršunasti mravi,hr,Croatia,HR,,Croatian,Marino Linić,2022-05-31T12:54:51Z
118514,Matuličić,hr,Croatia,HR,,Croatian,Marino Linić,2022-05-31T20:12:52Z
113003,Klen,hr,Croatia,HR,,Croatian,Marino Linić,2022-06-02T16:43:06Z
326154,Promjenjiva sumporača,hr,Croatia,HR,,Croatian,Marino Linić,2022-06-02T16:44:28Z
151792,Smeđi sredozemni pauk samotnjak,hr,Croatia,HR,,Croatian,Marino Linić,2022-06-03T20:25:01Z
84778,Krumpirova zlatica,hr,Croatia,HR,,Croatian,Marino Linić,2022-06-03T20:37:04Z
55610,Vatreni opančar,hr,Croatia,HR,,Croatian,Marino Linić,2022-06-03T20:38:58Z
71248,Poljski šturak,hr,Croatia,HR,,Croatian,Marino Linić,2022-06-03T20:41:58Z
106154,Velika četveropjegava strizibuba,hr,Croatia,HR,,Croatian,Marino Linić,2022-06-03T20:47:35Z
97022,Hrastova strizibuba,hr,Croatia,HR,,Croatian,Marino Linić,2022-06-03T20:50:49Z
82231,Američki žohar,hr,Croatia | Serbia | Bosnia and Herzegovina | Montenegro,"HR,RS,BA,ME",,Croatian,Marino Linić,2022-06-03T20:53:46Z
61536,Konjska smrt,hr,Croatia,HR,,Croatian,Marino Linić,2022-06-03T21:02:50Z
104420,Sredozemna zelendjevica,hr,Croatia,HR,,Croatian,Marino Linić,2022-06-03T21:03:49Z
57443,Četveropjego vretence,hr,Croatia,HR,,Croatian,Marino Linić,2022-06-03T21:04:25Z
52519,Modri kralj,hr,Croatia,HR,,Croatian,Marino Linić,2022-06-03T21:05:09Z
52554,Lumbrak,hr,Croatia,HR,,Croatian,Marino Linić,2022-06-03T21:08:43Z
101621,Glavoč bjelaš,hr,Croatia,HR,,Croatian,Marino Linić,2022-06-03T21:09:25Z
118660,Ovčica,hr,Croatia,HR,,Croatian,Marino Linić,2022-06-03T21:10:06Z
118660,Mrmora,hr,Croatia,HR,,Croatian,Marino Linić,2022-06-03T21:10:45Z
17871,Veliki djetlić,hr,Croatia,HR,,Croatian,Marino Linić,2022-06-03T21:12:14Z
27035,Crna poljarica (H. v. carbonarius podvrsta),hr,Croatia,HR,,Croatian,Marino Linić,2022-06-03T21:55:56Z
59552,europska planinčica,hr,Croatia,HR,,Croatian,Mislav Kužić,2022-06-07T13:17:36Z
59552,divlji božur,hr,Croatia,HR,,Croatian,Mislav Kužić,2022-06-07T13:18:15Z
59552,glavičarka žućkasta,hr,Croatia,HR,,Croatian,Mislav Kužić,2022-06-07T13:18:45Z
59552,jablan žuti,hr,Croatia,HR,,Croatian,Mislav Kužić,2022-06-07T13:19:12Z
59552,planinčica,hr,Croatia,HR,,Croatian,Mislav Kužić,2022-06-07T13:19:34Z
59552,zlatna jabuka,hr,Croatia,HR,,Croatian,Mislav Kužić,2022-06-07T13:19:53Z
59554,planinčica,hr,Croatia,HR,,Croatian,Mislav Kužić,2022-06-07T13:20:50Z
59554,glavičarka,hr,Croatia,HR,,Croatian,Mislav Kužić,2022-06-07T13:21:22Z
48231,žabnjaci,hr,Croatia,HR,,Croatian,Mislav Kužić,2022-06-07T13:22:34Z
48231,zubnjače,hr,Croatia,HR,,Croatian,Mislav Kužić,2022-06-07T13:22:59Z
48231,žabnjače,hr,Croatia,HR,,Croatian,Mislav Kužić,2022-06-07T13:23:36Z
48670,Sovice,hr,Croatia,HR,,Croatian,Marino Linić,2022-06-07T18:05:55Z
48763,Mrežokrilci,hr,Croatia,HR,,Croatian,Marino Linić,2022-06-07T18:18:53Z
62452,Južni vratar,hr,"","",,Croatian,Vladimir Tkalčić,2022-06-08T15:37:18Z
133250,Zeleni konjic,hr,Croatia,HR,,Croatian,Marino Linić,2022-06-09T10:37:52Z
464211,Talijanski krupnozadi skakavac,hr,Croatia,HR,,Croatian,Marino Linić,2022-06-09T10:42:50Z
465258,Primorski listokrili konjic,hr,Croatia,HR,,Croatian,Marino Linić,2022-06-09T10:45:33Z
211210,Mramorni podrumski pauk,hr,Croatia,HR,,Croatian,Marino Linić,2022-06-09T10:48:43Z
82177,Crna vojnička muha,hr,Croatia,HR,,Croatian,Marino Linić,2022-06-09T10:49:43Z
335065,Slakova sovica,hr,Croatia,HR,,Croatian,Marino Linić,2022-06-09T10:51:58Z
563098,Plosnato vretence,hr,Croatia,HR,,Croatian,Marino Linić,2022-06-09T10:56:12Z
127182,Veliki primorski konjic,hr,Croatia,HR,,Croatian,Marino Linić,2022-06-09T10:58:29Z
342899,Crvenoguzi mrav,hr,Croatia,HR,,Croatian,Marino Linić,2022-06-09T11:01:52Z
82089,Medonjice,hr,Croatia,HR,,Croatian,Marino Linić,2022-06-09T11:04:31Z
68330,Smeđa medonjica,hr,Croatia,HR,,Croatian,Marino Linić,2022-06-09T11:05:04Z
473539,Šareni X-skakavac,hr,Croatia,HR,,Croatian,Marino Linić,2022-06-09T11:06:49Z
502433,Marokanski X-skakavac,hr,Croatia,HR,,Croatian,Marino Linić,2022-06-09T11:07:53Z
933555,Dugonogi listokrili konjic,hr,Croatia,HR,,Croatian,Marino Linić,2022-06-09T11:08:47Z
333530,Mali smeđi skakavac,hr,Croatia,HR,,Croatian,Marino Linić,2022-06-09T11:10:50Z
124184,Bakrenasti moljac,hr,Croatia,HR,,Croatian,Marino Linić,2022-06-09T11:13:12Z
505000,Primorski bjeloprugi šturak,hr,Croatia,HR,,Croatian,Marino Linić,2022-06-09T11:14:23Z
123815,Kleopatra,hr,Croatia,HR,,Croatian,Marino Linić,2022-06-09T11:19:56Z
52771,Obični žućak,hr,Croatia,HR,,Croatian,Marino Linić,2022-06-09T11:20:31Z
48508,Bijelci,hr,Croatia,HR,,Croatian,Marino Linić,2022-06-09T11:21:23Z
209720,Pravi bijelci,hr,Croatia,HR,,Croatian,Marino Linić,2022-06-09T11:22:02Z
447976,Ocskayjev ljuskokrili konjic,hr,Croatia,HR,,Croatian,Marino Linić,2022-06-09T11:23:40Z
99901,Plavetna kosjenka,hr,Croatia,HR,,Croatian,Marino Linić,2022-06-09T11:27:36Z
466306,Primorska šturkolika,hr,Croatia,HR,,Croatian,Marino Linić,2022-06-09T11:31:54Z
123920,Mali jelenak,hr,Croatia,HR,,Croatian,Marino Linić,2022-06-09T11:37:29Z
11901,Lastavica pokućarka,hr,Croatia,HR,,Croatian,Marino Linić,2022-06-09T11:39:33Z
117446,Crvena zvjezdača,hr,Croatia,HR,,Croatian,Marino Linić,2022-06-09T11:40:12Z
338002,Opnena voskovica,hr,Croatia,HR,,Croatian,Marino Linić,2022-06-09T11:41:40Z
56525,Režnjasti srebrenik,hr,Croatia,HR,,Croatian,Marino Linić,2022-06-09T11:45:40Z
319544,Ligurski zeleni pauk lovac,hr,Croatia,HR,,Croatian,Marino Linić,2022-06-09T11:47:25Z
47867,Pauci lovci,hr,Croatia,HR,,Croatian,Marino Linić,2022-06-09T11:47:47Z
121766,Zeleni pauk lovac,hr,Croatia,HR,,Croatian,Marino Linić,2022-06-09T11:49:20Z
135790,Crni bor,hr,"","",,Croatian,Marino Linić,2022-06-09T11:53:00Z
47222,Pčele,hr,Croatia,HR,,Croatian,Marino Linić,2022-06-09T11:54:34Z
630955,Prave pčele,hr,Croatia,HR,,Croatian,Marino Linić,2022-06-09T11:54:58Z
47201,Opnokrilci,hr,Croatia,HR,,Croatian,Marino Linić,2022-06-09T11:55:34Z
56083,Klupčasta babura,hr,Croatia,HR,,Croatian,Marino Linić,2022-06-09T12:05:10Z
5167,Eja livadarka,hr,Croatia,HR,,Croatian,Marino Linić,2022-06-09T12:43:51Z
147328,Pandorin šarenac,hr,Croatia,HR,,Croatian,Marino Linić,2022-06-09T12:51:24Z
357406,Debelonogi pjegavi skakavac,hr,Croatia,HR,,Croatian,Marino Linić,2022-06-09T15:23:53Z
132070,Obični listokrili konjic,hr,Croatia,HR,,Croatian,Marino Linić,2022-06-09T15:24:48Z
322417,Žuti balavac,hr,Croatia,HR,,Croatian,Marino Linić,2022-06-09T15:28:11Z
81545,Kišna glista,hr,Croatia,HR,,Croatian,Marino Linić,2022-06-09T15:29:49Z
69758,Gujavice,hr,Croatia,HR,,Croatian,Marino Linić,2022-06-09T15:30:19Z
35967,Velebitska gušterica,hr,Croatia,HR,,Croatian,Marino Linić,2022-06-09T17:16:03Z
61295,Glogov bijelac,hr,"","",,Croatian,Vladimir Tkalčić,2022-06-10T10:02:11Z
47219,Zapadna medonosna pčela,hr,Croatia,HR,,Croatian,Marino Linić,2022-06-10T18:41:18Z
47220,Medonosne pčele,hr,Croatia,HR,,Croatian,Marino Linić,2022-06-10T18:42:04Z
7106,Patka Mandarinka,hr,"","",,Croatian,Vladimir Tkalčić,2022-06-11T11:02:06Z
243961,Jasenov cvrčak,hr,Croatia,HR,,Croatian,Marino Linić,2022-06-11T11:37:18Z
361905,Obični cvrčak,hr,Croatia,HR,,Croatian,Marino Linić,2022-06-11T11:40:23Z
496256,Vinogradski cvrčak,hr,Croatia,HR,,Croatian,Marino Linić,2022-06-11T11:41:10Z
243961,Manin cvrčak,hr,Croatia,HR,,Croatian,Marino Linić,2022-06-11T11:43:05Z
326052,Plavokrili kamenjarski skakavac,hr,Croatia,HR,,Croatian,Marino Linić,2022-06-11T13:27:58Z
208988,Plavkasti repić,hr,Croatia,HR,,Croatian,Marino Linić,2022-06-11T13:53:09Z
207977,Danje paunče,hr,Croatia,HR,,Croatian,Marino Linić,2022-06-11T13:58:10Z
55640,Vrijeskov plavac,hr,Croatia,HR,,Croatian,Marino Linić,2022-06-11T14:00:52Z
466039,Zelenkasti debeloglavac,hr,Croatia,HR,,Croatian,Marino Linić,2022-06-11T14:01:39Z
362093,Rottemburgov debeloglavac,hr,Croatia,HR,,Croatian,Marino Linić,2022-06-11T14:02:11Z
20244,Ćuk,hr,Croatia,HR,,Croatian,Marino Linić,2022-06-11T14:04:13Z
41850,Europska vidra,hr,Croatia,HR,,Croatian,Marino Linić,2022-06-11T14:23:12Z
82722,Alepski bor,hr,Croatia,HR,,Croatian,Marino Linić,2022-06-11T14:25:44Z
52592,Lugar,hr,Croatia,HR,,Croatian,Marino Linić,2022-06-11T14:30:07Z
68328,Crni ružičar,hr,Croatia,HR,,Croatian,Marino Linić,2022-06-11T14:31:05Z
47802,Gubar glavonja,hr,Croatia,HR,,Croatian,Marino Linić,2022-06-11T15:21:56Z
62067,Veliki vilenjak,hr,Croatia,HR,,Croatian,Marino Linić,2022-06-11T15:34:20Z
505877,Glavoč pritajeni,hr,Croatia,HR,,Croatian,Marino Linić,2022-06-11T16:27:33Z
47308,Glavoči,hr,Croatia,HR,,Croatian,Marino Linić,2022-06-11T16:29:42Z
48147,Jednakonošci,hr,Croatia,HR,,Croatian,Marino Linić,2022-06-11T16:33:09Z
84718,Babure,hr,Croatia,HR,,Croatian,Marino Linić,2022-06-11T16:34:58Z
84718,Mokrice,hr,Croatia,HR,,Croatian,Marino Linić,2022-06-11T16:35:12Z
47187,Viši raci,hr,Croatia,HR,,Croatian,Marino Linić,2022-06-11T16:36:03Z
122238,Podrumska babura,hr,Croatia,HR,,Croatian,Marino Linić,2022-06-11T16:39:11Z
48284,Zidna babura,hr,Croatia,HR,,Croatian,Marino Linić,2022-06-11T16:39:48Z
930961,Ilirski oklopljeni konjic,hr,Croatia,HR,,Croatian,Marino Linić,2022-06-11T17:41:57Z
31975,Blavor,hr,Croatia,HR,,Croatian,Marino Linić,2022-06-11T17:52:33Z
41641,Smeđi medvjed,hr,Croatia,HR,,Croatian,Marino Linić,2022-06-11T17:57:08Z
118943,Posidonija,hr,Croatia,HR,,Croatian,Marino Linić,2022-06-11T18:06:41Z
118943,Oceanski porost,hr,Croatia,HR,,Croatian,Marino Linić,2022-06-11T18:07:01Z
507377,Stepski tamni šturak,hr,Croatia,HR,,Croatian,Marino Linić,2022-06-11T18:13:33Z
210291,Rak kućar,hr,Croatia,HR,,Croatian,Marino Linić,2022-06-11T21:23:14Z
47398,Rakovi samci,hr,Croatia,HR,,Croatian,Marino Linić,2022-06-11T21:24:22Z
49504,Plavi rak,hr,Croatia | Serbia | Bosnia and Herzegovina | Montenegro,"HR,RS,BA,ME",,Croatian,Marino Linić,2022-06-11T21:25:16Z
338535,Obični žitni skakavac,hr,Croatia,HR,,Croatian,Marino Linić,2022-06-12T10:06:00Z
371317,Dugokrili livadni skakavac,hr,Croatia,HR,,Croatian,Marino Linić,2022-06-12T10:16:19Z
448144,Crvenokrili kamenjarski skakavac,hr,Croatia,HR,,Croatian,Marino Linić,2022-06-12T10:17:50Z
434282,Žablji skakavac,hr,Croatia,HR,,Croatian,Marino Linić,2022-06-12T10:19:58Z
362311,Crvenozadi travnjački skakavac,hr,Croatia,HR,,Croatian,Marino Linić,2022-06-12T10:21:13Z
55359,Riđi kožokrili konjic,hr,Croatia,HR,,Croatian,Marino Linić,2022-06-12T10:22:10Z
501625,Obični livadni skakavac,hr,Croatia,HR,,Croatian,Marino Linić,2022-06-12T10:23:30Z
474033,Mramorni spiljski konjic,hr,Croatia,HR,,Croatian,Marino Linić,2022-06-12T10:24:45Z
123560,Obični spiljski konjic,hr,Croatia,HR,,Croatian,Marino Linić,2022-06-12T10:27:11Z
899950,Primorski spiljski konjic,hr,Croatia,HR,,Croatian,Marino Linić,2022-06-12T10:28:13Z
83085,Crvena vratiželja,hr,"","",,Croatian,Vladimir Tkalčić,2022-06-12T18:47:39Z
51824,Prugasta konjska smrt,hr,"","",,Croatian,Vladimir Tkalčić,2022-06-12T19:56:36Z
473909,Yersinov ljuskokrili konjic,hr,Croatia,HR,,Croatian,Marino Linić,2022-06-12T20:00:32Z
102800,Obični sivac,hr,Croatia,HR,,Croatian,Marino Linić,2022-06-13T16:34:33Z
882,Divlja kokoš,hr,Croatia,HR,,Croatian,Marino Linić,2022-06-13T16:51:34Z
144510,Riječni galeb,hr,Croatia,HR,,Croatian,Marino Linić,2022-06-13T17:13:49Z
4342,Galebi,hr,Croatia,HR,,Croatian,Marino Linić,2022-06-13T17:16:06Z
447155,Pravi galebi,hr,Croatia,HR,,Croatian,Marino Linić,2022-06-13T17:16:28Z
67561,Močvarice,hr,Croatia,HR,,Croatian,Marino Linić,2022-06-13T17:16:55Z
51660,Dvadesetdvotočkasta bubamara,hr,Croatia,HR,,Croatian,Marino Linić,2022-06-13T20:36:34Z
627669,Sredozemna crvena moruzgva,hr,Croatia,HR,,Croatian,Marino Linić,2022-06-14T00:19:26Z
118708,Glavoč bjelčić,hr,Croatia,HR,,Croatian,Marino Linić,2022-06-14T00:23:45Z
210285,Petrovo uho,hr,Croatia,HR,,Croatian,Marino Linić,2022-06-14T00:26:05Z
56651,Petrove uši,hr,Croatia,HR,,Croatian,Marino Linić,2022-06-14T00:27:05Z
59704,Jadranski klobučić,hr,Croatia,HR,,Croatian,Marino Linić,2022-06-14T00:52:10Z
47126,Biljke,hr,"","",,Croatian,Marino Linić,2022-06-14T00:53:41Z
102821,Dugokljuni morski konjic,hr,Croatia,HR,,Croatian,Marino Linić,2022-06-14T00:58:43Z
60218,Obična smokva,hr,Croatia,HR,,Croatian,Marino Linić,2022-06-14T01:03:58Z
50999,Smokve,hr,Croatia,HR,,Croatian,Marino Linić,2022-06-14T01:05:16Z
336708,Žilogriz,hr,Croatia,HR,,Croatian,Marino Linić,2022-06-14T01:07:13Z
118945,Lostira,hr,Croatia,HR,,Croatian,Marino Linić,2022-06-14T01:16:25Z
118945,Lostura,hr,Croatia,HR,,Croatian,Marino Linić,2022-06-14T01:17:02Z
35871,Veliki zelembać,hr,Croatia,HR,,Croatian,Marino Linić,2022-06-14T01:21:35Z
35912,Livadna gušterica,hr,Croatia,HR,,Croatian,Marino Linić,2022-06-14T01:22:58Z
35900,Zapadni zelembać,hr,Croatia,HR,,Croatian,Marino Linić,2022-06-14T01:25:52Z
73585,Ivanjski rovaš,hr,Croatia,HR,,Croatian,Marino Linić,2022-06-14T01:26:37Z
73585,Kratkonogi gušter,hr,Croatia,HR,,Croatian,Marino Linić,2022-06-14T01:26:53Z
39665,Glavata želva,hr,Croatia,HR,,Croatian,Marino Linić,2022-06-14T01:27:32Z
41716,Sredozemna medvjedica,hr,Croatia,HR,,Croatian,Marino Linić,2022-06-14T01:30:44Z
40038,Obrubljena čančara,hr,Croatia,HR,,Croatian,Marino Linić,2022-06-14T01:32:21Z
105329,Riječna kornjača,hr,Croatia,HR,,Croatian,Marino Linić,2022-06-14T01:33:02Z
73757,Mosorska gušterica,hr,Croatia,HR,,Croatian,Marino Linić,2022-06-14T01:34:40Z
51271,Crvenouha kornjača,hr,Croatia,HR,,Croatian,Marino Linić,2022-06-14T01:35:49Z
39793,Žutouha kornjača,hr,Croatia,HR,,Croatian,Marino Linić,2022-06-14T01:36:15Z
39785,Kumberlandska kornjača,hr,Croatia,HR,,Croatian,Marino Linić,2022-06-14T01:37:33Z
39782,Sjevernoamerička vodena kornjača,hr,Croatia,HR,,Croatian,Marino Linić,2022-06-14T01:39:45Z
506745,Puž ogrc,hr,Croatia,HR,,Croatian,Marino Linić,2022-06-14T01:47:20Z
425915,Vitki pješčarski skakavac,hr,Croatia,HR,,Croatian,Marino Linić,2022-06-14T02:00:26Z
503132,Konjic grmušar,hr,Croatia,HR,,Croatian,Marino Linić,2022-06-14T02:01:05Z
362303,Ceperojev monaški skakavac,hr,Croatia,HR,,Croatian,Marino Linić,2022-06-14T02:02:00Z
466305,Ljuskavi šturak grmušar,hr,Croatia,HR,,Croatian,Marino Linić,2022-06-14T02:02:54Z
1074730,Dinarski kožokrili konjic,hr,Croatia,HR,,Croatian,Marino Linić,2022-06-14T02:03:27Z
201627,Skakavac selac,hr,Croatia,HR,,Croatian,Marino Linić,2022-06-14T02:06:00Z
332307,Vinogradski prozirni šturak,hr,Croatia,HR,,Croatian,Marino Linić,2022-06-14T02:07:00Z
358064,Trčkoliki šturak,hr,Croatia,HR,,Croatian,Marino Linić,2022-06-14T02:09:09Z
67437,Sredozemna bogomoljka,hr,Croatia,HR,,Croatian,Marino Linić,2022-06-14T02:22:22Z
118589,Ugor,hr,Croatia | Bosnia and Herzegovina,"HR,BA",,Croatian,Marino Linić,2022-06-15T23:33:21Z
851014,Zlatni čagalj,hr,Croatia,HR,,Croatian,Marino Linić,2022-06-18T07:08:09Z
906209,Bezgrbi šikarski konjic,hr,Croatia,HR,,Croatian,Marino Linić,2022-06-19T01:29:44Z
473189,Zeleni livadni skakavac,hr,Croatia,HR,,Croatian,Marino Linić,2022-06-21T11:58:29Z
468232,Riđonogi ljuskokrili konjic,hr,Croatia,HR,,Croatian,Marino Linić,2022-06-21T11:59:19Z
467020,Dvobojni livadni konjic,hr,Croatia,HR,,Croatian,Marino Linić,2022-06-21T16:42:50Z
83459,Grba korak,hr,Croatia,HR,,Croatian,Marino Linić,2022-06-21T18:46:47Z
119170,Dugokrili staklasti konjic,hr,Croatia,HR,,Croatian,Marino Linić,2022-06-24T16:18:49Z
118590,Murina žutošarka,hr,Croatia,HR,,Croatian,Marino Linić,2022-07-01T01:32:46Z
48418,Panterova muhara,hr,Croatia,HR,,Croatian,Marino Linić,2022-07-01T23:32:35Z
64615,Jetrenjarke,hr,Croatia,HR,,Croatian,Miha Jurić,2022-07-02T23:37:16Z
42134,Divlja svinja,hr,Croatia,HR,,Croatian,Miha Jurić,2022-07-02T23:39:14Z
1283826,Velika kremenjača,hr,Croatia,HR,,Croatian,Miha Jurić,2022-07-03T00:26:12Z
97903,Busenasti koralj,hr,Croatia,HR,,Croatian,Miha Jurić,2022-07-03T00:28:57Z
130085,Crvena moruzgva,hr,Croatia,HR,,Croatian,Miha Jurić,2022-07-03T00:29:37Z
358550,Družbena moruzgva,hr,Croatia,HR,,Croatian,Miha Jurić,2022-07-03T00:30:10Z
43584,Čovjek,hr,Croatia,HR,,Croatian,croatianiguana,2022-07-14T19:40:34Z
43232,Kolokolo,hr,Croatia,HR,,Croatian,croatianiguana,2022-07-14T19:43:37Z
42240,Guanako,hr,Croatia,HR,,Croatian,croatianiguana,2022-07-15T07:20:27Z
81542,Jednogrba deva,hr,Croatia,HR,,Croatian,croatianiguana,2022-07-15T07:22:14Z
121026,Ljama,hr,Croatia,HR,,Croatian,croatianiguana,2022-07-15T07:22:50Z
524409,Domaća dvogrba deva,hr,Croatia,HR,,Croatian,croatianiguana,2022-07-15T07:26:00Z
74138,Divlja dvogrba deva,hr,Croatia,HR,,Croatian,croatianiguana,2022-07-15T07:26:45Z
42157,Žirafa,hr,Croatia,HR,,Croatian,croatianiguana,2022-07-15T07:28:35Z
42155,Okapi,hr,Croatia,HR,,Croatian,croatianiguana,2022-07-15T07:29:38Z
42429,Rašljoroga antilopa,hr,Croatia,HR,,Croatian,croatianiguana,2022-07-15T07:30:32Z
42120,Golema prašumska svinja,hr,Croatia,HR,,Croatian,croatianiguana,2022-07-15T07:32:55Z
42139,Crvena svinja,hr,Croatia,HR,,Croatian,croatianiguana,2022-07-15T07:34:29Z
42113,Ogrličasti pekari,hr,Croatia,HR,,Croatian,croatianiguana,2022-07-15T07:35:30Z
42118,Svinje,hr,Croatia,HR,,Croatian,croatianiguana,2022-07-15T13:41:10Z
74936,Patuljasta svinja,hr,Croatia,HR,,Croatian,croatianiguana,2022-07-15T13:42:16Z
43351,Tapiri,hr,Croatia,HR,,Croatian,croatianiguana,2022-07-15T15:33:16Z
43352,Tapiri,hr,Croatia,HR,,Croatian,croatianiguana,2022-07-15T15:34:38Z
43355,Bairdov tapir,hr,Croatia,HR,,Croatian,croatianiguana,2022-07-15T15:35:36Z
43356,Malajski tapir,hr,Croatia,HR,,Croatian,croatianiguana,2022-07-15T15:36:11Z
43354,Planinski tapir,hr,Croatia,HR,,Croatian,croatianiguana,2022-07-15T15:36:36Z
43353,Južnoamerički tapir,hr,Croatia,HR,,Croatian,croatianiguana,2022-07-15T15:37:00Z
43341,Nosorozi,hr,Croatia,HR,,Croatian,croatianiguana,2022-07-15T15:38:30Z
43348,Bijeli nosorog,hr,Croatia,HR,,Croatian,croatianiguana,2022-07-15T15:39:03Z
43343,Sumatranski nosorog,hr,Croatia,HR,,Croatian,croatianiguana,2022-07-15T15:39:46Z
43350,Crni nosorog,hr,Croatia,HR,,Croatian,croatianiguana,2022-07-15T15:40:11Z
43346,Javanski nosorog,hr,Croatia,HR,,Croatian,croatianiguana,2022-07-15T15:40:40Z
43345,Indijski nosorog,hr,Croatia,HR,,Croatian,croatianiguana,2022-07-15T15:41:14Z
43328,Konji,hr,Croatia,HR,,Croatian,croatianiguana,2022-07-15T15:41:58Z
43329,Konji,hr,Croatia,HR,,Croatian,croatianiguana,2022-07-15T15:42:25Z
74315,Afrički divlji magarac,hr,Croatia,HR,,Croatian,croatianiguana,2022-07-15T15:42:55Z
62628,Divlji konj Przewalskoga,hr,Croatia,HR,,Croatian,croatianiguana,2022-07-15T15:43:39Z
62629,Divlji konj,hr,Croatia,HR,,Croatian,croatianiguana,2022-07-15T15:43:59Z
43339,Uskopruga zebra,hr,Croatia,HR,,Croatian,croatianiguana,2022-07-15T15:44:53Z
43327,Neparnoprstaši,hr,Croatia,HR,,Croatian,croatianiguana,2022-07-15T15:46:05Z
47059,Cjevozupci,hr,Croatia,HR,,Croatian,croatianiguana,2022-07-15T15:50:36Z
47060,Termitojedi,hr,Croatia,HR,,Croatian,croatianiguana,2022-07-15T15:51:02Z
47062,Termitojed,hr,Croatia,HR,,Croatian,croatianiguana,2022-07-15T15:51:50Z
43086,Planinski pećinar,hr,Croatia,HR,,Croatian,croatianiguana,2022-07-15T15:53:05Z
46306,Sirene,hr,Croatia,HR,,Croatian,croatianiguana,2022-07-15T16:08:35Z
46311,Dugong,hr,Croatia,HR,,Croatian,croatianiguana,2022-07-15T16:10:16Z
46316,Karipski lamantin,hr,Croatia,HR,,Croatian,croatianiguana,2022-07-15T16:11:11Z
46314,Lamantini,hr,Croatia,HR,,Croatian,croatianiguana,2022-07-15T16:11:50Z
46315,Lamantini,hr,Croatia,HR,,Croatian,croatianiguana,2022-07-15T16:12:11Z
43691,Surlaši,hr,Croatia,HR,,Croatian,croatianiguana,2022-07-15T16:13:34Z
1039179,golemosporni tartuf,hr,"","",,Croatian,Marko Doboš,2022-08-29T12:50:33Z
1023212,crijevoliki tartuf,hr,"","",,Croatian,Marko Doboš,2022-08-29T12:53:40Z
352636,crvenkasti tartuf,hr,"","",,Croatian,Marko Doboš,2022-08-29T12:56:47Z
154855,Batora,hr,"","",,Croatian,John E. Christensen,2022-09-06T15:28:18Z
57774,Crvene alge,hr,"","",,Croatian,John E. Christensen,2022-09-29T12:06:01Z
567531,Beskrilni staklasti konjic,hr,Croatia,HR,,Croatian,Marino Linić,2022-10-31T00:45:16Z
71219,Sjeverni rovac,hr,Croatia,HR,,Croatian,Marino Linić,2022-10-31T01:09:22Z
71221,Rovci,hr,Croatia,HR,,Croatian,Marino Linić,2022-10-31T01:10:14Z
136329,Četinjače,hr,"","",,Croatian,John E. Christensen,2022-11-02T10:55:40Z
52134,Komarci,hr,Croatia | Serbia | Bosnia and Herzegovina | Montenegro,"HR,RS,BA,ME",,Croatian,Marino Linić,2022-11-04T15:44:33Z
147294,Rutvica,hr,"","",,Croatian,Vladimir Tkalčić,2022-11-07T17:16:13Z
147294,Smrdljiva rutvica,hr,"","",,Croatian,Vladimir Tkalčić,2022-11-07T17:17:17Z
147294,Ruta,hr,"","",,Croatian,Vladimir Tkalčić,2022-11-07T17:17:38Z
57157,Velike majčine suze,hr,"","",,Croatian,Vladimir Tkalčić,2022-11-07T17:25:38Z
57157,Gospine suze,hr,"","",,Croatian,Vladimir Tkalčić,2022-11-07T17:26:03Z
57157,Velika treslica,hr,"","",,Croatian,Vladimir Tkalčić,2022-11-07T17:26:29Z
578162,Mramorna vlasulja,hr,Croatia,HR,,Croatian,Marino Linić,2022-11-10T22:13:03Z
578162,Staklena vlasulja,hr,Croatia | Serbia | Bosnia and Herzegovina | Montenegro,"HR,RS,BA,ME",,Croatian,Marino Linić,2022-11-10T22:13:41Z
49315,Obična hobotnica,hr,Croatia | Serbia | Bosnia and Herzegovina | Montenegro,"HR,RS,BA,ME",,Croatian,Marino Linić,2022-11-10T22:14:34Z
118622,Kovač,hr,Croatia,HR,,Croatian,Marino Linić,2022-11-10T22:16:43Z
324556,Muzgavac,hr,Croatia,HR,,Croatian,Marino Linić,2022-11-10T22:17:56Z
125849,Hrast medunac,hr,"","",,Croatian,Vladimir Tkalčić,2022-11-12T12:16:45Z
161639,Tankobodljikavi kužnjak,hr,"","",,Croatian,Vladimir Tkalčić,2022-11-13T19:01:03Z
120156,Kućna muha,hr,Croatia,HR,,Croatian,werath,2022-11-14T10:43:42Z
464936,Grimiznocrveni blaženak,hr,"","",,Croatian,Vladimir Tkalčić,2022-11-14T19:14:36Z
56528,Talijanski štipavac,hr,Croatia,HR,,Croatian,Marino Linić,2022-11-14T20:16:28Z
44576,Smeđi štakor,hr,Croatia,HR,,Croatian,Marino Linić,2022-11-15T00:42:34Z
44540,Štakori,hr,Croatia,HR,,Croatian,Marino Linić,2022-11-15T00:44:32Z
75600,Šumska kozja brada,hr,"","",,Croatian,Vladimir Tkalčić,2022-11-15T02:28:55Z
75600,Šumska suručka,hr,"","",,Croatian,Vladimir Tkalčić,2022-11-15T02:29:32Z
734806,Žućkastozeleni žednjak,hr,"","",,Croatian,Vladimir Tkalčić,2022-11-15T12:49:36Z
112381,Mačka mrkulja,hr,Croatia,HR,,Croatian,Marino Linić,2022-11-15T17:24:53Z
91969,Morske mačke,hr,Croatia,HR,,Croatian,Marino Linić,2022-11-15T17:25:23Z
112372,Mačka bljedica,hr,Croatia,HR,,Croatian,Marino Linić,2022-11-15T17:25:57Z
51892,Mačkovke,hr,Croatia,HR,,Croatian,Marino Linić,2022-11-15T17:26:41Z
48069,Kučkovi,hr,Croatia,HR,,Croatian,Marino Linić,2022-11-15T17:27:27Z
448201,Poligače,hr,Croatia,HR,,Croatian,Marino Linić,2022-11-15T17:29:11Z
47273,Prečnouste,hr,Croatia,HR,,Croatian,Marino Linić,2022-11-15T17:29:35Z
776451,Južni skroviti konjic,hr,Croatia,HR,,Croatian,Marino Linić,2022-11-15T17:31:43Z
96735,Prepleteni trčak,hr,Croatia,HR,,Croatian,Marino Linić,2022-11-15T17:35:59Z
59895,Blakitni trčak,hr,Croatia,HR,,Croatian,Marino Linić,2022-11-15T17:37:37Z
497416,Izverugani trčak,hr,Croatia,HR,,Croatian,Marino Linić,2022-11-15T17:38:44Z
787002,Smežurani trčak,hr,Croatia,HR,,Croatian,Marino Linić,2022-11-15T17:43:06Z
1400726,Vraskavi trčak,hr,Croatia,HR,,Croatian,Marino Linić,2022-11-15T17:44:08Z
416545,Brončani trčak,hr,Croatia,HR,,Croatian,Marino Linić,2022-11-15T17:47:14Z
541461,Golemi trčak,hr,Croatia,HR,,Croatian,Marino Linić,2022-11-15T17:48:34Z
425053,Verižasti trčak,hr,Croatia,HR,,Croatian,Marino Linić,2022-11-15T17:49:19Z
107954,Zapadni vilenjak,hr,Croatia,HR,,Croatian,Marino Linić,2022-11-15T17:55:58Z
47792,Vretenca,hr,Croatia,HR,,Croatian,Marino Linić,2022-11-15T17:56:59Z
94974,Bjelonogi rak,hr,Croatia,HR,,Croatian,Marino Linić,2022-11-15T18:03:49Z
94974,Primorski rak,hr,Croatia,HR,,Croatian,Marino Linić,2022-11-15T18:04:01Z
925979,Mali indijski mungos,hr,Croatia,HR,,Croatian,Marino Linić,2022-11-15T21:16:37Z
199404,Sredozemna voćna muha,hr,Croatia,HR,,Croatian,Marino Linić,2022-11-15T21:52:41Z
67743,Vinska mušica,hr,Croatia,HR,,Croatian,Marino Linić,2022-11-15T21:54:14Z
79141,Crna pomoćnica,hr,"","",,Croatian,Vladimir Tkalčić,2022-11-16T06:45:40Z
76202,Crni koprivić,hr,Croatia,HR,,Croatian,Marino Linić,2022-11-16T15:59:38Z
1316601,Glavocic crnotrus,hr,"","","Philips TK, Moretto P (2025) Revision of the genus _Pseudopedaria_ Felsche, 1904, with descriptions of three new species and a subspecies from Central Africa (Coleoptera: Scarabaeinae: Coprini). Catharsius La Revue (N.S.) 5: 1–26. doi:10.5281/zenodo.17036002.",Croatian,,2022-11-16T21:24:13Z
31728,Turski dvoplaz,hr,Croatia,HR,,Croatian,Marino Linić,2022-11-17T06:44:02Z
514727,Zmijolika sljeparica,hr,Croatia,HR,,Croatian,Marino Linić,2022-11-17T06:45:56Z
1424723,Karniolanska živorodna gušterica,hr,Croatia,HR,,Croatian,Marino Linić,2022-11-17T06:51:14Z
39659,Zelena želva,hr,Croatia,HR,,Croatian,Marino Linić,2022-11-17T06:52:28Z
39677,Sedmopruga usminjača,hr,Croatia,HR,,Croatian,Marino Linić,2022-11-17T06:53:01Z
521577,Dubrovačka zečina,hr,Croatia,HR,,Croatian,Marino Linić,2022-11-17T08:00:41Z
515540,Velebitska degenija,hr,Croatia,HR,,Croatian,Marino Linić,2022-11-17T08:01:31Z
513528,Biokovsko zvonce,hr,Croatia,HR,,Croatian,Marino Linić,2022-11-17T08:02:37Z
1048822,Bijela čovječja ribica,hr,Croatia,HR,,Croatian,Marino Linić,2022-11-17T08:40:58Z
371637,Crna čovječja ribica,hr,Croatia,HR,,Croatian,Marino Linić,2022-11-17T08:47:37Z
46341,Rovke,hr,Croatia,HR,,Croatian,Marino Linić,2022-11-17T10:38:18Z
46412,Planinska rovka,hr,Croatia,HR,,Croatian,Marino Linić,2022-11-17T11:04:17Z
47276,Žutulja,hr,Croatia,HR,,Croatian,Marino Linić,2022-11-17T11:26:02Z
47276,Viža,hr,Croatia,HR,,Croatian,Marino Linić,2022-11-17T11:26:16Z
24495,Crveni mukač,hr,Croatia,HR,,Croatian,Marino Linić,2022-11-17T11:44:59Z
556621,Žuti mukač,hr,Croatia,HR,,Croatian,Marino Linić,2022-11-17T11:45:31Z
25312,Češnjača,hr,Croatia,HR,,Croatian,Marino Linić,2022-11-17T11:45:58Z
25488,Močvarna smeđa žaba,hr,Croatia,HR,,Croatian,Marino Linić,2022-11-17T11:48:55Z
25591,Livadna smeđa žaba,hr,Croatia,HR,,Croatian,Marino Linić,2022-11-17T11:49:21Z
25664,Talijanska smeđa žaba,hr,Croatia,HR,,Croatian,Marino Linić,2022-11-17T11:50:08Z
25669,Šumska smeđa žaba,hr,Croatia,HR,,Croatian,Marino Linić,2022-11-17T11:50:50Z
556645,Mala zelena žaba,hr,Croatia,HR,,Croatian,Marino Linić,2022-11-17T11:51:32Z
27705,Podunavski vodenjak,hr,Croatia,HR,,Croatian,Marino Linić,2022-11-17T11:51:54Z
27717,Veliki vodenjak,hr,Croatia,HR,,Croatian,Marino Linić,2022-11-17T11:52:35Z
556656,Mali vodenjak,hr,Croatia,HR,,Croatian,Marino Linić,2022-11-17T11:54:19Z
66322,Jestiva zelena žaba,hr,Croatia,HR,,Croatian,Marino Linić,2022-11-17T11:56:38Z
120738,Grčki vodenjak,hr,Croatia | Bosnia and Herzegovina,"HR,BA",,Croatian,Marino Linić,2022-11-17T12:02:53Z
52720,Oštrica,hr,"","",,Croatian,Vladimir Tkalčić,2022-11-17T12:13:20Z
52720,Primorska oštrica,hr,"","",,Croatian,Vladimir Tkalčić,2022-11-17T12:13:40Z
52720,Čvorasta oštrica,hr,"","",,Croatian,Vladimir Tkalčić,2022-11-17T12:15:02Z
52720,Klupčasta oštrica,hr,"","",,Croatian,Vladimir Tkalčić,2022-11-17T12:15:31Z
35453,Živorodna gušterica,hr,Croatia,HR,,Croatian,Marino Linić,2022-11-17T13:17:27Z
840769,Calbruknerova zečica,hr,"","",,Croatian,Vladimir Tkalčić,2022-11-17T16:59:16Z
103712,Glavočić Radovićev,hr,Croatia,HR,,Croatian,Marino Linić,2022-11-17T18:54:58Z
57983,Suncokret,hr,"","",,Croatian,Vladimir Tkalčić,2022-11-19T16:51:15Z
1428292,Palagruški kupus,hr,Croatia,HR,,Croatian,Marino Linić,2022-11-21T01:25:25Z
1428292,Boterijev kupus,hr,Croatia,HR,,Croatian,Marino Linić,2022-11-21T01:26:35Z
53266,Ljekoviti oranj,hr,"","",,Croatian,Vladimir Tkalčić,2022-11-23T11:13:00Z
39659,Golema želva,hr,Croatia,HR,,Croatian,Marino Linić,2022-11-24T00:13:02Z
9462,Zimovka,hr,Croatia | Serbia | Bosnia and Herzegovina | Montenegro,"HR,RS,BA,ME",,Croatian,Marino Linić,2022-11-24T02:18:34Z
52501,Kolkvicija,hr,"","",,Croatian,Johan Devos,2022-11-24T16:41:48Z
324819,Obični trp,hr,Croatia,HR,,Croatian,Marino Linić,2022-11-27T12:37:57Z
47720,Morski krastavci,hr,Croatia,HR,,Croatian,Marino Linić,2022-11-27T12:38:51Z
621911,Lastavica glavulja,hr,Croatia,HR,,Croatian,Marino Linić,2022-11-27T12:40:16Z
118641,Batovina,hr,Croatia,HR,,Croatian,Marino Linić,2022-11-27T12:41:51Z
120699,Pauk mrkulj,hr,Croatia,HR,,Croatian,Marino Linić,2022-11-27T12:42:50Z
86107,Paukovke,hr,Croatia,HR,,Croatian,Marino Linić,2022-11-27T12:43:35Z
118648,Pauk crnac,hr,Croatia,HR,,Croatian,Marino Linić,2022-11-27T12:45:30Z
118649,Pauk žutac,hr,Croatia,HR,,Croatian,Marino Linić,2022-11-27T12:46:21Z
118628,Lastavica balavica,hr,Croatia,HR,,Croatian,Marino Linić,2022-11-27T12:47:43Z
58612,Zlatna ribica,hr,Croatia,HR,,Croatian,Marino Linić,2022-11-27T12:51:15Z
324558,Europska lignja,hr,Croatia,HR,,Croatian,Marino Linić,2022-11-27T13:02:13Z
85497,Mesoperke,hr,Croatia,HR,,Croatian,Marino Linić,2022-11-27T13:07:59Z
68104,Mahovnjaci,hr,Croatia,HR,,Croatian,Marino Linić,2022-11-27T13:09:20Z
60450,Cjeloglavke,hr,Croatia,HR,,Croatian,Marino Linić,2022-11-27T13:12:04Z
20978,Vodozemci,hr,Croatia,HR,,Croatian,Marino Linić,2022-11-27T13:13:31Z
797045,Besčeljusnjače,hr,Croatia,HR,,Croatian,Marino Linić,2022-11-27T13:14:18Z
47491,Kolutićavci,hr,Croatia,HR,,Croatian,Marino Linić,2022-11-27T13:16:13Z
122158,Ramenonošci,hr,Croatia,HR,,Croatian,Marino Linić,2022-11-27T13:17:37Z
151826,Kukaši,hr,Croatia,HR,,Croatian,Marino Linić,2022-11-27T13:18:37Z
201233,Talijanski vrabac,hr,Croatia,HR,,Croatian,Marino Linić,2022-11-27T13:26:29Z
4733,Bijela roda,hr,Croatia,HR,,Croatian,Marino Linić,2022-11-27T13:26:55Z
2191,Žuta pčelarica,hr,Croatia,HR,,Croatian,Marino Linić,2022-11-27T13:27:13Z
15282,Crnokapa grmuša,hr,Croatia,HR,,Croatian,Marino Linić,2022-11-27T13:27:32Z
64705,Piljak,hr,Croatia,HR,,Croatian,Marino Linić,2022-11-27T13:27:46Z
20969,Pupavac,hr,Croatia,HR,,Croatian,Marino Linić,2022-11-27T13:28:05Z
3978,Mala prutka,hr,Croatia,HR,,Croatian,Marino Linić,2022-11-27T13:28:23Z
3048,Golub grivnjaš,hr,Croatia,HR,,Croatian,Marino Linić,2022-11-27T13:28:40Z
9236,Žutarica,hr,Croatia,HR,,Croatian,Marino Linić,2022-11-27T13:28:57Z
19898,Šumska sova,hr,Croatia,HR,,Croatian,Marino Linić,2022-11-27T13:29:11Z
7120,Mošusna patka,hr,Croatia,HR,,Croatian,Marino Linić,2022-11-27T13:29:34Z
20315,Sova močvarica,hr,Croatia,HR,,Croatian,Marino Linić,2022-11-27T13:29:48Z
906,Divlji puran,hr,Croatia,HR,,Croatian,Marino Linić,2022-11-27T13:32:33Z
1289200,Bjelobrka grmuša,hr,Croatia,HR,,Croatian,Marino Linić,2022-11-27T13:33:16Z
15050,Grmuše,hr,Croatia,HR,,Croatian,Marino Linić,2022-11-27T13:34:03Z
7278,Dugorepa sjenica,hr,Croatia,HR,,Croatian,Marino Linić,2022-11-27T13:34:20Z
4835,Vlastelica,hr,Croatia,HR,,Croatian,Marino Linić,2022-11-27T13:34:53Z
5106,Obični kobac,hr,Croatia,HR,,Croatian,Marino Linić,2022-11-27T13:35:09Z
482,Crna liska,hr,Croatia,HR,,Croatian,Marino Linić,2022-11-27T13:35:28Z
204556,Euroazijska zlatna vuga,hr,Croatia,HR,,Croatian,Marino Linić,2022-11-27T13:35:45Z
1289472,Crnoglava grmuša,hr,Croatia,HR,,Croatian,Marino Linić,2022-11-27T13:36:49Z
1204,Plavi paun,hr,Croatia,HR,,Croatian,Marino Linić,2022-11-27T13:37:32Z
1204,Indijski paun,hr,Croatia,HR,,Croatian,Marino Linić,2022-11-27T13:37:42Z
8010,Obični gavran,hr,Croatia,HR,,Croatian,Marino Linić,2022-11-27T13:38:23Z
12822,Sivkasta bjeloguza,hr,Croatia,HR,,Croatian,Marino Linić,2022-11-27T13:39:23Z
578607,Kukmasta ševa,hr,Croatia,HR,,Croatian,Marino Linić,2022-11-27T13:40:05Z
6638,Crna čiopa,hr,Croatia,HR,,Croatian,Marino Linić,2022-11-27T13:42:18Z
3888,Prutka migavica,hr,Croatia,HR,,Croatian,Marino Linić,2022-11-27T13:42:58Z
4208,Ćubasti gnjurac,hr,Croatia,HR,,Croatian,Marino Linić,2022-11-27T13:43:32Z
117016,Obični zviždak,hr,Croatia,HR,,Croatian,Marino Linić,2022-11-27T13:44:36Z
144512,Mali galeb,hr,Croatia,HR,,Croatian,Marino Linić,2022-11-27T13:45:28Z
3849,Bijeli žalar,hr,Croatia,HR,,Croatian,Marino Linić,2022-11-27T13:46:47Z
3838,Mali žalar,hr,Croatia,HR,,Croatian,Marino Linić,2022-11-27T13:47:12Z
4671,Eleonorin sokol,hr,Croatia,HR,,Croatian,Marino Linić,2022-11-27T13:47:56Z
5173,Eja močvarica,hr,Croatia,HR,,Croatian,Marino Linić,2022-11-27T13:49:41Z
13712,Primorska trepteljka,hr,Croatia,HR,,Croatian,Marino Linić,2022-11-27T13:50:25Z
17835,Crna žuna,hr,Croatia,HR,,Croatian,Marino Linić,2022-11-27T13:50:57Z
891696,Svraka,hr,Croatia,HR,,Croatian,Marino Linić,2022-11-27T13:51:37Z
6996,Mali ronac,hr,Croatia,HR,,Croatian,Marino Linić,2022-11-27T13:52:42Z
4237,Patuljasti gnjurac,hr,Croatia,HR,,Croatian,Marino Linić,2022-11-27T13:53:13Z
8029,Gačac,hr,Croatia,HR,,Croatian,Marino Linić,2022-11-27T13:53:32Z
3857,Žalar cirikavac,hr,Croatia,HR,,Croatian,Marino Linić,2022-11-27T13:54:22Z
54227,Obična bukva,hr,Croatia,HR,,Croatian,Marino Linić,2022-11-27T13:57:56Z
78805,Hrast crnika,hr,Croatia,HR,,Croatian,Marino Linić,2022-11-27T13:58:31Z
181594,Jetka mlječika,hr,Croatia,HR,,Croatian,Marino Linić,2022-11-27T13:59:22Z
243623,Kokica paučica,hr,Croatia,HR,,Croatian,Marino Linić,2022-11-27T14:03:54Z
75609,Smeđa slezenica,hr,Croatia,HR,,Croatian,Marino Linić,2022-11-27T14:04:46Z
326880,Primorski oman,hr,Croatia,HR,,Croatian,Marino Linić,2022-11-27T14:05:14Z
63567,Obična smreka,hr,Croatia,HR,,Croatian,Marino Linić,2022-11-27T14:08:27Z
56133,Hrast lužnjak,hr,Croatia,HR,,Croatian,Marino Linić,2022-11-27T14:09:10Z
200942,Hrast kitnjak,hr,Croatia,HR,,Croatian,Marino Linić,2022-11-27T14:10:01Z
47570,Bijela topola,hr,Croatia,HR,,Croatian,Marino Linić,2022-11-27T14:15:05Z
55801,Obični grab,hr,Croatia,HR,,Croatian,Marino Linić,2022-11-27T14:15:36Z
966205,Crna joha,hr,Croatia,HR,,Croatian,Marino Linić,2022-11-27T14:16:10Z
119791,Gorski javor,hr,Croatia,HR,,Croatian,Marino Linić,2022-11-27T14:16:42Z
82881,Poljski jasen,hr,Croatia,HR,,Croatian,Marino Linić,2022-11-27T14:17:35Z
61964,Divlja trešnja,hr,Croatia,HR,,Croatian,Marino Linić,2022-11-27T14:18:05Z
132600,Malolisna lipa,hr,Croatia,HR,,Croatian,Marino Linić,2022-11-27T14:19:00Z
132600,Kasna lipa,hr,Croatia,HR,,Croatian,Marino Linić,2022-11-27T14:19:10Z
54841,Bijela vrba,hr,Croatia,HR,,Croatian,Marino Linić,2022-11-27T14:19:38Z
13854,Španjolski vrabac,hr,Croatia,HR,,Croatian,Marino Linić,2022-11-27T14:21:15Z
4647,Sivi sokol,hr,Croatia,HR,,Croatian,Marino Linić,2022-11-27T14:21:42Z
144243,Zelena žuna,hr,Croatia,HR,,Croatian,Marino Linić,2022-11-27T14:22:41Z
5325,Škanjac osaš,hr,Croatia,HR,,Croatian,Marino Linić,2022-11-27T14:23:09Z
42069,Crvena lisica,hr,Croatia,HR,,Croatian,Marino Linić,2022-11-27T14:28:08Z
103914,Drozd,hr,Croatia,HR,,Croatian,Marino Linić,2022-11-27T14:34:56Z
204113,Obični jelen,hr,Croatia,HR,,Croatian,Marino Linić,2022-11-27T14:37:49Z
46970,Krtica,hr,Croatia,HR,,Croatian,Marino Linić,2022-11-27T14:38:57Z
855297,Jazavac,hr,Croatia,HR,,Croatian,Marino Linić,2022-11-27T14:39:32Z
74383,Sivi puh,hr,Croatia,HR,,Croatian,Marino Linić,2022-11-27T14:40:46Z
922459,Divlja mačka,hr,Croatia,HR,,Croatian,Marino Linić,2022-11-27T14:41:19Z
41796,Kuna zlatica,hr,Croatia,HR,,Croatian,Marino Linić,2022-11-27T14:41:48Z
42347,Divokoza,hr,Croatia,HR,,Croatian,Marino Linić,2022-11-27T14:42:05Z
41979,Obični ris,hr,Croatia,HR,,Croatian,Marino Linić,2022-11-27T14:42:27Z
508919,Siva štijoka,hr,Croatia,HR,,Croatian,Marino Linić,2022-11-27T14:49:37Z
4736,Crna roda,hr,Croatia,HR,,Croatian,Marino Linić,2022-11-27T14:50:05Z
1289470,Grmuša pjenica,hr,Croatia,HR,,Croatian,Marino Linić,2022-11-27T14:50:41Z
7067,Utva,hr,Croatia,HR,,Croatian,Marino Linić,2022-11-27T14:51:02Z
12039,Riđoglavi svračak,hr,Croatia,HR,,Croatian,Marino Linić,2022-11-27T14:51:38Z
144809,Crnoglava sjenica,hr,Croatia,HR,,Croatian,Marino Linić,2022-11-27T14:52:01Z
145291,Velika strnadica,hr,Croatia,HR,,Croatian,Marino Linić,2022-11-27T14:52:21Z
41,Sivi ždral,hr,Croatia,HR,,Croatian,Marino Linić,2022-11-27T14:52:37Z
6643,Smeđa čiopa,hr,Croatia,HR,,Croatian,Marino Linić,2022-11-27T14:52:54Z
144823,Jelova sjenica,hr,Croatia,HR,,Croatian,Marino Linić,2022-11-27T14:53:12Z
792977,Mali djetlić,hr,Croatia,HR,,Croatian,Marino Linić,2022-11-27T14:53:35Z
19910,Sova jastrebača,hr,Croatia,HR,,Croatian,Marino Linić,2022-11-27T14:53:54Z
20059,Velika ušara,hr,Croatia,HR,,Croatian,Marino Linić,2022-11-27T14:54:41Z
19998,Sivi ćuk,hr,Croatia,HR,,Croatian,Marino Linić,2022-11-27T14:55:02Z
4643,Sokol lastavičar,hr,Croatia,HR,,Croatian,Marino Linić,2022-11-27T14:55:32Z
64261,Obični čempres,hr,Croatia,HR,,Croatian,Marino Linić,2022-11-27T15:03:05Z
49292,Čempres,hr,Croatia,HR,,Croatian,Marino Linić,2022-11-27T15:03:37Z
209660,Buba ružmarina,hr,Croatia,HR,,Croatian,Marino Linić,2022-11-27T15:05:54Z
3896,Veliki pozviždač,hr,Croatia,HR,,Croatian,Marino Linić,2022-11-27T16:15:48Z
13988,Sivi popić,hr,Croatia,HR,,Croatian,Marino Linić,2022-11-27T16:16:23Z
20307,Mala ušara,hr,Croatia,HR,,Croatian,Marino Linić,2022-11-27T16:17:03Z
4450,Crvenokljuna čigra,hr,Croatia,HR,,Croatian,Marino Linić,2022-11-27T16:18:06Z
9195,Žuta strnadica,hr,Croatia,HR,,Croatian,Marino Linić,2022-11-27T16:19:14Z
559064,Eja strnjarica,hr,Croatia,HR,,Croatian,Marino Linić,2022-11-27T16:19:39Z
1907,Obična kukavica,hr,Croatia,HR,,Croatian,Marino Linić,2022-11-27T16:20:04Z
7018,Divlja guska,hr,Croatia,HR,,Croatian,Marino Linić,2022-11-27T16:20:42Z
4389,Pontski galeb,hr,Croatia,HR,,Croatian,Marino Linić,2022-11-27T16:25:07Z
6937,Patka kržulja,hr,Croatia,HR,,Croatian,Marino Linić,2022-11-27T16:25:50Z
7055,Patka njorka,hr,Croatia,HR,,Croatian,Marino Linić,2022-11-27T16:26:13Z
5074,Suri orao,hr,Croatia,HR,,Croatian,Marino Linić,2022-11-27T16:27:13Z
2266,Zlatovrana,hr,Croatia,HR,,Croatian,Marino Linić,2022-11-27T16:27:53Z
14840,Crvenokrili litičar,hr,Croatia,HR,,Croatian,Marino Linić,2022-11-27T16:28:25Z
73222,Ružičasti plamenac,hr,Croatia,HR,,Croatian,Marino Linić,2022-11-27T16:29:01Z
116923,Kratkokrili Voljić,hr,Croatia,HR,,Croatian,Marino Linić,2022-11-27T16:31:34Z
51996,Oleandrov ljiljak,hr,Croatia,HR,,Croatian,Marino Linić,2022-11-28T08:58:51Z
4623,Srednji plijenor,hr,Croatia,HR,,Croatian,Marino Linić,2022-11-28T09:02:03Z
4620,Plijenori,hr,Croatia,HR,,Croatian,Marino Linić,2022-11-28T09:02:25Z
4626,Veliki plijenor,hr,Croatia,HR,,Croatian,Marino Linić,2022-11-28T09:02:43Z
7363,Ševa krunica,hr,Croatia,HR,,Croatian,Marino Linić,2022-11-28T09:04:27Z
9196,Vrtna strnadica,hr,Croatia,HR,,Croatian,Marino Linić,2022-11-28T09:04:49Z
1316741,Inac,hr,"","",https://www.inaturalist.org/taxon_names/3162345/edit,Croatian,,2022-11-28T23:32:58Z
1316741,Pešnjić crnorepi,hr,"","",https://www.inaturalist.org/taxon_names/3162342/edit,Croatian,,2022-11-28T23:32:59Z
1316741,Pešnjić crnorepić,hr,"","",https://www.inaturalist.org/taxon_names/3162343/edit,Croatian,,2022-11-28T23:32:59Z
1316741,Hinac crnorepi,hr,"","",https://www.inaturalist.org/taxon_names/3162346/edit,Croatian,,2022-11-28T23:32:59Z
12992,Mrka crvenrepka,hr,Croatia,HR,,Croatian,Marino Linić,2022-12-02T11:20:02Z
18448,Vijoglav,hr,Croatia,HR,,Croatian,Marino Linić,2022-12-02T11:20:36Z
3878,Krivokljuna prutka,hr,Croatia,HR,,Croatian,Marino Linić,2022-12-02T11:20:51Z
3879,Crvenonoga prutka,hr,Croatia,HR,,Croatian,Marino Linić,2022-12-02T11:21:55Z
3885,Crnokrila prutka,hr,Croatia,HR,,Croatian,Marino Linić,2022-12-02T11:22:10Z
4801,Kulik blatarić,hr,Croatia,HR,,Croatian,Marino Linić,2022-12-02T11:22:59Z
4801,Žalar blatarić,hr,Croatia,HR,,Croatian,Marino Linić,2022-12-02T11:23:09Z
7004,Veliki ronac,hr,Croatia,HR,,Croatian,Marino Linić,2022-12-02T11:24:12Z
18301,Siva žuna,hr,Croatia,HR,,Croatian,Marino Linić,2022-12-02T11:24:39Z
558441,Patka zviždara,hr,Croatia,HR,,Croatian,Marino Linić,2022-12-02T11:25:02Z
5268,Crna lunja,hr,Croatia,HR,,Croatian,Marino Linić,2022-12-02T11:25:30Z
6933,Patka lastarka,hr,Croatia,HR,,Croatian,Marino Linić,2022-12-02T11:25:55Z
7647,Vodenkos,hr,Croatia,HR,,Croatian,Marino Linić,2022-12-02T11:26:21Z
7641,Brljci,hr,Croatia,HR,,Croatian,Marino Linić,2022-12-02T11:26:37Z
7641,Vodenkosovi,hr,Croatia,HR,,Croatian,Marino Linić,2022-12-02T11:26:48Z
8350,Žutokljuna galica,hr,Croatia,HR,,Croatian,Marino Linić,2022-12-02T11:27:19Z
144541,Dugokljuna čigra,hr,Croatia,HR,,Croatian,Marino Linić,2022-12-02T11:28:01Z
373567,Čigre,hr,Croatia,HR,,Croatian,Marino Linić,2022-12-02T11:28:29Z
558634,Juričica,hr,Croatia,HR,,Croatian,Marino Linić,2022-12-02T11:29:27Z
13729,Livadska trepteljka,hr,Croatia,HR,,Croatian,Marino Linić,2022-12-02T11:29:53Z
7068,Zlatokrila utva,hr,Croatia,HR,,Croatian,Marino Linić,2022-12-02T11:30:33Z
59845,Bjelonokta vjetruša,hr,Croatia,HR,,Croatian,Marino Linić,2022-12-02T11:31:57Z
573,Kokoške,hr,Croatia,HR,,Croatian,Marino Linić,2022-12-02T11:32:49Z
1426,Biserke,hr,Croatia,HR,,Croatian,Marino Linić,2022-12-02T11:33:18Z
1428,Biserka,hr,Croatia,HR,,Croatian,Marino Linić,2022-12-02T11:34:05Z
4494,Troprsti galeb,hr,Croatia,HR,,Croatian,Marino Linić,2022-12-02T11:38:53Z
5178,Stepska eja,hr,Croatia,HR,,Croatian,Marino Linić,2022-12-02T11:39:16Z
4929,Čaplje,hr,Croatia,HR,,Croatian,Marino Linić,2022-12-02T11:40:02Z
67566,Pelikanke,hr,Croatia,HR,,Croatian,Marino Linić,2022-12-02T11:40:35Z
20359,Planinski ćuk,hr,Croatia,HR,,Croatian,Marino Linić,2022-12-02T11:42:45Z
19848,Mali ćuk,hr,Croatia,HR,,Croatian,Marino Linić,2022-12-02T11:43:35Z
201035,Orao klokotaš,hr,Croatia,HR,,Croatian,Marino Linić,2022-12-02T11:44:15Z
339594,Plosnatokljuni žalar,hr,Croatia,HR,,Croatian,Marino Linić,2022-12-02T11:45:21Z
3756,Crni ibis,hr,Croatia,HR,,Croatian,Marino Linić,2022-12-02T11:45:45Z
201033,Orao kliktaš,hr,Croatia,HR,,Croatian,Marino Linić,2022-12-02T11:48:32Z
41812,Tvor,hr,Croatia,HR,,Croatian,Marino Linić,2022-12-02T22:53:18Z
45316,Patuljasti miš,hr,Croatia,HR,,Croatian,Marino Linić,2022-12-02T22:53:40Z
44575,Crni štakor,hr,Croatia,HR,,Croatian,Marino Linić,2022-12-02T22:54:17Z
44575,Kućni štakor,hr,Croatia,HR,,Croatian,Marino Linić,2022-12-02T22:54:27Z
44705,Domaći miš,hr,Croatia,HR,,Croatian,Marino Linić,2022-12-02T22:54:59Z
45568,Prugasti poljski miš,hr,Croatia,HR,,Croatian,Marino Linić,2022-12-02T22:55:58Z
46663,Dvobojna rovka,hr,Croatia,HR,,Croatian,Marino Linić,2022-12-02T22:57:16Z
45863,Vrtni puh,hr,Croatia,HR,,Croatian,Marino Linić,2022-12-02T22:57:45Z
45550,Žutogrli miš,hr,Croatia,HR,,Croatian,Marino Linić,2022-12-02T22:58:18Z
45562,Obični šumski miš,hr,Croatia,HR,,Croatian,Marino Linić,2022-12-02T22:59:29Z
45856,Puh orašar,hr,Croatia,HR,,Croatian,Marino Linić,2022-12-02T23:00:02Z
74113,Domaće govedo,hr,Croatia,HR,,Croatian,Marino Linić,2022-12-02T23:00:32Z
46414,Šumska rovka,hr,Croatia,HR,,Croatian,Marino Linić,2022-12-02T23:01:00Z
46631,Vrtna rovka,hr,Croatia,HR,,Croatian,Marino Linić,2022-12-02T23:01:24Z
67819,Vodena voluharica,hr,Croatia,HR,,Croatian,Marino Linić,2022-12-02T23:01:53Z
569428,Lasica,hr,Croatia,HR,,Croatian,Marino Linić,2022-12-02T23:02:26Z
46217,Prugasta vjeverica,hr,Croatia,HR,,Croatian,Marino Linić,2022-12-02T23:04:14Z
45836,Europski hrčak,hr,Croatia,HR,,Croatian,Marino Linić,2022-12-02T23:04:46Z
735066,Hrčci,hr,Croatia,HR,,Croatian,Marino Linić,2022-12-02T23:06:32Z
870778,Mišoliki glodavci,hr,Croatia,HR,,Croatian,Marino Linić,2022-12-02T23:06:54Z
45763,Bizamski štakor,hr,Croatia,HR,,Croatian,Marino Linić,2022-12-02T23:07:39Z
40695,Mali potkovnjak,hr,Croatia,HR,,Croatian,Marino Linić,2022-12-02T23:08:38Z
40645,Veliki potkovnjak,hr,Croatia,HR,,Croatian,Marino Linić,2022-12-02T23:09:05Z
19410,Leganj,hr,Croatia,HR,,Croatian,Marino Linić,2022-12-03T10:24:46Z
19410,Leganj mračak,hr,Croatia,HR,,Croatian,Marino Linić,2022-12-03T10:24:57Z
204456,Veliki trstenjak,hr,Croatia,HR,,Croatian,Marino Linić,2022-12-03T10:25:23Z
339593,Pršljivac,hr,Croatia,HR,,Croatian,Marino Linić,2022-12-03T10:26:12Z
4641,Crvenonoga vjetruša,hr,Croatia,HR,,Croatian,Marino Linić,2022-12-03T10:26:55Z
7122,Patka gogoljica,hr,Croatia,HR,,Croatian,Marino Linić,2022-12-03T10:27:24Z
7024,Gavka,hr,Croatia,HR,,Croatian,Marino Linić,2022-12-03T10:27:48Z
792985,Crvenoglavi djetlić,hr,Croatia,HR,,Croatian,Marino Linić,2022-12-03T10:28:29Z
3731,Čaplja žličarka,hr,Croatia,HR,,Croatian,Marino Linić,2022-12-03T10:28:54Z
559070,Veliki svračak,hr,Croatia,HR,,Croatian,Marino Linić,2022-12-03T10:29:12Z
17943,Planinski djetlić,hr,Croatia,HR,,Croatian,Marino Linić,2022-12-03T10:29:36Z
318836,Šljuka kokošica,hr,Croatia,HR,,Croatian,Marino Linić,2022-12-03T10:29:57Z
5267,Crvena lunja,hr,Croatia,HR,,Croatian,Marino Linić,2022-12-03T10:30:17Z
40281,Riđi šišmiš,hr,Croatia,HR,,Croatian,Marino Linić,2022-12-03T10:30:46Z
765528,Primorski šišmiš,hr,Croatia,HR,,Croatian,Marino Linić,2022-12-03T10:31:50Z
40383,Bjelorubi šišmiš,hr,Croatia,HR,,Croatian,Marino Linić,2022-12-03T10:32:24Z
40446,Dvobojni šišmiš,hr,Croatia,HR,,Croatian,Marino Linić,2022-12-03T10:32:55Z
46860,Močvarna rovka,hr,Croatia,HR,,Croatian,Marino Linić,2022-12-03T10:34:14Z
855311,Kunopas,hr,Croatia,HR,,Croatian,Marino Linić,2022-12-03T10:57:24Z
46859,Vodena rovka,hr,Croatia,HR,,Croatian,Marino Linić,2022-12-03T10:58:02Z
46471,Mala rovka,hr,Croatia,HR,,Croatian,Marino Linić,2022-12-03T10:58:29Z
42422,Berberska ovca,hr,Croatia,HR,,Croatian,Marino Linić,2022-12-03T10:58:51Z
41298,Sredozemni slobodnorepac,hr,Croatia,HR,,Croatian,Marino Linić,2022-12-03T11:00:19Z
40570,Večernjaci,hr,Croatia,HR,,Croatian,Marino Linić,2022-12-03T11:01:08Z
40572,Rani večernjak,hr,Croatia,HR,,Croatian,Marino Linić,2022-12-03T11:01:21Z
40364,Patuljasti šišmiš,hr,Croatia,HR,,Croatian,Marino Linić,2022-12-03T11:02:27Z
424254,Riječni šišmiš,hr,Croatia,HR,,Croatian,Marino Linić,2022-12-03T11:02:51Z
118669,Šarag,hr,Croatia,HR,,Croatian,Marino Linić,2022-12-03T11:46:39Z
113531,Podujka,hr,Croatia,HR,,Croatian,Marino Linić,2022-12-03T16:50:15Z
113531,Britvica,hr,Croatia,HR,,Croatian,Marino Linić,2022-12-03T16:50:25Z
113534,Martinka,hr,Croatia,HR,,Croatian,Marino Linić,2022-12-03T16:50:50Z
113536,Dugonoska,hr,Croatia,HR,,Croatian,Marino Linić,2022-12-03T16:51:26Z
113533,Kosirica mjesečica,hr,Croatia,HR,,Croatian,Marino Linić,2022-12-03T16:56:50Z
118702,Glavoč krvoust,hr,Croatia,HR,,Croatian,Marino Linić,2022-12-03T17:55:59Z
13685,Vrapci,hr,Croatia,HR,,Croatian,Marino Linić,2022-12-03T17:58:50Z
59316,kaćuni,hr,"","",,Croatian,Kitty Maurey,2022-12-03T19:52:57Z
61968,Prugasti smrdljivac,hr,Croatia,HR,,Croatian,Marino Linić,2022-12-03T20:07:06Z
199875,Mediteranska pužica,hr,Croatia,HR,,Croatian,Marino Linić,2022-12-03T20:16:14Z
57281,Razgranjena crkvina,hr,Croatia,HR,,Croatian,Marino Linić,2022-12-03T20:32:20Z
57281,Zidna crkvina,hr,Croatia,HR,,Croatian,Marino Linić,2022-12-03T20:32:35Z
64486,Narančasto-bijela peregrina,hr,Croatia,HR,,Croatian,Marino Linić,2022-12-03T20:33:37Z
62984,Azijski tigrasti komarac,hr,Croatia,HR,,Croatian,Marino Linić,2022-12-03T20:34:04Z
41562,Kit perajar,hr,Croatia,HR,,Croatian,Marino Linić,2022-12-03T20:46:05Z
57534,Dugokrili pršnjak,hr,Croatia,HR,,Croatian,Marino Linić,2022-12-03T20:50:58Z
74697,Velikouhi šišmiš,hr,Croatia,HR,,Croatian,Marino Linić,2022-12-03T20:51:43Z
210400,Resasti šišmiš,hr,Croatia,HR,,Croatian,Marino Linić,2022-12-03T20:52:07Z
245959,Kolombatovićev dugoušan,hr,Croatia,HR,,Croatian,Marino Linić,2022-12-03T20:52:38Z
40414,Dugouhi šišmiši,hr,Croatia,HR,,Croatian,Marino Linić,2022-12-03T20:52:57Z
40416,Smeđi dugoušan,hr,Croatia,HR,,Croatian,Marino Linić,2022-12-03T20:54:02Z
40415,Sivi dugoušan,hr,Croatia,HR,,Croatian,Marino Linić,2022-12-03T20:54:15Z
74927,Gorski dugoušan,hr,Croatia,HR,,Croatian,Marino Linić,2022-12-03T20:54:33Z
84804,Talijanski prugasti smrdljivac,hr,Croatia,HR,,Croatian,Marino Linić,2022-12-03T23:09:22Z
546357,Talijanski prugasti smrdljivac,hr,Croatia,HR,,Croatian,Marino Linić,2022-12-03T23:11:23Z
132663,Potočni regoč,hr,Croatia,HR,,Croatian,Marino Linić,2022-12-03T23:19:52Z
336841,Dogonac,hr,Croatia,HR,,Croatian,Marino Linić,2022-12-03T23:31:05Z
102448,Brdar,hr,Croatia,HR,,Croatian,Marino Linić,2022-12-03T23:31:32Z
102438,Poljar,hr,Croatia,HR,,Croatian,Marino Linić,2022-12-03T23:32:08Z
61523,Vinogradnjak,hr,Croatia,HR,,Croatian,Marino Linić,2022-12-03T23:32:52Z
48586,Tamnousni živičnjak,hr,Croatia,HR,,Croatian,Marino Linić,2022-12-03T23:33:52Z
143291,Šumski balavac,hr,Croatia,HR,,Croatian,Marino Linić,2022-12-03T23:34:38Z
62470,Veliki balavac,hr,Croatia,HR,,Croatian,Marino Linić,2022-12-03T23:35:53Z
336731,Lijepi poklopčar,hr,Croatia,HR,,Croatian,Marino Linić,2022-12-03T23:42:20Z
48657,Morski zekani,hr,Croatia,HR,,Croatian,Marino Linić,2022-12-03T23:45:09Z
125669,Tupka,hr,Croatia,HR,,Croatian,Marino Linić,2022-12-03T23:45:50Z
119608,Mediteranski hrpaš,hr,Croatia,HR,,Croatian,Marino Linić,2022-12-03T23:46:53Z
68624,Ivičasti listinaš,hr,Croatia,HR,,Croatian,Marino Linić,2022-12-03T23:47:34Z
322417,Žuti podrumski golać,hr,Croatia,HR,,Croatian,Marino Linić,2022-12-03T23:48:15Z
326195,Prugasti zebraš,hr,Croatia,HR,,Croatian,Marino Linić,2022-12-03T23:49:14Z
542279,Mrežasti pasjak,hr,Croatia,HR,,Croatian,Marino Linić,2022-12-03T23:49:43Z
118886,Promjenjiva livadnica,hr,Croatia,HR,,Croatian,Marino Linić,2022-12-03T23:50:24Z
105970,Obična kartuzijanka,hr,Croatia,HR,,Croatian,Marino Linić,2022-12-03T23:51:06Z
124432,Mrežasti poljski golać,hr,Croatia,HR,,Croatian,Marino Linić,2022-12-03T23:51:38Z
480298,Smeđi hrapavac,hr,Croatia,HR,,Croatian,Marino Linić,2022-12-03T23:52:32Z
558682,Pupkar,hr,Croatia,HR,,Croatian,Marino Linić,2022-12-03T23:55:09Z
59267,Vrtna šumarica,hr,Croatia,HR,,Croatian,Marino Linić,2022-12-04T00:58:52Z
81694,Robertijev kaćun,hr,Croatia,HR,,Croatian,Marino Linić,2022-12-04T00:59:40Z
60017,Stjenoviti kameničak,hr,Croatia,HR,,Croatian,Marino Linić,2022-12-04T01:00:24Z
168750,Žuti žednjak,hr,Croatia,HR,,Croatian,Marino Linić,2022-12-04T01:00:45Z
335853,Plamenita pavitina,hr,Croatia,HR,,Croatian,Marino Linić,2022-12-04T01:01:05Z
55766,Obična mlječika,hr,Croatia,HR,,Croatian,Marino Linić,2022-12-04T01:01:40Z
326069,Diželj,hr,Croatia,HR,,Croatian,Marino Linić,2022-12-04T01:11:02Z
52306,Pas kostelj,hr,Croatia,HR,,Croatian,Marino Linić,2022-12-04T01:13:38Z
128896,Paunov rep,hr,Croatia,HR,,Croatian,Marino Linić,2022-12-04T01:20:32Z
151827,Četinočeljusti,hr,Croatia,HR,,Croatian,Marino Linić,2022-12-04T01:24:17Z
51280,Vrpčari,hr,Croatia,HR,,Croatian,Marino Linić,2022-12-04T01:24:42Z
54960,Oblići,hr,Croatia,HR,,Croatian,Marino Linić,2022-12-04T01:25:31Z
51508,Rebraši,hr,Croatia,HR,,Croatian,Marino Linić,2022-12-04T01:26:16Z
126917,Kolnjaci,hr,Croatia,HR,,Croatian,Marino Linić,2022-12-04T01:26:56Z
151838,Valjčari,hr,Croatia,HR,,Croatian,Marino Linić,2022-12-04T01:27:18Z
151829,Trbodlaci,hr,Croatia,HR,,Croatian,Marino Linić,2022-12-04T01:28:17Z
48051,Potkovnjaci,hr,Croatia,HR,,Croatian,Marino Linić,2022-12-04T01:28:44Z
51836,crvonošci,hr,Croatia,HR,,Croatian,Marino Linić,2022-12-04T01:30:06Z
151833,Četkoglavci,hr,Croatia,HR,,Croatian,Marino Linić,2022-12-04T01:30:37Z
151832,Bodljoglavci,hr,Croatia,HR,,Croatian,Marino Linić,2022-12-04T01:30:57Z
1286606,"Kompleks ""Paunov rep""",hr,Croatia,HR,,Croatian,Marino Linić,2022-12-04T10:47:08Z
523401,Visijanijevo ptičje mlijeko,hr,Croatia,HR,,Croatian,Marino Linić,2022-12-04T10:53:29Z
56138,Ptičje mlijeko,hr,Croatia,HR,,Croatian,Marino Linić,2022-12-04T11:03:13Z
50380,Morska resa,hr,Croatia,HR,,Croatian,Marino Linić,2022-12-04T11:56:22Z
84969,Kratkokljuni morski konjic,hr,Croatia,HR,,Croatian,Marino Linić,2022-12-04T12:53:40Z
130082,Pauk šatoraš,hr,Croatia,HR,,Croatian,Marino Linić,2022-12-04T16:37:05Z
47345,Pauci ljevkaši,hr,Croatia,HR,,Croatian,Marino Linić,2022-12-04T16:44:10Z
47424,Tarantule,hr,Croatia,HR,,Croatian,Marino Linić,2022-12-04T16:46:28Z
47424,Tarantula,hr,Croatia,HR,,Croatian,Marino Linić,2022-12-04T16:46:47Z
67599,Baldahinski pauci,hr,Croatia,HR,,Croatian,Marino Linić,2022-12-04T16:47:18Z
48140,Šesterooki račji pauci,hr,Croatia,HR,,Croatian,Marino Linić,2022-12-04T16:48:10Z
130092,Orašasti pauk,hr,Croatia,HR,,Croatian,Marino Linić,2022-12-04T16:55:43Z
118595,Gavun,hr,Croatia,HR,,Croatian,Marino Linić,2022-12-04T18:31:31Z
94786,Oliga,hr,Croatia,HR,,Croatian,Marino Linić,2022-12-04T18:31:46Z
85611,Zeleniši,hr,Croatia,HR,,Croatian,Marino Linić,2022-12-04T18:32:00Z
94786,Vojga,hr,Croatia,HR,,Croatian,Marino Linić,2022-12-04T18:42:11Z
118595,Agun,hr,Croatia,HR,,Croatian,Marino Linić,2022-12-04T18:42:38Z
118595,Vagun,hr,Croatia,HR,,Croatian,Marino Linić,2022-12-04T18:42:58Z
118595,Brfun,hr,Croatia,HR,,Croatian,Marino Linić,2022-12-04T18:43:12Z
129208,Tamni prpolj,hr,Croatia,HR,,Croatian,Marino Linić,2022-12-05T10:29:41Z
129206,Sivi prpolj,hr,Croatia,HR,,Croatian,Marino Linić,2022-12-05T10:30:12Z
203784,Žutoprugi prpolj,hr,Croatia,HR,,Croatian,Marino Linić,2022-12-05T10:31:07Z
324194,Smeđoprugi prpolj,hr,Croatia,HR,,Croatian,Marino Linić,2022-12-05T10:31:52Z
54583,Španjolski prpolj,hr,Croatia,HR,,Croatian,Marino Linić,2022-12-05T10:35:46Z
54583,Španjolski puž,hr,Croatia,HR,,Croatian,Marino Linić,2022-12-05T10:41:37Z
699887,Hobotnica pauk,hr,Croatia,HR,,Croatian,Marino Linić,2022-12-05T10:51:22Z
47458,Osmokračnjaci,hr,Croatia,HR,,Croatian,Marino Linić,2022-12-05T10:52:04Z
253928,Morski zekan,hr,Croatia,HR,,Croatian,Marino Linić,2022-12-05T10:56:52Z
324560,Lignjica,hr,Croatia,HR,,Croatian,Marino Linić,2022-12-05T11:00:30Z
700305,Lignja šilica,hr,Croatia,HR,,Croatian,Marino Linić,2022-12-05T11:01:50Z
201536,Pučinska lignja,hr,Croatia,HR,,Croatian,Marino Linić,2022-12-05T11:02:42Z
49441,Lignje,hr,Croatia,HR,,Croatian,Marino Linić,2022-12-05T11:03:34Z
300597,Europski crveni amazonac,hr,Croatia,HR,,Croatian,Marino Linić,2022-12-06T16:01:28Z
1431273,Šumska voluharica,hr,"","",https://www.inaturalist.org/taxon_names/3162468/edit,Croatian,,2022-12-06T18:16:45Z
468533,Močvarni patuljasti šturak,hr,Croatia,HR,,Croatian,Marino Linić,2022-12-07T14:10:36Z
486316,Mediteranski mravoljubac,hr,Croatia,HR,,Croatian,Marino Linić,2022-12-07T14:19:30Z
510381,Žutoprugi ljuskokrili konjic,hr,Croatia,HR,,Croatian,Marino Linić,2022-12-07T14:20:09Z
1183140,Novakov ljuskavi šturak,hr,Croatia,HR,,Croatian,Marino Linić,2022-12-07T14:20:46Z
466326,Tamni ljuskavi šturak,hr,Croatia,HR,,Croatian,Marino Linić,2022-12-07T14:21:38Z
745782,Paukoliki spiljski konjic,hr,Croatia,HR,,Croatian,Marino Linić,2022-12-07T14:22:19Z
745782,Dugonogi spiljski konjic,hr,Croatia,HR,,Croatian,Marino Linić,2022-12-07T14:22:27Z
369803,Crnoglava sedlarka,hr,Croatia,HR,,Croatian,Marino Linić,2022-12-07T14:23:13Z
470524,Crvenokrili čegrtaš,hr,Croatia,HR,,Croatian,Marino Linić,2022-12-07T14:24:07Z
555649,Bodljonogi zeleni konjic,hr,Croatia,HR,,Croatian,Marino Linić,2022-12-07T14:24:37Z
466317,Dugokrili čunjoglavac,hr,Croatia,HR,,Croatian,Marino Linić,2022-12-07T14:25:17Z
133220,Kućni šturak,hr,Croatia,HR,,Croatian,Marino Linić,2022-12-07T14:25:47Z
563445,Sjeverni skroviti konjic,hr,Croatia,HR,,Croatian,Marino Linić,2022-12-07T14:26:24Z
158190,Poriluk,hr,Croatia,HR,,Croatian,Marino Linić,2022-12-07T14:29:00Z
487303,Bradonogi skočac,hr,Croatia,HR,,Croatian,Marino Linić,2022-12-07T14:44:35Z
443481,Čuvarkuća,hr,Croatia,HR,,Croatian,Marino Linić,2022-12-07T15:02:06Z
49614,Sunčanica,hr,Croatia,HR,,Croatian,Marino Linić,2022-12-07T21:59:01Z
47357,Lukovi,hr,Croatia,HR,,Croatian,Marino Linić,2022-12-07T22:53:37Z
79070,Zeleni muhar,hr,Croatia,HR,,Croatian,Marino Linić,2022-12-07T22:54:35Z
49995,Osolike muhe,hr,Croatia,HR,,Croatian,Marino Linić,2022-12-08T10:57:53Z
57651,Livadni skakavci,hr,Croatia,HR,,Croatian,Marino Linić,2022-12-08T11:01:45Z
473315,Mali livadni skakavac,hr,Croatia,HR,,Croatian,Marino Linić,2022-12-08T11:03:25Z
127308,Dugokrili livadni skakavac,hr,Croatia,HR,,Croatian,Marino Linić,2022-12-08T11:03:51Z
371315,Širokokrili livadni skakavac,hr,Croatia,HR,,Croatian,Marino Linić,2022-12-08T11:04:25Z
496767,Planinski livadni skakavac,hr,Croatia,HR,,Croatian,Marino Linić,2022-12-08T11:06:11Z
362312,Velikouhi livadni skakavac,hr,Croatia,HR,,Croatian,Marino Linić,2022-12-08T11:06:37Z
362291,Ljuskokrili staklasti konjic,hr,Croatia,HR,,Croatian,Marino Linić,2022-12-08T16:39:17Z
46640,Kućna rovka,hr,Croatia,HR,,Croatian,Marino Linić,2022-12-08T17:58:54Z
1289484,Grmuša čevrljinka,hr,Croatia,HR,,Croatian,Marino Linić,2022-12-08T18:03:14Z
863,Jarebica kamenjarka,hr,Croatia,HR,,Croatian,Marino Linić,2022-12-08T18:03:37Z
3938,Kameničar,hr,Croatia,HR,,Croatian,Marino Linić,2022-12-08T18:04:00Z
7045,Glavata patka,hr,Croatia,HR,,Croatian,Marino Linić,2022-12-08T18:04:18Z
144792,Daurska lastavica,hr,Croatia,HR,,Croatian,Marino Linić,2022-12-08T18:04:50Z
7046,Krunasta patka,hr,Croatia,HR,,Croatian,Marino Linić,2022-12-08T18:05:16Z
9203,Crnoglava strnadica,hr,Croatia,HR,,Croatian,Marino Linić,2022-12-08T18:05:41Z
11941,Bregunica,hr,Croatia,HR,,Croatian,Marino Linić,2022-12-08T18:06:02Z
117048,Šumski zviždak,hr,Croatia,HR,,Croatian,Marino Linić,2022-12-08T18:06:25Z
4627,Crvenovrati plijenor,hr,Croatia,HR,,Croatian,Marino Linić,2022-12-08T18:06:49Z
7347,Poljska ševa,hr,Croatia,HR,,Croatian,Marino Linić,2022-12-08T18:07:09Z
1026,Tetrijeb gluhan,hr,Croatia,HR,,Croatian,Marino Linić,2022-12-08T18:07:34Z
7170,Patka ledara,hr,Croatia,HR,,Croatian,Marino Linić,2022-12-08T18:08:13Z
7107,Karolinka,hr,Croatia,HR,,Croatian,Marino Linić,2022-12-08T18:09:43Z
9246,Kanarinac,hr,Croatia,HR,,Croatian,Marino Linić,2022-12-08T18:10:18Z
13071,Modrovoljka,hr,Croatia,HR,,Croatian,Marino Linić,2022-12-08T18:11:12Z
201180,Sivi voljić,hr,Croatia,HR,,Croatian,Marino Linić,2022-12-08T18:13:11Z
326065,Čekinjasti rak pustinjak,hr,Croatia,HR,,Croatian,Marino Linić,2022-12-08T18:18:33Z
48174,Samotnjaci,hr,Croatia,HR,,Croatian,Marino Linić,2022-12-08T18:19:05Z
326065,Čekinjasti rak samac,hr,Croatia,HR,,Croatian,Marino Linić,2022-12-08T18:19:22Z
94975,Potočni rak,hr,Croatia,HR,,Croatian,Marino Linić,2022-12-08T18:20:19Z
320290,Strigljača,hr,Croatia,HR,,Croatian,Marino Linić,2022-12-08T18:20:45Z
1112094,Japanski komarac,hr,Croatia,HR,,Croatian,Marino Linić,2022-12-08T18:22:09Z
54763,Javor mliječ,hr,Croatia,HR,,Croatian,Marino Linić,2022-12-08T18:28:14Z
82598,Maklen,hr,Croatia,HR,,Croatian,Marino Linić,2022-12-08T18:29:08Z
56193,Javor klen,hr,Croatia,HR,,Croatian,Marino Linić,2022-12-08T18:30:50Z
82666,Lemprika,hr,Croatia,HR,,Croatian,Marino Linić,2022-12-08T18:32:45Z
133366,Rujevina,hr,Croatia,HR,,Croatian,Marino Linić,2022-12-08T18:33:13Z
126757,Višegodišnja resulja,hr,Croatia,HR,,Croatian,Marino Linić,2022-12-08T18:52:45Z
126757,Višegodišnji prosinac,hr,Croatia,HR,,Croatian,Marino Linić,2022-12-08T18:53:01Z
48623,Usnače,hr,Croatia,HR,,Croatian,Marino Linić,2022-12-08T18:57:04Z
49284,Usnače (ribe),hr,"","",,Croatian,Marino Linić,2022-12-08T18:57:58Z
54759,Lovor,hr,Croatia,HR,,Croatian,Marino Linić,2022-12-08T19:21:15Z
55576,Žuti lišaj,hr,Croatia,HR,,Croatian,Marino Linić,2022-12-08T19:21:56Z
205712,Mrežasta hrastova stjenica,hr,Croatia,HR,,Croatian,Marino Linić,2022-12-08T19:23:31Z
55727,Klobučić,hr,Croatia,HR,,Croatian,Marino Linić,2022-12-08T19:26:12Z
902039,Jadranska perunika,hr,Croatia,HR,,Croatian,Marino Linić,2022-12-08T19:27:04Z
59943,Sibirska perunika,hr,Croatia,HR,,Croatian,Marino Linić,2022-12-08T19:32:02Z
47780,Perunika,hr,Croatia,HR,,Croatian,Marino Linić,2022-12-08T19:32:30Z
346042,Dalmatinski šafran,hr,Croatia,HR,,Croatian,Marino Linić,2022-12-08T19:33:38Z
55563,Tratinčica,hr,Croatia,HR,,Croatian,Marino Linić,2022-12-08T19:35:08Z
53052,Komorač,hr,Croatia,HR,,Croatian,Marino Linić,2022-12-08T19:35:41Z
333723,Gronjasti kravljak,hr,Croatia,HR,,Croatian,Marino Linić,2022-12-08T19:36:12Z
82876,Širokolisna zelenika,hr,Croatia,HR,,Croatian,Marino Linić,2022-12-08T19:38:42Z
82876,Širokolisna komorika,hr,Croatia,HR,,Croatian,Marino Linić,2022-12-08T19:38:51Z
162161,Primorska štrcalica,hr,Croatia,HR,,Croatian,Marino Linić,2022-12-08T19:40:20Z
162161,Divlji krastavac,hr,Croatia,HR,,Croatian,Marino Linić,2022-12-08T19:40:32Z
121821,Osa lončarica,hr,Croatia,HR,,Croatian,Marino Linić,2022-12-08T19:41:54Z
153507,Podrumski pauk,hr,Croatia,HR,,Croatian,Marino Linić,2022-12-08T19:45:21Z
506586,Zidni podrumski pauk,hr,Croatia,HR,,Croatian,Marino Linić,2022-12-08T19:45:50Z
55459,Obuhvatna mrtva kopriva,hr,Croatia,HR,,Croatian,Marino Linić,2022-12-08T23:04:29Z
506308,Dvozub,hr,Croatia,HR,,Croatian,Marino Linić,2022-12-09T11:12:11Z
53294,Obični ostak,hr,Croatia,HR,,Croatian,Marino Linić,2022-12-09T11:15:39Z
53294,Kostriš,hr,Croatia,HR,,Croatian,Marino Linić,2022-12-09T11:15:48Z
53294,Zeljasti ostak,hr,Croatia,HR,,Croatian,Marino Linić,2022-12-09T11:16:12Z
493202,Rahlocvjetna gorska metvica,hr,Croatia,HR,,Croatian,Marino Linić,2022-12-09T14:36:17Z
165590,Kitnjasta presličica,hr,"","",https://www.inaturalist.org/taxon_names/1624279/edit,Croatian,,2022-12-09T18:41:40Z
765394,Crna bazga,hr,Croatia,HR,,Croatian,Marino Linić,2022-12-11T14:32:31Z
47561,Bor,hr,Croatia,HR,,Croatian,Marino Linić,2022-12-11T15:19:15Z
58722,Bijeli bor,hr,Croatia,HR,,Croatian,Marino Linić,2022-12-11T15:21:29Z
83992,Obična breza,hr,Croatia,HR,,Croatian,Marino Linić,2022-12-11T15:44:54Z
47544,Kupina,hr,Croatia,HR,,Croatian,Marino Linić,2022-12-11T16:08:27Z
53438,Ruža,hr,Croatia,HR,,Croatian,Marino Linić,2022-12-11T16:09:17Z
52990,Sitnoglavičasti stričak,hr,Croatia,HR,,Croatian,Marino Linić,2022-12-11T16:09:53Z
53095,Šapika,hr,Croatia,HR,,Croatian,Marino Linić,2022-12-11T16:10:52Z
130228,Gigantska šapika,hr,Croatia,HR,,Croatian,Marino Linić,2022-12-11T16:12:00Z
54051,Dimak,hr,Croatia,HR,,Croatian,Marino Linić,2022-12-11T16:12:49Z
58694,Haringača,hr,Croatia,HR,,Croatian,Marino Linić,2022-12-11T16:13:27Z
82774,Obični nosorožac,hr,Croatia,HR,,Croatian,Marino Linić,2022-12-11T16:14:25Z
154388,Lipin ljiljak,hr,Croatia,HR,,Croatian,Marino Linić,2022-12-11T16:16:55Z
47213,Ljiljci,hr,Croatia,HR,,Croatian,Marino Linić,2022-12-11T16:17:11Z
352462,Ljuskavi kuštravac,hr,Croatia,HR,,Croatian,Marino Linić,2022-12-11T16:20:56Z
56534,Vještičino srce,hr,Croatia,HR,,Croatian,Marino Linić,2022-12-11T16:32:20Z
64021,Otrovna zavodnica,hr,Croatia,HR,,Croatian,Marino Linić,2022-12-11T16:33:58Z
48222,Kromisti,hr,Croatia,HR,,Croatian,Marino Linić,2022-12-11T16:42:53Z
61524,"Kompleks ""Obična uholaža""",hr,Croatia,HR,,Croatian,Marino Linić,2022-12-13T01:53:42Z
76897,Jednogodišnja krasolika,hr,Croatia,HR,,Croatian,Marino Linić,2022-12-13T14:16:55Z
72270,Kruščica,hr,Croatia,HR,,Croatian,Marino Linić,2022-12-14T18:49:28Z
54762,Srebrnolisni javor,hr,Croatia,HR,,Croatian,Marino Linić,2022-12-14T18:50:51Z
47727,Javor,hr,Croatia,HR,,Croatian,Marino Linić,2022-12-14T18:51:18Z
56327,Antocerote,hr,Croatia,HR,,Croatian,Marino Linić,2022-12-14T18:54:09Z
311249,Mahovnjače,hr,Croatia,HR,,Croatian,Marino Linić,2022-12-14T18:54:47Z
311249,Mahovine,hr,Croatia,HR,,Croatian,Marino Linić,2022-12-14T18:54:58Z
311313,Parožine,hr,Croatia,HR,,Croatian,Marino Linić,2022-12-14T18:55:49Z
311313,Pršljenčice,hr,Croatia,HR,,Croatian,Marino Linić,2022-12-14T18:56:01Z
50863,Zelene alge,hr,Croatia,HR,,Croatian,Marino Linić,2022-12-14T18:56:26Z
311312,Glaukofite,hr,Croatia,HR,,Croatian,Marino Linić,2022-12-14T18:56:49Z
56539,Trstski štipavac,hr,Croatia,HR,,Croatian,Marino Linić,2022-12-14T19:06:15Z
84954,Zidna slezenica,hr,Croatia,HR,,Croatian,Marino Linić,2022-12-14T19:57:33Z
52821,Stolisnik,hr,Croatia,HR,,Croatian,Marino Linić,2022-12-14T19:59:51Z
50280,Lozica,hr,Croatia,HR,,Croatian,Marino Linić,2022-12-14T20:05:23Z
50280,Lozika,hr,Croatia,HR,,Croatian,Marino Linić,2022-12-14T20:05:32Z
51671,Obični krpelj,hr,Croatia,HR,,Croatian,Marino Linić,2022-12-14T20:21:15Z
51671,Šumski krpelj,hr,Croatia,HR,,Croatian,Marino Linić,2022-12-14T20:21:27Z
51672,Krpelji,hr,Croatia,HR,,Croatian,Marino Linić,2022-12-14T20:23:02Z
52788,Grinje,hr,Croatia,HR,,Croatian,Marino Linić,2022-12-14T20:23:42Z
172373,Lažištipavci,hr,Croatia,HR,,Croatian,Marino Linić,2022-12-14T20:24:49Z
172373,Lažni štipavci,hr,Croatia,HR,,Croatian,Marino Linić,2022-12-14T20:25:00Z
172373,Pseudoškorpioni,hr,Croatia,HR,,Croatian,Marino Linić,2022-12-14T20:25:13Z
48894,Škorpioni,hr,"","",,Croatian,Marino Linić,2022-12-14T20:27:34Z
55651,Sovica gama,hr,Croatia,HR,,Croatian,Marino Linić,2022-12-14T21:41:06Z
55734,Šiljati žednjak,hr,Croatia,HR,,Croatian,Marino Linić,2022-12-14T21:41:34Z
55734,Oštri žednjak,hr,Croatia,HR,,Croatian,Marino Linić,2022-12-14T21:41:43Z
129105,Obični jelenjak,hr,Croatia,HR,,Croatian,Marino Linić,2022-12-14T21:42:36Z
125655,Obični zujak,hr,Croatia,HR,,Croatian,Marino Linić,2022-12-14T21:43:50Z
125655,Balegaš,hr,Croatia,HR,,Croatian,Marino Linić,2022-12-14T21:44:07Z
63366,Mrižica,hr,Croatia,HR,,Croatian,Marino Linić,2022-12-14T21:45:02Z
334209,Plava mrižica,hr,Croatia,HR,,Croatian,Marino Linić,2022-12-14T21:46:42Z
47847,Kaparovke,hr,Croatia,HR,,Croatian,Marino Linić,2022-12-14T21:47:33Z
481182,Savitljiva mrižica,hr,Croatia,HR,,Croatian,Marino Linić,2022-12-14T21:47:59Z
43794,Kanadski dabar,hr,Croatia,HR,,Croatian,Marino Linić,2022-12-14T21:54:37Z
48032,Hridinski ježinac,hr,Croatia,HR,,Croatian,Marino Linić,2022-12-14T22:03:44Z
335872,Bijela metla,hr,Croatia,HR,,Croatian,Marino Linić,2022-12-15T03:52:52Z
127777,Obična osa,hr,Croatia,HR,,Croatian,Marino Linić,2022-12-15T03:54:02Z
52747,Ose,hr,Croatia,HR,,Croatian,Marino Linić,2022-12-15T03:54:56Z
84738,Prave ose,hr,Croatia,HR,,Croatian,Marino Linić,2022-12-15T03:55:08Z
363511,Mađarski mrazovac,hr,Croatia,HR,,Croatian,Marino Linić,2022-12-15T03:55:39Z
64318,Ružičasti bušin,hr,Croatia,HR,,Croatian,Marino Linić,2022-12-15T03:56:11Z
56292,Mlječika suncogled,hr,Croatia,HR,,Croatian,Marino Linić,2022-12-15T03:56:43Z
1150955,"Kompleks ""Gluhač""",hr,Croatia,HR,,Croatian,Marino Linić,2022-12-15T03:58:09Z
47574,Borovica,hr,Croatia,HR,,Croatian,Marino Linić,2022-12-15T03:58:35Z
47374,Čempresovke,hr,Croatia,HR,,Croatian,Marino Linić,2022-12-15T03:58:57Z
47375,Borolike,hr,Croatia,HR,,Croatian,Marino Linić,2022-12-15T03:59:29Z
75771,Djeteljnjak,hr,Croatia,HR,,Croatian,Marino Linić,2022-12-15T04:03:23Z
551866,Grmolika šmrika,hr,Croatia,HR,,Croatian,Marino Linić,2022-12-15T04:05:11Z
133994,Primorska šmrika,hr,Croatia,HR,,Croatian,Marino Linić,2022-12-15T04:05:49Z
118699,Glavoč zlatac,hr,Croatia,HR,,Croatian,Marino Linić,2022-12-15T04:24:29Z
101620,Glavoč blijedac,hr,Croatia,HR,,Croatian,Marino Linić,2022-12-15T04:26:46Z
101623,Kolombatovićev glavoč,hr,Croatia,HR,,Croatian,Marino Linić,2022-12-15T04:28:52Z
101625,Glavočić crnobok,hr,Croatia,HR,,Croatian,Marino Linić,2022-12-15T04:33:10Z
446060,Glavoč uvijeni,hr,Croatia,HR,,Croatian,Marino Linić,2022-12-15T04:33:30Z
118706,Glavoč mrkulj,hr,Croatia,HR,,Croatian,Marino Linić,2022-12-15T04:33:52Z
446061,Glavoč pješčani,hr,Croatia,HR,,Croatian,Marino Linić,2022-12-15T04:34:16Z
120637,Babica jelenka,hr,Croatia,HR,,Croatian,Marino Linić,2022-12-15T04:37:11Z
108410,Babica crnoboka,hr,Croatia,HR,,Croatian,Marino Linić,2022-12-15T04:38:07Z
96128,Glavočić mreškan,hr,Croatia,HR,,Croatian,Marino Linić,2022-12-15T04:42:00Z
55387,Štuka,hr,Croatia,HR,,Croatian,Marino Linić,2022-12-15T04:42:28Z
50972,Vladika arbanaška,hr,Croatia,HR,,Croatian,Marino Linić,2022-12-15T04:45:24Z
50972,Vladika,hr,Croatia,HR,,Croatian,Marino Linić,2022-12-15T04:45:39Z
50972,Vladika albanska,hr,Croatia,HR,,Croatian,Marino Linić,2022-12-15T04:45:50Z
118630,Škarpinica,hr,Croatia,HR,,Croatian,Marino Linić,2022-12-15T04:46:45Z
105789,Babica crnoglava,hr,Croatia,HR,,Croatian,Marino Linić,2022-12-15T04:49:42Z
105894,Glavočić crveni,hr,Croatia,HR,,Croatian,Marino Linić,2022-12-15T04:50:10Z
118617,Cipal plutaš,hr,Croatia,HR,,Croatian,Marino Linić,2022-12-15T04:50:34Z
118606,Priljepnjak veliki,hr,Croatia,HR,,Croatian,Marino Linić,2022-12-15T04:51:57Z
89391,Priljepnjaci,hr,Croatia,HR,,Croatian,Marino Linić,2022-12-15T04:52:49Z
338050,Glavočić kaljužar,hr,Croatia,HR,,Croatian,Marino Linić,2022-12-15T04:53:14Z
187674,Babica jadranska,hr,Croatia,HR,,Croatian,Marino Linić,2022-12-15T04:53:51Z
112118,Crvenperka,hr,Croatia,HR,,Croatian,Marino Linić,2022-12-15T04:54:54Z
118597,Iglica,hr,Croatia,HR,,Croatian,Marino Linić,2022-12-15T04:55:43Z
53911,Šaran,hr,Croatia,HR,,Croatian,Marino Linić,2022-12-15T04:56:22Z
49609,Šarani,hr,Croatia,HR,,Croatian,Marino Linić,2022-12-15T04:57:31Z
607661,Pravi šarani,hr,Croatia,HR,,Croatian,Marino Linić,2022-12-15T04:57:49Z
118637,Poklopac kosmati,hr,Croatia,HR,,Croatian,Marino Linić,2022-12-15T04:59:04Z
118637,Pokrivač,hr,Croatia,HR,,Croatian,Marino Linić,2022-12-15T04:59:17Z
118632,List hrapavac,hr,Croatia,HR,,Croatian,Marino Linić,2022-12-15T05:00:31Z
120662,Pastirica atlantska,hr,Croatia,HR,,Croatian,Marino Linić,2022-12-15T05:01:31Z
47266,Skušovke,hr,Croatia,HR,,Croatian,Marino Linić,2022-12-15T05:02:37Z
118633,List prugavac,hr,Croatia,HR,,Croatian,Marino Linić,2022-12-15T05:03:13Z
120605,Egipatski list,hr,Croatia,HR,,Croatian,Marino Linić,2022-12-15T05:04:35Z
96130,List piknjavac,hr,Croatia,HR,,Croatian,Marino Linić,2022-12-15T05:05:14Z
55397,Listovi,hr,Croatia,HR,,Croatian,Marino Linić,2022-12-15T05:05:59Z
1316508,Šestotočkasti list,hr,Croatia,HR,,Croatian,Marino Linić,2022-12-15T05:06:44Z
118634,List pečatar,hr,Croatia,HR,,Croatian,Marino Linić,2022-12-15T05:07:11Z
118635,List bradavkar,hr,Croatia,HR,,Croatian,Marino Linić,2022-12-15T05:08:00Z
116918,Žuti voljić,hr,Croatia,HR,,Croatian,Marino Linić,2022-12-15T05:13:04Z
7462,Dugokljuni puzavac,hr,Croatia,HR,,Croatian,Marino Linić,2022-12-15T05:13:38Z
12054,Sivi svračak,hr,Croatia,HR,,Croatian,Marino Linić,2022-12-15T05:14:30Z
13711,Šumska trepteljka,hr,Croatia,HR,,Croatian,Marino Linić,2022-12-15T05:14:53Z
14811,Brgljez kamenjar,hr,Croatia,HR,,Croatian,Marino Linić,2022-12-15T05:15:20Z
144830,Kukmasta sjenica,hr,Croatia,HR,,Croatian,Marino Linić,2022-12-15T05:16:10Z
13547,Sjenice,hr,Croatia,HR,,Croatian,Marino Linić,2022-12-15T05:16:59Z
4109,Gregula,hr,Croatia,HR,,Croatian,Marino Linić,2022-12-15T05:17:47Z
4892,Zlatar pijukavac,hr,Croatia,HR,,Croatian,Marino Linić,2022-12-15T05:18:47Z
7450,Kratkokljuni puzavac,hr,Croatia,HR,,Croatian,Marino Linić,2022-12-15T05:19:09Z
7448,Puzavci,hr,Croatia,HR,,Croatian,Marino Linić,2022-12-15T05:19:29Z
9193,Strnadica cikavica,hr,Croatia,HR,,Croatian,Marino Linić,2022-12-15T05:20:03Z
559249,Strnadice,hr,Croatia,HR,,Croatian,Marino Linić,2022-12-15T05:20:19Z
12707,Drozd bravenjak,hr,Croatia,HR,,Croatian,Marino Linić,2022-12-15T05:21:05Z
15977,Drozdovi,hr,Croatia,HR,,Croatian,Marino Linić,2022-12-15T05:21:22Z
15302,Siva grmuša,hr,Croatia,HR,,Croatian,Marino Linić,2022-12-15T05:22:08Z
62148,Bjelobrada čigra,hr,Croatia,HR,,Croatian,Marino Linić,2022-12-15T05:22:45Z
204533,Srebrnasti galeb,hr,Croatia,HR,,Croatian,Marino Linić,2022-12-15T05:23:52Z
145108,Ružičasti čvorak,hr,Croatia,HR,,Croatian,Marino Linić,2022-12-15T05:24:46Z
145108,Škvrlj kriješvar,hr,Croatia,HR,,Croatian,Marino Linić,2022-12-15T05:25:01Z
14841,Čvorci,hr,Croatia,HR,,Croatian,Marino Linić,2022-12-15T05:25:19Z
4356,Burni galeb,hr,Croatia,HR,,Croatian,Marino Linić,2022-12-15T05:25:44Z
4349,Sjeverni galeb,hr,Croatia,HR,,Croatian,Marino Linić,2022-12-15T05:27:08Z
9639,Rumenka,hr,Croatia,HR,,Croatian,Marino Linić,2022-12-15T05:27:44Z
10069,Sjeverna zeba,hr,Croatia,HR,,Croatian,Marino Linić,2022-12-15T05:28:18Z
10069,Planinska zeba,hr,Croatia,HR,,Croatian,Marino Linić,2022-12-15T05:28:32Z
9079,Zebe,hr,Croatia,HR,,Croatian,Marino Linić,2022-12-15T05:28:53Z
144221,Crna patka,hr,Croatia,HR,,Croatian,Marino Linić,2022-12-15T05:29:24Z
118636,Romb,hr,Croatia,HR,,Croatian,Marino Linić,2022-12-15T05:31:07Z
118636,Rumbač ljuskaš,hr,Croatia,HR,,Croatian,Marino Linić,2022-12-15T05:31:21Z
117055,Brezov zviždak,hr,Croatia,HR,,Croatian,Marino Linić,2022-12-15T05:35:17Z
144517,Crnoglavi galeb,hr,Croatia,HR,,Croatian,Marino Linić,2022-12-15T05:35:49Z
144788,Hridna lastavica,hr,Croatia,HR,,Croatian,Marino Linić,2022-12-15T05:36:09Z
11853,Lastavice,hr,Croatia,HR,,Croatian,Marino Linić,2022-12-15T05:36:25Z
3863,Krivokljuni žalar,hr,Croatia,HR,,Croatian,Marino Linić,2022-12-15T05:37:07Z
4512,Crna čigra,hr,Croatia,HR,,Croatian,Marino Linić,2022-12-15T05:37:39Z
4889,Troprsti zlatar,hr,Croatia,HR,,Croatian,Marino Linić,2022-12-15T05:38:19Z
4783,Kulici,hr,Croatia,HR,,Croatian,Marino Linić,2022-12-15T05:38:36Z
4672,Mali sokol,hr,Croatia,HR,,Croatian,Marino Linić,2022-12-15T05:39:26Z
10411,Krstokljun,hr,Croatia,HR,,Croatian,Marino Linić,2022-12-15T05:39:59Z
144529,Mala čigra,hr,Croatia,HR,,Croatian,Marino Linić,2022-12-15T05:43:44Z
3882,Mrka prutka,hr,Croatia,HR,,Croatian,Marino Linić,2022-12-15T05:47:51Z
3901,Prugasti pozviždač,hr,Croatia,HR,,Croatian,Marino Linić,2022-12-15T05:48:18Z
3947,Crnorepa muljača,hr,Croatia,HR,,Croatian,Marino Linić,2022-12-15T05:49:22Z
9201,Močvarna strnadica,hr,Croatia,HR,,Croatian,Marino Linić,2022-12-15T05:50:02Z
13133,Bjelovrata muharica,hr,Croatia,HR,,Croatian,Marino Linić,2022-12-15T05:50:26Z
12704,Muharice,hr,Croatia,HR,,Croatian,Marino Linić,2022-12-15T05:50:45Z
12825,Primorska bjeloguza,hr,Croatia,HR,,Croatian,Marino Linić,2022-12-15T05:52:19Z
1286971,Crno-bijela Bjeloguza,hr,Croatia,HR,,Croatian,Marino Linić,2022-12-15T05:53:53Z
116940,Veliki cvrčić,hr,Croatia,HR,,Croatian,Marino Linić,2022-12-15T05:55:46Z
509656,Veliki zovoj,hr,Croatia,HR,,Croatian,Marino Linić,2022-12-15T05:56:43Z
509656,Kaukal,hr,Croatia,HR,,Croatian,Marino Linić,2022-12-15T05:56:51Z
558439,Patka kreketaljka,hr,Croatia,HR,,Croatian,Marino Linić,2022-12-15T05:57:14Z
178,Riđa štijoka,hr,Croatia,HR,,Croatian,Marino Linić,2022-12-15T05:58:17Z
804,Prepelica,hr,Croatia,HR,,Croatian,Marino Linić,2022-12-15T05:59:28Z
3837,Sijedi žalar,hr,Croatia,HR,,Croatian,Marino Linić,2022-12-15T06:00:10Z
4224,Riđovrati gnjurac,hr,Croatia,HR,,Croatian,Marino Linić,2022-12-15T06:00:45Z
4843,Oštrigar,hr,Croatia,HR,,Croatian,Marino Linić,2022-12-15T06:01:44Z
4923,Ćukavica,hr,Croatia,HR,,Croatian,Marino Linić,2022-12-15T06:02:50Z
5033,Bukavac nebogled,hr,Croatia,HR,,Croatian,Marino Linić,2022-12-15T06:03:13Z
4209,Ušati gnjurac,hr,Croatia,HR,,Croatian,Marino Linić,2022-12-15T06:03:54Z
4333,Dalmatinski pelikan,hr,Croatia,HR,,Croatian,Marino Linić,2022-12-15T06:04:15Z
13676,Sjenica mošnjarka,hr,Croatia,HR,,Croatian,Marino Linić,2022-12-15T06:07:47Z
116802,Trstenjak mlakar,hr,Croatia,HR,,Croatian,Marino Linić,2022-12-15T06:08:04Z
144537,Velika čigra,hr,Croatia,HR,,Croatian,Marino Linić,2022-12-15T06:08:22Z
144808,Mrka sjenica,hr,Croatia,HR,,Croatian,Marino Linić,2022-12-15T06:08:46Z
513926,Kokošica,hr,Croatia,HR,,Croatian,Marino Linić,2022-12-15T06:09:06Z
578093,Kratkoprsta ševa,hr,Croatia,HR,,Croatian,Marino Linić,2022-12-15T06:09:36Z
850858,Patka kulašica,hr,Croatia,HR,,Croatian,Marino Linić,2022-12-15T06:10:04Z
1289488,Pjegava grmuša,hr,Croatia,HR,,Croatian,Marino Linić,2022-12-15T06:10:33Z
13721,Rusovrata trepteljka,hr,Croatia,HR,,Croatian,Marino Linić,2022-12-15T06:11:16Z
12749,Mali drozd,hr,Croatia,HR,,Croatian,Marino Linić,2022-12-15T06:12:13Z
17867,Sirijski djetlić,hr,Croatia,HR,,Croatian,Marino Linić,2022-12-15T06:13:02Z
116799,Crnoprugasti trstenjak,hr,Croatia,HR,,Croatian,Marino Linić,2022-12-15T06:13:39Z
117028,Azijski zviždak,hr,Croatia,HR,,Croatian,Marino Linić,2022-12-15T06:15:24Z
61381,Azijska riža,hr,Croatia,HR,,Croatian,Marino Linić,2022-12-15T06:22:37Z
468973,Žuti šumski žohar,hr,Croatia,HR,,Croatian,Marino Linić,2022-12-15T06:24:10Z
49662,Američka platana,hr,Croatia,HR,,Croatian,Marino Linić,2022-12-15T06:30:12Z
49664,Platana,hr,"","",,Croatian,Marino Linić,2022-12-15T06:30:27Z
73887,Kukuruzna zmija,hr,Croatia,HR,,Croatian,Marino Linić,2022-12-15T08:35:59Z
1280,Virdžinijska prepelica,hr,Croatia,HR,,Croatian,Marino Linić,2022-12-15T21:03:29Z
1280,Kolinka,hr,Croatia,HR,,Croatian,Marino Linić,2022-12-15T21:03:38Z
3753,Ćelavi ibis,hr,Croatia,HR,,Croatian,Marino Linić,2022-12-15T21:06:17Z
4481,Dugorepi pomornik,hr,Croatia,HR,,Croatian,Marino Linić,2022-12-15T21:09:20Z
4604,Zijavac čičavac,hr,Croatia,HR,,Croatian,Marino Linić,2022-12-15T21:10:52Z
53713,Žuti kruh,hr,Croatia,HR,,Croatian,Marino Linić,2022-12-15T21:14:01Z
112393,Kuka,hr,Croatia,HR,,Croatian,Marino Linić,2022-12-15T23:48:30Z
53168,Ružičasti cecelj,hr,Croatia,HR,,Croatian,Marino Linić,2022-12-17T06:04:57Z
555653,Dugorepi ljuskokrili konjic,hr,Croatia,HR,,Croatian,Marino Linić,2022-12-17T06:07:16Z
147950,Konjic bradavičar,hr,Croatia,HR,,Croatian,Marino Linić,2022-12-17T06:07:56Z
764247,Dinarski žarki skakavac,hr,Croatia,HR,,Croatian,Marino Linić,2022-12-17T06:11:02Z
122700,Žarki skakavci,hr,Croatia,HR,,Croatian,Marino Linić,2022-12-17T06:11:52Z
340425,Mali zlatni skakavac,hr,Croatia,HR,,Croatian,Marino Linić,2022-12-17T06:12:13Z
141737,Listokrili konjic srponoša,hr,Croatia,HR,,Croatian,Marino Linić,2022-12-17T06:13:05Z
53076,Mekana iglica,hr,Croatia,HR,,Croatian,Marino Linić,2022-12-17T06:14:07Z
58776,Oštrodlakavi šćir,hr,Croatia,HR,,Croatian,Marino Linić,2022-12-17T06:14:43Z
79025,Bijeli žednjak,hr,Croatia,HR,,Croatian,Marino Linić,2022-12-17T06:15:14Z
128032,Dudovac,hr,Croatia,HR,,Croatian,Marino Linić,2022-12-17T06:15:44Z
77261,Mekana iglica,hr,Croatia,HR,,Croatian,Marino Linić,2022-12-17T07:19:16Z
503367,Divlji pelin,hr,Croatia,HR,,Croatian,Marino Linić,2022-12-17T07:20:03Z
55607,Nejednakozubi staračac,hr,Croatia,HR,,Croatian,Marino Linić,2022-12-17T07:21:12Z
161116,Dvogodišnji dimak,hr,Croatia,HR,,Croatian,Marino Linić,2022-12-17T07:21:57Z
57057,Lucerna,hr,Croatia,HR,,Croatian,Marino Linić,2022-12-22T22:13:58Z
123790,Mahovina potočara,hr,Croatia,HR,,Croatian,Marino Linić,2022-12-25T00:25:50Z
67333,Bakterije,hr,Croatia,HR,,Croatian,Marino Linić,2022-12-25T00:29:32Z
47170,Gljive,hr,Croatia,HR,,Croatian,Marino Linić,2022-12-25T00:31:56Z
151817,Arheje,hr,Croatia,HR,,Croatian,Marino Linić,2022-12-25T00:32:17Z
485176,Američka zviždara,hr,Croatia,HR,,Croatian,Marino Linić,2022-12-26T10:50:45Z
7192,Bijeli ronac,hr,Croatia,HR,,Croatian,Marino Linić,2022-12-26T10:52:44Z
1289479,Istočna velika grmuša,hr,Croatia,HR,,Croatian,Marino Linić,2022-12-26T10:54:02Z
3931,Šljuka,hr,Croatia,HR,,Croatian,Marino Linić,2022-12-26T10:54:32Z
9192,Crnovrata strnadica,hr,Croatia,HR,,Croatian,Marino Linić,2022-12-26T10:58:11Z
466041,Planinski pjegavac,hr,Croatia,HR,,Croatian,Marino Linić,2022-12-31T13:17:50Z
105989,Dalmatinska kartuzijanka,hr,Croatia,HR,,Croatian,Marino Linić,2022-12-31T13:23:14Z
90013,Kartuzijanke,hr,Croatia,HR,,Croatian,Marino Linić,2022-12-31T13:23:36Z
105968,Velika kartuzijanka,hr,Croatia,HR,,Croatian,Marino Linić,2022-12-31T13:24:32Z
5242,Orao zmijar,hr,Croatia,HR,,Croatian,Marino Linić,2022-12-31T13:26:15Z
4205,Crnovrati gnjurac,hr,Croatia,HR,,Croatian,Marino Linić,2022-12-31T13:28:25Z
793469,Zlatoglavi kraljić,hr,Croatia,HR,,Croatian,Marino Linić,2022-12-31T13:29:24Z
47124,Dvosupnice,hr,Croatia,HR,,Croatian,Marino Linić,2022-12-31T13:36:51Z
47125,Cvjetnice,hr,Croatia,HR,,Croatian,Marino Linić,2022-12-31T13:40:04Z
47125,Cvjetajuće biljke,hr,Croatia,HR,,Croatian,Marino Linić,2022-12-31T13:40:18Z
47125,Angiosperme,hr,Croatia,HR,,Croatian,Marino Linić,2022-12-31T13:40:39Z
47125,Cvjetnjače,hr,Croatia,HR,,Croatian,Marino Linić,2022-12-31T13:40:52Z
47125,Kritosjemenjače,hr,Croatia,HR,,Croatian,Marino Linić,2022-12-31T13:41:11Z
47163,Jednosupnice,hr,Croatia,HR,,Croatian,Marino Linić,2022-12-31T13:44:16Z
35713,Jabučka krška gušterica,hr,Croatia,HR,,Croatian,Marino Linić,2022-12-31T13:47:17Z
521778,Jabučka zečina,hr,Croatia,HR,,Croatian,Marino Linić,2022-12-31T13:49:44Z
521775,Žljezdasta zečina,hr,Croatia,HR,,Croatian,Marino Linić,2022-12-31T13:50:32Z
347520,Zimski medeni mrav,hr,Croatia,HR,,Croatian,Marino Linić,2022-12-31T14:27:29Z
461120,Crvena stjenica ubojica,hr,Croatia,HR,,Croatian,Marino Linić,2022-12-31T14:43:42Z
324556,Mrkač,hr,Croatia,HR,,Croatian,Marino Linić,2022-12-31T15:25:49Z
49075,Crvena bugarkinja,hr,Croatia,HR,,Croatian,Marino Linić,2023-01-01T06:52:43Z
342288,Bodečnjak mali,hr,Croatia,HR,,Croatian,Marino Linić,2023-01-02T23:08:08Z
119248,Četverotočkasti mravolovac,hr,Croatia,HR,,Croatian,Marino Linić,2023-01-05T16:04:46Z
358384,Veliki mravolovac,hr,Croatia,HR,,Croatian,Marino Linić,2023-01-05T16:08:31Z
132490,Morska naranča,hr,Croatia,HR,,Croatian,Marino Linić,2023-01-05T18:35:25Z
82689,Maginja,hr,Croatia,HR,,Croatian,Marino Linić,2023-01-05T18:51:26Z
109062,Grgeč,hr,Croatia,HR,,Croatian,Marino Linić,2023-01-05T21:22:55Z
164131,Blijeda perunika,hr,Croatia,HR,,Croatian,Marino Linić,2023-01-12T23:48:54Z
482838,Gomoljasta perunika,hr,Croatia,HR,,Croatian,Marino Linić,2023-01-12T23:50:49Z
709635,Obična perunika,hr,Croatia,HR,,Croatian,Marino Linić,2023-01-12T23:51:44Z
164137,Mađarska perunika,hr,Croatia,HR,,Croatian,Marino Linić,2023-01-12T23:54:03Z
363864,Narančasta korasta spužva,hr,Croatia,HR,,Croatian,Marino Linić,2023-01-12T23:59:16Z
359065,Bijeli cjevaš,hr,Croatia,HR,,Croatian,Marino Linić,2023-01-13T00:00:24Z
338014,Paunasti cjevaš,hr,Croatia,HR,,Croatian,Marino Linić,2023-01-13T00:00:58Z
338012,Kožasti perjaničar,hr,Croatia,HR,,Croatian,Marino Linić,2023-01-13T00:01:34Z
114771,Obična lisanka,hr,Croatia,HR,,Croatian,Marino Linić,2023-01-13T00:02:43Z
51903,Lisanke,hr,Croatia,HR,,Croatian,Marino Linić,2023-01-13T00:03:22Z
342104,Bubrežasta spužva,hr,Croatia,HR,,Croatian,Marino Linić,2023-01-13T00:05:55Z
49520,Vatreni crv,hr,Croatia,HR,,Croatian,Marino Linić,2023-01-13T00:06:28Z
154577,Purpurna zvjezdača,hr,Croatia,HR,,Croatian,Marino Linić,2023-01-13T00:07:03Z
210121,Morska zvjezdica,hr,Croatia,HR,,Croatian,Marino Linić,2023-01-13T00:07:49Z
47518,Potočna pastrva,hr,Croatia,HR,,Croatian,Marino Linić,2023-01-13T00:12:16Z
187675,Babica dalmatinska,hr,Croatia,HR,,Croatian,Marino Linić,2023-01-13T00:13:47Z
1787,Afrička kukavica,hr,Croatia,HR,,Croatian,Marino Linić,2023-01-13T00:26:48Z
871742,izbrazdana kupina,hr,"","",,Croatian,Johan Devos,2023-01-27T16:46:48Z
78895,seoska kupina,hr,"","",,Croatian,Johan Devos,2023-01-28T11:02:59Z
55721,Napuhnuta pušina,hr,Croatia,HR,,Croatian,Marino Linić,2023-01-29T05:52:35Z
52195,Pušina,hr,Croatia,HR,,Croatian,Marino Linić,2023-01-29T05:52:52Z
1445652,Četveroredni četinaš,hr,"","",https://www.inaturalist.org/taxon_names/3003554/edit,Croatian,,2023-01-30T20:14:39Z
1445691,Šećerni četinaš,hr,"","",https://www.inaturalist.org/taxon_names/3001527/edit,Croatian,,2023-01-30T21:51:46Z
1445691,Srebrna ribica,hr,"","",https://www.inaturalist.org/taxon_names/3001529/edit,Croatian,,2023-01-30T21:51:46Z
152871,Kitovi,hr,Croatia,HR,,Croatian,Marino Linić,2023-02-05T17:50:30Z
4857,Vivak pozviždač,hr,Croatia,HR,,Croatian,Marino Linić,2023-02-05T22:24:20Z
4853,Vivci,hr,Croatia,HR,,Croatian,Marino Linić,2023-02-05T22:24:34Z
326332,Tvrda zvjezdača,hr,Croatia,HR,,Croatian,Marino Linić,2023-02-07T15:02:29Z
326330,Narančasta križalina,hr,Croatia,HR,,Croatian,Marino Linić,2023-02-07T15:03:56Z
326330,Narančasta zvjezdača,hr,Croatia,HR,,Croatian,Marino Linić,2023-02-07T15:04:26Z
326331,Vitka križalina,hr,Croatia,HR,,Croatian,Marino Linić,2023-02-07T15:06:37Z
326331,Vitka zvjezdača,hr,Croatia,HR,,Croatian,Marino Linić,2023-02-07T15:06:56Z
504380,Širokobodljasta križalina,hr,Croatia,HR,,Croatian,Marino Linić,2023-02-07T15:09:18Z
504380,Širokobodljasta zvjezdača,hr,Croatia,HR,,Croatian,Marino Linić,2023-02-07T15:09:32Z
326328,Pločasta zvjezdača,hr,Croatia,HR,,Croatian,Marino Linić,2023-02-07T15:15:17Z
797954,Trnovita križalina,hr,Croatia,HR,,Croatian,Marino Linić,2023-02-07T15:16:18Z
797954,Trnovita zvjezdača,hr,Croatia,HR,,Croatian,Marino Linić,2023-02-07T15:16:32Z
560695,Peterokutna zvjezdača,hr,Croatia,HR,,Croatian,Marino Linić,2023-02-07T15:18:39Z
367968,List nosan,hr,Croatia,HR,,Croatian,Marino Linić,2023-02-07T15:31:21Z
635878,Kanoća,hr,Croatia,HR,,Croatian,Marino Linić,2023-02-08T06:59:34Z
523007,Mramorni kožokrili konjic,hr,Croatia,HR,,Croatian,Marino Linić,2023-02-11T02:18:50Z
55360,Kožokrili konjici,hr,Croatia,HR,,Croatian,Marino Linić,2023-02-11T02:22:23Z
332407,Gorski kožokrili konjic,hr,Croatia,HR,,Croatian,Marino Linić,2023-02-11T02:23:15Z
448030,Bjelorubi kožokrili konjic,hr,Croatia,HR,,Croatian,Marino Linić,2023-02-11T02:24:20Z
464097,Zelenotrbi kožokrili konjic,hr,Croatia,HR,,Croatian,Marino Linić,2023-02-11T02:25:23Z
768445,Kožokrili konjic Frivaldszkoga,hr,Croatia,HR,,Croatian,Marino Linić,2023-02-11T02:26:22Z
325324,Šikarski konjici,hr,Croatia,HR,,Croatian,Marino Linić,2023-02-11T02:28:12Z
513856,Dvogrbi šikarski konjic,hr,Croatia,HR,,Croatian,Marino Linić,2023-02-11T02:30:35Z
325322,Jednogrbi šikarski konjic,hr,Croatia,HR,,Croatian,Marino Linić,2023-02-11T02:31:05Z
469804,Istarski šikarski konjic,hr,Croatia,HR,,Croatian,Marino Linić,2023-02-11T02:31:42Z
338001,Žuta korasta moruzgva,hr,Croatia,HR,,Croatian,Marino Linić,2023-02-11T02:37:05Z
1117155,Žutolovkaš,hr,Croatia,HR,,Croatian,Marino Linić,2023-02-11T02:37:37Z
358841,Zlatna moruzgva,hr,Croatia,HR,,Croatian,Marino Linić,2023-02-11T02:39:15Z
326334,Dlakava zmijača,hr,Croatia,HR,,Croatian,Marino Linić,2023-02-11T02:40:33Z
479804,Crvena ručica,hr,Croatia,HR,,Croatian,Marino Linić,2023-02-11T02:43:33Z
342248,Smokvasta spužva,hr,Croatia,HR,,Croatian,Marino Linić,2023-02-11T02:45:11Z
154578,Velika zmijača,hr,Croatia,HR,,Croatian,Marino Linić,2023-02-11T02:46:04Z
338046,Morska jagoda,hr,Croatia,HR,,Croatian,Marino Linić,2023-02-11T02:46:53Z
326322,Sredozemna dlakavica,hr,Croatia,HR,,Croatian,Marino Linić,2023-02-11T02:47:39Z
3911,Mala šljuka,hr,Croatia,HR,,Croatian,Marino Linić,2023-02-11T03:07:05Z
3881,Dugonoga prutka,hr,Croatia,HR,,Croatian,Marino Linić,2023-02-11T03:07:30Z
3835,Prutke,hr,Croatia,HR,,Croatian,Marino Linić,2023-02-11T03:09:27Z
210513,Oštrolisna šparoga,hr,Croatia,HR,,Croatian,Marino Linić,2023-02-11T04:44:55Z
56228,Alpinska strizibuba,hr,Croatia,HR,,Croatian,Marino Linić,2023-02-11T04:46:43Z
125494,Obični mrki plavac,hr,Croatia,HR,,Croatian,Marino Linić,2023-02-11T04:48:45Z
633980,Trnoviti ušac,hr,Croatia,HR,,Croatian,Marino Linić,2023-02-11T04:55:33Z
30899,Križasta riđovka,hr,Croatia,HR,,Croatian,Marino Linić,2023-02-11T20:22:40Z
1365992,Gorska riđovka,hr,Croatia,HR,,Croatian,Marino Linić,2023-02-11T20:24:42Z
30667,Ljutice,hr,Croatia,HR,,Croatian,Marino Linić,2023-02-11T20:25:19Z
118722,Crvena bradavičarka,hr,Croatia,HR,,Croatian,Marino Linić,2023-02-11T23:24:46Z
97761,Glavoč plošac,hr,Croatia,HR,,Croatian,Marino Linić,2023-02-16T22:24:10Z
53373,Lijeska,hr,Croatia,HR,,Croatian,Marino Linić,2023-02-18T21:47:54Z
49155,Brezovke,hr,Croatia,HR,,Croatian,Marino Linić,2023-02-18T21:48:58Z
47853,Bukvolike,hr,Croatia,HR,,Croatian,Marino Linić,2023-02-18T21:49:38Z
47852,Bukovke,hr,Croatia,HR,,Croatian,Marino Linić,2023-02-18T21:50:56Z
49203,Bukva,hr,Croatia,HR,,Croatian,Marino Linić,2023-02-18T21:51:37Z
70248,Južna bukva,hr,Croatia,HR,,Croatian,Marino Linić,2023-02-18T21:53:03Z
49035,Voskovke,hr,Croatia,HR,,Croatian,Marino Linić,2023-02-18T21:53:29Z
54497,Orahovke,hr,Croatia,HR,,Croatian,Marino Linić,2023-02-18T21:53:54Z
54495,Orah,hr,Croatia,HR,,Croatian,Marino Linić,2023-02-18T21:54:24Z
54504,Crni orah,hr,Croatia,HR,,Croatian,Marino Linić,2023-02-18T21:55:08Z
62890,Presličnjakovke,hr,Croatia,HR,,Croatian,Marino Linić,2023-02-18T21:55:52Z
48700,Celerolike,hr,Croatia,HR,,Croatian,Marino Linić,2023-02-18T23:31:45Z
497733,Brijestova osa listarica,hr,"","",,Croatian,Cyan Fox,2023-02-19T02:08:35Z
482799,Crnocrveni kukurijek,hr,"","",https://www.inaturalist.org/taxon_names/2526837/edit,Croatian,,2023-02-21T05:53:53Z
1273318,Zelena krastača,hr,"","",https://www.inaturalist.org/taxon_names/2583206/edit,Croatian,,2023-02-24T17:23:08Z
71283,Batora,hr,"","",,Croatian,John E. Christensen,2023-02-27T15:27:25Z
20524,Nojevi,hr,"","",,Croatian,Johan Devos,2023-02-28T21:47:21Z
20526,Noj,hr,"","",,Croatian,Johan Devos,2023-02-28T22:32:11Z
69989,Bodorka,hr,Croatia,HR,,Croatian,Marino Linić,2023-03-04T13:08:06Z
424997,Babuška,hr,Croatia,HR,,Croatian,Marino Linić,2023-03-04T13:10:25Z
112860,Papigača,hr,Croatia,HR,,Croatian,Marino Linić,2023-03-04T13:11:03Z
92984,Deverika,hr,Croatia,HR,,Croatian,Marino Linić,2023-03-04T13:11:36Z
20445,Kukuvija,hr,Croatia,HR,,Croatian,Marino Linić,2023-03-04T13:14:36Z
204496,Crna vrana,hr,Croatia,HR,,Croatian,Marino Linić,2023-03-04T13:15:36Z
3033,Golub dupljaš,hr,Croatia,HR,,Croatian,Marino Linić,2023-03-04T13:16:30Z
1449268,Kupina,hr,"","",https://www.inaturalist.org/taxon_names/1768022/edit,Croatian,Tony Wills,2023-03-07T11:39:23Z
1449268,Crna kupina,hr,"","",https://www.inaturalist.org/taxon_names/1768024/edit,Croatian,Tony Wills,2023-03-07T11:39:24Z
1449268,Kupinjača,hr,"","",https://www.inaturalist.org/taxon_names/1768029/edit,Croatian,Tony Wills,2023-03-07T11:39:24Z
1449268,Crna jagoda,hr,"","",https://www.inaturalist.org/taxon_names/1768027/edit,Croatian,Tony Wills,2023-03-07T11:39:25Z
1449268,Kupinjaš,hr,"","",https://www.inaturalist.org/taxon_names/1768030/edit,Croatian,Tony Wills,2023-03-07T11:39:25Z
1453013,Zelena krastača,hr,Croatia,HR,,Croatian,Marino Linić,2023-03-13T14:39:14Z
120113,Šareni kornjaš,hr,"","",,Croatian,werath,2023-04-06T10:43:25Z
47602,Ljekoviti maslačak,hr,Croatia,HR,,Croatian,Marino Linić,2023-04-08T18:05:38Z
47731,Krijesnice,hr,Croatia,HR,,Croatian,Marino Linić,2023-04-18T15:25:22Z
130088,Priljepak,hr,Croatia,HR,,Croatian,Marino Linić,2023-04-18T15:51:49Z
57805,Ružičasti cecelj,hr,Croatia,HR,,Croatian,Marino Linić,2023-04-22T12:18:50Z
49530,Grbice,hr,"","",,Croatian,John E. Christensen,2023-05-07T11:27:38Z
50151,Primog,hr,"","",,Croatian,John E. Christensen,2023-05-11T15:23:30Z
70071,Mlječikin ljiljak,hr,"","",,Croatian,Vladimir Tkalčić,2023-06-05T15:14:00Z
213519,Morski vuk,hr,"","",,Croatian,Vladimir Tkalčić,2023-06-05T16:04:24Z
63740,Bakalar,hr,"","",,Croatian,Vladimir Tkalčić,2023-06-05T18:14:27Z
62208,Crvenolapa pupoljka,hr,"","",,Croatian,Vladimir Tkalčić,2023-06-23T19:08:55Z
120549,Srebrenka,hr,"","",,Croatian,Vladimir Tkalčić,2023-06-25T09:46:48Z
6916,Žutokljuni labud,hr,"","",,Croatian,Vladimir Tkalčić,2023-06-25T18:57:35Z
1477357,Volujsko oko,hr,"","",https://www.inaturalist.org/taxon_names/2450499/edit,Croatian,,2023-06-30T03:05:08Z
1477722,Krška sedlarka,hr,"","",https://www.inaturalist.org/taxon_names/3015770/edit,Croatian,,2023-07-02T09:39:41Z
1477722,Crvenoglava sedlarka,hr,"","",https://www.inaturalist.org/taxon_names/3015771/edit,Croatian,,2023-07-02T09:39:41Z
476193,Osjavi zvinčac,hr,"","",,Croatian,Dario Taraborelli,2023-07-30T12:42:01Z
62009,Bijeli lopoč,hr,"","",,Croatian,Vladimir Tkalčić,2023-07-30T13:58:43Z
200930,Modri kestenotočac,hr,Croatia,HR,,Croatian,Marino Linić,2023-08-29T00:01:38Z
458944,Roeselov livadni konjic,hr,Croatia,HR,,Croatian,Marino Linić,2023-08-29T00:04:22Z
465461,Veliki zlatni skakavac,hr,Croatia,HR,,Croatian,Marino Linić,2023-08-29T00:05:15Z
57457,Močvarni čistac,hr,"","",,Croatian,Vladimir Tkalčić,2023-08-30T14:29:19Z
51875,Crvena djetelina,hr,"","",,Croatian,Vladimir Tkalčić,2023-09-01T04:01:20Z
135394,Indijski pukalj,hr,"","",,Croatian,Vladimir Tkalčić,2023-09-01T04:37:23Z
1320685,Britanski oman,hr,"","",,Croatian,Vladimir Tkalčić,2023-09-04T05:42:14Z
1494783,Orada,hr,"","",https://www.inaturalist.org/taxon_names/506456/edit,Croatian,,2023-09-09T00:45:33Z
64694,Ruska maslina,hr,"","",,Croatian,Vladimir Tkalčić,2023-09-09T05:05:05Z
55729,Gomoljasta kukavičica,hr,"","",,Croatian,Vladimir Tkalčić,2023-09-09T08:43:18Z
56228,Alpska strizibuba,hr,"","",,Croatian,ivan_humljani,2023-09-09T09:20:58Z
64694,Uskolisna zlolesina,hr,"","",,Croatian,Vladimir Tkalčić,2023-09-09T13:33:50Z
165024,Šibasta vrbica,hr,"","",,Croatian,Vladimir Tkalčić,2023-09-09T14:47:10Z
93704,Cepa,hr,"","","Philips TK, Moretto P (2025) Revision of the genus _Pseudopedaria_ Felsche, 1904, with descriptions of three new species and a subspecies from Central Africa (Coleoptera: Scarabaeinae: Coprini). Catharsius La Revue (N.S.) 5: 1–26. doi:10.5281/zenodo.17036002.",Croatian,,2023-09-09T23:54:15Z
93700,Cepa,hr,"","","Philips TK, Moretto P (2025) Revision of the genus _Pseudopedaria_ Felsche, 1904, with descriptions of three new species and a subspecies from Central Africa (Coleoptera: Scarabaeinae: Coprini). Catharsius La Revue (N.S.) 5: 1–26. doi:10.5281/zenodo.17036002.",Croatian,,2023-09-09T23:54:16Z
49229,Cepa,hr,"","","Philips TK, Moretto P (2025) Revision of the genus _Pseudopedaria_ Felsche, 1904, with descriptions of three new species and a subspecies from Central Africa (Coleoptera: Scarabaeinae: Coprini). Catharsius La Revue (N.S.) 5: 1–26. doi:10.5281/zenodo.17036002.",Croatian,,2023-09-09T23:54:16Z
55729,Gomoljasta graholika,hr,"","",,Croatian,Vladimir Tkalčić,2023-09-10T04:19:01Z
1500700,Sipica iglata,hr,"","",https://www.inaturalist.org/taxon_names/3168783/edit,Croatian,,2023-10-05T04:59:04Z
1500721,Sipica rumenka,hr,"","",https://www.inaturalist.org/taxon_names/3168781/edit,Croatian,,2023-10-05T04:59:33Z
333813,Platanina mrežasta stjenica,hr,Croatia,HR,,Croatian,Marino Linić,2023-10-06T04:04:07Z
62652,Klasasta metvica,hr,"","",,Croatian,Vladimir Tkalčić,2023-10-09T17:15:06Z
1089969,Veliki orijentalni tular,hr,Croatia,HR,,Croatian,Marino Linić,2023-10-12T18:58:25Z
113503,Crni strijelac,hr,Croatia,HR,,Croatian,Marino Linić,2023-10-12T19:02:45Z
62164,Tulari,hr,Croatia,HR,,Croatian,Marino Linić,2023-10-12T19:07:51Z
1013026,Božičevićev filtrator,hr,Croatia,HR,,Croatian,Marino Linić,2023-10-12T19:13:18Z
75633,Livadni kozlinac,hr,"","",,Croatian,Vladimir Tkalčić,2023-10-13T20:05:47Z
120226,Crvena pirana,hr,"","",,Croatian,Vladimir Tkalčić,2023-10-21T05:25:20Z
1504192,Smilje,hr,"","",,Croatian,Duarte Frade,2023-10-22T07:38:00Z
1504192,Primorsko smilje,hr,"","",,Croatian,Duarte Frade,2023-10-22T07:44:53Z
72516,Bijela čiopa,hr,"","",https://www.inaturalist.org/taxon_names/3162416/edit,Croatian,Raúl MT,2023-10-29T11:53:41Z
1505620,Morski kulik,hr,"","",https://www.inaturalist.org/taxon_names/3181300/edit,Croatian,Sean Cozart,2023-10-30T12:35:00Z
1269296,afganistanski vrabac,hr,"","",https://www.inaturalist.org/taxon_names/2631334/edit,Croatian,Donald Davesne,2023-10-31T00:00:45Z
451026,Martinčica,hr,"","",,Croatian,Vladimir Tkalčić,2023-11-01T17:33:22Z
93611,Uklija,hr,"","",,Croatian,Daria Trinajstić,2023-11-21T02:17:19Z
485935,jednogodišnje devesilje,hr,"","",,Croatian,Yann Kemper,2023-12-11T16:30:16Z
1520931,Istarski glavoč,hr,"","",https://www.inaturalist.org/taxon_names/2813901/edit,Croatian,,2023-12-27T01:02:49Z
159098,Velebilje,hr,"","",https://www.inaturalist.org/taxon_names/1613368/edit,Croatian,,2023-12-28T18:49:44Z
159098,Veliki bun,hr,"","",https://www.inaturalist.org/taxon_names/1613369/edit,Croatian,,2023-12-28T18:49:44Z
159098,Crni bun,hr,"","",https://www.inaturalist.org/taxon_names/1613370/edit,Croatian,,2023-12-28T18:49:44Z
1525265,Ježasta agava,hr,"","",https://www.inaturalist.org/taxon_names/1449454/edit,Croatian,,2024-01-16T23:17:49Z
1525548,Modrikača,hr,"","",https://www.inaturalist.org/taxon_names/3177345/edit,Croatian,,2024-01-19T10:13:45Z
1525549,Mala koturnica,hr,"","",https://www.inaturalist.org/taxon_names/3176094/edit,Croatian,,2024-01-19T10:14:52Z
114177,Linjak,hr,"","",,Croatian,Vladimir Tkalčić,2024-01-20T08:05:34Z
61321,Purpurna vrbica,hr,"","",,Croatian,Vladimir Tkalčić,2024-01-24T17:07:53Z
132118,Klasasta čestoslavica,hr,"","",,Croatian,Vladimir Tkalčić,2024-01-25T06:27:26Z
410639,Šljivin plutnjak,hr,"","",,Croatian,Nicolas Schwab,2024-02-07T15:23:16Z
12878,patuljasti drozd,hr,"","",,Croatian,Rebecca Reader-Lee,2024-02-09T19:02:00Z
899925,Barrelierov paprotivak,hr,"","",,Croatian,Vladimir Tkalčić,2024-02-19T08:13:06Z
797770,Niski osjak,hr,"","",https://www.inaturalist.org/taxon_names/2216025/edit,Croatian,,2024-02-22T20:37:45Z
797770,Prizemni osjak,hr,"","",https://www.inaturalist.org/taxon_names/2216021/edit,Croatian,,2024-02-22T20:37:45Z
118640,razok,hr,"","",,Croatian,Johan Devos,2024-02-28T20:37:01Z
320532,Ljekoviti jaglac,hr,"","",,Croatian,Luka Žarković,2024-04-21T07:29:05Z
59260,Poljski neven,hr,"","",,Croatian,Luka Žarković,2024-04-21T07:38:28Z
56224,Kaljužnica,hr,"","",,Croatian,Luka Žarković,2024-04-21T08:24:31Z
61432,Lovor višnja,hr,"","",,Croatian,Luka Žarković,2024-04-21T10:12:48Z
75445,Kopar,hr,"","",,Croatian,Luka Žarković,2024-04-21T10:22:42Z
861815,Artičoka,hr,"","",,Croatian,Luka Žarković,2024-04-21T10:51:08Z
72389,Kadifice,hr,"","",,Croatian,Luka Žarković,2024-04-21T11:06:22Z
181901,Cinija,hr,"","",,Croatian,Luka Žarković,2024-04-21T11:12:50Z
68562,Uresnica,hr,"","",,Croatian,Luka Žarković,2024-04-21T11:15:12Z
56992,Primorska češljika,hr,"","",,Croatian,Luka Žarković,2024-04-21T11:18:45Z
62742,Pupavice,hr,"","",,Croatian,Luka Žarković,2024-04-21T11:26:13Z
590726,Gaura,hr,"","",,Croatian,Luka Žarković,2024-04-21T11:30:18Z
55752,Matovilac,hr,"","",,Croatian,Luka Žarković,2024-04-21T11:40:12Z
75566,Hren,hr,"","",,Croatian,Luka Žarković,2024-04-21T11:45:56Z
54605,Obična marulja,hr,"","",,Croatian,Luka Žarković,2024-04-21T12:26:18Z
122771,Piskavica,hr,"","",,Croatian,Luka Žarković,2024-04-22T04:33:46Z
122771,Grčka djetelina,hr,"","",,Croatian,Luka Žarković,2024-04-22T04:34:42Z
59901,Matičnjak,hr,"","",,Croatian,Luka Žarković,2024-04-22T05:30:34Z
59901,Melisa,hr,"","",,Croatian,Luka Žarković,2024-04-22T05:32:13Z
59901,Pčelinja metvica,hr,"","",,Croatian,Luka Žarković,2024-04-22T05:33:14Z
51454,Plavi kristov cvijet,hr,"","",,Croatian,Luka Žarković,2024-04-22T05:35:20Z
48206,Đurđica,hr,"","",,Croatian,Luka Žarković,2024-04-22T05:38:17Z
765394,Zova,hr,"","",,Croatian,Luka Žarković,2024-04-22T05:42:49Z
160697,Škrabutina,hr,"","",,Croatian,Luka Žarković,2024-04-22T05:45:50Z
69223,Zlatni puzavac,hr,"","",,Croatian,Luka Žarković,2024-04-22T05:50:20Z
69223,Đavolji bršljan,hr,"","",,Croatian,Luka Žarković,2024-04-22T05:52:03Z
52821,Hajdučka trava,hr,"","",,Croatian,Luka Žarković,2024-04-22T05:54:24Z
59432,Ljupčac,hr,"","",,Croatian,Luka Žarković,2024-04-22T06:02:16Z
51779,Čuvarkuća,hr,"","",,Croatian,Luka Žarković,2024-04-22T06:03:41Z
51779,Pazikuća,hr,"","",,Croatian,Luka Žarković,2024-04-22T06:04:47Z
120944,Goruća ljubav,hr,"","",,Croatian,Luka Žarković,2024-04-22T06:08:14Z
120944,Ageratum,hr,"","",,Croatian,Luka Žarković,2024-04-22T06:09:11Z
126585,Vrtni hibiskus,hr,"","",,Croatian,Luka Žarković,2024-04-22T12:40:45Z
52344,Ukrasni slak,hr,"","",,Croatian,Luka Žarković,2024-04-22T12:49:29Z
162820,Višebojna mlječika,hr,"","",,Croatian,Luka Žarković,2024-04-22T13:05:48Z
61398,Bosiljak,hr,"","",,Croatian,Luka Žarković,2024-04-22T13:07:27Z
56061,Češnjevka,hr,"","",,Croatian,Vladimir Tkalčić,2024-04-24T18:42:40Z
53326,Veliki zimzelen,hr,Croatia,HR,,Croatian,Marino Linić,2024-04-26T12:19:36Z
68049,Medvjetka,hr,"","",,Croatian,Luka Žarković,2024-04-27T06:42:22Z
55757,Rosopas,hr,"","",,Croatian,Luka Žarković,2024-04-30T19:14:36Z
58788,Celer,hr,"","",,Croatian,Luka Žarković,2024-04-30T21:29:38Z
53327,Zimzelen,hr,"","",,Croatian,Luka Žarković,2024-04-30T21:31:50Z
223666,Madonin ljiljan,hr,"","",,Croatian,Luka Žarković,2024-05-01T16:10:31Z
47565,Crna topola,hr,"","",,Croatian,Luka Žarković,2024-05-01T16:12:03Z
339979,Jablan,hr,"","",,Croatian,Luka Žarković,2024-05-01T16:30:56Z
47571,Jasika,hr,"","",,Croatian,Luka Žarković,2024-05-01T16:32:10Z
170939,Siva topola,hr,"","",,Croatian,Luka Žarković,2024-05-01T16:33:06Z
56299,Veliki kravljak,hr,"","",,Croatian,Luka Žarković,2024-05-02T09:50:05Z
75916,Ljetni jorgovan,hr,"","",,Croatian,Luka Žarković,2024-05-02T09:51:26Z
165590,Tratinčica,hr,"","",,Croatian,Luka Žarković,2024-05-02T14:44:54Z
55739,Maćuhica,hr,"","",,Croatian,Luka Žarković,2024-05-03T08:53:36Z
56054,Vrkuta,hr,"","",,Croatian,Luka Žarković,2024-05-03T08:55:32Z
883652,Šumarice,hr,"","",,Croatian,Luka Žarković,2024-05-04T06:06:36Z
55971,Vratić,hr,"","",,Croatian,Luka Žarković,2024-05-04T06:11:34Z
164233,Jasmin,hr,"","",,Croatian,Luka Žarković,2024-05-04T06:14:15Z
55830,Dobričica,hr,"","",,Croatian,Luka Žarković,2024-05-04T06:15:29Z
58991,Tušt,hr,"","",,Croatian,Luka Žarković,2024-05-04T06:19:34Z
55850,Obični lopuh,hr,"","",,Croatian,Luka Žarković,2024-05-04T06:21:23Z
51611,Čestoslavice,hr,"","",,Croatian,Luka Žarković,2024-05-04T06:24:00Z
129020,Ljekovita čestoslavica,hr,"","",,Croatian,Luka Žarković,2024-05-13T05:44:27Z
55748,Poljska čestoslavica,hr,"","",,Croatian,Luka Žarković,2024-05-13T05:45:37Z
54333,Potočna čestoslavica,hr,"","",,Croatian,Luka Žarković,2024-05-13T05:47:12Z
198882,Javor gluhač,hr,"","",,Croatian,Luka Žarković,2024-05-13T05:55:13Z
47726,Negundovac,hr,"","",,Croatian,Luka Žarković,2024-05-13T05:56:27Z
63512,Japanski javor,hr,"","",,Croatian,Luka Žarković,2024-05-13T05:59:38Z
52543,Šećerni javor,hr,"","",,Croatian,Luka Žarković,2024-05-13T06:02:18Z
48686,Rogozi,hr,"","",,Croatian,Luka Žarković,2024-05-13T06:04:07Z
52724,Poljska preslica,hr,"","",,Croatian,Luka Žarković,2024-05-13T09:55:48Z
52673,Zimska preslica,hr,"","",,Croatian,Luka Žarković,2024-05-13T09:56:49Z
76846,Močvarna preslica,hr,"","",,Croatian,Luka Žarković,2024-05-13T09:58:41Z
118537,Šumska preslica,hr,"","",,Croatian,Luka Žarković,2024-05-13T10:00:32Z
52681,Orlovska bujad,hr,"","",,Croatian,Luka Žarković,2024-05-13T12:43:43Z
52391,Američki borovac,hr,"","",,Croatian,Luka Žarković,2024-05-13T12:48:03Z
49145,Tradeskancije,hr,"","",,Croatian,Luka Žarković,2024-05-13T12:49:56Z
129759,Invazivni karpobrot,hr,"","",,Croatian,Luka Žarković,2024-05-13T12:59:32Z
160347,Rožac,hr,"","",,Croatian,Luka Žarković,2024-05-13T13:00:47Z
59747,Europski ariš,hr,"","",,Croatian,Luka Žarković,2024-05-13T13:03:32Z
59744,Europski ariš,hr,"","",,Croatian,Luka Žarković,2024-05-13T13:07:07Z
123625,Velecvjetni naprstak,hr,"","",,Croatian,Luka Žarković,2024-05-16T09:37:32Z
147321,Vunenasti naprstak,hr,"","",,Croatian,Luka Žarković,2024-05-16T09:41:03Z
335863,Hrđavosmeđi naprstnjak,hr,"","",,Croatian,Luka Žarković,2024-05-16T09:44:32Z
53983,Grimizni naprstak,hr,"","",,Croatian,Luka Žarković,2024-05-16T09:48:41Z
59029,Sitnocvjetna divizma,hr,"","",,Croatian,Luka Žarković,2024-05-16T09:53:01Z
170140,Pustenasta divizma,hr,"","",,Croatian,Luka Žarković,2024-05-16T09:55:56Z
62339,Velecvjetna divizma,hr,"","",,Croatian,Luka Žarković,2024-05-16T09:57:08Z
56121,Rusomača,hr,"","",,Croatian,Luka Žarković,2024-05-16T10:00:46Z
55841,Crni kukurijek,hr,"","",,Croatian,Luka Žarković,2024-05-16T10:05:50Z
53298,Mišjakinja,hr,"","",,Croatian,Luka Žarković,2024-05-16T10:13:49Z
47121,Vučike,hr,"","",,Croatian,Luka Žarković,2024-05-16T10:17:47Z
168396,Muškatna kadulja,hr,"","",,Croatian,Luka Žarković,2024-05-16T11:07:03Z
52586,Sikavica,hr,"","",,Croatian,Luka Žarković,2024-05-16T12:55:10Z
53059,Ljepljiva broćika,hr,"","",,Croatian,Luka Žarković,2024-05-17T05:28:36Z
204339,Žuta mrtva kopriva,hr,"","",,Croatian,Luka Žarković,2024-05-17T05:39:10Z
55876,Bijela mrtva kopriva,hr,"","",,Croatian,Luka Žarković,2024-05-17T05:40:25Z
55851,Crvena mrtva kopriva,hr,"","",,Croatian,Luka Žarković,2024-05-17T05:41:47Z
55884,Svrbiguza,hr,"","",,Croatian,Luka Žarković,2024-05-17T05:46:28Z
866675,Vidac,hr,"","",,Croatian,Luka Žarković,2024-05-17T05:52:40Z
56152,Medvjeđi luk,hr,"","",,Croatian,Luka Žarković,2024-05-17T05:56:37Z
62313,Damašćanjska crnjika,hr,"","",,Croatian,Luka Žarković,2024-05-17T06:02:45Z
52992,Žuta kamilica,hr,"","",,Croatian,Luka Žarković,2024-05-17T06:04:43Z
58460,Čubar,hr,"","",,Croatian,Luka Žarković,2024-05-17T08:14:35Z
53324,Obična grahorics,hr,"","",,Croatian,Luka Žarković,2024-05-17T08:16:14Z
53779,Hmelj,hr,"","",,Croatian,Luka Žarković,2024-05-17T08:21:41Z
63935,Orah,hr,"","",,Croatian,Luka Žarković,2024-05-17T09:50:43Z
55826,Šumska potočnica,hr,"","",,Croatian,Luka Žarković,2024-05-17T10:13:00Z
55886,Srebrenka,hr,"","",,Croatian,Luka Žarković,2024-05-17T12:36:52Z
64161,Obična pšenica,hr,"","",,Croatian,Luka Žarković,2024-05-17T12:40:25Z
122841,Pir,hr,"","",,Croatian,Luka Žarković,2024-05-17T12:41:44Z
1107658,Durum,hr,"","",,Croatian,Luka Žarković,2024-05-17T12:42:49Z
118850,Prava zlatnica,hr,"","",,Croatian,Luka Žarković,2024-05-17T13:06:23Z
55769,Proljetni šafran,hr,"","",,Croatian,Luka Žarković,2024-05-17T13:08:46Z
126522,Crvena služnjača,hr,"","",,Croatian,Vladimir Tkalčić,2024-05-17T18:20:30Z
126522,Loptasta služnjača,hr,"","",,Croatian,Vladimir Tkalčić,2024-05-17T18:22:02Z
1350026,Pitomi sljez,hr,"","",,Croatian,Vladimir Tkalčić,2024-05-18T04:08:07Z
56152,Divlji luk,hr,"","",,Croatian,Vladimir Tkalčić,2024-05-18T04:47:16Z
53597,Narcisi,hr,"","",,Croatian,Luka Žarković,2024-05-20T07:20:46Z
552307,Tilovina,hr,"","",,Croatian,Luka Žarković,2024-05-22T04:27:04Z
59254,Vlasac,hr,"","",,Croatian,Luka Žarković,2024-05-22T04:28:58Z
82853,Dunja,hr,"","",,Croatian,Luka Žarković,2024-05-22T11:29:53Z
55818,Šupaljke,hr,"","",,Croatian,Luka Žarković,2024-05-22T12:45:15Z
55814,Čvrsta šupaljka,hr,"","",,Croatian,Luka Žarković,2024-05-22T12:47:02Z
55797,Obična kockavica,hr,"","",,Croatian,Luka Žarković,2024-05-22T12:50:51Z
62020,Obična končara,hr,"","",,Croatian,Luka Žarković,2024-05-22T12:52:16Z
53785,Dimnjača,hr,"","",,Croatian,Luka Žarković,2024-05-22T12:53:42Z
740984,Rumena rumenika,hr,"","",,Croatian,Vladimir Tkalčić,2024-05-27T13:34:32Z
775404,Veliki žednjak,hr,"","",,Croatian,Vladimir Tkalčić,2024-05-27T15:30:19Z
438589,Ježasti kaktus,hr,"","",,Croatian,Vladimir Tkalčić,2024-06-09T13:31:26Z
157393,Ždraljevina,hr,"","",,Croatian,Vladimir Tkalčić,2024-06-11T16:50:57Z
157393,Ljekoviti orlovac,hr,"","",,Croatian,Vladimir Tkalčić,2024-06-11T16:53:23Z
129033,Primorska vodendjevojčica,hr,"","",,Croatian,Vladimir Tkalčić,2024-06-14T05:17:59Z
125790,Japanska suručica,hr,Croatia,HR,,Croatian,Marino Linić,2024-06-15T23:51:48Z
85065,Srednja djetelina,hr,Croatia,HR,,Croatian,Marino Linić,2024-06-16T21:14:36Z
129115,Poljska prženica,hr,Croatia,HR,,Croatian,Marino Linić,2024-06-16T22:38:44Z
50861,Katalpe,hr,Croatia,HR,,Croatian,Marino Linić,2024-06-16T22:47:50Z
52471,Ptičja grahorica,hr,Croatia,HR,,Croatian,Marino Linić,2024-06-16T22:58:31Z
47404,Perastokrili moljci,hr,Croatia,HR,,Croatian,Marino Linić,2024-06-16T23:32:25Z
55844,Mali zimzelen,hr,Croatia,HR,,Croatian,Marino Linić,2024-06-16T23:42:24Z
77481,Velecvjetna pljuskavica,hr,Croatia,HR,,Croatian,Marino Linić,2024-06-17T22:23:48Z
492418,Trolisna šumarica,hr,Croatia,HR,,Croatian,Marino Linić,2024-06-24T11:44:44Z
48983,Kukavica,hr,Croatia,HR,,Croatian,Marino Linić,2024-06-24T12:34:27Z
48711,Plućasti režnjaš,hr,Croatia,HR,,Croatian,Marino Linić,2024-06-24T12:35:10Z
160679,Planinska pavitina,hr,Croatia,HR,,Croatian,Marino Linić,2024-06-24T12:36:12Z
57659,Kozaci,hr,Croatia,HR,,Croatian,Marino Linić,2024-06-24T12:37:31Z
48736,Pipe,hr,Croatia,HR,,Croatian,Marino Linić,2024-06-24T12:38:26Z
51146,Zlatice,hr,Croatia,HR,,Croatian,Marino Linić,2024-06-24T12:39:30Z
84344,Velika zečina,hr,Croatia,HR,,Croatian,Marino Linić,2024-06-24T12:44:13Z
48160,Zečina,hr,Croatia,HR,,Croatian,Marino Linić,2024-06-24T12:45:06Z
124910,Rani bumbar,hr,Croatia,HR,,Croatian,Marino Linić,2024-06-24T12:48:40Z
485739,Patuljasta kaškara,hr,Croatia,HR,,Croatian,Marino Linić,2024-06-25T00:05:55Z
131140,Kluzijeva sirištara,hr,Croatia,HR,,Croatian,Marino Linić,2024-06-25T00:18:16Z
130717,Planinski odoljen,hr,Croatia,HR,,Croatian,Marino Linić,2024-06-25T00:53:08Z
68770,Mjehurasta haluga,hr,"","",,Croatian,Vladimir Tkalčić,2024-06-30T12:46:29Z
48216,Mjehurasti bračić,hr,"","",,Croatian,Vladimir Tkalčić,2024-06-30T15:14:37Z
118656,Batoglavac,hr,Croatia,HR,,Croatian,croatianiguana,2024-07-04T12:22:49Z
118657,Arbun Grbić,hr,Croatia,HR,,Croatian,croatianiguana,2024-07-04T12:30:37Z
118655,Kantar,hr,Croatia,HR,,Croatian,croatianiguana,2024-07-04T12:31:46Z
120712,Gira atlantska,hr,Croatia,HR,,Croatian,croatianiguana,2024-07-04T12:32:39Z
118711,Modrak,hr,Croatia,HR,,Croatian,croatianiguana,2024-07-04T12:33:58Z
118711,Menula,hr,Croatia,HR,,Croatian,croatianiguana,2024-07-04T12:34:19Z
1316671,Gira oštrulja,hr,Croatia,HR,,Croatian,croatianiguana,2024-07-04T12:36:45Z
445862,Zubačić rumeni,hr,Croatia,HR,,Croatian,croatianiguana,2024-07-04T12:39:15Z
118654,Obični zubatac,hr,Croatia,HR,,Croatian,croatianiguana,2024-07-04T12:40:22Z
118664,Boba,hr,Croatia,HR,,Croatian,croatianiguana,2024-07-04T12:45:56Z
120611,Pagar barjaktar,hr,Croatia,HR,,Croatian,croatianiguana,2024-07-04T12:47:35Z
118680,Koraf,hr,Croatia,HR,,Croatian,croatianiguana,2024-07-04T13:14:08Z
118679,Hama,hr,Croatia,HR,,Croatian,croatianiguana,2024-07-04T13:27:08Z
84179,Grboglavka,hr,Croatia,HR,,Croatian,croatianiguana,2024-07-04T13:28:41Z
98531,Pjegava lampuga,hr,Croatia,HR,,Croatian,croatianiguana,2024-07-04T13:29:42Z
43236,Čudnovati kljunaš,hr,Croatia,HR,,Croatian,Marino Linić,2024-07-04T16:25:12Z
61223,Šumska jabuka,hr,"","",,Croatian,Vladimir Tkalčić,2024-07-06T12:39:09Z
61223,Divlja jabuka,hr,"","",,Croatian,Vladimir Tkalčić,2024-07-06T12:39:38Z
50859,Katalpa,hr,"","",,Croatian,Luka Žarković,2024-07-13T04:08:21Z
47687,Kratkokljuni čapljan,hr,"","",,Croatian,Luka Žarković,2024-07-13T04:10:50Z
60580,Forzicije,hr,"","",,Croatian,Luka Žarković,2024-07-13T04:15:12Z
75721,Jastučac,hr,"","",,Croatian,Luka Žarković,2024-07-13T06:24:23Z
75721,Zlatica,hr,"","",,Croatian,Luka Žarković,2024-07-13T06:44:53Z
75721,Ledinjak,hr,"","",,Croatian,Luka Žarković,2024-07-13T06:45:22Z
126637,Zumbul,hr,"","",,Croatian,Luka Žarković,2024-07-13T06:47:55Z
52669,Šumska bujadika,hr,Croatia,HR,,Croatian,Marino Linić,2024-07-16T22:01:34Z
52670,Bujadika,hr,Croatia,HR,,Croatian,Marino Linić,2024-07-16T22:03:02Z
121943,Papratnjače,hr,Croatia,HR,,Croatian,Marino Linić,2024-07-16T22:04:24Z
55650,Planinski stolisnik,hr,Croatia,HR,,Croatian,Marino Linić,2024-07-16T22:12:52Z
52818,Stolisnik,hr,Croatia,HR,,Croatian,Marino Linić,2024-07-16T22:13:39Z
132458,Crnooka suzana,hr,Croatia,HR,,Croatian,Marino Linić,2024-07-16T23:56:23Z
51876,Djetelina,hr,Croatia,HR,,Croatian,Marino Linić,2024-07-19T12:06:12Z
47435,Roščićava svinduša,hr,Croatia,HR,,Croatian,Marino Linić,2024-07-19T12:17:21Z
158615,Guščarski petoprst,hr,Croatia,HR,,Croatian,Marino Linić,2024-07-19T12:42:55Z
59778,Pitomi pastrnak,hr,Croatia,HR,,Croatian,Marino Linić,2024-07-19T12:49:46Z
54899,Pastrnak,hr,Croatia,HR,,Croatian,Marino Linić,2024-07-19T12:50:56Z
902551,Rumenkasti smetištar,hr,Croatia,HR,,Croatian,Marino Linić,2024-07-19T13:06:21Z
55821,Velika kiselica,hr,Croatia,HR,,Croatian,Marino Linić,2024-07-19T13:12:43Z
60132,Poljski osjak,hr,Croatia,HR,,Croatian,Marino Linić,2024-07-19T13:15:59Z
52472,Grahorica,hr,Croatia,HR,,Croatian,Marino Linić,2024-07-19T13:22:23Z
47701,Iglica,hr,Croatia,HR,,Croatian,Marino Linić,2024-07-19T13:41:41Z
78346,Opijumski mak,hr,Croatia,HR,,Croatian,Marino Linić,2024-07-19T13:47:55Z
47332,Makovke,hr,Croatia,HR,,Croatian,Marino Linić,2024-07-19T13:50:18Z
55406,Petunija,hr,Croatia,HR,,Croatian,Marino Linić,2024-07-19T14:02:52Z
48516,Pomoćnice,hr,Croatia,HR,,Croatian,Marino Linić,2024-07-19T14:03:47Z
78259,Magareći trn,hr,Croatia,HR,,Croatian,Marino Linić,2024-07-19T14:26:13Z
50928,Male kozice,hr,Croatia,HR,,Croatian,Marino Linić,2024-07-20T00:57:14Z
81641,Kozica,hr,Croatia,HR,,Croatian,Marino Linić,2024-07-20T00:58:16Z
54468,Koprivina riđa,hr,Croatia,HR,,Croatian,Marino Linić,2024-07-20T15:32:58Z
53207,Staračac,hr,Croatia,HR,,Croatian,Marino Linić,2024-07-23T09:29:00Z
336370,Šumski staračac,hr,Croatia,HR,,Croatian,Marino Linić,2024-07-23T09:30:46Z
53207,Kostriš,hr,Croatia,HR,,Croatian,Marino Linić,2024-07-23T09:36:05Z
78450,Vodeni dvornik,hr,"","",,Croatian,Vladimir Tkalčić,2024-07-28T14:48:33Z
131848,Razgranjena vesika,hr,"","",,Croatian,Vladimir Tkalčić,2024-08-03T03:54:01Z
61396,Obični mravinac,hr,"","",,Croatian,Vladimir Tkalčić,2024-08-11T13:25:50Z
125932,Hrastova sjajnica,hr,"","",,Croatian,Vladimir Tkalčić,2024-08-12T18:25:35Z
51843,Obična bahornica,hr,Croatia,HR,,Croatian,Marino Linić,2024-08-15T11:18:34Z
84517,Runjava vrbolika,hr,Croatia,HR,,Croatian,Marino Linić,2024-08-15T11:20:39Z
84517,Čupava vrbolika,hr,Croatia,HR,,Croatian,Marino Linić,2024-08-15T11:20:57Z
334198,Europski vranjemil,hr,"","",,Croatian,Vladimir Tkalčić,2024-08-16T16:30:24Z
53629,Šareni jedić,hr,"","",,Croatian,Vladimir Tkalčić,2024-08-18T10:51:06Z
124544,Šumska krasuljica,hr,"","",,Croatian,Vladimir Tkalčić,2024-08-19T03:11:01Z
1456607,"Velika sedefica,",hr,"","",,Croatian,Vladimir Tkalčić,2024-08-21T05:44:22Z
244036,Hrptasti luk,hr,"","",,Croatian,Vladimir Tkalčić,2024-08-27T09:41:23Z
127186,Promjenjivi grašar,hr,"","",,Croatian,Vladimir Tkalčić,2024-08-27T13:37:53Z
58345,Primorski rančić,hr,"","",,Croatian,Vladimir Tkalčić,2024-08-28T08:43:25Z
58345,Primorski sitinac,hr,"","",,Croatian,Vladimir Tkalčić,2024-08-28T08:44:28Z
83063,Pitomi klinčić,hr,Croatia,HR,,Croatian,Marino Linić,2024-08-28T14:46:33Z
430578,Mekodlakava prosulja,hr,Croatia,HR,,Croatian,Marino Linić,2024-08-28T14:47:33Z
53808,Krizantema,hr,Croatia,HR,,Croatian,Marino Linić,2024-08-28T14:49:44Z
950312,Japanska šumarica,hr,Croatia,HR,,Croatian,Marino Linić,2024-08-28T14:51:21Z
128689,Pršljenasta kadulja,hr,"","",,Croatian,Vladimir Tkalčić,2024-09-02T16:53:10Z
363514,Planinski klinčić,hr,"","",,Croatian,Vladimir Tkalčić,2024-09-07T19:36:09Z
363514,Planinski karanfil,hr,"","",,Croatian,Vladimir Tkalčić,2024-09-07T19:37:07Z
48523,Bijeli biserak,hr,"","",,Croatian,Vladimir Tkalčić,2024-09-07T20:19:58Z
51275,Smrdibuba,hr,Croatia,HR,,Croatian,Marino Linić,2024-09-08T16:08:07Z
327185,Obična skakalica,hr,Croatia,HR,,Croatian,Marino Linić,2024-09-08T16:08:53Z
56554,Modra nauznačarka,hr,Croatia,HR,,Croatian,Marino Linić,2024-09-08T16:09:26Z
69658,Obična stjenica,hr,Croatia,HR,,Croatian,Marino Linić,2024-09-08T16:09:59Z
47744,Polukrilci,hr,Croatia,HR,,Croatian,Marino Linić,2024-09-08T16:11:11Z
326066,Diogenov samac,hr,Croatia,HR,,Croatian,Marino Linić,2024-09-09T12:27:44Z
466901,Moruzgvin samac,hr,Croatia,HR,,Croatian,Marino Linić,2024-09-09T12:42:56Z
342258,Crveni samac,hr,Croatia,HR,,Croatian,Marino Linić,2024-09-09T12:44:06Z
324584,Okati rak samac,hr,Croatia,HR,,Croatian,Marino Linić,2024-09-09T12:45:07Z
603997,Strašljivi samotanac,hr,Croatia,HR,,Croatian,Marino Linić,2024-09-09T12:52:03Z
1135952,Krilati rak pustinjak,hr,Croatia,HR,,Croatian,Marino Linić,2024-09-09T12:52:36Z
574162,Dlakavi rak pustinjak,hr,Croatia,HR,,Croatian,Marino Linić,2024-09-09T12:53:45Z
1553349,Uglati rak pustinjak,hr,Croatia,HR,,Croatian,Marino Linić,2024-09-09T12:55:36Z
464225,Europski samac,hr,Croatia,HR,,Croatian,Marino Linić,2024-09-09T12:56:38Z
52409,Rakovi samci,hr,Croatia,HR,,Croatian,Marino Linić,2024-09-09T12:57:39Z
195210,Kosmači,hr,Croatia,HR,,Croatian,Marino Linić,2024-09-09T12:59:13Z
49506,Veslači,hr,Croatia,HR,,Croatian,Marino Linić,2024-09-09T13:00:21Z
526549,Baltička kozica,hr,Croatia,HR,,Croatian,Marino Linić,2024-09-09T13:03:42Z
130385,Mala kozica,hr,Croatia,HR,,Croatian,Marino Linić,2024-09-09T13:04:34Z
326062,Kozica čistač,hr,Croatia,HR,,Croatian,Marino Linić,2024-09-09T13:06:07Z
785343,Tirenska prozirna kozica,hr,Croatia,HR,,Croatian,Marino Linić,2024-09-09T13:06:59Z
52582,Šestila,hr,Croatia,HR,,Croatian,Marino Linić,2024-09-09T13:08:55Z
51740,Priljepci,hr,Croatia,HR,,Croatian,Marino Linić,2024-09-09T13:14:29Z
127480,Zečje uši,hr,Croatia,HR,,Croatian,Marino Linić,2024-09-09T13:16:59Z
47367,Lažipauci,hr,Croatia,HR,,Croatian,Marino Linić,2024-09-09T13:23:45Z
54638,Gospina papučica,hr,Croatia,HR,,Croatian,Marino Linić,2024-09-09T13:53:27Z
52953,Vodenpauk,hr,Croatia,HR,,Croatian,Marino Linić,2024-09-09T13:58:45Z
538959,Blijedi križar,hr,Croatia,HR,,Croatian,Marino Linić,2024-09-09T14:03:09Z
47742,Štitaste stjenice,hr,Croatia,HR,,Croatian,Marino Linić,2024-09-09T14:08:30Z
77965,Kamilica,hr,Croatia,HR,,Croatian,Marino Linić,2024-09-09T14:10:29Z
47604,Glavočike,hr,Croatia,HR,,Croatian,Marino Linić,2024-09-09T14:11:16Z
47605,Zvjezdanolike,hr,Croatia,HR,,Croatian,Marino Linić,2024-09-09T14:12:02Z
48040,Zvončikovke,hr,Croatia,HR,,Croatian,Marino Linić,2024-09-09T14:14:06Z
48596,Zvončić,hr,Croatia,HR,,Croatian,Marino Linić,2024-09-09T14:15:43Z
48039,Lobelija,hr,Croatia,HR,,Croatian,Marino Linić,2024-09-09T14:16:29Z
63081,Pijavice,hr,Croatia,HR,,Croatian,Marino Linić,2024-09-09T14:17:37Z
52842,Jarmen,hr,Croatia,HR,,Croatian,Marino Linić,2024-09-09T14:25:43Z
1170229,Usjevni jarmen,hr,Croatia,HR,,Croatian,Marino Linić,2024-09-09T14:26:23Z
170020,Panonski zvjezdan,hr,Croatia,HR,,Croatian,Marino Linić,2024-09-09T14:28:30Z
54903,Zvjezdan,hr,Croatia,HR,,Croatian,Marino Linić,2024-09-09T14:29:20Z
123449,Planinski zvjezdan,hr,Croatia,HR,,Croatian,Marino Linić,2024-09-09T14:30:41Z
958425,Rozetasti zvjezdan,hr,Croatia,HR,,Croatian,Marino Linić,2024-09-09T14:31:46Z
117443,Novoengleski zvjezdan,hr,Croatia,HR,,Croatian,Marino Linić,2024-09-09T14:33:29Z
79301,Suličasti zvjezdan,hr,Croatia,HR,,Croatian,Marino Linić,2024-09-09T14:34:40Z
311581,Zlatooka,hr,Croatia,HR,,Croatian,Marino Linić,2024-09-09T14:41:06Z
52425,Zlatooke,hr,Croatia,HR,,Croatian,Marino Linić,2024-09-09T14:42:23Z
858297,"Kompleks ""Zlatooka""",hr,Croatia,HR,,Croatian,Marino Linić,2024-09-09T14:47:04Z
48900,Bičozadi,hr,Croatia,HR,,Croatian,Marino Linić,2024-09-09T14:50:30Z
49722,Krupnozadi,hr,Croatia,HR,,Croatian,Marino Linić,2024-09-09T15:06:42Z
118903,Termiti,hr,Croatia,HR,,Croatian,Marino Linić,2024-09-09T16:36:52Z
46078,Svisci,hr,Croatia,HR,,Croatian,Marino Linić,2024-09-10T11:05:34Z
46082,Alpski svizac,hr,Croatia,HR,,Croatian,Marino Linić,2024-09-10T11:06:19Z
46080,Sibirski svizac,hr,Croatia,HR,,Croatian,Marino Linić,2024-09-10T11:07:11Z
46083,Sibirski smeđi svizac,hr,Croatia,HR,,Croatian,Marino Linić,2024-09-10T11:07:51Z
52775,Bumbari,hr,Croatia,HR,,Croatian,Marino Linić,2024-09-10T11:09:27Z
57516,Zemni bumbar,hr,Croatia,HR,,Croatian,Marino Linić,2024-09-10T11:11:15Z
85429,Šumska iglica,hr,Croatia,HR,,Croatian,Marino Linić,2024-09-10T11:12:01Z
44280,Poljska voluharica,hr,Croatia,HR,,Croatian,Marino Linić,2024-09-10T11:22:01Z
41526,Obični dupin,hr,Croatia,HR,,Croatian,Marino Linić,2024-09-10T11:23:33Z
41479,Oceanski dupini,hr,Croatia,HR,,Croatian,Marino Linić,2024-09-10T11:24:34Z
424322,Kitovi zubani,hr,Croatia,HR,,Croatian,Marino Linić,2024-09-10T11:25:26Z
152870,Parnoprstaši,hr,Croatia,HR,,Croatian,Marino Linić,2024-09-10T11:26:28Z
59904,Okrunjena tratinčica,hr,Croatia,HR,,Croatian,Marino Linić,2024-09-10T11:28:05Z
46017,Siva vjeverica,hr,Croatia,HR,,Croatian,Marino Linić,2024-09-10T11:57:11Z
56057,Proljetna ivančica,hr,Croatia,HR,,Croatian,Marino Linić,2024-09-10T11:58:33Z
142299,Žuti srčanik,hr,Croatia,HR,,Croatian,Marino Linić,2024-09-10T11:59:40Z
1501832,Vunasti osjak,hr,Croatia,HR,,Croatian,Marino Linić,2024-09-10T12:01:18Z
48561,Osjak,hr,Croatia,HR,,Croatian,Marino Linić,2024-09-10T12:02:23Z
336274,Žuti osjak,hr,Croatia,HR,,Croatian,Marino Linić,2024-09-10T12:07:28Z
133653,Zeljasti osjak,hr,Croatia,HR,,Croatian,Marino Linić,2024-09-10T12:09:47Z
52989,Obični osjak,hr,Croatia,HR,,Croatian,Marino Linić,2024-09-10T12:11:15Z
50334,Lantana,hr,Croatia,HR,,Croatian,Marino Linić,2024-09-10T12:17:05Z
72095,Dimorfoteka,hr,Croatia,HR,,Croatian,Marino Linić,2024-09-10T12:19:25Z
53169,Priklonjeni cecelj,hr,Croatia,HR,,Croatian,Marino Linić,2024-09-10T12:20:04Z
47758,Cecelj,hr,Croatia,HR,,Croatian,Marino Linić,2024-09-10T12:20:40Z
51769,Gailardija,hr,Croatia,HR,,Croatian,Marino Linić,2024-09-10T12:22:17Z
51769,Kokarda,hr,Croatia,HR,,Croatian,Marino Linić,2024-09-10T12:23:45Z
51768,Indijska gailardija,hr,Croatia,HR,,Croatian,Marino Linić,2024-09-10T12:24:13Z
78221,Šumski duhan,hr,Croatia,HR,,Croatian,Marino Linić,2024-09-10T12:25:00Z
7089,Kanadska guska,hr,Croatia,HR,,Croatian,Marino Linić,2024-09-10T12:26:23Z
57481,Divlji ladolež,hr,Croatia,HR,,Croatian,Marino Linić,2024-09-10T12:27:20Z
56031,Ladolež,hr,Croatia,HR,,Croatian,Marino Linić,2024-09-10T12:28:02Z
75968,Šumski ladolež,hr,Croatia,HR,,Croatian,Marino Linić,2024-09-10T12:28:35Z
58822,Smrdljivi bušak,hr,Croatia,HR,,Croatian,Marino Linić,2024-09-10T12:31:25Z
82646,Ljepljivi bušak,hr,Croatia,HR,,Croatian,Marino Linić,2024-09-10T12:32:02Z
58823,Bušak,hr,Croatia,HR,,Croatian,Marino Linić,2024-09-10T12:34:44Z
61967,Polutočkasti smrdljivac,hr,Croatia,HR,,Croatian,Marino Linić,2024-09-10T12:49:14Z
110361,Modrulj,hr,Croatia,HR,,Croatian,Marino Linić,2024-09-10T12:52:31Z
82128,Golema psina,hr,Croatia,HR,,Croatian,Marino Linić,2024-09-10T12:53:43Z
465006,Krhka jersinela,hr,Croatia,HR,,Croatian,Marino Linić,2024-09-10T13:24:13Z
471387,Tamnokrili skakavac čegrtaš,hr,Croatia,HR,,Croatian,Marino Linić,2024-09-10T13:25:03Z
415621,Močvarni pjegavi skakavac,hr,Croatia,HR,,Croatian,Marino Linić,2024-09-10T13:25:41Z
746353,Udubljeni monaški skakavac,hr,Croatia,HR,,Croatian,Marino Linić,2024-09-10T13:26:25Z
856319,Primorski skroviti konjic,hr,Croatia,HR,,Croatian,Marino Linić,2024-09-10T13:26:59Z
434317,Mali dinarski skakavac,hr,Croatia,HR,,Croatian,Marino Linić,2024-09-10T13:27:41Z
780476,Riđoglavi konjic,hr,Croatia,HR,,Croatian,Marino Linić,2024-09-10T13:28:28Z
470754,Mesnati bodljorepi konjic,hr,Croatia,HR,,Croatian,Marino Linić,2024-09-10T13:28:59Z
117313,Skakavac kijačoticalac,hr,Croatia,HR,,Croatian,Marino Linić,2024-09-10T13:29:30Z
473781,Obalni ljuskavi šturak,hr,Croatia,HR,,Croatian,Marino Linić,2024-09-10T13:29:59Z
557230,Glavati travnjački skakavac,hr,Croatia,HR,,Croatian,Marino Linić,2024-09-10T13:30:30Z
362307,Bjeloprugi tamnokrili skakavac,hr,Croatia,HR,,Croatian,Marino Linić,2024-09-10T13:30:59Z
129129,Vitki monaški skakavac,hr,Croatia,HR,,Croatian,Marino Linić,2024-09-10T13:31:35Z
762167,Transilvanijski monaški skakavac,hr,Croatia,HR,,Croatian,Marino Linić,2024-09-10T13:32:08Z
555655,Bjeloglavi tamnokrili skakavac,hr,Croatia,HR,,Croatian,Marino Linić,2024-09-10T13:32:39Z
604353,Schmidtov ljuskokrili konjic,hr,Croatia,HR,,Croatian,Marino Linić,2024-09-10T13:33:18Z
1105582,Bodljoprsi konjic,hr,Croatia,HR,,Croatian,Marino Linić,2024-09-10T13:33:50Z
473905,Panonski ljuskokrili konjic,hr,Croatia,HR,,Croatian,Marino Linić,2024-09-10T13:34:31Z
448139,Beskrilni skakavac listoplaz,hr,Croatia,HR,,Croatian,Marino Linić,2024-09-10T13:35:05Z
464147,Dugoticalni monaški skakavac,hr,Croatia,HR,,Croatian,Marino Linić,2024-09-10T13:35:46Z
911723,Mali ljuskokrili konjic,hr,Croatia,HR,,Croatian,Marino Linić,2024-09-10T13:36:14Z
105906,Lijepa irena,hr,Croatia,HR,,Croatian,Marino Linić,2024-09-10T13:36:47Z
776424,Crnopjegi ljuskokrili konjic,hr,Croatia,HR,,Croatian,Marino Linić,2024-09-10T13:37:30Z
1559066,Crvenokrili kamenjarski skakavac,hr,Croatia,HR,,Croatian,Marino Linić,2024-09-10T13:47:20Z
467944,Primorski dugokrili livadni skakavac,hr,Croatia,HR,,Croatian,Marino Linić,2024-09-10T13:48:07Z
50584,Periske,hr,Croatia,HR,,Croatian,Marino Linić,2024-09-10T13:51:52Z
292173,Bodljikava periska,hr,Croatia,HR,,Croatian,Marino Linić,2024-09-10T13:52:29Z
292173,Gruba periska,hr,Croatia,HR,,Croatian,Marino Linić,2024-09-10T13:52:46Z
483003,Krhka periska,hr,Croatia,HR,,Croatian,Marino Linić,2024-09-10T13:53:44Z
762777,Istarski crvenokrili listoplaz,hr,Croatia,HR,,Croatian,Marino Linić,2024-09-10T13:54:28Z
116703,Rokćući skakavac,hr,Croatia,HR,,Croatian,Marino Linić,2024-09-10T13:54:51Z
511093,Šareni ljuskokrili konjic,hr,Croatia,HR,,Croatian,Marino Linić,2024-09-10T13:55:12Z
555661,Crni buhoskakavac,hr,Croatia,HR,,Croatian,Marino Linić,2024-09-10T13:55:39Z
555661,Tamna ksija,hr,Croatia,HR,,Croatian,Marino Linić,2024-09-10T13:55:58Z
762779,Crnozadi crvenokrili listoplaz,hr,Croatia,HR,,Croatian,Marino Linić,2024-09-10T13:56:25Z
555657,Otočni X-skakavac,hr,Croatia,HR,,Croatian,Marino Linić,2024-09-10T13:56:45Z
747576,Crvenonogi skakavac listoplaz,hr,Croatia,HR,,Croatian,Marino Linić,2024-09-10T13:57:11Z
57444,Veliki močvarni skakavac,hr,Croatia,HR,,Croatian,Marino Linić,2024-09-10T13:57:32Z
318470,Prugastokrili šikarski konjic,hr,Croatia,HR,,Croatian,Marino Linić,2024-09-10T13:57:53Z
756316,Kratkokrili krupnozadi skakavac,hr,Croatia,HR,,Croatian,Marino Linić,2024-09-10T13:58:21Z
777041,Uskokrili šikarski konjic,hr,Croatia,HR,,Croatian,Marino Linić,2024-09-10T13:58:44Z
71247,Dvopjegi šturak,hr,Croatia,HR,,Croatian,Marino Linić,2024-09-10T13:59:11Z
473538,Bjelorubi ljuskokrili konjic,hr,Croatia,HR,,Croatian,Marino Linić,2024-09-10T13:59:29Z
551980,Brdski travnjački skakavac,hr,Croatia,HR,,Croatian,Marino Linić,2024-09-10T14:00:45Z
764252,Istarski žarki skakavac,hr,Croatia,HR,,Croatian,Marino Linić,2024-09-10T14:01:15Z
120481,Ljuskavi šturci,hr,Croatia,HR,,Croatian,Marino Linić,2024-09-10T14:07:03Z
521077,Pjegavi tamnokrili skakavac,hr,Croatia,HR,,Croatian,Marino Linić,2024-09-10T14:08:04Z
605470,Skromni livadni konjic,hr,Croatia,HR,,Croatian,Marino Linić,2024-09-10T14:08:30Z
347293,Gorski skakavac stjenoplaz,hr,Croatia,HR,,Croatian,Marino Linić,2024-09-10T14:08:52Z
423693,Kratkokrili zeleni konjic,hr,Croatia,HR,,Croatian,Marino Linić,2024-09-10T14:09:15Z
1287108,Kraussov livadni konjic,hr,Croatia,HR,,Croatian,Marino Linić,2024-09-10T14:09:52Z
47649,Pravi skakavci,hr,Croatia,HR,,Croatian,Marino Linić,2024-09-10T14:10:53Z
434262,Bradavičasti ljuskokrili konjic,hr,Croatia,HR,,Croatian,Marino Linić,2024-09-10T14:12:17Z
53804,Bugenvilija,hr,Croatia,HR,,Croatian,Marino Linić,2024-09-10T14:13:58Z
553754,Veliki prozirni šturak,hr,Croatia,HR,,Croatian,Marino Linić,2024-09-10T14:14:51Z
601852,Planinski žitni skakavac,hr,Croatia,HR,,Croatian,Marino Linić,2024-09-10T14:15:45Z
132694,Zrikavci,hr,Croatia,HR,,Croatian,Marino Linić,2024-09-10T14:16:23Z
203979,Konjici čunjoglavci,hr,Croatia,HR,,Croatian,Marino Linić,2024-09-10T14:17:21Z
523036,Staklasti konjici,hr,Croatia,HR,,Croatian,Marino Linić,2024-09-10T14:17:49Z
204093,Konjici vračevi,hr,Croatia,HR,,Croatian,Marino Linić,2024-09-10T14:18:47Z
82546,Pravi konjici,hr,Croatia,HR,,Croatian,Marino Linić,2024-09-10T14:20:47Z
324788,Patuljasti šturci,hr,Croatia,HR,,Croatian,Marino Linić,2024-09-10T14:21:51Z
179347,Trčkoliki šturci,hr,Croatia,HR,,Croatian,Marino Linić,2024-09-10T14:23:14Z
122461,Pravi šturci,hr,Croatia,HR,,Croatian,Marino Linić,2024-09-10T14:24:50Z
523740,Šturkolike,hr,Croatia,HR,,Croatian,Marino Linić,2024-09-10T14:25:51Z
148912,Prozirni šturci,hr,Croatia,HR,,Croatian,Marino Linić,2024-09-10T14:26:40Z
71220,Rovci,hr,Croatia,HR,,Croatian,Marino Linić,2024-09-10T14:28:52Z
50159,Mravoljupci,hr,Croatia,HR,,Croatian,Marino Linić,2024-09-10T14:29:48Z
61441,Spiljski konjici,hr,Croatia,HR,,Croatian,Marino Linić,2024-09-10T14:30:57Z
48128,Listokrili i ljuskokrili konjici,hr,Croatia,HR,,Croatian,Marino Linić,2024-09-10T14:32:07Z
173724,Buhoskakavci,hr,Croatia,HR,,Croatian,Marino Linić,2024-09-10T14:33:08Z
57658,Monaški skakavci,hr,Croatia,HR,,Croatian,Marino Linić,2024-09-10T14:33:47Z
510317,Krupnozadi skakavci,hr,Croatia,HR,,Croatian,Marino Linić,2024-09-10T14:34:51Z
120414,Žaboliki skakavci,hr,Croatia,HR,,Croatian,Marino Linić,2024-09-10T14:35:41Z
1066565,Dinarski ljuskokrili konjic,hr,Croatia,HR,,Croatian,Marino Linić,2024-09-10T14:37:10Z
362305,Zapadni monaški skakavac,hr,Croatia,HR,,Croatian,Marino Linić,2024-09-10T14:38:17Z
362305,Srednjeticalni monaški skakavac,hr,Croatia,HR,,Croatian,Marino Linić,2024-09-10T14:38:38Z
416406,Crvenokrili skakavac listoplaz,hr,Croatia,HR,,Croatian,Marino Linić,2024-09-10T14:39:09Z
416407,Crvenokrili skakavac listoplaz,hr,Croatia,HR,,Croatian,Marino Linić,2024-09-10T14:40:03Z
466417,Obalni monaški skakavac,hr,Croatia,HR,,Croatian,Marino Linić,2024-09-10T14:40:31Z
418784,Stepski rovac,hr,Croatia,HR,,Croatian,Marino Linić,2024-09-10T14:41:41Z
154672,Gorski livadni konjic,hr,Croatia,HR,,Croatian,Marino Linić,2024-09-10T14:42:12Z
337930,Plavokrili pješčarski skakavac,hr,Croatia,HR,,Croatian,Marino Linić,2024-09-10T14:43:48Z
783228,Kraussov ljuskokrili konjic,hr,Croatia,HR,,Croatian,Marino Linić,2024-09-10T14:47:12Z
434267,Vitki ljuskokrili konjic,hr,Croatia,HR,,Croatian,Marino Linić,2024-09-10T14:54:05Z
434320,Bučićev konjic grmušar,hr,Croatia,HR,,Croatian,Marino Linić,2024-09-10T14:54:37Z
758164,Hrvatski tamnokrili skakavac,hr,Croatia,HR,,Croatian,Marino Linić,2024-09-10T14:55:21Z
762048,Bolívarov monaški skakavac,hr,Croatia,HR,,Croatian,Marino Linić,2024-09-10T15:00:04Z
124595,Žutokrili pješčarski skakavac,hr,Croatia,HR,,Croatian,Marino Linić,2024-09-10T15:00:47Z
131035,Pjegavi ljuskokrili konjic,hr,Croatia,HR,,Croatian,Marino Linić,2024-09-10T15:01:42Z
367312,Stepski krupnozadi skakavac,hr,Croatia,HR,,Croatian,Marino Linić,2024-09-10T15:02:37Z
473911,Kaltenbachov ljuskokrili konjic,hr,Croatia,HR,,Croatian,Marino Linić,2024-09-10T15:04:33Z
702252,Krupnozadi ljuskokrili konjic,hr,Croatia,HR,,Croatian,Marino Linić,2024-09-10T15:05:10Z
362309,Mali tamnokrili skakavac,hr,Croatia,HR,,Croatian,Marino Linić,2024-09-10T15:06:05Z
434260,Istočni ljuskokrili konjic,hr,Croatia,HR,,Croatian,Marino Linić,2024-09-10T15:07:02Z
465117,Dugokrili žarki skakavac,hr,Croatia,HR,,Croatian,Marino Linić,2024-09-10T15:07:48Z
735941,Türkov monaški skakavac,hr,Croatia,HR,,Croatian,Marino Linić,2024-09-10T15:08:39Z
475582,Otočni pjegavi skakavac,hr,Croatia,HR,,Croatian,Marino Linić,2024-09-10T15:09:14Z
475581,Otočni pjegavi skakavac,hr,Croatia,HR,,Croatian,Marino Linić,2024-09-10T15:09:27Z
472970,Zeleni močvarni skakavac,hr,Croatia,HR,,Croatian,Marino Linić,2024-09-10T15:09:53Z
472562,Alpski livadni skakavac,hr,Croatia,HR,,Croatian,Marino Linić,2024-09-10T15:10:47Z
465767,Debelonogi pješčarski skakavac,hr,Croatia,HR,,Croatian,Marino Linić,2024-09-10T15:11:31Z
783227,Kratkorepi ljuskokrili konjic,hr,Croatia,HR,,Croatian,Marino Linić,2024-09-10T15:11:58Z
702243,Panonski livadni skakavac,hr,Croatia,HR,,Croatian,Marino Linić,2024-09-10T15:12:29Z
1278699,Panonski livadni skakavac,hr,Croatia,HR,,Croatian,Marino Linić,2024-09-10T15:12:50Z
521106,Dvopjegi monaški skakavac,hr,Croatia,HR,,Croatian,Marino Linić,2024-09-10T15:13:20Z
521106,Kratkoticalni monaški skakavac,hr,Croatia,HR,,Croatian,Marino Linić,2024-09-10T15:13:34Z
1080561,Hoermannov livadni konjic,hr,Croatia,HR,,Croatian,Marino Linić,2024-09-10T15:14:10Z
743461,Mramorni konjic grmušar,hr,Croatia,HR,,Croatian,Marino Linić,2024-09-10T15:41:08Z
424336,Plavonogi uplakani skakavac,hr,Croatia,HR,,Croatian,Marino Linić,2024-09-10T15:42:25Z
626351,Tajnoviti patuljasti šturak,hr,Croatia,HR,,Croatian,Marino Linić,2024-09-10T15:43:02Z
198928,Pustinjska šaška,hr,Croatia,HR,,Croatian,Marino Linić,2024-09-10T15:48:36Z
42153,Žirafe,hr,Croatia,HR,,Croatian,Marino Linić,2024-09-10T15:52:30Z
42149,Vodeni konj,hr,Croatia,HR,,Croatian,Marino Linić,2024-09-10T15:54:54Z
42149,Nilski konj,hr,Croatia,HR,,Croatian,Marino Linić,2024-09-10T15:55:46Z
42149,Vodenkonj,hr,Croatia,HR,,Croatian,Marino Linić,2024-09-10T15:56:05Z
43694,Afrički slon,hr,Croatia,HR,,Croatian,Marino Linić,2024-09-10T15:57:23Z
43692,Slonovi,hr,Croatia,HR,,Croatian,Marino Linić,2024-09-10T15:58:06Z
357910,Afrički šumski slon,hr,Croatia,HR,,Croatian,Marino Linić,2024-09-10T15:59:52Z
43697,Azijski slon,hr,Croatia,HR,,Croatian,Marino Linić,2024-09-10T16:00:19Z
43697,Indijski slon,hr,Croatia,HR,,Croatian,Marino Linić,2024-09-10T16:00:38Z
43579,Gorile,hr,Croatia,HR,,Croatian,Marino Linić,2024-09-10T16:01:46Z
43580,Zapadni gorila,hr,Croatia,HR,,Croatian,Marino Linić,2024-09-10T16:02:23Z
68790,Istočni gorila,hr,Croatia,HR,,Croatian,Marino Linić,2024-09-10T16:02:51Z
43581,Orangutan,hr,Croatia,HR,,Croatian,Marino Linić,2024-09-10T16:05:07Z
43577,Obična čimpanza,hr,Croatia,HR,,Croatian,Marino Linić,2024-09-10T16:06:30Z
43576,Čimpanze,hr,Croatia,HR,,Croatian,Marino Linić,2024-09-10T16:09:26Z
43578,Bonobo,hr,Croatia,HR,,Croatian,Marino Linić,2024-09-10T16:10:07Z
43578,Patuljasta čimpanza,hr,Croatia,HR,,Croatian,Marino Linić,2024-09-10T16:10:35Z
43575,Veliki čovjekoliki majmuni,hr,Croatia,HR,,Croatian,Marino Linić,2024-09-10T16:11:44Z
43583,Predački i moderni ljudi,hr,Croatia,HR,,Croatian,Marino Linić,2024-09-10T16:13:01Z
43367,Primati,hr,Croatia,HR,,Croatian,Marino Linić,2024-09-10T16:13:53Z
551307,Morski psi,hr,Croatia,HR,,Croatian,Marino Linić,2024-09-10T17:25:44Z
50870,Psine,hr,Croatia,HR,,Croatian,Marino Linić,2024-09-10T17:27:21Z
20979,Žabe,hr,Croatia,HR,,Croatian,Marino Linić,2024-09-10T17:27:55Z
26718,Repaši,hr,Croatia,HR,,Croatian,Marino Linić,2024-09-10T17:29:11Z
27701,Vodenjaci,hr,Croatia,HR,,Croatian,Marino Linić,2024-09-10T17:29:51Z
27702,Vodenjaci,hr,Croatia,HR,,Croatian,Marino Linić,2024-09-10T17:30:26Z
61293,Borov četnjak gnjezdar,hr,Croatia,HR,,Croatian,Marino Linić,2024-09-10T20:37:32Z
121850,Pasovice,hr,"","",,Croatian,Marino Linić,2024-09-10T20:40:38Z
52873,Sivke,hr,"","",,Croatian,Marino Linić,2024-09-10T20:41:51Z
85779,Ahatni puževi,hr,"","",,Croatian,Marino Linić,2024-09-11T08:18:04Z
701340,Albanska grebenka,hr,"","",,Croatian,Marino Linić,2024-09-11T08:18:24Z
516179,Albanski pasjak,hr,"","",,Croatian,Marino Linić,2024-09-11T08:20:37Z
233504,Alpski zvrčić,hr,"","",,Croatian,Marino Linić,2024-09-11T08:21:23Z
85945,Bačvasti puževi,hr,"","",,Croatian,Marino Linić,2024-09-11T08:26:59Z
98183,Bakarski tornjić,hr,"","",,Croatian,Marino Linić,2024-09-11T08:27:17Z
109682,Banatska igličica,hr,"","",,Croatian,Marino Linić,2024-09-11T08:27:42Z
99604,Banatski stijenjaš,hr,"","",,Croatian,Marino Linić,2024-09-11T08:28:00Z
475153,Bezgrebeni stožasti puž,hr,"","",,Croatian,Marino Linić,2024-09-11T08:29:52Z
84781,Bezmjesečna zaklopnica,hr,"","",,Croatian,Marino Linić,2024-09-11T08:30:07Z
336836,Bezuba zaklopnica,hr,"","",,Croatian,Marino Linić,2024-09-11T08:30:23Z
150305,Bezubi povojac,hr,"","",,Croatian,Marino Linić,2024-09-11T08:30:36Z
85701,Bezubi sjajni puževi,hr,"","",,Croatian,Marino Linić,2024-09-11T08:30:50Z
93518,Bezubi valjčić,hr,"","",,Croatian,Marino Linić,2024-09-11T08:31:02Z
233779,Bijela livadnica,hr,"","",,Croatian,Marino Linić,2024-09-11T08:31:15Z
447443,Bijeli sitnac,hr,"","",,Croatian,Marino Linić,2024-09-11T08:31:34Z
1469985,Bjelkasta zaklopnica,hr,"","",,Croatian,Marino Linić,2024-09-11T08:32:03Z
1238560,Blijeda zaklopnica,hr,"","",,Croatian,Marino Linić,2024-09-11T08:32:23Z
51039,Blijedousni živičnjak,hr,"","",,Croatian,Marino Linić,2024-09-11T08:32:44Z
98148,Bokokotorski tornjić,hr,"","",,Croatian,Marino Linić,2024-09-11T08:32:59Z
112448,Bonellijev polugolać,hr,"","",,Croatian,Marino Linić,2024-09-11T08:33:14Z
893727,Bosanska zaklopnica,hr,"","",,Croatian,Marino Linić,2024-09-11T08:36:59Z
98142,Brauerov tornjić,hr,"","",,Croatian,Marino Linić,2024-09-11T08:37:19Z
99885,Brdska proždrljivica,hr,"","",,Croatian,Marino Linić,2024-09-11T08:37:54Z
1279783,Cetinska zaklopnica,hr,"","",,Croatian,Marino Linić,2024-09-11T08:38:27Z
1287727,Ciparski staklenak,hr,"","",,Croatian,Marino Linić,2024-09-11T08:38:44Z
348806,Crna grebenka,hr,"","",,Croatian,Marino Linić,2024-09-11T08:39:13Z
102747,Crnogorski dlakavac,hr,"","",,Croatian,Marino Linić,2024-09-11T08:39:33Z
520434,Crvenkasta grabežljivica,hr,"","",,Croatian,Marino Linić,2024-09-11T08:39:49Z
1551544,Crvenkasti zrnavac,hr,"","",,Croatian,Marino Linić,2024-09-11T08:40:02Z
151260,Crvenosmeđa trunčica,hr,"","",,Croatian,Marino Linić,2024-09-11T08:40:16Z
97087,Crvenousna livadnica,hr,"","",,Croatian,Marino Linić,2024-09-11T08:40:32Z
86035,Crvoliki puževi,hr,"","",,Croatian,Marino Linić,2024-09-11T08:40:48Z
108192,Česta pagodica,hr,"","",,Croatian,Marino Linić,2024-09-11T08:41:02Z
127947,Češnjakov staklenak,hr,"","",,Croatian,Marino Linić,2024-09-11T08:41:17Z
85771,Čunjasti puževi,hr,"","",,Croatian,Marino Linić,2024-09-11T08:41:32Z
960821,Čupavi runjavac,hr,"","",,Croatian,Marino Linić,2024-09-11T08:41:55Z
1531456,Dalmatinska zaklopnica,hr,"","",,Croatian,Marino Linić,2024-09-11T08:42:32Z
102748,Dalmatinski dlakavac,hr,"","",,Croatian,Marino Linić,2024-09-11T08:43:03Z
111594,Divna igličica,hr,"","",,Croatian,Marino Linić,2024-09-11T08:47:42Z
233782,Dlakava livadnica,hr,"","",,Croatian,Marino Linić,2024-09-11T08:47:57Z
111134,Dlakavi listinaš,hr,"","",,Croatian,Marino Linić,2024-09-11T08:48:15Z
172036,Drvni balavac,hr,"","",,Croatian,Marino Linić,2024-09-11T08:48:41Z
1050998,Dvonaborna zaklopnica,hr,"","",,Croatian,Marino Linić,2024-09-11T08:48:59Z
109123,Dvozubi listinaš,hr,"","",,Croatian,Marino Linić,2024-09-11T08:49:12Z
150033,Dvozubi valjčić,hr,"","",,Croatian,Marino Linić,2024-09-11T08:49:28Z
156397,Europska piramidica,hr,"","",,Croatian,Marino Linić,2024-09-11T08:49:50Z
874559,Filigranska zaklopnica,hr,"","",,Croatian,Marino Linić,2024-09-11T08:50:03Z
109700,Glatka igličica,hr,"","",,Croatian,Marino Linić,2024-09-11T08:50:20Z
107359,Glatki mnogozubak,hr,"","",,Croatian,Marino Linić,2024-09-11T08:50:42Z
1278719,Glatki staklenak,hr,"","",,Croatian,Marino Linić,2024-09-11T08:50:55Z
203786,Glatki travaš,hr,"","",,Croatian,Marino Linić,2024-09-11T08:51:10Z
1186358,Glatkoušćani špiljaš,hr,"","",,Croatian,Marino Linić,2024-09-11T08:51:24Z
85940,Grabežljivi puževi,hr,"","",,Croatian,Marino Linić,2024-09-11T08:51:36Z
1533952,Grebenasti dugmetac,hr,"","",,Croatian,Marino Linić,2024-09-11T08:51:58Z
336817,Grebenka dubinka,hr,"","",,Croatian,Marino Linić,2024-09-11T08:52:12Z
93172,Gustocrtkana igličica,hr,"","",,Croatian,Marino Linić,2024-09-11T08:55:27Z
1399107,Gustoisprugana zaklopnica,hr,"","",,Croatian,Marino Linić,2024-09-11T08:55:43Z
446967,Hrvatski pasjak,hr,"","",,Croatian,Marino Linić,2024-09-11T08:56:09Z
216346,Igličasta ahatnica,hr,"","",,Croatian,Marino Linić,2024-09-11T08:56:21Z
786890,Ilirski stijenjaš,hr,"","",,Croatian,Marino Linić,2024-09-11T08:56:38Z
786872,Ilirski zrnac,hr,"","",,Croatian,Marino Linić,2024-09-11T08:56:58Z
495438,Isprugani patuljčić,hr,"","",,Croatian,Marino Linić,2024-09-11T08:57:16Z
102413,Isprutana livadnica,hr,"","",,Croatian,Marino Linić,2024-09-11T08:57:30Z
922180,Isprutani živičnjak,hr,"","",,Croatian,Marino Linić,2024-09-11T08:57:54Z
1186357,Isselov špiljaš,hr,"","",,Croatian,Marino Linić,2024-09-11T08:58:07Z
109685,Istarska igličica,hr,"","",,Croatian,Marino Linić,2024-09-11T08:58:25Z
1555571,Istočni zrnavac,hr,"","",,Croatian,Marino Linić,2024-09-11T08:58:47Z
1136556,Izbrazdana zaklopnica,hr,"","",,Croatian,Marino Linić,2024-09-11T08:59:09Z
1009786,Jantarna zaklopnica,hr,"","",,Croatian,Marino Linić,2024-09-11T08:59:26Z
86090,Jantarnjaci,hr,"","",,Croatian,Marino Linić,2024-09-11T08:59:40Z
447831,Jednobojni dugmetac,hr,"","",,Croatian,Marino Linić,2024-09-11T08:59:54Z
336822,Jednobojni poljski golać,hr,"","",,Croatian,Marino Linić,2024-09-11T09:00:07Z
96701,Jednopruga livadnica,hr,"","",,Croatian,Marino Linić,2024-09-11T09:00:26Z
109178,Jednozubi dlakavac,hr,"","",,Croatian,Marino Linić,2024-09-11T09:00:43Z
431809,Ješkalovička ahatnica,hr,"","",,Croatian,Marino Linić,2024-09-11T09:00:58Z
97085,Južna livadnica,hr,"","",,Croatian,Marino Linić,2024-09-11T09:01:19Z
108193,Južna pagodica,hr,"","",,Croatian,Marino Linić,2024-09-11T09:01:34Z
336783,Južna trunčica,hr,"","",,Croatian,Marino Linić,2024-09-11T09:01:47Z
109707,Južnojadranska igličica,hr,"","",,Croatian,Marino Linić,2024-09-11T09:34:20Z
1494695,Klemmov poljski golać,hr,"","",,Croatian,Marino Linić,2024-09-11T09:34:43Z
85559,Kopneni igličasti puževi,hr,"","",,Croatian,Marino Linić,2024-09-11T09:35:01Z
114845,Koprivaš sjenoljubac,hr,"","",,Croatian,Marino Linić,2024-09-11T09:35:21Z
112450,Koruški polugolać,hr,"","",,Croatian,Marino Linić,2024-09-11T09:35:37Z
1109637,Koruški stijenjaš,hr,"","",,Croatian,Marino Linić,2024-09-11T09:35:50Z
1215510,Kotorska šupljica,hr,"","",,Croatian,Marino Linić,2024-09-11T09:36:07Z
984397,Kratki staklac,hr,"","",,Croatian,Marino Linić,2024-09-11T09:36:18Z
1186196,Kratkocrti špiljaš,hr,"","",,Croatian,Marino Linić,2024-09-11T09:36:34Z
104628,Krfski otočar,hr,"","",,Croatian,Marino Linić,2024-09-11T09:36:46Z
103530,Krinkaš,hr,"","",,Croatian,Marino Linić,2024-09-11T09:37:02Z
553788,Kristalasti puževi,hr,"","",,Croatian,Marino Linić,2024-09-11T09:37:18Z
1009788,Kruškoušćana zaklopnica,hr,"","",,Croatian,Marino Linić,2024-09-11T09:37:32Z
85717,Kružnoušćani puževi,hr,"","",,Croatian,Marino Linić,2024-09-11T09:37:56Z
233586,Kuglasti staklac,hr,"","",,Croatian,Marino Linić,2024-09-11T09:38:09Z
607772,Kuščerova grebenka,hr,"","",,Croatian,Marino Linić,2024-09-11T09:38:23Z
86117,Lećasti puževi,hr,"","",,Croatian,Marino Linić,2024-09-11T09:38:50Z
1229442,Lefeburianov runjavac,hr,"","",,Croatian,Marino Linić,2024-09-11T09:39:03Z
1541961,Lički špiljaš,hr,"","",,Croatian,Marino Linić,2024-09-11T09:39:20Z
451596,Lijepi jantarnjak,hr,"","",,Croatian,Marino Linić,2024-09-11T09:39:39Z
98149,Lijepi tornjić,hr,"","",,Croatian,Marino Linić,2024-09-11T09:39:58Z
103577,Lijeva četverozubica,hr,"","",,Croatian,Marino Linić,2024-09-11T09:40:15Z
336784,Lijevi zvrčić,hr,"","",,Croatian,Marino Linić,2024-09-11T09:40:29Z
1075411,Listićava zaklopnica,hr,"","",,Croatian,Marino Linić,2024-09-11T09:40:45Z
1318682,Ljupka zaklopnica,hr,"","",,Croatian,Marino Linić,2024-09-11T09:42:03Z
446965,Magaretaš,hr,"","",,Croatian,Marino Linić,2024-09-11T09:42:23Z
172146,Mala blistavica,hr,"","",,Croatian,Marino Linić,2024-09-11T09:43:20Z
437698,Mala grabežljivica,hr,"","",,Croatian,Marino Linić,2024-09-11T09:43:32Z
1111836,Mala kristalka,hr,"","",,Croatian,Marino Linić,2024-09-11T09:43:45Z
105591,Mala proždrljivica,hr,"","",,Croatian,Marino Linić,2024-09-11T09:43:56Z
217275,Mala sjajnica,hr,"","",,Croatian,Marino Linić,2024-09-11T09:44:09Z
521091,Mali jantarnjak,hr,"","",,Croatian,Marino Linić,2024-09-11T09:44:22Z
336796,Mali sitnac,hr,"","",,Croatian,Marino Linić,2024-09-11T09:44:36Z
1160068,Mali staklenak,hr,"","",,Croatian,Marino Linić,2024-09-11T09:44:48Z
98166,Mali tornjić,hr,"","",,Croatian,Marino Linić,2024-09-11T09:45:00Z
93520,Mali valjčić,hr,"","",,Croatian,Marino Linić,2024-09-11T09:45:12Z
1009789,Markova zaklopnica,hr,"","",,Croatian,Marino Linić,2024-09-11T09:45:36Z
777388,Maurski pasjak,hr,"","",,Croatian,Marino Linić,2024-09-11T09:45:54Z
336778,Mediteranska piramidica,hr,"","",,Croatian,Marino Linić,2024-09-11T09:46:13Z
1124561,Mediteranski staklenak,hr,"","",,Croatian,Marino Linić,2024-09-11T09:46:42Z
878649,Mljetski mrežac,hr,"","",,Croatian,Marino Linić,2024-09-11T09:47:05Z
1009825,Mljetski špiljski pasjak,hr,"","",,Croatian,Marino Linić,2024-09-11T09:47:18Z
109687,Mljetskopelješka igličica,hr,"","",,Croatian,Marino Linić,2024-09-11T11:04:25Z
336785,Mnogozubi zvrčić,hr,"","",,Croatian,Marino Linić,2024-09-11T11:04:38Z
888476,Mortilletijev staklenak,hr,"","",,Croatian,Marino Linić,2024-09-11T11:04:51Z
1009823,Mosorski špiljski pasjak,hr,"","",,Croatian,Marino Linić,2024-09-11T11:05:04Z
1342864,Mrazekov balavac,hr,"","",,Croatian,Marino Linić,2024-09-11T11:05:35Z
172148,Mrežasta blistavica,hr,"","",,Croatian,Marino Linić,2024-09-11T11:05:49Z
336829,Mrežasta zaklopnica,hr,"","",,Croatian,Marino Linić,2024-09-11T11:06:04Z
55617,Mrljac,hr,"","",,Croatian,Marino Linić,2024-09-11T11:06:34Z
790441,Nabita zaklopnica,hr,"","",,Croatian,Marino Linić,2024-09-11T11:06:53Z
520250,Naborana zaklopnica,hr,"","",,Croatian,Marino Linić,2024-09-11T11:07:09Z
102399,Namotani remenaš,hr,"","",,Croatian,Marino Linić,2024-09-11T11:07:23Z
97718,Nepoznata zubica,hr,"","",,Croatian,Marino Linić,2024-09-11T11:07:41Z
1364703,Neretvanska zaklopnica,hr,"","",,Croatian,Marino Linić,2024-09-11T11:08:49Z
336821,Nježahan balavac,hr,"","",,Croatian,Marino Linić,2024-09-11T11:09:08Z
994413,Obalna zaklopnica,hr,"","",,Croatian,Marino Linić,2024-09-11T11:12:13Z
336798,Obična kristalka,hr,"","",,Croatian,Marino Linić,2024-09-11T11:12:35Z
217274,Obična sjajnica,hr,"","",,Croatian,Marino Linić,2024-09-11T11:12:48Z
222759,Obični bršljanar,hr,"","",,Croatian,Marino Linić,2024-09-11T11:13:02Z
111372,Obični crvak,hr,"","",,Croatian,Marino Linić,2024-09-11T11:13:16Z
114529,Obični dlakavac,hr,"","",,Croatian,Marino Linić,2024-09-11T11:13:32Z
101020,Obični grmaš,hr,"","",,Croatian,Marino Linić,2024-09-11T11:13:45Z
123943,Obični jantarnjak,hr,"","",,Croatian,Marino Linić,2024-09-11T11:14:00Z
112453,Obični polugolać,hr,"","",,Croatian,Marino Linić,2024-09-11T11:14:16Z
233535,Obični zvrčić,hr,"","",,Croatian,Marino Linić,2024-09-11T11:14:30Z
99883,Obojena proždrljivica,hr,"","",,Croatian,Marino Linić,2024-09-11T11:14:43Z
960822,Odmaknutousni plješivac,hr,"","",,Croatian,Marino Linić,2024-09-11T11:14:56Z
717389,Okruglasta livadnica,hr,"","",,Croatian,Marino Linić,2024-09-11T11:15:25Z
102393,Oštri stijenjaš,hr,"","",,Croatian,Marino Linić,2024-09-11T11:15:51Z
112874,Paganettijeva špiljašica,hr,"","",,Croatian,Marino Linić,2024-09-11T11:16:24Z
801608,Pagodasti puževi,hr,"","",,Croatian,Marino Linić,2024-09-11T11:16:42Z
806812,Patuljasti puževi,hr,"","",,Croatian,Marino Linić,2024-09-11T11:17:08Z
98144,Pepeljasti tornjić,hr,"","",,Croatian,Marino Linić,2024-09-11T11:17:22Z
97725,Petozubica,hr,"","",,Croatian,Marino Linić,2024-09-11T11:17:39Z
534054,Piramidalni puževi,hr,"","",,Croatian,Marino Linić,2024-09-11T11:17:54Z
97696,Pirica,hr,"","",,Croatian,Marino Linić,2024-09-11T11:18:08Z
1409157,Plavetni puž,hr,"","",,Croatian,Marino Linić,2024-09-11T11:18:54Z
109692,Plitvička igličica,hr,"","",,Croatian,Marino Linić,2024-09-11T11:20:14Z
203787,Podrumar staklenak,hr,"","",,Croatian,Marino Linić,2024-09-11T11:20:27Z
49018,Pojasasti puževi,hr,"","",,Croatian,Marino Linić,2024-09-11T11:20:41Z
96894,Polukrinkaš,hr,"","",,Croatian,Marino Linić,2024-09-11T11:20:55Z
1181739,Polunaborana zaklopnica,hr,"","",,Croatian,Marino Linić,2024-09-11T11:21:10Z
790439,Prekinuta zaklopnica,hr,"","",,Croatian,Marino Linić,2024-09-11T11:21:43Z
47778,Prpolji,hr,"","",,Croatian,Marino Linić,2024-09-11T11:22:10Z
1186193,Prvi špiljaš,hr,"","",,Croatian,Marino Linić,2024-09-11T11:22:32Z
62471,Puževi balavci,hr,"","",,Croatian,Marino Linić,2024-09-11T11:22:47Z
85782,Puževi bodači,hr,"","",,Croatian,Marino Linić,2024-09-11T11:23:03Z
85857,Puževi bršljanari,hr,"","",,Croatian,Marino Linić,2024-09-11T11:23:17Z
85897,Puževi grebenasti golaći,hr,"","",,Croatian,Marino Linić,2024-09-11T11:23:45Z
781333,Puževi grmaši,hr,"","",,Croatian,Marino Linić,2024-09-11T11:29:28Z
47484,Puževi krupnaši,hr,"","",,Croatian,Marino Linić,2024-09-11T11:30:06Z
68626,Puževi listinaši,hr,"","",,Croatian,Marino Linić,2024-09-11T11:31:04Z
171812,Puževi naprtnjaši,hr,"","",,Croatian,Marino Linić,2024-09-11T11:31:18Z
86005,Puževi poklopčari,hr,"","",,Croatian,Marino Linić,2024-09-11T11:31:34Z
322379,Puževi poljski golaći,hr,"","",,Croatian,Marino Linić,2024-09-11T11:31:48Z
85813,Puževi remenaši,hr,"","",,Croatian,Marino Linić,2024-09-11T11:32:03Z
85812,Puževi sitnaci,hr,"","",,Croatian,Marino Linić,2024-09-11T11:32:15Z
86133,Puževi staklasti polugolaći,hr,"","",,Croatian,Marino Linić,2024-09-11T11:32:29Z
781370,Puževi svrdlaci,hr,"","",,Croatian,Marino Linić,2024-09-11T11:32:46Z
85832,Puževi šupljice,hr,"","",,Croatian,Marino Linić,2024-09-11T11:33:00Z
86130,Puževi travaši,hr,"","",,Croatian,Marino Linić,2024-09-11T11:33:14Z
85757,Puževi zubice,hr,"","",,Croatian,Marino Linić,2024-09-11T11:33:28Z
1318365,Ravni staklenak,hr,"","",,Croatian,Marino Linić,2024-09-11T11:33:41Z
1205689,Rebrasta zaklopnica,hr,"","",,Croatian,Marino Linić,2024-09-11T11:34:03Z
115009,Rebrasti mnogozubak,hr,"","",,Croatian,Marino Linić,2024-09-11T11:34:16Z
292816,Rebrasti sitnac,hr,"","",,Croatian,Marino Linić,2024-09-11T11:34:28Z
233380,Rebrasti travaš,hr,"","",,Croatian,Marino Linić,2024-09-11T11:34:41Z
1526375,Reuleauxova grebenka,hr,"","",,Croatian,Marino Linić,2024-09-11T11:34:54Z
336793,Rijetki bršljanar,hr,"","",,Croatian,Marino Linić,2024-09-11T11:35:08Z
874594,Rodnov poljski golać,hr,"","",,Croatian,Marino Linić,2024-09-11T11:35:24Z
605848,Rubnonaborana zaklopnica,hr,"","",,Croatian,Marino Linić,2024-09-11T11:35:36Z
98181,Sedmerozavojni tornjić,hr,"","",,Croatian,Marino Linić,2024-09-11T11:35:48Z
361278,Sitnozrnasti lećar,hr,"","",,Croatian,Marino Linić,2024-09-11T11:36:02Z
361280,Sivkasta livadnica,hr,"","",,Croatian,Marino Linić,2024-09-11T11:36:32Z
232389,Sivožuti naprtnjaš,hr,"","",,Croatian,Marino Linić,2024-09-11T11:36:46Z
234009,Sjajni bodač,hr,"","",,Croatian,Marino Linić,2024-09-11T11:36:59Z
684254,Slična igličica,hr,"","",,Croatian,Marino Linić,2024-09-11T11:37:23Z
974196,Smeđa isprugana blistavica,hr,"","",,Croatian,Marino Linić,2024-09-11T11:37:36Z
96707,Smokvenjak,hr,"","",,Croatian,Marino Linić,2024-09-11T11:37:58Z
446966,Spljošteni pasjak,hr,"","",,Croatian,Marino Linić,2024-09-11T11:39:24Z
85952,Staklasti puževi,hr,"","",,Croatian,Marino Linić,2024-09-11T11:40:57Z
98180,Stepeničasti tornjić,hr,"","",,Croatian,Marino Linić,2024-09-11T11:41:16Z
107833,Stožasta bačvašica,hr,"","",,Croatian,Marino Linić,2024-09-11T11:41:38Z
98184,Sturanijev tornjić,hr,"","",,Croatian,Marino Linić,2024-09-11T11:42:44Z
874591,Sturanyjev poljski golać,hr,"","",,Croatian,Marino Linić,2024-09-11T11:43:06Z
1113810,Svijetla trunčica,hr,"","",,Croatian,Marino Linić,2024-09-11T11:43:38Z
172099,Svijetli čunjić,hr,"","",,Croatian,Marino Linić,2024-09-11T11:43:50Z
336797,Svinuta kristalka,hr,"","",,Croatian,Marino Linić,2024-09-11T11:48:49Z
1533950,Šareni dugmetac,hr,"","",,Croatian,Marino Linić,2024-09-11T11:49:01Z
98161,Šiljatouhi tornjić,hr,"","",,Croatian,Marino Linić,2024-09-11T11:49:15Z
787265,Široka ahatnica,hr,"","",,Croatian,Marino Linić,2024-09-11T11:49:28Z
460859,Široka slabozubica,hr,"","",,Croatian,Marino Linić,2024-09-11T11:49:42Z
974863,Široki poklopčar,hr,"","",,Croatian,Marino Linić,2024-09-11T11:49:55Z
217273,Široki šiljavac,hr,"","",,Croatian,Marino Linić,2024-09-11T11:50:11Z
233584,Širokopupčana kristalka,hr,"","",,Croatian,Marino Linić,2024-09-11T11:50:24Z
858615,Širokovrha bačvašica,hr,"","",,Croatian,Marino Linić,2024-09-11T11:50:37Z
1559297,Špiljska grebenka,hr,"","",,Croatian,Marino Linić,2024-09-11T11:50:53Z
974856,Špiljski čekinjaš,hr,"","",,Croatian,Marino Linić,2024-09-11T11:51:05Z
1095361,Štićenica,hr,"","",,Croatian,Marino Linić,2024-09-11T11:51:18Z
225159,Tamna grebenka,hr,"","",,Croatian,Marino Linić,2024-09-11T11:51:43Z
1009807,Tanjurak,hr,"","",,Croatian,Marino Linić,2024-09-11T11:53:00Z
172145,Teško odrediva blistavica,hr,"","",,Croatian,Marino Linić,2024-09-11T11:53:13Z
86034,Točkasti puževi,hr,"","",,Croatian,Marino Linić,2024-09-11T11:53:27Z
874565,Toljagasta zaklopnica,hr,"","",,Croatian,Marino Linić,2024-09-11T11:53:40Z
468285,Tornjasta stijenašica,hr,"","",,Croatian,Marino Linić,2024-09-11T11:53:52Z
1219755,Tornjasti puževi,hr,"","",,Croatian,Marino Linić,2024-09-11T11:54:06Z
93167,Transjadranska igličica,hr,"","",,Croatian,Marino Linić,2024-09-11T11:54:18Z
520541,Transjadranska pužožderka,hr,"","",,Croatian,Marino Linić,2024-09-11T11:54:32Z
874561,Trbušasta zaklopnica,hr,"","",,Croatian,Marino Linić,2024-09-11T11:55:48Z
216157,Trbušasti patuljčić,hr,"","",,Croatian,Marino Linić,2024-09-11T11:56:29Z
114942,Trbušasti zvrčić,hr,"","",,Croatian,Marino Linić,2024-09-11T11:56:57Z
336794,Trnčica,hr,"","",,Croatian,Marino Linić,2024-09-11T11:57:14Z
1391945,Trorežnjasta zaklopnica,hr,"","",,Croatian,Marino Linić,2024-09-11T11:57:27Z
858622,Trozubi crvak,hr,"","",,Croatian,Marino Linić,2024-09-11T11:57:39Z
486575,Trozubica,hr,"","",,Croatian,Marino Linić,2024-09-11T11:57:53Z
98186,Tršćanski tornjić,hr,"","",,Croatian,Marino Linić,2024-09-11T11:58:06Z
702589,Tupogrebenasti stožasti puž,hr,"","",,Croatian,Marino Linić,2024-09-11T11:58:28Z
874592,Turski poljski golać,hr,"","",,Croatian,Marino Linić,2024-09-11T11:58:43Z
100682,Uhati polugolać,hr,"","",,Croatian,Marino Linić,2024-09-11T11:59:07Z
98140,Uhati tornjić,hr,"","",,Croatian,Marino Linić,2024-09-11T11:59:19Z
1096454,Urešena zaklopnica,hr,"","",,Croatian,Marino Linić,2024-09-11T11:59:31Z
99887,Utouska proždrljivica,hr,"","",,Croatian,Marino Linić,2024-09-11T11:59:43Z
216162,Uski patuljčić,hr,"","",,Croatian,Marino Linić,2024-09-11T11:59:55Z
336839,Uski šiljavac,hr,"","",,Croatian,Marino Linić,2024-09-11T12:00:07Z
93519,Uskoušćani valjčić,hr,"","",,Croatian,Marino Linić,2024-09-11T12:00:26Z
114936,Uskoušćani zvrčić,hr,"","",,Croatian,Marino Linić,2024-09-11T12:00:39Z
336781,Valjkasta trunčica,hr,"","",,Croatian,Marino Linić,2024-09-11T12:01:04Z
85599,Valjkasti puževi,hr,"","",,Croatian,Marino Linić,2024-09-11T12:01:20Z
960743,Velebitski mrljac,hr,"","",,Croatian,Marino Linić,2024-09-11T12:01:42Z
107835,Velika bačvašica,hr,"","",,Croatian,Marino Linić,2024-09-11T12:02:10Z
336816,Velika grebenka,hr,"","",,Croatian,Marino Linić,2024-09-11T12:02:23Z
100722,Veliki listinaš,hr,"","",,Croatian,Marino Linić,2024-09-11T12:02:45Z
1352263,Veliki pasjak,hr,"","",,Croatian,Marino Linić,2024-09-11T12:02:58Z
1551690,Veliki prpolj,hr,"","",,Croatian,Marino Linić,2024-09-11T12:03:24Z
226720,Veliki staklenak,hr,"","",,Croatian,Marino Linić,2024-09-11T12:04:05Z
93510,Visoki valjčić,hr,"","",,Croatian,Marino Linić,2024-09-11T12:04:27Z
109689,Vitka igličica,hr,"","",,Croatian,Marino Linić,2024-09-11T12:04:39Z
98155,Vitki tornjić,hr,"","",,Croatian,Marino Linić,2024-09-11T12:04:51Z
209624,Vodeni poljski golać,hr,"","",,Croatian,Marino Linić,2024-09-11T12:05:04Z
942406,Vretenasta stijenašica,hr,"","",,Croatian,Marino Linić,2024-09-11T12:05:22Z
98189,Waldemarov tornjić,hr,"","",,Croatian,Marino Linić,2024-09-11T12:05:39Z
1074939,Wohlberedtov balavac,hr,"","",,Croatian,Marino Linić,2024-09-11T12:05:52Z
84784,Zaklopnice,hr,"","",,Croatian,Marino Linić,2024-09-11T12:06:10Z
320096,Zarezasta zaklopnica,hr,"","",,Croatian,Marino Linić,2024-09-11T12:07:41Z
1123764,Zatvorenopupčana kristalka,hr,"","",,Croatian,Marino Linić,2024-09-11T12:08:06Z
1409662,Zbita zaklopnica,hr,"","",,Croatian,Marino Linić,2024-09-11T12:08:18Z
494797,Zelenkasti sitnac,hr,"","",,Croatian,Marino Linić,2024-09-11T12:08:31Z
545126,Zgurena zaklopnica,hr,"","",,Croatian,Marino Linić,2024-09-11T12:08:44Z
105226,Zidovnjak,hr,"","",,Croatian,Marino Linić,2024-09-11T12:08:58Z
1119006,Zieglerova zaklopnica,hr,"","",,Croatian,Marino Linić,2024-09-11T12:09:36Z
879658,Zilchova kristalka,hr,"","",,Croatian,Marino Linić,2024-09-11T12:10:59Z
97677,Zobica,hr,"","",,Croatian,Marino Linić,2024-09-11T12:11:16Z
505109,Zrnčica,hr,"","",,Croatian,Marino Linić,2024-09-11T12:11:34Z
85692,Zrnoliki puževi,hr,"","",,Croatian,Marino Linić,2024-09-11T12:11:51Z
801604,Zubati sjajni puževi,hr,"","",,Croatian,Marino Linić,2024-09-11T12:14:06Z
86132,Zvrkoliki kopneni puževi,hr,"","",,Croatian,Marino Linić,2024-09-11T12:17:17Z
1158652,Ženski puž,hr,"","",,Croatian,Marino Linić,2024-09-11T12:17:43Z
1347566,Žigosana zaklopnica,hr,"","",,Croatian,Marino Linić,2024-09-11T12:18:04Z
336815,Žućkasta grebenka,hr,"","",,Croatian,Marino Linić,2024-09-11T12:18:22Z
101797,Žuljeviti zrnac,hr,"","",,Croatian,Marino Linić,2024-09-11T12:18:38Z
336838,Žuti naprtnjaš,hr,"","",,Croatian,Marino Linić,2024-09-11T12:19:03Z
82003,Crni prpolj,hr,"","",,Croatian,Marino Linić,2024-09-11T12:20:31Z
346104,Sedlarke,hr,"","",,Croatian,Marino Linić,2024-09-11T12:24:33Z
688011,Afrički konjic čunjoglavac,hr,"","",,Croatian,Marino Linić,2024-09-11T12:27:45Z
775777,Istarska crnoglava sedlarka,hr,"","",,Croatian,Marino Linić,2024-09-11T12:29:10Z
603488,Dugonogi listokrili konjic,hr,"","",,Croatian,Marino Linić,2024-09-11T12:32:51Z
55745,Bijela djetelina,hr,"","",,Croatian,Marino Linić,2024-09-11T12:39:40Z
128834,Žbirac,hr,Croatia,HR,,Croatian,Marino Linić,2024-09-11T12:50:55Z
127713,Carski štipavac,hr,Croatia,HR,,Croatian,Marino Linić,2024-09-11T12:53:33Z
127713,Carski škorpion,hr,Croatia,HR,,Croatian,Marino Linić,2024-09-11T12:53:51Z
41659,Veliki panda,hr,Croatia,HR,,Croatian,Marino Linić,2024-09-11T12:54:56Z
41658,Veliki pande,hr,Croatia,HR,,Croatian,Marino Linić,2024-09-11T12:55:34Z
41636,Medvjedi,hr,Croatia,HR,,Croatian,Marino Linić,2024-09-11T12:55:57Z
41573,Zvijeri,hr,Croatia,HR,,Croatian,Marino Linić,2024-09-11T12:56:31Z
41573,Grabežljivci,hr,Croatia,HR,,Croatian,Marino Linić,2024-09-11T12:56:56Z
41653,Crveni panda,hr,Croatia,HR,,Croatian,Marino Linić,2024-09-11T12:57:55Z
41653,Mali panda,hr,Croatia,HR,,Croatian,Marino Linić,2024-09-11T12:58:35Z
71376,Crveni pande,hr,Croatia,HR,,Croatian,Marino Linić,2024-09-11T12:59:30Z
47520,Pastrvke,hr,Croatia,HR,,Croatian,Marino Linić,2024-09-11T16:52:44Z
48648,Atlantski losos,hr,"","",,Croatian,Marino Linić,2024-09-11T16:55:52Z
47521,Lososi,hr,"","",,Croatian,Marino Linić,2024-09-11T17:46:52Z
111948,Jadranska pastrva,hr,"","",,Croatian,Marino Linić,2024-09-11T17:48:18Z
54191,Kraljevski losos,hr,"","",,Croatian,Marino Linić,2024-09-11T17:49:17Z
102966,Mladica,hr,"","",,Croatian,Marino Linić,2024-09-11T17:49:45Z
430033,Sevanska pastrva,hr,"","",,Croatian,Marino Linić,2024-09-11T17:50:51Z
49596,Potočna zlatovčica,hr,"","",,Croatian,Marino Linić,2024-09-11T17:51:38Z
114127,Lipljen,hr,"","",,Croatian,Marino Linić,2024-09-11T17:52:11Z
445840,Glavoč kristalni,hr,"","",,Croatian,Marino Linić,2024-09-11T17:55:53Z
1520931,Glavoč istarski,hr,Croatia,HR,,Croatian,Marino Linić,2024-09-11T17:59:08Z
112879,Glavočić pećinski,hr,"","",,Croatian,Marino Linić,2024-09-11T17:59:51Z
110915,Glavočić pelagični,hr,"","",,Croatian,Marino Linić,2024-09-11T18:00:26Z
115246,Glavočić zebrasti,hr,"","",,Croatian,Marino Linić,2024-09-11T18:01:12Z
446153,Glavoč Guilletijev,hr,"","",,Croatian,Marino Linić,2024-09-11T18:02:20Z
615077,Glavoč Dollfusijev,hr,"","",,Croatian,Marino Linić,2024-09-11T18:03:44Z
101218,Glavoč Steinitzov,hr,Croatia,HR,,Croatian,Marino Linić,2024-09-11T18:05:27Z
68207,Dvoliskovice,hr,"","",,Croatian,Marino Linić,2024-09-11T18:30:29Z
48150,Boražinovke,hr,"","",,Croatian,Marino Linić,2024-09-11T18:31:11Z
64354,Ginkovke,hr,"","",,Croatian,Marino Linić,2024-09-11T18:32:39Z
52860,Kopitnjakovke,hr,"","",,Croatian,Marino Linić,2024-09-11T18:33:09Z
55910,Runjika,hr,"","",,Croatian,Marino Linić,2024-09-13T10:19:23Z
383374,Korijenjača,hr,"","",,Croatian,Marino Linić,2024-09-14T21:51:28Z
350061,Ljuskava muhara,hr,"","",,Croatian,Marino Linić,2024-09-14T21:53:34Z
67661,Biserka,hr,"","",,Croatian,Marino Linić,2024-09-14T21:55:45Z
67661,Bisernica,hr,"","",,Croatian,Marino Linić,2024-09-14T21:56:49Z
746195,Dumeova muhara,hr,"","",,Croatian,Marino Linić,2024-09-14T21:57:52Z
332463,Jajasta muhara,hr,"","",,Croatian,Marino Linić,2024-09-14T21:58:28Z
118396,Hrapava muhara,hr,"","",,Croatian,Marino Linić,2024-09-14T22:00:21Z
119999,Prava tigrica,hr,"","",,Croatian,Marino Linić,2024-09-14T22:01:58Z
481223,Elijeva muhara,hr,"","",,Croatian,Marino Linić,2024-09-14T22:02:27Z
244732,Ogoljela muhara,hr,"","",,Croatian,Marino Linić,2024-09-14T22:02:58Z
204588,Blagva,hr,"","",,Croatian,Marino Linić,2024-09-14T22:04:52Z
1416700,Crnogorična zdjelokoška,hr,"","",,Croatian,Marino Linić,2024-09-15T01:14:26Z
179332,Prašumska sočnoporka,hr,"","",,Croatian,Marino Linić,2024-09-15T01:15:14Z
351294,Močvarna mliječnica,hr,"","",,Croatian,Marino Linić,2024-09-15T01:16:29Z
60834,Zelenokrili plavac,hr,"","",,Croatian,Marino Linić,2024-09-15T01:18:20Z
104875,Kiseličin crvenko,hr,"","",,Croatian,Marino Linić,2024-09-15T01:19:27Z
62380,Ljubičastorubi vatreni plavac,hr,"","",,Croatian,Marino Linić,2024-09-15T01:20:19Z
321464,Istočni plavac,hr,"","",,Croatian,Marino Linić,2024-09-15T01:21:22Z
358780,Žednjakov plavac,hr,"","",,Croatian,Marino Linić,2024-09-15T01:22:24Z
334393,Grahorkin plavac,hr,"","",,Croatian,Marino Linić,2024-09-15T01:23:27Z
343324,Velika preljevalica,hr,"","",,Croatian,Marino Linić,2024-09-15T01:24:05Z
322024,Mala preljevalica,hr,"","",,Croatian,Marino Linić,2024-09-15T01:24:25Z
52413,Topolnjak,hr,"","",,Croatian,Marino Linić,2024-09-15T01:24:44Z
100743,Mala svibanjska riđa,hr,"","",,Croatian,Marino Linić,2024-09-15T01:25:08Z
207956,Močvarna riđa,hr,"","",,Croatian,Marino Linić,2024-09-15T01:25:59Z
333774,Proljetni planinski okaš,hr,"","",,Croatian,Marino Linić,2024-09-15T01:27:00Z
1148668,Dalmatinski okaš,hr,"","",,Croatian,Marino Linić,2024-09-15T01:28:46Z
347299,Šumski okaš,hr,"","",,Croatian,Marino Linić,2024-09-15T01:29:41Z
362809,Južni lastin rep,hr,"","",,Croatian,Marino Linić,2024-09-15T01:30:10Z
479734,Esperov vatreni plavac,hr,"","",,Croatian,Marino Linić,2024-09-15T01:30:40Z
465237,Nikerlova riđa,hr,"","",,Croatian,Marino Linić,2024-09-15T01:31:07Z
484086,Asmanova riđa,hr,"","",,Croatian,Marino Linić,2024-09-15T01:31:43Z
484083,Planinska riđa,hr,"","",,Croatian,Marino Linić,2024-09-15T01:32:11Z
100303,Vodeni planinski okaš,hr,"","",,Croatian,Marino Linić,2024-09-15T01:32:28Z
54468,Koprivina mala riđa,hr,"","",,Croatian,Marino Linić,2024-09-15T01:33:38Z
119664,Pelargonijin plavac,hr,"","",,Croatian,Marino Linić,2024-09-15T01:37:45Z
325871,Sljezov debeloglavac,hr,"","",,Croatian,Marino Linić,2024-09-15T01:39:01Z
55626,Repičin bijelac,hr,"","",,Croatian,Marino Linić,2024-09-15T01:39:59Z
490171,Grčki vatreni plavac,hr,"","",,Croatian,Marino Linić,2024-09-15T01:44:08Z
108799,Apolon,hr,"","",,Croatian,Marino Linić,2024-09-15T01:44:33Z
334984,Dvotočkasti šarenac,hr,"","",,Croatian,Marino Linić,2024-09-15T01:45:07Z
133154,Smeđi pjegavac,hr,"","",,Croatian,Marino Linić,2024-09-15T01:46:22Z
128544,Srebreni debeloglavac,hr,"","",,Croatian,Marino Linić,2024-09-15T01:47:18Z
361282,Mali planinski bijelac,hr,"","",,Croatian,Marino Linić,2024-09-15T01:47:59Z
334347,Kupinin šarenac,hr,"","",,Croatian,Marino Linić,2024-09-15T01:49:04Z
326382,Modrooki okaš,hr,"","",,Croatian,Marino Linić,2024-09-15T01:51:42Z
109983,Tirkizni plavac,hr,"","",,Croatian,Marino Linić,2024-09-15T01:52:37Z
125563,Mala zebra,hr,"","",,Croatian,Marino Linić,2024-09-15T01:53:07Z
43335,Stepska zebra,hr,"","",,Croatian,Marino Linić,2024-09-15T01:54:08Z
43339,Grevijeva zebra,hr,Croatia,HR,,Croatian,Marino Linić,2024-09-15T01:55:54Z
43330,Planinska zebra,hr,"","",,Croatian,Marino Linić,2024-09-15T01:56:22Z
848319,Tobolčari,hr,"","",,Croatian,Marino Linić,2024-09-15T01:57:42Z
42983,Koala,hr,"","",,Croatian,Marino Linić,2024-09-15T01:58:32Z
347298,Smeđooki okaš,hr,"","",,Croatian,Marino Linić,2024-09-15T01:59:16Z
133434,Tamni debeloglavac,hr,"","",,Croatian,Marino Linić,2024-09-15T02:00:07Z
209691,Mali tigrasti plavac,hr,"","",,Croatian,Marino Linić,2024-09-15T02:00:30Z
142948,Mediteranska riđa,hr,"","",,Croatian,Marino Linić,2024-09-15T02:01:14Z
51495,Zorica,hr,"","",,Croatian,Marino Linić,2024-09-15T02:01:38Z
55643,Šumska riđa,hr,"","",,Croatian,Marino Linić,2024-09-15T02:02:11Z
57495,Trputčeva riđa,hr,"","",,Croatian,Marino Linić,2024-09-15T02:02:58Z
464403,Istočni sivac,hr,"","",,Croatian,Marino Linić,2024-09-15T02:03:25Z
123912,Vještica,hr,"","",,Croatian,Marino Linić,2024-09-15T02:03:50Z
332693,Zujavac,hr,"","",,Croatian,Marino Linić,2024-09-15T02:04:55Z
484102,Svjetložili okaš,hr,"","",,Croatian,Marino Linić,2024-09-15T02:05:38Z
62439,Djetelinin plavac,hr,"","",,Croatian,Marino Linić,2024-09-15T02:07:09Z
326454,Obični planinski okaš,hr,"","",,Croatian,Marino Linić,2024-09-15T02:08:04Z
127103,Istočni zeleni bijelac,hr,"","",,Croatian,Marino Linić,2024-09-15T02:12:00Z
123810,Zapadni zeleni bijelac,hr,"","",,Croatian,Marino Linić,2024-09-15T02:13:12Z
1494783,Komarča,hr,"","",,Croatian,Marino Linić,2024-09-15T02:16:31Z
607460,Golub ćukan,hr,"","",,Croatian,Marino Linić,2024-09-15T02:17:48Z
47517,Pastrva morska,hr,"","",,Croatian,Marino Linić,2024-09-15T02:19:26Z
113530,Hinac dugorepac,hr,"","",,Croatian,Marino Linić,2024-09-15T02:20:19Z
113578,Šilo kratkokljuno,hr,"","",,Croatian,Marino Linić,2024-09-15T02:31:17Z
51454,Modri trubanj,hr,"","",,Croatian,Vladimir Tkalčić,2024-09-15T15:07:01Z
51454,Modrikasta pasiflora,hr,"","",,Croatian,Vladimir Tkalčić,2024-09-15T15:13:27Z
53022,Slak,hr,"","",,Croatian,Marino Linić,2024-09-16T21:37:08Z
55925,Pastirska iglica,hr,"","",,Croatian,Marino Linić,2024-09-16T21:41:01Z
47689,Iglicovke,hr,"","",,Croatian,Marino Linić,2024-09-16T21:41:51Z
123175,Hrastov lišaj,hr,"","",,Croatian,Marino Linić,2024-09-16T21:42:53Z
167773,Obična krasena,hr,"","",,Croatian,Marino Linić,2024-09-16T21:45:02Z
81895,Šumska kokoška,hr,"","",,Croatian,Marino Linić,2024-09-16T21:45:33Z
56174,Obična lisičina,hr,Croatia,HR,,Croatian,Marino Linić,2024-09-16T21:46:59Z
56175,Lisičina,hr,Croatia,HR,,Croatian,Marino Linić,2024-09-16T21:47:36Z
774727,Hrvatska kraška borovica,hr,"","",,Croatian,Marino Linić,2024-09-16T21:53:27Z
58725,Obična borovica,hr,Croatia,HR,,Croatian,Marino Linić,2024-09-16T21:54:39Z
1154339,Čupava bjeloglavica,hr,"","",,Croatian,Marino Linić,2024-09-16T21:58:33Z
737484,Zeljasta bjeloglavica,hr,"","",,Croatian,Marino Linić,2024-09-16T21:59:04Z
67714,Kapar,hr,"","",,Croatian,Marino Linić,2024-09-16T22:03:22Z
67714,Kapara,hr,"","",,Croatian,Marino Linić,2024-09-16T22:03:34Z
67715,Bodljikava kapara,hr,"","",,Croatian,Marino Linić,2024-09-16T22:04:10Z
83816,Pčelina kokica,hr,"","",,Croatian,Marino Linić,2024-09-16T22:04:46Z
59285,Bodljikavi volak,hr,"","",,Croatian,Marino Linić,2024-09-16T22:07:41Z
326443,Kvrgavi volak,hr,"","",,Croatian,Marino Linić,2024-09-16T22:09:22Z
1248945,Edwardsov volak,hr,"","",,Croatian,Marino Linić,2024-09-16T22:11:03Z
1403551,Rebrasti volak,hr,"","",,Croatian,Marino Linić,2024-09-16T22:13:13Z
292602,Crvenousna purpura,hr,"","",,Croatian,Marino Linić,2024-09-16T22:15:43Z
13113,Mala muharica,hr,"","",,Croatian,Marino Linić,2024-09-16T23:58:02Z
4501,Plosnatokljuna njorka,hr,"","",,Croatian,Marino Linić,2024-09-16T23:58:56Z
5071,Orao krstaš,hr,"","",,Croatian,Marino Linić,2024-09-16T23:59:52Z
9210,Bjeloglava strnadica,hr,"","",,Croatian,Marino Linić,2024-09-17T00:00:26Z
13140,Kamenjar,hr,"","",,Croatian,Marino Linić,2024-09-17T00:00:59Z
13996,Alpski popić,hr,"","",,Croatian,Marino Linić,2024-09-17T00:01:32Z
116858,Svilorepa,hr,"","",,Croatian,Marino Linić,2024-09-17T00:02:33Z
144812,Planinska sjenica,hr,"","",,Croatian,Marino Linić,2024-09-17T00:03:13Z
204455,Trstenjak cvrkutić,hr,"","",,Croatian,Marino Linić,2024-09-17T00:03:48Z
204552,Kreja,hr,"","",,Croatian,Marino Linić,2024-09-17T00:04:25Z
933404,Plavi različak,hr,"","",,Croatian,Marino Linić,2024-09-17T00:09:11Z
933404,Modra zečina,hr,"","",,Croatian,Marino Linić,2024-09-17T00:10:20Z
76434,Trobojni slak,hr,"","",,Croatian,Marino Linić,2024-09-17T00:12:06Z
55766,Uskolisna mlječika,hr,"","",,Croatian,Vladimir Tkalčić,2024-09-17T17:40:58Z
480126,Velecvjetni krestušac,hr,"","",,Croatian,Marino Linić,2024-09-17T22:10:01Z
61208,Krestušac,hr,"","",,Croatian,Marino Linić,2024-09-17T22:10:25Z
61207,Krestuščevke,hr,"","",,Croatian,Marino Linić,2024-09-17T22:10:55Z
487711,Gorki krestušac,hr,"","",,Croatian,Marino Linić,2024-09-17T22:12:05Z
447849,Kitnjasti krestušac,hr,"","",,Croatian,Marino Linić,2024-09-17T22:12:38Z
520131,Veliki krestušac,hr,"","",,Croatian,Marino Linić,2024-09-17T22:13:23Z
167210,Obični krestušac,hr,"","",,Croatian,Marino Linić,2024-09-17T22:13:54Z
451743,Francuski krestušac,hr,"","",,Croatian,Marino Linić,2024-09-17T22:14:57Z
47123,Bobolike,hr,"","",,Croatian,Marino Linić,2024-09-17T22:16:00Z
47122,Mahunarke,hr,"","",,Croatian,Marino Linić,2024-09-17T22:16:56Z
869898,Šimširasti krestušac,hr,"","",,Croatian,Marino Linić,2024-09-17T22:18:22Z
51309,Lan,hr,"","",,Croatian,Marino Linić,2024-09-17T22:19:14Z
51308,Lanovke,hr,"","",,Croatian,Marino Linić,2024-09-17T22:19:52Z
51306,Pravi lan,hr,"","",,Croatian,Marino Linić,2024-09-17T22:20:24Z
51820,Malpigijolike,hr,"","",,Croatian,Marino Linić,2024-09-17T22:20:51Z
47567,Vrbovke,hr,"","",,Croatian,Marino Linić,2024-09-17T22:21:59Z
47566,Topola,hr,"","",,Croatian,Marino Linić,2024-09-17T22:22:57Z
52617,Caklenjača,hr,"","",,Croatian,Marino Linić,2024-09-17T22:24:16Z
451736,Polegla caklenjača,hr,"","",,Croatian,Marino Linić,2024-09-17T22:24:59Z
203760,Meka caklenjača,hr,"","",,Croatian,Marino Linić,2024-09-17T22:25:26Z
792837,Grmolika caklenjača,hr,"","",,Croatian,Marino Linić,2024-09-17T22:25:50Z
51822,Mlječika,hr,"","",,Croatian,Marino Linić,2024-09-17T22:26:30Z
51821,Mlječikovke,hr,"","",,Croatian,Marino Linić,2024-09-17T22:27:19Z
546074,Uglasta mlječika,hr,"","",,Croatian,Marino Linić,2024-09-17T22:28:39Z
58893,Pjegava mlječika,hr,"","",,Croatian,Marino Linić,2024-09-17T22:28:59Z
325561,Nicejska mlječika,hr,"","",,Croatian,Marino Linić,2024-09-17T22:29:49Z
200052,Njišuća mlječika,hr,"","",,Croatian,Marino Linić,2024-09-17T22:30:11Z
146853,Obalna mlječika,hr,"","",,Croatian,Marino Linić,2024-09-17T22:30:40Z
359461,Močvarna trbulja,hr,"","",,Croatian,Marino Linić,2024-09-17T22:32:43Z
486448,Jagodasta mlječika,hr,"","",,Croatian,Marino Linić,2024-09-17T22:33:25Z
340032,Trnovita mlječika,hr,"","",,Croatian,Marino Linić,2024-09-17T22:33:52Z
48588,Koprivastolisni zvončić,hr,"","",,Croatian,Marino Linić,2024-09-17T22:34:32Z
82692,Dioskoreja,hr,"","",,Croatian,Marino Linić,2024-09-17T22:38:07Z
71501,Bljuštovke,hr,"","",,Croatian,Marino Linić,2024-09-17T22:38:34Z
51878,Bljuštolike,hr,"","",,Croatian,Marino Linić,2024-09-17T22:39:17Z
1470430,Obična uholaža,hr,"","",,Croatian,Marino Linić,2024-09-17T22:43:01Z
49528,Prave uholaže,hr,"","",,Croatian,Marino Linić,2024-09-17T22:43:58Z
85850,Obalne uholaže,hr,"","",,Croatian,Marino Linić,2024-09-17T22:44:21Z
307026,Obalna uholaža,hr,"","",,Croatian,Marino Linić,2024-09-17T22:45:27Z
938922,Kuštrava muhara,hr,"","",,Croatian,Vladimir Tkalčić,2024-09-23T06:54:27Z
162206,Visoka lisičina,hr,"","",,Croatian,Marino Linić,2024-09-23T12:38:55Z
76943,Sumatranska grmika,hr,"","",,Croatian,Vladimir Tkalčić,2024-09-23T15:34:44Z
55483,Žuta služnjača,hr,"","",,Croatian,Vladimir Tkalčić,2024-09-25T11:30:15Z
480776,Mala šumarica,hr,"","",,Croatian,Vladimir Tkalčić,2024-09-25T11:41:08Z
480776,Šumarica,hr,"","",,Croatian,Vladimir Tkalčić,2024-09-25T12:10:36Z
47284,Vatrenjače,hr,"","",,Croatian,Marino Linić,2024-09-29T08:50:00Z
613728,Kapelska svjetlica,hr,"","",,Croatian,Marino Linić,2024-09-29T16:32:53Z
77490,Balfourov nedirak,hr,"","",,Croatian,Marino Linić,2024-09-30T12:34:22Z
47889,Nedirak,hr,"","",,Croatian,Marino Linić,2024-09-30T12:34:48Z
133350,Vrtna vodenika,hr,"","",,Croatian,Marino Linić,2024-09-30T12:35:30Z
85492,Obični nedirak,hr,"","",,Croatian,Marino Linić,2024-09-30T12:36:09Z
133350,Lijepi dečko,hr,"","",,Croatian,Marino Linić,2024-09-30T12:40:28Z
1319212,Franchetova dunjarica,hr,"","",,Croatian,Marino Linić,2024-09-30T19:20:11Z
53376,Dunjarica,hr,"","",,Croatian,Marino Linić,2024-09-30T19:20:32Z
47313,Murinke,hr,"","",,Croatian,Marino Linić,2024-10-04T18:16:42Z
47314,Jeguljke,hr,"","",,Croatian,Marino Linić,2024-10-04T18:19:41Z
63722,Bjelače,hr,"","",,Croatian,Marino Linić,2024-10-04T18:20:31Z
47619,Ribe-kirurzi,hr,"","",,Croatian,Marino Linić,2024-10-04T18:22:20Z
480251,Hrastov repić,hr,"","",,Croatian,Marino Linić,2024-10-04T20:40:33Z
55757,Žuti rosopas,hr,"","",,Croatian,Vladimir Tkalčić,2024-10-06T18:47:09Z
52856,Obični pelin,hr,"","",,Croatian,Vladimir Tkalčić,2024-10-21T13:23:24Z
1578961,Čapljica voljak,hr,"","",https://www.inaturalist.org/taxon_names/3167723/edit,Croatian,,2024-10-23T22:12:48Z
1579015,Jastreb,hr,"","",https://www.inaturalist.org/taxon_names/3162567/edit,Croatian,Raúl MT,2024-10-24T23:42:34Z
77992,Dugolisna metvica,hr,"","",,Croatian,Vladimir Tkalčić,2024-10-25T07:31:11Z
1580336,Kulik sljepčić,hr,"","",https://www.inaturalist.org/taxon_names/3162988/edit,Croatian,,2024-10-27T23:01:32Z
158380,Šumska anđelika,hr,"","",,Croatian,Vladimir Tkalčić,2024-10-28T08:45:31Z
158380,Šumski kravujac,hr,"","",,Croatian,Vladimir Tkalčić,2024-10-28T08:50:39Z
158380,Divlja anđelika,hr,"","",,Croatian,Vladimir Tkalčić,2024-10-28T08:53:55Z
54143,Velika tuturuša,hr,"","",,Croatian,Vladimir Tkalčić,2024-11-01T14:40:46Z
163165,Naočiti šupljozub,hr,"","",,Croatian,Vladimir Tkalčić,2024-11-02T05:21:55Z
63621,Pinija,hr,"","",,Croatian,Marino Linić,2024-11-02T20:14:32Z
411086,Čaplja govedarica,hr,"","",https://www.inaturalist.org/taxon_names/1986472/edit,Croatian,Sean Cozart,2024-11-03T09:37:28Z
53779,Obični hmelj,hr,"","",,Croatian,Vladimir Tkalčić,2024-11-08T04:20:42Z
83468,Kaki,hr,"","",,Croatian,Marino Linić,2024-11-08T22:34:11Z
331124,Limun,hr,"","",,Croatian,Marino Linić,2024-11-08T22:34:48Z
62911,Banana,hr,"","",,Croatian,Marino Linić,2024-11-08T22:36:27Z
83468,Pomikaki,hr,"","",,Croatian,Marino Linić,2024-11-11T11:25:36Z
334750,Brdska djetelina,hr,"","",,Croatian,Vladimir Tkalčić,2024-11-11T18:25:12Z
334750,Gorska djetelina,hr,"","",,Croatian,Vladimir Tkalčić,2024-11-11T18:34:10Z
336399,Čavka,hr,"","",https://www.inaturalist.org/taxon_names/2213284/edit,Croatian,,2024-11-17T14:29:19Z
63886,Kiseličasti dvornik,hr,"","",,Croatian,Vladimir Tkalčić,2024-11-29T14:50:46Z
63886,Uzlati dvornik,hr,"","",,Croatian,Vladimir Tkalčić,2024-11-29T14:51:38Z
63886,Veliki lisac,hr,"","",,Croatian,Vladimir Tkalčić,2024-11-29T14:52:21Z
77411,Mjehurasta sljezolika,hr,"","",,Croatian,Vladimir Tkalčić,2024-11-30T08:05:17Z
77411,Vršača sljezolika,hr,"","",,Croatian,Vladimir Tkalčić,2024-11-30T08:06:24Z
77411,Navadni oslez,hr,"","",,Croatian,Vladimir Tkalčić,2024-11-30T08:07:29Z
164269,Metličasti sit,hr,"","",,Croatian,Vladimir Tkalčić,2024-12-02T19:00:58Z
57453,Vučji jedić,hr,"","",,Croatian,Vladimir Tkalčić,2024-12-03T05:33:09Z
1606672,Zeleni močvarni skakavac,hr,"","",https://www.inaturalist.org/taxon_names/3734914/edit,Croatian,,2025-02-09T02:19:39Z
58389,Sirak metlaš,hr,"","",,Croatian,Vladimir Tkalčić,2025-03-05T05:01:11Z
523723,Boražinolike,hr,"","",,Croatian,Marino Linić,2025-03-18T19:04:46Z
49131,Potočnica,hr,"","",,Croatian,Marino Linić,2025-03-18T19:06:32Z
350760,Nagomilana Drhtalica,hr,Croatia,HR,,Croatian,Mislav Kužić,2025-03-27T18:42:11Z
105131,Električni som,hr,"","",,Croatian,Marino Linić,2025-03-29T20:41:48Z
99786,Električna jegulja,hr,"","",,Croatian,Marino Linić,2025-03-29T20:44:31Z
88125,Električne jegulje,hr,"","",,Croatian,Marino Linić,2025-03-29T20:44:48Z
50829,Ljubica,hr,"","",,Croatian,Marino Linić,2025-03-29T20:46:22Z
450816,Bijela ljubica,hr,"","",,Croatian,Marino Linić,2025-03-29T20:47:25Z
55760,Poljska ljubica,hr,Croatia,HR,,Croatian,Marino Linić,2025-03-29T20:48:26Z
55760,Livadna ljubica,hr,"","",,Croatian,Marino Linić,2025-03-29T20:48:54Z
130720,Dvocvjetna ljubica,hr,"","",,Croatian,Marino Linić,2025-03-29T20:49:41Z
124359,Pasja ljubica,hr,"","",,Croatian,Marino Linić,2025-03-29T20:50:24Z
486309,Dinarska ljubica,hr,"","",,Croatian,Marino Linić,2025-03-29T20:51:47Z
483180,Brežuljkasta ljubica,hr,"","",,Croatian,Marino Linić,2025-03-29T20:52:36Z
447920,Visoka ljubica,hr,"","",,Croatian,Marino Linić,2025-03-29T20:53:11Z
486356,Ljupka ljubica,hr,"","",,Croatian,Marino Linić,2025-03-29T20:53:33Z
286612,Dlakava ljubica,hr,"","",,Croatian,Marino Linić,2025-03-29T20:54:05Z
57634,Kitajbelova ljubica,hr,"","",,Croatian,Marino Linić,2025-03-29T20:55:02Z
483183,Čudesna ljubica,hr,"","",,Croatian,Marino Linić,2025-03-29T20:55:43Z
55845,Mirisna ljubica,hr,"","",,Croatian,Marino Linić,2025-03-29T20:56:17Z
50825,Žuta maćuhica,hr,"","",,Croatian,Marino Linić,2025-03-29T20:57:08Z
1467430,Paperjasta žuta ljubica,hr,"","",,Croatian,Marino Linić,2025-03-29T20:57:41Z
447922,Niska ljubica,hr,"","",,Croatian,Marino Linić,2025-03-29T20:58:04Z
147293,Reichenbachova ljubica,hr,"","",,Croatian,Marino Linić,2025-03-29T20:58:34Z
61481,Rivinijeva ljubica,hr,"","",,Croatian,Marino Linić,2025-03-29T20:59:58Z
126516,Dugotrajna ljubica,hr,"","",,Croatian,Marino Linić,2025-03-29T21:00:40Z
133720,Kamenjarska ljubica,hr,"","",,Croatian,Marino Linić,2025-03-29T21:01:31Z
82816,Šumska ljubica,hr,"","",,Croatian,Marino Linić,2025-03-29T21:02:25Z
335909,Blijeda ljubica,hr,"","",,Croatian,Marino Linić,2025-03-29T21:02:59Z
55739,Trobojna ljubica,hr,Croatia,HR,,Croatian,Marino Linić,2025-03-29T21:03:48Z
168738,Modrozeleni žednjak,hr,"","",,Croatian,Marino Linić,2025-03-29T21:14:10Z
55735,Žednjak,hr,"","",,Croatian,Marino Linić,2025-03-29T21:14:45Z
81701,Crvenkasti žednjak,hr,"","",,Croatian,Marino Linić,2025-03-29T21:16:17Z
336107,Metličasti žednjak,hr,"","",,Croatian,Marino Linić,2025-03-29T21:16:46Z
208966,Sočnolisni žednjak,hr,"","",,Croatian,Marino Linić,2025-03-29T21:17:26Z
60580,Forzicija,hr,Croatia,HR,,Croatian,Marino Linić,2025-03-29T21:22:03Z
47733,Maslinovke,hr,"","",,Croatian,Marino Linić,2025-03-29T21:22:54Z
54806,Jasen,hr,"","",,Croatian,Marino Linić,2025-03-29T21:24:49Z
48151,Medićolike,hr,"","",,Croatian,Marino Linić,2025-03-29T21:26:59Z
48526,Češljugovinolike,hr,"","",,Croatian,Marino Linić,2025-03-29T21:27:58Z
123925,Pjegavi pačempres,hr,"","",,Croatian,Marino Linić,2025-03-30T09:40:06Z
69757,Pačempres,hr,"","",,Croatian,Marino Linić,2025-03-30T09:40:26Z
121237,Smeđi žohar,hr,"","",,Croatian,Marino Linić,2025-03-30T09:54:30Z
49181,Flamingov cvijet,hr,"","",,Croatian,Marino Linić,2025-03-30T09:57:16Z
49181,Anturij,hr,"","",,Croatian,Marino Linić,2025-03-30T09:57:34Z
1515459,Arizonski čempres,hr,"","",,Croatian,Marino Linić,2025-04-03T10:21:03Z
75869,Pravi kupus,hr,"","",,Croatian,Vladimir Tkalčić,2025-04-20T16:42:46Z
75869,Vrzina repica,hr,"","",,Croatian,Vladimir Tkalčić,2025-04-20T16:43:40Z
75869,Uljana repica,hr,"","",,Croatian,Vladimir Tkalčić,2025-04-20T17:06:08Z
135327,Veliki pelin,hr,"","",,Croatian,Vladimir Tkalčić,2025-05-02T09:31:46Z
135327,Grmolika gostanka,hr,"","",,Croatian,Vladimir Tkalčić,2025-05-02T10:04:13Z
1624576,Vikunja,hr,Croatia,HR,https://www.inaturalist.org/taxon_names/3041618/edit,Croatian,,2025-05-22T15:46:24Z
319688,Alpaka,hr,Croatia,HR,https://www.inaturalist.org/taxon_names/3041621/edit,Croatian,,2025-05-22T15:49:15Z
119822,Oštrodlakava gušarka,hr,"","",,Croatian,Vladimir Tkalčić,2025-06-12T15:21:23Z
119822,Oštrodlakava toranjka,hr,"","",,Croatian,Vladimir Tkalčić,2025-06-12T15:22:04Z
71065,Suličasti žabočun,hr,"","",,Croatian,Vladimir Tkalčić,2025-06-12T16:48:00Z
62020,Gomoljasta končara,hr,"","",,Croatian,Vladimir Tkalčić,2025-06-13T03:30:43Z
70045,Meki primog,hr,"","",,Croatian,Vladimir Tkalčić,2025-06-13T12:41:13Z
42043,Psi,hr,"","",,Croatian,Marino Linić,2025-06-19T22:28:03Z
168947,Sredozemni očist,hr,"","",,Croatian,Vladimir Tkalčić,2025-06-21T08:02:13Z
168947,Rimska očist,hr,"","",,Croatian,Vladimir Tkalčić,2025-06-21T08:04:09Z
75584,Mirisni pelin,hr,"","",,Croatian,Vladimir Tkalčić,2025-06-24T04:55:12Z
75584,Jednoljetni pelin,hr,"","",,Croatian,Vladimir Tkalčić,2025-06-24T04:56:20Z
169761,Širokolisna lipa,hr,"","",,Croatian,Vladimir Tkalčić,2025-06-26T05:11:43Z
62771,Žuta vučja stopa,hr,"","",,Croatian,Vladimir Tkalčić,2025-06-30T16:37:14Z
62771,Divlji jabučnjak,hr,"","",,Croatian,Vladimir Tkalčić,2025-06-30T16:37:55Z
339360,krumpirov grm,hr,"","",,Croatian,Vladimir Tkalčić,2025-07-01T10:15:14Z
59028,Moljačka divizma,hr,"","",,Croatian,Vladimir Tkalčić,2025-07-01T15:23:30Z
371658,Chaixova divizma,hr,"","",,Croatian,Vladimir Tkalčić,2025-07-01T15:43:11Z
52681,Bujad,hr,"","",,Croatian,Vladimir Tkalčić,2025-07-05T09:42:19Z
52681,Orlova paprat,hr,"","",,Croatian,Vladimir Tkalčić,2025-07-05T09:51:32Z
52681,Orlova bujad,hr,"","",,Croatian,Vladimir Tkalčić,2025-07-05T09:54:30Z
1633133,Ruska jesetra,hr,"","",https://www.inaturalist.org/taxon_names/3460433/edit,Croatian,Maksymilian Wojtkiewicz,2025-07-07T10:46:00Z
1633133,Dunavska jesetra,hr,"","",https://www.inaturalist.org/taxon_names/3460441/edit,Croatian,Maksymilian Wojtkiewicz,2025-07-07T10:46:00Z
1633161,Kečiga,hr,"","",https://www.inaturalist.org/taxon_names/3460404/edit,Croatian,,2025-07-07T13:04:01Z
475568,Crnopjegasta zečina,hr,"","",,Croatian,Vladimir Tkalčić,2025-07-09T09:01:58Z
1633756,Planinski vodenjak,hr,Croatia,HR,https://www.inaturalist.org/taxon_names/3155261/edit,Croatian,,2025-07-11T12:58:23Z
62321,Šarolika strizibuba,hr,"","",,Croatian,Vladimir Tkalčić,2025-08-03T19:00:44Z
68118,Kirnja bjelica,hr,"","","Philips TK, Moretto P (2025) Revision of the genus _Pseudopedaria_ Felsche, 1904, with descriptions of three new species and a subspecies from Central Africa (Coleoptera: Scarabaeinae: Coprini). Catharsius La Revue (N.S.) 5: 1–26. doi:10.5281/zenodo.17036002.",Croatian,,2025-08-18T17:21:50Z
342260,Divlji strigljač,hr,"","",,Croatian,Marino Linić,2025-08-20T16:36:55Z
117667,Strigljači,hr,"","",,Croatian,Marino Linić,2025-08-20T16:37:48Z
359111,Kosmač,hr,"","",,Croatian,Marino Linić,2025-08-20T16:47:06Z
338037,Veliki strigljač,hr,"","",,Croatian,Marino Linić,2025-08-20T16:50:41Z
342261,Kozica čistać rumeni,hr,"","",,Croatian,Marino Linić,2025-08-20T16:52:55Z
568953,Sićušni pucavac,hr,"","",,Croatian,Marino Linić,2025-08-20T16:54:59Z
49793,Zezavci,hr,"","",,Croatian,Marino Linić,2025-08-20T16:57:35Z
524240,Travnata rakovica,hr,"","",,Croatian,Marino Linić,2025-08-20T16:58:17Z
1596127,Kasni noćnjak,hr,Croatia,HR,https://www.inaturalist.org/taxon_names/3167735/edit,Croatian,Sean Cozart,2025-09-02T22:12:27Z
77776,Dalmatinski lanilist,hr,"","",https://www.inaturalist.org/taxon_names/2685545/edit,Croatian,,2025-09-29T12:16:46Z
113064,Sklat sivac,hr,"","","Philips TK, Moretto P (2025) Revision of the genus _Pseudopedaria_ Felsche, 1904, with descriptions of three new species and a subspecies from Central Africa (Coleoptera: Scarabaeinae: Coprini). Catharsius La Revue (N.S.) 5: 1–26. doi:10.5281/zenodo.17036002.",Croatian,,2025-11-17T12:00:06Z
203786,Gustorebrasti travaš,hr,"","",,Croatian,Marino Linić,2025-11-26T16:24:08Z
203786,Ovalni travaš,hr,"","",,Croatian,Marino Linić,2025-11-26T16:24:13Z
908641,Mali pucavac,hr,"","",,Croatian,Marino Linić,2026-01-09T00:52:58Z
899653,Luzitanski prpolj,hr,Croatia,HR,https://www.inaturalist.org/taxon_names/3169593/edit,Croatian,,2026-01-22T19:05:22Z
70054,Lubenica,hr,"","",,Croatian,Vladimir Tkalčić,2026-01-30T20:22:52Z
167973,Šumski grbak,hr,"","",,Croatian,Vladimir Tkalčić,2026-02-01T13:52:58Z
1319807,Velika zelena žaba,hr,"","",https://www.inaturalist.org/taxon_names/1606168/edit,Croatian,Chris Thawley,2026-03-03T10:28:09Z
12992,šumska crvenrepka,hr,"","",,Croatian,Sean Cozart,2026-03-06T21:41:21Z
1677685,Šumski prpolj,hr,Croatia,HR,https://www.inaturalist.org/taxon_names/3169596/edit,Croatian,,2026-04-13T01:43:12Z
1677685,Srebrni prpolj,hr,Croatia,HR,https://www.inaturalist.org/taxon_names/3169597/edit,Croatian,,2026-04-13T01:43:12Z
1678340,Stračan,hr,Croatia,HR,https://www.inaturalist.org/taxon_names/3169611/edit,Croatian,Bobby McCabe,2026-04-16T19:10:52Z
112442,Paška čipkica,hr,"","",,Croatian,suncicas,2026-04-30T07:18:41Z
56152,Medveđi luk,hr,"","",,Croatian,Vladimir Tkalčić,2026-05-31T15:02:31Z
117059,Bijela strnadica,hr,"","",,Croatian,Mislav Kužić,2026-05-31T18:11:20Z
1696537,Europski bizon,hr,"","",https://www.inaturalist.org/taxon_names/2655356/edit,Croatian,Sean Cozart,2026-07-29T04:22:56Z
557139,ljubičastonoga krasnica,hr,Croatia,HR,,Croatian,Mirna Katičić,2026-08-03T14:59:52Z
319120,Kretski pasji jezik,hr,"","",,Croatian,Vladimir Tkalčić,2026-08-06T16:59:49Z
59146,Kratkorepi strjeličar,hr,"","",https://www.inaturalist.org/taxon_names/3740558/edit,Croatian,,2026-08-13T14:18:46Z
118171,ljubičasta pribadača,hr,"","",,Croatian,Mirna Katičić,2026-08-22T08:05:10Z
58696,dvoprstenasta pečurka,hr,"","",,Croatian,Mirna Katičić,2026-08-22T08:09:34Z
179697,KORJENASTA PEČURKA,hr,"","",,Croatian,Mirna Katičić,2026-08-22T08:12:55Z
1280949,velika trnovača,hr,"","",,Croatian,Mirna Katičić,2026-08-22T08:24:49Z
379844,kestenjasta štitarka,hr,"","",,Croatian,Mirna Katičić,2026-08-22T08:26:08Z
797907,mesnatocrvenkasta štitarka,hr,"","",,Croatian,Mirna Katičić,2026-08-22T08:33:21Z
515954,mesnatosmeđa štitarka,hr,"","",,Croatian,Mirna Katičić,2026-08-22T08:38:07Z
351371,bijelonoga štitarka,hr,"","",,Croatian,Mirna Katičić,2026-08-22T08:41:48Z
1558279,turkinja,hr,"","",,Croatian,Mirna Katičić,2026-08-22T08:49:05Z
351447,grbava sunčanica,hr,"","",,Croatian,Mirna Katičić,2026-08-22T09:00:31Z
55474,zlatni smetištar,hr,"","",,Croatian,Mirna Katičić,2026-08-22T09:02:19Z
1433944,žumanjčana koprenka,hr,"","",,Croatian,Mirna Katičić,2026-08-22T09:06:58Z
340840,poluklobučasti raspucanac,hr,"","",,Croatian,Mirna Katičić,2026-08-22T15:24:59Z
