id,vernacularName,language,locality,countryCode,source,lexicon,contributor,created
43125,Logwaja,und,"","",,Swati,Bobby McCabe,2018-04-13T15:32:59Z
340245,umganu,und,"","",,Swati,botswanabugs,2020-01-13T07:31:01Z
925659,Insimba,und,"","",,Swati,Bobby McCabe,2020-02-23T05:03:29Z
41595,Insimba,und,"","",,Swati,Bobby McCabe,2020-02-23T05:23:13Z
47649,inTsetse,und,"","",,Swati,Dewald du Plessis,2020-03-14T13:39:22Z
42122,Mzanxi,und,"","",,Swati,Bobby McCabe,2020-03-19T15:36:52Z
42122,Inyamatane,und,"","",,Swati,Bobby McCabe,2020-03-19T15:37:06Z
121639,inKhala,und,"","",,Swati,Dewald du Plessis,2020-04-06T18:44:59Z
342910,ema-Prawn,und,"","",,Swati,Dewald du Plessis,2020-04-06T18:57:23Z
311310,iKreyfishi,und,"","",,Swati,Dewald du Plessis,2020-04-07T10:33:05Z
85493,iKhrasteshiya,und,"","",,Swati,Dewald du Plessis,2020-04-07T10:45:02Z
1,Silwane,und,"","",,Swati,Dewald du Plessis,2020-04-09T18:02:47Z
119673,umsisi,und,"","",,Swati,botswanabugs,2020-08-07T09:51:25Z
138688,isikhabakhombe,und,"","",,Swati,botswanabugs,2020-08-07T09:56:36Z
340236,umkholikholi,und,"","",,Swati,botswanabugs,2020-08-07T10:06:51Z
129706,umsilazembe,und,"","",,Swati,botswanabugs,2020-08-07T10:29:22Z
489563,isithwethwe,und,"","",,Swati,botswanabugs,2020-08-07T10:39:55Z
348763,umhlofunga,und,"","",,Swati,botswanabugs,2020-08-07T10:49:55Z
340228,umlahlabantu,und,"","",,Swati,botswanabugs,2020-08-12T00:48:33Z
51672,Likhatane,und,"","",,Swati,Dewald du Plessis,2020-08-21T11:25:43Z
51673,Likhatane,und,"","",,Swati,Dewald du Plessis,2020-08-21T11:35:55Z
123675,Likhatane,und,"","",,Swati,Dewald du Plessis,2020-08-21T12:05:52Z
340072,inHlaba,und,"","",,Swati,Dewald du Plessis,2020-11-09T18:41:49Z
525722,umSenge,und,"","",,Swati,Dewald du Plessis,2020-11-09T18:50:15Z
468538,umNumbela,und,"","",,Swati,Dewald du Plessis,2020-11-09T19:14:33Z
166935,umVusamvu,und,South Africa,ZA,,Swati,Dewald du Plessis,2020-11-09T19:37:34Z
334567,umSipane,und,"","",,Swati,Dewald du Plessis,2020-11-09T19:45:51Z
75917,umBatacwepe,und,"","",,Swati,Dewald du Plessis,2020-11-09T19:53:12Z
211103,umBatacwepe,und,"","",,Swati,Dewald du Plessis,2020-11-12T10:47:20Z
340228,umLalhabantu,und,"","",,Swati,Dewald du Plessis,2020-11-12T10:55:23Z
427214,umSindandlovana,und,"","",,Swati,Dewald du Plessis,2020-11-12T11:04:46Z
340324,iMandulu,und,"","",,Swati,Dewald du Plessis,2020-11-12T11:16:23Z
191689,umBikanyaka,und,"","",,Swati,Dewald du Plessis,2020-11-12T11:24:33Z
191689,umWane,und,"","",,Swati,Dewald du Plessis,2020-11-12T11:25:00Z
342738,inKukutwane,und,South Africa,ZA,,Swati,Dewald du Plessis,2020-11-12T20:26:26Z
64571,umBatacwepe,und,South Africa,ZA,,Swati,Dewald du Plessis,2020-11-12T20:34:17Z
57140,umNquma,und,South Africa,ZA,,Swati,Dewald du Plessis,2020-11-12T20:38:21Z
586670,isiHlangu,und,"","",,Swati,Dewald du Plessis,2020-11-12T20:44:20Z
428559,umLalhabantu,und,"","",,Swati,Dewald du Plessis,2020-11-12T20:51:11Z
79020,inHlangutshane,und,"","",,Swati,Dewald du Plessis,2020-11-13T10:28:04Z
593043,liNyenye,und,"","",,Swati,Dewald du Plessis,2020-11-13T11:45:29Z
362174,umNungwane,und,"","",,Swati,Dewald du Plessis,2020-11-13T12:01:30Z
430600,inHlungunyembe,und,Eswatini,SZ,,Swati,Dewald du Plessis,2020-12-30T20:02:17Z
430600,Mutsimulisa,und,Eswatini,SZ,,Swati,Dewald du Plessis,2020-12-30T20:03:40Z
430600,Luzekwa,und,Eswatini,SZ,,Swati,Dewald du Plessis,2020-12-30T20:03:55Z
579040,inHlungunyembe,und,Eswatini,SZ,,Swati,Dewald du Plessis,2020-12-30T20:07:11Z
428559,lilatsa,und,"","",,Swati,botswanabugs,2021-05-24T13:27:48Z
567695,lutwile,und,"","",,Swati,botswanabugs,2021-05-24T13:32:15Z
431512,umthathi,und,"","",,Swati,botswanabugs,2021-05-24T13:42:23Z
338719,umcozi,und,"","",,Swati,botswanabugs,2021-06-12T07:57:09Z
585523,ijobe,und,"","",,Swati,botswanabugs,2021-06-12T08:09:12Z
340211,Sihomuhomu,und,"","",,Swati,botswanabugs,2021-07-27T06:28:22Z
340211,Umhomuhomu,und,"","",,Swati,botswanabugs,2021-07-27T06:28:53Z
340211,Umphandvo,und,"","",,Swati,botswanabugs,2021-07-27T06:29:46Z
340059,umbondomnyama,und,"","",,Swati,botswanabugs,2021-08-12T09:21:47Z
41964,Libubesi,und,"","",,Swati,Zane Roskoph,2021-08-24T12:35:32Z
43086,Imbila,und,"","",,Swati,Bobby McCabe,2021-08-29T03:01:00Z
578899,umphitsi,und,"","",South African National Biodiversity Institute. 2021. Botanical Database of Southern Africa (BODATSA) [offline dataset]. http://newposa.sanbi.org [Note that these data are not available at this URL as of 2021],Swati,Ken-ichi Ueda,2021-10-21T20:38:38Z
567417,lugagane,und,"","",South African National Biodiversity Institute. 2021. Botanical Database of Southern Africa (BODATSA) [offline dataset]. http://newposa.sanbi.org [Note that these data are not available at this URL as of 2021],Swati,Ken-ichi Ueda,2021-10-21T20:38:39Z
595942,lubibi,und,"","",South African National Biodiversity Institute. 2021. Botanical Database of Southern Africa (BODATSA) [offline dataset]. http://newposa.sanbi.org [Note that these data are not available at this URL as of 2021],Swati,Ken-ichi Ueda,2021-10-21T20:38:39Z
595942,sitfwetfwe,und,"","",South African National Biodiversity Institute. 2021. Botanical Database of Southern Africa (BODATSA) [offline dataset]. http://newposa.sanbi.org [Note that these data are not available at this URL as of 2021],Swati,Ken-ichi Ueda,2021-10-21T20:38:39Z
594417,umkhaya,und,"","",South African National Biodiversity Institute. 2021. Botanical Database of Southern Africa (BODATSA) [offline dataset]. http://newposa.sanbi.org [Note that these data are not available at this URL as of 2021],Swati,Ken-ichi Ueda,2021-10-21T20:38:40Z
595943,umcamba,und,"","",South African National Biodiversity Institute. 2021. Botanical Database of Southern Africa (BODATSA) [offline dataset]. http://newposa.sanbi.org [Note that these data are not available at this URL as of 2021],Swati,Ken-ichi Ueda,2021-10-21T20:38:40Z
595943,umgamba,und,"","",South African National Biodiversity Institute. 2021. Botanical Database of Southern Africa (BODATSA) [offline dataset]. http://newposa.sanbi.org [Note that these data are not available at this URL as of 2021],Swati,Ken-ichi Ueda,2021-10-21T20:38:41Z
502780,kalimela,und,"","",South African National Biodiversity Institute. 2021. Botanical Database of Southern Africa (BODATSA) [offline dataset]. http://newposa.sanbi.org [Note that these data are not available at this URL as of 2021],Swati,Ken-ichi Ueda,2021-10-21T20:38:42Z
502780,singa,und,"","",South African National Biodiversity Institute. 2021. Botanical Database of Southern Africa (BODATSA) [offline dataset]. http://newposa.sanbi.org [Note that these data are not available at this URL as of 2021],Swati,Ken-ichi Ueda,2021-10-21T20:38:43Z
502780,umdongolo,und,"","",South African National Biodiversity Institute. 2021. Botanical Database of Southern Africa (BODATSA) [offline dataset]. http://newposa.sanbi.org [Note that these data are not available at this URL as of 2021],Swati,Ken-ichi Ueda,2021-10-21T20:38:43Z
601536,lukakho,und,"","",South African National Biodiversity Institute. 2021. Botanical Database of Southern Africa (BODATSA) [offline dataset]. http://newposa.sanbi.org [Note that these data are not available at this URL as of 2021],Swati,Ken-ichi Ueda,2021-10-21T20:38:44Z
601536,sibamb'imphala,und,"","",South African National Biodiversity Institute. 2021. Botanical Database of Southern Africa (BODATSA) [offline dataset]. http://newposa.sanbi.org [Note that these data are not available at this URL as of 2021],Swati,Ken-ichi Ueda,2021-10-21T20:38:44Z
601537,inshakwe,und,"","",South African National Biodiversity Institute. 2021. Botanical Database of Southern Africa (BODATSA) [offline dataset]. http://newposa.sanbi.org [Note that these data are not available at this URL as of 2021],Swati,Ken-ichi Ueda,2021-10-21T20:38:44Z
601537,umncawe,und,"","",South African National Biodiversity Institute. 2021. Botanical Database of Southern Africa (BODATSA) [offline dataset]. http://newposa.sanbi.org [Note that these data are not available at this URL as of 2021],Swati,Ken-ichi Ueda,2021-10-21T20:38:45Z
601156,umtfolo wesiganga,und,"","",South African National Biodiversity Institute. 2021. Botanical Database of Southern Africa (BODATSA) [offline dataset]. http://newposa.sanbi.org [Note that these data are not available at this URL as of 2021],Swati,Ken-ichi Ueda,2021-10-21T20:38:45Z
601539,umgamazi,und,"","",South African National Biodiversity Institute. 2021. Botanical Database of Southern Africa (BODATSA) [offline dataset]. http://newposa.sanbi.org [Note that these data are not available at this URL as of 2021],Swati,Ken-ichi Ueda,2021-10-21T20:38:45Z
601159,ambambimphala,und,"","",South African National Biodiversity Institute. 2021. Botanical Database of Southern Africa (BODATSA) [offline dataset]. http://newposa.sanbi.org [Note that these data are not available at this URL as of 2021],Swati,Ken-ichi Ueda,2021-10-21T20:38:46Z
568252,inkhambane,und,"","",South African National Biodiversity Institute. 2021. Botanical Database of Southern Africa (BODATSA) [offline dataset]. http://newposa.sanbi.org [Note that these data are not available at this URL as of 2021],Swati,Ken-ichi Ueda,2021-10-21T20:38:46Z
568252,umkhambane,und,"","",South African National Biodiversity Institute. 2021. Botanical Database of Southern Africa (BODATSA) [offline dataset]. http://newposa.sanbi.org [Note that these data are not available at this URL as of 2021],Swati,Ken-ichi Ueda,2021-10-21T20:38:46Z
568252,umnganduzi,und,"","",South African National Biodiversity Institute. 2021. Botanical Database of Southern Africa (BODATSA) [offline dataset]. http://newposa.sanbi.org [Note that these data are not available at this URL as of 2021],Swati,Ken-ichi Ueda,2021-10-21T20:38:46Z
595962,khalimela,und,"","",South African National Biodiversity Institute. 2021. Botanical Database of Southern Africa (BODATSA) [offline dataset]. http://newposa.sanbi.org [Note that these data are not available at this URL as of 2021],Swati,Ken-ichi Ueda,2021-10-21T20:38:47Z
567419,lisasa,und,"","",South African National Biodiversity Institute. 2021. Botanical Database of Southern Africa (BODATSA) [offline dataset]. http://newposa.sanbi.org [Note that these data are not available at this URL as of 2021],Swati,Ken-ichi Ueda,2021-10-21T20:38:47Z
567419,umsasane,und,"","",South African National Biodiversity Institute. 2021. Botanical Database of Southern Africa (BODATSA) [offline dataset]. http://newposa.sanbi.org [Note that these data are not available at this URL as of 2021],Swati,Ken-ichi Ueda,2021-10-21T20:38:47Z
348763,mdlavuze,und,"","",South African National Biodiversity Institute. 2021. Botanical Database of Southern Africa (BODATSA) [offline dataset]. http://newposa.sanbi.org [Note that these data are not available at this URL as of 2021],Swati,Ken-ichi Ueda,2021-10-21T20:38:48Z
348763,umHlafunga,und,"","",South African National Biodiversity Institute. 2021. Botanical Database of Southern Africa (BODATSA) [offline dataset]. http://newposa.sanbi.org [Note that these data are not available at this URL as of 2021],Swati,Ken-ichi Ueda,2021-10-21T20:38:48Z
348763,umhlafutfwa,und,"","",South African National Biodiversity Institute. 2021. Botanical Database of Southern Africa (BODATSA) [offline dataset]. http://newposa.sanbi.org [Note that these data are not available at this URL as of 2021],Swati,Ken-ichi Ueda,2021-10-21T20:38:48Z
348763,umkhanyakudze,und,"","",South African National Biodiversity Institute. 2021. Botanical Database of Southern Africa (BODATSA) [offline dataset]. http://newposa.sanbi.org [Note that these data are not available at this URL as of 2021],Swati,Ken-ichi Ueda,2021-10-21T20:38:49Z
597500,umsongo,und,"","",South African National Biodiversity Institute. 2021. Botanical Database of Southern Africa (BODATSA) [offline dataset]. http://newposa.sanbi.org [Note that these data are not available at this URL as of 2021],Swati,Ken-ichi Ueda,2021-10-21T20:38:49Z
239074,lemanamana,und,"","",South African National Biodiversity Institute. 2021. Botanical Database of Southern Africa (BODATSA) [offline dataset]. http://newposa.sanbi.org [Note that these data are not available at this URL as of 2021],Swati,Ken-ichi Ueda,2021-10-21T20:38:49Z
239074,lenamo,und,"","",South African National Biodiversity Institute. 2021. Botanical Database of Southern Africa (BODATSA) [offline dataset]. http://newposa.sanbi.org [Note that these data are not available at this URL as of 2021],Swati,Ken-ichi Ueda,2021-10-21T20:38:50Z
430600,inThungunyembe,und,"","",South African National Biodiversity Institute. 2021. Botanical Database of Southern Africa (BODATSA) [offline dataset]. http://newposa.sanbi.org [Note that these data are not available at this URL as of 2021],Swati,Ken-ichi Ueda,2021-10-21T20:38:50Z
430600,ubulilungu,und,"","",South African National Biodiversity Institute. 2021. Botanical Database of Southern Africa (BODATSA) [offline dataset]. http://newposa.sanbi.org [Note that these data are not available at this URL as of 2021],Swati,Ken-ichi Ueda,2021-10-21T20:38:50Z
430600,umHlunguuyembe,und,"","",South African National Biodiversity Institute. 2021. Botanical Database of Southern Africa (BODATSA) [offline dataset]. http://newposa.sanbi.org [Note that these data are not available at this URL as of 2021],Swati,Ken-ichi Ueda,2021-10-21T20:38:51Z
579088,sisila-semphala,und,"","",South African National Biodiversity Institute. 2021. Botanical Database of Southern Africa (BODATSA) [offline dataset]. http://newposa.sanbi.org [Note that these data are not available at this URL as of 2021],Swati,Ken-ichi Ueda,2021-10-21T20:38:51Z
579167,umphatsankhosi,und,"","",South African National Biodiversity Institute. 2021. Botanical Database of Southern Africa (BODATSA) [offline dataset]. http://newposa.sanbi.org [Note that these data are not available at this URL as of 2021],Swati,Ken-ichi Ueda,2021-10-21T20:38:51Z
597569,hlakahla,und,"","",South African National Biodiversity Institute. 2021. Botanical Database of Southern Africa (BODATSA) [offline dataset]. http://newposa.sanbi.org [Note that these data are not available at this URL as of 2021],Swati,Ken-ichi Ueda,2021-10-21T20:38:52Z
597591,ligowane,und,"","",South African National Biodiversity Institute. 2021. Botanical Database of Southern Africa (BODATSA) [offline dataset]. http://newposa.sanbi.org [Note that these data are not available at this URL as of 2021],Swati,Ken-ichi Ueda,2021-10-21T20:38:52Z
340175,nala,und,"","",South African National Biodiversity Institute. 2021. Botanical Database of Southern Africa (BODATSA) [offline dataset]. http://newposa.sanbi.org [Note that these data are not available at this URL as of 2021],Swati,Ken-ichi Ueda,2021-10-21T20:38:52Z
340175,nala-nyala,und,"","",South African National Biodiversity Institute. 2021. Botanical Database of Southern Africa (BODATSA) [offline dataset]. http://newposa.sanbi.org [Note that these data are not available at this URL as of 2021],Swati,Ken-ichi Ueda,2021-10-21T20:38:53Z
340175,umnala,und,"","",South African National Biodiversity Institute. 2021. Botanical Database of Southern Africa (BODATSA) [offline dataset]. http://newposa.sanbi.org [Note that these data are not available at this URL as of 2021],Swati,Ken-ichi Ueda,2021-10-21T20:38:53Z
340162,umtfololwane,und,"","",South African National Biodiversity Institute. 2021. Botanical Database of Southern Africa (BODATSA) [offline dataset]. http://newposa.sanbi.org [Note that these data are not available at this URL as of 2021],Swati,Ken-ichi Ueda,2021-10-21T20:38:53Z
340225,sivangatane,und,"","",South African National Biodiversity Institute. 2021. Botanical Database of Southern Africa (BODATSA) [offline dataset]. http://newposa.sanbi.org [Note that these data are not available at this URL as of 2021],Swati,Ken-ichi Ueda,2021-10-21T20:38:54Z
119911,gib'iziphoso,und,"","",South African National Biodiversity Institute. 2021. Botanical Database of Southern Africa (BODATSA) [offline dataset]. http://newposa.sanbi.org [Note that these data are not available at this URL as of 2021],Swati,Ken-ichi Ueda,2021-10-21T20:38:54Z
579530,sono,und,"","",South African National Biodiversity Institute. 2021. Botanical Database of Southern Africa (BODATSA) [offline dataset]. http://newposa.sanbi.org [Note that these data are not available at this URL as of 2021],Swati,Ken-ichi Ueda,2021-10-21T20:38:54Z
597611,ikhathaza,und,"","",South African National Biodiversity Institute. 2021. Botanical Database of Southern Africa (BODATSA) [offline dataset]. http://newposa.sanbi.org [Note that these data are not available at this URL as of 2021],Swati,Ken-ichi Ueda,2021-10-21T20:38:55Z
597611,ikhathazo,und,"","",South African National Biodiversity Institute. 2021. Botanical Database of Southern Africa (BODATSA) [offline dataset]. http://newposa.sanbi.org [Note that these data are not available at this URL as of 2021],Swati,Ken-ichi Ueda,2021-10-21T20:38:55Z
597611,inkatsankatsa,und,"","",South African National Biodiversity Institute. 2021. Botanical Database of Southern Africa (BODATSA) [offline dataset]. http://newposa.sanbi.org [Note that these data are not available at this URL as of 2021],Swati,Ken-ichi Ueda,2021-10-21T20:38:55Z
597611,likhatsato,und,"","",South African National Biodiversity Institute. 2021. Botanical Database of Southern Africa (BODATSA) [offline dataset]. http://newposa.sanbi.org [Note that these data are not available at this URL as of 2021],Swati,Ken-ichi Ueda,2021-10-21T20:38:55Z
597621,inhlangushane,und,"","",South African National Biodiversity Institute. 2021. Botanical Database of Southern Africa (BODATSA) [offline dataset]. http://newposa.sanbi.org [Note that these data are not available at this URL as of 2021],Swati,Ken-ichi Ueda,2021-10-21T20:38:56Z
81518,imbovane,und,"","",South African National Biodiversity Institute. 2021. Botanical Database of Southern Africa (BODATSA) [offline dataset]. http://newposa.sanbi.org [Note that these data are not available at this URL as of 2021],Swati,Ken-ichi Ueda,2021-10-21T20:38:56Z
560374,inhlaba,und,"","",South African National Biodiversity Institute. 2021. Botanical Database of Southern Africa (BODATSA) [offline dataset]. http://newposa.sanbi.org [Note that these data are not available at this URL as of 2021],Swati,Ken-ichi Ueda,2021-10-21T20:38:56Z
579604,Inhlaba,und,"","",South African National Biodiversity Institute. 2021. Botanical Database of Southern Africa (BODATSA) [offline dataset]. http://newposa.sanbi.org [Note that these data are not available at this URL as of 2021],Swati,Ken-ichi Ueda,2021-10-21T20:38:57Z
579625,inhlatjana,und,"","",South African National Biodiversity Institute. 2021. Botanical Database of Southern Africa (BODATSA) [offline dataset]. http://newposa.sanbi.org [Note that these data are not available at this URL as of 2021],Swati,Ken-ichi Ueda,2021-10-21T20:38:57Z
597639,lihlala,und,"","",South African National Biodiversity Institute. 2021. Botanical Database of Southern Africa (BODATSA) [offline dataset]. http://newposa.sanbi.org [Note that these data are not available at this URL as of 2021],Swati,Ken-ichi Ueda,2021-10-21T20:38:58Z
158255,imbuyo,und,"","",South African National Biodiversity Institute. 2021. Botanical Database of Southern Africa (BODATSA) [offline dataset]. http://newposa.sanbi.org [Note that these data are not available at this URL as of 2021],Swati,Ken-ichi Ueda,2021-10-21T20:38:59Z
579836,bukhunkhu,und,"","",South African National Biodiversity Institute. 2021. Botanical Database of Southern Africa (BODATSA) [offline dataset]. http://newposa.sanbi.org [Note that these data are not available at this URL as of 2021],Swati,Ken-ichi Ueda,2021-10-21T20:39:00Z
579836,umsimbitsi,und,"","",South African National Biodiversity Institute. 2021. Botanical Database of Southern Africa (BODATSA) [offline dataset]. http://newposa.sanbi.org [Note that these data are not available at this URL as of 2021],Swati,Ken-ichi Ueda,2021-10-21T20:39:00Z
597721,umtelemba,und,"","",South African National Biodiversity Institute. 2021. Botanical Database of Southern Africa (BODATSA) [offline dataset]. http://newposa.sanbi.org [Note that these data are not available at this URL as of 2021],Swati,Ken-ichi Ueda,2021-10-21T20:39:00Z
597721,umtelembu,und,"","",South African National Biodiversity Institute. 2021. Botanical Database of Southern Africa (BODATSA) [offline dataset]. http://newposa.sanbi.org [Note that these data are not available at this URL as of 2021],Swati,Ken-ichi Ueda,2021-10-21T20:39:01Z
934711,sichobochobo,und,"","",South African National Biodiversity Institute. 2021. Botanical Database of Southern Africa (BODATSA) [offline dataset]. http://newposa.sanbi.org [Note that these data are not available at this URL as of 2021],Swati,Ken-ichi Ueda,2021-10-21T20:39:01Z
132972,umhobohobo,und,"","",South African National Biodiversity Institute. 2021. Botanical Database of Southern Africa (BODATSA) [offline dataset]. http://newposa.sanbi.org [Note that these data are not available at this URL as of 2021],Swati,Ken-ichi Ueda,2021-10-21T20:39:01Z
340136,hubulu,und,"","",South African National Biodiversity Institute. 2021. Botanical Database of Southern Africa (BODATSA) [offline dataset]. http://newposa.sanbi.org [Note that these data are not available at this URL as of 2021],Swati,Ken-ichi Ueda,2021-10-21T20:39:02Z
340136,inhlalahubulu,und,"","",South African National Biodiversity Institute. 2021. Botanical Database of Southern Africa (BODATSA) [offline dataset]. http://newposa.sanbi.org [Note that these data are not available at this URL as of 2021],Swati,Ken-ichi Ueda,2021-10-21T20:39:02Z
340136,umhlala-mahubhulu,und,"","",South African National Biodiversity Institute. 2021. Botanical Database of Southern Africa (BODATSA) [offline dataset]. http://newposa.sanbi.org [Note that these data are not available at this URL as of 2021],Swati,Ken-ichi Ueda,2021-10-21T20:39:02Z
340136,umhlalanyoni,und,"","",South African National Biodiversity Institute. 2021. Botanical Database of Southern Africa (BODATSA) [offline dataset]. http://newposa.sanbi.org [Note that these data are not available at this URL as of 2021],Swati,Ken-ichi Ueda,2021-10-21T20:39:03Z
597739,umdzakane,und,"","",South African National Biodiversity Institute. 2021. Botanical Database of Southern Africa (BODATSA) [offline dataset]. http://newposa.sanbi.org [Note that these data are not available at this URL as of 2021],Swati,Ken-ichi Ueda,2021-10-21T20:39:03Z
580227,phayimashimane,und,"","",South African National Biodiversity Institute. 2021. Botanical Database of Southern Africa (BODATSA) [offline dataset]. http://newposa.sanbi.org [Note that these data are not available at this URL as of 2021],Swati,Ken-ichi Ueda,2021-10-21T20:39:03Z
469309,luphephetse,und,"","",South African National Biodiversity Institute. 2021. Botanical Database of Southern Africa (BODATSA) [offline dataset]. http://newposa.sanbi.org [Note that these data are not available at this URL as of 2021],Swati,Ken-ichi Ueda,2021-10-21T20:39:04Z
469309,sephomolo,und,"","",South African National Biodiversity Institute. 2021. Botanical Database of Southern Africa (BODATSA) [offline dataset]. http://newposa.sanbi.org [Note that these data are not available at this URL as of 2021],Swati,Ken-ichi Ueda,2021-10-21T20:39:04Z
184447,sikhumekele,und,"","",South African National Biodiversity Institute. 2021. Botanical Database of Southern Africa (BODATSA) [offline dataset]. http://newposa.sanbi.org [Note that these data are not available at this URL as of 2021],Swati,Ken-ichi Ueda,2021-10-21T20:39:04Z
597939,liphambo,und,"","",South African National Biodiversity Institute. 2021. Botanical Database of Southern Africa (BODATSA) [offline dataset]. http://newposa.sanbi.org [Note that these data are not available at this URL as of 2021],Swati,Ken-ichi Ueda,2021-10-21T20:39:04Z
597939,manono,und,"","",South African National Biodiversity Institute. 2021. Botanical Database of Southern Africa (BODATSA) [offline dataset]. http://newposa.sanbi.org [Note that these data are not available at this URL as of 2021],Swati,Ken-ichi Ueda,2021-10-21T20:39:05Z
597939,umnono,und,"","",South African National Biodiversity Institute. 2021. Botanical Database of Southern Africa (BODATSA) [offline dataset]. http://newposa.sanbi.org [Note that these data are not available at this URL as of 2021],Swati,Ken-ichi Ueda,2021-10-21T20:39:05Z
597939,Umnulu,und,"","",South African National Biodiversity Institute. 2021. Botanical Database of Southern Africa (BODATSA) [offline dataset]. http://newposa.sanbi.org [Note that these data are not available at this URL as of 2021],Swati,Ken-ichi Ueda,2021-10-21T20:39:05Z
597939,umnunu,und,"","",South African National Biodiversity Institute. 2021. Botanical Database of Southern Africa (BODATSA) [offline dataset]. http://newposa.sanbi.org [Note that these data are not available at this URL as of 2021],Swati,Ken-ichi Ueda,2021-10-21T20:39:06Z
597939,umNunumi,und,"","",South African National Biodiversity Institute. 2021. Botanical Database of Southern Africa (BODATSA) [offline dataset]. http://newposa.sanbi.org [Note that these data are not available at this URL as of 2021],Swati,Ken-ichi Ueda,2021-10-21T20:39:06Z
159197,isololo,und,"","",South African National Biodiversity Institute. 2021. Botanical Database of Southern Africa (BODATSA) [offline dataset]. http://newposa.sanbi.org [Note that these data are not available at this URL as of 2021],Swati,Ken-ichi Ueda,2021-10-21T20:39:07Z
159197,kisololo,und,"","",South African National Biodiversity Institute. 2021. Botanical Database of Southern Africa (BODATSA) [offline dataset]. http://newposa.sanbi.org [Note that these data are not available at this URL as of 2021],Swati,Ken-ichi Ueda,2021-10-21T20:39:07Z
159197,lusololo,und,"","",South African National Biodiversity Institute. 2021. Botanical Database of Southern Africa (BODATSA) [offline dataset]. http://newposa.sanbi.org [Note that these data are not available at this URL as of 2021],Swati,Ken-ichi Ueda,2021-10-21T20:39:07Z
581106,mavambuka,und,"","",South African National Biodiversity Institute. 2021. Botanical Database of Southern Africa (BODATSA) [offline dataset]. http://newposa.sanbi.org [Note that these data are not available at this URL as of 2021],Swati,Ken-ichi Ueda,2021-10-21T20:39:08Z
581106,ulimi-lwenkomo,und,"","",South African National Biodiversity Institute. 2021. Botanical Database of Southern Africa (BODATSA) [offline dataset]. http://newposa.sanbi.org [Note that these data are not available at this URL as of 2021],Swati,Ken-ichi Ueda,2021-10-21T20:39:08Z
581115,sindiyandiya,und,"","",South African National Biodiversity Institute. 2021. Botanical Database of Southern Africa (BODATSA) [offline dataset]. http://newposa.sanbi.org [Note that these data are not available at this URL as of 2021],Swati,Ken-ichi Ueda,2021-10-21T20:39:09Z
428023,umhohlo,und,"","",South African National Biodiversity Institute. 2021. Botanical Database of Southern Africa (BODATSA) [offline dataset]. http://newposa.sanbi.org [Note that these data are not available at this URL as of 2021],Swati,Ken-ichi Ueda,2021-10-21T20:39:09Z
367465,incumbe,und,"","",South African National Biodiversity Institute. 2021. Botanical Database of Southern Africa (BODATSA) [offline dataset]. http://newposa.sanbi.org [Note that these data are not available at this URL as of 2021],Swati,Ken-ichi Ueda,2021-10-21T20:39:09Z
367465,siphahluka,und,"","",South African National Biodiversity Institute. 2021. Botanical Database of Southern Africa (BODATSA) [offline dataset]. http://newposa.sanbi.org [Note that these data are not available at this URL as of 2021],Swati,Ken-ichi Ueda,2021-10-21T20:39:10Z
70065,ingwavuma-lensikati,und,"","",South African National Biodiversity Institute. 2021. Botanical Database of Southern Africa (BODATSA) [offline dataset]. http://newposa.sanbi.org [Note that these data are not available at this URL as of 2021],Swati,Ken-ichi Ueda,2021-10-21T20:39:10Z
70065,siphiso,und,"","",South African National Biodiversity Institute. 2021. Botanical Database of Southern Africa (BODATSA) [offline dataset]. http://newposa.sanbi.org [Note that these data are not available at this URL as of 2021],Swati,Ken-ichi Ueda,2021-10-21T20:39:10Z
598017,gibizisila,und,"","",South African National Biodiversity Institute. 2021. Botanical Database of Southern Africa (BODATSA) [offline dataset]. http://newposa.sanbi.org [Note that these data are not available at this URL as of 2021],Swati,Ken-ichi Ueda,2021-10-21T20:39:11Z
430737,luchwimi,und,"","",South African National Biodiversity Institute. 2021. Botanical Database of Southern Africa (BODATSA) [offline dataset]. http://newposa.sanbi.org [Note that these data are not available at this URL as of 2021],Swati,Ken-ichi Ueda,2021-10-21T20:39:11Z
567699,umphahla,und,"","",South African National Biodiversity Institute. 2021. Botanical Database of Southern Africa (BODATSA) [offline dataset]. http://newposa.sanbi.org [Note that these data are not available at this URL as of 2021],Swati,Ken-ichi Ueda,2021-10-21T20:39:11Z
581263,ligcebe,und,"","",South African National Biodiversity Institute. 2021. Botanical Database of Southern Africa (BODATSA) [offline dataset]. http://newposa.sanbi.org [Note that these data are not available at this URL as of 2021],Swati,Ken-ichi Ueda,2021-10-21T20:39:12Z
429244,umhlume,und,"","",South African National Biodiversity Institute. 2021. Botanical Database of Southern Africa (BODATSA) [offline dataset]. http://newposa.sanbi.org [Note that these data are not available at this URL as of 2021],Swati,Ken-ichi Ueda,2021-10-21T20:39:12Z
598034,umnwangasi,und,"","",South African National Biodiversity Institute. 2021. Botanical Database of Southern Africa (BODATSA) [offline dataset]. http://newposa.sanbi.org [Note that these data are not available at this URL as of 2021],Swati,Ken-ichi Ueda,2021-10-21T20:39:12Z
132932,umhlala-magcwababa,und,"","",South African National Biodiversity Institute. 2021. Botanical Database of Southern Africa (BODATSA) [offline dataset]. http://newposa.sanbi.org [Note that these data are not available at this URL as of 2021],Swati,Ken-ichi Ueda,2021-10-21T20:39:12Z
581440,lilula,und,"","",South African National Biodiversity Institute. 2021. Botanical Database of Southern Africa (BODATSA) [offline dataset]. http://newposa.sanbi.org [Note that these data are not available at this URL as of 2021],Swati,Ken-ichi Ueda,2021-10-21T20:39:13Z
75917,umgceba,und,"","",South African National Biodiversity Institute. 2021. Botanical Database of Southern Africa (BODATSA) [offline dataset]. http://newposa.sanbi.org [Note that these data are not available at this URL as of 2021],Swati,Ken-ichi Ueda,2021-10-21T20:39:13Z
211103,umbatancwepe,und,"","",South African National Biodiversity Institute. 2021. Botanical Database of Southern Africa (BODATSA) [offline dataset]. http://newposa.sanbi.org [Note that these data are not available at this URL as of 2021],Swati,Ken-ichi Ueda,2021-10-21T20:39:14Z
320155,mahlosana,und,"","",South African National Biodiversity Institute. 2021. Botanical Database of Southern Africa (BODATSA) [offline dataset]. http://newposa.sanbi.org [Note that these data are not available at this URL as of 2021],Swati,Ken-ichi Ueda,2021-10-21T20:39:14Z
320155,mahlozana,und,"","",South African National Biodiversity Institute. 2021. Botanical Database of Southern Africa (BODATSA) [offline dataset]. http://newposa.sanbi.org [Note that these data are not available at this URL as of 2021],Swati,Ken-ichi Ueda,2021-10-21T20:39:14Z
581623,mila,und,"","",South African National Biodiversity Institute. 2021. Botanical Database of Southern Africa (BODATSA) [offline dataset]. http://newposa.sanbi.org [Note that these data are not available at this URL as of 2021],Swati,Ken-ichi Ueda,2021-10-21T20:39:15Z
184342,umbhaba,und,"","",South African National Biodiversity Institute. 2021. Botanical Database of Southern Africa (BODATSA) [offline dataset]. http://newposa.sanbi.org [Note that these data are not available at this URL as of 2021],Swati,Ken-ichi Ueda,2021-10-21T20:39:15Z
598053,umphendvulo,und,"","",South African National Biodiversity Institute. 2021. Botanical Database of Southern Africa (BODATSA) [offline dataset]. http://newposa.sanbi.org [Note that these data are not available at this URL as of 2021],Swati,Ken-ichi Ueda,2021-10-21T20:39:15Z
128773,isangu,und,"","",South African National Biodiversity Institute. 2021. Botanical Database of Southern Africa (BODATSA) [offline dataset]. http://newposa.sanbi.org [Note that these data are not available at this URL as of 2021],Swati,Ken-ichi Ueda,2021-10-21T20:39:16Z
581724,sangongongo,und,"","",South African National Biodiversity Institute. 2021. Botanical Database of Southern Africa (BODATSA) [offline dataset]. http://newposa.sanbi.org [Note that these data are not available at this URL as of 2021],Swati,Ken-ichi Ueda,2021-10-21T20:39:16Z
581725,umevane,und,"","",South African National Biodiversity Institute. 2021. Botanical Database of Southern Africa (BODATSA) [offline dataset]. http://newposa.sanbi.org [Note that these data are not available at this URL as of 2021],Swati,Ken-ichi Ueda,2021-10-21T20:39:16Z
581725,umvutfwamini,und,"","",South African National Biodiversity Institute. 2021. Botanical Database of Southern Africa (BODATSA) [offline dataset]. http://newposa.sanbi.org [Note that these data are not available at this URL as of 2021],Swati,Ken-ichi Ueda,2021-10-21T20:39:17Z
342724,imphololwane,und,"","",South African National Biodiversity Institute. 2021. Botanical Database of Southern Africa (BODATSA) [offline dataset]. http://newposa.sanbi.org [Note that these data are not available at this URL as of 2021],Swati,Ken-ichi Ueda,2021-10-21T20:39:17Z
342724,inkhokhola,und,"","",South African National Biodiversity Institute. 2021. Botanical Database of Southern Africa (BODATSA) [offline dataset]. http://newposa.sanbi.org [Note that these data are not available at this URL as of 2021],Swati,Ken-ichi Ueda,2021-10-21T20:39:17Z
342724,inkunzebovo,und,"","",South African National Biodiversity Institute. 2021. Botanical Database of Southern Africa (BODATSA) [offline dataset]. http://newposa.sanbi.org [Note that these data are not available at this URL as of 2021],Swati,Ken-ichi Ueda,2021-10-21T20:39:17Z
342724,inkunzibomvu,und,"","",South African National Biodiversity Institute. 2021. Botanical Database of Southern Africa (BODATSA) [offline dataset]. http://newposa.sanbi.org [Note that these data are not available at this URL as of 2021],Swati,Ken-ichi Ueda,2021-10-21T20:39:18Z
342724,inkunzibovu,und,"","",South African National Biodiversity Institute. 2021. Botanical Database of Southern Africa (BODATSA) [offline dataset]. http://newposa.sanbi.org [Note that these data are not available at this URL as of 2021],Swati,Ken-ichi Ueda,2021-10-21T20:39:18Z
337803,umvusankunzi,und,"","",South African National Biodiversity Institute. 2021. Botanical Database of Southern Africa (BODATSA) [offline dataset]. http://newposa.sanbi.org [Note that these data are not available at this URL as of 2021],Swati,Ken-ichi Ueda,2021-10-21T20:39:18Z
168847,lilyanyoka,und,"","",South African National Biodiversity Institute. 2021. Botanical Database of Southern Africa (BODATSA) [offline dataset]. http://newposa.sanbi.org [Note that these data are not available at this URL as of 2021],Swati,Ken-ichi Ueda,2021-10-21T20:39:19Z
340244,li-joyi,und,"","",South African National Biodiversity Institute. 2021. Botanical Database of Southern Africa (BODATSA) [offline dataset]. http://newposa.sanbi.org [Note that these data are not available at this URL as of 2021],Swati,Ken-ichi Ueda,2021-10-21T20:39:19Z
598071,umkhukhuze,und,"","",South African National Biodiversity Institute. 2021. Botanical Database of Southern Africa (BODATSA) [offline dataset]. http://newposa.sanbi.org [Note that these data are not available at this URL as of 2021],Swati,Ken-ichi Ueda,2021-10-21T20:39:19Z
581795,sihloko,und,"","",South African National Biodiversity Institute. 2021. Botanical Database of Southern Africa (BODATSA) [offline dataset]. http://newposa.sanbi.org [Note that these data are not available at this URL as of 2021],Swati,Ken-ichi Ueda,2021-10-21T20:39:20Z
581796,inyandezulu,und,"","",South African National Biodiversity Institute. 2021. Botanical Database of Southern Africa (BODATSA) [offline dataset]. http://newposa.sanbi.org [Note that these data are not available at this URL as of 2021],Swati,Ken-ichi Ueda,2021-10-21T20:39:20Z
342720,umchafutane,und,"","",South African National Biodiversity Institute. 2021. Botanical Database of Southern Africa (BODATSA) [offline dataset]. http://newposa.sanbi.org [Note that these data are not available at this URL as of 2021],Swati,Ken-ichi Ueda,2021-10-21T20:39:20Z
190367,umlomo-mnadzi,und,"","",South African National Biodiversity Institute. 2021. Botanical Database of Southern Africa (BODATSA) [offline dataset]. http://newposa.sanbi.org [Note that these data are not available at this URL as of 2021],Swati,Ken-ichi Ueda,2021-10-21T20:39:21Z
559533,sikhwakhwane,und,"","",South African National Biodiversity Institute. 2021. Botanical Database of Southern Africa (BODATSA) [offline dataset]. http://newposa.sanbi.org [Note that these data are not available at this URL as of 2021],Swati,Ken-ichi Ueda,2021-10-21T20:39:21Z
133950,umvumvu,und,"","",South African National Biodiversity Institute. 2021. Botanical Database of Southern Africa (BODATSA) [offline dataset]. http://newposa.sanbi.org [Note that these data are not available at this URL as of 2021],Swati,Ken-ichi Ueda,2021-10-21T20:39:21Z
143542,uzinhlu,und,"","",South African National Biodiversity Institute. 2021. Botanical Database of Southern Africa (BODATSA) [offline dataset]. http://newposa.sanbi.org [Note that these data are not available at this URL as of 2021],Swati,Ken-ichi Ueda,2021-10-21T20:39:22Z
581875,umfomfo,und,"","",South African National Biodiversity Institute. 2021. Botanical Database of Southern Africa (BODATSA) [offline dataset]. http://newposa.sanbi.org [Note that these data are not available at this URL as of 2021],Swati,Ken-ichi Ueda,2021-10-21T20:39:22Z
160359,ludvonca,und,"","",South African National Biodiversity Institute. 2021. Botanical Database of Southern Africa (BODATSA) [offline dataset]. http://newposa.sanbi.org [Note that these data are not available at this URL as of 2021],Swati,Ken-ichi Ueda,2021-10-21T20:39:22Z
160359,udonqa,und,"","",South African National Biodiversity Institute. 2021. Botanical Database of Southern Africa (BODATSA) [offline dataset]. http://newposa.sanbi.org [Note that these data are not available at this URL as of 2021],Swati,Ken-ichi Ueda,2021-10-21T20:39:22Z
469317,umbambangwe,und,"","",South African National Biodiversity Institute. 2021. Botanical Database of Southern Africa (BODATSA) [offline dataset]. http://newposa.sanbi.org [Note that these data are not available at this URL as of 2021],Swati,Ken-ichi Ueda,2021-10-21T20:39:23Z
58127,umbicicane,und,"","",South African National Biodiversity Institute. 2021. Botanical Database of Southern Africa (BODATSA) [offline dataset]. http://newposa.sanbi.org [Note that these data are not available at this URL as of 2021],Swati,Ken-ichi Ueda,2021-10-21T20:39:23Z
58127,umbikicane,und,"","",South African National Biodiversity Institute. 2021. Botanical Database of Southern Africa (BODATSA) [offline dataset]. http://newposa.sanbi.org [Note that these data are not available at this URL as of 2021],Swati,Ken-ichi Ueda,2021-10-21T20:39:23Z
588002,indlenyatsi,und,"","",South African National Biodiversity Institute. 2021. Botanical Database of Southern Africa (BODATSA) [offline dataset]. http://newposa.sanbi.org [Note that these data are not available at this URL as of 2021],Swati,Ken-ichi Ueda,2021-10-21T20:39:24Z
404420,litfolonja,und,"","",South African National Biodiversity Institute. 2021. Botanical Database of Southern Africa (BODATSA) [offline dataset]. http://newposa.sanbi.org [Note that these data are not available at this URL as of 2021],Swati,Ken-ichi Ueda,2021-10-21T20:39:24Z
70054,litjoti,und,"","",South African National Biodiversity Institute. 2021. Botanical Database of Southern Africa (BODATSA) [offline dataset]. http://newposa.sanbi.org [Note that these data are not available at this URL as of 2021],Swati,Ken-ichi Ueda,2021-10-21T20:39:25Z
340096,imbiza,und,"","",South African National Biodiversity Institute. 2021. Botanical Database of Southern Africa (BODATSA) [offline dataset]. http://newposa.sanbi.org [Note that these data are not available at this URL as of 2021],Swati,Ken-ichi Ueda,2021-10-21T20:39:25Z
340096,umjono,und,"","",South African National Biodiversity Institute. 2021. Botanical Database of Southern Africa (BODATSA) [offline dataset]. http://newposa.sanbi.org [Note that these data are not available at this URL as of 2021],Swati,Ken-ichi Ueda,2021-10-21T20:39:25Z
598203,umbangadloti,und,"","",South African National Biodiversity Institute. 2021. Botanical Database of Southern Africa (BODATSA) [offline dataset]. http://newposa.sanbi.org [Note that these data are not available at this URL as of 2021],Swati,Ken-ichi Ueda,2021-10-21T20:39:26Z
598203,umnukelambiba,und,"","",South African National Biodiversity Institute. 2021. Botanical Database of Southern Africa (BODATSA) [offline dataset]. http://newposa.sanbi.org [Note that these data are not available at this URL as of 2021],Swati,Ken-ichi Ueda,2021-10-21T20:39:26Z
582302,litinyo-lemamba,und,"","",South African National Biodiversity Institute. 2021. Botanical Database of Southern Africa (BODATSA) [offline dataset]. http://newposa.sanbi.org [Note that these data are not available at this URL as of 2021],Swati,Ken-ichi Ueda,2021-10-21T20:39:26Z
582306,nyokana,und,"","",South African National Biodiversity Institute. 2021. Botanical Database of Southern Africa (BODATSA) [offline dataset]. http://newposa.sanbi.org [Note that these data are not available at this URL as of 2021],Swati,Ken-ichi Ueda,2021-10-21T20:39:27Z
466921,lihlozi,und,"","",South African National Biodiversity Institute. 2021. Botanical Database of Southern Africa (BODATSA) [offline dataset]. http://newposa.sanbi.org [Note that these data are not available at this URL as of 2021],Swati,Ken-ichi Ueda,2021-10-21T20:39:28Z
582500,sikwakhwane,und,"","",South African National Biodiversity Institute. 2021. Botanical Database of Southern Africa (BODATSA) [offline dataset]. http://newposa.sanbi.org [Note that these data are not available at this URL as of 2021],Swati,Ken-ichi Ueda,2021-10-21T20:39:29Z
122835,Amadumbe,und,"","",South African National Biodiversity Institute. 2021. Botanical Database of Southern Africa (BODATSA) [offline dataset]. http://newposa.sanbi.org [Note that these data are not available at this URL as of 2021],Swati,Ken-ichi Ueda,2021-10-21T20:39:29Z
340060,imbondvo lemnyama,und,"","",South African National Biodiversity Institute. 2021. Botanical Database of Southern Africa (BODATSA) [offline dataset]. http://newposa.sanbi.org [Note that these data are not available at this URL as of 2021],Swati,Ken-ichi Ueda,2021-10-21T20:39:29Z
340060,imbondwe lemhlope,und,"","",South African National Biodiversity Institute. 2021. Botanical Database of Southern Africa (BODATSA) [offline dataset]. http://newposa.sanbi.org [Note that these data are not available at this URL as of 2021],Swati,Ken-ichi Ueda,2021-10-21T20:39:30Z
340060,inkukutu,und,"","",South African National Biodiversity Institute. 2021. Botanical Database of Southern Africa (BODATSA) [offline dataset]. http://newposa.sanbi.org [Note that these data are not available at this URL as of 2021],Swati,Ken-ichi Ueda,2021-10-21T20:39:30Z
340060,mohudiri,und,"","",South African National Biodiversity Institute. 2021. Botanical Database of Southern Africa (BODATSA) [offline dataset]. http://newposa.sanbi.org [Note that these data are not available at this URL as of 2021],Swati,Ken-ichi Ueda,2021-10-21T20:39:30Z
340060,umbondomyana,und,"","",South African National Biodiversity Institute. 2021. Botanical Database of Southern Africa (BODATSA) [offline dataset]. http://newposa.sanbi.org [Note that these data are not available at this URL as of 2021],Swati,Ken-ichi Ueda,2021-10-21T20:39:30Z
598275,imbondvo lemhlophe,und,"","",South African National Biodiversity Institute. 2021. Botanical Database of Southern Africa (BODATSA) [offline dataset]. http://newposa.sanbi.org [Note that these data are not available at this URL as of 2021],Swati,Ken-ichi Ueda,2021-10-21T20:39:31Z
135389,imbondvo lemhlope,und,"","",South African National Biodiversity Institute. 2021. Botanical Database of Southern Africa (BODATSA) [offline dataset]. http://newposa.sanbi.org [Note that these data are not available at this URL as of 2021],Swati,Ken-ichi Ueda,2021-10-21T20:39:31Z
135389,imbondvo-lemhlophe,und,"","",South African National Biodiversity Institute. 2021. Botanical Database of Southern Africa (BODATSA) [offline dataset]. http://newposa.sanbi.org [Note that these data are not available at this URL as of 2021],Swati,Ken-ichi Ueda,2021-10-21T20:39:31Z
135389,umdvubu,und,"","",South African National Biodiversity Institute. 2021. Botanical Database of Southern Africa (BODATSA) [offline dataset]. http://newposa.sanbi.org [Note that these data are not available at this URL as of 2021],Swati,Ken-ichi Ueda,2021-10-21T20:39:32Z
340062,isihlalavane,und,"","",South African National Biodiversity Institute. 2021. Botanical Database of Southern Africa (BODATSA) [offline dataset]. http://newposa.sanbi.org [Note that these data are not available at this URL as of 2021],Swati,Ken-ichi Ueda,2021-10-21T20:39:32Z
340062,sihlalavane,und,"","",South African National Biodiversity Institute. 2021. Botanical Database of Southern Africa (BODATSA) [offline dataset]. http://newposa.sanbi.org [Note that these data are not available at this URL as of 2021],Swati,Ken-ichi Ueda,2021-10-21T20:39:32Z
340062,umphulumbu,und,"","",South African National Biodiversity Institute. 2021. Botanical Database of Southern Africa (BODATSA) [offline dataset]. http://newposa.sanbi.org [Note that these data are not available at this URL as of 2021],Swati,Ken-ichi Ueda,2021-10-21T20:39:33Z
340408,impondozendhlovu,und,"","",South African National Biodiversity Institute. 2021. Botanical Database of Southern Africa (BODATSA) [offline dataset]. http://newposa.sanbi.org [Note that these data are not available at this URL as of 2021],Swati,Ken-ichi Ueda,2021-10-21T20:39:33Z
340408,um-mondo,und,"","",South African National Biodiversity Institute. 2021. Botanical Database of Southern Africa (BODATSA) [offline dataset]. http://newposa.sanbi.org [Note that these data are not available at this URL as of 2021],Swati,Ken-ichi Ueda,2021-10-21T20:39:33Z
340408,ummono,und,"","",South African National Biodiversity Institute. 2021. Botanical Database of Southern Africa (BODATSA) [offline dataset]. http://newposa.sanbi.org [Note that these data are not available at this URL as of 2021],Swati,Ken-ichi Ueda,2021-10-21T20:39:34Z
340408,umphondvotendlovu,und,"","",South African National Biodiversity Institute. 2021. Botanical Database of Southern Africa (BODATSA) [offline dataset]. http://newposa.sanbi.org [Note that these data are not available at this URL as of 2021],Swati,Ken-ichi Ueda,2021-10-21T20:39:34Z
340115,umhlalanyosi,und,"","",South African National Biodiversity Institute. 2021. Botanical Database of Southern Africa (BODATSA) [offline dataset]. http://newposa.sanbi.org [Note that these data are not available at this URL as of 2021],Swati,Ken-ichi Ueda,2021-10-21T20:39:34Z
598289,liminyela,und,"","",South African National Biodiversity Institute. 2021. Botanical Database of Southern Africa (BODATSA) [offline dataset]. http://newposa.sanbi.org [Note that these data are not available at this URL as of 2021],Swati,Ken-ichi Ueda,2021-10-21T20:39:35Z
559225,umbangandlala,und,"","",South African National Biodiversity Institute. 2021. Botanical Database of Southern Africa (BODATSA) [offline dataset]. http://newposa.sanbi.org [Note that these data are not available at this URL as of 2021],Swati,Ken-ichi Ueda,2021-10-21T20:39:35Z
559225,umnumbi,und,"","",South African National Biodiversity Institute. 2021. Botanical Database of Southern Africa (BODATSA) [offline dataset]. http://newposa.sanbi.org [Note that these data are not available at this URL as of 2021],Swati,Ken-ichi Ueda,2021-10-21T20:39:35Z
340351,litsambo-lenja,und,"","",South African National Biodiversity Institute. 2021. Botanical Database of Southern Africa (BODATSA) [offline dataset]. http://newposa.sanbi.org [Note that these data are not available at this URL as of 2021],Swati,Ken-ichi Ueda,2021-10-21T20:39:36Z
553571,igusha,und,"","",South African National Biodiversity Institute. 2021. Botanical Database of Southern Africa (BODATSA) [offline dataset]. http://newposa.sanbi.org [Note that these data are not available at this URL as of 2021],Swati,Ken-ichi Ueda,2021-10-21T20:39:36Z
582793,lilovu lelimyana,und,"","",South African National Biodiversity Institute. 2021. Botanical Database of Southern Africa (BODATSA) [offline dataset]. http://newposa.sanbi.org [Note that these data are not available at this URL as of 2021],Swati,Ken-ichi Ueda,2021-10-21T20:39:37Z
340260,thunzikhulu,und,"","",South African National Biodiversity Institute. 2021. Botanical Database of Southern Africa (BODATSA) [offline dataset]. http://newposa.sanbi.org [Note that these data are not available at this URL as of 2021],Swati,Ken-ichi Ueda,2021-10-21T20:39:37Z
340260,vovovo,und,"","",South African National Biodiversity Institute. 2021. Botanical Database of Southern Africa (BODATSA) [offline dataset]. http://newposa.sanbi.org [Note that these data are not available at this URL as of 2021],Swati,Ken-ichi Ueda,2021-10-21T20:39:37Z
598542,udwendweni,und,"","",South African National Biodiversity Institute. 2021. Botanical Database of Southern Africa (BODATSA) [offline dataset]. http://newposa.sanbi.org [Note that these data are not available at this URL as of 2021],Swati,Ken-ichi Ueda,2021-10-21T20:39:38Z
598569,umhuluka,und,"","",South African National Biodiversity Institute. 2021. Botanical Database of Southern Africa (BODATSA) [offline dataset]. http://newposa.sanbi.org [Note that these data are not available at this URL as of 2021],Swati,Ken-ichi Ueda,2021-10-21T20:39:38Z
598569,umwuluka,und,"","",South African National Biodiversity Institute. 2021. Botanical Database of Southern Africa (BODATSA) [offline dataset]. http://newposa.sanbi.org [Note that these data are not available at this URL as of 2021],Swati,Ken-ichi Ueda,2021-10-21T20:39:38Z
583078,mwuluka,und,"","",South African National Biodiversity Institute. 2021. Botanical Database of Southern Africa (BODATSA) [offline dataset]. http://newposa.sanbi.org [Note that these data are not available at this URL as of 2021],Swati,Ken-ichi Ueda,2021-10-21T20:39:39Z
430901,nyakeni,und,"","",South African National Biodiversity Institute. 2021. Botanical Database of Southern Africa (BODATSA) [offline dataset]. http://newposa.sanbi.org [Note that these data are not available at this URL as of 2021],Swati,Ken-ichi Ueda,2021-10-21T20:39:39Z
583085,umncabe,und,"","",South African National Biodiversity Institute. 2021. Botanical Database of Southern Africa (BODATSA) [offline dataset]. http://newposa.sanbi.org [Note that these data are not available at this URL as of 2021],Swati,Ken-ichi Ueda,2021-10-21T20:39:39Z
490221,ili-ncayi,und,"","",South African National Biodiversity Institute. 2021. Botanical Database of Southern Africa (BODATSA) [offline dataset]. http://newposa.sanbi.org [Note that these data are not available at this URL as of 2021],Swati,Ken-ichi Ueda,2021-10-21T20:39:40Z
490221,isi-nwati,und,"","",South African National Biodiversity Institute. 2021. Botanical Database of Southern Africa (BODATSA) [offline dataset]. http://newposa.sanbi.org [Note that these data are not available at this URL as of 2021],Swati,Ken-ichi Ueda,2021-10-21T20:39:40Z
490221,lincayi,und,"","",South African National Biodiversity Institute. 2021. Botanical Database of Southern Africa (BODATSA) [offline dataset]. http://newposa.sanbi.org [Note that these data are not available at this URL as of 2021],Swati,Ken-ichi Ueda,2021-10-21T20:39:40Z
490221,um-poyi,und,"","",South African National Biodiversity Institute. 2021. Botanical Database of Southern Africa (BODATSA) [offline dataset]. http://newposa.sanbi.org [Note that these data are not available at this URL as of 2021],Swati,Ken-ichi Ueda,2021-10-21T20:39:40Z
543240,umsenge,und,"","",South African National Biodiversity Institute. 2021. Botanical Database of Southern Africa (BODATSA) [offline dataset]. http://newposa.sanbi.org [Note that these data are not available at this URL as of 2021],Swati,Ken-ichi Ueda,2021-10-21T20:39:41Z
143538,umsenga,und,"","",South African National Biodiversity Institute. 2021. Botanical Database of Southern Africa (BODATSA) [offline dataset]. http://newposa.sanbi.org [Note that these data are not available at this URL as of 2021],Swati,Ken-ichi Ueda,2021-10-21T20:39:41Z
320739,inkhomankhoma,und,"","",South African National Biodiversity Institute. 2021. Botanical Database of Southern Africa (BODATSA) [offline dataset]. http://newposa.sanbi.org [Note that these data are not available at this URL as of 2021],Swati,Ken-ichi Ueda,2021-10-21T20:39:41Z
320739,inkomankoma,und,"","",South African National Biodiversity Institute. 2021. Botanical Database of Southern Africa (BODATSA) [offline dataset]. http://newposa.sanbi.org [Note that these data are not available at this URL as of 2021],Swati,Ken-ichi Ueda,2021-10-21T20:39:42Z
401230,incoshane,und,"","",South African National Biodiversity Institute. 2021. Botanical Database of Southern Africa (BODATSA) [offline dataset]. http://newposa.sanbi.org [Note that these data are not available at this URL as of 2021],Swati,Ken-ichi Ueda,2021-10-21T20:39:42Z
342746,likhwane,und,"","",South African National Biodiversity Institute. 2021. Botanical Database of Southern Africa (BODATSA) [offline dataset]. http://newposa.sanbi.org [Note that these data are not available at this URL as of 2021],Swati,Ken-ichi Ueda,2021-10-21T20:39:42Z
469621,umpimpilizi,und,"","",South African National Biodiversity Institute. 2021. Botanical Database of Southern Africa (BODATSA) [offline dataset]. http://newposa.sanbi.org [Note that these data are not available at this URL as of 2021],Swati,Ken-ichi Ueda,2021-10-21T20:39:43Z
583419,intfocwane,und,"","",South African National Biodiversity Institute. 2021. Botanical Database of Southern Africa (BODATSA) [offline dataset]. http://newposa.sanbi.org [Note that these data are not available at this URL as of 2021],Swati,Ken-ichi Ueda,2021-10-21T20:39:43Z
430922,licobhe,und,"","",South African National Biodiversity Institute. 2021. Botanical Database of Southern Africa (BODATSA) [offline dataset]. http://newposa.sanbi.org [Note that these data are not available at this URL as of 2021],Swati,Ken-ichi Ueda,2021-10-21T20:39:43Z
430922,umgcophe,und,"","",South African National Biodiversity Institute. 2021. Botanical Database of Southern Africa (BODATSA) [offline dataset]. http://newposa.sanbi.org [Note that these data are not available at this URL as of 2021],Swati,Ken-ichi Ueda,2021-10-21T20:39:44Z
583424,imbabatane,und,"","",South African National Biodiversity Institute. 2021. Botanical Database of Southern Africa (BODATSA) [offline dataset]. http://newposa.sanbi.org [Note that these data are not available at this URL as of 2021],Swati,Ken-ichi Ueda,2021-10-21T20:39:44Z
55854,lijowe,und,"","",South African National Biodiversity Institute. 2021. Botanical Database of Southern Africa (BODATSA) [offline dataset]. http://newposa.sanbi.org [Note that these data are not available at this URL as of 2021],Swati,Ken-ichi Ueda,2021-10-21T20:39:44Z
349756,lusekwane,und,"","",South African National Biodiversity Institute. 2021. Botanical Database of Southern Africa (BODATSA) [offline dataset]. http://newposa.sanbi.org [Note that these data are not available at this URL as of 2021],Swati,Ken-ichi Ueda,2021-10-21T20:39:45Z
598701,umzilazembe,und,"","",South African National Biodiversity Institute. 2021. Botanical Database of Southern Africa (BODATSA) [offline dataset]. http://newposa.sanbi.org [Note that these data are not available at this URL as of 2021],Swati,Ken-ichi Ueda,2021-10-21T20:39:46Z
598708,inyongana,und,"","",South African National Biodiversity Institute. 2021. Botanical Database of Southern Africa (BODATSA) [offline dataset]. http://newposa.sanbi.org [Note that these data are not available at this URL as of 2021],Swati,Ken-ichi Ueda,2021-10-21T20:39:46Z
600191,mahlabane,und,"","",South African National Biodiversity Institute. 2021. Botanical Database of Southern Africa (BODATSA) [offline dataset]. http://newposa.sanbi.org [Note that these data are not available at this URL as of 2021],Swati,Ken-ichi Ueda,2021-10-21T20:39:47Z
600191,somanheva,und,"","",South African National Biodiversity Institute. 2021. Botanical Database of Southern Africa (BODATSA) [offline dataset]. http://newposa.sanbi.org [Note that these data are not available at this URL as of 2021],Swati,Ken-ichi Ueda,2021-10-21T20:39:47Z
583775,litsembu,und,"","",South African National Biodiversity Institute. 2021. Botanical Database of Southern Africa (BODATSA) [offline dataset]. http://newposa.sanbi.org [Note that these data are not available at this URL as of 2021],Swati,Ken-ichi Ueda,2021-10-21T20:39:47Z
141119,unyawo-lwendlovu,und,"","",South African National Biodiversity Institute. 2021. Botanical Database of Southern Africa (BODATSA) [offline dataset]. http://newposa.sanbi.org [Note that these data are not available at this URL as of 2021],Swati,Ken-ichi Ueda,2021-10-21T20:39:48Z
583851,lunyawolwendlovu,und,"","",South African National Biodiversity Institute. 2021. Botanical Database of Southern Africa (BODATSA) [offline dataset]. http://newposa.sanbi.org [Note that these data are not available at this URL as of 2021],Swati,Ken-ichi Ueda,2021-10-21T20:39:48Z
598735,lunyawo-lwendlovu,und,"","",South African National Biodiversity Institute. 2021. Botanical Database of Southern Africa (BODATSA) [offline dataset]. http://newposa.sanbi.org [Note that these data are not available at this URL as of 2021],Swati,Ken-ichi Ueda,2021-10-21T20:39:48Z
583883,umchafutane-lomnyama,und,"","",South African National Biodiversity Institute. 2021. Botanical Database of Southern Africa (BODATSA) [offline dataset]. http://newposa.sanbi.org [Note that these data are not available at this URL as of 2021],Swati,Ken-ichi Ueda,2021-10-21T20:39:49Z
583884,siphiphabantfwana,und,"","",South African National Biodiversity Institute. 2021. Botanical Database of Southern Africa (BODATSA) [offline dataset]. http://newposa.sanbi.org [Note that these data are not available at this URL as of 2021],Swati,Ken-ichi Ueda,2021-10-21T20:39:49Z
583884,Siphiphabantwane,und,"","",South African National Biodiversity Institute. 2021. Botanical Database of Southern Africa (BODATSA) [offline dataset]. http://newposa.sanbi.org [Note that these data are not available at this URL as of 2021],Swati,Ken-ichi Ueda,2021-10-21T20:39:49Z
578253,umchafutane-lomhlope,und,"","",South African National Biodiversity Institute. 2021. Botanical Database of Southern Africa (BODATSA) [offline dataset]. http://newposa.sanbi.org [Note that these data are not available at this URL as of 2021],Swati,Ken-ichi Ueda,2021-10-21T20:39:50Z
340214,umtoma,und,"","",South African National Biodiversity Institute. 2021. Botanical Database of Southern Africa (BODATSA) [offline dataset]. http://newposa.sanbi.org [Note that these data are not available at this URL as of 2021],Swati,Ken-ichi Ueda,2021-10-21T20:39:50Z
598744,santinyana,und,"","",South African National Biodiversity Institute. 2021. Botanical Database of Southern Africa (BODATSA) [offline dataset]. http://newposa.sanbi.org [Note that these data are not available at this URL as of 2021],Swati,Ken-ichi Ueda,2021-10-21T20:39:50Z
598745,umasinda,und,"","",South African National Biodiversity Institute. 2021. Botanical Database of Southern Africa (BODATSA) [offline dataset]. http://newposa.sanbi.org [Note that these data are not available at this URL as of 2021],Swati,Ken-ichi Ueda,2021-10-21T20:39:51Z
521451,iheji,und,"","",South African National Biodiversity Institute. 2021. Botanical Database of Southern Africa (BODATSA) [offline dataset]. http://newposa.sanbi.org [Note that these data are not available at this URL as of 2021],Swati,Ken-ichi Ueda,2021-10-21T20:39:51Z
430960,libundza,und,"","",South African National Biodiversity Institute. 2021. Botanical Database of Southern Africa (BODATSA) [offline dataset]. http://newposa.sanbi.org [Note that these data are not available at this URL as of 2021],Swati,Ken-ichi Ueda,2021-10-21T20:39:51Z
430958,umwuwane,und,"","",South African National Biodiversity Institute. 2021. Botanical Database of Southern Africa (BODATSA) [offline dataset]. http://newposa.sanbi.org [Note that these data are not available at this URL as of 2021],Swati,Ken-ichi Ueda,2021-10-21T20:39:52Z
584112,umnyazuma,und,"","",South African National Biodiversity Institute. 2021. Botanical Database of Southern Africa (BODATSA) [offline dataset]. http://newposa.sanbi.org [Note that these data are not available at this URL as of 2021],Swati,Ken-ichi Ueda,2021-10-21T20:39:53Z
132590,sikhonkhwane,und,"","",South African National Biodiversity Institute. 2021. Botanical Database of Southern Africa (BODATSA) [offline dataset]. http://newposa.sanbi.org [Note that these data are not available at this URL as of 2021],Swati,Ken-ichi Ueda,2021-10-21T20:39:53Z
507050,Gib'iziphoso,und,"","",South African National Biodiversity Institute. 2021. Botanical Database of Southern Africa (BODATSA) [offline dataset]. http://newposa.sanbi.org [Note that these data are not available at this URL as of 2021],Swati,Ken-ichi Ueda,2021-10-21T20:39:53Z
340301,umkashwane,und,"","",South African National Biodiversity Institute. 2021. Botanical Database of Southern Africa (BODATSA) [offline dataset]. http://newposa.sanbi.org [Note that these data are not available at this URL as of 2021],Swati,Ken-ichi Ueda,2021-10-21T20:39:54Z
132959,umhlwakele,und,"","",South African National Biodiversity Institute. 2021. Botanical Database of Southern Africa (BODATSA) [offline dataset]. http://newposa.sanbi.org [Note that these data are not available at this URL as of 2021],Swati,Ken-ichi Ueda,2021-10-21T20:39:54Z
340056,libhungela,und,"","",South African National Biodiversity Institute. 2021. Botanical Database of Southern Africa (BODATSA) [offline dataset]. http://newposa.sanbi.org [Note that these data are not available at this URL as of 2021],Swati,Ken-ichi Ueda,2021-10-21T20:39:54Z
598818,umcele,und,"","",South African National Biodiversity Institute. 2021. Botanical Database of Southern Africa (BODATSA) [offline dataset]. http://newposa.sanbi.org [Note that these data are not available at this URL as of 2021],Swati,Ken-ichi Ueda,2021-10-21T20:39:55Z
598819,um-xele,und,"","",South African National Biodiversity Institute. 2021. Botanical Database of Southern Africa (BODATSA) [offline dataset]. http://newposa.sanbi.org [Note that these data are not available at this URL as of 2021],Swati,Ken-ichi Ueda,2021-10-21T20:39:55Z
506952,iNyamati,und,"","",South African National Biodiversity Institute. 2021. Botanical Database of Southern Africa (BODATSA) [offline dataset]. http://newposa.sanbi.org [Note that these data are not available at this URL as of 2021],Swati,Ken-ichi Ueda,2021-10-21T20:39:55Z
506952,umnyamatsi,und,"","",South African National Biodiversity Institute. 2021. Botanical Database of Southern Africa (BODATSA) [offline dataset]. http://newposa.sanbi.org [Note that these data are not available at this URL as of 2021],Swati,Ken-ichi Ueda,2021-10-21T20:39:56Z
584385,magwedla,und,"","",South African National Biodiversity Institute. 2021. Botanical Database of Southern Africa (BODATSA) [offline dataset]. http://newposa.sanbi.org [Note that these data are not available at this URL as of 2021],Swati,Ken-ichi Ueda,2021-10-21T20:39:56Z
557692,ingulutane,und,"","",South African National Biodiversity Institute. 2021. Botanical Database of Southern Africa (BODATSA) [offline dataset]. http://newposa.sanbi.org [Note that these data are not available at this URL as of 2021],Swati,Ken-ichi Ueda,2021-10-21T20:39:56Z
584388,ingwavuma,und,"","",South African National Biodiversity Institute. 2021. Botanical Database of Southern Africa (BODATSA) [offline dataset]. http://newposa.sanbi.org [Note that these data are not available at this URL as of 2021],Swati,Ken-ichi Ueda,2021-10-21T20:39:57Z
584388,ngcotfo,und,"","",South African National Biodiversity Institute. 2021. Botanical Database of Southern Africa (BODATSA) [offline dataset]. http://newposa.sanbi.org [Note that these data are not available at this URL as of 2021],Swati,Ken-ichi Ueda,2021-10-21T20:39:57Z
584390,gebeleweni,und,"","",South African National Biodiversity Institute. 2021. Botanical Database of Southern Africa (BODATSA) [offline dataset]. http://newposa.sanbi.org [Note that these data are not available at this URL as of 2021],Swati,Ken-ichi Ueda,2021-10-21T20:39:57Z
136104,gebel'eweni,und,"","",South African National Biodiversity Institute. 2021. Botanical Database of Southern Africa (BODATSA) [offline dataset]. http://newposa.sanbi.org [Note that these data are not available at this URL as of 2021],Swati,Ken-ichi Ueda,2021-10-21T20:39:58Z
136104,lisitsa,und,"","",South African National Biodiversity Institute. 2021. Botanical Database of Southern Africa (BODATSA) [offline dataset]. http://newposa.sanbi.org [Note that these data are not available at this URL as of 2021],Swati,Ken-ichi Ueda,2021-10-21T20:39:58Z
136104,mayiphuku,und,"","",South African National Biodiversity Institute. 2021. Botanical Database of Southern Africa (BODATSA) [offline dataset]. http://newposa.sanbi.org [Note that these data are not available at this URL as of 2021],Swati,Ken-ichi Ueda,2021-10-21T20:39:59Z
136104,sijekwane,und,"","",South African National Biodiversity Institute. 2021. Botanical Database of Southern Africa (BODATSA) [offline dataset]. http://newposa.sanbi.org [Note that these data are not available at this URL as of 2021],Swati,Ken-ichi Ueda,2021-10-21T20:39:59Z
136106,sjekwane,und,"","",South African National Biodiversity Institute. 2021. Botanical Database of Southern Africa (BODATSA) [offline dataset]. http://newposa.sanbi.org [Note that these data are not available at this URL as of 2021],Swati,Ken-ichi Ueda,2021-10-21T20:39:59Z
136107,ligebeleweni,und,"","",South African National Biodiversity Institute. 2021. Botanical Database of Southern Africa (BODATSA) [offline dataset]. http://newposa.sanbi.org [Note that these data are not available at this URL as of 2021],Swati,Ken-ichi Ueda,2021-10-21T20:40:00Z
143536,umtjongane,und,"","",South African National Biodiversity Institute. 2021. Botanical Database of Southern Africa (BODATSA) [offline dataset]. http://newposa.sanbi.org [Note that these data are not available at this URL as of 2021],Swati,Ken-ichi Ueda,2021-10-21T20:40:00Z
584623,inovu,und,"","",South African National Biodiversity Institute. 2021. Botanical Database of Southern Africa (BODATSA) [offline dataset]. http://newposa.sanbi.org [Note that these data are not available at this URL as of 2021],Swati,Ken-ichi Ueda,2021-10-21T20:40:00Z
427617,umsinsana,und,"","",South African National Biodiversity Institute. 2021. Botanical Database of Southern Africa (BODATSA) [offline dataset]. http://newposa.sanbi.org [Note that these data are not available at this URL as of 2021],Swati,Ken-ichi Ueda,2021-10-21T20:40:01Z
139165,siphama,und,"","",South African National Biodiversity Institute. 2021. Botanical Database of Southern Africa (BODATSA) [offline dataset]. http://newposa.sanbi.org [Note that these data are not available at this URL as of 2021],Swati,Ken-ichi Ueda,2021-10-21T20:40:01Z
139165,umgcwabagcwaba,und,"","",South African National Biodiversity Institute. 2021. Botanical Database of Southern Africa (BODATSA) [offline dataset]. http://newposa.sanbi.org [Note that these data are not available at this URL as of 2021],Swati,Ken-ichi Ueda,2021-10-21T20:40:01Z
119673,umsinsi,und,"","",South African National Biodiversity Institute. 2021. Botanical Database of Southern Africa (BODATSA) [offline dataset]. http://newposa.sanbi.org [Note that these data are not available at this URL as of 2021],Swati,Ken-ichi Ueda,2021-10-21T20:40:02Z
363340,umhlahle,und,"","",South African National Biodiversity Institute. 2021. Botanical Database of Southern Africa (BODATSA) [offline dataset]. http://newposa.sanbi.org [Note that these data are not available at this URL as of 2021],Swati,Ken-ichi Ueda,2021-10-21T20:40:02Z
363340,umkhanku,und,"","",South African National Biodiversity Institute. 2021. Botanical Database of Southern Africa (BODATSA) [offline dataset]. http://newposa.sanbi.org [Note that these data are not available at this URL as of 2021],Swati,Ken-ichi Ueda,2021-10-21T20:40:02Z
585483,umneyana,und,"","",South African National Biodiversity Institute. 2021. Botanical Database of Southern Africa (BODATSA) [offline dataset]. http://newposa.sanbi.org [Note that these data are not available at this URL as of 2021],Swati,Ken-ichi Ueda,2021-10-21T20:40:03Z
599235,indvodzemnyama,und,"","",South African National Biodiversity Institute. 2021. Botanical Database of Southern Africa (BODATSA) [offline dataset]. http://newposa.sanbi.org [Note that these data are not available at this URL as of 2021],Swati,Ken-ichi Ueda,2021-10-21T20:40:03Z
599235,umdlelanyamatane,und,"","",South African National Biodiversity Institute. 2021. Botanical Database of Southern Africa (BODATSA) [offline dataset]. http://newposa.sanbi.org [Note that these data are not available at this URL as of 2021],Swati,Ken-ichi Ueda,2021-10-21T20:40:03Z
599235,umdlelanyamatane-lomka,und,"","",South African National Biodiversity Institute. 2021. Botanical Database of Southern Africa (BODATSA) [offline dataset]. http://newposa.sanbi.org [Note that these data are not available at this URL as of 2021],Swati,Ken-ichi Ueda,2021-10-21T20:40:04Z
585523,inchitsamuti,und,"","",South African National Biodiversity Institute. 2021. Botanical Database of Southern Africa (BODATSA) [offline dataset]. http://newposa.sanbi.org [Note that these data are not available at this URL as of 2021],Swati,Ken-ichi Ueda,2021-10-21T20:40:04Z
599273,umhlonhlo,und,"","",South African National Biodiversity Institute. 2021. Botanical Database of Southern Africa (BODATSA) [offline dataset]. http://newposa.sanbi.org [Note that these data are not available at this URL as of 2021],Swati,Ken-ichi Ueda,2021-10-21T20:40:04Z
563996,sihlohlwana,und,"","",South African National Biodiversity Institute. 2021. Botanical Database of Southern Africa (BODATSA) [offline dataset]. http://newposa.sanbi.org [Note that these data are not available at this URL as of 2021],Swati,Ken-ichi Ueda,2021-10-21T20:40:05Z
162855,umdvute,und,"","",South African National Biodiversity Institute. 2021. Botanical Database of Southern Africa (BODATSA) [offline dataset]. http://newposa.sanbi.org [Note that these data are not available at this URL as of 2021],Swati,Ken-ichi Ueda,2021-10-21T20:40:05Z
183411,sicalaba,und,"","",South African National Biodiversity Institute. 2021. Botanical Database of Southern Africa (BODATSA) [offline dataset]. http://newposa.sanbi.org [Note that these data are not available at this URL as of 2021],Swati,Ken-ichi Ueda,2021-10-21T20:40:05Z
183411,sisefo,und,"","",South African National Biodiversity Institute. 2021. Botanical Database of Southern Africa (BODATSA) [offline dataset]. http://newposa.sanbi.org [Note that these data are not available at this URL as of 2021],Swati,Ken-ichi Ueda,2021-10-21T20:40:06Z
428367,isi-qalaba,und,"","",South African National Biodiversity Institute. 2021. Botanical Database of Southern Africa (BODATSA) [offline dataset]. http://newposa.sanbi.org [Note that these data are not available at this URL as of 2021],Swati,Ken-ichi Ueda,2021-10-21T20:40:06Z
431014,inkhokhokho,und,"","",South African National Biodiversity Institute. 2021. Botanical Database of Southern Africa (BODATSA) [offline dataset]. http://newposa.sanbi.org [Note that these data are not available at this URL as of 2021],Swati,Ken-ichi Ueda,2021-10-21T20:40:06Z
507292,umkhiwane,und,"","",South African National Biodiversity Institute. 2021. Botanical Database of Southern Africa (BODATSA) [offline dataset]. http://newposa.sanbi.org [Note that these data are not available at this URL as of 2021],Swati,Ken-ichi Ueda,2021-10-21T20:40:07Z
506993,inkhokhokho tentsaba,und,"","",South African National Biodiversity Institute. 2021. Botanical Database of Southern Africa (BODATSA) [offline dataset]. http://newposa.sanbi.org [Note that these data are not available at this URL as of 2021],Swati,Ken-ichi Ueda,2021-10-21T20:40:07Z
506993,inkokhokho,und,"","",South African National Biodiversity Institute. 2021. Botanical Database of Southern Africa (BODATSA) [offline dataset]. http://newposa.sanbi.org [Note that these data are not available at this URL as of 2021],Swati,Ken-ichi Ueda,2021-10-21T20:40:07Z
506993,magnyea,und,"","",South African National Biodiversity Institute. 2021. Botanical Database of Southern Africa (BODATSA) [offline dataset]. http://newposa.sanbi.org [Note that these data are not available at this URL as of 2021],Swati,Ken-ichi Ueda,2021-10-21T20:40:08Z
340123,inkhiwane,und,"","",South African National Biodiversity Institute. 2021. Botanical Database of Southern Africa (BODATSA) [offline dataset]. http://newposa.sanbi.org [Note that these data are not available at this URL as of 2021],Swati,Ken-ichi Ueda,2021-10-21T20:40:08Z
585962,indhlaleni,und,"","",South African National Biodiversity Institute. 2021. Botanical Database of Southern Africa (BODATSA) [offline dataset]. http://newposa.sanbi.org [Note that these data are not available at this URL as of 2021],Swati,Ken-ichi Ueda,2021-10-21T20:40:08Z
585962,umdlaleni,und,"","",South African National Biodiversity Institute. 2021. Botanical Database of Southern Africa (BODATSA) [offline dataset]. http://newposa.sanbi.org [Note that these data are not available at this URL as of 2021],Swati,Ken-ichi Ueda,2021-10-21T20:40:09Z
129715,intfombe,und,"","",South African National Biodiversity Institute. 2021. Botanical Database of Southern Africa (BODATSA) [offline dataset]. http://newposa.sanbi.org [Note that these data are not available at this URL as of 2021],Swati,Ken-ichi Ueda,2021-10-21T20:40:09Z
133182,umkiwane,und,"","",South African National Biodiversity Institute. 2021. Botanical Database of Southern Africa (BODATSA) [offline dataset]. http://newposa.sanbi.org [Note that these data are not available at this URL as of 2021],Swati,Ken-ichi Ueda,2021-10-21T20:40:09Z
599386,umkhiva,und,"","",South African National Biodiversity Institute. 2021. Botanical Database of Southern Africa (BODATSA) [offline dataset]. http://newposa.sanbi.org [Note that these data are not available at this URL as of 2021],Swati,Ken-ichi Ueda,2021-10-21T20:40:10Z
599386,umkhiwubovana,und,"","",South African National Biodiversity Institute. 2021. Botanical Database of Southern Africa (BODATSA) [offline dataset]. http://newposa.sanbi.org [Note that these data are not available at this URL as of 2021],Swati,Ken-ichi Ueda,2021-10-21T20:40:10Z
599386,umkhiwubovane,und,"","",South African National Biodiversity Institute. 2021. Botanical Database of Southern Africa (BODATSA) [offline dataset]. http://newposa.sanbi.org [Note that these data are not available at this URL as of 2021],Swati,Ken-ichi Ueda,2021-10-21T20:40:10Z
586123,sikhwelamfene,und,"","",South African National Biodiversity Institute. 2021. Botanical Database of Southern Africa (BODATSA) [offline dataset]. http://newposa.sanbi.org [Note that these data are not available at this URL as of 2021],Swati,Ken-ichi Ueda,2021-10-21T20:40:11Z
340173,sinyula,und,"","",South African National Biodiversity Institute. 2021. Botanical Database of Southern Africa (BODATSA) [offline dataset]. http://newposa.sanbi.org [Note that these data are not available at this URL as of 2021],Swati,Ken-ichi Ueda,2021-10-21T20:40:11Z
135387,umvalasangweni,und,"","",South African National Biodiversity Institute. 2021. Botanical Database of Southern Africa (BODATSA) [offline dataset]. http://newposa.sanbi.org [Note that these data are not available at this URL as of 2021],Swati,Ken-ichi Ueda,2021-10-21T20:40:11Z
586376,sidvana,und,"","",South African National Biodiversity Institute. 2021. Botanical Database of Southern Africa (BODATSA) [offline dataset]. http://newposa.sanbi.org [Note that these data are not available at this URL as of 2021],Swati,Ken-ichi Ueda,2021-10-21T20:40:12Z
586389,sidvwana,und,"","",South African National Biodiversity Institute. 2021. Botanical Database of Southern Africa (BODATSA) [offline dataset]. http://newposa.sanbi.org [Note that these data are not available at this URL as of 2021],Swati,Ken-ichi Ueda,2021-10-21T20:40:12Z
431074,umsiphane,und,"","",South African National Biodiversity Institute. 2021. Botanical Database of Southern Africa (BODATSA) [offline dataset]. http://newposa.sanbi.org [Note that these data are not available at this URL as of 2021],Swati,Ken-ichi Ueda,2021-10-21T20:40:13Z
185515,inhlazane,und,"","",South African National Biodiversity Institute. 2021. Botanical Database of Southern Africa (BODATSA) [offline dataset]. http://newposa.sanbi.org [Note that these data are not available at this URL as of 2021],Swati,Ken-ichi Ueda,2021-10-21T20:40:14Z
185515,lidlebe-lembila,und,"","",South African National Biodiversity Institute. 2021. Botanical Database of Southern Africa (BODATSA) [offline dataset]. http://newposa.sanbi.org [Note that these data are not available at this URL as of 2021],Swati,Ken-ichi Ueda,2021-10-21T20:40:14Z
185514,umwatsawatsa,und,"","",South African National Biodiversity Institute. 2021. Botanical Database of Southern Africa (BODATSA) [offline dataset]. http://newposa.sanbi.org [Note that these data are not available at this URL as of 2021],Swati,Ken-ichi Ueda,2021-10-21T20:40:14Z
586652,gobho,und,"","",South African National Biodiversity Institute. 2021. Botanical Database of Southern Africa (BODATSA) [offline dataset]. http://newposa.sanbi.org [Note that these data are not available at this URL as of 2021],Swati,Ken-ichi Ueda,2021-10-21T20:40:15Z
586652,uqobho,und,"","",South African National Biodiversity Institute. 2021. Botanical Database of Southern Africa (BODATSA) [offline dataset]. http://newposa.sanbi.org [Note that these data are not available at this URL as of 2021],Swati,Ken-ichi Ueda,2021-10-21T20:40:15Z
586670,sihlangu lesimnyama,und,"","",South African National Biodiversity Institute. 2021. Botanical Database of Southern Africa (BODATSA) [offline dataset]. http://newposa.sanbi.org [Note that these data are not available at this URL as of 2021],Swati,Ken-ichi Ueda,2021-10-21T20:40:15Z
599503,sihlangu,und,"","",South African National Biodiversity Institute. 2021. Botanical Database of Southern Africa (BODATSA) [offline dataset]. http://newposa.sanbi.org [Note that these data are not available at this URL as of 2021],Swati,Ken-ichi Ueda,2021-10-21T20:40:16Z
586686,ingcenane,und,"","",South African National Biodiversity Institute. 2021. Botanical Database of Southern Africa (BODATSA) [offline dataset]. http://newposa.sanbi.org [Note that these data are not available at this URL as of 2021],Swati,Ken-ichi Ueda,2021-10-21T20:40:16Z
340106,sihlangu lesimhlope,und,"","",South African National Biodiversity Institute. 2021. Botanical Database of Southern Africa (BODATSA) [offline dataset]. http://newposa.sanbi.org [Note that these data are not available at this URL as of 2021],Swati,Ken-ichi Ueda,2021-10-21T20:40:16Z
431086,licishamlilo,und,"","",South African National Biodiversity Institute. 2021. Botanical Database of Southern Africa (BODATSA) [offline dataset]. http://newposa.sanbi.org [Note that these data are not available at this URL as of 2021],Swati,Ken-ichi Ueda,2021-10-21T20:40:17Z
402272,libinda,und,"","",South African National Biodiversity Institute. 2021. Botanical Database of Southern Africa (BODATSA) [offline dataset]. http://newposa.sanbi.org [Note that these data are not available at this URL as of 2021],Swati,Ken-ichi Ueda,2021-10-21T20:40:17Z
402272,umbinta,und,"","",South African National Biodiversity Institute. 2021. Botanical Database of Southern Africa (BODATSA) [offline dataset]. http://newposa.sanbi.org [Note that these data are not available at this URL as of 2021],Swati,Ken-ichi Ueda,2021-10-21T20:40:17Z
599713,ludvutfane,und,"","",South African National Biodiversity Institute. 2021. Botanical Database of Southern Africa (BODATSA) [offline dataset]. http://newposa.sanbi.org [Note that these data are not available at this URL as of 2021],Swati,Ken-ichi Ueda,2021-10-21T20:40:19Z
599716,imphepho,und,"","",South African National Biodiversity Institute. 2021. Botanical Database of Southern Africa (BODATSA) [offline dataset]. http://newposa.sanbi.org [Note that these data are not available at this URL as of 2021],Swati,Ken-ichi Ueda,2021-10-21T20:40:19Z
587456,inkunzana,und,"","",South African National Biodiversity Institute. 2021. Botanical Database of Southern Africa (BODATSA) [offline dataset]. http://newposa.sanbi.org [Note that these data are not available at this URL as of 2021],Swati,Ken-ichi Ueda,2021-10-21T20:40:19Z
428461,incuze,und,"","",South African National Biodiversity Institute. 2021. Botanical Database of Southern Africa (BODATSA) [offline dataset]. http://newposa.sanbi.org [Note that these data are not available at this URL as of 2021],Swati,Ken-ichi Ueda,2021-10-21T20:40:20Z
428461,inkunzi,und,"","",South African National Biodiversity Institute. 2021. Botanical Database of Southern Africa (BODATSA) [offline dataset]. http://newposa.sanbi.org [Note that these data are not available at this URL as of 2021],Swati,Ken-ichi Ueda,2021-10-21T20:40:20Z
428461,umhlosheni,und,"","",South African National Biodiversity Institute. 2021. Botanical Database of Southern Africa (BODATSA) [offline dataset]. http://newposa.sanbi.org [Note that these data are not available at this URL as of 2021],Swati,Ken-ichi Ueda,2021-10-21T20:40:20Z
587461,umndebelele,und,"","",South African National Biodiversity Institute. 2021. Botanical Database of Southern Africa (BODATSA) [offline dataset]. http://newposa.sanbi.org [Note that these data are not available at this URL as of 2021],Swati,Ken-ichi Ueda,2021-10-21T20:40:21Z
567695,iutwile,und,"","",South African National Biodiversity Institute. 2021. Botanical Database of Southern Africa (BODATSA) [offline dataset]. http://newposa.sanbi.org [Note that these data are not available at this URL as of 2021],Swati,Ken-ichi Ueda,2021-10-21T20:40:21Z
587545,umholompunzi,und,"","",South African National Biodiversity Institute. 2021. Botanical Database of Southern Africa (BODATSA) [offline dataset]. http://newposa.sanbi.org [Note that these data are not available at this URL as of 2021],Swati,Ken-ichi Ueda,2021-10-21T20:40:22Z
587646,luphembetu,und,"","",South African National Biodiversity Institute. 2021. Botanical Database of Southern Africa (BODATSA) [offline dataset]. http://newposa.sanbi.org [Note that these data are not available at this URL as of 2021],Swati,Ken-ichi Ueda,2021-10-21T20:40:22Z
340008,lilala,und,"","",South African National Biodiversity Institute. 2021. Botanical Database of Southern Africa (BODATSA) [offline dataset]. http://newposa.sanbi.org [Note that these data are not available at this URL as of 2021],Swati,Ken-ichi Ueda,2021-10-21T20:40:22Z
133558,libota,und,"","",South African National Biodiversity Institute. 2021. Botanical Database of Southern Africa (BODATSA) [offline dataset]. http://newposa.sanbi.org [Note that these data are not available at this URL as of 2021],Swati,Ken-ichi Ueda,2021-10-21T20:40:22Z
133558,Litota,und,"","",South African National Biodiversity Institute. 2021. Botanical Database of Southern Africa (BODATSA) [offline dataset]. http://newposa.sanbi.org [Note that these data are not available at this URL as of 2021],Swati,Ken-ichi Ueda,2021-10-21T20:40:23Z
599871,chubhujeje,und,"","",South African National Biodiversity Institute. 2021. Botanical Database of Southern Africa (BODATSA) [offline dataset]. http://newposa.sanbi.org [Note that these data are not available at this URL as of 2021],Swati,Ken-ichi Ueda,2021-10-21T20:40:23Z
587857,ingubuhivomila,und,"","",South African National Biodiversity Institute. 2021. Botanical Database of Southern Africa (BODATSA) [offline dataset]. http://newposa.sanbi.org [Note that these data are not available at this URL as of 2021],Swati,Ken-ichi Ueda,2021-10-21T20:40:23Z
587935,ubhogo,und,"","",South African National Biodiversity Institute. 2021. Botanical Database of Southern Africa (BODATSA) [offline dataset]. http://newposa.sanbi.org [Note that these data are not available at this URL as of 2021],Swati,Ken-ichi Ueda,2021-10-21T20:40:24Z
587935,ubhoqo,und,"","",South African National Biodiversity Institute. 2021. Botanical Database of Southern Africa (BODATSA) [offline dataset]. http://newposa.sanbi.org [Note that these data are not available at this URL as of 2021],Swati,Ken-ichi Ueda,2021-10-21T20:40:24Z
599902,ijalambu,und,"","",South African National Biodiversity Institute. 2021. Botanical Database of Southern Africa (BODATSA) [offline dataset]. http://newposa.sanbi.org [Note that these data are not available at this URL as of 2021],Swati,Ken-ichi Ueda,2021-10-21T20:40:24Z
599902,umdzandzabuka,und,"","",South African National Biodiversity Institute. 2021. Botanical Database of Southern Africa (BODATSA) [offline dataset]. http://newposa.sanbi.org [Note that these data are not available at this URL as of 2021],Swati,Ken-ichi Ueda,2021-10-21T20:40:25Z
587943,emagonsa,und,"","",South African National Biodiversity Institute. 2021. Botanical Database of Southern Africa (BODATSA) [offline dataset]. http://newposa.sanbi.org [Note that these data are not available at this URL as of 2021],Swati,Ken-ichi Ueda,2021-10-21T20:40:25Z
599949,incema,und,"","",South African National Biodiversity Institute. 2021. Botanical Database of Southern Africa (BODATSA) [offline dataset]. http://newposa.sanbi.org [Note that these data are not available at this URL as of 2021],Swati,Ken-ichi Ueda,2021-10-21T20:40:25Z
588248,sinwati,und,"","",South African National Biodiversity Institute. 2021. Botanical Database of Southern Africa (BODATSA) [offline dataset]. http://newposa.sanbi.org [Note that these data are not available at this URL as of 2021],Swati,Ken-ichi Ueda,2021-10-21T20:40:26Z
588248,ugcupe,und,"","",South African National Biodiversity Institute. 2021. Botanical Database of Southern Africa (BODATSA) [offline dataset]. http://newposa.sanbi.org [Note that these data are not available at this URL as of 2021],Swati,Ken-ichi Ueda,2021-10-21T20:40:26Z
81491,umvomgotsi,und,"","",South African National Biodiversity Institute. 2021. Botanical Database of Southern Africa (BODATSA) [offline dataset]. http://newposa.sanbi.org [Note that these data are not available at this URL as of 2021],Swati,Ken-ichi Ueda,2021-10-21T20:40:26Z
81491,umvongoti,und,"","",South African National Biodiversity Institute. 2021. Botanical Database of Southern Africa (BODATSA) [offline dataset]. http://newposa.sanbi.org [Note that these data are not available at this URL as of 2021],Swati,Ken-ichi Ueda,2021-10-21T20:40:27Z
81491,umvongotsi,und,"","",South African National Biodiversity Institute. 2021. Botanical Database of Southern Africa (BODATSA) [offline dataset]. http://newposa.sanbi.org [Note that these data are not available at this URL as of 2021],Swati,Ken-ichi Ueda,2021-10-21T20:40:27Z
119178,siklalu,und,"","",South African National Biodiversity Institute. 2021. Botanical Database of Southern Africa (BODATSA) [offline dataset]. http://newposa.sanbi.org [Note that these data are not available at this URL as of 2021],Swati,Ken-ichi Ueda,2021-10-21T20:40:27Z
588287,tokoloshi,und,"","",South African National Biodiversity Institute. 2021. Botanical Database of Southern Africa (BODATSA) [offline dataset]. http://newposa.sanbi.org [Note that these data are not available at this URL as of 2021],Swati,Ken-ichi Ueda,2021-10-21T20:40:28Z
574087,licaca-latokoloshi,und,"","",South African National Biodiversity Institute. 2021. Botanical Database of Southern Africa (BODATSA) [offline dataset]. http://newposa.sanbi.org [Note that these data are not available at this URL as of 2021],Swati,Ken-ichi Ueda,2021-10-21T20:40:28Z
588676,siganganyane,und,"","",South African National Biodiversity Institute. 2021. Botanical Database of Southern Africa (BODATSA) [offline dataset]. http://newposa.sanbi.org [Note that these data are not available at this URL as of 2021],Swati,Ken-ichi Ueda,2021-10-21T20:40:28Z
340120,umgabunkhomo,und,"","",South African National Biodiversity Institute. 2021. Botanical Database of Southern Africa (BODATSA) [offline dataset]. http://newposa.sanbi.org [Note that these data are not available at this URL as of 2021],Swati,Ken-ichi Ueda,2021-10-21T20:40:28Z
340120,unganunkomo,und,"","",South African National Biodiversity Institute. 2021. Botanical Database of Southern Africa (BODATSA) [offline dataset]. http://newposa.sanbi.org [Note that these data are not available at this URL as of 2021],Swati,Ken-ichi Ueda,2021-10-21T20:40:29Z
588682,bukhwebeletane,und,"","",South African National Biodiversity Institute. 2021. Botanical Database of Southern Africa (BODATSA) [offline dataset]. http://newposa.sanbi.org [Note that these data are not available at this URL as of 2021],Swati,Ken-ichi Ueda,2021-10-21T20:40:29Z
588682,inkobe,und,"","",South African National Biodiversity Institute. 2021. Botanical Database of Southern Africa (BODATSA) [offline dataset]. http://newposa.sanbi.org [Note that these data are not available at this URL as of 2021],Swati,Ken-ichi Ueda,2021-10-21T20:40:29Z
588682,khitchkhurwani,und,"","",South African National Biodiversity Institute. 2021. Botanical Database of Southern Africa (BODATSA) [offline dataset]. http://newposa.sanbi.org [Note that these data are not available at this URL as of 2021],Swati,Ken-ichi Ueda,2021-10-21T20:40:30Z
489282,umchitsi,und,"","",South African National Biodiversity Institute. 2021. Botanical Database of Southern Africa (BODATSA) [offline dataset]. http://newposa.sanbi.org [Note that these data are not available at this URL as of 2021],Swati,Ken-ichi Ueda,2021-10-21T20:40:30Z
343067,mussutane,und,"","",South African National Biodiversity Institute. 2021. Botanical Database of Southern Africa (BODATSA) [offline dataset]. http://newposa.sanbi.org [Note that these data are not available at this URL as of 2021],Swati,Ken-ichi Ueda,2021-10-21T20:40:30Z
343067,mutswane,und,"","",South African National Biodiversity Institute. 2021. Botanical Database of Southern Africa (BODATSA) [offline dataset]. http://newposa.sanbi.org [Note that these data are not available at this URL as of 2021],Swati,Ken-ichi Ueda,2021-10-21T20:40:31Z
343067,umsutane,und,"","",South African National Biodiversity Institute. 2021. Botanical Database of Southern Africa (BODATSA) [offline dataset]. http://newposa.sanbi.org [Note that these data are not available at this URL as of 2021],Swati,Ken-ichi Ueda,2021-10-21T20:40:31Z
589384,livenge,und,"","",South African National Biodiversity Institute. 2021. Botanical Database of Southern Africa (BODATSA) [offline dataset]. http://newposa.sanbi.org [Note that these data are not available at this URL as of 2021],Swati,Ken-ichi Ueda,2021-10-21T20:40:31Z
589384,sidwata,und,"","",South African National Biodiversity Institute. 2021. Botanical Database of Southern Africa (BODATSA) [offline dataset]. http://newposa.sanbi.org [Note that these data are not available at this URL as of 2021],Swati,Ken-ichi Ueda,2021-10-21T20:40:31Z
403681,umzwatsi,und,"","",South African National Biodiversity Institute. 2021. Botanical Database of Southern Africa (BODATSA) [offline dataset]. http://newposa.sanbi.org [Note that these data are not available at this URL as of 2021],Swati,Ken-ichi Ueda,2021-10-21T20:40:32Z
600201,umenwayo,und,"","",South African National Biodiversity Institute. 2021. Botanical Database of Southern Africa (BODATSA) [offline dataset]. http://newposa.sanbi.org [Note that these data are not available at this URL as of 2021],Swati,Ken-ichi Ueda,2021-10-21T20:40:32Z
544900,mnogonogo,und,"","",South African National Biodiversity Institute. 2021. Botanical Database of Southern Africa (BODATSA) [offline dataset]. http://newposa.sanbi.org [Note that these data are not available at this URL as of 2021],Swati,Ken-ichi Ueda,2021-10-21T20:40:32Z
133587,ligucu,und,"","",South African National Biodiversity Institute. 2021. Botanical Database of Southern Africa (BODATSA) [offline dataset]. http://newposa.sanbi.org [Note that these data are not available at this URL as of 2021],Swati,Ken-ichi Ueda,2021-10-21T20:40:33Z
133587,magucu,und,"","",South African National Biodiversity Institute. 2021. Botanical Database of Southern Africa (BODATSA) [offline dataset]. http://newposa.sanbi.org [Note that these data are not available at this URL as of 2021],Swati,Ken-ichi Ueda,2021-10-21T20:40:33Z
133587,umbhongozi,und,"","",South African National Biodiversity Institute. 2021. Botanical Database of Southern Africa (BODATSA) [offline dataset]. http://newposa.sanbi.org [Note that these data are not available at this URL as of 2021],Swati,Ken-ichi Ueda,2021-10-21T20:40:33Z
133587,umbhungubhungu,und,"","",South African National Biodiversity Institute. 2021. Botanical Database of Southern Africa (BODATSA) [offline dataset]. http://newposa.sanbi.org [Note that these data are not available at this URL as of 2021],Swati,Ken-ichi Ueda,2021-10-21T20:40:34Z
133587,umbohlobohlo,und,"","",South African National Biodiversity Institute. 2021. Botanical Database of Southern Africa (BODATSA) [offline dataset]. http://newposa.sanbi.org [Note that these data are not available at this URL as of 2021],Swati,Ken-ichi Ueda,2021-10-21T20:40:34Z
133587,umbongabonga,und,"","",South African National Biodiversity Institute. 2021. Botanical Database of Southern Africa (BODATSA) [offline dataset]. http://newposa.sanbi.org [Note that these data are not available at this URL as of 2021],Swati,Ken-ichi Ueda,2021-10-21T20:40:34Z
133587,umgucu,und,"","",South African National Biodiversity Institute. 2021. Botanical Database of Southern Africa (BODATSA) [offline dataset]. http://newposa.sanbi.org [Note that these data are not available at this URL as of 2021],Swati,Ken-ichi Ueda,2021-10-21T20:40:35Z
589577,umncwambo,und,"","",South African National Biodiversity Institute. 2021. Botanical Database of Southern Africa (BODATSA) [offline dataset]. http://newposa.sanbi.org [Note that these data are not available at this URL as of 2021],Swati,Ken-ichi Ueda,2021-10-21T20:40:35Z
589577,uncwambi,und,"","",South African National Biodiversity Institute. 2021. Botanical Database of Southern Africa (BODATSA) [offline dataset]. http://newposa.sanbi.org [Note that these data are not available at this URL as of 2021],Swati,Ken-ichi Ueda,2021-10-21T20:40:35Z
600217,umdlozini,und,"","",South African National Biodiversity Institute. 2021. Botanical Database of Southern Africa (BODATSA) [offline dataset]. http://newposa.sanbi.org [Note that these data are not available at this URL as of 2021],Swati,Ken-ichi Ueda,2021-10-21T20:40:36Z
557508,umnama,und,"","",South African National Biodiversity Institute. 2021. Botanical Database of Southern Africa (BODATSA) [offline dataset]. http://newposa.sanbi.org [Note that these data are not available at this URL as of 2021],Swati,Ken-ichi Ueda,2021-10-21T20:40:36Z
589697,umboyi,und,"","",South African National Biodiversity Institute. 2021. Botanical Database of Southern Africa (BODATSA) [offline dataset]. http://newposa.sanbi.org [Note that these data are not available at this URL as of 2021],Swati,Ken-ichi Ueda,2021-10-21T20:40:36Z
589698,umbatancwephe,und,"","",South African National Biodiversity Institute. 2021. Botanical Database of Southern Africa (BODATSA) [offline dataset]. http://newposa.sanbi.org [Note that these data are not available at this URL as of 2021],Swati,Ken-ichi Ueda,2021-10-21T20:40:37Z
120228,i Bonya,und,"","",South African National Biodiversity Institute. 2021. Botanical Database of Southern Africa (BODATSA) [offline dataset]. http://newposa.sanbi.org [Note that these data are not available at this URL as of 2021],Swati,Ken-ichi Ueda,2021-10-21T20:40:37Z
589753,ntlo-ea-motintinyane,und,"","",South African National Biodiversity Institute. 2021. Botanical Database of Southern Africa (BODATSA) [offline dataset]. http://newposa.sanbi.org [Note that these data are not available at this URL as of 2021],Swati,Ken-ichi Ueda,2021-10-21T20:40:37Z
590029,umphushana,und,"","",South African National Biodiversity Institute. 2021. Botanical Database of Southern Africa (BODATSA) [offline dataset]. http://newposa.sanbi.org [Note that these data are not available at this URL as of 2021],Swati,Ken-ichi Ueda,2021-10-21T20:40:38Z
590029,umphushane,und,"","",South African National Biodiversity Institute. 2021. Botanical Database of Southern Africa (BODATSA) [offline dataset]. http://newposa.sanbi.org [Note that these data are not available at this URL as of 2021],Swati,Ken-ichi Ueda,2021-10-21T20:40:38Z
590257,indlolotsi,und,"","",South African National Biodiversity Institute. 2021. Botanical Database of Southern Africa (BODATSA) [offline dataset]. http://newposa.sanbi.org [Note that these data are not available at this URL as of 2021],Swati,Ken-ichi Ueda,2021-10-21T20:40:39Z
590285,maluleka,und,"","",South African National Biodiversity Institute. 2021. Botanical Database of Southern Africa (BODATSA) [offline dataset]. http://newposa.sanbi.org [Note that these data are not available at this URL as of 2021],Swati,Ken-ichi Ueda,2021-10-21T20:40:39Z
590285,meluleka,und,"","",South African National Biodiversity Institute. 2021. Botanical Database of Southern Africa (BODATSA) [offline dataset]. http://newposa.sanbi.org [Note that these data are not available at this URL as of 2021],Swati,Ken-ichi Ueda,2021-10-21T20:40:40Z
492352,uleti,und,"","",South African National Biodiversity Institute. 2021. Botanical Database of Southern Africa (BODATSA) [offline dataset]. http://newposa.sanbi.org [Note that these data are not available at this URL as of 2021],Swati,Ken-ichi Ueda,2021-10-21T20:40:40Z
600317,umsindzandlovana,und,"","",South African National Biodiversity Institute. 2021. Botanical Database of Southern Africa (BODATSA) [offline dataset]. http://newposa.sanbi.org [Note that these data are not available at this URL as of 2021],Swati,Ken-ichi Ueda,2021-10-21T20:40:40Z
469795,imfenyana,und,"","",South African National Biodiversity Institute. 2021. Botanical Database of Southern Africa (BODATSA) [offline dataset]. http://newposa.sanbi.org [Note that these data are not available at this URL as of 2021],Swati,Ken-ichi Ueda,2021-10-21T20:40:41Z
469795,vuka,und,"","",South African National Biodiversity Institute. 2021. Botanical Database of Southern Africa (BODATSA) [offline dataset]. http://newposa.sanbi.org [Note that these data are not available at this URL as of 2021],Swati,Ken-ichi Ueda,2021-10-21T20:40:41Z
70260,umqanca,und,"","",South African National Biodiversity Institute. 2021. Botanical Database of Southern Africa (BODATSA) [offline dataset]. http://newposa.sanbi.org [Note that these data are not available at this URL as of 2021],Swati,Ken-ichi Ueda,2021-10-21T20:40:41Z
429474,lishasha,und,"","",South African National Biodiversity Institute. 2021. Botanical Database of Southern Africa (BODATSA) [offline dataset]. http://newposa.sanbi.org [Note that these data are not available at this URL as of 2021],Swati,Ken-ichi Ueda,2021-10-21T20:40:42Z
429474,sehlulamanya,und,"","",South African National Biodiversity Institute. 2021. Botanical Database of Southern Africa (BODATSA) [offline dataset]. http://newposa.sanbi.org [Note that these data are not available at this URL as of 2021],Swati,Ken-ichi Ueda,2021-10-21T20:40:42Z
429474,umghungulutana,und,"","",South African National Biodiversity Institute. 2021. Botanical Database of Southern Africa (BODATSA) [offline dataset]. http://newposa.sanbi.org [Note that these data are not available at this URL as of 2021],Swati,Ken-ichi Ueda,2021-10-21T20:40:42Z
600355,umfomoti,und,"","",South African National Biodiversity Institute. 2021. Botanical Database of Southern Africa (BODATSA) [offline dataset]. http://newposa.sanbi.org [Note that these data are not available at this URL as of 2021],Swati,Ken-ichi Ueda,2021-10-21T20:40:43Z
185371,siphofane,und,"","",South African National Biodiversity Institute. 2021. Botanical Database of Southern Africa (BODATSA) [offline dataset]. http://newposa.sanbi.org [Note that these data are not available at this URL as of 2021],Swati,Ken-ichi Ueda,2021-10-21T20:40:43Z
427261,sitsambo,und,"","",South African National Biodiversity Institute. 2021. Botanical Database of Southern Africa (BODATSA) [offline dataset]. http://newposa.sanbi.org [Note that these data are not available at this URL as of 2021],Swati,Ken-ichi Ueda,2021-10-21T20:40:43Z
340348,sikhweza,und,"","",South African National Biodiversity Institute. 2021. Botanical Database of Southern Africa (BODATSA) [offline dataset]. http://newposa.sanbi.org [Note that these data are not available at this URL as of 2021],Swati,Ken-ichi Ueda,2021-10-21T20:40:43Z
503912,lusotfo,und,"","",South African National Biodiversity Institute. 2021. Botanical Database of Southern Africa (BODATSA) [offline dataset]. http://newposa.sanbi.org [Note that these data are not available at this URL as of 2021],Swati,Ken-ichi Ueda,2021-10-21T20:40:44Z
503912,lutiya,und,"","",South African National Biodiversity Institute. 2021. Botanical Database of Southern Africa (BODATSA) [offline dataset]. http://newposa.sanbi.org [Note that these data are not available at this URL as of 2021],Swati,Ken-ichi Ueda,2021-10-21T20:40:44Z
600369,mahlanganisa,und,"","",South African National Biodiversity Institute. 2021. Botanical Database of Southern Africa (BODATSA) [offline dataset]. http://newposa.sanbi.org [Note that these data are not available at this URL as of 2021],Swati,Ken-ichi Ueda,2021-10-21T20:40:44Z
600369,sifubasenkhala,und,"","",South African National Biodiversity Institute. 2021. Botanical Database of Southern Africa (BODATSA) [offline dataset]. http://newposa.sanbi.org [Note that these data are not available at this URL as of 2021],Swati,Ken-ichi Ueda,2021-10-21T20:40:45Z
525408,umshamphunzana,und,"","",South African National Biodiversity Institute. 2021. Botanical Database of Southern Africa (BODATSA) [offline dataset]. http://newposa.sanbi.org [Note that these data are not available at this URL as of 2021],Swati,Ken-ichi Ueda,2021-10-21T20:40:45Z
600391,sinhletje,und,"","",South African National Biodiversity Institute. 2021. Botanical Database of Southern Africa (BODATSA) [offline dataset]. http://newposa.sanbi.org [Note that these data are not available at this URL as of 2021],Swati,Ken-ichi Ueda,2021-10-21T20:40:46Z
524915,sitimane,und,"","",South African National Biodiversity Institute. 2021. Botanical Database of Southern Africa (BODATSA) [offline dataset]. http://newposa.sanbi.org [Note that these data are not available at this URL as of 2021],Swati,Ken-ichi Ueda,2021-10-21T20:40:46Z
600392,manyatsi,und,"","",South African National Biodiversity Institute. 2021. Botanical Database of Southern Africa (BODATSA) [offline dataset]. http://newposa.sanbi.org [Note that these data are not available at this URL as of 2021],Swati,Ken-ichi Ueda,2021-10-21T20:40:47Z
340332,umtfongwane,und,"","",South African National Biodiversity Institute. 2021. Botanical Database of Southern Africa (BODATSA) [offline dataset]. http://newposa.sanbi.org [Note that these data are not available at this URL as of 2021],Swati,Ken-ichi Ueda,2021-10-21T20:40:47Z
431389,sitsibane,und,"","",South African National Biodiversity Institute. 2021. Botanical Database of Southern Africa (BODATSA) [offline dataset]. http://newposa.sanbi.org [Note that these data are not available at this URL as of 2021],Swati,Ken-ichi Ueda,2021-10-21T20:40:48Z
342039,umbulunyati,und,"","",South African National Biodiversity Institute. 2021. Botanical Database of Southern Africa (BODATSA) [offline dataset]. http://newposa.sanbi.org [Note that these data are not available at this URL as of 2021],Swati,Ken-ichi Ueda,2021-10-21T20:40:48Z
591238,simunyane,und,"","",South African National Biodiversity Institute. 2021. Botanical Database of Southern Africa (BODATSA) [offline dataset]. http://newposa.sanbi.org [Note that these data are not available at this URL as of 2021],Swati,Ken-ichi Ueda,2021-10-21T20:40:48Z
600532,umgungununu,und,"","",South African National Biodiversity Institute. 2021. Botanical Database of Southern Africa (BODATSA) [offline dataset]. http://newposa.sanbi.org [Note that these data are not available at this URL as of 2021],Swati,Ken-ichi Ueda,2021-10-21T20:40:49Z
431394,imfuce lemhlope,und,"","",South African National Biodiversity Institute. 2021. Botanical Database of Southern Africa (BODATSA) [offline dataset]. http://newposa.sanbi.org [Note that these data are not available at this URL as of 2021],Swati,Ken-ichi Ueda,2021-10-21T20:40:49Z
600543,imfuce,und,"","",South African National Biodiversity Institute. 2021. Botanical Database of Southern Africa (BODATSA) [offline dataset]. http://newposa.sanbi.org [Note that these data are not available at this URL as of 2021],Swati,Ken-ichi Ueda,2021-10-21T20:40:49Z
570693,imfuce lemnyama,und,"","",South African National Biodiversity Institute. 2021. Botanical Database of Southern Africa (BODATSA) [offline dataset]. http://newposa.sanbi.org [Note that these data are not available at this URL as of 2021],Swati,Ken-ichi Ueda,2021-10-21T20:40:50Z
431400,ligubugubu,und,"","",South African National Biodiversity Institute. 2021. Botanical Database of Southern Africa (BODATSA) [offline dataset]. http://newposa.sanbi.org [Note that these data are not available at this URL as of 2021],Swati,Ken-ichi Ueda,2021-10-21T20:40:50Z
431400,sikymbyambya,und,"","",South African National Biodiversity Institute. 2021. Botanical Database of Southern Africa (BODATSA) [offline dataset]. http://newposa.sanbi.org [Note that these data are not available at this URL as of 2021],Swati,Ken-ichi Ueda,2021-10-21T20:40:50Z
428559,liatsa,und,"","",South African National Biodiversity Institute. 2021. Botanical Database of Southern Africa (BODATSA) [offline dataset]. http://newposa.sanbi.org [Note that these data are not available at this URL as of 2021],Swati,Ken-ichi Ueda,2021-10-21T20:40:51Z
428559,liletsa,und,"","",South African National Biodiversity Institute. 2021. Botanical Database of Southern Africa (BODATSA) [offline dataset]. http://newposa.sanbi.org [Note that these data are not available at this URL as of 2021],Swati,Ken-ichi Ueda,2021-10-21T20:40:51Z
199580,mabulwa,und,"","",South African National Biodiversity Institute. 2021. Botanical Database of Southern Africa (BODATSA) [offline dataset]. http://newposa.sanbi.org [Note that these data are not available at this URL as of 2021],Swati,Ken-ichi Ueda,2021-10-21T20:40:52Z
199580,umkhuna,und,"","",South African National Biodiversity Institute. 2021. Botanical Database of Southern Africa (BODATSA) [offline dataset]. http://newposa.sanbi.org [Note that these data are not available at this URL as of 2021],Swati,Ken-ichi Ueda,2021-10-21T20:40:52Z
591460,luphehlwane,und,"","",South African National Biodiversity Institute. 2021. Botanical Database of Southern Africa (BODATSA) [offline dataset]. http://newposa.sanbi.org [Note that these data are not available at this URL as of 2021],Swati,Ken-ichi Ueda,2021-10-21T20:40:52Z
591466,sawoti,und,"","",South African National Biodiversity Institute. 2021. Botanical Database of Southern Africa (BODATSA) [offline dataset]. http://newposa.sanbi.org [Note that these data are not available at this URL as of 2021],Swati,Ken-ichi Ueda,2021-10-21T20:40:53Z
591474,umdlezi,und,"","",South African National Biodiversity Institute. 2021. Botanical Database of Southern Africa (BODATSA) [offline dataset]. http://newposa.sanbi.org [Note that these data are not available at this URL as of 2021],Swati,Ken-ichi Ueda,2021-10-21T20:40:53Z
591474,umliezi,und,"","",South African National Biodiversity Institute. 2021. Botanical Database of Southern Africa (BODATSA) [offline dataset]. http://newposa.sanbi.org [Note that these data are not available at this URL as of 2021],Swati,Ken-ichi Ueda,2021-10-21T20:40:53Z
600633,umphasatje,und,"","",South African National Biodiversity Institute. 2021. Botanical Database of Southern Africa (BODATSA) [offline dataset]. http://newposa.sanbi.org [Note that these data are not available at this URL as of 2021],Swati,Ken-ichi Ueda,2021-10-21T20:40:54Z
138688,isi-kabakombe,und,"","",South African National Biodiversity Institute. 2021. Botanical Database of Southern Africa (BODATSA) [offline dataset]. http://newposa.sanbi.org [Note that these data are not available at this URL as of 2021],Swati,Ken-ichi Ueda,2021-10-21T20:40:54Z
138688,sikhabamkombo,und,"","",South African National Biodiversity Institute. 2021. Botanical Database of Southern Africa (BODATSA) [offline dataset]. http://newposa.sanbi.org [Note that these data are not available at this URL as of 2021],Swati,Ken-ichi Ueda,2021-10-21T20:40:54Z
138688,umkhabamkhombe,und,"","",South African National Biodiversity Institute. 2021. Botanical Database of Southern Africa (BODATSA) [offline dataset]. http://newposa.sanbi.org [Note that these data are not available at this URL as of 2021],Swati,Ken-ichi Ueda,2021-10-21T20:40:55Z
600650,tobamununana,und,"","",South African National Biodiversity Institute. 2021. Botanical Database of Southern Africa (BODATSA) [offline dataset]. http://newposa.sanbi.org [Note that these data are not available at this URL as of 2021],Swati,Ken-ichi Ueda,2021-10-21T20:40:55Z
600650,umgwamiso,und,"","",South African National Biodiversity Institute. 2021. Botanical Database of Southern Africa (BODATSA) [offline dataset]. http://newposa.sanbi.org [Note that these data are not available at this URL as of 2021],Swati,Ken-ichi Ueda,2021-10-21T20:40:55Z
340211,sihhomuhhomu,und,"","",South African National Biodiversity Institute. 2021. Botanical Database of Southern Africa (BODATSA) [offline dataset]. http://newposa.sanbi.org [Note that these data are not available at this URL as of 2021],Swati,Ken-ichi Ueda,2021-10-21T20:40:56Z
166729,lisundvu,und,"","",South African National Biodiversity Institute. 2021. Botanical Database of Southern Africa (BODATSA) [offline dataset]. http://newposa.sanbi.org [Note that these data are not available at this URL as of 2021],Swati,Ken-ichi Ueda,2021-10-21T20:40:56Z
592043,umdidi,und,"","",South African National Biodiversity Institute. 2021. Botanical Database of Southern Africa (BODATSA) [offline dataset]. http://newposa.sanbi.org [Note that these data are not available at this URL as of 2021],Swati,Ken-ichi Ueda,2021-10-21T20:40:56Z
507252,intaba-yengwe,und,"","",South African National Biodiversity Institute. 2021. Botanical Database of Southern Africa (BODATSA) [offline dataset]. http://newposa.sanbi.org [Note that these data are not available at this URL as of 2021],Swati,Ken-ichi Ueda,2021-10-21T20:40:57Z
166935,sibhaha-senkhangala,und,"","",South African National Biodiversity Institute. 2021. Botanical Database of Southern Africa (BODATSA) [offline dataset]. http://newposa.sanbi.org [Note that these data are not available at this URL as of 2021],Swati,Ken-ichi Ueda,2021-10-21T20:40:57Z
166935,umfusamvu,und,"","",South African National Biodiversity Institute. 2021. Botanical Database of Southern Africa (BODATSA) [offline dataset]. http://newposa.sanbi.org [Note that these data are not available at this URL as of 2021],Swati,Ken-ichi Ueda,2021-10-21T20:40:57Z
430498,cabhozi,und,"","",South African National Biodiversity Institute. 2021. Botanical Database of Southern Africa (BODATSA) [offline dataset]. http://newposa.sanbi.org [Note that these data are not available at this URL as of 2021],Swati,Ken-ichi Ueda,2021-10-21T20:40:58Z
430498,sihluganiso,und,"","",South African National Biodiversity Institute. 2021. Botanical Database of Southern Africa (BODATSA) [offline dataset]. http://newposa.sanbi.org [Note that these data are not available at this URL as of 2021],Swati,Ken-ichi Ueda,2021-10-21T20:40:58Z
500502,umtfunyelelwa,und,"","",South African National Biodiversity Institute. 2021. Botanical Database of Southern Africa (BODATSA) [offline dataset]. http://newposa.sanbi.org [Note that these data are not available at this URL as of 2021],Swati,Ken-ichi Ueda,2021-10-21T20:40:58Z
136323,umsonti,und,"","",South African National Biodiversity Institute. 2021. Botanical Database of Southern Africa (BODATSA) [offline dataset]. http://newposa.sanbi.org [Note that these data are not available at this URL as of 2021],Swati,Ken-ichi Ueda,2021-10-21T20:40:59Z
136323,umsontsi,und,"","",South African National Biodiversity Institute. 2021. Botanical Database of Southern Africa (BODATSA) [offline dataset]. http://newposa.sanbi.org [Note that these data are not available at this URL as of 2021],Swati,Ken-ichi Ueda,2021-10-21T20:40:59Z
58991,isilele,und,"","",South African National Biodiversity Institute. 2021. Botanical Database of Southern Africa (BODATSA) [offline dataset]. http://newposa.sanbi.org [Note that these data are not available at this URL as of 2021],Swati,Ken-ichi Ueda,2021-10-21T20:40:59Z
58991,silele,und,"","",South African National Biodiversity Institute. 2021. Botanical Database of Southern Africa (BODATSA) [offline dataset]. http://newposa.sanbi.org [Note that these data are not available at this URL as of 2021],Swati,Ken-ichi Ueda,2021-10-21T20:41:00Z
426476,amalenyane,und,"","",South African National Biodiversity Institute. 2021. Botanical Database of Southern Africa (BODATSA) [offline dataset]. http://newposa.sanbi.org [Note that these data are not available at this URL as of 2021],Swati,Ken-ichi Ueda,2021-10-21T20:41:00Z
426476,emayenjane,und,"","",South African National Biodiversity Institute. 2021. Botanical Database of Southern Africa (BODATSA) [offline dataset]. http://newposa.sanbi.org [Note that these data are not available at this URL as of 2021],Swati,Ken-ichi Ueda,2021-10-21T20:41:00Z
426476,emayenjani,und,"","",South African National Biodiversity Institute. 2021. Botanical Database of Southern Africa (BODATSA) [offline dataset]. http://newposa.sanbi.org [Note that these data are not available at this URL as of 2021],Swati,Ken-ichi Ueda,2021-10-21T20:41:01Z
426476,linyanjani,und,"","",South African National Biodiversity Institute. 2021. Botanical Database of Southern Africa (BODATSA) [offline dataset]. http://newposa.sanbi.org [Note that these data are not available at this URL as of 2021],Swati,Ken-ichi Ueda,2021-10-21T20:41:01Z
426476,mahenjani,und,"","",South African National Biodiversity Institute. 2021. Botanical Database of Southern Africa (BODATSA) [offline dataset]. http://newposa.sanbi.org [Note that these data are not available at this URL as of 2021],Swati,Ken-ichi Ueda,2021-10-21T20:41:01Z
326086,sidondwane,und,"","",South African National Biodiversity Institute. 2021. Botanical Database of Southern Africa (BODATSA) [offline dataset]. http://newposa.sanbi.org [Note that these data are not available at this URL as of 2021],Swati,Ken-ichi Ueda,2021-10-21T20:41:01Z
592460,sidadada,und,"","",South African National Biodiversity Institute. 2021. Botanical Database of Southern Africa (BODATSA) [offline dataset]. http://newposa.sanbi.org [Note that these data are not available at this URL as of 2021],Swati,Ken-ichi Ueda,2021-10-21T20:41:02Z
367323,infuce,und,"","",South African National Biodiversity Institute. 2021. Botanical Database of Southern Africa (BODATSA) [offline dataset]. http://newposa.sanbi.org [Note that these data are not available at this URL as of 2021],Swati,Ken-ichi Ueda,2021-10-21T20:41:03Z
367323,umhlangoti,und,"","",South African National Biodiversity Institute. 2021. Botanical Database of Southern Africa (BODATSA) [offline dataset]. http://newposa.sanbi.org [Note that these data are not available at this URL as of 2021],Swati,Ken-ichi Ueda,2021-10-21T20:41:03Z
435322,umdumezulu,und,"","",South African National Biodiversity Institute. 2021. Botanical Database of Southern Africa (BODATSA) [offline dataset]. http://newposa.sanbi.org [Note that these data are not available at this URL as of 2021],Swati,Ken-ichi Ueda,2021-10-21T20:41:03Z
592626,umhlonishwa,und,"","",South African National Biodiversity Institute. 2021. Botanical Database of Southern Africa (BODATSA) [offline dataset]. http://newposa.sanbi.org [Note that these data are not available at this URL as of 2021],Swati,Ken-ichi Ueda,2021-10-21T20:41:04Z
431512,umthati,und,"","",South African National Biodiversity Institute. 2021. Botanical Database of Southern Africa (BODATSA) [offline dataset]. http://newposa.sanbi.org [Note that these data are not available at this URL as of 2021],Swati,Ken-ichi Ueda,2021-10-21T20:41:05Z
431512,umtsatse,und,"","",South African National Biodiversity Institute. 2021. Botanical Database of Southern Africa (BODATSA) [offline dataset]. http://newposa.sanbi.org [Note that these data are not available at this URL as of 2021],Swati,Ken-ichi Ueda,2021-10-21T20:41:05Z
340243,umvangati,und,"","",South African National Biodiversity Institute. 2021. Botanical Database of Southern Africa (BODATSA) [offline dataset]. http://newposa.sanbi.org [Note that these data are not available at this URL as of 2021],Swati,Ken-ichi Ueda,2021-10-21T20:41:06Z
340243,umvangatsi,und,"","",South African National Biodiversity Institute. 2021. Botanical Database of Southern Africa (BODATSA) [offline dataset]. http://newposa.sanbi.org [Note that these data are not available at this URL as of 2021],Swati,Ken-ichi Ueda,2021-10-21T20:41:06Z
600866,lidlebe-lendlovu,und,"","",South African National Biodiversity Institute. 2021. Botanical Database of Southern Africa (BODATSA) [offline dataset]. http://newposa.sanbi.org [Note that these data are not available at this URL as of 2021],Swati,Ken-ichi Ueda,2021-10-21T20:41:07Z
240241,inconcodwane,und,"","",South African National Biodiversity Institute. 2021. Botanical Database of Southern Africa (BODATSA) [offline dataset]. http://newposa.sanbi.org [Note that these data are not available at this URL as of 2021],Swati,Ken-ichi Ueda,2021-10-21T20:41:07Z
442908,uxaphose,und,"","",South African National Biodiversity Institute. 2021. Botanical Database of Southern Africa (BODATSA) [offline dataset]. http://newposa.sanbi.org [Note that these data are not available at this URL as of 2021],Swati,Ken-ichi Ueda,2021-10-21T20:41:08Z
442908,uxhaphozi,und,"","",South African National Biodiversity Institute. 2021. Botanical Database of Southern Africa (BODATSA) [offline dataset]. http://newposa.sanbi.org [Note that these data are not available at this URL as of 2021],Swati,Ken-ichi Ueda,2021-10-21T20:41:08Z
442908,u Xhaphozi,und,"","",South African National Biodiversity Institute. 2021. Botanical Database of Southern Africa (BODATSA) [offline dataset]. http://newposa.sanbi.org [Note that these data are not available at this URL as of 2021],Swati,Ken-ichi Ueda,2021-10-21T20:41:08Z
578244,gcolokhulu,und,"","",South African National Biodiversity Institute. 2021. Botanical Database of Southern Africa (BODATSA) [offline dataset]. http://newposa.sanbi.org [Note that these data are not available at this URL as of 2021],Swati,Ken-ichi Ueda,2021-10-21T20:41:09Z
578244,ligcolo,und,"","",South African National Biodiversity Institute. 2021. Botanical Database of Southern Africa (BODATSA) [offline dataset]. http://newposa.sanbi.org [Note that these data are not available at this URL as of 2021],Swati,Ken-ichi Ueda,2021-10-21T20:41:09Z
578244,maphipha,und,"","",South African National Biodiversity Institute. 2021. Botanical Database of Southern Africa (BODATSA) [offline dataset]. http://newposa.sanbi.org [Note that these data are not available at this URL as of 2021],Swati,Ken-ichi Ueda,2021-10-21T20:41:09Z
133551,inanga,und,"","",South African National Biodiversity Institute. 2021. Botanical Database of Southern Africa (BODATSA) [offline dataset]. http://newposa.sanbi.org [Note that these data are not available at this URL as of 2021],Swati,Ken-ichi Ueda,2021-10-21T20:41:10Z
593043,inyenye,und,"","",South African National Biodiversity Institute. 2021. Botanical Database of Southern Africa (BODATSA) [offline dataset]. http://newposa.sanbi.org [Note that these data are not available at this URL as of 2021],Swati,Ken-ichi Ueda,2021-10-21T20:41:11Z
593047,ikhakhwamba,und,"","",South African National Biodiversity Institute. 2021. Botanical Database of Southern Africa (BODATSA) [offline dataset]. http://newposa.sanbi.org [Note that these data are not available at this URL as of 2021],Swati,Ken-ichi Ueda,2021-10-21T20:41:11Z
593083,umbovu,und,"","",South African National Biodiversity Institute. 2021. Botanical Database of Southern Africa (BODATSA) [offline dataset]. http://newposa.sanbi.org [Note that these data are not available at this URL as of 2021],Swati,Ken-ichi Ueda,2021-10-21T20:41:11Z
600960,igugude,und,"","",South African National Biodiversity Institute. 2021. Botanical Database of Southern Africa (BODATSA) [offline dataset]. http://newposa.sanbi.org [Note that these data are not available at this URL as of 2021],Swati,Ken-ichi Ueda,2021-10-21T20:41:12Z
600966,litfwakela,und,"","",South African National Biodiversity Institute. 2021. Botanical Database of Southern Africa (BODATSA) [offline dataset]. http://newposa.sanbi.org [Note that these data are not available at this URL as of 2021],Swati,Ken-ichi Ueda,2021-10-21T20:41:12Z
559531,usasatja,und,"","",South African National Biodiversity Institute. 2021. Botanical Database of Southern Africa (BODATSA) [offline dataset]. http://newposa.sanbi.org [Note that these data are not available at this URL as of 2021],Swati,Ken-ichi Ueda,2021-10-21T20:41:12Z
340357,umbozwa,und,"","",South African National Biodiversity Institute. 2021. Botanical Database of Southern Africa (BODATSA) [offline dataset]. http://newposa.sanbi.org [Note that these data are not available at this URL as of 2021],Swati,Ken-ichi Ueda,2021-10-21T20:41:13Z
431566,sikhokho,und,"","",South African National Biodiversity Institute. 2021. Botanical Database of Southern Africa (BODATSA) [offline dataset]. http://newposa.sanbi.org [Note that these data are not available at this URL as of 2021],Swati,Ken-ichi Ueda,2021-10-21T20:41:13Z
431565,sikoba,und,"","",South African National Biodiversity Institute. 2021. Botanical Database of Southern Africa (BODATSA) [offline dataset]. http://newposa.sanbi.org [Note that these data are not available at this URL as of 2021],Swati,Ken-ichi Ueda,2021-10-21T20:41:13Z
601021,intila-lubombo,und,"","",South African National Biodiversity Institute. 2021. Botanical Database of Southern Africa (BODATSA) [offline dataset]. http://newposa.sanbi.org [Note that these data are not available at this URL as of 2021],Swati,Ken-ichi Ueda,2021-10-21T20:41:14Z
601036,umnyetane,und,"","",South African National Biodiversity Institute. 2021. Botanical Database of Southern Africa (BODATSA) [offline dataset]. http://newposa.sanbi.org [Note that these data are not available at this URL as of 2021],Swati,Ken-ichi Ueda,2021-10-21T20:41:14Z
446942,umpheme,und,"","",South African National Biodiversity Institute. 2021. Botanical Database of Southern Africa (BODATSA) [offline dataset]. http://newposa.sanbi.org [Note that these data are not available at this URL as of 2021],Swati,Ken-ichi Ueda,2021-10-21T20:41:14Z
168423,isitokotoko,und,"","",South African National Biodiversity Institute. 2021. Botanical Database of Southern Africa (BODATSA) [offline dataset]. http://newposa.sanbi.org [Note that these data are not available at this URL as of 2021],Swati,Ken-ichi Ueda,2021-10-21T20:41:15Z
598605,ingotshwa,und,"","",South African National Biodiversity Institute. 2021. Botanical Database of Southern Africa (BODATSA) [offline dataset]. http://newposa.sanbi.org [Note that these data are not available at this URL as of 2021],Swati,Ken-ichi Ueda,2021-10-21T20:41:15Z
598605,maphosa,und,"","",South African National Biodiversity Institute. 2021. Botanical Database of Southern Africa (BODATSA) [offline dataset]. http://newposa.sanbi.org [Note that these data are not available at this URL as of 2021],Swati,Ken-ichi Ueda,2021-10-21T20:41:15Z
1269678,umsengembuti,und,"","",South African National Biodiversity Institute. 2021. Botanical Database of Southern Africa (BODATSA) [offline dataset]. http://newposa.sanbi.org [Note that these data are not available at this URL as of 2021],Swati,Ken-ichi Ueda,2021-10-21T20:41:16Z
369448,umvovovu,und,"","",South African National Biodiversity Institute. 2021. Botanical Database of Southern Africa (BODATSA) [offline dataset]. http://newposa.sanbi.org [Note that these data are not available at this URL as of 2021],Swati,Ken-ichi Ueda,2021-10-21T20:41:16Z
369448,uVovovo,und,"","",South African National Biodiversity Institute. 2021. Botanical Database of Southern Africa (BODATSA) [offline dataset]. http://newposa.sanbi.org [Note that these data are not available at this URL as of 2021],Swati,Ken-ichi Ueda,2021-10-21T20:41:16Z
560140,vovovo lomncane,und,"","",South African National Biodiversity Institute. 2021. Botanical Database of Southern Africa (BODATSA) [offline dataset]. http://newposa.sanbi.org [Note that these data are not available at this URL as of 2021],Swati,Ken-ichi Ueda,2021-10-21T20:41:17Z
556790,imbita-yebantwana,und,"","",South African National Biodiversity Institute. 2021. Botanical Database of Southern Africa (BODATSA) [offline dataset]. http://newposa.sanbi.org [Note that these data are not available at this URL as of 2021],Swati,Ken-ichi Ueda,2021-10-21T20:41:17Z
556790,limbita-yebantfwana,und,"","",South African National Biodiversity Institute. 2021. Botanical Database of Southern Africa (BODATSA) [offline dataset]. http://newposa.sanbi.org [Note that these data are not available at this URL as of 2021],Swati,Ken-ichi Ueda,2021-10-21T20:41:17Z
556790,ndvwendvweni,und,"","",South African National Biodiversity Institute. 2021. Botanical Database of Southern Africa (BODATSA) [offline dataset]. http://newposa.sanbi.org [Note that these data are not available at this URL as of 2021],Swati,Ken-ichi Ueda,2021-10-21T20:41:18Z
556790,ndvwendvwni,und,"","",South African National Biodiversity Institute. 2021. Botanical Database of Southern Africa (BODATSA) [offline dataset]. http://newposa.sanbi.org [Note that these data are not available at this URL as of 2021],Swati,Ken-ichi Ueda,2021-10-21T20:41:18Z
147440,mazabuka,und,"","",South African National Biodiversity Institute. 2021. Botanical Database of Southern Africa (BODATSA) [offline dataset]. http://newposa.sanbi.org [Note that these data are not available at this URL as of 2021],Swati,Ken-ichi Ueda,2021-10-21T20:41:19Z
559524,umhlalampunzi,und,"","",South African National Biodiversity Institute. 2021. Botanical Database of Southern Africa (BODATSA) [offline dataset]. http://newposa.sanbi.org [Note that these data are not available at this URL as of 2021],Swati,Ken-ichi Ueda,2021-10-21T20:41:19Z
593861,litabhane,und,"","",South African National Biodiversity Institute. 2021. Botanical Database of Southern Africa (BODATSA) [offline dataset]. http://newposa.sanbi.org [Note that these data are not available at this URL as of 2021],Swati,Ken-ichi Ueda,2021-10-21T20:41:19Z
593861,umthabane,und,"","",South African National Biodiversity Institute. 2021. Botanical Database of Southern Africa (BODATSA) [offline dataset]. http://newposa.sanbi.org [Note that these data are not available at this URL as of 2021],Swati,Ken-ichi Ueda,2021-10-21T20:41:20Z
464684,siphingo,und,"","",South African National Biodiversity Institute. 2021. Botanical Database of Southern Africa (BODATSA) [offline dataset]. http://newposa.sanbi.org [Note that these data are not available at this URL as of 2021],Swati,Ken-ichi Ueda,2021-10-21T20:41:20Z
594363,imfenyane,und,"","",South African National Biodiversity Institute. 2021. Botanical Database of Southern Africa (BODATSA) [offline dataset]. http://newposa.sanbi.org [Note that these data are not available at this URL as of 2021],Swati,Ken-ichi Ueda,2021-10-21T20:41:20Z
340244,lujoyi,und,"","",South African National Biodiversity Institute. 2021. Botanical Database of Southern Africa (BODATSA) [offline dataset]. http://newposa.sanbi.org [Note that these data are not available at this URL as of 2021],Swati,Ken-ichi Ueda,2021-10-21T20:41:21Z
468761,ludvonca-loludliwako,und,"","",South African National Biodiversity Institute. 2021. Botanical Database of Southern Africa (BODATSA) [offline dataset]. http://newposa.sanbi.org [Note that these data are not available at this URL as of 2021],Swati,Ken-ichi Ueda,2021-10-21T20:41:21Z
133191,umhlepha,und,"","",South African National Biodiversity Institute. 2021. Botanical Database of Southern Africa (BODATSA) [offline dataset]. http://newposa.sanbi.org [Note that these data are not available at this URL as of 2021],Swati,Ken-ichi Ueda,2021-10-21T20:41:22Z
601179,ivivane,und,"","",South African National Biodiversity Institute. 2021. Botanical Database of Southern Africa (BODATSA) [offline dataset]. http://newposa.sanbi.org [Note that these data are not available at this URL as of 2021],Swati,Ken-ichi Ueda,2021-10-21T20:41:22Z
567059,emaselitfole,und,"","",South African National Biodiversity Institute. 2021. Botanical Database of Southern Africa (BODATSA) [offline dataset]. http://newposa.sanbi.org [Note that these data are not available at this URL as of 2021],Swati,Ken-ichi Ueda,2021-10-21T20:41:22Z
567059,emasematfole,und,"","",South African National Biodiversity Institute. 2021. Botanical Database of Southern Africa (BODATSA) [offline dataset]. http://newposa.sanbi.org [Note that these data are not available at this URL as of 2021],Swati,Ken-ichi Ueda,2021-10-21T20:41:23Z
428173,incathafane,und,"","",South African National Biodiversity Institute. 2021. Botanical Database of Southern Africa (BODATSA) [offline dataset]. http://newposa.sanbi.org [Note that these data are not available at this URL as of 2021],Swati,Ken-ichi Ueda,2021-10-21T20:41:23Z
428173,indungulu,und,"","",South African National Biodiversity Institute. 2021. Botanical Database of Southern Africa (BODATSA) [offline dataset]. http://newposa.sanbi.org [Note that these data are not available at this URL as of 2021],Swati,Ken-ichi Ueda,2021-10-21T20:41:23Z
428173,sidvungulu,und,"","",South African National Biodiversity Institute. 2021. Botanical Database of Southern Africa (BODATSA) [offline dataset]. http://newposa.sanbi.org [Note that these data are not available at this URL as of 2021],Swati,Ken-ichi Ueda,2021-10-21T20:41:24Z
154525,inchachabutane,und,"","",South African National Biodiversity Institute. 2021. Botanical Database of Southern Africa (BODATSA) [offline dataset]. http://newposa.sanbi.org [Note that these data are not available at this URL as of 2021],Swati,Ken-ichi Ueda,2021-10-21T20:41:24Z
594579,inluma,und,"","",South African National Biodiversity Institute. 2021. Botanical Database of Southern Africa (BODATSA) [offline dataset]. http://newposa.sanbi.org [Note that these data are not available at this URL as of 2021],Swati,Ken-ichi Ueda,2021-10-21T20:41:24Z
594579,intfuma,und,"","",South African National Biodiversity Institute. 2021. Botanical Database of Southern Africa (BODATSA) [offline dataset]. http://newposa.sanbi.org [Note that these data are not available at this URL as of 2021],Swati,Ken-ichi Ueda,2021-10-21T20:41:25Z
340308,umtfuma,und,"","",South African National Biodiversity Institute. 2021. Botanical Database of Southern Africa (BODATSA) [offline dataset]. http://newposa.sanbi.org [Note that these data are not available at this URL as of 2021],Swati,Ken-ichi Ueda,2021-10-21T20:41:25Z
79141,umsobo-sobo,und,"","",South African National Biodiversity Institute. 2021. Botanical Database of Southern Africa (BODATSA) [offline dataset]. http://newposa.sanbi.org [Note that these data are not available at this URL as of 2021],Swati,Ken-ichi Ueda,2021-10-21T20:41:25Z
326781,umjobo,und,"","",South African National Biodiversity Institute. 2021. Botanical Database of Southern Africa (BODATSA) [offline dataset]. http://newposa.sanbi.org [Note that these data are not available at this URL as of 2021],Swati,Ken-ichi Ueda,2021-10-21T20:41:26Z
53294,idwingabane,und,"","",South African National Biodiversity Institute. 2021. Botanical Database of Southern Africa (BODATSA) [offline dataset]. http://newposa.sanbi.org [Note that these data are not available at this URL as of 2021],Swati,Ken-ichi Ueda,2021-10-21T20:41:26Z
53294,ingabe,und,"","",South African National Biodiversity Institute. 2021. Botanical Database of Southern Africa (BODATSA) [offline dataset]. http://newposa.sanbi.org [Note that these data are not available at this URL as of 2021],Swati,Ken-ichi Ueda,2021-10-21T20:41:26Z
601217,hayihayi,und,"","",South African National Biodiversity Institute. 2021. Botanical Database of Southern Africa (BODATSA) [offline dataset]. http://newposa.sanbi.org [Note that these data are not available at this URL as of 2021],Swati,Ken-ichi Ueda,2021-10-21T20:41:27Z
340253,umtfombotsi,und,"","",South African National Biodiversity Institute. 2021. Botanical Database of Southern Africa (BODATSA) [offline dataset]. http://newposa.sanbi.org [Note that these data are not available at this URL as of 2021],Swati,Ken-ichi Ueda,2021-10-21T20:41:27Z
340253,umthombotsi,und,"","",South African National Biodiversity Institute. 2021. Botanical Database of Southern Africa (BODATSA) [offline dataset]. http://newposa.sanbi.org [Note that these data are not available at this URL as of 2021],Swati,Ken-ichi Ueda,2021-10-21T20:41:27Z
340253,umtomboti,und,"","",South African National Biodiversity Institute. 2021. Botanical Database of Southern Africa (BODATSA) [offline dataset]. http://newposa.sanbi.org [Note that these data are not available at this URL as of 2021],Swati,Ken-ichi Ueda,2021-10-21T20:41:28Z
54990,tililo,und,"","",South African National Biodiversity Institute. 2021. Botanical Database of Southern Africa (BODATSA) [offline dataset]. http://newposa.sanbi.org [Note that these data are not available at this URL as of 2021],Swati,Ken-ichi Ueda,2021-10-21T20:41:28Z
431646,lumbu,und,"","",South African National Biodiversity Institute. 2021. Botanical Database of Southern Africa (BODATSA) [offline dataset]. http://newposa.sanbi.org [Note that these data are not available at this URL as of 2021],Swati,Ken-ichi Ueda,2021-10-21T20:41:29Z
431646,sibhosa,und,"","",South African National Biodiversity Institute. 2021. Botanical Database of Southern Africa (BODATSA) [offline dataset]. http://newposa.sanbi.org [Note that these data are not available at this URL as of 2021],Swati,Ken-ichi Ueda,2021-10-21T20:41:29Z
594900,inkhamango,und,"","",South African National Biodiversity Institute. 2021. Botanical Database of Southern Africa (BODATSA) [offline dataset]. http://newposa.sanbi.org [Note that these data are not available at this URL as of 2021],Swati,Ken-ichi Ueda,2021-10-21T20:41:29Z
594954,sona,und,"","",South African National Biodiversity Institute. 2021. Botanical Database of Southern Africa (BODATSA) [offline dataset]. http://newposa.sanbi.org [Note that these data are not available at this URL as of 2021],Swati,Ken-ichi Ueda,2021-10-21T20:41:29Z
431656,umhlazazana,und,"","",South African National Biodiversity Institute. 2021. Botanical Database of Southern Africa (BODATSA) [offline dataset]. http://newposa.sanbi.org [Note that these data are not available at this URL as of 2021],Swati,Ken-ichi Ueda,2021-10-21T20:41:30Z
340252,umnonono,und,"","",South African National Biodiversity Institute. 2021. Botanical Database of Southern Africa (BODATSA) [offline dataset]. http://newposa.sanbi.org [Note that these data are not available at this URL as of 2021],Swati,Ken-ichi Ueda,2021-10-21T20:41:30Z
340170,umhlala,und,"","",South African National Biodiversity Institute. 2021. Botanical Database of Southern Africa (BODATSA) [offline dataset]. http://newposa.sanbi.org [Note that these data are not available at this URL as of 2021],Swati,Ken-ichi Ueda,2021-10-21T20:41:30Z
340170,umkhwakhwa,und,"","",South African National Biodiversity Institute. 2021. Botanical Database of Southern Africa (BODATSA) [offline dataset]. http://newposa.sanbi.org [Note that these data are not available at this URL as of 2021],Swati,Ken-ichi Ueda,2021-10-21T20:41:31Z
340209,pantancosse,und,"","",South African National Biodiversity Institute. 2021. Botanical Database of Southern Africa (BODATSA) [offline dataset]. http://newposa.sanbi.org [Note that these data are not available at this URL as of 2021],Swati,Ken-ichi Ueda,2021-10-21T20:41:31Z
340209,umphatsankhosi lomnya,und,"","",South African National Biodiversity Institute. 2021. Botanical Database of Southern Africa (BODATSA) [offline dataset]. http://newposa.sanbi.org [Note that these data are not available at this URL as of 2021],Swati,Ken-ichi Ueda,2021-10-21T20:41:31Z
595021,umfana-kamacejane,und,"","",South African National Biodiversity Institute. 2021. Botanical Database of Southern Africa (BODATSA) [offline dataset]. http://newposa.sanbi.org [Note that these data are not available at this URL as of 2021],Swati,Ken-ichi Ueda,2021-10-21T20:41:32Z
595028,sitfubi,und,"","",South African National Biodiversity Institute. 2021. Botanical Database of Southern Africa (BODATSA) [offline dataset]. http://newposa.sanbi.org [Note that these data are not available at this URL as of 2021],Swati,Ken-ichi Ueda,2021-10-21T20:41:32Z
169489,moroko-hloko,und,"","",South African National Biodiversity Institute. 2021. Botanical Database of Southern Africa (BODATSA) [offline dataset]. http://newposa.sanbi.org [Note that these data are not available at this URL as of 2021],Swati,Ken-ichi Ueda,2021-10-21T20:41:32Z
739104,sidletjana,und,"","",South African National Biodiversity Institute. 2021. Botanical Database of Southern Africa (BODATSA) [offline dataset]. http://newposa.sanbi.org [Note that these data are not available at this URL as of 2021],Swati,Ken-ichi Ueda,2021-10-21T20:41:33Z
739104,umdletshana,und,"","",South African National Biodiversity Institute. 2021. Botanical Database of Southern Africa (BODATSA) [offline dataset]. http://newposa.sanbi.org [Note that these data are not available at this URL as of 2021],Swati,Ken-ichi Ueda,2021-10-21T20:41:33Z
338719,umncozi,und,"","",South African National Biodiversity Institute. 2021. Botanical Database of Southern Africa (BODATSA) [offline dataset]. http://newposa.sanbi.org [Note that these data are not available at this URL as of 2021],Swati,Ken-ichi Ueda,2021-10-21T20:41:33Z
340266,umkhahlu,und,"","",South African National Biodiversity Institute. 2021. Botanical Database of Southern Africa (BODATSA) [offline dataset]. http://newposa.sanbi.org [Note that these data are not available at this URL as of 2021],Swati,Ken-ichi Ueda,2021-10-21T20:41:33Z
340266,umkhamamasi,und,"","",South African National Biodiversity Institute. 2021. Botanical Database of Southern Africa (BODATSA) [offline dataset]. http://newposa.sanbi.org [Note that these data are not available at this URL as of 2021],Swati,Ken-ichi Ueda,2021-10-21T20:41:34Z
474039,ligcebe lelimhlophe,und,"","",South African National Biodiversity Institute. 2021. Botanical Database of Southern Africa (BODATSA) [offline dataset]. http://newposa.sanbi.org [Note that these data are not available at this URL as of 2021],Swati,Ken-ichi Ueda,2021-10-21T20:41:34Z
601315,gobogobo,und,"","",South African National Biodiversity Institute. 2021. Botanical Database of Southern Africa (BODATSA) [offline dataset]. http://newposa.sanbi.org [Note that these data are not available at this URL as of 2021],Swati,Ken-ichi Ueda,2021-10-21T20:41:35Z
601315,ligcebe lematje,und,"","",South African National Biodiversity Institute. 2021. Botanical Database of Southern Africa (BODATSA) [offline dataset]. http://newposa.sanbi.org [Note that these data are not available at this URL as of 2021],Swati,Ken-ichi Ueda,2021-10-21T20:41:35Z
601315,umbebase,und,"","",South African National Biodiversity Institute. 2021. Botanical Database of Southern Africa (BODATSA) [offline dataset]. http://newposa.sanbi.org [Note that these data are not available at this URL as of 2021],Swati,Ken-ichi Ueda,2021-10-21T20:41:35Z
286772,bopu,und,"","",South African National Biodiversity Institute. 2021. Botanical Database of Southern Africa (BODATSA) [offline dataset]. http://newposa.sanbi.org [Note that these data are not available at this URL as of 2021],Swati,Ken-ichi Ueda,2021-10-21T20:41:36Z
286772,malangula,und,"","",South African National Biodiversity Institute. 2021. Botanical Database of Southern Africa (BODATSA) [offline dataset]. http://newposa.sanbi.org [Note that these data are not available at this URL as of 2021],Swati,Ken-ichi Ueda,2021-10-21T20:41:36Z
286772,malungana,und,"","",South African National Biodiversity Institute. 2021. Botanical Database of Southern Africa (BODATSA) [offline dataset]. http://newposa.sanbi.org [Note that these data are not available at this URL as of 2021],Swati,Ken-ichi Ueda,2021-10-21T20:41:36Z
286772,morapa-sitsane,und,"","",South African National Biodiversity Institute. 2021. Botanical Database of Southern Africa (BODATSA) [offline dataset]. http://newposa.sanbi.org [Note that these data are not available at this URL as of 2021],Swati,Ken-ichi Ueda,2021-10-21T20:41:37Z
595193,umhonono,und,"","",South African National Biodiversity Institute. 2021. Botanical Database of Southern Africa (BODATSA) [offline dataset]. http://newposa.sanbi.org [Note that these data are not available at this URL as of 2021],Swati,Ken-ichi Ueda,2021-10-21T20:41:37Z
406462,liphunga,und,"","",South African National Biodiversity Institute. 2021. Botanical Database of Southern Africa (BODATSA) [offline dataset]. http://newposa.sanbi.org [Note that these data are not available at this URL as of 2021],Swati,Ken-ichi Ueda,2021-10-21T20:41:37Z
147425,ligololentsaki,und,"","",South African National Biodiversity Institute. 2021. Botanical Database of Southern Africa (BODATSA) [offline dataset]. http://newposa.sanbi.org [Note that these data are not available at this URL as of 2021],Swati,Ken-ichi Ueda,2021-10-21T20:41:38Z
147425,umbalakacane,und,"","",South African National Biodiversity Institute. 2021. Botanical Database of Southern Africa (BODATSA) [offline dataset]. http://newposa.sanbi.org [Note that these data are not available at this URL as of 2021],Swati,Ken-ichi Ueda,2021-10-21T20:41:38Z
595641,indulwane,und,"","",South African National Biodiversity Institute. 2021. Botanical Database of Southern Africa (BODATSA) [offline dataset]. http://newposa.sanbi.org [Note that these data are not available at this URL as of 2021],Swati,Ken-ichi Ueda,2021-10-21T20:41:38Z
601427,umkhuhlu,und,"","",South African National Biodiversity Institute. 2021. Botanical Database of Southern Africa (BODATSA) [offline dataset]. http://newposa.sanbi.org [Note that these data are not available at this URL as of 2021],Swati,Ken-ichi Ueda,2021-10-21T20:41:38Z
595644,ugabavu,und,"","",South African National Biodiversity Institute. 2021. Botanical Database of Southern Africa (BODATSA) [offline dataset]. http://newposa.sanbi.org [Note that these data are not available at this URL as of 2021],Swati,Ken-ichi Ueda,2021-10-21T20:41:39Z
601453,sicandzamatje,und,"","",South African National Biodiversity Institute. 2021. Botanical Database of Southern Africa (BODATSA) [offline dataset]. http://newposa.sanbi.org [Note that these data are not available at this URL as of 2021],Swati,Ken-ichi Ueda,2021-10-21T20:41:39Z
595796,lisela,und,"","",South African National Biodiversity Institute. 2021. Botanical Database of Southern Africa (BODATSA) [offline dataset]. http://newposa.sanbi.org [Note that these data are not available at this URL as of 2021],Swati,Ken-ichi Ueda,2021-10-21T20:41:39Z
595798,ivumba'mpunzi,und,"","",South African National Biodiversity Institute. 2021. Botanical Database of Southern Africa (BODATSA) [offline dataset]. http://newposa.sanbi.org [Note that these data are not available at this URL as of 2021],Swati,Ken-ichi Ueda,2021-10-21T20:41:40Z
595798,negoje,und,"","",South African National Biodiversity Institute. 2021. Botanical Database of Southern Africa (BODATSA) [offline dataset]. http://newposa.sanbi.org [Note that these data are not available at this URL as of 2021],Swati,Ken-ichi Ueda,2021-10-21T20:41:40Z
595798,sikwa,und,"","",South African National Biodiversity Institute. 2021. Botanical Database of Southern Africa (BODATSA) [offline dataset]. http://newposa.sanbi.org [Note that these data are not available at this URL as of 2021],Swati,Ken-ichi Ueda,2021-10-21T20:41:40Z
320900,umdlozana,und,"","",South African National Biodiversity Institute. 2021. Botanical Database of Southern Africa (BODATSA) [offline dataset]. http://newposa.sanbi.org [Note that these data are not available at this URL as of 2021],Swati,Ken-ichi Ueda,2021-10-21T20:41:41Z
142853,khubakhulu,und,"","",South African National Biodiversity Institute. 2021. Botanical Database of Southern Africa (BODATSA) [offline dataset]. http://newposa.sanbi.org [Note that these data are not available at this URL as of 2021],Swati,Ken-ichi Ueda,2021-10-21T20:41:41Z
507049,lukhovu,und,"","",South African National Biodiversity Institute. 2021. Botanical Database of Southern Africa (BODATSA) [offline dataset]. http://newposa.sanbi.org [Note that these data are not available at this URL as of 2021],Swati,Ken-ichi Ueda,2021-10-21T20:41:41Z
574972,umahlanganisa,und,"","",South African National Biodiversity Institute. 2021. Botanical Database of Southern Africa (BODATSA) [offline dataset]. http://newposa.sanbi.org [Note that these data are not available at this URL as of 2021],Swati,Ken-ichi Ueda,2021-10-21T20:41:42Z
51884,umbabazane,und,"","",South African National Biodiversity Institute. 2021. Botanical Database of Southern Africa (BODATSA) [offline dataset]. http://newposa.sanbi.org [Note that these data are not available at this URL as of 2021],Swati,Ken-ichi Ueda,2021-10-21T20:41:42Z
53315,isibathi,und,"","",South African National Biodiversity Institute. 2021. Botanical Database of Southern Africa (BODATSA) [offline dataset]. http://newposa.sanbi.org [Note that these data are not available at this URL as of 2021],Swati,Ken-ichi Ueda,2021-10-21T20:41:42Z
601546,umntulwa,und,"","",South African National Biodiversity Institute. 2021. Botanical Database of Southern Africa (BODATSA) [offline dataset]. http://newposa.sanbi.org [Note that these data are not available at this URL as of 2021],Swati,Ken-ichi Ueda,2021-10-21T20:41:43Z
340393,linyatselo,und,"","",South African National Biodiversity Institute. 2021. Botanical Database of Southern Africa (BODATSA) [offline dataset]. http://newposa.sanbi.org [Note that these data are not available at this URL as of 2021],Swati,Ken-ichi Ueda,2021-10-21T20:41:43Z
586655,majaze,und,"","",South African National Biodiversity Institute. 2021. Botanical Database of Southern Africa (BODATSA) [offline dataset]. http://newposa.sanbi.org [Note that these data are not available at this URL as of 2021],Swati,Ken-ichi Ueda,2021-10-21T20:41:43Z
587504,isibaha,und,"","",South African National Biodiversity Institute. 2021. Botanical Database of Southern Africa (BODATSA) [offline dataset]. http://newposa.sanbi.org [Note that these data are not available at this URL as of 2021],Swati,Ken-ichi Ueda,2021-10-21T20:41:44Z
587504,isiBhaha,und,"","",South African National Biodiversity Institute. 2021. Botanical Database of Southern Africa (BODATSA) [offline dataset]. http://newposa.sanbi.org [Note that these data are not available at this URL as of 2021],Swati,Ken-ichi Ueda,2021-10-21T20:41:44Z
586655,uhlunguhlungu,und,"","",South African National Biodiversity Institute. 2021. Botanical Database of Southern Africa (BODATSA) [offline dataset]. http://newposa.sanbi.org [Note that these data are not available at this URL as of 2021],Swati,Ken-ichi Ueda,2021-10-21T20:41:44Z
601566,mgcenga,und,"","",South African National Biodiversity Institute. 2021. Botanical Database of Southern Africa (BODATSA) [offline dataset]. http://newposa.sanbi.org [Note that these data are not available at this URL as of 2021],Swati,Ken-ichi Ueda,2021-10-21T20:41:45Z
596033,umkhosikati,und,"","",South African National Biodiversity Institute. 2021. Botanical Database of Southern Africa (BODATSA) [offline dataset]. http://newposa.sanbi.org [Note that these data are not available at this URL as of 2021],Swati,Ken-ichi Ueda,2021-10-21T20:41:45Z
182206,sibhaha,und,"","",South African National Biodiversity Institute. 2021. Botanical Database of Southern Africa (BODATSA) [offline dataset]. http://newposa.sanbi.org [Note that these data are not available at this URL as of 2021],Swati,Ken-ichi Ueda,2021-10-21T20:41:45Z
596217,sidvwa,und,"","",South African National Biodiversity Institute. 2021. Botanical Database of Southern Africa (BODATSA) [offline dataset]. http://newposa.sanbi.org [Note that these data are not available at this URL as of 2021],Swati,Ken-ichi Ueda,2021-10-21T20:41:46Z
182191,vimhepe,und,"","",South African National Biodiversity Institute. 2021. Botanical Database of Southern Africa (BODATSA) [offline dataset]. http://newposa.sanbi.org [Note that these data are not available at this URL as of 2021],Swati,Ken-ichi Ueda,2021-10-21T20:41:46Z
596296,umbengende,und,"","",South African National Biodiversity Institute. 2021. Botanical Database of Southern Africa (BODATSA) [offline dataset]. http://newposa.sanbi.org [Note that these data are not available at this URL as of 2021],Swati,Ken-ichi Ueda,2021-10-21T20:41:46Z
460439,sifunti,und,"","",South African National Biodiversity Institute. 2021. Botanical Database of Southern Africa (BODATSA) [offline dataset]. http://newposa.sanbi.org [Note that these data are not available at this URL as of 2021],Swati,Ken-ichi Ueda,2021-10-21T20:41:47Z
601612,umkhorotjana,und,"","",South African National Biodiversity Institute. 2021. Botanical Database of Southern Africa (BODATSA) [offline dataset]. http://newposa.sanbi.org [Note that these data are not available at this URL as of 2021],Swati,Ken-ichi Ueda,2021-10-21T20:41:47Z
601612,umtfundvuluka,und,"","",South African National Biodiversity Institute. 2021. Botanical Database of Southern Africa (BODATSA) [offline dataset]. http://newposa.sanbi.org [Note that these data are not available at this URL as of 2021],Swati,Ken-ichi Ueda,2021-10-21T20:41:47Z
132925,umphisi-makhata,und,"","",South African National Biodiversity Institute. 2021. Botanical Database of Southern Africa (BODATSA) [offline dataset]. http://newposa.sanbi.org [Note that these data are not available at this URL as of 2021],Swati,Ken-ichi Ueda,2021-10-21T20:41:48Z
362174,umhlabanyoni,und,"","",South African National Biodiversity Institute. 2021. Botanical Database of Southern Africa (BODATSA) [offline dataset]. http://newposa.sanbi.org [Note that these data are not available at this URL as of 2021],Swati,Ken-ichi Ueda,2021-10-21T20:41:48Z
340228,umlahlabantfu,und,"","",South African National Biodiversity Institute. 2021. Botanical Database of Southern Africa (BODATSA) [offline dataset]. http://newposa.sanbi.org [Note that these data are not available at this URL as of 2021],Swati,Ken-ichi Ueda,2021-10-21T20:41:48Z
340228,umphafa,und,"","",South African National Biodiversity Institute. 2021. Botanical Database of Southern Africa (BODATSA) [offline dataset]. http://newposa.sanbi.org [Note that these data are not available at this URL as of 2021],Swati,Ken-ichi Ueda,2021-10-21T20:41:49Z
42339,Lishongololo,und,"","",,Swati,botswanabugs,2021-11-20T04:36:22Z
431075,loklolo,und,"","",,Swati,botswanabugs,2022-01-09T04:15:46Z
142774,umphuphuphu,und,"","",,Swati,botswanabugs,2022-01-09T04:36:25Z
3687,umtjivovo,und,"","",,Swati,botswanabugs,2022-01-09T04:53:40Z
3687,indlati,und,"","",,Swati,botswanabugs,2022-01-09T04:54:09Z
43125,logwatja,und,"","",,Swati,botswanabugs,2022-01-10T05:42:03Z
43156,intsenetja,und,"","",,Swati,botswanabugs,2022-01-10T05:49:17Z
160868,ligusha,und,"","",,Swati,botswanabugs,2022-01-11T13:52:37Z
1306005,Isambane,und,"","",https://www.inaturalist.org/taxon_names/2899688/edit,Swati,Bobby McCabe,2022-02-28T01:14:35Z
588300,Licaca latokoloshi,und,"","",,Swati,botswanabugs,2022-03-01T09:45:00Z
585574,Sihlonhlwana,und,"","",,Swati,botswanabugs,2022-03-01T09:46:14Z
129815,Gebeleweni,und,"","",,Swati,botswanabugs,2022-03-01T09:47:32Z
428173,sidvungula,und,"","",,Swati,botswanabugs,2022-03-01T10:17:42Z
595985,umbotane,und,"","",South African National Biodiversity Institute. 2021. Botanical Database of Southern Africa (BODATSA) [offline dataset]. http://newposa.sanbi.org [Note that these data are not available at this URL as of 2021],Swati,,2022-03-06T15:39:30Z
1363476,umbesa,und,"","",South African National Biodiversity Institute. 2021. Botanical Database of Southern Africa (BODATSA) [offline dataset]. http://newposa.sanbi.org [Note that these data are not available at this URL as of 2021],Swati,,2022-03-06T21:21:13Z
42042,Indabushe,und,"","",,Swati,botswanabugs,2022-03-24T04:34:08Z
41886,mpisi,und,"","",,Swati,botswanabugs,2022-03-24T08:17:52Z
42276,Mzansi,und,"","",,Swati,botswanabugs,2022-03-24T12:01:56Z
1371229,siphutse,und,"","",South African National Biodiversity Institute. 2021. Botanical Database of Southern Africa (BODATSA) [offline dataset]. http://newposa.sanbi.org [Note that these data are not available at this URL as of 2021],Swati,,2022-03-31T08:46:22Z
596042,umphehlacwatsi,und,"","",South African National Biodiversity Institute. 2021. Botanical Database of Southern Africa (BODATSA) [offline dataset]. http://newposa.sanbi.org [Note that these data are not available at this URL as of 2021],Swati,,2022-04-13T07:20:01Z
596042,umphehlavatsi,und,"","",South African National Biodiversity Institute. 2021. Botanical Database of Southern Africa (BODATSA) [offline dataset]. http://newposa.sanbi.org [Note that these data are not available at this URL as of 2021],Swati,,2022-04-13T07:20:02Z
595643,Umkhuhlu,und,"","",,Swati,botswanabugs,2022-04-28T10:13:38Z
191689,nhliziyo,und,"","",South African National Biodiversity Institute. 2021. Botanical Database of Southern Africa (BODATSA) [offline dataset]. http://newposa.sanbi.org [Note that these data are not available at this URL as of 2021],Swati,,2022-05-13T15:35:44Z
83832,umtfundvuluka,und,"","",,Swati,botswanabugs,2022-06-21T14:54:26Z
83832,umthunduluka,und,"","",,Swati,botswanabugs,2022-06-21T14:55:16Z
45929,Ndlulwane,und,"","",,Swati,botswanabugs,2022-07-04T04:09:37Z
41939,Liduha,und,"","",,Swati,botswanabugs,2022-07-18T03:17:11Z
74414,Chakidze,und,"","",,Swati,botswanabugs,2022-07-18T03:31:52Z
489563,lisasa,und,"","",,Swati,botswanabugs,2022-09-07T05:14:16Z
489563,umsasane,und,"","",,Swati,botswanabugs,2022-09-07T05:14:56Z
159290,Mkwakwara,und,"","",,Swati,botswanabugs,2022-10-10T17:05:43Z
1429535,umkhuma,und,"","",South African National Biodiversity Institute. 2021. Botanical Database of Southern Africa (BODATSA) [offline dataset]. http://newposa.sanbi.org [Note that these data are not available at this URL as of 2021],Swati,Ken-ichi Ueda,2022-11-27T16:19:02Z
1429535,umgulutane,und,"","",South African National Biodiversity Institute. 2021. Botanical Database of Southern Africa (BODATSA) [offline dataset]. http://newposa.sanbi.org [Note that these data are not available at this URL as of 2021],Swati,Ken-ichi Ueda,2022-11-27T16:19:02Z
1431002,Umsumbi,und,"","",https://www.inaturalist.org/taxon_names/2002323/edit,Swati,,2022-12-06T06:52:23Z
1431002,Imphunzi,und,"","",https://www.inaturalist.org/taxon_names/2002324/edit,Swati,,2022-12-06T06:52:23Z
1431002,Umsumpe,und,"","",https://www.inaturalist.org/taxon_names/2002326/edit,Swati,,2022-12-06T06:52:23Z
1446737,inchoboza,und,"","",South African National Biodiversity Institute. 2021. Botanical Database of Southern Africa (BODATSA) [offline dataset]. http://newposa.sanbi.org [Note that these data are not available at this URL as of 2021],Swati,,2023-02-04T18:57:35Z
26052,ingwenya,und,"","",,Swati,botswanabugs,2023-04-25T07:02:58Z
47062,isambane,und,"","",,Swati,botswanabugs,2023-04-25T07:31:15Z
32806,Iunwabu,und,"","",,Swati,botswanabugs,2023-04-25T07:49:36Z
19350,sikhova,und,"","",,Swati,botswanabugs,2023-04-25T08:02:06Z
1470699,umpongamponga,und,"","",South African National Biodiversity Institute. 2021. Botanical Database of Southern Africa (BODATSA) [offline dataset]. http://newposa.sanbi.org [Note that these data are not available at this URL as of 2021],Swati,,2023-05-25T13:48:53Z
1473182,sineyi,und,"","",South African National Biodiversity Institute. 2021. Botanical Database of Southern Africa (BODATSA) [offline dataset]. http://newposa.sanbi.org [Note that these data are not available at this URL as of 2021],Swati,,2023-06-09T14:00:38Z
1473182,umneyi,und,"","",South African National Biodiversity Institute. 2021. Botanical Database of Southern Africa (BODATSA) [offline dataset]. http://newposa.sanbi.org [Note that these data are not available at this URL as of 2021],Swati,,2023-06-09T14:00:38Z
201031,umcalandlovu,und,Eswatini,SZ,,Swati,botswanabugs,2023-07-14T09:06:28Z
1484786,intolwane,und,"","",South African National Biodiversity Institute. 2021. Botanical Database of Southern Africa (BODATSA) [offline dataset]. http://newposa.sanbi.org [Note that these data are not available at this URL as of 2021],Swati,Riaan Stals,2023-07-25T18:16:04Z
582500,sikhwakhwane,und,"","",,Swati,botswanabugs,2023-11-09T07:37:22Z
1473182,Nyiri,und,"","",,Swati,botswanabugs,2023-11-09T07:46:26Z
342710,mhlonyane,und,"","",,Swati,botswanabugs,2023-11-09T08:12:27Z
342710,umhlonyane,und,"","",,Swati,botswanabugs,2023-11-09T08:13:15Z
568511,umadlozana,und,Eswatini,SZ,,Swati,botswanabugs,2023-11-09T08:30:51Z
81518,iNhlaba-encane,und,"","",,Swati,botswanabugs,2023-11-09T08:33:19Z
81518,mangana leykulu,und,"","",,Swati,botswanabugs,2023-11-09T08:34:37Z
430619,sisila semphala,und,"","",,Swati,botswanabugs,2023-11-09T08:37:06Z
594568,intuma,und,"","",South African National Biodiversity Institute. 2021. Botanical Database of Southern Africa (BODATSA) [offline dataset]. http://newposa.sanbi.org [Note that these data are not available at this URL as of 2021],Swati,,2023-11-11T12:21:04Z
343067,musutswane,und,"","",,Swati,botswanabugs,2024-05-21T09:50:45Z
327364,lisheshelu,und,"","",South African National Biodiversity Institute. 2021. Botanical Database of Southern Africa (BODATSA) [offline dataset]. http://newposa.sanbi.org [Note that these data are not available at this URL as of 2021],Swati,,2024-10-18T03:16:16Z
1584750,liphuze,und,"","",https://www.inaturalist.org/taxon_names/3397371/edit,Swati,Wynand Uys,2024-10-29T21:42:35Z
1584750,mbote,und,"","",https://www.inaturalist.org/taxon_names/3397372/edit,Swati,Wynand Uys,2024-10-29T21:42:35Z
1584750,singa,und,"","",https://www.inaturalist.org/taxon_names/3397373/edit,Swati,Wynand Uys,2024-10-29T21:42:37Z
1572043,umncuma,und,"","",,Swati,Duarte Frade,2024-10-31T07:13:29Z
1572043,umnquma,und,"","",,Swati,Duarte Frade,2024-10-31T07:14:27Z
411086,lilanda,und,"","",https://www.inaturalist.org/taxon_names/2912306/edit,Swati,Sean Cozart,2024-11-03T09:37:33Z
1588182,ntapane,und,"","",https://www.inaturalist.org/taxon_names/2865604/edit,Swati,Wynand Uys,2024-11-11T17:29:20Z
1588195,umkhamanmasi,und,"","",South African National Biodiversity Institute. 2021. Botanical Database of Southern Africa (BODATSA) [offline dataset]. http://newposa.sanbi.org [Note that these data are not available at this URL as of 2021],Swati,,2024-11-11T17:43:02Z
1588195,umfomamasi,und,"","",South African National Biodiversity Institute. 2021. Botanical Database of Southern Africa (BODATSA) [offline dataset]. http://newposa.sanbi.org [Note that these data are not available at this URL as of 2021],Swati,,2024-11-11T17:43:05Z
1588206,sicalabane,und,"","",South African National Biodiversity Institute. 2021. Botanical Database of Southern Africa (BODATSA) [offline dataset]. http://newposa.sanbi.org [Note that these data are not available at this URL as of 2021],Swati,,2024-11-11T17:56:09Z
1588206,sidlungu,und,"","",South African National Biodiversity Institute. 2021. Botanical Database of Southern Africa (BODATSA) [offline dataset]. http://newposa.sanbi.org [Note that these data are not available at this URL as of 2021],Swati,,2024-11-11T17:56:10Z
1588264,umlovu,und,"","",South African National Biodiversity Institute. 2021. Botanical Database of Southern Africa (BODATSA) [offline dataset]. http://newposa.sanbi.org [Note that these data are not available at this URL as of 2021],Swati,,2024-11-11T18:57:29Z
1588293,mphunyuka,und,"","",South African National Biodiversity Institute. 2021. Botanical Database of Southern Africa (BODATSA) [offline dataset]. http://newposa.sanbi.org [Note that these data are not available at this URL as of 2021],Swati,,2024-11-11T19:10:39Z
1588323,umtfolo,und,"","",South African National Biodiversity Institute. 2021. Botanical Database of Southern Africa (BODATSA) [offline dataset]. http://newposa.sanbi.org [Note that these data are not available at this URL as of 2021],Swati,,2024-11-11T20:30:23Z
1588523,liklolo,und,"","",South African National Biodiversity Institute. 2021. Botanical Database of Southern Africa (BODATSA) [offline dataset]. http://newposa.sanbi.org [Note that these data are not available at this URL as of 2021],Swati,,2024-11-12T04:51:34Z
1588568,ingwenya,und,"","",South African National Biodiversity Institute. 2021. Botanical Database of Southern Africa (BODATSA) [offline dataset]. http://newposa.sanbi.org [Note that these data are not available at this URL as of 2021],Swati,,2024-11-12T07:38:45Z
1588568,umgwenya,und,"","",South African National Biodiversity Institute. 2021. Botanical Database of Southern Africa (BODATSA) [offline dataset]. http://newposa.sanbi.org [Note that these data are not available at this URL as of 2021],Swati,,2024-11-12T07:38:45Z
1588568,umgwenye,und,"","",South African National Biodiversity Institute. 2021. Botanical Database of Southern Africa (BODATSA) [offline dataset]. http://newposa.sanbi.org [Note that these data are not available at this URL as of 2021],Swati,,2024-11-12T07:38:45Z
1588521,umgana,und,"","",South African National Biodiversity Institute. 2021. Botanical Database of Southern Africa (BODATSA) [offline dataset]. http://newposa.sanbi.org [Note that these data are not available at this URL as of 2021],Swati,,2024-11-12T07:54:15Z
1588619,umshanyelo,und,"","",South African National Biodiversity Institute. 2021. Botanical Database of Southern Africa (BODATSA) [offline dataset]. http://newposa.sanbi.org [Note that these data are not available at this URL as of 2021],Swati,,2024-11-12T09:38:05Z
1588644,masweti,und,"","",South African National Biodiversity Institute. 2021. Botanical Database of Southern Africa (BODATSA) [offline dataset]. http://newposa.sanbi.org [Note that these data are not available at this URL as of 2021],Swati,,2024-11-12T11:04:17Z
1588644,sititane,und,"","",South African National Biodiversity Institute. 2021. Botanical Database of Southern Africa (BODATSA) [offline dataset]. http://newposa.sanbi.org [Note that these data are not available at this URL as of 2021],Swati,,2024-11-12T11:04:17Z
1600183,isandletshe,und,"","",South African National Biodiversity Institute. 2021. Botanical Database of Southern Africa (BODATSA) [offline dataset]. http://newposa.sanbi.org [Note that these data are not available at this URL as of 2021],Swati,,2025-01-10T12:26:47Z
340059,imbondvo,und,"","",,Swati,botswanabugs,2025-01-26T11:42:47Z
340118,umgabunkhomo,und,"","",,Swati,botswanabugs,2025-02-12T03:07:46Z
517132,Sigogodvolo  lesimemetako,und,South Africa | Eswatini,"ZA,SZ",,Swati,Fortunate Mafeta Phaka,2025-04-21T19:49:02Z
340225,sivangatsane,und,"","",,Swati,botswanabugs,2025-08-10T16:57:37Z
340211,Isihomuhomu,und,"","",,Swati,botswanabugs,2025-08-25T11:52:08Z
595643,mhisi,und,Eswatini,SZ,,Swati,botswanabugs,2025-09-26T05:25:35Z
558307,inyongana,und,Eswatini,SZ,,Swati,botswanabugs,2025-11-04T05:40:32Z
469306,sawoti,und,Eswatini,SZ,,Swati,botswanabugs,2025-11-14T06:52:18Z
469307,mahlabane,und,Eswatini,SZ,,Swati,botswanabugs,2025-12-16T10:44:06Z
469307,somanheva,und,Eswatini,SZ,,Swati,botswanabugs,2025-12-16T10:45:05Z
1687537,umhlakanye,und,"","",South African National Biodiversity Institute. 2021. Botanical Database of Southern Africa (BODATSA) [offline dataset]. http://newposa.sanbi.org [Note that these data are not available at this URL as of 2021],Swati,,2026-06-17T05:54:46Z
585629,mhlebe,und,"","",,Swati,botswanabugs,2026-07-16T05:27:50Z
340253,umthombothi,und,"","",,Swati,botswanabugs,2026-07-16T09:17:29Z
447717,inKhomankhoma,und,"","",,Swati,botswanabugs,2026-07-31T12:16:55Z
136092,Sijekwane,und,"","",,Swati,botswanabugs,2026-07-31T12:46:18Z
136104,liGebeleweni,und,"","",,Swati,botswanabugs,2026-07-31T12:48:45Z
136113,Sejekwane,und,"","",,Swati,botswanabugs,2026-07-31T12:50:20Z
136106,Sijekwane,und,"","",,Swati,botswanabugs,2026-07-31T12:51:42Z
136107,Sijekwane,und,"","",,Swati,botswanabugs,2026-07-31T12:54:30Z
136107,Gebeleweni,und,"","",,Swati,botswanabugs,2026-07-31T12:55:33Z
135956,Sijekwane,und,"","",,Swati,botswanabugs,2026-07-31T13:14:18Z
132930,umsontsi,und,"","",,Swati,botswanabugs,2026-07-31T13:24:19Z
590679,sifubasenkhala,und,"","",,Swati,botswanabugs,2026-07-31T13:49:38Z
41834,insele,und,Eswatini,SZ,,Swati,botswanabugs,2026-08-11T02:06:24Z
