id,vernacularName,language,locality,countryCode,source,lexicon,contributor,created
41663,Mapachtli,und,"","",,Nahuatl,Victor HOYEAU,2011-05-18T03:07:35Z
201455,Zompantle,und,"","",,Nahuatl,Carlos Galindo-Leal,2013-01-17T16:38:33Z
47726,Acezintle,und,"","",,Nahuatl,Carlos Galindo-Leal,2013-01-17T17:30:10Z
204765,Iztpapálotl,und,"","",,Nahuatl,Carlos Galindo-Leal,2013-02-09T01:58:57Z
43155,Zacatochtli,und,"","",,Nahuatl,Carlos Galindo-Leal,2013-03-13T04:50:20Z
60439,Chacaloxóchitl,und,"","",,Nahuatl,Carlos Galindo-Leal,2013-04-03T14:45:38Z
42007,Miztli,und,"","",,Nahuatl,Carlos Galindo-Leal,2013-04-14T19:01:41Z
301282,Máyatl,und,"","",,Nahuatl,Francisco Acosta,2013-04-30T05:40:56Z
32093,mazacóatl,und,"","",,Nahuatl,Ken-ichi Ueda,2013-05-08T00:07:51Z
30674,cumcóatl,und,"","",,Nahuatl,Ken-ichi Ueda,2013-05-08T00:26:58Z
30744,colcóatl,und,"","",,Nahuatl,Ken-ichi Ueda,2013-05-08T00:27:37Z
31035,mazacóatl,und,"","",,Nahuatl,Ken-ichi Ueda,2013-05-08T00:28:12Z
58371,acacahuiztli,und,"","",,Nahuatl,Małgorzata Śliż,2013-05-16T07:57:54Z
50203,ācāhualli,und,"","",,Nahuatl,Cole Gaerber,2013-05-16T07:57:55Z
194146,ācāhualli,und,"","",,Nahuatl,Bodo Nuñez Oberg,2013-05-16T07:57:55Z
169780,ācāhualli,und,"","",,Nahuatl,Tan Kok Hui,2013-05-16T07:57:56Z
274034,ācāhualli,und,"","",,Nahuatl,Bodo Nuñez Oberg,2013-05-16T07:57:56Z
64017,acatl,und,"","",,Nahuatl,Yoshimasa Uchiyama,2013-05-16T07:58:00Z
159174,acháyotl,und,"","",,Nahuatl,Ken-ichi Ueda,2013-05-16T07:58:07Z
157531,actimpatli,und,"","",,Nahuatl,Ken-ichi Ueda,2013-05-16T07:58:13Z
201459,acuahuitl,und,"","",,Nahuatl,Ken-ichi Ueda,2013-05-16T07:58:13Z
285228,āhuacamātlacuahuitl,und,"","",,Nahuatl,Bodo Nuñez Oberg,2013-05-16T07:58:21Z
285245,āhuacacuahuitl,und,"","",,Nahuatl,Bodo Nuñez Oberg,2013-05-16T07:58:21Z
282374,ahoatl,und,"","",,Nahuatl,Ken-ichi Ueda,2013-05-16T07:58:26Z
316694,ahoatlxóchitl,und,"","",,Nahuatl,Ken-ichi Ueda,2013-05-16T07:58:26Z
49665,Ahoehuetl,und,"","",,Nahuatl,Ken-ichi Ueda,2013-05-16T07:58:27Z
275470,ahuacocoztli,und,"","",,Nahuatl,Ken-ichi Ueda,2013-05-16T07:58:28Z
54782,ahuacocoztli,und,"","",,Nahuatl,Ken-ichi Ueda,2013-05-16T07:58:28Z
281655,ahuapatli,und,"","",,Nahuatl,Ken-ichi Ueda,2013-05-16T07:58:28Z
60146,ahuapatli,und,"","",,Nahuatl,Ken-ichi Ueda,2013-05-16T07:58:28Z
209986,ahuat,und,"","",,Nahuatl,Ken-ichi Ueda,2013-05-16T07:58:28Z
209902,ahuate,und,"","",,Nahuatl,Ken-ichi Ueda,2013-05-16T07:58:29Z
167790,ahuatl tepiton,und,"","",,Nahuatl,Ken-ichi Ueda,2013-05-16T07:58:29Z
284768,ahuexquilitl,und,"","",,Nahuatl,Ken-ichi Ueda,2013-05-16T07:58:30Z
283024,ahuichichi,und,"","",,Nahuatl,Ken-ichi Ueda,2013-05-16T07:58:30Z
189148,āilitl,und,"","",,Nahuatl,Bodo Nuñez Oberg,2013-05-16T07:58:31Z
209402,ilitl,und,"","",,Nahuatl,Bodo Nuñez Oberg,2013-05-16T07:58:31Z
143208,ajahuini,und,"","",,Nahuatl,Cheng-Te Hsu,2013-05-16T07:58:32Z
209868,ajuate,und,"","",,Nahuatl,Ken-ichi Ueda,2013-05-16T07:58:35Z
164415,alacate,und,"","",,Nahuatl,Ken-ichi Ueda,2013-05-16T07:58:39Z
168922,alahuaxipahuas,und,"","",,Nahuatl,Ken-ichi Ueda,2013-05-16T07:58:40Z
58188,albobueno,und,"","",,Nahuatl,Ken-ichi Ueda,2013-05-16T07:58:44Z
278199,amatcauitl,und,"","",,Nahuatl,Ken-ichi Ueda,2013-05-16T07:59:19Z
179421,amate,und,"","",,Nahuatl,Ken-ichi Ueda,2013-05-16T07:59:19Z
291902,Amate,und,"","",,Nahuatl,Ken-ichi Ueda,2013-05-16T07:59:20Z
316762,amate,und,"","",,Nahuatl,Ken-ichi Ueda,2013-05-16T07:59:20Z
278197,amate,und,"","",,Nahuatl,Ken-ichi Ueda,2013-05-16T07:59:20Z
273850,amate,und,"","",,Nahuatl,Ken-ichi Ueda,2013-05-16T07:59:20Z
192409,amate,und,"","",,Nahuatl,Ken-ichi Ueda,2013-05-16T07:59:20Z
285680,amate,und,"","",,Nahuatl,Ken-ichi Ueda,2013-05-16T07:59:21Z
285682,amate,und,"","",,Nahuatl,Ken-ichi Ueda,2013-05-16T07:59:21Z
120167,amate,und,"","",,Nahuatl,Ken-ichi Ueda,2013-05-16T07:59:21Z
158102,amol,und,"","",,Nahuatl,Ken-ichi Ueda,2013-05-16T07:59:24Z
283070,amolquelite,und,"","",,Nahuatl,Ken-ichi Ueda,2013-05-16T07:59:30Z
146587,apancholoa,und,"","",,Nahuatl,Ken-ichi Ueda,2013-05-16T07:59:42Z
53271,apoch,und,"","",,Nahuatl,Victor HOYEAU,2013-05-16T07:59:44Z
284200,Aquequexquic,und,"","",,Nahuatl,Carlos Galindo-Leal,2013-05-16T07:59:44Z
209925,atenxalahuit,und,"","",,Nahuatl,Carlos Galindo-Leal,2013-05-16T08:00:09Z
53478,atlic,und,"","",,Nahuatl,Ken-ichi Ueda,2013-05-16T08:00:10Z
153994,atlic,und,"","",,Nahuatl,Ken-ichi Ueda,2013-05-16T08:00:10Z
278712,atoch-yetl,und,"","",,Nahuatl,Ken-ichi Ueda,2013-05-16T08:00:11Z
126925,Atzapotlcuáhuitl,und,"","",,Nahuatl,Ken-ichi Ueda,2013-05-16T08:00:12Z
282399,auakostli,und,"","",,Nahuatl,Ken-ichi Ueda,2013-05-16T08:00:12Z
48651,axalxóchitl,und,"","",,Nahuatl,Ken-ichi Ueda,2013-05-16T08:00:15Z
79077,Axocatzín,und,"","",,Nahuatl,Ken-ichi Ueda,2013-05-16T08:00:15Z
169442,ayacaxcuahuit,und,"","",,Nahuatl,Víctor de Paiva,2013-05-16T08:00:17Z
76541,ayotli,und,"","",,Nahuatl,Carlos Galindo-Leal,2013-05-16T08:00:17Z
55854,azacapan-yxhua-tlazol-patli,und,"","",,Nahuatl,Ken-ichi Ueda,2013-05-16T08:00:18Z
160255,Azcatcuahuit,und,"","",,Nahuatl,Ken-ichi Ueda,2013-05-16T08:00:19Z
209899,bocote,und,"","",,Nahuatl,Ken-ichi Ueda,2013-05-16T08:02:25Z
281771,cabalonga,und,"","",,Nahuatl,Ken-ichi Ueda,2013-05-16T08:02:46Z
126305,cacahuaxóchitl,und,"","",,Nahuatl,Cheng-Te Hsu,2013-05-16T08:02:52Z
209983,cacahuaxóchitl,und,"","",,Nahuatl,Ken-ichi Ueda,2013-05-16T08:02:52Z
64340,cacaocuáhuitl,und,"","",,Nahuatl,Ken-ichi Ueda,2013-05-16T08:02:54Z
122985,cajtzot,und,"","",,Nahuatl,Ken-ichi Ueda,2013-05-16T08:03:10Z
279128,calaomit,und,"","",,Nahuatl,Ken-ichi Ueda,2013-05-16T08:03:17Z
62941,camoj,und,"","",,Nahuatl,Ken-ichi Ueda,2013-05-16T08:03:23Z
166911,camote,und,"","",,Nahuatl,Ken-ichi Ueda,2013-05-16T08:03:24Z
277789,camotic-tlanoquiloni,und,"","",,Nahuatl,Ken-ichi Ueda,2013-05-16T08:03:25Z
273806,capolintzin,und,"","",,Nahuatl,Ken-ichi Ueda,2013-05-16T08:03:50Z
122971,castilanchile,und,"","",,Nahuatl,Ken-ichi Ueda,2013-05-16T08:04:23Z
289901,catzot cimarrón cuacazot,und,"","",,Nahuatl,Ken-ichi Ueda,2013-05-16T08:04:25Z
154538,Caulotl,und,"","",,Nahuatl,Adrian Bojorquez,2013-05-16T08:04:26Z
134205,caxey-te,und,"","",,Nahuatl,Ken-ichi Ueda,2013-05-16T08:04:26Z
50333,chancaca xiuitl,und,"","",,Nahuatl,Zinogre,2013-05-16T08:04:59Z
51734,chapululu,und,"","",,Nahuatl,Victor HOYEAU,2013-05-16T08:05:05Z
283355,chechele,und,"","",,Nahuatl,Bodo Nuñez Oberg,2013-05-16T08:05:11Z
53219,chiyan,und,"","",,Nahuatl,Bodo Nuñez Oberg,2013-05-16T08:05:15Z
121998,chichicaquílitl,und,"","",,Nahuatl,Ken-ichi Ueda,2013-05-16T08:05:18Z
53294,chichicaquílitl,und,"","",,Nahuatl,Ken-ichi Ueda,2013-05-16T08:05:18Z
76540,chichicayota,und,"","",,Nahuatl,Ken-ichi Ueda,2013-05-16T08:05:20Z
274180,chichicuáhuitl,und,"","",,Nahuatl,Carlos Galindo-Leal,2013-05-16T08:05:21Z
121692,chichicuáhuitl,und,"","",,Nahuatl,Ken-ichi Ueda,2013-05-16T08:05:21Z
209270,chichihualayot,und,"","",,Nahuatl,Víctor de Paiva,2013-05-16T08:05:21Z
128533,chichílotl,und,"","",,Nahuatl,Ken-ichi Ueda,2013-05-16T08:05:21Z
140596,chichiltepetzacuxóchitl,und,"","",,Nahuatl,Ken-ichi Ueda,2013-05-16T08:05:22Z
162847,chichimecapatli,und,"","",,Nahuatl,Ken-ichi Ueda,2013-05-16T08:05:22Z
277704,chicoahuitl,und,"","",,Nahuatl,Ken-ichi Ueda,2013-05-16T08:05:24Z
181590,chilacayota,und,"","",,Nahuatl,Ken-ichi Ueda,2013-05-16T08:05:27Z
280985,chilacayota,und,"","",,Nahuatl,Ken-ichi Ueda,2013-05-16T08:05:28Z
58138,Chilacayotl,und,"","",,Nahuatl,Oscar C. González Martínez,2013-05-16T08:05:28Z
131557,chilacayote,und,"","",,Nahuatl,Ken-ichi Ueda,2013-05-16T08:05:28Z
274182,chilitecuahuit,und,"","",,Nahuatl,Ken-ichi Ueda,2013-05-16T08:05:33Z
289042,chilmécatl,und,"","",,Nahuatl,Ken-ichi Ueda,2013-05-16T08:05:33Z
289587,chilmécatl,und,"","",,Nahuatl,Ken-ichi Ueda,2013-05-16T08:05:34Z
170144,chilpunxiuit,und,"","",,Nahuatl,Ken-ichi Ueda,2013-05-16T08:05:34Z
57983,chimálatl,und,"","",,Nahuatl,Ken-ichi Ueda,2013-05-16T08:05:35Z
157886,chinilubapatlama,und,"","",,Nahuatl,Ken-ichi Ueda,2013-05-16T08:05:35Z
290706,chontonaquilit,und,"","",,Nahuatl,Ken-ichi Ueda,2013-05-16T08:05:47Z
209957,chotecuáhuitl,und,"","",,Nahuatl,Ken-ichi Ueda,2013-05-16T08:05:48Z
79141,chuchilitas,und,"","",,Nahuatl,harum.koh,2013-05-16T08:05:50Z
165697,cihuapatle,und,"","",,Nahuatl,Ken-ichi Ueda,2013-05-16T08:05:56Z
199400,cihuapatli,und,"","",,Nahuatl,Joshua Ekrut,2013-05-16T08:05:57Z
154008,cihuapahtli,und,"","",,Nahuatl,Bodo Nuñez Oberg,2013-05-16T08:05:57Z
118508,cimatl,und,"","",,Nahuatl,Ken-ichi Ueda,2013-05-16T08:05:58Z
122860,cimatl,und,"","",,Nahuatl,Ken-ichi Ueda,2013-05-16T08:05:58Z
48380,coámecatl,und,"","",,Nahuatl,Amelia Tauber,2013-05-16T08:06:05Z
139171,coatl,und,"","",,Nahuatl,Ken-ichi Ueda,2013-05-16T08:06:06Z
206218,coatzontecomaxochitl,und,"","",,Nahuatl,Ken-ichi Ueda,2013-05-16T08:06:06Z
284048,Coatzontecoxóchitl,und,"","",,Nahuatl,Carlos Galindo-Leal,2013-05-16T08:06:06Z
147289,cochizquílitl,und,"","",,Nahuatl,Ken-ichi Ueda,2013-05-16T08:06:09Z
51921,cochiz-xíhuitl,und,"","",,Nahuatl,Alec Cowles,2013-05-16T08:06:09Z
183865,cococuáhuitl,und,"","",,Nahuatl,Ken-ichi Ueda,2013-05-16T08:06:10Z
284027,cocolmecatl,und,"","",,Nahuatl,Ken-ichi Ueda,2013-05-16T08:06:11Z
130734,Cohuite,und,"","",,Nahuatl,Ken-ichi Ueda,2013-05-16T08:06:12Z
153917,colo-tzitcaztli,und,"","",,Nahuatl,Ken-ichi Ueda,2013-05-16T08:06:32Z
273713,comalpatli,und,"","",,Nahuatl,Ken-ichi Ueda,2013-05-16T08:06:33Z
276387,copalcahuic,und,"","",,Nahuatl,Ken-ichi Ueda,2013-05-16T08:06:50Z
291767,copalchi,und,"","",,Nahuatl,Ken-ichi Ueda,2013-05-16T08:06:51Z
207418,copalchi,und,"","",,Nahuatl,Ken-ichi Ueda,2013-05-16T08:06:51Z
274295,copalchi,und,"","",,Nahuatl,Ken-ichi Ueda,2013-05-16T08:06:52Z
274298,copalchi,und,"","",,Nahuatl,Ken-ichi Ueda,2013-05-16T08:06:52Z
244808,copalcuáhuitl,und,"","",,Nahuatl,Ken-ichi Ueda,2013-05-16T08:06:52Z
209973,copalhijiac,und,"","",,Nahuatl,Ken-ichi Ueda,2013-05-16T08:06:52Z
287427,copaljocote,und,"","",,Nahuatl,Ken-ichi Ueda,2013-05-16T08:06:53Z
209880,copalquín,und,"","",,Nahuatl,Ken-ichi Ueda,2013-05-16T08:06:54Z
209872,coutataquilot,und,"","",,Nahuatl,Ken-ichi Ueda,2013-05-16T08:07:09Z
276396,coxinyotl iztac,und,"","",,Nahuatl,Ken-ichi Ueda,2013-05-16T08:07:09Z
276567,coyame-catl,und,"","",,Nahuatl,Ken-ichi Ueda,2013-05-16T08:07:09Z
62814,coyoluche,und,"","",,Nahuatl,Ken-ichi Ueda,2013-05-16T08:07:11Z
244459,coyul,und,"","",,Nahuatl,Julien Piolain,2013-05-16T08:07:11Z
276384,coyul,und,"","",,Nahuatl,Ken-ichi Ueda,2013-05-16T08:07:12Z
283576,cozticoatzontecoxóchitl,und,"","",,Nahuatl,Ken-ichi Ueda,2013-05-16T08:07:12Z
287257,Cozticpatli,und,"","",,Nahuatl,Ken-ichi Ueda,2013-05-16T08:07:12Z
275547,cuachichiquili,und,"","",,Nahuatl,Ken-ichi Ueda,2013-05-16T08:07:21Z
122850,cuaetl,und,"","",,Nahuatl,Carlos Galindo-Leal,2013-05-16T08:07:21Z
164238,cuahaychuachili,und,"","",,Nahuatl,Ken-ichi Ueda,2013-05-16T08:07:21Z
285850,cuahuaxtli,und,"","",,Nahuatl,Ken-ichi Ueda,2013-05-16T08:07:21Z
285071,cuajieyehuatl,und,"","",,Nahuatl,Ken-ichi Ueda,2013-05-16T08:07:22Z
283261,cuajiote,und,"","",,Nahuatl,Ken-ichi Ueda,2013-05-16T08:07:22Z
283256,cuajiote,und,"","",,Nahuatl,Ken-ichi Ueda,2013-05-16T08:07:23Z
276393,cuajiote,und,"","",,Nahuatl,Ken-ichi Ueda,2013-05-16T08:07:23Z
283248,Cuajiote blanco,und,"","",,Nahuatl,Adrian Bojorquez,2013-05-16T08:07:24Z
283254,cuajiote blanco,und,"","",,Nahuatl,Ken-ichi Ueda,2013-05-16T08:07:24Z
68186,cuajiote blanco,und,"","",,Nahuatl,Ken-ichi Ueda,2013-05-16T08:07:24Z
279206,cuajiote blanco,und,"","",,Nahuatl,Ken-ichi Ueda,2013-05-16T08:07:24Z
283240,cuajiote colorado,und,"","",,Nahuatl,Ken-ichi Ueda,2013-05-16T08:07:25Z
276377,cuajiote colorado,und,"","",,Nahuatl,Ken-ichi Ueda,2013-05-16T08:07:25Z
283247,cuajiote colorado,und,"","",,Nahuatl,Ken-ichi Ueda,2013-05-16T08:07:25Z
286006,cuamecatl,und,"","",,Nahuatl,Ken-ichi Ueda,2013-05-16T08:07:26Z
286338,cuamecatl,und,"","",,Nahuatl,Ken-ichi Ueda,2013-05-16T08:07:26Z
289740,cuaminchi,und,"","",,Nahuatl,Ken-ichi Ueda,2013-05-16T08:07:26Z
52440,cuanacaztli,und,"","",,Nahuatl,Ken-ichi Ueda,2013-05-16T08:07:27Z
290325,cuapinoli,und,"","",,Nahuatl,Ken-ichi Ueda,2013-05-16T08:07:28Z
289775,cuapopolchi,und,"","",,Nahuatl,Ken-ichi Ueda,2013-05-16T08:07:28Z
209924,cuatlatlatzin,und,"","",,Nahuatl,Ken-ichi Ueda,2013-05-16T08:07:30Z
278953,cuatzictli,und,"","",,Nahuatl,Ken-ichi Ueda,2013-05-16T08:07:30Z
280995,cuauhta tomaquilit,und,"","",,Nahuatl,Ken-ichi Ueda,2013-05-16T08:07:30Z
84537,cuauhtapapa,und,"","",,Nahuatl,Ken-ichi Ueda,2013-05-16T08:07:31Z
84838,cuauhtet,und,"","",,Nahuatl,Bruno Durand,2013-05-16T08:07:31Z
281597,cuauhzáhuatl,und,"","",,Nahuatl,Ken-ichi Ueda,2013-05-16T08:07:31Z
62999,cuaumecapatli,und,"","",,Nahuatl,Ken-ichi Ueda,2013-05-16T08:07:32Z
286339,cuaumécatl,und,"","",,Nahuatl,Ken-ichi Ueda,2013-05-16T08:07:32Z
49569,cuaupach,und,"","",,Nahuatl,Ken-ichi Ueda,2013-05-16T08:07:33Z
69973,cuautzápotl,und,"","",,Nahuatl,Ken-ichi Ueda,2013-05-16T08:07:33Z
209856,cuaxálatl,und,"","",,Nahuatl,Ken-ichi Ueda,2013-05-16T08:07:33Z
165536,cuecuexquic,und,"","",,Nahuatl,Ken-ichi Ueda,2013-05-16T08:07:40Z
192534,echcuahuitl,und,"","",,Nahuatl,Ken-ichi Ueda,2013-05-16T08:08:16Z
206537,elo-xóchitl,und,"","",,Nahuatl,Ken-ichi Ueda,2013-05-16T08:08:19Z
161158,epaxihuítl,und,"","",,Nahuatl,cassi saari,2013-05-16T08:08:29Z
289915,equimit,und,"","",,Nahuatl,Ken-ichi Ueda,2013-05-16T08:08:30Z
276312,escuáhuitl,und,"","",,Nahuatl,Ken-ichi Ueda,2013-05-16T08:08:39Z
209901,escuáhuitl,und,"","",,Nahuatl,Ken-ichi Ueda,2013-05-16T08:08:40Z
276303,esquixóchitl,und,"","",,Nahuatl,Ken-ichi Ueda,2013-05-16T08:08:46Z
284200,exquiquilit,und,"","",,Nahuatl,Carlos Galindo-Leal,2013-05-16T08:08:53Z
147990,ez-patli,und,"","",,Nahuatl,Ken-ichi Ueda,2013-05-16T08:08:53Z
62917,huauj-quilit,und,"","",,Nahuatl,Ken-ichi Ueda,2013-05-16T08:15:15Z
164333,huey atlic,und,"","",,Nahuatl,Ken-ichi Ueda,2013-05-16T08:15:18Z
138797,huihuitz-yo-cochis,und,"","",,Nahuatl,Ken-ichi Ueda,2013-05-16T08:15:20Z
206729,huitzocuitlapili,und,"","",,Nahuatl,Ken-ichi Ueda,2013-05-16T08:15:20Z
52673,icuitlapilincaguayo,und,"","",,Nahuatl,Yoshimasa Uchiyama,2013-05-16T08:15:27Z
76225,ijyocxibitl,und,"","",,Nahuatl,Ken-ichi Ueda,2013-05-16T08:15:27Z
209904,isi,und,"","",,Nahuatl,Ken-ichi Ueda,2013-05-16T08:15:37Z
288678,itzcuinpatli,und,"","",,Nahuatl,Ken-ichi Ueda,2013-05-16T08:15:41Z
58991,itzmīquilitl,und,"","",,Nahuatl,Bodo Nuñez Oberg,2013-05-16T08:15:42Z
275112,itztacuizli,und,"","",,Nahuatl,Ken-ichi Ueda,2013-05-16T08:15:42Z
77299,ixcatl,und,"","",,Nahuatl,Ken-ichi Ueda,2013-05-16T08:15:43Z
224048,ixchitototl,und,"","",,Nahuatl,Ken-ichi Ueda,2013-05-16T08:15:44Z
276237,ixcocolo,und,"","",,Nahuatl,Ken-ichi Ueda,2013-05-16T08:15:45Z
277071,ixquihit,und,"","",,Nahuatl,Ken-ichi Ueda,2013-05-16T08:15:46Z
283911,ixquihit cimarrón o de monte,und,"","",,Nahuatl,Ken-ichi Ueda,2013-05-16T08:15:46Z
275447,ixtancoyot,und,"","",,Nahuatl,Ken-ichi Ueda,2013-05-16T08:15:47Z
209889,izapot,und,"","",,Nahuatl,Ken-ichi Ueda,2013-05-16T08:15:48Z
282389,iztacahuat,und,"","",,Nahuatl,Ken-ichi Ueda,2013-05-16T08:15:49Z
160643,iztacoanenepili,und,"","",,Nahuatl,Ken-ichi Ueda,2013-05-16T08:15:49Z
276731,Iztactepetzacuxóchitl,und,"","",,Nahuatl,Ken-ichi Ueda,2013-05-16T08:15:49Z
278374,iztacxalcuauit,und,"","",,Nahuatl,Ken-ichi Ueda,2013-05-16T08:15:50Z
157550,Iztacxonot,und,"","",,Nahuatl,Ken-ichi Ueda,2013-05-16T08:15:50Z
52328,iztaquilitl,und,"","",,Nahuatl,Ken-ichi Ueda,2013-05-16T08:15:50Z
146643,izuat coucamo,und,"","",,Nahuatl,Alec Cowles,2013-05-16T08:15:50Z
209927,kosauatl,und,"","",,Nahuatl,Ken-ichi Ueda,2013-05-16T08:16:42Z
147260,kuajtekomatl,und,"","",,Nahuatl,Ken-ichi Ueda,2013-05-16T08:16:42Z
285337,lapalaxtle,und,"","",,Nahuatl,Ken-ichi Ueda,2013-05-16T08:16:54Z
201465,macpalxochicuahuitl,und,"","",,Nahuatl,Ken-ichi Ueda,2013-05-16T08:18:05Z
168847,majpilniket,und,"","",,Nahuatl,Ken-ichi Ueda,2013-05-16T08:18:21Z
122965,majtzajtli,und,"","",,Nahuatl,Ken-ichi Ueda,2013-05-16T08:18:21Z
288153,malinalli,und,"Malinalco, MX, MX","",,Nahuatl,Ken-ichi Ueda,2013-05-16T08:18:27Z
316769,mapicil,und,"","",,Nahuatl,Ken-ichi Ueda,2013-05-16T08:18:45Z
290165,mapicil,und,"","",,Nahuatl,Ken-ichi Ueda,2013-05-16T08:18:45Z
193074,matlacuáhuitl,und,"","",,Nahuatl,Ken-ichi Ueda,2013-05-16T08:18:59Z
287596,matlaltzin,und,"","",,Nahuatl,Ken-ichi Ueda,2013-05-16T08:18:59Z
169861,Matlaxóchitl,und,"","",,Nahuatl,Ken-ichi Ueda,2013-05-16T08:18:59Z
126236,matzapotl,und,"","",,Nahuatl,Bodo Nuñez Oberg,2013-05-16T08:19:00Z
125677,mecapatli,und,"","",,Nahuatl,Ken-ichi Ueda,2013-05-16T08:19:04Z
154826,Mecaxóchitl,und,"","",,Nahuatl,Ken-ichi Ueda,2013-05-16T08:19:04Z
58893,memeya-xihuitl,und,"","",,Nahuatl,Ken-ichi Ueda,2013-05-16T08:19:08Z
285765,micacuáhuitl,und,"","",,Nahuatl,Ken-ichi Ueda,2013-05-16T08:19:13Z
159591,mich-patli,und,"","",,Nahuatl,Bodo Nuñez Oberg,2013-05-16T08:19:13Z
61375,miltomat,und,"","",,Nahuatl,Ken-ichi Ueda,2013-05-16T08:19:15Z
275449,mincapatli,und,"","",,Nahuatl,Adrian Bojorquez,2013-05-16T08:19:16Z
317963,mishishe,und,"","",,Nahuatl,Ken-ichi Ueda,2013-05-16T08:19:19Z
63935,mixpa,und,"","",,Nahuatl,Kitty Maurey,2013-05-16T08:19:19Z
154828,mojo,und,"","",,Nahuatl,Adrian Bojorquez,2013-05-16T08:19:22Z
206547,monacillo,und,"","",,Nahuatl,Ken-ichi Ueda,2013-05-16T08:19:24Z
209943,Moras,und,"","",,Nahuatl,Adrian Bojorquez,2013-05-16T08:19:29Z
165463,moras,und,"","",,Nahuatl,Ken-ichi Ueda,2013-05-16T08:19:29Z
159260,mozotxiutl,und,"","",,Nahuatl,Ken-ichi Ueda,2013-05-16T08:19:33Z
154798,mutajtle,und,"","",,Nahuatl,Ken-ichi Ueda,2013-05-16T08:19:43Z
285872,nacaskimichin,und,"","",,Nahuatl,Ken-ichi Ueda,2013-05-16T08:19:45Z
278313,nacastequilit,und,"","",,Nahuatl,Ken-ichi Ueda,2013-05-16T08:19:46Z
288454,nanahuapatl,und,"","",,Nahuatl,Ken-ichi Ueda,2013-05-16T08:19:48Z
285892,nanchal,und,"","",,Nahuatl,Ken-ichi Ueda,2013-05-16T08:19:49Z
154528,nantzincuahuitl,und,"","",,Nahuatl,Ken-ichi Ueda,2013-05-16T08:19:51Z
131579,nexcuáhuitl,und,"","",,Nahuatl,Ken-ichi Ueda,2013-05-16T08:20:04Z
280916,nexehuac,und,"","",,Nahuatl,Ken-ichi Ueda,2013-05-16T08:20:04Z
167748,nextamalxóchitl,und,"","",,Nahuatl,Ken-ichi Ueda,2013-05-16T08:20:04Z
58334,Nexticxihuitl,und,"","",,Nahuatl,Donald Davesne,2013-05-16T08:20:05Z
209905,nixtamalcuáhuitl,und,"","",,Nahuatl,Ken-ichi Ueda,2013-05-16T08:20:08Z
165876,nopale,und,"","",,Nahuatl,Ken-ichi Ueda,2013-05-16T08:20:30Z
274257,noxtli,und,"","",,Nahuatl,Ken-ichi Ueda,2013-05-16T08:20:33Z
62811,ochonitli,und,"","",,Nahuatl,Víctor de Paiva,2013-05-16T08:20:38Z
273784,ocotl,und,"","",,Nahuatl,Ken-ichi Ueda,2013-05-16T08:20:43Z
286175,ocoxochitl,und,"","",,Nahuatl,Ken-ichi Ueda,2013-05-16T08:20:43Z
57309,ohuox,und,"","",,Nahuatl,Bobby McCabe,2013-05-16T08:20:44Z
179326,olotillo,und,"","",,Nahuatl,Ken-ichi Ueda,2013-05-16T08:20:47Z
130869,olotillo,und,"","",,Nahuatl,Chris Thawley,2013-05-16T08:20:47Z
277175,olotillo,und,"Oaxaca, MX | Veracruz, MX","",,Nahuatl,Alexis López Hernández,2013-05-16T08:20:48Z
155935,olotillo,und,"","",,Nahuatl,Ken-ichi Ueda,2013-05-16T08:20:48Z
54522,olpiexox,und,"","",,Nahuatl,Ken-ichi Ueda,2013-05-16T08:20:48Z
287923,otat,und,"","",,Nahuatl,Ken-ichi Ueda,2013-05-16T08:21:03Z
274031,palancapatli,und,"","",,Nahuatl,Ken-ichi Ueda,2013-05-16T08:21:18Z
79155,palancapatli,und,"","",,Nahuatl,Ken-ichi Ueda,2013-05-16T08:21:18Z
290009,papalocuahuitl,und,"","",,Nahuatl,Ken-ichi Ueda,2013-05-16T08:22:11Z
284482,Papaloquian,und,"","",,Nahuatl,Ken-ichi Ueda,2013-05-16T08:22:11Z
289022,pápaloquilitl,und,"","",,Nahuatl,Ken-ichi Ueda,2013-05-16T08:22:11Z
69172,paquixiuitl,und,"","",,Nahuatl,Cole Gaerber,2013-05-16T08:22:14Z
286649,parrasmecat,und,"","",,Nahuatl,Ken-ichi Ueda,2013-05-16T08:22:15Z
84002,pachtli,und,"","",,Nahuatl,Bodo Nuñez Oberg,2013-05-16T08:22:39Z
54329,pelonchili,und,"","",,Nahuatl,Cole Gaerber,2013-05-16T08:22:46Z
165707,picietl,und,"","",,Nahuatl,Ken-ichi Ueda,2013-05-16T08:22:54Z
164344,piojillo,und,"","",,Nahuatl,Carlos G Velazco-Macias,2013-05-16T08:23:08Z
287442,piojillo,und,"","",,Nahuatl,Ken-ichi Ueda,2013-05-16T08:23:08Z
280637,piojillo,und,"","",,Nahuatl,Ken-ichi Ueda,2013-05-16T08:23:08Z
289475,piojillo,und,"","",,Nahuatl,Ken-ichi Ueda,2013-05-16T08:23:08Z
56153,pionia,und,"","",,Nahuatl,Ken-ichi Ueda,2013-05-16T08:23:09Z
160362,pipiloxíhuitl,und,"","",,Nahuatl,Bobby McCabe,2013-05-16T08:23:10Z
148354,pipiloxóchitl,und,"","",,Nahuatl,Ken-ichi Ueda,2013-05-16T08:23:10Z
286642,poposocani,und,"","",,Nahuatl,Ken-ichi Ueda,2013-05-16T08:23:29Z
75396,quelite de semilla chiquita,und,"","",,Nahuatl,Ken-ichi Ueda,2013-05-16T08:23:41Z
277107,quimichpatli,und,"","",,Nahuatl,Ken-ichi Ueda,2013-05-16T08:23:44Z
207128,quimichpahtli,und,"","",,Nahuatl,Bodo Nuñez Oberg,2013-05-16T08:23:44Z
131560,sabañonxihuit,und,"","",,Nahuatl,Ken-ichi Ueda,2013-05-16T08:23:58Z
160259,selaxochitl,und,"","",,Nahuatl,Navapol Komanasin,2013-05-16T08:24:27Z
161121,sihuajcal,und,"","",,Nahuatl,Ken-ichi Ueda,2013-05-16T08:24:39Z
285644,sopilocuahuitl,und,"","",,Nahuatl,Ken-ichi Ueda,2013-05-16T08:24:47Z
161930,sosntecotiltic,und,"","",,Nahuatl,Ken-ichi Ueda,2013-05-16T08:24:48Z
206949,soyatl,und,"","",,Nahuatl,Ken-ichi Ueda,2013-05-16T08:24:48Z
276391,Tacamaca,und,"","",,Nahuatl,Ken-ichi Ueda,2013-05-16T08:24:58Z
209963,taholcuahuit,und,"","",,Nahuatl,Ken-ichi Ueda,2013-05-16T08:24:58Z
280523,talamat,und,"","",,Nahuatl,Ken-ichi Ueda,2013-05-16T08:25:01Z
116694,talamat,und,"","",,Nahuatl,Ken-ichi Ueda,2013-05-16T08:25:01Z
61839,taltzo xocoyul,und,"","",,Nahuatl,Ken-ichi Ueda,2013-05-16T08:25:10Z
122869,tamalayoxóchitl,und,"","",,Nahuatl,Oscar C. González Martínez,2013-05-16T08:25:10Z
316796,tecoloche,und,"","",,Nahuatl,Adrian Bojorquez,2013-05-16T08:25:20Z
210961,tecolometl,und,"","",,Nahuatl,Ken-ichi Ueda,2013-05-16T08:25:21Z
283239,tecomaca,und,"","",,Nahuatl,Ken-ichi Ueda,2013-05-16T08:25:21Z
283253,tecomaca,und,"","",,Nahuatl,Ken-ichi Ueda,2013-05-16T08:25:21Z
283243,tecomaca,und,"","",,Nahuatl,Ken-ichi Ueda,2013-05-16T08:25:21Z
276383,Tecomaca,und,"","",,Nahuatl,Ken-ichi Ueda,2013-05-16T08:25:22Z
276382,tecomaca,und,"","",,Nahuatl,Ken-ichi Ueda,2013-05-16T08:25:22Z
276389,tecomaca,und,"","",,Nahuatl,Ken-ichi Ueda,2013-05-16T08:25:22Z
282225,tecomaxahua,und,"","",,Nahuatl,Ken-ichi Ueda,2013-05-16T08:25:23Z
290713,tecomaxóchitl,und,"","",,Nahuatl,Ken-ichi Ueda,2013-05-16T08:25:23Z
277633,tecosxocoyoli,und,"","",,Nahuatl,Ken-ichi Ueda,2013-05-16T08:25:23Z
204984,tekxochitl,und,"","",,Nahuatl,Ken-ichi Ueda,2013-05-16T08:25:24Z
286052,temécatl,und,"","",,Nahuatl,Ken-ichi Ueda,2013-05-16T08:25:25Z
64103,teometl,und,"","",,Nahuatl,Ken-ichi Ueda,2013-05-16T08:25:26Z
273689,teometl,und,"","",,Nahuatl,Ken-ichi Ueda,2013-05-16T08:25:26Z
278957,tepalcatl,und,"","",,Nahuatl,Ken-ichi Ueda,2013-05-16T08:25:26Z
78580,tepequilit,und,"","",,Nahuatl,Ken-ichi Ueda,2013-05-16T08:25:27Z
58892,tepesquisúchil,und,"","",,Nahuatl,Ken-ichi Ueda,2013-05-16T08:25:27Z
278665,tepetsápotl,und,"","",,Nahuatl,Ken-ichi Ueda,2013-05-16T08:25:28Z
138368,tepexalahuit,und,"","",,Nahuatl,Ken-ichi Ueda,2013-05-16T08:25:28Z
204911,tepezincoyole,und,"","",,Nahuatl,Ken-ichi Ueda,2013-05-16T08:25:28Z
159126,tepópotl,und,"","",,Nahuatl,Ken-ichi Ueda,2013-05-16T08:25:28Z
285611,teshuat,und,"","",,Nahuatl,Ken-ichi Ueda,2013-05-16T08:25:30Z
287426,tētlatl,und,"","",,Nahuatl,Bodo Nuñez Oberg,2013-05-16T08:25:33Z
209955,texcuitl,und,"","",,Nahuatl,Ken-ichi Ueda,2013-05-16T08:25:34Z
123694,texócotl,und,"","",,Nahuatl,max kirsch,2013-05-16T08:25:34Z
62295,tezon-patli,und,"","",,Nahuatl,Ken-ichi Ueda,2013-05-16T08:25:35Z
285059,tianxihuit,und,"","",,Nahuatl,Ken-ichi Ueda,2013-05-16T08:25:38Z
292150,tilticxalcuahuit,und,"","",,Nahuatl,Ken-ichi Ueda,2013-05-16T08:25:42Z
277826,tōtolcuitlatzapotl,und,"","",,Nahuatl,Bodo Nuñez Oberg,2013-05-16T08:25:42Z
62833,Tiocuahuitl,und,"","",,Nahuatl,,2013-05-16T08:25:44Z
278305,tlachinquilitl,und,"","",,Nahuatl,Ken-ichi Ueda,2013-05-16T08:25:45Z
75455,tlachpahuatla,und,"","",,Nahuatl,Ken-ichi Ueda,2013-05-16T08:25:45Z
283139,tlaco-izqui-xochitl,und,"","",,Nahuatl,Ken-ichi Ueda,2013-05-16T08:25:45Z
284574,tlacopacli,und,"","",,Nahuatl,Ken-ichi Ueda,2013-05-16T08:25:45Z
277598,tlacopatli,und,"","",,Nahuatl,Ken-ichi Ueda,2013-05-16T08:25:45Z
284594,Tlacopatli,und,"","",,Nahuatl,Ken-ichi Ueda,2013-05-16T08:25:46Z
284595,tlacopatli,und,"","",,Nahuatl,Ken-ichi Ueda,2013-05-16T08:25:46Z
288384,tlaco-popotl,und,"","",,Nahuatl,Ken-ichi Ueda,2013-05-16T08:25:46Z
133166,tlacoxíhuitl,und,"","",,Nahuatl,Ken-ichi Ueda,2013-05-16T08:25:46Z
200055,tlalmemejan,und,"","",,Nahuatl,Ken-ichi Ueda,2013-05-16T08:25:47Z
52821,tlālquehquetzal,und,"","",,Nahuatl,Bodo Nuñez Oberg,2013-05-16T08:25:47Z
282923,tlaltecomaxóchitl,und,"","",,Nahuatl,James Bailey,2013-05-16T08:25:47Z
77423,tlamízquitl,und,"","",,Nahuatl,Ken-ichi Ueda,2013-05-16T08:25:48Z
161639,tlapa,und,"","",,Nahuatl,Bobby McCabe,2013-05-16T08:25:48Z
164239,tlapalezpatli,und,"","",,Nahuatl,Ken-ichi Ueda,2013-05-16T08:25:48Z
275462,tlatic jaucuitl,und,"","",,Nahuatl,Ken-ichi Ueda,2013-05-16T08:25:49Z
286719,tlatlancuaye,und,"","",,Nahuatl,Ken-ichi Ueda,2013-05-16T08:25:49Z
78267,tlatoca-nochtli,und,"","",,Nahuatl,Ken-ichi Ueda,2013-05-16T08:25:49Z
284035,tlazolteo-zácatl,und,"","",,Nahuatl,Ken-ichi Ueda,2013-05-16T08:25:50Z
153910,tlepatli,und,"","",,Nahuatl,Ken-ichi Ueda,2013-05-16T08:25:50Z
61393,tlilxóchitl,und,"","",,Nahuatl,Victor HOYEAU,2013-05-16T08:25:50Z
138567,tlitli-tzin,und,"","",,Nahuatl,Ken-ichi Ueda,2013-05-16T08:25:50Z
79173,tlixíhuitl,und,"","",,Nahuatl,Ken-ichi Ueda,2013-05-16T08:25:51Z
48685,tol-patlacti,und,"","",,Nahuatl,Carlos Galindo-Leal,2013-05-16T08:25:55Z
59035,tomaquilit,und,"","",,Nahuatl,Bodo Nuñez Oberg,2013-05-16T08:25:55Z
279176,tomasoloxuitl,und,"","",,Nahuatl,Ken-ichi Ueda,2013-05-16T08:25:55Z
51898,tonaca xóchitl,und,"","",,Nahuatl,Ken-ichi Ueda,2013-05-16T08:26:01Z
122711,tonalcotl-xíhuitl,und,"","",,Nahuatl,Liam Cassidy,2013-05-16T08:26:01Z
146883,totoncaxoxocoyolín,und,"","",,Nahuatl,Ken-ichi Ueda,2013-05-16T08:26:05Z
78755,trösno,und,"","",,Nahuatl,Ken-ichi Ueda,2013-05-16T08:26:20Z
164025,tzantzin,und,"","",,Nahuatl,Ken-ichi Ueda,2013-05-16T08:26:47Z
273882,tzapotzitzin,und,"","",,Nahuatl,Ken-ichi Ueda,2013-05-16T08:26:47Z
283341,tzautle,und,"","",,Nahuatl,Ken-ichi Ueda,2013-05-16T08:26:47Z
316692,tzicxóchitl,und,"","",,Nahuatl,Ken-ichi Ueda,2013-05-16T08:26:50Z
201455,tzinacancuáhuitl,und,"","",,Nahuatl,Ken-ichi Ueda,2013-05-16T08:26:51Z
209892,tzitzicaitl,und,"","",,Nahuatl,Ken-ichi Ueda,2013-05-16T08:26:53Z
285298,tzitzicastli,und,"","",,Nahuatl,Ken-ichi Ueda,2013-05-16T08:26:54Z
126332,tzītzicāztli,und,"","",,Nahuatl,Carlos Galindo-Leal,2013-05-16T08:26:54Z
286503,tzitzicöstli,und,"","",,Nahuatl,Ken-ichi Ueda,2013-05-16T08:26:54Z
130789,tzitziquílitl,und,"","",,Nahuatl,Kevin Faccenda,2013-05-16T08:26:55Z
163464,tzitziu-ton,und,"","",,Nahuatl,Bodo Nuñez Oberg,2013-05-16T08:26:55Z
280341,tzocuitlixíhuitl,und,"","",,Nahuatl,Ken-ichi Ueda,2013-05-16T08:26:56Z
289918,tzompancuáhuitl,und,"","",,Nahuatl,Ken-ichi Ueda,2013-05-16T08:26:57Z
129395,tzompantli,und,"","",,Nahuatl,Ken-ichi Ueda,2013-05-16T08:26:57Z
156831,tzonayotli,und,"","",,Nahuatl,Ken-ichi Ueda,2013-05-16T08:26:57Z
120942,tzopelchichilxóchitl,und,"","",,Nahuatl,Ken-ichi Ueda,2013-05-16T08:26:58Z
147252,tzotzocoli,und,"","",,Nahuatl,Ken-ichi Ueda,2013-05-16T08:26:58Z
274076,xalácatl,und,"","",,Nahuatl,Ken-ichi Ueda,2013-05-16T08:27:31Z
287120,xalcapolin,und,"","",,Nahuatl,Ken-ichi Ueda,2013-05-16T08:27:31Z
153918,xaltómatl,und,"","",,Nahuatl,Ken-ichi Ueda,2013-05-16T08:27:31Z
201454,xiloxóchit,und,"","",,Nahuatl,Ken-ichi Ueda,2013-05-16T08:27:38Z
154852,Xiloxóchitl grande o blanco,und,"","",,Nahuatl,Cheng-Te Hsu,2013-05-16T08:27:38Z
168915,ximácol,und,"","",,Nahuatl,Ken-ichi Ueda,2013-05-16T08:27:39Z
159235,xiuh-elo-quilitl,und,"","",,Nahuatl,Ken-ichi Ueda,2013-05-16T08:27:40Z
164064,xiuquilitl,und,"","",,Nahuatl,Ken-ichi Ueda,2013-05-16T08:27:40Z
276412,xochicopal,und,"","",,Nahuatl,Ken-ichi Ueda,2013-05-16T08:27:45Z
140907,xochiscual,und,"","",,Nahuatl,Ken-ichi Ueda,2013-05-16T08:27:46Z
274212,xoconoxtle,und,"","",,Nahuatl,Ken-ichi Ueda,2013-05-16T08:27:47Z
274266,Xoconoxtle,und,"","",,Nahuatl,Ken-ichi Ueda,2013-05-16T08:27:47Z
53197,xocoquilit,und,"","",,Nahuatl,Yoshimasa Uchiyama,2013-05-16T08:27:47Z
122811,xocoxóchitl,und,"","",,Nahuatl,Ken-ichi Ueda,2013-05-16T08:27:48Z
158728,xocoyolli,und,"","",,Nahuatl,Ken-ichi Ueda,2013-05-16T08:27:48Z
157553,xolotsin,und,"","",,Nahuatl,Ken-ichi Ueda,2013-05-16T08:27:49Z
157498,xonecuili,und,"","",,Nahuatl,Ken-ichi Ueda,2013-05-16T08:27:50Z
158178,xōnacatl,und,"","",,Nahuatl,Bodo Nuñez Oberg,2013-05-16T08:27:50Z
158180,xōnacatl,und,"","",,Nahuatl,Bodo Nuñez Oberg,2013-05-16T08:27:51Z
210062,xopilxihuit,und,"","",,Nahuatl,Ken-ichi Ueda,2013-05-16T08:27:53Z
288710,yauhtli,und,"","",,Nahuatl,Ken-ichi Ueda,2013-05-16T08:28:15Z
146617,yoyolxóchitl,und,"","",,Nahuatl,Marco Pellegrini,2013-05-16T08:28:20Z
284933,zacapal,und,"","",,Nahuatl,Ken-ichi Ueda,2013-05-16T08:28:25Z
161287,zacatlascal,und,"","",,Nahuatl,Ken-ichi Ueda,2013-05-16T08:28:36Z
161264,zacatlascale,und,"","",,Nahuatl,Ken-ichi Ueda,2013-05-16T08:28:37Z
290171,zumpantle,und,"","",,Nahuatl,Ken-ichi Ueda,2013-05-16T08:28:50Z
78087,zuyixitecuani,und,"","",,Nahuatl,Jenna Whitney,2013-05-16T08:28:50Z
78174,berroquilit,und,"","",,Nahuatl,Carlos Alonso,2013-06-01T18:40:38Z
57665,"Tomayatl, moyotl",und,"","",,Nahuatl,Scott Loarie,2013-06-18T15:52:40Z
301741,uejueue,und,"","",,Nahuatl,Scott Loarie,2013-06-18T15:53:21Z
206515,Atzatzamolli,und,"","",,Nahuatl,Carlos Galindo-Leal,2013-07-16T13:21:46Z
76907,tzitziquilitl,und,"","",,Nahuatl,Victor HOYEAU,2013-08-08T21:28:11Z
63886,a-chili,und,"","",,Nahuatl,Ken-ichi Ueda,2013-08-19T19:20:30Z
58371,acazacahuiscle,und,"","",,Nahuatl,Arturo Gutiérrez,2013-09-23T22:40:14Z
210076,hualamo,und,"","",,Nahuatl,Arturo Gutiérrez,2013-09-23T22:48:22Z
56739,Apitzalpatli,und,"","",,Nahuatl,Arturo Gutiérrez,2013-09-23T22:56:49Z
284976,axocopaque,und,"","",,Nahuatl,Arturo Gutiérrez,2013-09-23T22:58:32Z
289136,exoxóchitl,und,"","",,Nahuatl,Arturo Gutiérrez,2013-09-23T23:14:26Z
51884,chichicaxtle,und,"","",,Nahuatl,Arturo Gutiérrez,2013-09-23T23:29:37Z
126424,chilchayate,und,"","",,Nahuatl,Arturo Gutiérrez,2013-09-23T23:33:53Z
61503,micpāpalotl,und,"","",,Nahuatl,Carlos Galindo-Leal,2013-10-16T13:23:15Z
202089,nōcheztli,und,"","",,Nahuatl,Carlos Galindo-Leal,2013-10-16T13:25:34Z
48943,Tlapatl,und,"","",,Nahuatl,Carlos Galindo-Leal,2013-11-03T03:56:50Z
57983,Acahualli,und,"","",,Nahuatl,Carlos Galindo-Leal,2013-11-13T06:00:41Z
101459,Cuitlapetotl,und,"","",,Nahuatl,Eréndira Canales,2013-11-20T02:49:32Z
66322,cueyatl,und,"","",,Nahuatl,Eréndira Canales,2013-11-20T02:51:41Z
66003,tecalatl,und,"","",,Nahuatl,Eréndira Canales,2013-11-20T02:53:27Z
65996,acacueyatl,und,"","",,Nahuatl,Eréndira Canales,2013-11-20T02:54:21Z
96516,acocili,und,"","",,Nahuatl,Eréndira Canales,2013-11-20T02:55:39Z
96516,acuitzil,und,"","",,Nahuatl,Eréndira Canales,2013-11-20T02:55:59Z
96516,acocillin,und,"","",,Nahuatl,Eréndira Canales,2013-11-20T02:56:22Z
136083,Chamal,und,"","",,Nahuatl,Carlos Galindo-Leal,2013-12-03T21:02:51Z
135595,teocinte,und,"","",,Nahuatl,Carlos Galindo-Leal,2013-12-03T21:28:57Z
28345,tlilcoatl,und,"","",,Nahuatl,Eréndira Canales,2014-01-08T16:44:31Z
28345,acoatl,und,"","",,Nahuatl,Eréndira Canales,2014-01-08T16:44:42Z
30761,tecuhtlacozauhqui,und,"","",,Nahuatl,Eréndira Canales,2014-01-08T16:45:37Z
30719,chiahuitl,und,"","",,Nahuatl,Eréndira Canales,2014-01-08T16:46:31Z
26835,citlalcoatl,und,"","",,Nahuatl,Eréndira Canales,2014-01-08T16:47:20Z
49219,coamichin,und,"","",,Nahuatl,Eréndira Canales,2014-01-08T16:48:04Z
49556,petlazolcoatl,und,"","",,Nahuatl,Ken-ichi Ueda,2014-02-18T19:47:46Z
289343,cihuapatli,und,"","",,Nahuatl,Ken-ichi Ueda,2014-02-20T20:45:34Z
35006,Acaltetepón,und,"","",,Nahuatl,Carlos Galindo-Leal,2014-04-13T16:38:03Z
35006,Temacuil,und,"","",,Nahuatl,Carlos Galindo-Leal,2014-04-13T16:40:20Z
332353,Amatl,und,"","",,Nahuatl,Roberto Arreola Alemón,2014-06-05T18:11:36Z
210073,Cempolehuatl,und,"","",,Nahuatl,Carlos Galindo-Leal,2014-06-30T20:36:23Z
334247,Chilocuilin,und,"","",,Nahuatl,Roberto Arreola Alemón,2014-07-24T17:42:05Z
344545,Hongo nichtamananacatl,und,"","",,Nahuatl,Carlos Galindo-Leal,2014-08-25T04:03:08Z
352278,Hongo iztacnanacatl,und,"","",,Nahuatl,Carlos Galindo-Leal,2014-08-25T04:05:49Z
70222,Hongo totolcozcatl,und,"","",,Nahuatl,Carlos Galindo-Leal,2014-08-25T04:09:51Z
170883,xochijcual,und,"","",,Nahuatl,Carlos Galindo-Leal,2014-10-13T18:18:14Z
331122,chichicrajas,und,"","",,Nahuatl,Bobby McCabe,2014-10-20T22:23:28Z
274130,Hocimetl,und,"","",,Nahuatl,Carlos Galindo-Leal,2014-10-24T20:08:26Z
281055,Papalometl,und,"","",,Nahuatl,Carlos Galindo-Leal,2014-10-24T20:16:03Z
47381,Tzintlatlauhqui,und,"","",,Nahuatl,Diego Barrales,2014-10-30T19:25:31Z
52572,Tlazolcolotl,und,"","",,Nahuatl,Diego Barrales,2014-10-30T19:29:21Z
48894,Colotl,und,"","",,Nahuatl,Diego Barrales,2015-01-08T00:45:34Z
47118,Tocatl,und,"","",,Nahuatl,Diego Barrales,2015-01-08T00:53:02Z
169286,"Atoyaxócotl, Mazaxocotl",und,"","",,Nahuatl,Leoncio Paz,2015-03-11T16:47:14Z
206116,Totocótzcatl,und,"","",,Nahuatl,Carlos Galindo-Leal,2015-03-24T04:51:56Z
47157,papalotl,und,"","",,Nahuatl,Jose Antonio Aranda Pineda,2015-05-04T07:31:31Z
206333,Pichohuaxtle,und,"","",,Nahuatl,Carlos Galindo-Leal,2015-06-10T22:43:44Z
157498,sinecuichi,und,"","",,Nahuatl,Eréndira Canales,2015-08-04T16:13:09Z
209983,poyomatli,und,"","",,Nahuatl,Eréndira Canales,2015-08-04T16:17:17Z
47381,Chintatlahua,und,"","",,Nahuatl,Diego Barrales,2015-12-17T17:13:36Z
281017,Cacalotentli,und,"","",,Nahuatl,Carlos Galindo-Leal,2016-02-11T03:19:17Z
124349,tecomaxóchitl,und,"","",,Nahuatl,Bobby McCabe,2016-08-02T02:59:54Z
126980,tlepatli,und,"","",,Nahuatl,Ken-ichi Ueda,2016-08-10T21:09:12Z
48715,Citlalnanacatl,und,"","",,Nahuatl,Jose Antonio Aranda Pineda,2016-12-12T03:52:28Z
55950,Xopitza,und,"","",,Nahuatl,Jose Antonio Aranda Pineda,2016-12-12T04:12:50Z
48215,Chichilnanacatl,und,"","",,Nahuatl,Jose Antonio Aranda Pineda,2016-12-12T04:20:32Z
523588,zozoyátic,und,"","",,Nahuatl,Ken-ichi Ueda,2017-01-12T06:39:34Z
531617,tetlate,und,"","",,Nahuatl,Ken-ichi Ueda,2017-02-20T05:34:47Z
337384,coanochtli,und,"","",,Nahuatl,Ulises Guzmán,2017-03-06T19:18:36Z
153917,Huitzutz-mayi-tic,und,"","",,Nahuatl,Bodo Nuñez Oberg,2017-03-07T18:45:21Z
283991,tlacōxihuitl,und,"","",,Nahuatl,Bodo Nuñez Oberg,2017-03-17T01:07:26Z
289045,Tlāliyetl,und,"","",,Nahuatl,Bodo Nuñez Oberg,2017-03-17T01:12:54Z
284812,mamalhuāztli,und,"","",,Nahuatl,Bodo Nuñez Oberg,2017-03-17T15:27:01Z
145777,necascuatl,und,"","",,Nahuatl,Ken-ichi Ueda,2017-03-24T06:46:26Z
284896,Cācamohtic,und,"","",,Nahuatl,Bodo Nuñez Oberg,2017-04-23T14:27:32Z
52346,Cācamohtic,und,"","",,Nahuatl,Bodo Nuñez Oberg,2017-04-23T14:28:14Z
123438,Cacaloxōchitl,und,"","",,Nahuatl,Bodo Nuñez Oberg,2017-04-23T14:29:26Z
14886,Centzontlahtōleh,und,"","",,Nahuatl,Bodo Nuñez Oberg,2017-04-23T14:33:56Z
79312,Cempoalxochitl,und,"","",,Nahuatl,Jorge Rojas S.,2017-05-27T15:59:07Z
14889,Cuicacochi,und,"","",,Nahuatl,Jorge Rojas S.,2017-05-27T16:02:48Z
14912,Cuicacochi,und,"","",,Nahuatl,Jorge Rojas S.,2017-05-27T16:06:17Z
14891,Cuicacochi,und,"","",,Nahuatl,Jorge Rojas S.,2017-05-27T16:09:11Z
57983,Chimalxochitl,und,"","",,Nahuatl,Jorge Rojas S.,2017-05-27T16:10:59Z
79312,Tonalxochitl,und,"","",,Nahuatl,Jorge Rojas S.,2017-05-27T16:13:47Z
3544,Cocotli,und,"","",,Nahuatl,Jorge Rojas S.,2017-05-27T16:16:23Z
3454,Huilotl,und,"","",,Nahuatl,Jorge Rojas S.,2017-05-27T16:18:28Z
47902,Nohpali,und,"","",,Nahuatl,Jorge Rojas S.,2017-05-27T16:21:30Z
202091,Nopalnocheztli,und,"","",,Nahuatl,Jorge Rojas S.,2017-05-27T16:25:26Z
4205,Yacapitzahuac,und,"","",,Nahuatl,Jorge Rojas S.,2017-05-27T16:32:04Z
146597,Acocoxochitl,und,"","",,Nahuatl,Jorge Rojas S.,2017-05-27T16:43:33Z
126925,Tezontzapotl,und,"","",,Nahuatl,Jorge Rojas S.,2017-05-27T16:53:35Z
64119,Nochtli,und,"","",,Nahuatl,Jorge Rojas S.,2017-05-27T16:58:33Z
53897,Pinahuiztli,und,"","",,Nahuatl,Jorge Rojas S.,2017-05-27T17:00:58Z
345039,Pinahuiztli,und,"","",,Nahuatl,Jorge Rojas S.,2017-05-27T17:02:51Z
53898,Pinahuiztli,und,"","",,Nahuatl,Jorge Rojas S.,2017-05-27T17:04:30Z
41674,Tlacomiztli,und,"","",,Nahuatl,Jorge Rojas S.,2017-05-27T17:13:43Z
41676,Tlacomiztli,und,"","",,Nahuatl,Jorge Rojas S.,2017-05-27T17:15:04Z
197940,Tlacomiztli,und,"","",,Nahuatl,Jorge Rojas S.,2017-05-27T17:16:40Z
41675,Tlacomiztli,und,"","",,Nahuatl,Jorge Rojas S.,2017-05-27T17:18:31Z
197957,Tlacomiztli,und,"","",,Nahuatl,Jorge Rojas S.,2017-05-27T17:20:03Z
41661,Mapachtli,und,"","",,Nahuatl,Jorge Rojas S.,2017-05-27T17:23:38Z
5562,Huitzilin,und,"","",,Nahuatl,Jorge Rojas S.,2017-05-27T17:31:50Z
199511,Chicalotl,und,"","",,Nahuatl,Jorge Rojas S.,2017-05-27T17:37:25Z
162845,Cuetlaxochitl,und,"","",,Nahuatl,Jorge Rojas S.,2017-05-27T17:44:00Z
51737,xīctomatl,und,"","",,Nahuatl,Jorge Rojas S.,2017-05-27T17:54:55Z
153383,Coztomatl,und,"","",,Nahuatl,Jorge Rojas S.,2017-05-27T18:04:04Z
293451,Chapólin,und,"","",,Nahuatl,Jorge Rojas S.,2017-05-29T02:06:51Z
72389,Cempoalxochimeh,und,"","",,Nahuatl,Jorge Rojas S.,2017-05-29T02:09:05Z
10271,Yolotototl,und,"","",,Nahuatl,Jorge Rojas S.,2017-05-29T02:37:29Z
9744,Acolchiltic,und,"","",,Nahuatl,Jorge Rojas S.,2017-05-29T02:40:45Z
14884,Tzentzontli,und,"","",,Nahuatl,Jorge Rojas S.,2017-05-29T02:54:57Z
5068,Cuauhtli,und,"","",,Nahuatl,Jorge Rojas S.,2017-05-29T02:57:52Z
71306,Tzopilotl,und,"","",,Nahuatl,Jorge Rojas S.,2017-05-29T03:02:11Z
42540,Tlacuatzin,und,"","",,Nahuatl,Jorge Rojas S.,2017-05-29T03:14:49Z
6922,Canauhtin,und,"","",,Nahuatl,Jorge Rojas S.,2017-05-29T03:25:06Z
3,Totomeh,und,"","",,Nahuatl,Jorge Rojas S.,2017-05-29T03:28:28Z
6937,Quetzaltecololton,und,"","",,Nahuatl,Jorge Rojas S.,2017-05-29T03:40:13Z
62848,Ahuacatl,und,"","",,Nahuatl,Jorge Rojas S.,2017-05-29T04:07:14Z
62831,Ahuacacuahuitl,und,"","",,Nahuatl,Jorge Rojas S.,2017-05-29T04:09:53Z
343829,Tliltzapotl,und,"","",,Nahuatl,Jorge Rojas S.,2017-05-29T04:12:17Z
165144,tzicotzapotl,und,"","",,Nahuatl,Jorge Rojas S.,2017-05-29T04:17:12Z
47125,xochimeh,und,"","",,Nahuatl,Jorge Rojas S.,2017-05-29T04:23:24Z
47336,Atzcameh,und,"","",,Nahuatl,Jorge Rojas S.,2017-05-29T04:25:36Z
62867,Xalxocotl,und,"","",,Nahuatl,Jorge Rojas S.,2017-05-29T04:45:34Z
30494,Tlapalcoatl,und,"","",,Nahuatl,Jorge Rojas S.,2017-05-29T06:17:45Z
68263,xōchiquetzalpāpalōtl,und,"","",,Nahuatl,Jorge Rojas S.,2017-06-03T05:34:26Z
41986,Ocelotl,und,"","",,Nahuatl,Jorge Rojas S.,2017-06-03T05:38:09Z
47208,Atepipitztli / Atepipitztin,und,"","",,Nahuatl,Jorge Rojas S.,2017-06-04T04:57:51Z
48201,Atepipitztli / Atepipitztin,und,"","",,Nahuatl,Jorge Rojas S.,2017-06-04T05:02:29Z
47224,Papalotl / Papalomeh,und,"","",,Nahuatl,Jorge Rojas S.,2017-06-04T05:11:10Z
202607,Meocuilin,und,"","",,Nahuatl,Jorge Rojas S.,2017-06-04T05:14:08Z
245900,Pinacatl,und,"","",,Nahuatl,Jorge Rojas S.,2017-06-04T05:22:54Z
266038,Necuhatzcatl,und,"","",,Nahuatl,Jorge Rojas S.,2017-06-04T05:28:33Z
69331,Necuatzcatl,und,"","",,Nahuatl,Jorge Rojas S.,2017-06-04T05:29:30Z
48448,Centli,und,"","",,Nahuatl,Jorge Rojas S.,2017-06-04T05:31:44Z
300315,Tzicanatzcatl / Tzicatanatl,und,"","",,Nahuatl,Jorge Rojas S.,2017-06-04T05:45:45Z
270954,Tlalpipioli / Xicotli,und,"","",,Nahuatl,Jorge Rojas S.,2017-06-04T05:48:37Z
47157,Papalotl / Papalomeh,und,"","",,Nahuatl,Jorge Rojas S.,2017-06-04T05:52:08Z
4257,Quecholin,und,"","",,Nahuatl,Jorge Rojas S.,2017-06-04T05:58:00Z
315018,Capolin,und,"","",,Nahuatl,Jorge Rojas S.,2017-06-04T06:14:56Z
127676,Áchiotl,und,"","",,Nahuatl,Jorge Rojas S.,2017-06-04T19:25:05Z
79472,huitzachin,und,"","",,Nahuatl,Jorge Rojas S.,2017-06-04T19:31:14Z
47851,Ahuahcuahuitl,und,"","",,Nahuatl,Jorge Rojas S.,2017-06-04T19:40:44Z
47852,Ahuahcuahuitl,und,"","",,Nahuatl,Jorge Rojas S.,2017-06-04T19:42:56Z
165750,Atlacuezona,und,"","",,Nahuatl,Jorge Rojas S.,2017-06-04T19:44:52Z
78236,Atzatzmolxochitl,und,"","",,Nahuatl,Jorge Rojas S.,2017-06-04T19:46:09Z
284200,huacalxōchitl,und,"","",,Nahuatl,Jorge Rojas S.,2017-06-04T19:51:21Z
85411,Nopalxochicuetzalic,und,"","",,Nahuatl,Jorge Rojas S.,2017-06-04T19:57:28Z
314493,Tizaxochitl,und,"","",,Nahuatl,Jorge Rojas S.,2017-06-04T20:00:28Z
139171,Tlapahuaxpatli,und,"","",,Nahuatl,Jorge Rojas S.,2017-06-04T20:01:29Z
276303,Tlapalizquixochitl,und,"","",,Nahuatl,Jorge Rojas S.,2017-06-04T20:04:01Z
147251,tzontecoxōchitl,und,"","",,Nahuatl,Jorge Rojas S.,2017-06-04T20:07:49Z
41673,Cuauhpezohtli,und,"","",,Nahuatl,Jorge Rojas S.,2017-06-14T03:10:26Z
153992,Tememetl,und,"","",,Nahuatl,Jorge Rojas S.,2017-06-17T21:24:54Z
257235,Xochiahuatecólotl,und,"","",,Nahuatl,Jorge Rojas S.,2017-06-18T00:43:59Z
83651,Xochiahuatecolotl,und,Mexico,MX,,Nahuatl,Jorge Rojas S.,2017-06-18T01:15:39Z
48943,Toloatzin,und,"","",,Nahuatl,Jorge Rojas S.,2017-06-20T03:15:08Z
274375,Xoconochtli,und,"","",,Nahuatl,Jorge Rojas S.,2017-06-20T05:15:29Z
29033,Cíncoameh,und,"","",,Nahuatl,Jorge Rojas S.,2017-06-20T05:23:16Z
199840,Nochtototl,und,"","",,Nahuatl,Jorge Rojas S.,2017-06-24T15:08:17Z
6930,Zōlcanauhtli,und,"","",,Nahuatl,Jorge Rojas S.,2017-06-24T15:20:55Z
281831,Tlalnópal,und,"","",,Nahuatl,Jorge Rojas S.,2017-06-25T19:31:14Z
205800,Tecolonochnopali,und,"","",,Nahuatl,Jorge Rojas S.,2017-06-25T19:44:11Z
281787,Tzompahuitztli,und,"","",,Nahuatl,Jorge Rojas S.,2017-06-25T19:51:19Z
274230,Chilmoxtli,und,"","",,Nahuatl,Jorge Rojas S.,2017-06-25T20:01:03Z
206729,Coamecaxochitl,und,"","",,Nahuatl,Jorge Rojas S.,2017-06-25T20:06:33Z
273621,Nopalxochiquetzaltic,und,"","",,Nahuatl,Jorge Rojas S.,2017-06-25T20:21:56Z
206407,nohpalxōchitl,und,"","",,Nahuatl,Jorge Rojas S.,2017-06-25T20:29:14Z
135676,teocōtl,und,"","",,Nahuatl,Bodo Nuñez Oberg,2017-06-26T05:44:07Z
48448,Cintli,und,"","",,Nahuatl,Jorge Rojas S.,2017-06-29T05:15:29Z
281779,Cuauhzahuatl,und,"","",,Nahuatl,Jorge Rojas S.,2017-07-01T17:37:40Z
281597,Iztacuauhzahuatl,und,"","",,Nahuatl,Jorge Rojas S.,2017-07-01T17:38:31Z
58772,Acalocuahuitl,und,"","",,Nahuatl,Jorge Rojas S.,2017-07-03T23:20:37Z
55425,Ayohtin,und,"","",,Nahuatl,Jorge Rojas S.,2017-07-06T02:58:57Z
273892,Chicalotl,und,"","",,Nahuatl,Jorge Rojas S.,2017-07-07T02:53:55Z
58334,Xiutecuitlanextli,und,"","",,Nahuatl,Jorge Rojas S.,2017-07-08T05:41:31Z
55854,Toloatzin,und,"","",,Nahuatl,Jorge Rojas S.,2017-07-08T05:56:36Z
55854,Azacapanyxhuatlazolpatli,und,"","",,Nahuatl,Jorge Rojas S.,2017-07-08T05:57:15Z
40268,Tzinacantin,und,"","",,Nahuatl,Jorge Rojas S.,2017-07-11T03:57:15Z
122839,Huacalxochimeh,und,"","",,Nahuatl,Jorge Rojas S.,2017-07-11T04:07:55Z
1,Yolcameh,und,"","",,Nahuatl,Jorge Rojas S.,2017-07-11T04:14:13Z
47170,Nanacameh,und,"","",,Nahuatl,Jorge Rojas S.,2017-07-11T04:22:10Z
47170,Nanacatl,und,"","",,Nahuatl,Jorge Rojas S.,2017-07-11T04:23:18Z
502518,tlaya-cuayatl,und,"","",,Nahuatl,Bodo Nuñez Oberg,2017-07-12T00:20:37Z
72389,Tonalxochimeh,und,"","",,Nahuatl,Jorge Rojas S.,2017-07-14T04:44:32Z
56955,Acahualtin,und,"","",,Nahuatl,Jorge Rojas S.,2017-07-14T04:49:50Z
273618,Tenopali,und,"","",,Nahuatl,Jorge Rojas S.,2017-07-15T19:11:29Z
83105,Metontli,und,"","",,Nahuatl,Jorge Rojas S.,2017-07-15T19:19:25Z
47903,Huitzatzastli,und,"","",,Nahuatl,Jorge Rojas S.,2017-07-15T19:23:58Z
274441,Cuitlahuitztli,und,"","",,Nahuatl,Jorge Rojas S.,2017-07-15T19:28:23Z
316694,Acatzahuixochitl,und,"","",,Nahuatl,Jorge Rojas S.,2017-07-15T19:35:43Z
57983,Acahualxochitl,und,"","",,Nahuatl,Jorge Rojas S.,2017-07-15T19:42:21Z
57983,Chimalacahuali,und,"","",,Nahuatl,Jorge Rojas S.,2017-07-15T19:43:18Z
121943,Ocopetlameh,und,"","",,Nahuatl,Jorge Rojas S.,2017-07-15T19:45:42Z
121943,Ocopetlatl,und,"","",,Nahuatl,Jorge Rojas S.,2017-07-15T19:46:59Z
275850,Tancastli,und,"","",,Nahuatl,Jorge Rojas S.,2017-07-15T19:48:11Z
141449,Chichixihuitl,und,"","",,Nahuatl,Jorge Rojas S.,2017-07-15T19:49:48Z
141449,Huacalxochitl,und,"","",,Nahuatl,Jorge Rojas S.,2017-07-15T19:50:21Z
154826,Tlanepaquilitl,und,"","",,Nahuatl,Jorge Rojas S.,2017-07-15T19:52:49Z
154826,Tlamapaquilitl,und,"","",,Nahuatl,Jorge Rojas S.,2017-07-15T19:53:27Z
120951,Matlalixtli,und,"","",,Nahuatl,Jorge Rojas S.,2017-07-15T19:59:30Z
120951,Nanacatexotic,und,"","",,Nahuatl,Jorge Rojas S.,2017-07-15T20:02:08Z
161156,Chilpahtli,und,"","",,Nahuatl,Jorge Rojas S.,2017-07-15T20:41:05Z
161170,Chilpahtli,und,"","",,Nahuatl,Jorge Rojas S.,2017-07-15T20:44:03Z
165115,apitzalpahtli,und,"","",,Nahuatl,Jorge Rojas S.,2017-07-15T21:03:24Z
154027,Axixcuahuitl,und,"","",,Nahuatl,Jorge Rojas S.,2017-07-16T01:33:32Z
78270,Tzaponochtli,und,"","",,Nahuatl,Jorge Rojas S.,2017-07-20T06:40:33Z
9744,Acolchiltototl,und,"","",,Nahuatl,Jorge Rojas S.,2017-07-28T01:07:23Z
9744,Acolchichiltic,und,"","",,Nahuatl,Jorge Rojas S.,2017-07-28T01:08:33Z
128851,Iztauhyatl,und,"","",,Nahuatl,Jorge Rojas S.,2017-07-28T15:39:59Z
290712,Tecomaxochitl,und,"","",,Nahuatl,Jorge Rojas S.,2017-07-28T15:50:58Z
290712,Chichihualxochitl,und,"","",,Nahuatl,Jorge Rojas S.,2017-07-28T15:51:39Z
124353,Chichihualxochitl,und,"","",,Nahuatl,Jorge Rojas S.,2017-07-28T15:53:37Z
165750,Quetzalaxochitl,und,"","",,Nahuatl,Jorge Rojas S.,2017-07-28T16:02:44Z
165750,Quetzalaxochioctli,und,"","",,Nahuatl,Jorge Rojas S.,2017-07-28T16:03:21Z
165750,Quetzalaxochiatl,und,"","",,Nahuatl,Jorge Rojas S.,2017-07-28T16:04:18Z
49661,Xochiocotzotl,und,"","",,Nahuatl,Jorge Rojas S.,2017-07-28T16:12:10Z
49661,Xochiocotzocuahuitl,und,"","",,Nahuatl,Jorge Rojas S.,2017-07-28T16:12:58Z
84735,Axayacatl,und,"","",,Nahuatl,Jorge Rojas S.,2017-07-31T14:23:30Z
242951,Xictómatl,und,"","",,Nahuatl,Jorge Rojas S.,2017-08-01T05:38:55Z
64341,Cacahuameh,und,"","",,Nahuatl,Jorge Rojas S.,2017-08-01T05:43:07Z
64341,Cacahuatl,und,"","",,Nahuatl,Jorge Rojas S.,2017-08-01T05:43:27Z
63205,Tlalcacahuatl,und,"","",,Nahuatl,Jorge Rojas S.,2017-08-01T05:47:14Z
136897,Oyāmetl,und,"","",,Nahuatl,Jorge Rojas S.,2017-08-01T06:00:09Z
136897,Acxoyātl,und,"","",,Nahuatl,Jorge Rojas S.,2017-08-01T06:01:27Z
62848,Ahuacameh,und,"","",,Nahuatl,Jorge Rojas S.,2017-08-01T06:02:36Z
62831,Ahuacatl,und,"","",,Nahuatl,Jorge Rojas S.,2017-08-01T06:03:35Z
49665,Ahuehuetl,und,"","",,Nahuatl,Jorge Rojas S.,2017-08-01T06:07:55Z
277143,Amacapolcuahuitl,und,"","",,Nahuatl,Jorge Rojas S.,2017-08-01T06:10:06Z
277143,Amacapolin,und,"","",,Nahuatl,Jorge Rojas S.,2017-08-01T06:10:44Z
205972,texcalāmatl,und,"","",,Nahuatl,Jorge Rojas S.,2017-08-01T06:11:57Z
205972,āmacuahuitl,und,"","",,Nahuatl,Jorge Rojas S.,2017-08-01T06:13:51Z
209896,Azcacuahuitl,und,"","",,Nahuatl,Jorge Rojas S.,2017-08-01T06:21:08Z
139171,Coahtli,und,"","",,Nahuatl,Jorge Rojas S.,2017-08-01T06:26:26Z
209889,Iztactzapotl,und,"","",,Nahuatl,Jorge Rojas S.,2017-08-01T06:28:01Z
209889,Cochitzapotl,und,"","",,Nahuatl,Jorge Rojas S.,2017-08-01T06:30:37Z
209973,Copali,und,"","",,Nahuatl,Jorge Rojas S.,2017-08-01T06:31:59Z
123476,Cuamochitl,und,"","",,Nahuatl,Jorge Rojas S.,2017-08-01T06:36:37Z
165138,Cuauhcamohtli,und,"","",,Nahuatl,Jorge Rojas S.,2017-08-01T06:38:28Z
54835,elocapōlin,und,"","",,Nahuatl,Jorge Rojas S.,2017-08-01T06:45:38Z
54835,xitomacapōlin,und,"","",,Nahuatl,Jorge Rojas S.,2017-08-01T06:46:16Z
206780,Eloxochitl,und,"","",,Nahuatl,Jorge Rojas S.,2017-08-01T06:48:25Z
206780,Eloxochicuahuitl,und,"","",,Nahuatl,Jorge Rojas S.,2017-08-01T06:50:35Z
202573,Olcuahuitl,und,"","",,Nahuatl,Jorge Rojas S.,2017-08-01T07:02:48Z
62809,Pochotl,und,"","",,Nahuatl,Jorge Rojas S.,2017-08-01T07:03:55Z
277558,teōnacaztli,und,"","",,Nahuatl,Jorge Rojas S.,2017-08-01T07:08:03Z
53380,Tepetomatl,und,"","",,Nahuatl,Jorge Rojas S.,2017-08-01T07:09:18Z
287034,Zayolitzcan,und,"","",,Nahuatl,Jorge Rojas S.,2017-08-01T07:11:48Z
277826,tlīltzapotl,und,"","",,Nahuatl,Jorge Rojas S.,2017-08-01T07:15:26Z
343829,Totocuitlatzapotl,und,"","",,Nahuatl,Jorge Rojas S.,2017-08-01T07:17:56Z
282386,Xalocotl,und,"","",,Nahuatl,Jorge Rojas S.,2017-08-01T07:24:00Z
41789,Tlalcōyotl,und,"","",,Nahuatl,Jorge Rojas S.,2017-08-01T14:08:35Z
50822,metl,und,"","",,Nahuatl,Jorge Rojas S.,2017-08-01T14:18:36Z
146587,Tozancuitlacxolli,und,"","",,Nahuatl,Jorge Rojas S.,2017-08-03T22:33:54Z
284858,Cazahuatemecatl,und,"","",,Nahuatl,Jorge Rojas S.,2017-08-03T22:35:35Z
62941,Camohtli,und,"","",,Nahuatl,Jorge Rojas S.,2017-08-03T22:38:02Z
274165,Tlililtzin,und,"","",,Nahuatl,Jorge Rojas S.,2017-08-03T22:42:32Z
52344,Ololiuhqui,und,"","",,Nahuatl,Jorge Rojas S.,2017-08-03T22:43:51Z
52346,Ololiuhqui,und,"","",,Nahuatl,Jorge Rojas S.,2017-08-03T22:45:04Z
52346,Mecapatli,und,"","",,Nahuatl,Jorge Rojas S.,2017-08-03T22:45:43Z
316694,Ahuaxochitl,und,"","",,Nahuatl,Jorge Rojas S.,2017-08-03T23:00:03Z
316694,Chichiltepetza,und,"","",,Nahuatl,Jorge Rojas S.,2017-08-03T23:00:58Z
50333,Pitzinteuhxochitl,und,"","",,Nahuatl,Jorge Rojas S.,2017-08-03T23:03:14Z
50334,Pitzinteuhxochimeh,und,"","",,Nahuatl,Jorge Rojas S.,2017-08-03T23:04:12Z
50334,Pitzinteuhxochitl,und,"","",,Nahuatl,Jorge Rojas S.,2017-08-03T23:05:22Z
77676,Chilacaquilitl,und,"","",,Nahuatl,Jorge Rojas S.,2017-08-03T23:09:01Z
159609,Cuaxiotl,und,"","",,Nahuatl,Jorge Rojas S.,2017-08-05T05:24:37Z
154002,Copali,und,"","",,Nahuatl,Jorge Rojas S.,2017-08-05T05:26:29Z
208245,Texiyotl,und,"","",,Nahuatl,Jorge Rojas S.,2017-08-05T05:37:55Z
158231,Tiyanquizpepetla,und,"","",,Nahuatl,Jorge Rojas S.,2017-08-05T05:41:48Z
158675,Tlacopahtli,und,"","",,Nahuatl,Jorge Rojas S.,2017-08-05T05:45:13Z
120488,Tochohmixochitl,und,"","",,Nahuatl,Jorge Rojas S.,2017-08-05T05:55:42Z
154004,Tzanaicxitl,und,"","",,Nahuatl,Jorge Rojas S.,2017-08-05T06:00:57Z
154004,Teyahuitli,und,"","",,Nahuatl,Jorge Rojas S.,2017-08-05T06:01:29Z
283342,Tzaucxochitl,und,"","",,Nahuatl,Jorge Rojas S.,2017-08-05T06:04:22Z
48715,Zacananacatl,und,"","",,Nahuatl,Jorge Rojas S.,2017-08-05T06:11:33Z
160272,Zacapolin,und,"","",,Nahuatl,Jorge Rojas S.,2017-08-05T06:13:21Z
58879,Huautzontli,und,"","",,Nahuatl,Jorge Rojas S.,2017-08-08T02:43:00Z
52326,huautli,und,"","",,Nahuatl,Jorge Rojas S.,2017-08-08T02:51:46Z
62652,alfabieso,und,"","",,Nahuatl,Ken-ichi Ueda,2017-08-08T15:17:41Z
133166,Manexticxihuitl,und,"","",,Nahuatl,Jorge Rojas S.,2017-08-09T02:03:01Z
143907,Chichicahoaztic,und,"","",,Nahuatl,Jorge Rojas S.,2017-08-09T02:07:30Z
143907,Chichicahoazton,und,"","",,Nahuatl,Jorge Rojas S.,2017-08-09T02:08:17Z
143907,Tlanextia-xiuhtontli,und,"","",,Nahuatl,Jorge Rojas S.,2017-08-09T02:09:59Z
905,Hueixolomeh,und,"","",,Nahuatl,Jorge Rojas S.,2017-08-10T23:01:56Z
44027,Tozan,und,"","",,Nahuatl,Jorge Rojas S.,2017-08-13T02:40:47Z
146593,ocēlōxōchitl,und,"","",,Nahuatl,Bodo Nuñez Oberg,2017-08-14T02:35:54Z
122711,chapolicxitl,und,"","",,Nahuatl,Jorge Rojas S.,2017-08-16T02:19:58Z
51733,āyacachtomatl,und,"","",,Nahuatl,Bodo Nuñez Oberg,2017-08-16T18:31:24Z
7478,āyacachtōtōtl,und,"","",,Nahuatl,Bodo Nuñez Oberg,2017-08-16T18:32:38Z
131165,ācapahtli,und,"","",,Nahuatl,Bodo Nuñez Oberg,2017-08-16T18:34:40Z
64237,ācatl,und,"","",,Nahuatl,Bodo Nuñez Oberg,2017-08-16T18:36:07Z
148354,ācaxōchitl,und,"","",,Nahuatl,Bodo Nuñez Oberg,2017-08-16T18:37:10Z
78452,āchilin,und,"","",,Nahuatl,Bodo Nuñez Oberg,2017-08-16T18:39:42Z
127676,āchiyōtl,und,"","",,Nahuatl,Bodo Nuñez Oberg,2017-08-16T18:41:21Z
50203,āchochoquilitl,und,"","",,Nahuatl,Bodo Nuñez Oberg,2017-08-16T18:42:19Z
179693,acocohquilitl,und,"","",,Nahuatl,Bodo Nuñez Oberg,2017-08-16T18:43:26Z
76290,ācuahuitl,und,"","",,Nahuatl,Bodo Nuñez Oberg,2017-08-16T18:44:30Z
280556,ācuamecatl,und,"","",,Nahuatl,Bodo Nuñez Oberg,2017-08-16T18:45:12Z
164079,acxoyātic,und,"","",,Nahuatl,Bodo Nuñez Oberg,2017-08-16T18:47:02Z
282761,tememetlatl,und,"","",,Nahuatl,Bodo Nuñez Oberg,2017-08-17T01:32:29Z
281629,zacatlaxcalli,und,"","",,Nahuatl,Bodo Nuñez Oberg,2017-08-19T05:25:11Z
143321,zacaihyāc,und,"","",,Nahuatl,Bodo Nuñez Oberg,2017-08-19T05:30:25Z
371666,zāyōlcuahuitl,und,"","",,Nahuatl,Bodo Nuñez Oberg,2017-08-19T05:35:26Z
204973,yōllohxōchicuahuitl,und,"","",,Nahuatl,Bodo Nuñez Oberg,2017-08-19T05:37:21Z
179693,xālācocohtli,und,"","",,Nahuatl,Bodo Nuñez Oberg,2017-08-19T05:40:58Z
62859,xālxocotl,und,"","",,Nahuatl,Bodo Nuñez Oberg,2017-08-19T05:41:58Z
49658,xōchiocōtzocuahuitl,und,"","",,Nahuatl,Bodo Nuñez Oberg,2017-08-19T05:43:45Z
48651,xōchipalli,und,"","",,Nahuatl,Bodo Nuñez Oberg,2017-08-19T05:44:34Z
3849,Atzitzicuilotl,und,"","",,Nahuatl,Jorge Rojas S.,2017-08-19T23:38:08Z
3864,Tzitzicuilotl,und,"","",,Nahuatl,Jorge Rojas S.,2017-08-19T23:42:18Z
4334,Achalalatli,und,"","",,Nahuatl,Jorge Rojas S.,2017-08-20T01:43:45Z
20315,Ahuatecolotl,und,"","",,Nahuatl,Jorge Rojas S.,2017-08-20T01:46:28Z
290889,Texometl,und,"","",,Nahuatl,Jorge Rojas S.,2017-08-20T02:06:24Z
104861,Cuauhchilnacatl,und,"","",,Nahuatl,Jorge Rojas S.,2017-08-20T19:02:10Z
53452,quetzalhuexōtl,und,"","",,Nahuatl,Bodo Nuñez Oberg,2017-08-20T20:07:16Z
289976,quilahmōlli,und,"","",,Nahuatl,Bodo Nuñez Oberg,2017-08-20T20:08:45Z
49569,pachtli,und,"","",,Nahuatl,Bodo Nuñez Oberg,2017-08-20T20:10:06Z
210073,pāpālōcuahuitl,und,"","",,Nahuatl,Bodo Nuñez Oberg,2017-08-20T20:12:20Z
274011,pāpalōquilitl,und,"","",,Nahuatl,Bodo Nuñez Oberg,2017-08-20T20:15:23Z
164777,Peyōtl,und,"","",,Nahuatl,Bodo Nuñez Oberg,2017-08-20T20:18:30Z
288913,pihpitzāhuac,und,"","",,Nahuatl,Bodo Nuñez Oberg,2017-08-20T20:19:54Z
273713,pilicxitl,und,"","",,Nahuatl,Bodo Nuñez Oberg,2017-08-20T20:21:29Z
288105,popōtl,und,"","",,Nahuatl,Bodo Nuñez Oberg,2017-08-20T20:23:43Z
55411,popoyauh,und,"","",,Nahuatl,Bodo Nuñez Oberg,2017-08-20T20:24:53Z
204911,ocōpetlatl,und,"","",,Nahuatl,Bodo Nuñez Oberg,2017-08-20T20:27:24Z
279176,ocōpiyaztli,und,"","",,Nahuatl,Bodo Nuñez Oberg,2017-08-20T20:28:22Z
279176,tlīlpotōnqui,und,"","",,Nahuatl,Bodo Nuñez Oberg,2017-08-20T20:28:36Z
49658,ocōtzocuahuitl,und,"","",,Nahuatl,Bodo Nuñez Oberg,2017-08-20T20:29:19Z
291340,ocōxōchitl,und,"","",,Nahuatl,Bodo Nuñez Oberg,2017-08-20T20:30:42Z
128270,ohuātl,und,"","",,Nahuatl,Bodo Nuñez Oberg,2017-08-20T20:32:44Z
128268,ōlōxōchitl,und,"","",,Nahuatl,Bodo Nuñez Oberg,2017-08-20T20:33:23Z
290891,ōmequilitl,und,"","",,Nahuatl,Bodo Nuñez Oberg,2017-08-20T20:34:28Z
290854,ōmequilitl,und,"","",,Nahuatl,Bodo Nuñez Oberg,2017-08-20T20:35:24Z
287923,otlatl,und,"","",,Nahuatl,Bodo Nuñez Oberg,2017-08-20T20:36:18Z
208392,Cuamaquixtli,und,"","",,Nahuatl,Jorge Rojas S.,2017-08-23T05:01:31Z
276730,Cozticzacatzacuxochitl,und,"","",,Nahuatl,Jorge Rojas S.,2017-08-23T05:10:11Z
288641,Yolochíchitl,und,"","",,Nahuatl,Jorge Rojas S.,2017-08-23T05:17:03Z
154003,Yolochíchitl,und,"","",,Nahuatl,Jorge Rojas S.,2017-08-23T05:17:50Z
280348,Xicamaxochitl,und,"","",,Nahuatl,Jorge Rojas S.,2017-08-23T05:19:52Z
53080,Tlacochichic,und,"","",,Nahuatl,Jorge Rojas S.,2017-08-23T05:26:28Z
154015,Teclacotl,und,"","",,Nahuatl,Jorge Rojas S.,2017-08-23T05:27:58Z
153299,Mocuepanxochitl,und,"","",,Nahuatl,Jorge Rojas S.,2017-08-23T05:39:34Z
2090,chachalacametl,und,"","",,Nahuatl,Bodo Nuñez Oberg,2017-08-25T04:34:32Z
286392,chechelotlacualli,und,"","",,Nahuatl,Bodo Nuñez Oberg,2017-08-25T04:36:59Z
284455,chīchīhualāyōtl,und,"","",,Nahuatl,Bodo Nuñez Oberg,2017-08-25T04:40:27Z
126925,chīchīltzapotl,und,"","",,Nahuatl,Bodo Nuñez Oberg,2017-08-25T04:41:38Z
166335,chīlpan,und,"","",,Nahuatl,Bodo Nuñez Oberg,2017-08-25T04:42:45Z
148354,chīlpanxōchitl,und,"","",,Nahuatl,Bodo Nuñez Oberg,2017-08-25T04:43:51Z
48514,chīlpitza,und,"","",,Nahuatl,Bodo Nuñez Oberg,2017-08-25T04:44:59Z
274182,chīltecuahuitl,und,"","",,Nahuatl,Bodo Nuñez Oberg,2017-08-25T04:45:45Z
194172,chīmalācatl,und,"","",,Nahuatl,Bodo Nuñez Oberg,2017-08-25T04:46:40Z
209889,chipitzapotl,und,"","",,Nahuatl,Bodo Nuñez Oberg,2017-08-25T04:47:54Z
509480,Quechquēmipāpalōtl,und,"","",,Nahuatl,Jorge Rojas S.,2017-08-26T23:45:11Z
293451,Tlalchapolin,und,"","",,Nahuatl,Jorge Rojas S.,2017-08-28T04:28:52Z
509493,quechquēmipāpalōtl,und,"","",,Nahuatl,Jorge Rojas S.,2017-08-29T16:32:17Z
509494,quechquēmipāpalōtl,und,"","",,Nahuatl,Jorge Rojas S.,2017-08-29T16:32:50Z
58892,Tepezquixochitl,und,"","",,Nahuatl,Jorge Rojas S.,2017-08-29T16:42:49Z
558433,Metzcanauhtli,und,"","",,Nahuatl,Jorge Rojas S.,2017-08-30T01:34:53Z
558438,Yacapatlahuac,und,"","",,Nahuatl,Jorge Rojas S.,2017-08-30T03:46:26Z
558434,Chilcanauhtli,und,"","",,Nahuatl,Jorge Rojas S.,2017-08-30T04:07:48Z
291130,Xipāhuaxihuitl,und,"","",,Nahuatl,Jorge Rojas S.,2017-08-30T23:35:57Z
6930,Tlalalacatl,und,"","",,Nahuatl,Jorge Rojas S.,2017-08-31T01:45:48Z
4665,Ehecachichinqui,und,"","",,Nahuatl,Jorge Rojas S.,2017-08-31T01:51:08Z
4665,Cenotzqui,und,"","",,Nahuatl,Jorge Rojas S.,2017-08-31T01:52:45Z
4665,Tletleton,und,"","",,Nahuatl,Jorge Rojas S.,2017-08-31T01:53:46Z
3460,Cehuilotl,und,"","",,Nahuatl,Jorge Rojas S.,2017-08-31T01:59:25Z
7428,Cacuantototl,und,"","",,Nahuatl,Jorge Rojas S.,2017-08-31T02:03:51Z
145289,ilamatototl,und,"","",,Nahuatl,Jorge Rojas S.,2017-08-31T02:10:03Z
11853,Cuicuitzcameh,und,"","",,Nahuatl,Jorge Rojas S.,2017-08-31T02:12:32Z
11853,Cuicuitzcatl,und,"","",,Nahuatl,Jorge Rojas S.,2017-08-31T02:12:54Z
12024,Tentzompanmamana,und,"","",,Nahuatl,Jorge Rojas S.,2017-08-31T02:15:42Z
20445,Yohoaltecolotl,und,"","",,Nahuatl,Jorge Rojas S.,2017-08-31T02:23:43Z
153990,Tememeh,und,"","",,Nahuatl,Jorge Rojas S.,2017-08-31T05:35:35Z
153992,Tenapálitl,und,"","",,Nahuatl,Jorge Rojas S.,2017-08-31T23:11:02Z
131556,Tlilitzin,und,"","",,Nahuatl,Jorge Rojas S.,2017-09-04T02:40:57Z
206120,xōchinanacatl,und,"","",,Nahuatl,Jorge Rojas S.,2017-09-04T02:43:18Z
153990,Tememetl,und,"","",,Nahuatl,Jorge Rojas S.,2017-09-04T03:20:24Z
209357,Amoli,und,"","",,Nahuatl,Jorge Rojas S.,2017-09-05T03:54:55Z
124316,Cuauhchilnacatl,und,"","",,Nahuatl,Jorge Rojas S.,2017-09-07T05:44:33Z
45994,Techalotl,und,"","",,Nahuatl,Jorge Rojas S.,2017-09-09T02:34:41Z
45994,Techalomeh,und,"","",,Nahuatl,Jorge Rojas S.,2017-09-09T02:35:03Z
74555,Temazatl,und,"","",,Nahuatl,Jorge Rojas S.,2017-09-09T18:39:20Z
62642,Huixtecuatl,und,"","",,Nahuatl,Jorge Rojas S.,2017-09-11T00:32:26Z
168764,yamānquitexōchitl,und,"","",,Nahuatl,Jorge Rojas S.,2017-09-11T00:38:03Z
75385,Tlanquixpepetl,und,"","",,Nahuatl,Jorge Rojas S.,2017-09-11T00:39:56Z
199511,Tlamexcaltzin,und,"","",,Nahuatl,Jorge Rojas S.,2017-09-11T00:44:01Z
71127,Iztauhyatl,und,"","",,Nahuatl,Jorge Rojas S.,2017-09-11T00:45:25Z
146883,Totoncaxoxoyolin,und,"","",,Nahuatl,Jorge Rojas S.,2017-09-11T00:46:36Z
147990,Tlacoxochitl,und,"","",,Nahuatl,Jorge Rojas S.,2017-09-11T00:47:46Z
143148,Tetatlalzoh,und,"","",,Nahuatl,Jorge Rojas S.,2017-09-11T00:50:27Z
68562,Xococtole,und,"","",,Nahuatl,Jorge Rojas S.,2017-09-11T00:53:43Z
68562,Xococtoli,und,"","",,Nahuatl,Jorge Rojas S.,2017-09-11T00:54:08Z
281629,Tzacapahtli,und,"","",,Nahuatl,Jorge Rojas S.,2017-09-11T00:55:55Z
281680,Tlalyetl,und,"","",,Nahuatl,Jorge Rojas S.,2017-09-11T00:58:12Z
146622,Cuahuitzilxochitl,und,"","",,Nahuatl,Jorge Rojas S.,2017-09-11T01:02:18Z
50616,Tlalquilin,und,"","",,Nahuatl,Jorge Rojas S.,2017-09-11T01:03:48Z
62642,Ayohuixtli,und,"","",,Nahuatl,Jorge Rojas S.,2017-09-11T01:06:00Z
288710,Teyahtli,und,"","",,Nahuatl,Jorge Rojas S.,2017-09-11T01:07:09Z
153954,Acocotzatl,und,"","",,Nahuatl,Jorge Rojas S.,2017-09-11T01:09:44Z
153954,Acocozatl,und,"","",,Nahuatl,Jorge Rojas S.,2017-09-11T01:10:01Z
153954,Tepetonalxochitl,und,"","",,Nahuatl,Jorge Rojas S.,2017-09-11T01:11:29Z
170113,Ciutlapahtli,und,"","",,Nahuatl,Jorge Rojas S.,2017-09-11T01:13:33Z
906,Hueixolotl,und,"","",,Nahuatl,Jorge Rojas S.,2017-09-16T17:52:47Z
346227,Colmoyotl,und,"","",,Nahuatl,Jorge Rojas S.,2017-09-16T17:58:43Z
116696,Axayácatl,und,"","",,Nahuatl,Jorge Rojas S.,2017-09-19T03:56:21Z
116696,Axayácameh,und,"","",,Nahuatl,Jorge Rojas S.,2017-09-19T03:56:40Z
154022,ācāhualli,und,"","",,Nahuatl,Bodo Nuñez Oberg,2017-09-29T16:03:09Z
288660,Acahuali,und,"","",,Nahuatl,Jorge Rojas S.,2017-09-30T04:44:42Z
285447,Ahuaxocotl,und,"","",,Nahuatl,Jorge Rojas S.,2017-09-30T04:45:57Z
160873,anacahuitl,und,"","",,Nahuatl,Jorge Rojas S.,2017-09-30T04:50:17Z
48536,Huacalxochimeh,und,"","",,Nahuatl,Jorge Rojas S.,2017-09-30T04:51:49Z
48536,Huacalxochitl,und,"","",,Nahuatl,Jorge Rojas S.,2017-09-30T04:52:41Z
147996,Cocoixtli,und,"","",,Nahuatl,Jorge Rojas S.,2017-09-30T05:03:33Z
210076,Coyotomatl,und,"","",,Nahuatl,Jorge Rojas S.,2017-09-30T05:06:04Z
210076,Ahuilotl,und,"","",,Nahuatl,Jorge Rojas S.,2017-09-30T05:07:12Z
209860,Cuachalalatl,und,"","",,Nahuatl,Jorge Rojas S.,2017-09-30T05:11:44Z
290691,Cuahuilotl,und,"","",,Nahuatl,Jorge Rojas S.,2017-09-30T05:19:18Z
316796,Cuahuixcoloctli,und,"","",,Nahuatl,Jorge Rojas S.,2017-09-30T05:26:02Z
286349,Cuapalachtli,und,"","",,Nahuatl,Jorge Rojas S.,2017-09-30T05:28:26Z
278953,Cuaquetzapalacuali,und,"","",,Nahuatl,Jorge Rojas S.,2017-09-30T05:31:42Z
147260,Cuahtecomatl,und,"","",,Nahuatl,Jorge Rojas S.,2017-09-30T05:33:21Z
209957,Cuauhxilotl,und,"","",,Nahuatl,Jorge Rojas S.,2017-09-30T05:38:01Z
168847,Ihiacxihuitl,und,"","",,Nahuatl,Jorge Rojas S.,2017-09-30T05:44:37Z
289022,Pipitzcaquilitl,und,"","",,Nahuatl,Jorge Rojas S.,2017-09-30T06:01:00Z
285152,Zahuatxihuitl,und,"","",,Nahuatl,Jorge Rojas S.,2017-09-30T06:04:44Z
137045,Tepechxihuitl,und,"","",,Nahuatl,Jorge Rojas S.,2017-09-30T06:15:39Z
289389,Tepoxquequeyoli,und,"","",,Nahuatl,Jorge Rojas S.,2017-09-30T06:17:00Z
54464,Tlacoxochitl,und,"","",,Nahuatl,Jorge Rojas S.,2017-09-30T06:20:16Z
54464,Tlacoxochimeh,und,"","",,Nahuatl,Jorge Rojas S.,2017-09-30T06:21:00Z
158740,Tlalzanonahtli,und,"","",,Nahuatl,Jorge Rojas S.,2017-09-30T06:26:26Z
59035,Tontunchichic,und,"","",,Nahuatl,Jorge Rojas S.,2017-09-30T06:31:32Z
159591,Totonquixihuitl,und,"","",,Nahuatl,Jorge Rojas S.,2017-09-30T06:33:10Z
332830,Yepantzoctli,und,"","",,Nahuatl,Jorge Rojas S.,2017-09-30T06:41:55Z
564898,Ixtentlimuyotzi,und,"","",,Nahuatl,max kirsch,2017-10-06T06:39:22Z
197923,Tlalcoyotl,und,"","",,Nahuatl,Jorge Rojas S.,2017-10-08T02:24:20Z
161582,Xicamaxóchitl,und,"","",,Nahuatl,Carlos Galindo-Leal,2017-10-11T00:20:06Z
47903,Huitznahuac,und,"","",,Nahuatl,Jorge Rojas S.,2017-10-13T02:55:15Z
52344,Mecapahtli,und,"","",,Nahuatl,Jorge Rojas S.,2017-10-15T20:01:51Z
288105,tlacōpopōtl,und,"","",,Nahuatl,Bodo Nuñez Oberg,2017-10-19T04:42:32Z
277001,huacalxōchitl,und,"","",,Nahuatl,Bodo Nuñez Oberg,2017-10-19T04:44:37Z
69993,ahuexōtl,und,"","",,Nahuatl,Bodo Nuñez Oberg,2017-10-19T04:46:09Z
277558,huēyinacaztli,und,"","",,Nahuatl,Bodo Nuñez Oberg,2017-10-19T04:47:08Z
533007,huitzocuitlapilli,und,"","",,Nahuatl,Bodo Nuñez Oberg,2017-10-19T04:48:23Z
76746,epazōtl,und,"","",,Nahuatl,Bodo Nuñez Oberg,2017-10-19T04:51:19Z
280789,iztac etl,und,"","",,Nahuatl,Bodo Nuñez Oberg,2017-10-19T04:53:38Z
201465,mahpilxōchitl,und,"","",,Nahuatl,Bodo Nuñez Oberg,2017-10-26T21:56:29Z
85098,mazāxocotl,und,"","",,Nahuatl,Bodo Nuñez Oberg,2017-10-26T21:58:14Z
278326,mecaxōchitl,und,"","",,Nahuatl,Bodo Nuñez Oberg,2017-10-26T21:59:53Z
194204,miquizcuahuitl,und,"","",,Nahuatl,Bodo Nuñez Oberg,2017-10-26T22:01:30Z
281597,miquizcuahuitl,und,"","",,Nahuatl,Bodo Nuñez Oberg,2017-10-26T22:02:27Z
74257,Tepeitzcuintli,und,"","",,Nahuatl,Jorge Rojas S.,2017-11-02T00:32:47Z
132130,tecomaxōchitl,und,"","",,Nahuatl,Bodo Nuñez Oberg,2017-11-03T20:34:51Z
54464,Tlacoxochipahtli,und,"","",,Nahuatl,Jorge Rojas S.,2017-11-04T18:17:41Z
54464,Tlacopahtli,und,"","",,Nahuatl,Jorge Rojas S.,2017-11-04T18:18:04Z
272850,Chapolxochitl,und,"","",,Nahuatl,Jorge Rojas S.,2017-11-11T16:51:07Z
272850,Mincapahtli,und,"","",,Nahuatl,Jorge Rojas S.,2017-11-11T16:52:04Z
272850,Tenapalitl,und,"","",,Nahuatl,Jorge Rojas S.,2017-11-11T16:52:41Z
272850,Comalpahtli,und,"","",,Nahuatl,Jorge Rojas S.,2017-11-11T16:53:18Z
289050,Yauhtli,und,"","",,Nahuatl,Jorge Rojas S.,2017-11-11T17:00:26Z
273944,Tepenexcomitl,und,"","",,Nahuatl,Jorge Rojas S.,2017-11-11T17:04:50Z
79312,Cempaxochitl,und,"","",,Nahuatl,Jorge Rojas S.,2017-11-12T21:01:48Z
273689,Tlacametl,und,"","",,Nahuatl,Jorge Rojas S.,2017-11-12T23:05:35Z
204003,Mezcalmetl,und,"","",,Nahuatl,Jorge Rojas S.,2017-11-12T23:08:56Z
204003,Mexcalmetl,und,"","",,Nahuatl,Jorge Rojas S.,2017-11-12T23:09:19Z
204003,Metzcalmetl,und,"","",,Nahuatl,Jorge Rojas S.,2017-11-12T23:09:38Z
343693,Mexocotl,und,"","",,Nahuatl,Jorge Rojas S.,2017-11-12T23:17:49Z
286534,Chachalacametl,und,"","",,Nahuatl,Jorge Rojas S.,2017-11-12T23:26:24Z
78090,huitzpahtli,und,"","",,Nahuatl,Jorge Rojas S.,2017-11-12T23:29:16Z
166328,Chilpanxochitl,und,"","",,Nahuatl,Jorge Rojas S.,2017-11-12T23:36:08Z
166328,Micaxihuitl,und,"","",,Nahuatl,Jorge Rojas S.,2017-11-12T23:39:47Z
284758,Tzacatzocuilpahtli,und,"","",,Nahuatl,Jorge Rojas S.,2017-11-12T23:58:14Z
180573,Cuamiahoatl,und,"","",,Nahuatl,Jorge Rojas S.,2017-11-13T00:06:37Z
48439,Quilitl,und,"","",,Nahuatl,Jorge Rojas S.,2017-11-19T05:18:42Z
48439,Quilimeh,und,"","",,Nahuatl,Jorge Rojas S.,2017-11-19T05:19:09Z
48439,Huautzontin,und,"","",,Nahuatl,Jorge Rojas S.,2017-11-19T05:19:49Z
76746,Epatzotl,und,"","",,Nahuatl,Jorge Rojas S.,2017-11-19T05:25:10Z
287257,Cozticpahtli,und,"","",,Nahuatl,Jorge Rojas S.,2017-11-22T04:03:10Z
62236,tlālcapolin,und,"","",,Nahuatl,Jorge Rojas S.,2017-11-22T04:24:42Z
64340,cacahuacuahuitl,und,"","",,Nahuatl,Jorge Rojas S.,2017-11-22T04:28:26Z
64341,Cacahuacuahuitl,und,"","",,Nahuatl,Jorge Rojas S.,2017-11-22T04:29:35Z
277558,Xochinacaztli,und,"","",,Nahuatl,Jorge Rojas S.,2017-11-22T04:31:14Z
125379,chichimecapahtli,und,"","",,Nahuatl,Jorge Rojas S.,2017-11-22T04:42:52Z
60439,Chamolxochitl,und,"","",,Nahuatl,Jorge Rojas S.,2017-11-22T04:47:29Z
60439,Chalcaxochitl,und,"","",,Nahuatl,Jorge Rojas S.,2017-11-22T04:48:21Z
316408,tlācametl,und,"","",,Nahuatl,Bodo Nuñez Oberg,2017-11-22T22:21:47Z
201465,Macpalxochitl,und,"","",,Nahuatl,Azul,2017-11-23T16:07:40Z
146622,huitzitzilxōchitl,und,"","",,Nahuatl,Bodo Nuñez Oberg,2017-11-25T04:48:21Z
52328,huauhquilitl,und,"","",,Nahuatl,Bodo Nuñez Oberg,2017-11-25T04:52:36Z
283284,huāxin,und,"","",,Nahuatl,Bodo Nuñez Oberg,2017-11-25T04:53:57Z
291340,huitzitzilocoxōchitl,und,"","",,Nahuatl,Bodo Nuñez Oberg,2017-11-25T04:56:31Z
68607,huitznāhuac,und,"","",,Nahuatl,Bodo Nuñez Oberg,2017-11-25T04:57:42Z
135746,ayauhcuahuitl,und,"","",,Nahuatl,Jorge Rojas S.,2017-11-27T03:50:20Z
71036,Tlacopahtli,und,"","",,Nahuatl,Jorge Rojas S.,2017-11-27T03:58:55Z
42051,Coyotl,und,"","",,Nahuatl,Jorge Rojas S.,2017-11-30T05:11:24Z
42044,Coyomeh,und,"","",,Nahuatl,Jorge Rojas S.,2017-11-30T05:17:48Z
57983,Chimalacahualxochitl,und,"","",,Nahuatl,Jorge Rojas S.,2017-12-05T03:47:29Z
19350,Tecolomeh,und,"","",,Nahuatl,Jorge Rojas S.,2017-12-16T21:42:36Z
287034,topozan,und,"","",,Nahuatl,Bodo Nuñez Oberg,2017-12-23T00:04:36Z
277558,teōnacazcuahuitl,und,"","",,Nahuatl,Bodo Nuñez Oberg,2018-01-07T22:02:58Z
48678,tepēāmalacotl,und,"","",,Nahuatl,Bodo Nuñez Oberg,2018-01-07T22:04:51Z
626657,cuauhzāhuatl,und,"","",,Nahuatl,Bodo Nuñez Oberg,2018-01-09T23:29:03Z
14877,Tzentzontli,und,"","",,Nahuatl,Jorge Rojas S.,2018-01-27T05:39:16Z
14877,Tzentzontototl,und,"","",,Nahuatl,Jorge Rojas S.,2018-01-27T05:41:03Z
14884,Tzentzontlahtoltototl,und,"","",,Nahuatl,Jorge Rojas S.,2018-01-27T05:43:08Z
14877,Tzentzontlahtoltototl,und,"","",,Nahuatl,Jorge Rojas S.,2018-01-27T05:43:48Z
73048,Tzentzontlahtoltototl,und,"","",,Nahuatl,Jorge Rojas S.,2018-01-27T05:44:24Z
277807,Tlacacamohtli,und,"","",,Nahuatl,Carlos Galindo-Leal,2018-01-27T17:48:25Z
281219,cuencuentzpatli,und,"","",,Nahuatl,Bodo Nuñez Oberg,2018-01-29T05:28:43Z
160823,Vindhó,und,"","",,Nahuatl,Evangelina Lopez Molina,2018-02-01T04:45:07Z
19318,Chiltepetototl,und,"","",,Nahuatl,Jorge Rojas S.,2018-02-03T23:22:38Z
19318,Chiltepequitototl,und,"","",,Nahuatl,Jorge Rojas S.,2018-02-03T23:23:40Z
19318,Quilitototl,und,"","",,Nahuatl,Jorge Rojas S.,2018-02-03T23:25:07Z
19318,Quiliquitototl,und,"","",,Nahuatl,Jorge Rojas S.,2018-02-03T23:25:49Z
199217,Huitztlaocotl,und,"","",,Nahuatl,Jorge Rojas S.,2018-02-03T23:27:56Z
156664,Huitztlaocotl,und,"","",,Nahuatl,Jorge Rojas S.,2018-02-03T23:29:07Z
84298,Cacahuacomihcuahuitl,und,"","",,Nahuatl,Jorge Rojas S.,2018-02-03T23:32:56Z
47372,Quināmehtlatzcan,und,"","",,Nahuatl,John E. Christensen,2018-02-08T20:39:04Z
26036,Cuetzpalyolcatl,und,"","",,Nahuatl,Jorge Rojas S.,2018-02-12T03:22:02Z
144817,Chichicuitl,und,"","",,Nahuatl,Jorge Rojas S.,2018-02-19T02:24:30Z
144817,Chichicutototl,und,"","",,Nahuatl,Jorge Rojas S.,2018-02-19T02:24:56Z
169043,huitztololo,und,"","",,Nahuatl,Ken-ichi Ueda,2018-02-21T00:54:22Z
122976,quillechuca,und,"","",,Nahuatl,John E. Christensen,2018-02-23T10:37:13Z
153213,Huitzquilitl,und,"","",,Nahuatl,Jorge Rojas S.,2018-02-24T21:31:32Z
153213,Cuauhtlahuizquilitl,und,"","",,Nahuatl,Jorge Rojas S.,2018-02-24T21:35:04Z
153213,Cuauhtlahuitzquilitl,und,"","",,Nahuatl,Jorge Rojas S.,2018-02-24T21:35:49Z
558438,Yacapatlacanauhtli,und,"","",,Nahuatl,Jorge Rojas S.,2018-02-25T20:02:39Z
485176,Xalcuani,und,"","",,Nahuatl,Jorge Rojas S.,2018-02-25T20:20:55Z
485176,Xalcuacanauhtli,und,"","",,Nahuatl,Jorge Rojas S.,2018-02-25T20:21:24Z
7057,Coacoztli,und,"","",,Nahuatl,Jorge Rojas S.,2018-02-25T20:35:36Z
7057,Coacozcanauhtli,und,"","",,Nahuatl,Jorge Rojas S.,2018-02-25T20:36:02Z
7057,Coacoxtli,und,"","",,Nahuatl,Jorge Rojas S.,2018-02-25T20:36:38Z
7057,Coacoxcanauhtli,und,"","",,Nahuatl,Jorge Rojas S.,2018-02-25T20:37:12Z
6930,Concanauhtli,und,"","",,Nahuatl,Jorge Rojas S.,2018-02-25T20:51:43Z
6933,Tzitzihua,und,"","",,Nahuatl,Jorge Rojas S.,2018-02-25T21:25:41Z
6933,Tzitzihuacanauhtli,und,"","",,Nahuatl,Jorge Rojas S.,2018-02-25T21:26:20Z
10295,Texotototl,und,"","",,Nahuatl,Jorge Rojas S.,2018-02-25T21:52:23Z
9246,Piolin,und,"","",,Nahuatl,Jorge Rojas S.,2018-02-25T21:54:00Z
16447,Coapixtototl,und,"","",,Nahuatl,Jorge Rojas S.,2018-02-25T22:09:11Z
16447,Cuapixtototl,und,"","",,Nahuatl,Jorge Rojas S.,2018-02-25T22:09:31Z
14886,Tzentzontli,und,"","",,Nahuatl,Jorge Rojas S.,2018-02-25T22:12:17Z
473,Yacacintli,und,"","",,Nahuatl,Jorge Rojas S.,2018-02-25T22:36:28Z
4793,Amacozcatl,und,"","",,Nahuatl,Jorge Rojas S.,2018-02-25T22:37:55Z
4836,Comaltecatl,und,"","",,Nahuatl,Jorge Rojas S.,2018-02-25T22:38:47Z
4885,Icxixoxouhqui,und,"","",,Nahuatl,Jorge Rojas S.,2018-02-25T22:45:19Z
10643,Zacapilli,und,"","",,Nahuatl,Jorge Rojas S.,2018-02-25T23:17:41Z
10643,Zacapiltototl,und,"","",,Nahuatl,Jorge Rojas S.,2018-02-25T23:18:05Z
10470,Toxcacoztic,und,"","",,Nahuatl,Jorge Rojas S.,2018-02-25T23:22:14Z
10470,Toxcacoztototl,und,"","",,Nahuatl,Jorge Rojas S.,2018-02-25T23:22:50Z
9607,Tzanatl,und,"","",,Nahuatl,Jorge Rojas S.,2018-02-25T23:23:53Z
9346,Xochitototl,und,"","",,Nahuatl,Jorge Rojas S.,2018-02-25T23:25:55Z
638309,Ahuatl,und,"","",,Nahuatl,Jorge Rojas S.,2018-03-01T18:06:26Z
281041,Tehuitzotl,und,"","",,Nahuatl,Jorge Rojas S.,2018-03-04T04:58:25Z
83223,Itzpapalomeh,und,"","",,Nahuatl,Jorge Rojas S.,2018-03-04T22:20:17Z
58363,Itzotl,und,"","",,Nahuatl,Jorge Rojas S.,2018-03-12T00:43:09Z
58363,Itzomeh,und,"","",,Nahuatl,Jorge Rojas S.,2018-03-12T00:45:01Z
14912,Cuicacochtototl,und,"","",,Nahuatl,Jorge Rojas S.,2018-03-15T02:46:29Z
14889,Cuicacochqueh,und,"","",,Nahuatl,Jorge Rojas S.,2018-03-15T02:57:11Z
14889,Cuicacochtotomeh,und,"","",,Nahuatl,Jorge Rojas S.,2018-03-15T02:58:01Z
48867,Zotolin,und,"","",,Nahuatl,John E. Christensen,2018-03-18T14:44:56Z
119095,mōzōquilitl,und,"","",,Nahuatl,Bodo Nuñez Oberg,2018-03-22T16:28:41Z
50203,mōzōtl,und,"","",,Nahuatl,Bodo Nuñez Oberg,2018-03-22T16:29:46Z
289112,mōzōtl,und,"","",,Nahuatl,Bodo Nuñez Oberg,2018-03-22T16:32:23Z
170054,Mízxihuitl,und,"","",,Nahuatl,Jorge Rojas S.,2018-03-25T03:21:12Z
206138,teōnanacatl,und,"","",,Nahuatl,Bodo Nuñez Oberg,2018-03-28T06:12:17Z
84300,azúmiatl,und,"","",,Nahuatl,wsyxbcl,2018-04-04T15:02:00Z
194172,chīmalācaxōchitl,und,"","",,Nahuatl,Jorge Rojas S.,2018-04-05T20:29:56Z
166920,Cuauhmochitl,und,"","",,Nahuatl,Jorge Rojas S.,2018-04-06T05:08:20Z
123476,Cuauhmochimeh,und,"","",,Nahuatl,Jorge Rojas S.,2018-04-06T05:09:39Z
123476,Cuauhmochitl,und,"","",,Nahuatl,Jorge Rojas S.,2018-04-06T05:10:19Z
48448,Elotl,und,"","",,Nahuatl,Jorge Rojas S.,2018-04-06T05:16:34Z
48448,Tlayoli,und,"","",,Nahuatl,Jorge Rojas S.,2018-04-06T05:21:24Z
36169,Xincoyotl,und,"","",,Nahuatl,Jorge Rojas S.,2018-04-07T18:56:09Z
138912,Tepehuaxin,und,"","",,Nahuatl,Jorge Rojas S.,2018-04-07T19:09:47Z
284209,Huetzcanxochitl,und,"","",,Nahuatl,Jorge Rojas S.,2018-04-12T20:12:03Z
120027,Huetzcanxochimeh,und,"","",,Nahuatl,Jorge Rojas S.,2018-04-12T20:28:46Z
41976,Ocotochtli,und,"","",,Nahuatl,Jorge Rojas S.,2018-04-13T00:07:56Z
36307,Tapayatzin,und,"","",,Nahuatl,Jorge Rojas S.,2018-04-13T00:10:33Z
292647,Tecciztli,und,"","",,Nahuatl,Jorge Rojas S.,2018-04-13T00:11:34Z
204978,Eptapalcatl,und,"","",,Nahuatl,Jorge Rojas S.,2018-04-13T00:13:05Z
62529,Tlauhquechol,und,"","",,Nahuatl,Jorge Rojas S.,2018-04-13T00:14:50Z
515948,Teuhtlacozauhqui,und,"","",,Nahuatl,Jorge Rojas S.,2018-04-13T00:16:56Z
148361,Tlatomaxíhuitl,und,"","",,Nahuatl,Jorge Rojas S.,2018-04-21T02:42:21Z
48561,Cuauhtlahuitzquilimeh,und,"","",,Nahuatl,Jorge Rojas S.,2018-04-28T15:10:42Z
181590,Chilacayohtli,und,"","",,Nahuatl,Jorge Rojas S.,2018-04-28T18:46:59Z
314494,Cacaloxochitl,und,"","",,Nahuatl,Jorge Rojas S.,2018-05-03T23:38:52Z
314493,Cacaloxochitl,und,"","",,Nahuatl,Jorge Rojas S.,2018-05-03T23:41:17Z
84629,Nixticuil,und,"","",,Nahuatl,Jorge Rojas S.,2018-05-12T20:37:53Z
84629,Nixtecuil,und,"","",,Nahuatl,Jorge Rojas S.,2018-05-12T20:38:24Z
154882,Colmoyotl,und,"","",,Nahuatl,Jorge Rojas S.,2018-05-20T05:13:47Z
16447,Tlapaltototl,und,"","",,Nahuatl,Francisco Valdes Perezgasga,2018-06-02T17:02:44Z
511183,Popotocatl,und,"","",,Nahuatl,Carlos Galindo-Leal,2018-06-07T21:13:24Z
53300,cōzticpahtli,und,"","",,Nahuatl,Bodo Nuñez Oberg,2018-06-13T16:03:12Z
160646,tepemecatl,und,"","",,Nahuatl,Carlos Galindo-Leal,2018-06-15T15:08:04Z
160646,Temecaxihuitl,und,"","",,Nahuatl,Jorge Rojas S.,2018-06-15T15:08:06Z
47102,Azcacoyotl,und,"","",,Nahuatl,John E. Christensen,2018-06-16T14:54:10Z
41301,Tzinacantl,und,"","",,Nahuatl,Juan Cruzado Cortés,2018-07-09T18:32:50Z
52440,Cuahunacaxtli,und,"","",,Nahuatl,Jorge Rojas S.,2018-07-21T05:52:39Z
53817,Pinacatl,und,"","",,Nahuatl,Jorge Rojas S.,2018-07-25T03:03:23Z
53817,Pinacameh,und,"","",,Nahuatl,Jorge Rojas S.,2018-07-25T03:03:58Z
331122,xocot clavo,und,"","",,Nahuatl,Bobby McCabe,2018-08-14T03:28:28Z
331122,Xocot,und,"","",,Nahuatl,Bobby McCabe,2018-08-14T03:28:41Z
239733,Hueichili,und,"","",,Nahuatl,Jorge Rojas S.,2018-08-18T18:00:11Z
239733,Tlalchili,und,"","",,Nahuatl,Jorge Rojas S.,2018-08-18T18:00:43Z
48514,Chili,und,"","",,Nahuatl,Jorge Rojas S.,2018-08-18T18:02:49Z
769427,ayacahuite,und,"","",,Nahuatl,Ken-ichi Ueda,2018-08-21T06:31:16Z
291743,xochicuahuitl,und,"","",,Nahuatl,Ken-ichi Ueda,2018-08-21T06:55:09Z
770204,patlahuac-tzitzicaztli,und,"","",,Nahuatl,Ken-ichi Ueda,2018-08-21T06:56:05Z
770204,Tlalchichinolli,und,"","",,Nahuatl,Jorge Rojas S.,2018-08-21T06:56:07Z
20979,Cueyatl,und,"","",,Nahuatl,Jorge Rojas S.,2018-08-24T15:36:11Z
20979,Cueyameh,und,"","",,Nahuatl,Jorge Rojas S.,2018-08-24T15:37:58Z
20979,Atelpocatl,und,"","",,Nahuatl,Jorge Rojas S.,2018-08-24T16:00:55Z
20979,Atelpocameh,und,"","",,Nahuatl,Jorge Rojas S.,2018-08-24T16:10:49Z
26718,Axolocuetzpalin,und,"","",,Nahuatl,Jorge Rojas S.,2018-08-24T16:13:13Z
197859,Cuetlachtli,und,"","",,Nahuatl,Jorge Rojas S.,2018-08-24T16:16:02Z
40151,Manenemini,und,"","",,Nahuatl,Jorge Rojas S.,2018-08-24T16:17:36Z
35003,Tecuetl,und,"","",,Nahuatl,Jorge Rojas S.,2018-08-24T16:19:27Z
47105,Ascacoyotl,und,"","",,Nahuatl,Jorge Rojas S.,2018-08-24T16:22:02Z
47105,Atzcacoyotl,und,"","",,Nahuatl,Jorge Rojas S.,2018-08-24T16:22:24Z
54544,Cuetzpalmichtin,und,"","",,Nahuatl,Jorge Rojas S.,2018-08-24T16:25:53Z
54544,Cuetzpalmichin,und,"","",,Nahuatl,Jorge Rojas S.,2018-08-24T16:26:21Z
256559,Pinahuiztli,und,"","",,Nahuatl,Jorge Rojas S.,2018-08-25T16:25:19Z
372452,campanaxóchitl,und,"","",,Nahuatl,Arturo Gutiérrez,2018-08-26T12:25:02Z
154768,campanaxóchitl,und,"","",,Nahuatl,Arturo Gutiérrez,2018-08-26T12:34:55Z
49569,Apaxtli,und,"","",,Nahuatl,Jorge Rojas S.,2018-08-28T20:41:20Z
287151,āchichilacachtic,und,"","",,Nahuatl,Bodo Nuñez Oberg,2018-08-30T14:35:07Z
746567,tonalxóchitl,und,"","",,Nahuatl,Ken-ichi Ueda,2018-09-01T11:21:59Z
61503,Tetzahupapalotl,und,"","",,Nahuatl,Jorge Rojas S.,2018-09-01T21:19:41Z
8914,xiuhtōtōtl,und,"","",,Nahuatl,Bodo Nuñez Oberg,2018-09-26T15:37:28Z
82279,xōchāhuātl,und,"","",,Nahuatl,Bodo Nuñez Oberg,2018-09-26T15:39:04Z
168764,tequehquetzal,und,"","",,Nahuatl,Bodo Nuñez Oberg,2018-09-27T15:31:57Z
120488,Tochomixochitl,und,"","",,Nahuatl,Carlos Galindo-Leal,2018-10-08T14:20:16Z
165144,xīcohtzapocuahuitl,und,"","",,Nahuatl,Bodo Nuñez Oberg,2018-10-10T14:20:39Z
790447,Pinacatl,und,"","",,Nahuatl,Jorge Rojas S.,2018-10-27T12:28:36Z
41871,Epatl,und,"","",,Nahuatl,John E. Christensen,2018-10-28T12:56:06Z
47336,Azcatl,und,"","",,Nahuatl,John E. Christensen,2018-11-01T16:34:47Z
791987,ahoyacpatli,und,"","",,Nahuatl,Ken-ichi Ueda,2018-11-02T14:53:28Z
244393,Azcatlmolli,und,"","",,Nahuatl,Carlos Galindo-Leal,2018-11-02T21:04:25Z
791928,tlapa,und,"","",,Nahuatl,Theodore,2018-11-02T21:41:55Z
61369,tocaxihuitl,und,"","",,Nahuatl,Bodo Nuñez Oberg,2018-11-07T21:15:11Z
777243,tecacayactli,und,"","",,Nahuatl,Bodo Nuñez Oberg,2018-11-07T21:16:58Z
62831,tēpantlahtoh,und,"","",,Nahuatl,Bodo Nuñez Oberg,2018-11-07T21:24:39Z
62295,tlachpāhuāztic,und,"","",,Nahuatl,Bodo Nuñez Oberg,2018-11-17T15:17:56Z
805291,tezcapahtli,und,"","",,Nahuatl,Jorge Rojas S.,2018-12-02T20:06:22Z
342687,tlālcapolin,und,"","",,Nahuatl,Bodo Nuñez Oberg,2018-12-11T18:15:38Z
6930,Zolcanauhtli,und,"","",,Nahuatl,John E. Christensen,2018-12-14T15:10:07Z
44061,Tozan,und,"","",,Nahuatl,Jorge Rojas S.,2018-12-21T02:07:24Z
167790,Ahahuaton,und,"","",,Nahuatl,Jorge Rojas S.,2018-12-25T16:39:43Z
78580,ahmōlquilitl,und,"","",,Nahuatl,Jorge Rojas S.,2018-12-25T16:51:56Z
78580,Ahmolxihuitl,und,"","",,Nahuatl,Jorge Rojas S.,2018-12-25T16:52:49Z
47851,Ahuatl,und,"","",,Nahuatl,Jorge Rojas S.,2018-12-25T16:54:54Z
47851,Ahuameh,und,"","",,Nahuatl,Jorge Rojas S.,2018-12-25T16:55:37Z
206333,Pichohuaxtli,und,"","",,Nahuatl,Jorge Rojas S.,2018-12-30T17:28:23Z
47144,Chichi,und,"","",,Nahuatl,Jorge Rojas S.,2019-01-02T23:01:25Z
20856,Quetzaltótotl,und,"","",,Nahuatl,Daniel Alexander Carrillo Mtz,2019-01-06T00:48:24Z
20777,Tzinitzcan,und,"","",,Nahuatl,Daniel Alexander Carrillo Mtz,2019-01-06T00:49:48Z
20777,Teutzinitzcan,und,"","",,Nahuatl,Daniel Alexander Carrillo Mtz,2019-01-06T00:50:47Z
2548,Chalalactli,und,"","",,Nahuatl,Daniel Alexander Carrillo Mtz,2019-01-06T00:52:07Z
2168,Xionpalquechol,und,"","",,Nahuatl,Daniel Alexander Carrillo Mtz,2019-01-06T00:53:46Z
559387,Xochitenácatl,und,"","",,Nahuatl,Daniel Alexander Carrillo Mtz,2019-01-06T00:55:42Z
18284,Cuauhtotomomi,und,"","",,Nahuatl,Daniel Alexander Carrillo Mtz,2019-01-06T01:06:25Z
8914,Xiuhtótotl,und,"","",,Nahuatl,Daniel Alexander Carrillo Mtz,2019-01-06T22:07:44Z
11901,Cuicuitzcatl,und,"","",,Nahuatl,Daniel Alexander Carrillo Mtz,2019-01-06T22:33:41Z
13630,Xiquipiltótotl,und,"","",,Nahuatl,Daniel Alexander Carrillo Mtz,2019-01-06T22:38:37Z
7478,Ayacatcho,und,"","",,Nahuatl,Daniel Alexander Carrillo Mtz,2019-01-06T22:40:18Z
15035,Tzompan,und,"","",,Nahuatl,Daniel Alexander Carrillo Mtz,2019-01-06T22:47:11Z
14886,Cenzontlatole,und,"","",,Nahuatl,Daniel Alexander Carrillo Mtz,2019-01-06T22:48:52Z
14912,Cuitlacochtótotl,und,"","",,Nahuatl,Daniel Alexander Carrillo Mtz,2019-01-06T22:50:41Z
68047,Zacuan,und,"","",,Nahuatl,Daniel Alexander Carrillo Mtz,2019-01-06T23:01:53Z
367693,Caxcaxtótotl,und,"","",,Nahuatl,Daniel Alexander Carrillo Mtz,2019-01-06T23:03:02Z
9607,Teotzánatl,und,"","",,Nahuatl,Daniel Alexander Carrillo Mtz,2019-01-06T23:04:06Z
9357,Xochitótotl,und,"","",,Nahuatl,Daniel Alexander Carrillo Mtz,2019-01-06T23:05:24Z
9339,Chiltótotl,und,"","",,Nahuatl,Daniel Alexander Carrillo Mtz,2019-01-06T23:06:32Z
9744,Acolchichic,und,"","",,Nahuatl,Daniel Alexander Carrillo Mtz,2019-01-06T23:08:20Z
10470,Toxca coztic,und,"","",,Nahuatl,Daniel Alexander Carrillo Mtz,2019-01-06T23:10:28Z
10271,Yollotótotl,und,"","",,Nahuatl,Daniel Alexander Carrillo Mtz,2019-01-06T23:21:24Z
73155,Elotótotl,und,"","",,Nahuatl,Daniel Alexander Carrillo Mtz,2019-01-06T23:22:12Z
9943,Chiantótotl,und,"","",,Nahuatl,Daniel Alexander Carrillo Mtz,2019-01-06T23:29:26Z
58465,Acocoxochitl,und,"","",,Nahuatl,Jorge Rojas S.,2019-01-08T04:53:10Z
58465,Xicamaxochitl,und,"","",,Nahuatl,Jorge Rojas S.,2019-01-08T04:53:36Z
84735,Ahuautle,und,"","",,Nahuatl,Carlos Galindo-Leal,2019-01-08T18:38:36Z
49658,Xochiocotzotl,und,"","",,Nahuatl,Jorge Rojas S.,2019-01-29T17:53:26Z
49658,Xochiocotzocuahuitl,und,"","",,Nahuatl,Jorge Rojas S.,2019-01-29T17:53:27Z
859222,manexcuahuit,und,"","",,Nahuatl,Ken-ichi Ueda,2019-02-03T14:39:50Z
40151,Chichihualyolcatl,und,"","",,Nahuatl,John E. Christensen,2019-02-07T16:18:12Z
141279,Mixtocotlapiltzintli,und,"","",,Nahuatl,Jorge Rojas S.,2019-02-13T03:03:50Z
272597,Tzauhxilotl,und,"","",,Nahuatl,Jorge Rojas S.,2019-02-13T03:11:13Z
273799,Tzauhxilotl,und,"","",,Nahuatl,Jorge Rojas S.,2019-02-13T03:14:00Z
867455,tzopilotlácuatl,und,"","",,Nahuatl,Ken-ichi Ueda,2019-02-18T02:30:46Z
204942,costicoatexóchitl,und,"","",,Nahuatl,Ken-ichi Ueda,2019-02-18T04:13:13Z
338894,cuemecaxalahuit,und,"","",,Nahuatl,Ken-ichi Ueda,2019-02-18T04:16:24Z
58879,cuatztli,und,"","",,Nahuatl,Ken-ichi Ueda,2019-02-18T04:22:33Z
281219,cuencuentz,und,"","",,Nahuatl,Ken-ichi Ueda,2019-02-18T04:24:28Z
315656,tlamalacatlacotli,und,"","",,Nahuatl,Ken-ichi Ueda,2019-02-18T04:51:37Z
869962,Huitznahuatl,und,"","",,Nahuatl,Jorge Rojas S.,2019-03-03T15:42:44Z
846287,Tlalcoyotl,und,"","",,Nahuatl,Rafael Torres,2019-03-07T03:23:36Z
873768,Tenexietl,und,"","",,Nahuatl,Jorge Rojas S.,2019-03-13T15:24:09Z
873768,cuauhyetl,und,"","",,Nahuatl,Valentin de Mazancourt,2019-03-13T15:24:09Z
876217,cumas,und,"","",,Nahuatl,Ken-ichi Ueda,2019-03-21T20:03:23Z
870818,Tepenexcomitl,und,"","",,Nahuatl,Carlos Galindo-Leal,2019-03-27T15:13:06Z
851933,huitzmamaxali,und,"","",,Nahuatl,Ken-ichi Ueda,2019-03-29T15:21:14Z
206407,nōchxōchitl,und,"","",,Nahuatl,Bodo Nuñez Oberg,2019-04-11T21:58:06Z
887938,Capolin,und,"","",,Nahuatl,Jorge Rojas S.,2019-05-03T16:53:29Z
437930,Ahuacamuyutl,und,"","",,Nahuatl,Jorge Rojas S.,2019-05-04T20:33:21Z
437930,Ahuacamuyumeh,und,"","",,Nahuatl,Jorge Rojas S.,2019-05-04T20:33:48Z
101458,Cuitlapetotl,und,"","",,Nahuatl,Jorge Rojas S.,2019-05-04T20:48:51Z
317479,Amilotl,und,"","",,Nahuatl,Jorge Rojas S.,2019-05-04T20:50:08Z
4323,Atotolin,und,"","",,Nahuatl,Jorge Rojas S.,2019-05-04T20:52:35Z
4929,Azcatl,und,"","",,Nahuatl,Jorge Rojas S.,2019-05-04T20:54:55Z
2314,Achalalactli,und,"","",,Nahuatl,Jorge Rojas S.,2019-05-04T20:58:08Z
2548,Achalalactli,und,"","",,Nahuatl,Jorge Rojas S.,2019-05-04T21:06:15Z
351879,Menanacatl,und,"","",,Nahuatl,Jorge Rojas S.,2019-05-04T21:15:36Z
349260,Tehuitzpalaxtli,und,"","",,Nahuatl,Jorge Rojas S.,2019-06-08T02:21:04Z
290891,omexochitl,und,"","",,Nahuatl,Carlos Galindo-Leal,2019-06-08T14:57:42Z
342687,ahāhuatōn,und,"","",,Nahuatl,Bodo Nuñez Oberg,2019-07-08T17:47:20Z
277345,ahmōlxōchitl,und,"","",,Nahuatl,Bodo Nuñez Oberg,2019-07-08T17:51:29Z
278607,ahquiztli,und,"","",,Nahuatl,Bodo Nuñez Oberg,2019-07-08T17:53:43Z
332766,ahuacatzitzin,und,"","",,Nahuatl,Bodo Nuñez Oberg,2019-07-08T17:55:18Z
60951,āmamalacotl,und,"","",,Nahuatl,Bodo Nuñez Oberg,2019-07-08T17:58:09Z
53352,Īlītl,und,"","",,Nahuatl,John E. Christensen,2019-07-12T20:10:59Z
29038,cincōātl,und,"","",,Nahuatl,Jorge Rojas S.,2019-07-22T03:26:54Z
314813,Matlaxochitl,und,"","",,Nahuatl,Jorge Rojas S.,2019-07-26T18:28:17Z
78456,āchilin,und,"","",,Nahuatl,Bodo Nuñez Oberg,2019-08-01T05:12:51Z
882752,chilpunxuitl,und,"","",,Nahuatl,Ken-ichi Ueda,2019-08-01T05:23:36Z
308416,Pisil Nekmej,und,Mexico,MX,,Nahuatl,Richard Joyce,2019-08-04T14:34:03Z
921601,neucxochitl,und,"","",,Nahuatl,Ken-ichi Ueda,2019-08-12T14:40:50Z
869906,nexticínatl,und,"","",,Nahuatl,Ken-ichi Ueda,2019-08-21T19:56:18Z
869906,Nehnexticxihuitl,und,"","",,Nahuatl,Pedro Nájera Quezada,2019-08-21T19:56:19Z
869906,Tepotzito,und,"","",,Nahuatl,Pedro Nájera Quezada,2019-08-21T19:56:23Z
164409,Chamolxochitl,und,"","",https://www.inaturalist.org/taxon_names/981737/edit,Nahuatl,,2019-09-12T09:09:52Z
164409,Tzacachichic,und,"","",https://www.inaturalist.org/taxon_names/981738/edit,Nahuatl,,2019-09-12T09:09:53Z
945610,Xoxouhqui,und,"","",https://www.inaturalist.org/taxon_names/950461/edit,Nahuatl,Carlos Galindo-Leal,2019-09-23T19:15:03Z
945610,Coatl xoxouhqui,und,"","",https://www.inaturalist.org/taxon_names/950464/edit,Nahuatl,Carlos Galindo-Leal,2019-09-23T19:15:03Z
281770,cōnquilitl,und,"","",,Nahuatl,Bodo Nuñez Oberg,2019-10-14T23:09:07Z
147251,Tlacōxīlōxōchitl,und,"","",https://www.inaturalist.org/taxon_names/900509/edit,Nahuatl,Bodo Nuñez Oberg,2019-10-28T16:12:53Z
147251,tzonxōchitl,und,"","",https://www.inaturalist.org/taxon_names/953784/edit,Nahuatl,Bodo Nuñez Oberg,2019-10-28T16:12:53Z
962637,Camalotl,und,"","",https://www.inaturalist.org/taxon_names/1729997/edit,Nahuatl,Yoshimasa Uchiyama,2019-11-06T23:53:13Z
146597,Coanenepilli,und,"","",,Nahuatl,Carlos Galindo-Leal,2019-11-21T03:56:17Z
289563,Jicamaxochitl,und,"","",,Nahuatl,Carlos Galindo-Leal,2019-11-21T04:06:55Z
314281,Tlaltecocomitl,und,"","",https://www.inaturalist.org/taxon_names/962002/edit,Nahuatl,,2019-11-29T07:22:03Z
314281,Tlaltecomitl,und,"","",https://www.inaturalist.org/taxon_names/962003/edit,Nahuatl,,2019-11-29T07:22:03Z
146617,zacamātlālin,und,"","",https://www.inaturalist.org/taxon_names/944882/edit,Nahuatl,Marco Pellegrini,2019-12-25T01:39:19Z
146617,mātlālxōchitl,und,"","",https://www.inaturalist.org/taxon_names/944883/edit,Nahuatl,Marco Pellegrini,2019-12-25T01:39:19Z
146617,coapatli,und,"","",https://www.inaturalist.org/taxon_names/444072/edit,Nahuatl,Marco Pellegrini,2019-12-25T01:39:20Z
284812,Tlecuauitl,und,"","",,Nahuatl,Carlos Galindo-Leal,2020-01-10T04:29:59Z
278845,Tlamahuacatl,und,"","",,Nahuatl,Carlos Galindo-Leal,2020-01-10T04:48:38Z
78090,cuauhizquiztli,und,"","",,Nahuatl,Bodo Nuñez Oberg,2020-01-28T21:19:14Z
1038928,Cuamecatl,und,"","",https://www.inaturalist.org/taxon_names/935069/edit,Nahuatl,wsyxbcl,2020-02-20T01:30:58Z
1038928,Cuamecaxochitl,und,"","",https://www.inaturalist.org/taxon_names/935070/edit,Nahuatl,wsyxbcl,2020-02-20T01:30:59Z
273777,Chichicayohtli,und,"","",https://www.inaturalist.org/taxon_names/1764656/edit,Nahuatl,,2020-02-21T03:51:51Z
283309,Yolosóchil,und,"","",,Nahuatl,Alexis López Hernández,2020-03-02T23:32:04Z
1065360,Cascalotl,und,"","",https://www.inaturalist.org/taxon_names/443517/edit,Nahuatl,Carlos Galindo-Leal,2020-04-05T21:07:36Z
278811,Ilamatzapotl,und,"","",https://www.inaturalist.org/taxon_names/527192/edit,Nahuatl,,2020-04-05T21:13:21Z
155453,Moyotl,und,"","",,Nahuatl,Carlos Galindo-Leal,2020-04-17T17:35:28Z
62984,Moyótl,und,"Huejutla de Reyes, HI, MX","",,Nahuatl,Josefina Ramos-Frías,2020-04-17T20:02:47Z
52134,Moyótl,und,"Huasteca Hidalguense, HI, MX","",,Nahuatl,Josefina Ramos-Frías,2020-04-17T20:07:51Z
40268,Tzutzo,und,"Huasteca Hidalguense, HI, MX","",,Nahuatl,Josefina Ramos-Frías,2020-04-17T20:35:21Z
464683,Cuauhtemolin,und,"","",,Nahuatl,Francisco Acosta,2020-05-02T16:29:03Z
310923,Cuauchocuilin,und,"","",,Nahuatl,Francisco Acosta,2020-05-04T18:11:03Z
63711,Yacatótotl,und,"","",,Nahuatl,Francisco Acosta,2020-05-04T18:47:23Z
173833,Coatecpatl,und,"","",,Nahuatl,Francisco Acosta,2020-05-04T19:06:59Z
489733,Caltatapach,und,"","",,Nahuatl,Francisco Acosta,2020-05-04T19:37:33Z
301557,Ayoxochquiltemoli,und,"","",,Nahuatl,Francisco Acosta,2020-05-04T21:05:58Z
199942,Temolinichcatzin,und,"","",,Nahuatl,Francisco Acosta,2020-05-04T21:38:18Z
82590,Temollin,und,"","",,Nahuatl,Francisco Acosta,2020-05-04T21:41:55Z
83930,Cuitlatemoli,und,"","",,Nahuatl,Francisco Acosta,2020-05-04T22:08:43Z
208328,Petlazolcoatl,und,"","",,Nahuatl,Jorge Rojas S.,2020-06-20T20:14:24Z
51884,âmōzōtl,und,"","",,Nahuatl,Bodo Nuñez Oberg,2020-07-01T19:44:39Z
143563,Ayotzin,und,"","",,Nahuatl,anneliese merrigan,2020-07-20T04:51:36Z
143563,Ayutzin,und,"","",,Nahuatl,anneliese merrigan,2020-07-20T04:52:22Z
204588,Ayoxóchitl,und,"","",,Nahuatl,anneliese merrigan,2020-07-20T04:53:37Z
204588,Aquiyoxóchitl,und,"","",,Nahuatl,anneliese merrigan,2020-07-20T04:54:34Z
350064,Cuatlamanil,und,"","",,Nahuatl,anneliese merrigan,2020-07-20T04:55:52Z
350064,Iztacnanácatl,und,"","",,Nahuatl,anneliese merrigan,2020-07-20T04:56:30Z
55950,Tetecuitl,und,"","",,Nahuatl,anneliese merrigan,2020-07-20T04:58:18Z
350203,Xotoma,und,"","",,Nahuatl,anneliese merrigan,2020-07-20T04:59:09Z
350203,Xotomame,und,"","",,Nahuatl,anneliese merrigan,2020-07-20T04:59:36Z
350203,Tlapalxotoma,und,"","",,Nahuatl,anneliese merrigan,2020-07-20T05:00:05Z
350203,Pantenanácatl,und,"","",,Nahuatl,anneliese merrigan,2020-07-20T05:00:43Z
350203,Tlaxcaxotoma,und,"","",,Nahuatl,anneliese merrigan,2020-07-20T05:01:42Z
350203,Zacaxotoma,und,"","",,Nahuatl,anneliese merrigan,2020-07-20T05:02:24Z
350203,Ocoxaltoma,und,"","",,Nahuatl,anneliese merrigan,2020-07-20T05:02:54Z
350203,Oyamelxotoma,und,"","",,Nahuatl,anneliese merrigan,2020-07-20T05:03:50Z
335942,Xotoma,und,"","",,Nahuatl,anneliese merrigan,2020-07-20T05:05:35Z
47347,tecozahuitl,und,"","",,Nahuatl,anneliese merrigan,2020-07-20T05:06:34Z
194280,Tlapaltecosa,und,"","",,Nahuatl,anneliese merrigan,2020-07-20T05:07:38Z
417398,Tlapitzal,und,"","",,Nahuatl,anneliese merrigan,2020-07-20T05:10:16Z
417398,Oyamelnanácatl,und,"","",,Nahuatl,anneliese merrigan,2020-07-20T05:10:52Z
192715,Ocoxalnanácatl,und,"","",,Nahuatl,anneliese merrigan,2020-07-20T05:14:40Z
192715,Rastrojonanácatl,und,"","",,Nahuatl,anneliese merrigan,2020-07-20T05:15:32Z
49208,Pantalonanácatl,und,"","",,Nahuatl,anneliese merrigan,2020-07-20T05:16:40Z
49208,Huihuixocatzi,und,"","",,Nahuatl,anneliese merrigan,2020-07-20T05:17:10Z
49208,Gachupitzetze,und,"","",,Nahuatl,anneliese merrigan,2020-07-20T05:18:59Z
49208,Soldadosnanácatl,und,"","",,Nahuatl,anneliese merrigan,2020-07-20T05:19:54Z
49208,Huevisnanácatl,und,"","",,Nahuatl,anneliese merrigan,2020-07-20T05:21:00Z
475619,Charronanácatl,und,"","",,Nahuatl,anneliese merrigan,2020-07-20T05:21:56Z
475619,Cuatlil,und,"","",,Nahuatl,anneliese merrigan,2020-07-20T05:22:31Z
344545,Xilonananácatl,und,"","",,Nahuatl,anneliese merrigan,2020-07-20T05:24:19Z
344545,Xilonaltzitzi,und,"","",,Nahuatl,anneliese merrigan,2020-07-20T05:25:09Z
344545,Xixilonanácatl,und,"","",,Nahuatl,anneliese merrigan,2020-07-20T05:25:40Z
120951,Cacaxnanánatl,und,"","",,Nahuatl,anneliese merrigan,2020-07-20T05:45:42Z
351304,chilnanacatl,und,"","",,Nahuatl,anneliese merrigan,2020-07-20T05:46:55Z
351304,Chilabuelita,und,"","",,Nahuatl,anneliese merrigan,2020-07-20T05:47:39Z
63238,Xocoyoli,und,"","",,Nahuatl,anneliese merrigan,2020-07-20T05:48:43Z
48443,Xiteburo,und,"","",,Nahuatl,anneliese merrigan,2020-07-20T05:49:38Z
118243,Xoletl,und,"","",,Nahuatl,anneliese merrigan,2020-07-20T05:51:05Z
352177,Xelhuas,und,"","",,Nahuatl,anneliese merrigan,2020-07-20T20:53:58Z
48707,Xelhuas,und,"","",,Nahuatl,anneliese merrigan,2020-07-20T20:55:12Z
352278,Cuatecax,und,"","",,Nahuatl,anneliese merrigan,2020-07-20T20:56:35Z
352278,Cualtzitzi,und,"","",,Nahuatl,anneliese merrigan,2020-07-20T20:57:15Z
352278,Iztacnanácatl,und,"","",,Nahuatl,anneliese merrigan,2020-07-20T20:57:56Z
335944,Poposo,und,"","",,Nahuatl,anneliese merrigan,2020-07-20T20:58:40Z
335944,Pupuso,und,"","",,Nahuatl,anneliese merrigan,2020-07-20T20:59:05Z
48715,Pizutnanácatl,und,"","",,Nahuatl,anneliese merrigan,2020-07-20T21:00:30Z
147354,Poposorabia,und,"","",,Nahuatl,anneliese merrigan,2020-07-20T21:02:50Z
351297,Cuatecax de veneno,und,"","",,Nahuatl,anneliese merrigan,2020-07-20T21:03:57Z
351744,Xelhuas de veneno,und,"","",,Nahuatl,anneliese merrigan,2020-07-20T21:04:46Z
124085,Tepexotoma,und,"","",,Nahuatl,anneliese merrigan,2020-07-20T21:05:36Z
1062676,Olonanácatl,und,"","",,Nahuatl,anneliese merrigan,2020-07-27T16:16:35Z
1119917,metlapilocóatl,und,"","",https://www.inaturalist.org/taxon_names/439242/edit,Nahuatl,,2020-08-12T17:35:02Z
1119917,metapilcuate,und,"","",https://www.inaturalist.org/taxon_names/439244/edit,Nahuatl,,2020-08-12T17:35:02Z
1119917,metapilcoate,und,"","",https://www.inaturalist.org/taxon_names/439246/edit,Nahuatl,,2020-08-12T17:35:02Z
291656,pipilōlxōchitl,und,"","",,Nahuatl,Bodo Nuñez Oberg,2020-09-19T02:21:51Z
600660,pipillo,und,"","",,Nahuatl,Bodo Nuñez Oberg,2020-09-19T02:29:10Z
16787,Whilikish,und,"Huasteca Hidalguense, HI, MX","",,Nahuatl,Josefina Ramos-Frías,2020-10-01T16:43:56Z
83650,Xochiaguatecolote rosado,und,Mexico,MX,,Nahuatl,Carlos Galindo-Leal,2020-10-22T04:24:50Z
252908,Hueyemoyochachajti,und,"Huasteca Hidalguense, HI, MX","",,Nahuatl,Josefina Ramos-Frías,2020-11-01T01:29:37Z
252908,Moyochachajti,und,"Huasteca Hidalguense, HI, MX","",,Nahuatl,Josefina Ramos-Frías,2020-11-01T01:30:40Z
252908,Tlapachine,und,"Huasteca Hidalguense, HI, MX","",,Nahuatl,Josefina Ramos-Frías,2020-11-01T01:31:42Z
308558,Achichina,und,"Huasteca Hidalguense, HI, MX","",,Nahuatl,Josefina Ramos-Frías,2020-11-01T01:32:42Z
252908,Achichina,und,"Huasteca Hidalguense, HI, MX","",,Nahuatl,Josefina Ramos-Frías,2020-11-01T01:33:32Z
47381,Tokatl tenmaluilkokolistli,und,"Huasteca Hidalguense, HI, MX","",,Nahuatl,Josefina Ramos-Frías,2020-11-01T01:41:44Z
48137,Tokatl tenmaluilkokolistli,und,"Huasteca Hidalguense, HI, MX","",,Nahuatl,Josefina Ramos-Frías,2020-11-01T01:51:59Z
1160022,tololonche,und,"","",https://www.inaturalist.org/taxon_names/449165/edit,Nahuatl,,2020-12-19T05:54:35Z
317683,Pipioli,und,"","",,Nahuatl,Richard Joyce,2021-01-12T18:58:21Z
1193580,Pinahuiztli,und,"","",https://www.inaturalist.org/taxon_names/921147/edit,Nahuatl,,2021-02-10T02:05:38Z
147252,Tzonxochitl,und,"","",,Nahuatl,Jorge Rojas S.,2021-02-12T05:41:25Z
78701,Papaloquilitl,und,"","",,Nahuatl,Jorge Rojas S.,2021-03-26T23:06:06Z
179398,Teocuitlaxochitl,und,"","",,Nahuatl,Jorge Rojas S.,2021-03-26T23:16:50Z
1139190,Zacatlamiahoalli,und,"","",,Nahuatl,Jorge Rojas S.,2021-03-26T23:19:53Z
333080,Tochcuitlaquilitl,und,"","",,Nahuatl,Jorge Rojas S.,2021-03-26T23:49:15Z
276382,Iztaccuauhxiotl,und,"","",,Nahuatl,Jorge Rojas S.,2021-03-27T00:09:05Z
62811,Chichioalxochitl,und,"","",,Nahuatl,Jorge Rojas S.,2021-03-27T00:12:59Z
1235271,cuaumait,und,"","",https://www.inaturalist.org/taxon_names/444484/edit,Nahuatl,,2021-04-17T23:32:33Z
370562,camote,und,"","",https://www.inaturalist.org/taxon_names/443278/edit,Nahuatl,,2021-06-04T18:10:04Z
870900,chía cimarrona,und,"","",https://www.inaturalist.org/taxon_names/443787/edit,Nahuatl,,2021-06-17T18:15:17Z
7120,Quetzalcanauhtli,und,"","",,Nahuatl,Cipac,2021-07-10T16:50:46Z
19022,Alotl,und,"","",,Nahuatl,Cipac,2021-07-10T16:54:09Z
18998,Toznenetl,und,"","",,Nahuatl,Cipac,2021-07-10T16:55:30Z
18998,Toztli,und,"","",,Nahuatl,Cipac,2021-07-10T16:55:57Z
144455,Āztatl,und,"","",,Nahuatl,Cipac,2021-07-10T16:57:20Z
4940,Huītzilāztatl,und,"","",,Nahuatl,Cipac,2021-07-10T17:01:29Z
8010,Cācālōtl,und,"","",,Nahuatl,Cipac,2021-07-10T18:48:59Z
54834,Capolin,und,"","",,Nahuatl,Cipac,2021-07-10T20:10:41Z
887938,Ēlōcapolin,und,"","",,Nahuatl,Cipac,2021-07-10T20:11:11Z
887938,Ēlōcapolcuahuitl,und,"","",,Nahuatl,Cipac,2021-07-10T20:19:32Z
54834,Capolcuahuitl,und,"","",,Nahuatl,Cipac,2021-07-10T20:19:53Z
84300,Xōmētl,und,"","",,Nahuatl,Cipac,2021-07-10T20:22:22Z
154828,Tlālcacapol,und,"","",,Nahuatl,Cipac,2021-07-10T21:43:20Z
209925,Ātenchalahuitl,und,"","",,Nahuatl,Cipac,2021-07-10T22:04:48Z
164238,Āxcuahuitl,und,"","",,Nahuatl,Cipac,2021-07-10T22:58:40Z
154528,Nāntzinxocotl,und,"","",,Nahuatl,Cipac,2021-07-10T23:04:52Z
64119,ānōchtli,und,"","",,Nahuatl,Cipac,2021-07-10T23:09:42Z
64119,tlatōcnōchtli,und,"","",,Nahuatl,Cipac,2021-07-10T23:11:55Z
284503,etzapotl,und,"","",,Nahuatl,Cipac,2021-07-10T23:41:51Z
284503,ehetzapotl,und,"","",,Nahuatl,Cipac,2021-07-10T23:42:42Z
69973,Cuauhtzapotl,und,Mexico,MX,,Nahuatl,Cipac,2021-07-10T23:45:18Z
165144,Chictzapotl,und,"","",,Nahuatl,Cipac,2021-07-10T23:55:12Z
287327,Tēmpixquiztli,und,"","",,Nahuatl,Cipac,2021-07-11T00:04:16Z
62811,Chīchīhualtzapotl,und,"","",,Nahuatl,Cipac,2021-07-11T00:06:04Z
122965,Matzahtli,und,"","",,Nahuatl,Cipac,2021-07-11T00:08:21Z
209930,Cuauhāyohtli,und,"","",,Nahuatl,Cipac,2021-07-11T00:09:44Z
64340,Tlapalcacahuatl,und,"","",,Nahuatl,Cipac,2021-07-11T00:12:26Z
287427,Copalxocotl,und,"","",,Nahuatl,Cipac,2021-07-11T00:17:31Z
286649,Xocomecatl,und,"","",,Nahuatl,Cipac,2021-07-11T00:18:31Z
51737,Xītomatl,und,Mexico,MX,,Nahuatl,Cipac,2021-07-11T00:20:30Z
51734,mīltomatl,und,"","",,Nahuatl,Cipac,2021-07-11T00:22:37Z
59035,Chichiquilitl,und,"","",,Nahuatl,Cipac,2021-07-11T00:23:53Z
169078,Xiuhehēcapahtli,und,"","",,Nahuatl,Cipac,2021-07-11T00:28:30Z
197781,Tlālmiztli,und,"","",,Nahuatl,Cipac,2021-07-11T00:29:47Z
197781,Cuitlamiztli,und,"","",,Nahuatl,Cipac,2021-07-11T00:30:09Z
41997,Tlālōcēlōtl,und,"","",,Nahuatl,Cipac,2021-07-11T00:31:41Z
41997,Tlahcoōcēlōtl,und,"","",,Nahuatl,Cipac,2021-07-11T00:33:56Z
41970,Ōcēlōtl,und,"","",,Nahuatl,Cipac,2021-07-11T00:34:32Z
41988,iztāc ōcēlōtl,und,"","",,Nahuatl,Cipac,2021-07-11T00:36:02Z
43712,Cuauhtozan,und,"","",,Nahuatl,Cipac,2021-07-11T00:44:03Z
4765,Tzopīlōtl,und,"","",,Nahuatl,Cipac,2021-07-11T00:46:07Z
4756,Tzonchīchīltic,und,"","",,Nahuatl,Cipac,2021-07-11T00:46:46Z
153918,Cōzcatomatl,und,"","",,Nahuatl,Cipac,2021-07-11T00:50:09Z
153918,Xāltomatl,und,"","",,Nahuatl,Cipac,2021-07-11T00:50:41Z
122866,Tamalāyohtli,und,"","",,Nahuatl,Cipac,2021-07-11T00:52:32Z
122869,Āyohcōztic,und,"","",,Nahuatl,Cipac,2021-07-11T00:52:56Z
58138,Cuiculticāyohtli,und,"","",,Nahuatl,Cipac,2021-07-11T00:59:20Z
131557,Chilacāyohtli,und,"","",,Nahuatl,Cipac,2021-07-11T01:00:48Z
131557,Tompililin,und,"","",,Nahuatl,Cipac,2021-07-11T01:01:12Z
48448,Tōnācayōtl,und,"","",,Nahuatl,Cipac,2021-07-11T01:06:31Z
9978,ilamatōtōtl,und,"","",,Nahuatl,Cipac,2021-07-11T06:17:28Z
145308,Miyāhuatōtōtl,und,"","",,Nahuatl,Cipac,2021-07-11T06:19:08Z
4956,Xoxōuhqui huāctli,und,"","",,Nahuatl,Cipac,2021-07-11T06:21:10Z
4937,Axoquēn,und,"","",,Nahuatl,Cipac,2021-07-11T06:22:27Z
5052,Āyōcuān,und,"","",,Nahuatl,Cipac,2021-07-11T06:23:44Z
508048,Tocuilcoyōtl,und,"","",,Nahuatl,Cipac,2021-07-11T06:24:32Z
4981,Huāctli,und,"","",,Nahuatl,Cipac,2021-07-11T06:25:23Z
4999,Huexōcanauhtli,und,"","",,Nahuatl,Cipac,2021-07-11T06:26:02Z
5020,Azazahuāctli,und,"","",,Nahuatl,Cipac,2021-07-11T06:26:42Z
4257,Quechōltōtōtl,und,"","",,Nahuatl,Cipac,2021-07-11T06:29:23Z
4773,Ācācālōtl,und,"","",,Nahuatl,Cipac,2021-07-11T06:32:11Z
3759,Ācācālōtl,und,"","",,Nahuatl,Cipac,2021-07-11T06:33:04Z
4742,Cuāpetlāhuac,und,"","",,Nahuatl,Cipac,2021-07-11T06:34:00Z
4334,Ātōtolin,und,"","",,Nahuatl,Cipac,2021-07-11T06:34:29Z
4328,Ātōtōtl,und,"","",,Nahuatl,Cipac,2021-07-11T06:35:02Z
7019,Concanauhtli,und,"","",,Nahuatl,Cipac,2021-07-11T06:35:42Z
558426,Ātlatlālacatl,und,"","",,Nahuatl,Cipac,2021-07-11T06:36:00Z
513888,Popōcalli,und,"","",,Nahuatl,Cipac,2021-07-11T06:37:50Z
162,Yacatōpīlli,und,"","",,Nahuatl,Cipac,2021-07-11T06:38:49Z
4578,Yohualcuāchīlli,und,"","",,Nahuatl,Cipac,2021-07-11T06:39:26Z
144479,Cuāchīlton,und,"","",,Nahuatl,Cipac,2021-07-11T06:40:22Z
519,Cuātezcatl,und,"","",,Nahuatl,Cipac,2021-07-11T06:41:19Z
519,Yohualcuāchīlli,und,"","",,Nahuatl,Cipac,2021-07-11T06:41:36Z
5063,Ācoyōtl,und,"","",,Nahuatl,Cipac,2021-07-11T06:44:34Z
4246,Ācintli,und,"","",,Nahuatl,Cipac,2021-07-11T06:46:35Z
7109,Ehēcatōtōtl,und,"","",,Nahuatl,Cipac,2021-07-11T06:47:05Z
6993,Āmanacocheh,und,"","",,Nahuatl,Cipac,2021-07-11T06:47:44Z
7107,Iztāc tzonyayāuhqui,und,"","",,Nahuatl,Cipac,2021-07-11T06:48:54Z
7107,Nepāpantōtōtl,und,"","",,Nahuatl,Cipac,2021-07-11T06:50:15Z
558438,Tēmpatlāhuac,und,"","",,Nahuatl,Cipac,2021-07-11T06:51:03Z
827372,Yacapatlāhuac,und,"","",,Nahuatl,Cipac,2021-07-11T06:51:56Z
7044,Tzonyayāuhqui,und,"","",,Nahuatl,Cipac,2021-07-11T06:53:27Z
6899,Tziquiyōtl,und,"","",,Nahuatl,Cipac,2021-07-11T06:55:28Z
850859,Ātapalcatl,und,"","",,Nahuatl,Cipac,2021-07-11T06:56:32Z
850859,Yacatexohtli,und,"","",,Nahuatl,Cipac,2021-07-11T06:56:49Z
7057,Cuācōztli,und,"","",,Nahuatl,Cipac,2021-07-11T06:57:34Z
485176,Xālcanauhtli,und,"","",,Nahuatl,Cipac,2021-07-11T06:58:35Z
4836,ācōātōtōtl,und,"","",,Nahuatl,Cipac,2021-07-11T06:59:34Z
72458,Cuauhcilin,und,"","",,Nahuatl,Cipac,2021-07-11T07:00:40Z
144497,Ātzitzicuilōtl,und,"","",,Nahuatl,Cipac,2021-07-11T07:01:51Z
4793,Āmacōzqueh,und,"","",,Nahuatl,Cipac,2021-07-11T07:02:25Z
144496,Ōlōtōtōtl,und,"","",,Nahuatl,Cipac,2021-07-11T07:03:19Z
3892,Āzōlin,und,"","",,Nahuatl,Cipac,2021-07-11T07:03:45Z
3906,Āzōlin,und,"","",,Nahuatl,Cipac,2021-07-11T07:04:14Z
4496,Tēnitztli,und,"","",,Nahuatl,Cipac,2021-07-11T07:06:38Z
144515,Pipitztli,und,"","",,Nahuatl,Cipac,2021-07-11T07:07:09Z
144515,Pipixcan,und,"","",,Nahuatl,Cipac,2021-07-11T07:07:23Z
2168,Tziuhtli,und,"","",,Nahuatl,Cipac,2021-07-11T07:08:35Z
2124,"Yayāuhquitōtōtl, momot",und,"","",,Nahuatl,Cipac,2021-07-11T07:09:04Z
509025,Xiuhquechōlli,und,"","",,Nahuatl,Cipac,2021-07-11T07:09:47Z
18584,Xōchitēnācatl,und,"","",,Nahuatl,Cipac,2021-07-11T07:10:24Z
18796,Tēnācatl,und,"","",,Nahuatl,Cipac,2021-07-11T07:11:13Z
19067,Quilitōn,und,"","",,Nahuatl,Cipac,2021-07-11T07:11:41Z
367556,Quilitōn,und,"","",,Nahuatl,Cipac,2021-07-11T07:12:03Z
18976,Tlālācuezalin,und,"","",,Nahuatl,Cipac,2021-07-11T07:12:37Z
18995,Cochotl,und,"","",,Nahuatl,Cipac,2021-07-11T07:23:47Z
367558,Cochotl,und,"","",,Nahuatl,Cipac,2021-07-11T07:24:25Z
20781,Tzinitzcān,und,"","",,Nahuatl,Cipac,2021-07-11T07:25:24Z
2052,Cuauhcoxolihtli,und,Mexico,MX,,Nahuatl,Cipac,2021-07-11T07:26:01Z
2052,Tepētōtōtl,und,Mexico,MX,,Nahuatl,Cipac,2021-07-11T07:26:19Z
2062,Coxolihtli,und,"","",,Nahuatl,Cipac,2021-07-11T07:26:54Z
2062,Huitlalōtl,und,"","",,Nahuatl,Cipac,2021-07-11T07:27:17Z
913,Xiuhcōzcatōtolin,und,"","",,Nahuatl,Cipac,2021-07-11T07:29:33Z
906,Huehxōlōtl,und,"","",,Nahuatl,Cipac,2021-07-11T07:31:29Z
1972,Cācālōtōtōtl,und,"","",,Nahuatl,Cipac,2021-07-11T07:32:04Z
3545,Cōcotzin,und,"","",,Nahuatl,Cipac,2021-07-11T07:32:46Z
3580,Tlapalcōcohtli,und,"","",,Nahuatl,Cipac,2021-07-11T07:33:16Z
3280,Nextōn,und,"","",,Nahuatl,Cipac,2021-07-11T07:33:49Z
3117,Tlācahuīlōtl,und,"","",,Nahuatl,Cipac,2021-07-11T07:34:26Z
3108,Tōchtecolōtl,und,"","",,Nahuatl,Cipac,2021-07-11T07:35:12Z
4763,Cōzcacuāuhtli,und,"","",,Nahuatl,Cipac,2021-07-11T07:35:59Z
5277,iztāc cuāuhtli,und,"","",,Nahuatl,Cipac,2021-07-11T07:36:24Z
4719,Huāctzin,und,"","",,Nahuatl,Cipac,2021-07-11T07:37:00Z
10369,Īxcauhtōtōtl,und,"","",,Nahuatl,Cipac,2021-07-11T07:38:01Z
10369,Tequixquiācatzanatl,und,"","",,Nahuatl,Cipac,2021-07-11T07:38:44Z
10373,Tōlācatzanatl,und,"","",,Nahuatl,Cipac,2021-07-11T07:39:12Z
10373,Capotztictōtōtl,und,"","",,Nahuatl,Cipac,2021-07-11T07:39:30Z
18167,Cuauhtōtōpohtli,und,"","",,Nahuatl,Cipac,2021-07-11T17:01:58Z
792986,Chiquimolin,und,"","",,Nahuatl,Cipac,2021-07-11T17:04:00Z
1280,Coyolcōzqueh,und,"","",,Nahuatl,Cipac,2021-07-11T17:05:01Z
1330,Ocōzōlin,und,"","",,Nahuatl,Cipac,2021-07-11T17:06:02Z
1419,Zōlin,und,"","",,Nahuatl,Cipac,2021-07-11T17:07:31Z
1392,Zōlin,und,"","",,Nahuatl,Cipac,2021-07-11T17:07:44Z
12024,Tetzompan,und,"","",,Nahuatl,Cipac,2021-07-11T17:12:01Z
8474,Cuāxoxoctōtōtl,und,"","",,Nahuatl,Cipac,2021-07-11T17:13:19Z
7843,Cuauhēlōtōtōtl,und,"","",,Nahuatl,Cipac,2021-07-11T17:15:11Z
8234,Ēlōtōtōtl,und,"","",,Nahuatl,Cipac,2021-07-11T17:15:52Z
144206,Ocōtzinitzcan,und,"","",,Nahuatl,Cipac,2021-07-11T17:16:29Z
506117,Ocōtzinitzcan,und,"","",,Nahuatl,Cipac,2021-07-11T17:17:02Z
144207,Ocōtzinitzcan,und,"","",,Nahuatl,Cipac,2021-07-11T17:17:03Z
20445,Chīcuahtli,und,"","",,Nahuatl,Cipac,2021-07-11T17:19:31Z
199837,Ehēcachichīnqui,und,"","",,Nahuatl,Cipac,2021-07-11T17:20:49Z
19587,Yohualtlohtli,und,"","",,Nahuatl,Cipac,2021-07-11T17:22:48Z
19893,Yohualtecolōtl,und,"","",,Nahuatl,Cipac,2021-07-11T17:28:16Z
20315,Tōlchīcuahtli,und,"","",,Nahuatl,Cipac,2021-07-11T17:29:05Z
19975,Zacatecolōtl,und,"","",,Nahuatl,Cipac,2021-07-11T17:30:58Z
20044,Tecolōtl,und,"","",,Nahuatl,Cipac,2021-07-11T17:32:42Z
19728,Chīchtli,und,"","",,Nahuatl,Cipac,2021-07-11T17:34:19Z
19728,Tecolōtl,und,"","",,Nahuatl,Cipac,2021-07-11T17:34:36Z
558446,Chiyancuāuhtli,und,"","",,Nahuatl,Cipac,2021-07-11T17:36:07Z
5097,Ītztlohtli,und,"","",,Nahuatl,Cipac,2021-07-11T17:36:33Z
5074,Cuāuhtli,und,"","",,Nahuatl,Cipac,2021-07-11T17:37:24Z
5074,ītzcuāuhtli,und,"","",,Nahuatl,Cipac,2021-07-11T17:37:39Z
116999,Āītzcuāuhtli,und,"","",,Nahuatl,Cipac,2021-07-11T17:38:42Z
116999,ācuāuhtli,und,"","",,Nahuatl,Cipac,2021-07-11T17:38:57Z
4644,Tlohtli,und,"","",,Nahuatl,Cipac,2021-07-11T17:39:20Z
5233,Mixcōācuāuhtli,und,"","",,Nahuatl,Cipac,2021-07-11T17:39:52Z
9319,Xōchitōtōtl,und,"","",,Nahuatl,Cipac,2021-07-11T17:45:12Z
9342,Xōchitōtōtl,und,"","",,Nahuatl,Cipac,2021-07-11T17:45:44Z
9351,Tozcacōztic,und,"","",,Nahuatl,Cipac,2021-07-11T17:47:07Z
9528,Chīcuahtōtōtl,und,"","",,Nahuatl,Cipac,2021-07-11T17:48:51Z
367693,Āyōcuāntōtōtl,und,"","",,Nahuatl,Cipac,2021-07-11T17:49:07Z
6141,Chālchiuhhuītzilin,und,"","",,Nahuatl,Cipac,2021-07-11T17:52:32Z
6369,Quetzalhuītzilin,und,"","",,Nahuatl,Cipac,2021-07-11T17:56:45Z
6432,Totozcatletōn,und,"","",,Nahuatl,Cipac,2021-07-11T18:06:49Z
5827,Ehēcahuītzilin,und,"","",,Nahuatl,Cipac,2021-07-11T18:08:44Z
5758,Cuāpachhuītzilin,und,"","",,Nahuatl,Cipac,2021-07-11T18:16:09Z
6417,Xiuhhuītzilin,und,"","",,Nahuatl,Cipac,2021-07-11T18:21:34Z
6359,Tlehuītzilin,und,"","",,Nahuatl,Cipac,2021-07-11T18:22:44Z
6363,Tlapalhuītzilin,und,"","",,Nahuatl,Cipac,2021-07-11T18:54:03Z
19020,Cuitlatexohtli,und,"","",,Nahuatl,Cipac,2021-07-11T19:07:21Z
82006,Tzaponōchtli,und,"","",,Nahuatl,Cipac,2021-07-11T22:50:55Z
197859,Cuitlāchtli,und,"","",,Nahuatl,Cipac,2021-07-11T23:33:53Z
42076,Ōztōhuah,und,"","",,Nahuatl,Cipac,2021-07-11T23:35:46Z
41673,Pēzohtli,und,"","",,Nahuatl,Cipac,2021-07-11T23:36:11Z
7019,Tlālalacatl,und,"","",,Nahuatl,Cipac,2021-07-23T01:33:16Z
273997,Axihuitl,und,"","",https://www.inaturalist.org/taxon_names/1261182/edit,Nahuatl,,2021-07-30T22:43:58Z
290891,omixochitl,und,"","",,Nahuatl,Rupert Clayton,2021-07-31T01:44:26Z
509494,Quexquemepapalotl,und,"","",https://www.inaturalist.org/taxon_names/947351/edit,Nahuatl,,2021-08-02T01:37:13Z
331121,Limōncuahuitl,und,"","",,Nahuatl,Zane Roskoph,2021-08-10T12:25:35Z
123356,Cidracuahuitl,und,"","",,Nahuatl,Zane Roskoph,2021-08-10T12:44:17Z
41644,Ātlācamāyeh,und,"","",,Nahuatl,Zane Roskoph,2021-08-11T16:55:20Z
41955,Ocēlōmiztli,und,"","",,Nahuatl,Zane Roskoph,2021-08-13T12:16:23Z
1038943,talamat,und,"","",,Nahuatl,,2021-08-23T03:01:45Z
41964,Cuāmiztli,und,"","",,Nahuatl,Zane Roskoph,2021-08-24T15:37:11Z
30494,Cōzcacōātl,und,"","",,Nahuatl,Zane Roskoph,2021-08-25T15:18:57Z
41967,Huēhuehocēlōtl,und,"","",,Nahuatl,Zane Roskoph,2021-08-26T16:24:00Z
112135,Cochomichin,und,"","",,Nahuatl,Zane Roskoph,2021-08-28T23:25:20Z
47851,Teōcuahuitl,und,"","",,Nahuatl,Charlie Ashwood,2021-09-08T15:51:46Z
201521,texocotl,und,"","",https://www.inaturalist.org/taxon_names/935037/edit,Nahuatl,cassi saari,2021-09-14T03:00:42Z
201455,Equimitl,und,"","",https://www.inaturalist.org/taxon_names/939122/edit,Nahuatl,,2021-09-24T18:26:00Z
201455,Tzompancuahuitl,und,"","",https://www.inaturalist.org/taxon_names/939123/edit,Nahuatl,,2021-09-24T18:26:01Z
277484,pancolōllotl,und,"","",,Nahuatl,Bodo Nuñez Oberg,2021-11-22T22:18:49Z
1348159,Izquilo,und,"","",https://www.inaturalist.org/taxon_names/2174881/edit,Nahuatl,,2022-01-06T06:56:11Z
1349529,āchiyan,und,"","",https://www.inaturalist.org/taxon_names/944231/edit,Nahuatl,,2022-01-13T00:09:38Z
1362271,teshuat del corriente,und,"","",https://www.inaturalist.org/taxon_names/449046/edit,Nahuatl,,2022-02-28T18:08:18Z
1362282,ixtololototolin,und,"","",https://www.inaturalist.org/taxon_names/446433/edit,Nahuatl,,2022-02-28T18:25:34Z
1362422,capolín,und,"","",https://www.inaturalist.org/taxon_names/443397/edit,Nahuatl,,2022-03-01T00:04:08Z
42113,Coyametl,und,"","",,Nahuatl,Carlos Galindo-Leal,2022-03-15T21:49:29Z
1289657,Nexhuītzilin,und,"","",https://www.inaturalist.org/taxon_names/2599460/edit,Nahuatl,,2022-03-23T16:19:20Z
145777,nacazcoatl,und,"México, MX","",,Nahuatl,Rob Schnautz,2022-03-23T19:06:16Z
1289631,Zacuānhuitzilin,und,"","",https://www.inaturalist.org/taxon_names/2599508/edit,Nahuatl,Victor HOYEAU,2022-03-24T02:09:09Z
4715,Cuīxin,und,"","",https://www.inaturalist.org/taxon_names/2599420/edit,Nahuatl,Winsten Slowswakey,2022-04-18T22:18:18Z
1392729,Cacahuanantzin,und,"","",,Nahuatl,Elizabeth Torres Bahena,2022-05-18T15:16:39Z
1392729,cacahoanantzi,und,"","",,Nahuatl,Elizabeth Torres Bahena,2022-05-18T15:17:04Z
289947,Chachayatzinhuaxpipitic,und,"","",,Nahuatl,Jorge Rojas S.,2022-06-08T22:45:21Z
35306,"Cohquetzpalxoxohqui, akuekuespalin",und,"","",,Nahuatl,Jorge Rojas S.,2022-06-08T22:48:01Z
289878,Chachayatzintematzacaltic,und,"","",,Nahuatl,Jorge Rojas S.,2022-06-08T22:51:33Z
166210,Mamaxtlatzin,und,"","",,Nahuatl,Jorge Rojas S.,2022-06-08T22:52:19Z
283337,Pipilolxochitl,und,"","",,Nahuatl,Jorge Rojas S.,2022-06-09T00:35:22Z
146597,Tecpinxochitl,und,"","",,Nahuatl,Jorge Rojas S.,2022-06-09T00:36:39Z
146597,Xicamoxochitl,und,"","",,Nahuatl,Jorge Rojas S.,2022-06-09T00:37:15Z
62642,Tepechicalin,und,"","",,Nahuatl,Jorge Rojas S.,2022-06-09T00:39:00Z
53478,Tlatlamatzohualtzin,und,"","",,Nahuatl,Jorge Rojas S.,2022-06-09T00:40:25Z
291209,Yoyohtli,und,"","",,Nahuatl,Jorge Rojas S.,2022-06-09T02:05:16Z
47552,Tocamaxacualli,und,"","",,Nahuatl,Jorge Rojas S.,2022-06-09T02:36:50Z
278843,Tlamahuacatl,und,"","",,Nahuatl,Carlos Galindo-Leal,2022-06-17T20:12:08Z
29038,cencōātl,und,"","",,Nahuatl,Bodo Nuñez Oberg,2022-08-09T15:48:10Z
1409663,Cuitlacochin,und,"","",https://www.inaturalist.org/taxon_names/252799/edit,Nahuatl,,2022-08-20T19:47:24Z
1409663,Cuitlacochi,und,"","",https://www.inaturalist.org/taxon_names/252798/edit,Nahuatl,,2022-08-20T19:47:24Z
72674,Pōxacuatl,und,"","",https://www.inaturalist.org/taxon_names/2599406/edit,Nahuatl,Ilya Burylov,2022-11-05T01:10:57Z
42652,Tacuatzín,und,Guatemala,GT,,Nahuatl,"Saban-Sequén, E.A.",2022-11-13T01:28:38Z
1426765,Acoxananácatl,und,"","",https://www.inaturalist.org/taxon_names/2665848/edit,Nahuatl,,2022-11-23T19:04:33Z
279719,apatzipuntzumati,und,"","",,Nahuatl,Bodo Nuñez Oberg,2022-11-25T17:20:21Z
276586,Tehuizote,und,"Distrito de Coixtlahuaca, OA, MX","",,Nahuatl,Alfredo Maldonado Velasco,2022-12-15T19:03:13Z
41850,Ahuitzotl,und,"","",,Nahuatl,Марина Горбунова-Ëлкина,2022-12-27T04:50:55Z
283974,Ayoyotl,und,"","",https://www.inaturalist.org/taxon_names/2027444/edit,Nahuatl,,2023-01-14T07:04:35Z
316446,Papalometl,und,"Oaxaca, MX","",,Nahuatl,Alfredo Maldonado Velasco,2023-01-14T16:13:59Z
206527,tototzápotl,und,"","",https://www.inaturalist.org/taxon_names/449211/edit,Nahuatl,,2023-01-15T04:12:24Z
1017147,āhuacatl,und,"","",https://www.inaturalist.org/taxon_names/441860/edit,Nahuatl,,2023-01-21T07:00:36Z
209920,Cuitlacoctli,und,"","",,Nahuatl,Erick Vélez Sánchez,2023-01-23T21:09:54Z
1289388,Cuauhchichil,und,"","",https://www.inaturalist.org/taxon_names/1104711/edit,Nahuatl,,2023-02-14T21:41:44Z
1289332,Acoyotl,und,"","",,Nahuatl,max kirsch,2023-02-15T16:25:44Z
1451555,Tzontzapotl,und,"","",https://www.inaturalist.org/taxon_names/2598902/edit,Nahuatl,,2023-02-19T05:31:59Z
56556,Ahuauhtle,und,"","",,Nahuatl,Carlos Galindo-Leal,2023-03-16T21:47:24Z
866390,chayojtli,und,"","",https://www.inaturalist.org/taxon_names/443754/edit,Nahuatl,Wojciech Duda,2023-03-17T00:57:37Z
866390,Chayohtli,und,"","",https://www.inaturalist.org/taxon_names/1057894/edit,Nahuatl,Wojciech Duda,2023-03-17T00:57:40Z
69993,quetzalhuexōtl,und,"","",,Nahuatl,Bodo Nuñez Oberg,2023-04-04T04:19:20Z
178124,Pachahiztle,und,"","",https://www.inaturalist.org/taxon_names/2063347/edit,Nahuatl,,2023-05-17T19:45:43Z
469671,tecpicquilitl,und,"","",https://www.inaturalist.org/taxon_names/1395515/edit,Nahuatl,,2023-06-02T08:24:55Z
206408,Nopalxochicuetzaltic,und,"","",https://www.inaturalist.org/taxon_names/928870/edit,Nahuatl,,2023-06-30T03:11:15Z
325038,xoalacaxochitl,und,"","",https://www.inaturalist.org/taxon_names/935085/edit,Nahuatl,,2023-06-30T03:11:25Z
325038,xoalacatl,und,"","",https://www.inaturalist.org/taxon_names/935084/edit,Nahuatl,,2023-06-30T03:11:26Z
1478802,chalahuite,und,"","",https://www.inaturalist.org/taxon_names/520662/edit,Nahuatl,,2023-07-08T03:25:05Z
1478802,huehuexot,und,"","",https://www.inaturalist.org/taxon_names/446274/edit,Nahuatl,,2023-07-08T03:25:06Z
1478802,Nenecuilli,und,"","",https://www.inaturalist.org/taxon_names/2598873/edit,Nahuatl,,2023-07-08T03:25:06Z
1478802,Cuauhhuexōtl,und,"","",https://www.inaturalist.org/taxon_names/2598874/edit,Nahuatl,,2023-07-08T03:25:06Z
164079,tlachpāhuāztli,und,"","",,Nahuatl,Bodo Nuñez Oberg,2023-08-14T16:09:17Z
63401,zōlinanacatl,und,"","",,Nahuatl,Bodo Nuñez Oberg,2023-08-16T00:02:36Z
53196,xocoyolli,und,"","",,Nahuatl,Bodo Nuñez Oberg,2023-08-16T00:07:46Z
130915,xōlētl,und,"","",,Nahuatl,Bodo Nuñez Oberg,2023-08-16T00:09:28Z
58682,chīlpōnanacatl,und,"","",,Nahuatl,Bodo Nuñez Oberg,2023-08-16T00:12:11Z
165156,chīlpopōtl,und,"","",,Nahuatl,Bodo Nuñez Oberg,2023-08-16T00:13:22Z
118179,Tecajetl,und,"","",,Nahuatl,Carlos Galindo-Leal,2023-08-19T15:44:59Z
48701,Pananacatl,und,"","",,Nahuatl,Carlos Galindo-Leal,2023-08-19T15:47:07Z
48715,Citlananacatl,und,"","",,Nahuatl,Carlos Galindo-Leal,2023-08-19T15:48:40Z
155197,Chilnanacatl,und,Mexico,MX,,Nahuatl,Carlos Galindo-Leal,2023-08-19T15:50:33Z
352185,Xolhualznanacatl,und,Mexico,MX,,Nahuatl,Carlos Galindo-Leal,2023-08-19T15:54:23Z
263228,Tlalzahuatl,und,"","",,Nahuatl,Carlos Galindo-Leal,2023-08-24T15:44:25Z
544297,tecuitlatl,und,"","",,Nahuatl,Bodo Nuñez Oberg,2023-08-31T00:27:37Z
1493145,Mixquitl,und,"","",https://www.inaturalist.org/taxon_names/961987/edit,Nahuatl,,2023-09-01T22:08:16Z
77299,Íxcatl,und,"","",,Nahuatl,Erick Vélez Sánchez,2023-09-04T15:19:27Z
154826,acueyo,und,"","",https://www.inaturalist.org/taxon_names/944237/edit,Nahuatl,,2023-09-04T16:04:44Z
30798,Nauhyacatl,und,"","",,Nahuatl,Alberto G. Nadal,2023-10-30T02:19:43Z
539399,Mazacoatl,und,"","",,Nahuatl,Alberto G. Nadal,2023-10-30T02:23:39Z
1505633,Tzitzihuilotl,und,"","",https://www.inaturalist.org/taxon_names/945045/edit,Nahuatl,Sean Cozart,2023-10-30T02:46:07Z
1505633,Tzitzicuilotl,und,"","",https://www.inaturalist.org/taxon_names/945046/edit,Nahuatl,Sean Cozart,2023-10-30T02:46:07Z
1505633,Atzitzicuilotl,und,"","",https://www.inaturalist.org/taxon_names/945047/edit,Nahuatl,Sean Cozart,2023-10-30T02:46:07Z
1515661,Tlatzcan,und,"","",https://www.inaturalist.org/taxon_names/939136/edit,Nahuatl,Sean Cozart,2023-12-28T12:43:46Z
1525548,Majadananácatl,und,Mexico,MX,https://www.inaturalist.org/taxon_names/1973304/edit,Nahuatl,Hugo Basurto,2024-01-19T10:13:44Z
1482818,zacacamohtotōntin,und,"","",https://www.inaturalist.org/taxon_names/944879/edit,Nahuatl,,2024-03-20T20:57:41Z
871980,Hahuiya-xihuitl,und,"","",https://www.inaturalist.org/taxon_names/785408/edit,Nahuatl,,2024-04-04T20:04:32Z
1522784,sasanipatl,und,"","",https://www.inaturalist.org/taxon_names/1711360/edit,Nahuatl,,2024-04-05T07:42:04Z
1365688,tlatlancuaye,und,"","",https://www.inaturalist.org/taxon_names/449136/edit,Nahuatl,,2024-05-31T03:51:34Z
1365688,Atlancuayo,und,"","",https://www.inaturalist.org/taxon_names/940965/edit,Nahuatl,,2024-05-31T03:51:34Z
209896,Xochicuahuitl,und,"Veracruz, MX","",,Nahuatl,Carlos M Vieyra-Rojas,2024-06-18T16:01:05Z
47075,Ayotochtli,und,"","",,Nahuatl,Carlos Galindo-Leal,2024-10-21T01:54:35Z
43111,Tochtli,und,"","",,Nahuatl,Carlos Galindo-Leal,2024-10-21T02:04:12Z
42223,Mazatl,und,"","",,Nahuatl,Carlos Galindo-Leal,2024-10-21T02:10:28Z
324492,Pitzotl,und,"","",,Nahuatl,Carlos Galindo-Leal,2024-10-21T14:58:42Z
47447,Uaxin,und,"","",,Nahuatl,Carlos Galindo-Leal,2024-10-23T15:28:45Z
36255,Cuetzpalin,und,"","",,Nahuatl,Carlos Galindo-Leal,2024-10-24T16:48:52Z
36149,Cuetzpalin,und,"","",,Nahuatl,Carlos Galindo-Leal,2024-10-24T16:49:37Z
36126,Cuetzpalin,und,"","",,Nahuatl,Carlos Galindo-Leal,2024-10-24T16:51:01Z
73629,Cuetzpalin,und,"","",,Nahuatl,Carlos Galindo-Leal,2024-10-24T16:52:32Z
428815,Xamue,und,"","",,Nahuatl,Carlos Galindo-Leal,2024-10-24T16:58:33Z
122521,Cuauélotl,und,"","",,Nahuatl,Carlos Galindo-Leal,2024-10-24T17:04:36Z
65850,Tamazolin,und,"","",,Nahuatl,Carlos Galindo-Leal,2024-10-24T17:05:49Z
262097,Colotl,und,"","",,Nahuatl,Carlos Galindo-Leal,2024-10-24T17:06:50Z
9336,Chiltototl,und,"","",,Nahuatl,Carlos Galindo-Leal,2024-10-24T17:08:29Z
36262,Cuetzpalin,und,"","",,Nahuatl,Carlos Galindo-Leal,2024-10-24T17:09:24Z
153911,Tlacōtl,und,"","",,Nahuatl,Carlos Galindo-Leal,2024-10-24T17:18:59Z
41877,Yepatl,und,"","",,Nahuatl,Carlos Galindo-Leal,2024-10-24T17:24:34Z
30701,Tectli,und,"","",,Nahuatl,Carlos Galindo-Leal,2024-10-24T17:25:41Z
39730,Ayotl,und,"","",,Nahuatl,Carlos Galindo-Leal,2024-10-24T17:27:02Z
44351,Tlalquiquimichi,und,"","",,Nahuatl,Carlos Galindo-Leal,2024-10-24T17:28:33Z
30557,Tzikacoatl,und,"","",,Nahuatl,Carlos Galindo-Leal,2024-10-24T17:33:05Z
301260,Nextikuilli,und,"","",,Nahuatl,Carlos Galindo-Leal,2024-10-24T17:34:52Z
73766,Tlilcoatl,und,"","",,Nahuatl,Carlos Galindo-Leal,2024-10-24T17:35:29Z
318032,Nexhua,und,"","",,Nahuatl,Carlos Galindo-Leal,2024-10-24T17:37:36Z
42652,Tlacuatzin,und,"","",,Nahuatl,Carlos Galindo-Leal,2024-10-24T17:44:32Z
180008,Techalotl,und,"","",,Nahuatl,Carlos Galindo-Leal,2024-10-24T17:45:45Z
41638,Tlācamāyeh,und,"","",,Nahuatl,Carlos Galindo-Leal,2024-10-24T17:49:43Z
43130,Citli,und,"","",,Nahuatl,Carlos Galindo-Leal,2024-10-24T17:53:32Z
1584283,Picalotl,und,"","",https://www.inaturalist.org/taxon_names/2599387/edit,Nahuatl,Nelly Semenova,2024-10-28T11:13:28Z
1042039,Tlazoltocatl,und,"","",,Nahuatl,Carlos Galindo-Leal,2024-11-05T15:18:59Z
281579,huācalxōchitl,und,"","",,Nahuatl,Bodo Nuñez Oberg,2024-11-12T01:44:34Z
167666,tetzmolin,und,"","",,Nahuatl,Bodo Nuñez Oberg,2024-12-19T19:27:04Z
208245,tetzmitl,und,"","",,Nahuatl,Bodo Nuñez Oberg,2024-12-19T19:27:53Z
285312,cuapaxihuit,und,"","",https://www.inaturalist.org/taxon_names/444461/edit,Nahuatl,,2024-12-20T17:58:13Z
285312,cōnquilitl,und,"","",https://www.inaturalist.org/taxon_names/1759390/edit,Nahuatl,,2024-12-20T17:58:13Z
945610,Coaxoxouhqui,und,"","",https://www.inaturalist.org/taxon_names/950464/edit,Nahuatl,,2025-01-25T12:00:57Z
164323,Moyotli,und,"","",,Nahuatl,Carlos Galindo-Leal,2025-04-24T17:05:43Z
1624661,Tozan,und,"","",https://www.inaturalist.org/taxon_names/1445596/edit,Nahuatl,,2025-05-22T20:22:55Z
284505,ilamatzapotl,und,"","",,Nahuatl,Bodo Nuñez Oberg,2025-07-03T19:18:53Z
279162,chictzapocuahuitl,und,"","",,Nahuatl,Bodo Nuñez Oberg,2025-07-03T19:20:28Z
126236,cuauhtzapotl,und,"","",,Nahuatl,Bodo Nuñez Oberg,2025-07-03T19:23:29Z
868371,Atetépitz,und,"","",https://www.inaturalist.org/taxon_names/2063374/edit,Nahuatl,,2025-07-16T15:52:00Z
1634850,ātzapotl,und,"","",https://www.inaturalist.org/taxon_names/442380/edit,Nahuatl,,2025-07-18T09:42:44Z
1634850,Atzapocuahuitl,und,"","",https://www.inaturalist.org/taxon_names/939104/edit,Nahuatl,,2025-07-18T09:42:44Z
1634850,cōztzapotl,und,"","",https://www.inaturalist.org/taxon_names/2598901/edit,Nahuatl,,2025-07-18T09:42:44Z
1631782,tecpicquilitl,und,"","",https://www.inaturalist.org/taxon_names/1395515/edit,Nahuatl,,2025-08-11T19:14:56Z
1640238,Atzcalxochitl,und,"","",https://www.inaturalist.org/taxon_names/923453/edit,Nahuatl,,2025-08-20T10:25:22Z
167839,Atecuyxtli,und,"","",,Nahuatl,Carlos Galindo-Leal,2025-09-22T04:21:05Z
1644302,Apitzalpatli,und,"","",,Nahuatl,Carlos Galindo-Leal,2025-10-20T20:48:37Z
1651497,Cuauhchichi,und,"","",https://www.inaturalist.org/taxon_names/1393407/edit,Nahuatl,,2025-11-03T20:16:38Z
332779,Chilcahute,und,"","",,Nahuatl,Carlos Galindo-Leal,2025-12-11T21:56:49Z
154031,chiyāuhxōchitl,und,"","",,Nahuatl,Bodo Nuñez Oberg,2026-01-20T19:22:19Z
117436,Chayohtli,und,"","",https://www.inaturalist.org/taxon_names/1057450/edit,Nahuatl,,2026-02-04T20:01:10Z
117436,Chayohtin,und,"","",https://www.inaturalist.org/taxon_names/1057451/edit,Nahuatl,,2026-02-04T20:01:10Z
829404,tecolōmetl,und,"","",,Nahuatl,Bodo Nuñez Oberg,2026-02-16T22:46:54Z
48662,Tlilpapalot,und,Mexico,MX,,Nahuatl,Ale Türkmen (The Butterfly Project Mexico),2026-02-25T11:32:22Z
163327,Cacanahual,und,"","",,Nahuatl,Carlos Galindo-Leal,2026-03-27T00:22:27Z
287880,Amoche,und,"Pajapan, MX, VE","",,Nahuatl,Emmanuel Garcia Gutierrez,2026-04-23T00:55:58Z
146593,cacomitl,und,"","",,Nahuatl,Bodo Nuñez Oberg,2026-04-27T21:25:37Z
283355,Coyolxochitl,und,"","",,Nahuatl,Efraín Octavio Aguilar Pérez,2026-05-28T02:53:11Z
75766,Acaquilitl,und,"","",,Nahuatl,Efraín Octavio Aguilar Pérez,2026-05-28T02:55:59Z
279757,Acacapaquilitl,und,"","",,Nahuatl,Efraín Octavio Aguilar Pérez,2026-05-28T03:02:00Z
58058,Totecyxochiu,und,"","",,Nahuatl,Efraín Octavio Aguilar Pérez,2026-05-28T03:05:54Z
154826,Hoeixochitl,und,"","",,Nahuatl,Efraín Octavio Aguilar Pérez,2026-05-28T03:08:43Z
55411,Tzihuinquilitl,und,"","",,Nahuatl,Efraín Octavio Aguilar Pérez,2026-05-28T03:11:31Z
1319454,Amozotl,und,"","",,Nahuatl,Efraín Octavio Aguilar Pérez,2026-05-28T03:27:34Z
544345,Chichicaquilitl,und,"","",,Nahuatl,Efraín Octavio Aguilar Pérez,2026-05-28T03:30:48Z
289110,Cococquilitl,und,"","",,Nahuatl,Efraín Octavio Aguilar Pérez,2026-05-28T03:34:47Z
288770,Cococaquilitl,und,"","",,Nahuatl,Efraín Octavio Aguilar Pérez,2026-05-28T03:37:01Z
289732,Tzitziquilitl,und,"","",,Nahuatl,Efraín Octavio Aguilar Pérez,2026-05-28T03:53:52Z
288641,Quauheloquilitl,und,"","",,Nahuatl,Efraín Octavio Aguilar Pérez,2026-05-28T03:56:46Z
283024,Hoitzquilitl,und,"","",,Nahuatl,Efraín Octavio Aguilar Pérez,2026-05-28T03:59:14Z
75396,Huauhquilitl,und,"","",,Nahuatl,Efraín Octavio Aguilar Pérez,2026-05-28T04:03:39Z
785378,Tlalytzmiquilitl,und,"","",,Nahuatl,Efraín Octavio Aguilar Pérez,2026-05-28T04:08:03Z
79286,Iztaquilitl,und,"","",,Nahuatl,Efraín Octavio Aguilar Pérez,2026-05-28T04:14:39Z
286861,Matzaquilitl,und,"","",,Nahuatl,Efraín Octavio Aguilar Pérez,2026-05-28T04:19:04Z
77676,Mexixquilitl,und,"","",,Nahuatl,Efraín Octavio Aguilar Pérez,2026-05-28T04:22:29Z
210935,Maxtenquilitl,und,"","",,Nahuatl,Efraín Octavio Aguilar Pérez,2026-05-28T04:25:11Z
277484,Mazaquilitl,und,"","",,Nahuatl,Efraín Octavio Aguilar Pérez,2026-05-28T04:27:14Z
281753,Petzicatl,und,"","",,Nahuatl,Efraín Octavio Aguilar Pérez,2026-05-28T04:28:41Z
153922,Quimichquilitl,und,"","",,Nahuatl,Efraín Octavio Aguilar Pérez,2026-05-28T04:30:10Z
153922,Mitlatzihuitl,und,"","",,Nahuatl,Efraín Octavio Aguilar Pérez,2026-05-28T04:30:47Z
164064,Xiuhquilitl pitzahoac,und,"","",,Nahuatl,Efraín Octavio Aguilar Pérez,2026-05-28T04:32:51Z
209905,Quauhtezonquilitl,und,"","",,Nahuatl,Efraín Octavio Aguilar Pérez,2026-05-28T04:39:49Z
209955,Izticpatli,und,"","",,Nahuatl,Efraín Octavio Aguilar Pérez,2026-05-28T04:41:57Z
277576,Tezonquilitl,und,"","",,Nahuatl,Efraín Octavio Aguilar Pérez,2026-05-28T04:43:15Z
200050,Tetexquilitl,und,"","",,Nahuatl,Efraín Octavio Aguilar Pérez,2026-05-28T04:49:25Z
156831,Nonoquelite,und,"","",,Nahuatl,Efraín Octavio Aguilar Pérez,2026-05-28T04:56:12Z
81796,Xoxocoyolli,und,"","",,Nahuatl,Efraín Octavio Aguilar Pérez,2026-05-28T04:57:30Z
291931,Miccaxoxocoyolli,und,"","",,Nahuatl,Efraín Octavio Aguilar Pérez,2026-05-28T04:58:37Z
165988,Xoxocoyolli papatlac,und,"","",,Nahuatl,Efraín Octavio Aguilar Pérez,2026-05-28T04:59:41Z
278286,Xoxocoyolli mamaxtla,und,"","",,Nahuatl,Efraín Octavio Aguilar Pérez,2026-05-28T05:00:30Z
52994,Comalquilitl,und,"","",,Nahuatl,Efraín Octavio Aguilar Pérez,2026-05-28T05:02:49Z
356259,Acuitlalpalli,und,"","",,Nahuatl,Efraín Octavio Aguilar Pérez,2026-05-28T05:04:14Z
281765,Atemaltzaquilitl,und,"","",,Nahuatl,Efraín Octavio Aguilar Pérez,2026-05-28T05:09:13Z
153365,Yacaquilitl,und,"","",,Nahuatl,Efraín Octavio Aguilar Pérez,2026-05-28T05:10:54Z
1689511,Xotomarabia,und,"","",https://www.inaturalist.org/taxon_names/2175705/edit,Nahuatl,,2026-06-25T10:46:45Z
277480,Talayote,und,"Colima, MX","",,Nahuatl,Emanuel Ruiz,2026-07-02T18:07:13Z
289742,Mamaztlacotl,und,"","",,Nahuatl,Carlos Galindo-Leal,2026-08-20T13:35:19Z
