id,vernacularName,language,locality,countryCode,source,lexicon,contributor,created
73757,Prokletijski gušter,sr,"","",http://reptile-database.reptarium.cz/search.php?genus=Dinarolacerta&species=mosorensis&submit=Search,Serbian,,2011-08-19T02:55:13Z
47553,cis,sr,"","",http://www.catalogueoflife.org/annual-checklist/details/species/id/9127198/common/213899,Serbian,Ken-ichi Ueda,2012-10-23T17:46:27Z
94930,Oštrulj,sr,"","",,Serbian,Duarte Frade,2015-02-15T16:18:24Z
51741,sedmolist,sr,"","",,Serbian,alderash,2015-05-18T13:23:37Z
109983,Srebrnkasti plavac,sr,"","",,Serbian,Finlay Cox,2015-05-26T18:14:42Z
101585,krkuša,sr,"","",,Serbian,alderash,2015-06-15T21:11:33Z
113003,klen,sr,"","",,Serbian,alderash,2015-06-15T21:12:24Z
109315,pijor,sr,"","",,Serbian,alderash,2015-06-15T21:12:17Z
47518,potočna pastrmka,sr,"","",,Serbian,alderash,2015-06-15T21:13:19Z
53911,šaran,sr,"","",,Serbian,alderash,2015-06-15T21:13:34Z
68076,kalifornijska pastrmka,sr,"","",,Serbian,alderash,2015-06-15T21:13:53Z
69989,bodorka,sr,"","",,Serbian,alderash,2015-06-16T21:42:03Z
69989,žutooka,sr,"","",,Serbian,alderash,2015-06-16T21:41:34Z
69989,zlatooka,sr,"","",,Serbian,alderash,2015-06-16T21:41:46Z
19898,šumska sova,sr,"","",,Serbian,alderash,2016-03-28T09:37:40Z
47553,sis,sr,"","",http://www.catalogueoflife.org/annual-checklist/details/species/id/9127198/common/213916,Serbian,Ken-ichi Ueda,2017-04-21T00:54:03Z
2,Хордати,sr,"","",,Serbian,John E. Christensen,2017-11-30T13:11:20Z
47534,Жарњаци,sr,"","",,Serbian,John E. Christensen,2018-01-04T10:41:24Z
343021,Слепић,sr,"","",,Serbian,John E. Christensen,2018-01-22T07:03:24Z
6888,Пловуше,sr,"","",,Serbian,John E. Christensen,2018-01-25T15:56:17Z
127412,Лејцестерија,sr,"","",,Serbian,John E. Christensen,2018-01-26T09:59:35Z
48156,Смуђ,sr,"","",,Serbian,John E. Christensen,2018-03-18T20:39:19Z
52913,Цикорија,sr,"","",,Serbian,John E. Christensen,2018-03-29T15:42:22Z
43042,Европски јеж,sr,"","",,Serbian,John E. Christensen,2018-05-24T15:39:49Z
58722,Бели бор,sr,"","",,Serbian,,2018-06-16T13:26:19Z
51935,Росуље (род биљака),sr,"","",,Serbian,John E. Christensen,2018-07-22T11:43:12Z
104420,Sredozemna zelenevica,sr,"","",,Serbian,Aleksandar,2018-09-05T20:29:12Z
61508,Velika mora,sr,"","",,Serbian,Aleksandar,2018-09-05T20:44:05Z
102803,Balkanska skrivalica,sr,"","",,Serbian,Aleksandar,2018-09-05T20:45:27Z
141751,Jesenja skrivalica,sr,"","",,Serbian,Aleksandar,2018-09-05T20:47:04Z
102792,Šumska skrivalica,sr,"","",,Serbian,Aleksandar,2018-09-05T20:49:22Z
100743,Šumski šarenac,sr,"","",,Serbian,Aleksandar,2018-09-05T20:59:14Z
100299,Malena erebija,sr,"","",,Serbian,Aleksandar,2018-09-05T21:31:39Z
100298,Bistrooka erebija,sr,"","",,Serbian,Aleksandar,2018-09-05T21:33:23Z
100292,Crna erebija,sr,"","",,Serbian,Aleksandar,2018-09-05T21:36:06Z
62438,Bademasta erebija,sr,"","",,Serbian,Aleksandar,2018-09-05T21:38:24Z
94043,Veliki car,sr,"","",,Serbian,Aleksandar,2018-09-05T21:56:19Z
93437,Jesenski kralj,sr,"","",,Serbian,Aleksandar,2018-09-05T21:57:13Z
104875,Veliki dukat,sr,"","",,Serbian,Aleksandar,2018-09-05T23:41:18Z
106154,Bukova strižibuba,sr,"","",,Serbian,Aleksandar,2018-09-06T18:32:56Z
47158,Bube,sr,"","",,Serbian,Aleksandar,2018-10-09T18:29:05Z
47158,Insekti,sr,"","",,Serbian,Aleksandar,2018-10-09T18:32:07Z
26154,Алигатор,sr,"","",,Serbian,John E. Christensen,2018-10-18T06:28:35Z
54327,Стршљен,sr,"","",,Serbian,John E. Christensen,2018-10-30T09:59:10Z
6930,Патка глувара,sr,Serbia,RS,,Serbian,John E. Christensen,2018-12-14T15:06:21Z
56299,Вилино сито,sr,"","",,Serbian,John E. Christensen,2018-12-30T15:43:13Z
42241,Шупљорога говеда,sr,"","",,Serbian,John E. Christensen,2019-01-30T16:17:48Z
6921,Лабудови,sr,"","",,Serbian,ГоКуле,2019-03-31T11:31:48Z
53779,Хмељ,sr,Serbia,RS,,Serbian,ГоКуле,2019-03-31T11:34:22Z
54491,Леска,sr,Serbia,RS,,Serbian,ГоКуле,2019-03-31T11:36:09Z
60218,Смоква,sr,Serbia,RS,,Serbian,ГоКуле,2019-03-31T11:37:46Z
505478,Кокошка,sr,"","",,Serbian,John E. Christensen,2019-12-28T14:30:24Z
106222,Javra,sr,"","",http://www.catalogueoflife.org/annual-checklist/details/species/id/10064957/common/231416,Serbian,,2020-01-21T20:20:05Z
508082,jabukin svrdlaš,sr,"","",,Serbian,alderash,2020-04-18T10:00:39Z
1204,Индијски паун,sr,"","",https://eol.org/pages/45510662,Serbian,James Kameron Mitchell,2020-06-16T05:15:39Z
60284,Пиревина,sr,"","",,Serbian,Марина Горбунова-Ëлкина,2020-06-30T23:57:18Z
62749,Пругасти једрилац,sr,Serbia,RS,,Serbian,ГоКуле,2020-08-09T11:41:18Z
63567,Европска смрча,sr,Serbia,RS,,Serbian,ГоКуле,2020-08-09T20:53:04Z
11901,Сеоска ласта,sr,Serbia,RS,,Serbian,ГоКуле,2020-08-09T20:56:54Z
13858,Врабац покућар,sr,Serbia,RS,,Serbian,ГоКуле,2020-08-09T21:01:42Z
8029,Гачац,sr,Serbia,RS,,Serbian,ГоКуле,2020-08-11T20:18:38Z
61523,Виноградски пуж,sr,Serbia,RS,,Serbian,ГоКуле,2020-08-11T20:21:46Z
119092,Бодљива смрча,sr,Serbia,RS,,Serbian,ГоКуле,2020-08-11T20:24:35Z
3017,Подивљали домаћи голуб,sr,Serbia,RS,,Serbian,ГоКуле,2020-08-12T20:44:33Z
56133,Храст лужњак,sr,Serbia,RS,,Serbian,ГоКуле,2020-08-13T08:58:40Z
144510,Обични галеб,sr,Serbia,RS,,Serbian,ГоКуле,2020-08-13T09:01:08Z
4943,Мала бела чапља,sr,Serbia,RS,,Serbian,ГоКуле,2020-08-13T09:02:12Z
55990,Зидни гуштер,sr,Serbia,RS,,Serbian,ГоКуле,2020-08-13T09:03:19Z
48599,Винобојка,sr,Serbia,RS,,Serbian,ГоКуле,2020-08-13T09:05:11Z
50867,Осолики паук,sr,Serbia,RS,,Serbian,ГоКуле,2020-08-13T09:09:40Z
58205,Маклура,sr,Serbia,RS,,Serbian,ГоКуле,2020-08-13T09:15:27Z
48257,Дуглазија,sr,Serbia,RS,,Serbian,ГоКуле,2020-08-13T09:16:26Z
59979,Авдика,sr,Serbia,RS,,Serbian,ГоКуле,2020-08-13T09:18:36Z
58387,Дивљи сирак,sr,Serbia,RS,,Serbian,ГоКуле,2020-08-13T09:20:41Z
51875,Црвена детелина,sr,Serbia,RS,,Serbian,ГоКуле,2020-08-13T09:21:47Z
55745,Бела детелина,sr,Serbia,RS,,Serbian,ГоКуле,2020-08-13T09:26:41Z
84328,Ивањско цвеће,sr,Serbia,RS,,Serbian,ГоКуле,2020-08-13T09:32:27Z
55643,Шумска риђа,sr,Serbia,RS,,Serbian,ГоКуле,2020-08-13T09:34:01Z
207977,Дневни пауновац,sr,Serbia,RS,,Serbian,ГоКуле,2020-08-13T09:35:33Z
13000,Црна црвенрепка,sr,Serbia,RS,,Serbian,ГоКуле,2020-08-13T09:43:03Z
52565,Бели слез,sr,Serbia,RS,,Serbian,ГоКуле,2020-08-13T09:47:10Z
168387,Степска жалфија,sr,Serbia,RS,,Serbian,ГоКуле,2020-08-13T09:53:07Z
170140,Дивизма крупноцветна,sr,Serbia,RS,,Serbian,ГоКуле,2020-08-13T10:24:20Z
54404,Булка,sr,Serbia,RS,,Serbian,ГоКуле,2020-08-13T10:56:22Z
62313,Мачков брк,sr,Serbia,RS,,Serbian,ГоКуле,2020-08-13T10:57:42Z
82627,Бела рада,sr,Serbia,RS,,Serbian,ГоКуле,2020-08-13T11:00:06Z
76202,Кошћела,sr,Serbia,RS,,Serbian,ГоКуле,2020-08-13T11:19:42Z
55736,Дињица,sr,Serbia,RS,,Serbian,ГоКуле,2020-08-13T11:23:50Z
84640,Пикњаста оса,sr,Serbia,RS,,Serbian,ГоКуле,2020-08-13T11:25:12Z
56162,Црни слез,sr,Serbia,RS,,Serbian,ГоКуле,2020-08-15T05:47:35Z
52913,Водопија,sr,Serbia,RS,,Serbian,ГоКуле,2020-08-15T05:52:11Z
125563,Обични једрењак,sr,Serbia,RS,,Serbian,ГоКуле,2020-08-15T14:42:38Z
83806,Кукурузна совица,sr,Serbia,RS,,Serbian,ГоКуле,2020-08-15T16:04:52Z
61321,Поточњак,sr,Serbia,RS,,Serbian,ГоКуле,2020-08-16T18:28:28Z
325871,Слезов скелар,sr,Serbia,RS,,Serbian,ГоКуле,2020-08-16T18:31:18Z
47726,Пајавац,sr,Serbia,RS,,Serbian,ГоКуле,2020-08-17T20:39:43Z
49552,Кућна стонога,sr,Serbia,RS,,Serbian,ГоКуле,2020-08-18T04:35:29Z
47219,Медоносна пчела,sr,Serbia,RS,,Serbian,ГоКуле,2020-08-19T11:20:06Z
81545,Кишна глиста,sr,Serbia,RS,,Serbian,ГоКуле,2020-08-19T11:23:18Z
52724,Пољски раставић,sr,Serbia,RS,,Serbian,ГоКуле,2020-08-19T11:27:00Z
35854,Зелембаћ,sr,Serbia,RS,,Serbian,ГоКуле,2020-08-30T07:56:16Z
12716,Кос,sr,Serbia,RS,,Serbian,ГоКуле,2020-09-22T18:12:45Z
124145,Црна пчела дрварица,sr,Serbia,RS,,Serbian,ГоКуле,2020-09-22T18:17:43Z
6921,Лабуд грбац,sr,Serbia,RS,,Serbian,ГоКуле,2020-09-22T19:33:25Z
141725,Зелена стеница,sr,Serbia,RS,,Serbian,ГоКуле,2020-09-22T19:40:06Z
55626,Лептир купусар,sr,Serbia,RS,,Serbian,ГоКуле,2020-09-22T20:31:57Z
106154,Букова стрижибуба,sr,Serbia,RS,,Serbian,ГоКуле,2020-09-22T20:40:33Z
891696,Сврака,sr,Serbia,RS,,Serbian,ГоКуле,2020-09-25T11:26:35Z
55721,Пуцавац,sr,Serbia,RS,,Serbian,ГоКуле,2020-09-25T13:09:51Z
4736,Црна рода,sr,Serbia,RS,,Serbian,ГоКуле,2020-09-25T14:21:06Z
117438,Чешљуга,sr,Serbia,RS,,Serbian,ГоКуле,2020-09-25T14:25:11Z
55637,Пољски бумбар,sr,Serbia,RS,,Serbian,ГоКуле,2020-09-25T14:26:58Z
47392,Велика гнојиштарка,sr,Serbia,RS,,Serbian,ГоКуле,2020-09-26T20:25:48Z
243824,Индијска јагода,sr,Serbia,RS,,Serbian,ГоКуле,2020-09-26T20:32:33Z
336841,Шумски сиви пуж,sr,Serbia,RS,,Serbian,ГоКуле,2020-09-26T20:36:23Z
56129,Врбена,sr,Serbia,RS,,Serbian,ГоКуле,2020-09-26T22:07:53Z
77992,Коњски босиљак,sr,Serbia,RS,,Serbian,ГоКуле,2020-09-27T09:03:59Z
55727,Пузећи ланилист,sr,Serbia,RS,,Serbian,ГоКуле,2020-09-28T20:13:57Z
102966,Младица,sr,"","",,Serbian,Марина Горбунова-Ëлкина,2020-09-29T16:04:31Z
52628,Паук крсташ,sr,Serbia,RS,,Serbian,ГоКуле,2020-10-01T14:10:41Z
61524,Комплекс европске ухолаже,sr,Serbia,RS,,Serbian,ГоКуле,2020-10-01T15:18:41Z
3731,Кашичар,sr,Serbia,RS,,Serbian,ГоКуле,2020-10-03T17:33:06Z
4954,Сива чапља,sr,Serbia,RS,,Serbian,ГоКуле,2020-10-03T17:37:13Z
144455,Велика бела чапља,sr,Serbia,RS,,Serbian,ГоКуле,2020-10-03T17:40:24Z
13695,Бела плиска,sr,Serbia,RS,,Serbian,ГоКуле,2020-10-03T17:44:58Z
47911,Циганско перје,sr,Serbia,RS,,Serbian,ГоКуле,2020-10-03T17:47:25Z
60214,Теофрастова липица,sr,Serbia,RS,,Serbian,ГоКуле,2020-10-03T18:44:20Z
50790,Ланилист,sr,Serbia,RS,,Serbian,ГоКуле,2020-10-03T18:47:46Z
76006,Стричак,sr,Serbia,RS,,Serbian,ГоКуле,2020-10-04T11:22:37Z
233779,Коровски пуж,sr,Serbia,RS,,Serbian,ГоКуле,2020-10-06T15:28:21Z
360830,Кожасти трчуљак,sr,Serbia,RS,,Serbian,ГоКуле,2020-10-08T19:21:24Z
13851,Пољски врабац,sr,Serbia,RS,,Serbian,ГоКуле,2020-10-11T13:05:41Z
979813,Мали вранац,sr,Serbia,RS,,Serbian,ГоКуле,2020-10-11T13:06:45Z
143294,Златни жутаћ,sr,Serbia,RS,,Serbian,ГоКуле,2020-10-11T13:08:08Z
45763,Бизамски пацов,sr,Serbia,RS,,Serbian,ГоКуле,2020-10-14T12:24:07Z
127103,Зелени чипкавац,sr,Serbia,RS,,Serbian,ГоКуле,2020-10-14T12:32:39Z
349275,Кестењаста нимфа,sr,Serbia,RS,,Serbian,ГоКуле,2020-10-14T12:34:21Z
79301,Гроњаста звездица,sr,Serbia,RS,,Serbian,ГоКуле,2020-10-17T08:11:57Z
76665,Дивљи купус,sr,Serbia,RS,,Serbian,ГоКуле,2020-10-21T07:59:53Z
119791,Обични јавор,sr,Serbia,RS,,Serbian,ГоКуле,2020-10-21T11:45:52Z
55724,Гавез,sr,Serbia,RS,,Serbian,ГоКуле,2020-10-21T20:01:57Z
3048,Голуб гривнаш,sr,Serbia,RS,,Serbian,ГоКуле,2020-10-21T20:15:01Z
4270,Велики вранац,sr,Serbia,RS,,Serbian,ГоКуле,2020-10-21T20:17:34Z
4270,Bелики корморан,sr,Serbia,RS,,Serbian,ГоКуле,2020-10-21T20:18:09Z
558438,Пловка кашикара,sr,Serbia,RS,,Serbian,ГоКуле,2020-10-22T07:35:49Z
131586,Мразовац,sr,Serbia,RS,,Serbian,ГоКуле,2020-10-22T07:46:12Z
55610,Ватрена стеница,sr,Serbia,RS,,Serbian,ГоКуле,2020-10-23T18:45:44Z
84778,Кромпирова златица,sr,Serbia,RS,,Serbian,ГоКуле,2020-10-23T18:53:43Z
57030,Велики раставић,sr,Serbia,RS,,Serbian,ГоКуле,2020-10-23T19:56:16Z
56158,Црна коприва,sr,Serbia,RS,,Serbian,ГоКуле,2020-10-27T21:02:08Z
48715,Мухара,sr,Serbia,RS,,Serbian,ГоКуле,2020-10-27T21:08:46Z
981,Фазан,sr,Serbia,RS,,Serbian,ГоКуле,2020-10-30T10:23:21Z
27726,Шарени даждевњак,sr,"","",,Serbian,JIN Pin-Tsen,2020-10-31T09:55:09Z
26904,Смукуља,sr,"","",,Serbian,,2020-10-31T09:57:36Z
99496,Степски смук,sr,"","",,Serbian,,2020-10-31T09:58:52Z
64346,Рибарица,sr,"","",,Serbian,,2020-10-31T10:00:06Z
966787,Белоушка,sr,Serbia,RS,,Serbian,Christoph Posch,2020-10-31T10:01:37Z
74009,Ескулапов смук,sr,Serbia,RS,,Serbian,Sean Cozart,2020-10-31T10:03:03Z
966698,Шарка,sr,Serbia,RS,,Serbian,Sean Cozart,2020-10-31T10:41:06Z
30901,Шарган,sr,"","",,Serbian,,2020-10-31T10:42:25Z
73910,Смук шилац,sr,"","",,Serbian,,2020-10-31T10:43:41Z
30237,Четворопруги смук,sr,Serbia,RS,,Serbian,Sean Cozart,2020-10-31T10:44:33Z
73585,Кратконоги гуштер,sr,"","",,Serbian,,2020-10-31T12:35:10Z
146280,Кочијев гекон,sr,"","",,Serbian,,2020-10-31T12:50:11Z
36052,Љускави гуштер,sr,"","",,Serbian,Raúl MT,2020-10-31T12:51:44Z
35383,Шумски гуштер,sr,"","",,Serbian,,2020-10-31T12:52:52Z
35912,Ливадски гуштер,sr,"","",,Serbian,,2020-10-31T12:55:53Z
35871,Балкански зелембаћ,sr,"","",,Serbian,Christoph Posch,2020-10-31T12:57:09Z
35453,Живородни гуштер,sr,"","",,Serbian,,2020-10-31T12:58:12Z
73920,Степски гуштер,sr,"","",,Serbian,,2020-10-31T12:59:29Z
35677,Јужни зидни гуштер,sr,"","",,Serbian,Victor HOYEAU,2020-10-31T13:00:40Z
53587,Амброзија,sr,Serbia,RS,,Serbian,ГоКуле,2020-11-04T16:01:50Z
63935,Орах,sr,Serbia,RS,,Serbian,ГоКуле,2020-11-04T16:03:07Z
84298,Дивљи кестен,sr,Serbia,RS,,Serbian,ГоКуле,2020-11-04T16:04:32Z
126887,Махонија,sr,Serbia,RS,,Serbian,ГоКуле,2020-11-04T16:05:27Z
58776,Штир,sr,Serbia,RS,,Serbian,ГоКуле,2020-11-04T16:07:16Z
54797,Трновац,sr,Serbia,RS,,Serbian,ГоКуле,2020-11-04T16:08:04Z
75501,Велики чичак,sr,Serbia,RS,,Serbian,ГоКуле,2020-11-04T16:09:48Z
49133,Црвени адмирал,sr,Serbia,RS,,Serbian,ГоКуле,2020-11-08T13:10:01Z
55583,Zelena vitičarka,sr,"","",,Serbian,Ladislav Milunović,2020-11-13T12:42:40Z
63255,Maglenka,sr,"","",,Serbian,Ladislav Milunović,2020-11-13T12:43:51Z
48704,Koprenke,sr,"","",,Serbian,Ladislav Milunović,2020-11-13T12:46:15Z
203153,Велика сеница,sr,Serbia,RS,,Serbian,ГоКуле,2020-11-21T09:48:17Z
64261,Обични чемпрес,sr,Serbia,RS,,Serbian,ГоКуле,2020-11-30T20:59:04Z
41829,Šareni tvor,sr,"","",,Serbian,Марина Горбунова-Ëлкина,2020-12-11T23:52:16Z
17867,Сеоски детлић,sr,Serbia,RS,,Serbian,ГоКуле,2020-12-19T12:45:13Z
793469,Краљић,sr,Serbia,RS,,Serbian,ГоКуле,2020-12-19T12:46:05Z
69820,Хималајски кедар,sr,Serbia,RS,,Serbian,ГоКуле,2020-12-24T14:05:10Z
10070,Зеба,sr,Serbia,RS,,Serbian,ГоКуле,2021-01-01T11:16:14Z
13094,Црвендаћ,sr,Serbia,RS,,Serbian,ГоКуле,2021-01-02T13:44:24Z
472766,Ветрушка,sr,Serbia,RS,,Serbian,ГоКуле,2021-01-02T14:07:55Z
204472,Обични мишар,sr,Serbia,RS,,Serbian,ГоКуле,2021-01-03T07:08:46Z
6937,Крџа,sr,Serbia,RS,,Serbian,ГоКуле,2021-01-03T10:02:41Z
56293,Обична голупка,sr,Serbia,RS,,Serbian,ГоКуле,2021-01-04T13:23:00Z
482,Лиска,sr,Serbia,RS,,Serbian,ГоКуле,2021-01-19T06:47:48Z
69320,Жути мрав,sr,"","",,Serbian,Johan Devos,2021-01-23T17:07:14Z
5309,Орао белорепан,sr,Serbia,RS,,Serbian,ГоКуле,2021-01-23T21:28:51Z
7513,Karolinski carić,sr,"","",,Serbian,cmciv,2021-02-14T15:05:57Z
7120,Мошусна патка,sr,Serbia,RS,,Serbian,ГоКуле,2021-02-27T21:30:06Z
7278,Дугорепа сеница,sr,Serbia,RS,,Serbian,ГоКуле,2021-02-28T12:46:58Z
118664,Буква,sr,"","",,Serbian,Павел Несмеянов,2021-03-19T21:20:48Z
558429,Гроготовац,sr,Serbia,RS,,Serbian,ГоКуле,2021-03-27T16:12:45Z
792977,Мали детлић,sr,Serbia,RS,,Serbian,ГоКуле,2021-03-27T16:13:57Z
43997,Нутрија,sr,Serbia,RS,,Serbian,ГоКуле,2021-03-27T16:35:32Z
3885,Спрудник пијукавац,sr,Serbia,RS,,Serbian,ГоКуле,2021-03-28T20:32:19Z
55640,Обрубљени плавац,sr,Serbia,RS,,Serbian,ГоКуле,2021-03-29T11:54:01Z
4389,Сињи галеб,sr,Serbia,RS,,Serbian,ГоКуле,2021-03-29T12:59:47Z
14850,Чворак,sr,Serbia,RS,,Serbian,ГоКуле,2021-04-11T18:39:55Z
47602,Маслачак,sr,Serbia,RS,,Serbian,ГоКуле,2021-04-16T20:39:45Z
12992,Обична црвенрепка,sr,Serbia,RS,,Serbian,ГоКуле,2021-04-17T14:15:57Z
39867,Барска корњача,sr,Serbia,RS,,Serbian,ГоКуле,2021-04-25T17:24:24Z
201519,Слезов пиргавац,sr,Serbia,RS,,Serbian,ГоКуле,2021-04-25T20:35:32Z
56529,Ластин репак,sr,Serbia,RS,,Serbian,ГоКуле,2021-04-26T07:18:05Z
60896,Смарагдни репкар,sr,Serbia,RS,,Serbian,ГоКуле,2021-04-26T10:04:15Z
3888,Спрудник мигавац,sr,Serbia,RS,,Serbian,ГоКуле,2021-04-28T10:01:07Z
339593,Спрудник убојица,sr,Serbia,RS,,Serbian,ГоКуле,2021-04-28T11:40:18Z
13079,Мали славуј,sr,Serbia,RS,,Serbian,ГоКуле,2021-05-02T08:27:29Z
17871,Велики детлић,sr,Serbia,RS,,Serbian,ГоКуле,2021-05-02T08:32:00Z
9398,Чешљугар,sr,Serbia,RS,,Serbian,ГоКуле,2021-05-03T17:05:05Z
8088,Сојка,sr,Serbia,RS,,Serbian,ГоКуле,2021-05-03T17:09:12Z
64705,Градска ласта,sr,Serbia,RS,,Serbian,ГоКуле,2021-05-15T17:54:10Z
8031,Индијска врана,sr,Serbia,RS,,Serbian,ГоКуле,2021-05-26T15:41:24Z
41800,Куна белица,sr,"","",,Serbian,Павел Несмеянов,2021-05-30T19:33:59Z
81923,Браон мрамораста стеница,sr,Serbia,RS,,Serbian,ГоКуле,2021-06-03T09:50:54Z
348720,Лепљива Тоболка,sr,Serbia,RS,,Serbian,ГоКуле,2021-06-03T09:59:39Z
55851,Црвена коприва,sr,"","",,Serbian,ГоКуле,2021-06-03T10:03:17Z
145360,Зелентарка,sr,Serbia,RS,,Serbian,ГоКуле,2021-06-04T19:02:12Z
4981,Гак,sr,Serbia,RS,,Serbian,ГоКуле,2021-06-04T19:03:28Z
4994,Жута чапља,sr,Serbia,RS,,Serbian,ГоКуле,2021-06-04T19:04:09Z
43128,Европски зец,sr,Serbia,RS,,Serbian,ГоКуле,2021-06-05T11:13:19Z
3896,Велика царска шљука,sr,Serbia,RS,,Serbian,ГоКуле,2021-06-05T12:58:31Z
71212,Шумска корњача,sr,Serbia,RS,,Serbian,ГоКуле,2021-06-05T17:44:19Z
5173,Еја мочварица,sr,Serbia,RS,,Serbian,ГоКуле,2021-06-08T13:03:01Z
12038,Руси сврачак,sr,Serbia,RS,,Serbian,ГоКуле,2021-06-08T15:25:09Z
62148,Белобрка чигра,sr,Serbia,RS,,Serbian,ГоКуле,2021-06-10T05:32:08Z
53294,Обична горчика,sr,Serbia,RS,,Serbian,ГоКуле,2021-06-11T15:05:31Z
52589,Обична нимфа,sr,Serbia,RS,,Serbian,ГоКуле,2021-06-12T20:16:18Z
2191,Пчеларица,sr,Serbia,RS,,Serbian,ГоКуле,2021-06-13T16:43:43Z
4857,Вивак,sr,Serbia,RS,,Serbian,ГоКуле,2021-06-19T11:34:43Z
56077,Кантарион,sr,Serbia,RS,,Serbian,ГоКуле,2021-06-19T17:27:18Z
20307,Утина,sr,Serbia,RS,,Serbian,ГоКуле,2021-06-21T15:48:59Z
56318,Светлуцава гнојиштарка,sr,Serbia,RS,,Serbian,ГоКуле,2021-06-26T08:43:01Z
61781,Риђи скелар,sr,Serbia,RS,,Serbian,ГоКуле,2021-06-30T08:18:03Z
14824,Бргљез,sr,Serbia,RS,,Serbian,ГоКуле,2021-06-30T08:22:10Z
55213,Баштенски црни мрав,sr,Serbia,RS,,Serbian,ГоКуле,2021-06-30T16:29:16Z
940028,Шкрипавац,sr,Serbia,RS,,Serbian,ГоКуле,2021-06-30T16:35:34Z
62766,Сребрна седефица,sr,Serbia,RS,,Serbian,ГоКуле,2021-07-02T20:24:46Z
62426,Окасти смеђаш,sr,Serbia,RS,,Serbian,ГоКуле,2021-07-03T11:44:08Z
12735,Дрозд имелаш,sr,Serbia,RS,,Serbian,ГоКуле,2021-07-05T08:04:10Z
147298,Зидни окаш,sr,Serbia,RS,,Serbian,ГоКуле,2021-07-05T11:45:44Z
52592,Сенкар,sr,Serbia,RS,,Serbian,ГоКуле,2021-07-05T11:47:59Z
57489,Белопегави овнић,sr,Serbia,RS,,Serbian,ГоКуле,2021-07-05T11:51:43Z
334385,Клинаста скривалица,sr,Serbia,RS,,Serbian,ГоКуле,2021-07-05T11:55:39Z
57516,Земни бумбар,sr,Serbia,RS,,Serbian,ГоКуле,2021-07-05T12:35:04Z
4733,Бела рода,sr,Serbia,RS,,Serbian,ГоКуле,2021-07-05T12:36:43Z
153105,Смеђи честарац (Smeđi čestarac),sr,Serbia,RS,,Serbian,ГоКуле,2021-07-05T12:41:41Z
333217,Ускршњи лептир,sr,Serbia,RS,,Serbian,ГоКуле,2021-07-09T05:34:07Z
62205,Баштенски слез,sr,Serbia,RS,,Serbian,ГоКуле,2021-07-09T06:46:22Z
32347,Змије са штитастим репом,sr,"","",https://eol.org/pages/8114,Serbian,lwnrngr,2021-07-13T09:41:02Z
84996,Pas trupan,sr,"","",http://www.catalogueoflife.org/annual-checklist/details/species/id/10055550/common/130048,Serbian,Wich’yanan (Jay) Limparungpatthanakij,2021-07-13T16:54:20Z
50873,bela ajkula,sr,"","",http://www.catalogueoflife.org/annual-checklist/details/species/id/10064513/common/239629,Serbian,Eric.L.Chen,2021-07-13T19:28:53Z
50873,Pas liudožder,sr,"","",http://www.catalogueoflife.org/annual-checklist/details/species/id/10064513/common/239581,Serbian,Eric.L.Chen,2021-07-13T19:29:05Z
50873,velika bela ajkula,sr,"","",http://www.catalogueoflife.org/annual-checklist/details/species/id/10064513/common/239541,Serbian,Eric.L.Chen,2021-07-13T19:29:35Z
48156,Smudj,sr,"","",http://www.catalogueoflife.org/annual-checklist/details/species/id/10071449/common/135160,Serbian,iSea,2021-07-14T18:17:11Z
102975,Moruna,sr,"","",,Serbian,Zane Roskoph,2021-07-16T12:10:25Z
47516,Pastrva,sr,"","",http://www.catalogueoflife.org/annual-checklist/details/species/id/10078654/common/19173,Serbian,operculum_ben,2021-07-19T12:29:52Z
111991,Pastrva,sr,"","",http://www.catalogueoflife.org/annual-checklist/details/species/id/10078736/common/45220,Serbian,Victor HOYEAU,2021-07-19T12:29:53Z
53583,Пешчана ајкула,sr,"","",,Serbian,Павел Несмеянов,2021-07-19T22:47:38Z
50984,Plitica,sr,"","",http://www.catalogueoflife.org/annual-checklist/details/species/id/10070184/common/256365,Serbian,iSea,2021-07-20T12:51:54Z
50984,Strijelka skakusa,sr,"","",http://www.catalogueoflife.org/annual-checklist/details/species/id/10070184/common/256341,Serbian,iSea,2021-07-20T12:51:59Z
99786,Električna jegulja,sr,"","",,Serbian,Zane Roskoph,2021-07-29T03:22:33Z
47516,Дужичаста пастрмка,sr,"","",,Serbian,Zane Roskoph,2021-07-30T01:46:40Z
35327,Фиџијска крестаста игуана,sr,"","",,Serbian,Zane Roskoph,2021-07-30T02:19:36Z
41970,Јагуар,sr,"","",,Serbian,Zane Roskoph,2021-07-30T12:18:05Z
41972,Облачасти леопард,sr,"","",,Serbian,Zane Roskoph,2021-07-30T13:02:57Z
50873,Велика бијела ајкула,sr,"","",,Serbian,Zane Roskoph,2021-07-30T14:08:25Z
50873,Pas modrulj,sr,"","",,Serbian,Zane Roskoph,2021-07-30T14:24:44Z
84996,Бик ајкула,sr,"","",,Serbian,Zane Roskoph,2021-07-30T14:52:50Z
26076,Филипински крокодил,sr,"","",,Serbian,Zane Roskoph,2021-07-30T15:09:39Z
26061,Кубански крокодил,sr,"","",,Serbian,Zane Roskoph,2021-07-30T15:23:27Z
42007,Пума,sr,"","",,Serbian,Zane Roskoph,2021-08-01T01:57:31Z
539233,Алдабранска џиновска корњача,sr,"","",,Serbian,Zane Roskoph,2021-08-01T16:55:38Z
18910,Sejšelski aleksandar,sr,"","",,Serbian,Zane Roskoph,2021-08-01T17:46:31Z
62009,Бели локвањ,sr,Serbia,RS,,Serbian,ГоКуле,2021-08-02T06:47:12Z
62009,Beli lokvanj,sr,Serbia,RS,,Serbian,ГоКуле,2021-08-02T06:47:48Z
991991,Пагмански поточни даждевњак,sr,"","",,Serbian,Zane Roskoph,2021-08-02T12:22:29Z
30472,Краљевска кобра,sr,"","",,Serbian,Zane Roskoph,2021-08-02T18:40:01Z
26081,Ориночки крокодил,sr,"","",,Serbian,Zane Roskoph,2021-08-02T23:32:18Z
26081,Orinočki krokodil,sr,"","",,Serbian,Zane Roskoph,2021-08-02T23:32:50Z
2107,Тринидадски гуан,sr,"","",,Serbian,Zane Roskoph,2021-08-02T23:46:08Z
52459,Жути танг,sr,"","",,Serbian,Zane Roskoph,2021-08-03T13:13:22Z
52188,Кит ајкула,sr,"","",,Serbian,Zane Roskoph,2021-08-03T14:09:15Z
112841,Гренландска ајкула,sr,"","",,Serbian,Zane Roskoph,2021-08-03T15:36:10Z
196489,Ватрена риба,sr,"","",,Serbian,Zane Roskoph,2021-08-03T18:03:36Z
49105,Морски лиснати коњић,sr,"","",,Serbian,Zane Roskoph,2021-08-05T13:48:12Z
5106,Обични кобац,sr,Serbia,RS,,Serbian,ГоКуле,2021-08-08T18:41:19Z
125494,Развигор,sr,Serbia,RS,,Serbian,ГоКуле,2021-08-08T19:10:38Z
2938,Грлица,sr,Serbia,RS,,Serbian,ГоКуле,2021-08-09T07:21:02Z
84517,Руњаста врболика,sr,Serbia,RS,,Serbian,ГоКуле,2021-08-09T07:37:02Z
51147,Бели глог,sr,Serbia,RS,,Serbian,ГоКуле,2021-08-09T09:25:30Z
43136,Тевантепечки зец,sr,"","",,Serbian,Zane Roskoph,2021-08-09T18:38:18Z
146565,Носорога игуана,sr,"","",,Serbian,Zane Roskoph,2021-08-10T15:34:46Z
709635,Перуника,sr,"","",,Serbian,Zane Roskoph,2021-08-10T16:21:39Z
709635,Perunika,sr,"","",,Serbian,Zane Roskoph,2021-08-10T16:26:05Z
35347,морска игуана,sr,"","",,Serbian,Zane Roskoph,2021-08-10T19:52:54Z
35347,Morska iguana,sr,"","",,Serbian,Zane Roskoph,2021-08-10T19:53:13Z
3451,Galapagoska zenaida,sr,"","",,Serbian,Zane Roskoph,2021-08-11T11:49:14Z
144516,Lavin galeb,sr,"","",,Serbian,Zane Roskoph,2021-08-11T12:00:57Z
4555,Beli galeb,sr,"","",,Serbian,Zane Roskoph,2021-08-11T12:07:43Z
3802,Блуна,sr,"","",,Serbian,Zane Roskoph,2021-08-11T15:51:37Z
41644,бели медвед,sr,"","",,Serbian,Zane Roskoph,2021-08-11T17:03:29Z
41724,Морски леопард,sr,"","",,Serbian,Zane Roskoph,2021-08-11T19:30:37Z
41724,Morski leopard,sr,"","",,Serbian,Zane Roskoph,2021-08-11T19:30:50Z
18941,Kea,sr,"","",,Serbian,Zane Roskoph,2021-08-12T14:35:03Z
18941,Кеа,sr,"","",,Serbian,Zane Roskoph,2021-08-12T14:36:45Z
147527,Азијски гепард,sr,"","",,Serbian,Zane Roskoph,2021-08-13T11:46:05Z
41955,гепард,sr,"","",,Serbian,Zane Roskoph,2021-08-13T12:26:25Z
147526,Западноафрички гепард,sr,"","",,Serbian,Zane Roskoph,2021-08-13T12:59:02Z
147526,Zapadnoafrički gepard,sr,"","",,Serbian,Zane Roskoph,2021-08-13T12:59:24Z
41747,Галапагоска фока крзнашица,sr,"","",https://www.inaturalist.org/taxon_names/2641241/edit,Serbian,,2021-08-14T06:59:49Z
112581,Сом,sr,"","",,Serbian,Zane Roskoph,2021-08-14T18:25:52Z
112581,Som,sr,"","",,Serbian,Zane Roskoph,2021-08-14T18:26:17Z
102975,Моруна,sr,"","",,Serbian,Zane Roskoph,2021-08-14T18:58:48Z
446611,Северни плави кит,sr,"","",,Serbian,Zane Roskoph,2021-08-15T12:40:48Z
147550,Патуљасти плави кит,sr,"","",,Serbian,Zane Roskoph,2021-08-15T12:45:30Z
233683,Брестова буба листара,sr,Serbia,RS,,Serbian,ГоКуле,2021-08-15T14:30:42Z
41553,плави кит,sr,"","",,Serbian,Zane Roskoph,2021-08-15T15:35:20Z
41461,белуга,sr,"","",,Serbian,Zane Roskoph,2021-08-15T20:16:14Z
41461,Beluga,sr,"","",,Serbian,Zane Roskoph,2021-08-15T20:16:40Z
48473,Пљосната сјајница,sr,Serbia,RS,,Serbian,ГоКуле,2021-08-17T12:52:46Z
367871,Свалбардски ирвас,sr,"","",,Serbian,Zane Roskoph,2021-08-18T16:00:10Z
167829,Кисели руј,sr,Serbia,RS,,Serbian,ГоКуле,2021-08-19T06:01:54Z
3756,Ражањ,sr,Serbia,RS,,Serbian,ГоКуле,2021-08-19T06:47:00Z
55620,Пасквица,sr,Serbia,RS,,Serbian,ГоКуле,2021-08-19T07:11:30Z
47553,Тиса,sr,Serbia,RS,,Serbian,ГоКуле,2021-08-19T07:20:54Z
54143,Велики козобрад,sr,Serbia,RS,,Serbian,ГоКуле,2021-08-19T07:25:54Z
118552,Домаћа мачка,sr,Serbia,RS,,Serbian,ГоКуле,2021-08-20T08:18:33Z
19998,Кукумавка,sr,Serbia,RS,,Serbian,ГоКуле,2021-08-20T08:20:18Z
61749,Јеленак,sr,Serbia,RS,,Serbian,ГоКуле,2021-08-20T08:22:00Z
12908,Обична траварка,sr,Serbia,RS,,Serbian,ГоКуле,2021-08-21T11:28:46Z
117048,Шумски звиждак,sr,Serbia,RS,,Serbian,ГоКуле,2021-08-21T11:32:43Z
12971,Сива мухарица,sr,Serbia,RS,,Serbian,ГоКуле,2021-08-22T12:02:25Z
12971,Siva muharica,sr,Serbia,RS,,Serbian,ГоКуле,2021-08-22T12:02:52Z
318836,Барска шљука,sr,Serbia,RS,,Serbian,ГоКуле,2021-08-22T12:53:53Z
318836,Barska šljuka,sr,Serbia,RS,,Serbian,ГоКуле,2021-08-22T12:54:42Z
1907,Обична кукавица,sr,Serbia,RS,,Serbian,ГоКуле,2021-08-22T13:14:53Z
1907,Obična kukavica,sr,Serbia,RS,,Serbian,ГоКуле,2021-08-22T13:15:48Z
144895,Mali grinbul,sr,"","",,Serbian,bornfeta,2021-08-23T13:33:29Z
41964,Лав,sr,"","",,Serbian,Zane Roskoph,2021-08-24T15:23:47Z
41964,lav,sr,"","",,Serbian,Zane Roskoph,2021-08-24T15:38:05Z
145337,Purpurna granat astrilda,sr,"","",,Serbian,bornfeta,2021-08-25T04:58:34Z
74831,снежни леопард,sr,"","",,Serbian,Zane Roskoph,2021-08-25T12:01:12Z
73867,Обична корална змија,sr,"","",,Serbian,Zane Roskoph,2021-08-25T15:01:10Z
42052,Црвени вук,sr,"","",,Serbian,Zane Roskoph,2021-08-25T15:37:50Z
42052,Crveni vuk,sr,"","",,Serbian,Zane Roskoph,2021-08-25T15:38:03Z
4857,Vivak,sr,Serbia,RS,,Serbian,ГоКуле,2021-08-26T10:22:08Z
147298,Zidni okaš,sr,Serbia,RS,,Serbian,ГоКуле,2021-08-26T10:23:19Z
4733,Bela roda,sr,Serbia,RS,,Serbian,ГоКуле,2021-08-26T10:25:33Z
4981,Gak,sr,Serbia,RS,,Serbian,ГоКуле,2021-08-26T10:26:30Z
57516,Zemni bumbar,sr,Serbia,RS,,Serbian,ГоКуле,2021-08-26T10:28:01Z
13858,Vrabac pokućar,sr,Serbia,RS,,Serbian,ГоКуле,2021-08-26T10:29:55Z
62426,Okasti smeđaš,sr,Serbia,RS,,Serbian,ГоКуле,2021-08-26T10:30:44Z
57489,Belopegavi ovnić,sr,Serbia,RS,,Serbian,ГоКуле,2021-08-26T10:32:17Z
61781,Riđi skelar,sr,Serbia,RS,,Serbian,ГоКуле,2021-08-26T10:42:45Z
334385,Klinasta skrivalica,sr,Serbia,RS,,Serbian,ГоКуле,2021-08-26T10:43:55Z
55213,Baštenski crni mrav,sr,Serbia,RS,,Serbian,ГоКуле,2021-08-26T10:46:46Z
62766,Srebrna sedefica,sr,Serbia,RS,,Serbian,ГоКуле,2021-08-26T10:48:42Z
940028,Škripavac,sr,Serbia,RS,,Serbian,ГоКуле,2021-08-26T10:49:44Z
56318,Svetlucava gnojištarka,sr,Serbia,RS,,Serbian,ГоКуле,2021-08-26T10:56:14Z
64705,Gradska lasta,sr,Serbia,RS,,Serbian,ГоКуле,2021-08-26T11:07:30Z
333217,Uskršnji leptir,sr,Serbia,RS,,Serbian,ГоКуле,2021-08-26T11:09:11Z
62205,Baštenski slez,sr,Serbia,RS,,Serbian,ГоКуле,2021-08-26T11:13:18Z
12735,Drozd imelaš,sr,Serbia,RS,,Serbian,ГоКуле,2021-08-26T11:18:19Z
55845,Шумска љубичица,sr,Serbia,RS,,Serbian,ГоКуле,2021-08-26T11:27:33Z
55845,Šumska ljubičica,sr,Serbia,RS,,Serbian,ГоКуле,2021-08-26T11:27:49Z
150979,Тањирасти пуж,sr,Serbia,RS,,Serbian,ГоКуле,2021-08-26T11:30:45Z
150979,Tanjirasti puž,sr,Serbia,RS,,Serbian,ГоКуле,2021-08-26T11:31:04Z
55735,Црвени жедњак,sr,Serbia,RS,,Serbian,ГоКуле,2021-08-26T12:06:28Z
55735,Crveni žednjak,sr,Serbia,RS,,Serbian,ГоКуле,2021-08-26T12:06:57Z
20307,Utina,sr,Serbia,RS,,Serbian,ГоКуле,2021-08-26T12:14:10Z
35912,Livadski gušter,sr,Serbia,RS,,Serbian,ГоКуле,2021-08-26T12:15:46Z
56292,Сунцељубива млечика,sr,Serbia,RS,,Serbian,ГоКуле,2021-08-26T12:18:32Z
56292,Sunceljubiva mlečika,sr,Serbia,RS,,Serbian,ГоКуле,2021-08-26T12:18:48Z
41967,тигар,sr,"","",,Serbian,Zane Roskoph,2021-08-26T16:32:40Z
130799,суматрански тигар,sr,"","",,Serbian,Zane Roskoph,2021-08-26T17:04:09Z
130799,Sumatranski tigar,sr,"","",,Serbian,Zane Roskoph,2021-08-26T17:04:25Z
53197,Обични штавељ,sr,Serbia,RS,,Serbian,ГоКуле,2021-08-27T07:55:37Z
53197,Obični štavelj,sr,Serbia,RS,,Serbian,ГоКуле,2021-08-27T07:56:15Z
130398,Шаховничар,sr,Serbia,RS,,Serbian,ГоКуле,2021-08-27T08:26:35Z
130398,Šahovničar,sr,Serbia,RS,,Serbian,ГоКуле,2021-08-27T08:27:03Z
53021,Обични слак,sr,Serbia,RS,,Serbian,ГоКуле,2021-08-27T08:51:11Z
53021,Obični slak,sr,Serbia,RS,,Serbian,ГоКуле,2021-08-27T08:51:28Z
55766,Смрекаста млечика,sr,Serbia,RS,,Serbian,ГоКуле,2021-08-27T09:12:50Z
55766,Smrekasta mlečika,sr,Serbia,RS,,Serbian,ГоКуле,2021-08-27T09:13:22Z
130799,Балијски тигар,sr,"","",,Serbian,Zane Roskoph,2021-08-27T11:28:06Z
130799,Balijski tigar,sr,"","",,Serbian,Zane Roskoph,2021-08-27T11:28:23Z
130799,Јавански тигар,sr,"","",,Serbian,Zane Roskoph,2021-08-27T11:47:08Z
130799,Javanski tigar,sr,"","",,Serbian,Zane Roskoph,2021-08-27T11:47:24Z
14824,Brgljez,sr,Serbia,RS,,Serbian,ГоКуле,2021-08-27T11:48:43Z
130793,бенгалски тигар,sr,"","",,Serbian,Zane Roskoph,2021-08-27T12:41:29Z
130793,индокинески тигар,sr,"","",,Serbian,Zane Roskoph,2021-08-27T14:21:30Z
130793,Indokineski tigar,sr,"","",,Serbian,Zane Roskoph,2021-08-27T14:21:51Z
130793,Јужнокинески тигар,sr,"","",,Serbian,Zane Roskoph,2021-08-27T14:40:21Z
130793,Južnokineski tigar,sr,"","",,Serbian,Zane Roskoph,2021-08-27T14:40:45Z
27677,човечја рибица,sr,"","",,Serbian,Zane Roskoph,2021-08-27T15:13:11Z
31519,Молох гмизавац,sr,"","",,Serbian,Zane Roskoph,2021-08-27T17:41:23Z
3978,Полојка,sr,Serbia,RS,,Serbian,ГоКуле,2021-08-27T19:02:25Z
3978,Polojka,sr,Serbia,RS,,Serbian,ГоКуле,2021-08-27T19:02:46Z
480298,Баштенски пуж,sr,Serbia,RS,,Serbian,ГоКуле,2021-08-31T09:29:27Z
480298,Baštenski puž,sr,Serbia,RS,,Serbian,ГоКуле,2021-08-31T09:29:52Z
18448,Вијоглава,sr,Serbia,RS,,Serbian,ГоКуле,2021-09-05T11:54:26Z
8010,Обични гавран,sr,Serbia,RS,,Serbian,ГоКуле,2021-09-05T12:08:27Z
201282,Барска кокица,sr,Serbia,RS,,Serbian,ГоКуле,2021-09-05T12:09:34Z
3878,Кривокљуни спрудник,sr,Serbia,RS,,Serbian,ГоКуле,2021-09-05T12:12:16Z
4643,Ластавичар,sr,Serbia,RS,,Serbian,ГоКуле,2021-09-05T12:13:13Z
4237,Мали гњурац,sr,Serbia,RS,,Serbian,ГоКуле,2021-09-05T15:27:18Z
13711,Шумска трептељка,sr,Serbia,RS,,Serbian,ГоКуле,2021-09-05T15:42:40Z
53905,Богомољка,sr,Serbia,RS,,Serbian,ГоКуле,2021-09-06T12:34:39Z
53905,Bogomoljka,sr,Serbia,RS,,Serbian,ГоКуле,2021-09-06T12:35:09Z
8010,Obični gavran,sr,Serbia,RS,,Serbian,ГоКуле,2021-09-07T08:11:45Z
18448,Vijoglava,sr,Serbia,RS,,Serbian,ГоКуле,2021-09-07T08:15:24Z
132657,Бркати пољски коњиц,sr,Serbia,RS,,Serbian,ГоКуле,2021-09-07T08:26:32Z
145360,Zelentarka,sr,Serbia,RS,,Serbian,ГоКуле,2021-09-08T12:10:51Z
15282,Црноглава грмуша,sr,Serbia,RS,,Serbian,ГоКуле,2021-09-11T12:52:39Z
5325,Осичар,sr,Serbia,RS,,Serbian,ГоКуле,2021-09-11T17:36:15Z
15302,Сива грмуша,sr,Serbia,RS,,Serbian,ГоКуле,2021-09-11T19:40:55Z
15302,Siva grmuša,sr,Serbia,RS,,Serbian,ГоКуле,2021-09-11T19:41:30Z
154654,Тамни дукат,sr,Serbia,RS,,Serbian,ГоКуле,2021-09-13T08:27:44Z
362078,Аманда,sr,Serbia,RS,,Serbian,ГоКуле,2021-09-13T08:40:40Z
55641,Обични плавац,sr,Serbia,RS,,Serbian,ГоКуле,2021-09-14T05:52:37Z
125563,Obični jedrenjak,sr,Serbia,RS,,Serbian,ГоКуле,2021-09-14T06:24:37Z
117055,Брезов звиждак,sr,Serbia,RS,,Serbian,ГоКуле,2021-09-17T11:13:49Z
111948,Mekousna,sr,"","","Philips TK, Moretto P (2025) Revision of the genus _Pseudopedaria_ Felsche, 1904, with descriptions of three new species and a subspecies from Central Africa (Coleoptera: Scarabaeinae: Coprini). Catharsius La Revue (N.S.) 5: 1–26. doi:10.5281/zenodo.17036002.",Serbian,Cole Gaerber,2021-09-17T13:25:29Z
118688,Babica kukuranda,sr,"","","Philips TK, Moretto P (2025) Revision of the genus _Pseudopedaria_ Felsche, 1904, with descriptions of three new species and a subspecies from Central Africa (Coleoptera: Scarabaeinae: Coprini). Catharsius La Revue (N.S.) 5: 1–26. doi:10.5281/zenodo.17036002.",Serbian,,2021-09-17T23:01:46Z
114122,Tunj,sr,"","","Philips TK, Moretto P (2025) Revision of the genus _Pseudopedaria_ Felsche, 1904, with descriptions of three new species and a subspecies from Central Africa (Coleoptera: Scarabaeinae: Coprini). Catharsius La Revue (N.S.) 5: 1–26. doi:10.5281/zenodo.17036002.",Serbian,iSea,2021-09-18T18:44:07Z
114126,Tunj,sr,"","","Philips TK, Moretto P (2025) Revision of the genus _Pseudopedaria_ Felsche, 1904, with descriptions of three new species and a subspecies from Central Africa (Coleoptera: Scarabaeinae: Coprini). Catharsius La Revue (N.S.) 5: 1–26. doi:10.5281/zenodo.17036002.",Serbian,iSea,2021-09-18T18:44:08Z
114122,Tunji,sr,"","","Philips TK, Moretto P (2025) Revision of the genus _Pseudopedaria_ Felsche, 1904, with descriptions of three new species and a subspecies from Central Africa (Coleoptera: Scarabaeinae: Coprini). Catharsius La Revue (N.S.) 5: 1–26. doi:10.5281/zenodo.17036002.",Serbian,iSea,2021-09-18T19:13:53Z
114122,Silac,sr,"","","Philips TK, Moretto P (2025) Revision of the genus _Pseudopedaria_ Felsche, 1904, with descriptions of three new species and a subspecies from Central Africa (Coleoptera: Scarabaeinae: Coprini). Catharsius La Revue (N.S.) 5: 1–26. doi:10.5281/zenodo.17036002.",Serbian,iSea,2021-09-18T19:14:05Z
114122,Dugoperajni tunj,sr,"","","Philips TK, Moretto P (2025) Revision of the genus _Pseudopedaria_ Felsche, 1904, with descriptions of three new species and a subspecies from Central Africa (Coleoptera: Scarabaeinae: Coprini). Catharsius La Revue (N.S.) 5: 1–26. doi:10.5281/zenodo.17036002.",Serbian,iSea,2021-09-18T19:14:17Z
114122,Bijeli tunj,sr,"","","Philips TK, Moretto P (2025) Revision of the genus _Pseudopedaria_ Felsche, 1904, with descriptions of three new species and a subspecies from Central Africa (Coleoptera: Scarabaeinae: Coprini). Catharsius La Revue (N.S.) 5: 1–26. doi:10.5281/zenodo.17036002.",Serbian,iSea,2021-09-18T19:14:26Z
49601,Bucanj,sr,"","","Philips TK, Moretto P (2025) Revision of the genus _Pseudopedaria_ Felsche, 1904, with descriptions of three new species and a subspecies from Central Africa (Coleoptera: Scarabaeinae: Coprini). Catharsius La Revue (N.S.) 5: 1–26. doi:10.5281/zenodo.17036002.",Serbian,Victor HOYEAU,2021-09-19T15:20:20Z
51362,Scepa,sr,"","","Philips TK, Moretto P (2025) Revision of the genus _Pseudopedaria_ Felsche, 1904, with descriptions of three new species and a subspecies from Central Africa (Coleoptera: Scarabaeinae: Coprini). Catharsius La Revue (N.S.) 5: 1–26. doi:10.5281/zenodo.17036002.",Serbian,,2021-09-19T18:39:00Z
51362,Lojka,sr,"","",,Serbian,Zane Roskoph,2021-09-19T18:39:25Z
82128,Pzina golema,sr,"","","Philips TK, Moretto P (2025) Revision of the genus _Pseudopedaria_ Felsche, 1904, with descriptions of three new species and a subspecies from Central Africa (Coleoptera: Scarabaeinae: Coprini). Catharsius La Revue (N.S.) 5: 1–26. doi:10.5281/zenodo.17036002.",Serbian,,2021-09-19T22:52:31Z
55757,Росопас,sr,Serbia,RS,,Serbian,Lazar Popović,2021-09-20T20:30:27Z
128901,Копитњак,sr,Serbia,RS,,Serbian,Lazar Popović,2021-09-20T20:32:27Z
56304,Вилино сито,sr,Serbia,RS,,Serbian,Lazar Popović,2021-09-20T20:33:27Z
54594,Смрдљиви стршак,sr,Serbia,RS,,Serbian,Lazar Popović,2021-09-20T20:35:26Z
56228,Алпска стрижибуба,sr,Serbia,RS,,Serbian,Lazar Popović,2021-09-20T20:36:54Z
62379,Чуваркуће,sr,Serbia,RS,,Serbian,Lazar Popović,2021-09-20T20:39:07Z
204588,Благва,sr,Serbia,RS,,Serbian,Lazar Popović,2021-09-20T20:40:50Z
48703,Вргањи,sr,Serbia,RS,,Serbian,Lazar Popović,2021-09-20T20:41:32Z
52658,Округолисна росуља,sr,Serbia,RS,,Serbian,Lazar Popović,2021-09-20T20:43:07Z
125932,Храстова сјајница,sr,Serbia,RS,,Serbian,Lazar Popović,2021-09-20T20:44:10Z
56170,Чичава коница,sr,Serbia,RS,,Serbian,Lazar Popović,2021-09-20T20:46:40Z
47357,Лукови,sr,Serbia,RS,,Serbian,Lazar Popović,2021-09-20T20:48:08Z
47851,Храстови,sr,Serbia,RS,,Serbian,Lazar Popović,2021-09-20T20:50:20Z
48475,Сјајнице,sr,Serbia,RS,,Serbian,Lazar Popović,2021-09-20T20:52:08Z
82351,Ugotica,sr,"","","Philips TK, Moretto P (2025) Revision of the genus _Pseudopedaria_ Felsche, 1904, with descriptions of three new species and a subspecies from Central Africa (Coleoptera: Scarabaeinae: Coprini). Catharsius La Revue (N.S.) 5: 1–26. doi:10.5281/zenodo.17036002.",Serbian,,2021-10-02T14:27:09Z
430553,Ugotica,sr,"","","Philips TK, Moretto P (2025) Revision of the genus _Pseudopedaria_ Felsche, 1904, with descriptions of three new species and a subspecies from Central Africa (Coleoptera: Scarabaeinae: Coprini). Catharsius La Revue (N.S.) 5: 1–26. doi:10.5281/zenodo.17036002.",Serbian,,2021-10-02T14:27:10Z
120702,Ugotica,sr,"","","Philips TK, Moretto P (2025) Revision of the genus _Pseudopedaria_ Felsche, 1904, with descriptions of three new species and a subspecies from Central Africa (Coleoptera: Scarabaeinae: Coprini). Catharsius La Revue (N.S.) 5: 1–26. doi:10.5281/zenodo.17036002.",Serbian,Stuart Longhorn,2021-10-02T14:27:11Z
332553,Ugotica,sr,"","","Philips TK, Moretto P (2025) Revision of the genus _Pseudopedaria_ Felsche, 1904, with descriptions of three new species and a subspecies from Central Africa (Coleoptera: Scarabaeinae: Coprini). Catharsius La Revue (N.S.) 5: 1–26. doi:10.5281/zenodo.17036002.",Serbian,,2021-10-02T14:27:11Z
180029,Ugotica,sr,"","","Philips TK, Moretto P (2025) Revision of the genus _Pseudopedaria_ Felsche, 1904, with descriptions of three new species and a subspecies from Central Africa (Coleoptera: Scarabaeinae: Coprini). Catharsius La Revue (N.S.) 5: 1–26. doi:10.5281/zenodo.17036002.",Serbian,,2021-10-02T14:27:11Z
224886,Ugotica,sr,"","","Philips TK, Moretto P (2025) Revision of the genus _Pseudopedaria_ Felsche, 1904, with descriptions of three new species and a subspecies from Central Africa (Coleoptera: Scarabaeinae: Coprini). Catharsius La Revue (N.S.) 5: 1–26. doi:10.5281/zenodo.17036002.",Serbian,Mirko Schoenitz,2021-10-02T14:27:12Z
63740,Ugotica,sr,"","","Philips TK, Moretto P (2025) Revision of the genus _Pseudopedaria_ Felsche, 1904, with descriptions of three new species and a subspecies from Central Africa (Coleoptera: Scarabaeinae: Coprini). Catharsius La Revue (N.S.) 5: 1–26. doi:10.5281/zenodo.17036002.",Serbian,,2021-10-02T14:27:12Z
786323,Javra,sr,"","",http://www.catalogueoflife.org/annual-checklist/details/species/id/10064930/common/232739,Serbian,,2021-10-03T08:54:14Z
66322,Зелена жаба,sr,Serbia,RS,,Serbian,ГоКуле,2021-10-05T13:06:01Z
2599,Водомар,sr,Serbia,RS,,Serbian,ГоКуле,2021-10-05T13:07:25Z
126155,Немачка оса,sr,Serbia,RS,,Serbian,ГоКуле,2021-10-07T12:38:45Z
144849,Плава сеница,sr,Serbia,RS,,Serbian,ГоКуле,2021-10-18T10:17:04Z
3879,Црвеноноги спрудник,sr,"","",,Serbian,Павел Несмеянов,2021-10-21T22:17:21Z
144823,Јелова сеница,sr,Serbia,RS,,Serbian,ГоКуле,2021-10-23T10:31:03Z
102883,Poletusa,sr,"","","Philips TK, Moretto P (2025) Revision of the genus _Pseudopedaria_ Felsche, 1904, with descriptions of three new species and a subspecies from Central Africa (Coleoptera: Scarabaeinae: Coprini). Catharsius La Revue (N.S.) 5: 1–26. doi:10.5281/zenodo.17036002.",Serbian,Victor HOYEAU,2021-10-23T14:21:25Z
120655,Poletuša,sr,"","","Philips TK, Moretto P (2025) Revision of the genus _Pseudopedaria_ Felsche, 1904, with descriptions of three new species and a subspecies from Central Africa (Coleoptera: Scarabaeinae: Coprini). Catharsius La Revue (N.S.) 5: 1–26. doi:10.5281/zenodo.17036002.",Serbian,operculum_ben,2021-10-23T14:21:26Z
120658,Poletusa,sr,"","","Philips TK, Moretto P (2025) Revision of the genus _Pseudopedaria_ Felsche, 1904, with descriptions of three new species and a subspecies from Central Africa (Coleoptera: Scarabaeinae: Coprini). Catharsius La Revue (N.S.) 5: 1–26. doi:10.5281/zenodo.17036002.",Serbian,Loopy30,2021-10-23T14:21:26Z
120655,Poletusa,sr,"","","Philips TK, Moretto P (2025) Revision of the genus _Pseudopedaria_ Felsche, 1904, with descriptions of three new species and a subspecies from Central Africa (Coleoptera: Scarabaeinae: Coprini). Catharsius La Revue (N.S.) 5: 1–26. doi:10.5281/zenodo.17036002.",Serbian,operculum_ben,2021-10-23T14:21:26Z
120629,Poletusa,sr,"","","Philips TK, Moretto P (2025) Revision of the genus _Pseudopedaria_ Felsche, 1904, with descriptions of three new species and a subspecies from Central Africa (Coleoptera: Scarabaeinae: Coprini). Catharsius La Revue (N.S.) 5: 1–26. doi:10.5281/zenodo.17036002.",Serbian,Clinton Duffy,2021-10-23T14:21:26Z
120657,Poletuša,sr,"","","Philips TK, Moretto P (2025) Revision of the genus _Pseudopedaria_ Felsche, 1904, with descriptions of three new species and a subspecies from Central Africa (Coleoptera: Scarabaeinae: Coprini). Catharsius La Revue (N.S.) 5: 1–26. doi:10.5281/zenodo.17036002.",Serbian,,2021-10-23T14:21:26Z
317046,Poletusa,sr,"","","Philips TK, Moretto P (2025) Revision of the genus _Pseudopedaria_ Felsche, 1904, with descriptions of three new species and a subspecies from Central Africa (Coleoptera: Scarabaeinae: Coprini). Catharsius La Revue (N.S.) 5: 1–26. doi:10.5281/zenodo.17036002.",Serbian,,2021-10-23T14:21:27Z
120657,Poletusa,sr,"","","Philips TK, Moretto P (2025) Revision of the genus _Pseudopedaria_ Felsche, 1904, with descriptions of three new species and a subspecies from Central Africa (Coleoptera: Scarabaeinae: Coprini). Catharsius La Revue (N.S.) 5: 1–26. doi:10.5281/zenodo.17036002.",Serbian,,2021-10-23T14:21:28Z
120653,Poletuša,sr,"","","Philips TK, Moretto P (2025) Revision of the genus _Pseudopedaria_ Felsche, 1904, with descriptions of three new species and a subspecies from Central Africa (Coleoptera: Scarabaeinae: Coprini). Catharsius La Revue (N.S.) 5: 1–26. doi:10.5281/zenodo.17036002.",Serbian,,2021-10-23T14:21:28Z
102883,Poletuša,sr,"","","Philips TK, Moretto P (2025) Revision of the genus _Pseudopedaria_ Felsche, 1904, with descriptions of three new species and a subspecies from Central Africa (Coleoptera: Scarabaeinae: Coprini). Catharsius La Revue (N.S.) 5: 1–26. doi:10.5281/zenodo.17036002.",Serbian,Victor HOYEAU,2021-10-23T14:21:28Z
120653,Poletusa,sr,"","","Philips TK, Moretto P (2025) Revision of the genus _Pseudopedaria_ Felsche, 1904, with descriptions of three new species and a subspecies from Central Africa (Coleoptera: Scarabaeinae: Coprini). Catharsius La Revue (N.S.) 5: 1–26. doi:10.5281/zenodo.17036002.",Serbian,,2021-10-23T14:21:28Z
145363,Царић,sr,Serbia,RS,,Serbian,ГоКуле,2021-11-13T10:26:31Z
4647,Сиви соко,sr,Serbia,RS,,Serbian,ГоКуле,2021-11-14T21:05:16Z
59202,Морски галеб,sr,Serbia,RS,,Serbian,ГоКуле,2021-11-15T13:44:13Z
117097,Ватроглави краљић,sr,Serbia,RS,,Serbian,ГоКуле,2021-11-15T13:45:01Z
7019,Лисаста гуска,sr,Serbia,RS,,Serbian,ГоКуле,2021-11-16T12:30:42Z
12707,Дрозд боровњак,sr,Serbia,RS,,Serbian,ГоКуле,2021-12-01T12:37:54Z
12707,Drozd borovnjak,sr,Serbia,RS,,Serbian,ГоКуле,2021-12-01T12:38:21Z
101906,Siba zutulja,sr,"","","Philips TK, Moretto P (2025) Revision of the genus _Pseudopedaria_ Felsche, 1904, with descriptions of three new species and a subspecies from Central Africa (Coleoptera: Scarabaeinae: Coprini). Catharsius La Revue (N.S.) 5: 1–26. doi:10.5281/zenodo.17036002.",Serbian,,2021-12-04T17:40:22Z
47276,Siba zutulja,sr,"","","Philips TK, Moretto P (2025) Revision of the genus _Pseudopedaria_ Felsche, 1904, with descriptions of three new species and a subspecies from Central Africa (Coleoptera: Scarabaeinae: Coprini). Catharsius La Revue (N.S.) 5: 1–26. doi:10.5281/zenodo.17036002.",Serbian,,2021-12-04T17:40:23Z
111212,Siba zutulja,sr,"","","Philips TK, Moretto P (2025) Revision of the genus _Pseudopedaria_ Felsche, 1904, with descriptions of three new species and a subspecies from Central Africa (Coleoptera: Scarabaeinae: Coprini). Catharsius La Revue (N.S.) 5: 1–26. doi:10.5281/zenodo.17036002.",Serbian,,2021-12-04T17:40:25Z
114782,Siba zutulja,sr,"","","Philips TK, Moretto P (2025) Revision of the genus _Pseudopedaria_ Felsche, 1904, with descriptions of three new species and a subspecies from Central Africa (Coleoptera: Scarabaeinae: Coprini). Catharsius La Revue (N.S.) 5: 1–26. doi:10.5281/zenodo.17036002.",Serbian,,2021-12-04T17:40:25Z
117016,Обични звиждак,sr,Serbia,RS,,Serbian,ГоКуле,2021-12-19T15:30:38Z
9201,Барска стрнадица,sr,Serbia,RS,,Serbian,ГоКуле,2022-01-02T20:51:50Z
7055,Патка њорка,sr,Serbia,RS,,Serbian,ГоКуле,2022-01-04T20:48:15Z
58722,Obični bor,sr,Serbia,RS,,Serbian,ГоКуле,2022-01-11T09:30:59Z
203153,Velika senica,sr,Serbia,RS,,Serbian,ГоКуле,2022-01-12T14:14:01Z
20315,Ритска сова,sr,Serbia,RS,,Serbian,ГоКуле,2022-01-17T08:07:20Z
85027,Дивљи љиљан,sr,Serbia,RS,,Serbian,ГоКуле,2022-01-17T08:09:19Z
31975,Блавор,sr,"","",,Serbian,Павел Несмеянов,2022-01-18T16:32:57Z
10069,Северна зеба,sr,Serbia,RS,,Serbian,ГоКуле,2022-01-29T17:26:07Z
10069,Severna zeba,sr,Serbia,RS,,Serbian,ГоКуле,2022-01-29T17:27:33Z
9201,Barska strnadica,sr,Serbia,RS,,Serbian,ГоКуле,2022-01-30T11:28:49Z
13729,Ливадска трептељка,sr,Serbia,RS,,Serbian,ГоКуле,2022-01-31T17:25:15Z
13729,Livadska trepteljka,sr,Serbia,RS,,Serbian,ГоКуле,2022-01-31T17:25:36Z
13000,Crna crvenrepka,sr,Serbia,RS,,Serbian,ГоКуле,2022-02-01T12:18:22Z
472766,Vetruška,sr,Serbia,RS,,Serbian,ГоКуле,2022-02-01T12:19:47Z
10070,Zeba,sr,Serbia,RS,,Serbian,ГоКуле,2022-02-01T12:20:33Z
144823,Jelova senica,sr,Serbia,RS,,Serbian,ГоКуле,2022-02-01T12:21:21Z
482,Liska,sr,Serbia,RS,,Serbian,ГоКуле,2022-02-01T12:22:02Z
201282,Barska kokica,sr,Serbia,RS,,Serbian,ГоКуле,2022-02-01T13:02:05Z
6937,Krdža,sr,Serbia,RS,,Serbian,ГоКуле,2022-02-01T13:10:01Z
4237,Mali gnjurac,sr,Serbia,RS,,Serbian,ГоКуле,2022-02-01T13:10:45Z
891696,Svraka,sr,Serbia,RS,,Serbian,ГоКуле,2022-02-01T13:11:51Z
4647,Sivi soko,sr,Serbia,RS,,Serbian,ГоКуле,2022-02-01T13:12:50Z
145363,Carić,sr,Serbia,RS,,Serbian,ГоКуле,2022-02-01T13:13:20Z
981,Fazan,sr,Serbia,RS,,Serbian,ГоКуле,2022-02-01T13:15:25Z
55882,Бршљан,sr,Serbia,RS,,Serbian,ГоКуле,2022-02-01T13:18:46Z
55882,Bršljan,sr,Serbia,RS,,Serbian,ГоКуле,2022-02-01T13:19:09Z
8088,Sojka,sr,Serbia,RS,,Serbian,ГоКуле,2022-02-01T13:22:06Z
9398,Češljugar,sr,Serbia,RS,,Serbian,ГоКуле,2022-02-01T13:23:04Z
4643,Lastavičar,sr,Serbia,RS,,Serbian,ГоКуле,2022-02-01T13:24:57Z
13094,Crvendać,sr,Serbia,RS,,Serbian,ГоКуле,2022-02-01T13:26:17Z
558429,Grogotovac,sr,Serbia,RS,,Serbian,ГоКуле,2022-02-03T07:06:36Z
204472,Obični mišar,sr,Serbia,RS,,Serbian,ГоКуле,2022-02-03T07:10:08Z
41850,Видра,sr,Serbia,RS,,Serbian,ГоКуле,2022-02-03T07:11:17Z
41850,Vidra,sr,Serbia,RS,,Serbian,ГоКуле,2022-02-03T07:11:41Z
144849,Plava senica,sr,Serbia,RS,,Serbian,ГоКуле,2022-02-03T07:13:17Z
144510,Obični galeb,sr,Serbia,RS,,Serbian,ГоКуле,2022-02-03T07:13:59Z
76237,Лосонов пачемпрес,sr,Serbia,RS,,Serbian,ГоКуле,2022-02-09T09:11:34Z
76237,Losonov pačempres,sr,Serbia,RS,,Serbian,ГоКуле,2022-02-09T09:11:59Z
9462,Зимовка,sr,Serbia,RS,,Serbian,ГоКуле,2022-02-12T10:49:20Z
9462,Zimovka,sr,Serbia,RS,,Serbian,ГоКуле,2022-02-12T10:49:52Z
558441,Звиждара,sr,Serbia,RS,,Serbian,ГоКуле,2022-02-13T14:17:52Z
558441,Zviždara,sr,Serbia,RS,,Serbian,ГоКуле,2022-02-13T14:18:19Z
13713,Планинска трептељка,sr,Serbia,RS,,Serbian,ГоКуле,2022-02-13T14:20:17Z
13713,Planinska trepteljka,sr,Serbia,RS,,Serbian,ГоКуле,2022-02-13T14:21:04Z
9195,Стрнадица жутовољка,sr,Serbia,RS,,Serbian,ГоКуле,2022-03-07T09:46:46Z
9195,Strnadica žutovoljka,sr,Serbia,RS,,Serbian,ГоКуле,2022-03-07T09:47:10Z
14850,Čvorak,sr,Serbia,RS,,Serbian,ГоКуле,2022-03-07T10:14:33Z
13133,Belovrata muharica,sr,Serbia,RS,,Serbian,ГоКуле,2022-03-07T10:20:34Z
13133,Беловрата мухарица,sr,Serbia,RS,,Serbian,ГоКуле,2022-03-07T10:20:57Z
55851,Crvena mrtva kopriva,sr,Serbia,RS,,Serbian,ГоКуле,2022-03-07T11:41:26Z
55851,Црвена мртва коприва,sr,Serbia,RS,,Serbian,ГоКуле,2022-03-07T11:41:56Z
59778,Pastrnak obični,sr,Serbia,RS,,Serbian,ГоКуле,2022-03-09T11:24:57Z
59778,Пастрнак обични,sr,Serbia,RS,,Serbian,ГоКуле,2022-03-09T11:25:24Z
6933,Шиљкан,sr,Serbia,RS,,Serbian,ГоКуле,2022-03-12T15:51:38Z
6933,Šiljkan,sr,Serbia,RS,,Serbian,ГоКуле,2022-03-12T15:52:26Z
558439,Чегртуша,sr,Serbia,RS,,Serbian,ГоКуле,2022-03-12T15:53:17Z
558439,Čegrtuša,sr,Serbia,RS,,Serbian,ГоКуле,2022-03-12T15:53:46Z
170140,Divizma krupnocvetna,sr,Serbia,RS,,Serbian,ГоКуле,2022-03-18T11:41:14Z
461061,Пешчар,sr,Serbia,RS,,Serbian,ГоКуле,2022-03-20T13:34:41Z
461061,Peščar,sr,Serbia,RS,,Serbian,ГоКуле,2022-03-20T13:35:37Z
54134,Ћуранов реп,sr,Serbia,RS,,Serbian,ГоКуле,2022-03-20T13:40:18Z
54134,Ćuranov rep,sr,Serbia,RS,,Serbian,ГоКуле,2022-03-20T13:41:19Z
144243,Зелена жуна,sr,Serbia,RS,,Serbian,ГоКуле,2022-03-22T08:51:00Z
144243,Zelena žuna,sr,Serbia,RS,,Serbian,ГоКуле,2022-03-22T08:51:34Z
55563,Krasuljak,sr,Serbia,RS,,Serbian,ГоКуле,2022-03-22T09:00:13Z
55563,Красуљак,sr,Serbia,RS,,Serbian,ГоКуле,2022-03-22T09:00:35Z
74319,Црвена газела,sr,"","",https://www.inaturalist.org/taxon_names/2631555/edit,Serbian,,2022-03-24T20:30:37Z
469472,јабука,sr,"","",,Serbian,,2022-03-27T05:04:32Z
45683,Динарска волухарица,sr,"","",,Serbian,Павел Несмеянов,2022-04-03T19:32:20Z
20969,Пупавац,sr,Serbia,RS,,Serbian,ГоКуле,2022-04-08T09:55:24Z
20969,Pupavac,sr,Serbia,RS,,Serbian,ГоКуле,2022-04-08T09:55:46Z
1286843,Carić rogožar,sr,"","",,Serbian,max kirsch,2022-04-12T19:28:59Z
7596,Carić tršćar,sr,"","",,Serbian,max kirsch,2022-04-12T19:47:57Z
1289484,Грмуша чаврљанка,sr,"","",https://www.inaturalist.org/taxon_names/2668192/edit,Serbian,carnifex,2022-04-18T20:58:22Z
1289470,Obična grmuša,sr,"","",https://www.inaturalist.org/taxon_names/2674966/edit,Serbian,Sean Cozart,2022-04-18T21:00:37Z
1289470,Обична грмуша,sr,"","",https://www.inaturalist.org/taxon_names/2674965/edit,Serbian,Sean Cozart,2022-04-18T21:00:37Z
47687,Obični čapljan,sr,Serbia,RS,,Serbian,ГоКуле,2022-04-19T17:42:55Z
47687,Обични чапљан,sr,Serbia,RS,,Serbian,ГоКуле,2022-04-19T17:44:06Z
25669,Шумска жаба,sr,Serbia,RS,,Serbian,ГоКуле,2022-04-25T06:08:20Z
25669,Šumska žaba,sr,Serbia,RS,,Serbian,ГоКуле,2022-04-25T06:09:15Z
145291,Велика стрнадица,sr,Serbia,RS,,Serbian,ГоКуле,2022-04-26T07:02:54Z
145291,Velika strnadica,sr,Serbia,RS,,Serbian,ГоКуле,2022-04-26T07:04:44Z
4208,Ћубасти гњурац,sr,Serbia,RS,,Serbian,ГоКуле,2022-04-26T09:42:00Z
4208,Ćubasti gnjurac,sr,Serbia,RS,,Serbian,ГоКуле,2022-04-26T09:43:59Z
203062,Vrtna gnojištarka,sr,Serbia,RS,,Serbian,ГоКуле,2022-04-26T12:36:04Z
203062,Вртна гнојиштарка,sr,Serbia,RS,,Serbian,ГоКуле,2022-04-26T12:36:54Z
56099,Puzava ivica,sr,Serbia,RS,,Serbian,ГоКуле,2022-04-28T20:05:23Z
56099,Пузава ивица,sr,Serbia,RS,,Serbian,ГоКуле,2022-04-28T20:06:03Z
7024,Гавка,sr,Serbia,RS,,Serbian,ГоКуле,2022-05-09T12:49:16Z
4843,Остригар,sr,Serbia,RS,,Serbian,ГоКуле,2022-05-09T12:53:40Z
4180,Burnjak,sr,Serbia,RS,,Serbian,ГоКуле,2022-05-10T07:50:19Z
4180,Бурњак,sr,Serbia,RS,,Serbian,ГоКуле,2022-05-10T07:51:12Z
4504,Morski papagaj,sr,Serbia,RS,,Serbian,ГоКуле,2022-05-10T09:58:11Z
4504,Морски папагај,sr,Serbia,RS,,Serbian,ГоКуле,2022-05-10T09:58:52Z
145300,Juričica,sr,Serbia,RS,,Serbian,ГоКуле,2022-05-10T10:02:06Z
145300,Jуричица,sr,Serbia,RS,,Serbian,ГоКуле,2022-05-10T10:02:46Z
12749,Mali drozd,sr,Serbia,RS,,Serbian,ГоКуле,2022-05-10T14:33:57Z
12749,Мали дрозд,sr,Serbia,RS,,Serbian,ГоКуле,2022-05-10T14:34:52Z
4889,Zlatni vivak,sr,Serbia,RS,,Serbian,ГоКуле,2022-05-11T20:59:24Z
4889,Златни вивак,sr,Serbia,RS,,Serbian,ГоКуле,2022-05-11T21:00:19Z
204533,Сребрнасти галеб,sr,Serbia,RS,,Serbian,ГоКуле,2022-05-14T22:23:07Z
204533,Srebrnasti galeb,sr,Serbia,RS,,Serbian,ГоКуле,2022-05-14T22:24:34Z
4449,Арктичка чигра,sr,Serbia,RS,,Serbian,ГоКуле,2022-05-15T14:31:06Z
4449,Artička čigra,sr,Serbia,RS,,Serbian,ГоКуле,2022-05-15T14:32:01Z
3879,Crvenonogi sprudnik,sr,Serbia,RS,,Serbian,ГоКуле,2022-05-16T20:53:30Z
4418,Crna njorka,sr,Serbia,RS,,Serbian,ГоКуле,2022-05-21T12:27:16Z
4418,Црна њорка,sr,Serbia,RS,,Serbian,ГоКуле,2022-05-21T12:27:57Z
64078,Crnokrpica,sr,Croatia | Serbia | Bosnia and Herzegovina,"HR,RS,BA",,Serbian,Marino Linić,2022-05-24T10:33:09Z
325295,Шимширов пламенац,sr,Serbia,RS,,Serbian,Павел Несмеянов,2022-05-27T12:00:07Z
48197,Гундељ,sr,"","",,Serbian,Павел Несмеянов,2022-05-31T21:31:21Z
48197,Kокица,sr,"","",,Serbian,Павел Несмеянов,2022-05-31T21:32:23Z
81687,Kućna majčica,sr,Serbia,RS,,Serbian,ГоКуле,2022-06-06T09:02:16Z
81687,Кућна мајчица,sr,Serbia,RS,,Serbian,ГоКуле,2022-06-06T09:04:24Z
53178,Мушка боквица,sr,Serbia,RS,,Serbian,ГоКуле,2022-06-08T16:27:53Z
53178,Muška bokvica,sr,Serbia,RS,,Serbian,ГоКуле,2022-06-08T16:28:26Z
76812,Crna mahunica,sr,Serbia,RS,,Serbian,ГоКуле,2022-06-24T07:50:59Z
76812,Црна махуница,sr,Serbia,RS,,Serbian,ГоКуле,2022-06-24T07:51:48Z
126193,Млађа,sr,Serbia,RS,,Serbian,ГоКуле,2022-06-24T07:58:16Z
126193,Mlađa,sr,Serbia,RS,,Serbian,ГоКуле,2022-06-24T07:58:39Z
52720,Јежевица,sr,Serbia,RS,,Serbian,ГоКуле,2022-06-24T08:00:24Z
52720,Јеževica,sr,Serbia,RS,,Serbian,ГоКуле,2022-06-24T08:00:49Z
52821,Хајдучка трава,sr,Serbia,RS,,Serbian,ГоКуле,2022-06-24T08:01:33Z
52821,Hajdučka trava,sr,Serbia,RS,,Serbian,ГоКуле,2022-06-24T08:01:54Z
53582,Лалино дрво,sr,Serbia,RS,,Serbian,ГоКуле,2022-06-24T08:02:43Z
53582,Lalino drvo,sr,Serbia,RS,,Serbian,ГоКуле,2022-06-24T08:03:04Z
50298,Шумска јагода,sr,Serbia,RS,,Serbian,ГоКуле,2022-06-24T08:04:00Z
50298,Šumska jagoda,sr,Serbia,RS,,Serbian,ГоКуле,2022-06-24T08:04:26Z
55666,Kokošija ljubica,sr,Serbia,RS,,Serbian,ГоКуле,2022-06-24T08:06:05Z
55666,Кокошија љубица,sr,Serbia,RS,,Serbian,ГоКуле,2022-06-24T08:06:33Z
56121,Русомача,sr,Serbia,RS,,Serbian,ГоКуле,2022-06-24T08:07:57Z
56121,Rusomača,sr,Serbia,RS,,Serbian,ГоКуле,2022-06-24T08:08:30Z
56136,Јагорчевина,sr,Serbia,RS,,Serbian,ГоКуле,2022-06-24T08:09:13Z
56136,Jagorčevina,sr,Serbia,RS,,Serbian,ГоКуле,2022-06-24T08:09:32Z
60132,Palamida,sr,Serbia,RS,,Serbian,ГоКуле,2022-06-24T08:11:07Z
60132,Паламида,sr,Serbia,RS,,Serbian,ГоКуле,2022-06-24T08:11:29Z
62313,Mačkov brk,sr,Serbia,RS,,Serbian,ГоКуле,2022-06-24T08:12:37Z
62336,Анђелика,sr,Serbia,RS,,Serbian,ГоКуле,2022-06-24T08:13:34Z
62336,Anđelika,sr,Serbia,RS,,Serbian,ГоКуле,2022-06-24T08:13:59Z
76158,Северна каталпа,sr,Serbia,RS,,Serbian,ГоКуле,2022-06-24T08:14:53Z
76158,Severna katalpa,sr,Serbia,RS,,Serbian,ГоКуле,2022-06-24T08:15:15Z
119805,Калина,sr,Serbia,RS,,Serbian,ГоКуле,2022-06-24T08:16:21Z
119805,Kalina,sr,Serbia,RS,,Serbian,ГоКуле,2022-06-24T08:16:39Z
135659,Источна туја,sr,Serbia,RS,,Serbian,ГоКуле,2022-06-24T08:17:48Z
135659,Istočna tuja,sr,Serbia,RS,,Serbian,ГоКуле,2022-06-24T08:18:15Z
135790,Црни бор,sr,Serbia,RS,,Serbian,ГоКуле,2022-06-24T08:19:15Z
135790,Crni bor,sr,Serbia,RS,,Serbian,ГоКуле,2022-06-24T08:19:39Z
153440,Јудино дрво,sr,Serbia,RS,,Serbian,ГоКуле,2022-06-24T08:20:59Z
153440,Judino drvo,sr,Serbia,RS,,Serbian,ГоКуле,2022-06-24T08:21:29Z
160697,Павит,sr,Serbia,RS,,Serbian,ГоКуле,2022-06-24T08:27:43Z
160697,Pavit,sr,Serbia,RS,,Serbian,ГоКуле,2022-06-24T08:28:00Z
1289484,Grmuša čavrljanka,sr,Serbia,RS,,Serbian,ГоКуле,2022-06-24T08:33:14Z
4450,Обична чигра,sr,Serbia,RS,,Serbian,ГоКуле,2022-06-24T08:35:13Z
4450,Obična čigra,sr,Serbia,RS,,Serbian,ГоКуле,2022-06-24T08:35:37Z
4349,Северни галеб,sr,Serbia,RS,,Serbian,ГоКуле,2022-06-24T09:02:33Z
4349,Severni galeb,sr,Serbia,RS,,Serbian,ГоКуле,2022-06-24T09:02:50Z
58320,Келреутерија,sr,Serbia,RS,,Serbian,ГоКуле,2022-06-28T12:20:06Z
58320,Kelreuterija,sr,Serbia,RS,,Serbian,ГоКуле,2022-06-28T12:20:27Z
204455,Трстењак цвркутић,sr,Serbia,RS,,Serbian,ГоКуле,2022-07-30T11:56:13Z
204455,Trstenjak cvrkutić,sr,Serbia,RS,,Serbian,ГоКуле,2022-07-30T11:56:47Z
204545,Жута плиска,sr,Serbia,RS,,Serbian,ГоКуле,2022-08-01T07:28:30Z
204545,Žuta pliska,sr,Serbia,RS,,Serbian,ГоКуле,2022-08-01T07:29:05Z
4951,Црвена чапља,sr,Serbia,RS,,Serbian,ГоКуле,2022-08-01T07:38:51Z
4951,Crvena čaplja,sr,Serbia,RS,,Serbian,ГоКуле,2022-08-01T07:40:53Z
48548,Чкаљевац,sr,Serbia,RS,,Serbian,ГоКуле,2022-08-06T11:24:29Z
48548,Čkaljevac,sr,Serbia,RS,,Serbian,ГоКуле,2022-08-06T11:25:06Z
116804,Трстењак рогожар,sr,Serbia,RS,,Serbian,ГоКуле,2022-08-06T11:43:43Z
116804,Trstenjak rogožar,sr,Serbia,RS,,Serbian,ГоКуле,2022-08-06T11:44:11Z
204556,Вуга,sr,Serbia,RS,,Serbian,ГоКуле,2022-08-09T11:45:43Z
204556,Vuga,sr,Serbia,RS,,Serbian,ГоКуле,2022-08-09T11:46:04Z
133250,Zeleni zrikavac,sr,Serbia,RS,,Serbian,ГоКуле,2022-08-10T08:03:17Z
133250,Зелени зрикавац,sr,Serbia,RS,,Serbian,ГоКуле,2022-08-10T08:03:49Z
82904,Bodljikava veprina,sr,"","",,Serbian,Kristijan Lazic,2022-08-16T22:03:04Z
424147,Гаталинка,sr,"","",,Serbian,Kristijan Lazic,2022-08-17T11:45:16Z
26036,Гмизавци,sr,Serbia,RS,,Serbian,Kristijan Lazic,2022-08-17T11:47:40Z
85553,Змије,sr,Serbia,RS,,Serbian,Kristijan Lazic,2022-08-17T11:49:59Z
17835,Црна жуна,sr,Serbia,RS,,Serbian,ГоКуле,2022-08-22T12:35:58Z
17835,Crna žuna,sr,Serbia,RS,,Serbian,ГоКуле,2022-08-22T12:36:15Z
47158,Инсекти,sr,Serbia,RS,,Serbian,ГоКуле,2022-08-24T07:36:26Z
184884,Крилати инсекти,sr,Serbia,RS,,Serbian,ГоКуле,2022-08-31T11:25:02Z
184884,Krilati insekti,sr,Serbia,RS,,Serbian,ГоКуле,2022-08-31T11:25:26Z
143291,Шумски пуж голаћ,sr,Serbia,RS,,Serbian,Kristijan Lazic,2022-08-31T13:33:07Z
3017,Podivljali domaći golub,sr,Serbia,RS,,Serbian,ГоКуле,2022-09-24T12:31:08Z
46001,Crvena veverica,sr,Serbia,RS,,Serbian,ГоКуле,2022-09-28T19:42:14Z
46001,Црвена веверица,sr,Serbia,RS,,Serbian,ГоКуле,2022-09-28T19:42:46Z
57774,Црвене алге,sr,"","",,Serbian,John E. Christensen,2022-09-29T12:09:51Z
559070,Veliki svračak,sr,Serbia,RS,,Serbian,ГоКуле,2022-10-04T05:19:49Z
559070,Велики сврачак,sr,Serbia,RS,,Serbian,ГоКуле,2022-10-04T05:20:18Z
13988,Обични попић,sr,Serbia,RS,,Serbian,ГоКуле,2022-10-22T17:19:08Z
13988,Obični popić,sr,Serbia,RS,,Serbian,ГоКуле,2022-10-22T17:19:35Z
7450,Dugokljuni Puzić,sr,"","",,Serbian,Nenad Milosavljevic,2022-11-08T18:03:08Z
144809,Siva senica,sr,"","",,Serbian,Nenad Milosavljevic,2022-11-08T18:04:03Z
7450,Дугокљуни Пузић,sr,"","",,Serbian,Nenad Milosavljevic,2022-11-08T21:37:47Z
47114,Puževi,sr,Croatia,HR,,Serbian,Marino Linić,2022-11-15T21:51:05Z
13688,Поточна плиска,sr,"","",,Serbian,Nenad Milosavljevic,2022-11-16T13:21:09Z
1316601,Glavočič crnotrus,sr,"","",https://www.inaturalist.org/taxon_names/2688764/edit,Serbian,,2022-11-16T21:24:14Z
170458,Крупноцветна абелија,sr,"","",,Serbian,Johan Devos,2022-11-24T16:08:59Z
4205,Црноврати гњурац,sr,Serbia,RS,,Serbian,ГоКуле,2022-12-13T19:56:40Z
4205,Crnovrati gnjurac,sr,Serbia,RS,,Serbian,ГоКуле,2022-12-13T19:57:10Z
7067,Шарена утва,sr,Serbia,RS,,Serbian,ГоКуле,2022-12-18T16:35:41Z
7067,Šarena utva,sr,Serbia,RS,,Serbian,ГоКуле,2022-12-18T16:36:18Z
13676,Сеница вуга,sr,Serbia,RS,,Serbian,ГоКуле,2023-01-02T14:51:06Z
13676,Senica vuga,sr,Serbia,RS,,Serbian,ГоКуле,2023-01-02T14:51:29Z
30692,Звечарке,sr,"","",,Serbian,John E. Christensen,2023-01-05T11:49:31Z
58188,Пољска нана,sr,"","",,Serbian,Kristijan Lazic,2023-01-09T12:34:51Z
59901,матичњак,sr,"","",,Serbian,Kristijan Lazic,2023-01-09T12:37:22Z
7045,Риђоглава патка,sr,Serbia,RS,,Serbian,ГоКуле,2023-01-13T18:01:52Z
7045,Riđoglava patka,sr,Serbia,RS,,Serbian,ГоКуле,2023-01-13T18:02:20Z
78895,купина,sr,"","",,Serbian,Johan Devos,2023-01-28T11:09:04Z
3857,Црнотрба спрутка,sr,Serbia,RS,,Serbian,ГоКуле,2023-01-29T12:58:37Z
3857,Crnotrba sprutka,sr,Serbia,RS,,Serbian,ГоКуле,2023-01-29T12:58:56Z
71297,Roda cipelarka,sr,"","",,Serbian,John E. Christensen,2023-01-31T12:45:27Z
144809,Сива сеница,sr,"","",,Serbian,Павел Несмеянов,2023-02-10T16:27:42Z
9192,Црногрла стрнадица,sr,Serbia,RS,,Serbian,ГоКуле,2023-02-16T19:08:40Z
9192,Crnogrla strnadica,sr,Serbia,RS,,Serbian,ГоКуле,2023-02-16T19:09:03Z
792985,Средњи детлић,sr,Serbia,RS,,Serbian,ГоКуле,2023-02-16T19:33:10Z
792985,Srednji detlić,sr,Serbia,RS,,Serbian,ГоКуле,2023-02-16T19:33:27Z
7462,Дугокљуни пузић,sr,Serbia,RS,,Serbian,ГоКуле,2023-02-16T19:38:40Z
7462,Dugokljuni puzić,sr,Serbia,RS,,Serbian,ГоКуле,2023-02-16T19:39:10Z
82904,Кострика,sr,Serbia,RS,,Serbian,ГоКуле,2023-02-16T19:58:14Z
82904,Kostrika,sr,Serbia,RS,,Serbian,ГоКуле,2023-02-16T19:58:51Z
57512,Имела,sr,Serbia,RS,,Serbian,ГоКуле,2023-02-17T16:35:12Z
57512,Imela,sr,Serbia,RS,,Serbian,ГоКуле,2023-02-17T16:35:33Z
56934,Никсица,sr,Serbia,RS,,Serbian,ГоКуле,2023-02-20T08:43:48Z
56934,Niksica,sr,Serbia,RS,,Serbian,ГоКуле,2023-02-20T08:46:07Z
1273318,Зелена крастава жаба,sr,Serbia,RS,https://www.inaturalist.org/taxon_names/2561435/edit,Serbian,lwnrngr,2023-02-24T17:23:08Z
20524,Нојеви,sr,"","",,Serbian,Johan Devos,2023-02-28T21:52:34Z
20526,ној,sr,"","",,Serbian,Johan Devos,2023-02-28T23:21:54Z
1455922,Сенегалска грлица,sr,Serbia,RS,https://www.inaturalist.org/taxon_names/2553617/edit,Serbian,Riaan Stals,2023-03-08T06:23:41Z
513926,Барски петлован,sr,Serbia,RS,,Serbian,ГоКуле,2023-03-12T17:41:49Z
513926,Barski petlovac,sr,Serbia,RS,,Serbian,ГоКуле,2023-03-12T17:42:14Z
4627,Риђогрли морски гњурац,sr,Serbia,RS,,Serbian,ГоКуле,2023-03-30T05:28:18Z
4627,Riđogrli morski gnjurac,sr,Serbia,RS,,Serbian,ГоКуле,2023-03-30T05:28:32Z
559064,Пољска еја,sr,Serbia,RS,,Serbian,ГоКуле,2023-04-10T11:58:48Z
559064,Poljska eja,sr,Serbia,RS,,Serbian,ГоКуле,2023-04-10T11:59:09Z
154122,Нано маховина,sr,Serbia,RS,,Serbian,ГоКуле,2023-04-13T04:56:51Z
154122,Nano mahovina,sr,Serbia,RS,,Serbian,ГоКуле,2023-04-13T04:57:10Z
116940,Обични цврчић,sr,Serbia,RS,,Serbian,ГоКуле,2023-04-22T16:42:37Z
116940,Obični cvrčić,sr,Serbia,RS,,Serbian,ГоКуле,2023-04-22T16:43:37Z
13071,Модровољка,sr,Serbia,RS,,Serbian,ГоКуле,2023-04-24T08:07:16Z
13071,Modrovoljka,sr,Serbia,RS,,Serbian,ГоКуле,2023-04-24T08:07:45Z
9196,Виноградска стрнадица,sr,Serbia,RS,,Serbian,ГоКуле,2023-04-24T08:08:56Z
9196,Vinogradska strnadica,sr,Serbia,RS,,Serbian,ГоКуле,2023-04-24T08:09:19Z
5167,Еја ливадарка,sr,Serbia,RS,,Serbian,ГоКуле,2023-04-24T08:12:33Z
5167,Eja livadarka,sr,Serbia,RS,,Serbian,ГоКуле,2023-04-24T08:12:54Z
5033,Водени бик,sr,Serbia,RS,,Serbian,ГоКуле,2023-04-24T08:21:02Z
5033,Vodeni bik,sr,Serbia,RS,,Serbian,ГоКуле,2023-04-24T08:21:39Z
47793,Ухолаже,sr,"","",,Serbian,Boris Eliseev,2023-05-09T11:05:52Z
13079,Mali slavuj,sr,Serbia,RS,,Serbian,ГоКуле,2023-05-23T13:40:52Z
39782,Црвеноуха корњача,sr,Serbia,RS,,Serbian,ГоКуле,2023-06-04T18:42:40Z
116918,Жути вољић,sr,Serbia,RS,,Serbian,ГоКуле,2023-06-05T05:04:35Z
118240,Vilin klinčić,sr,"","",,Serbian,Milos Gajic,2023-06-14T16:36:33Z
57317,Маљава грахорица,sr,Serbia,RS,,Serbian,ГоКуле,2023-06-15T08:07:34Z
57317,Maljava grahorica,sr,Serbia,RS,,Serbian,ГоКуле,2023-06-15T08:07:57Z
78259,Магарећи трн,sr,Serbia,RS,,Serbian,ГоКуле,2023-06-16T07:47:28Z
78259,Magareći trn,sr,Serbia,RS,,Serbian,ГоКуле,2023-06-16T07:47:54Z
124910,Шумски бумбар,sr,Serbia,RS,,Serbian,ГоКуле,2023-06-16T07:51:18Z
124910,Šumski bumbar,sr,Serbia,RS,,Serbian,ГоКуле,2023-06-16T07:51:39Z
534670,Жутобради бумбар,sr,Serbia,RS,,Serbian,ГоКуле,2023-06-16T08:04:16Z
534670,Žutobradi bumbar,sr,Serbia,RS,,Serbian,ГоКуле,2023-06-16T08:04:48Z
6638,Црна чиопа,sr,Serbia,RS,,Serbian,ГоКуле,2023-06-17T14:09:55Z
6638,Crna čiopa,sr,Serbia,RS,,Serbian,ГоКуле,2023-06-17T14:10:21Z
113525,Велики црноноги пољски коњиц,sr,Serbia,RS,,Serbian,ГоКуле,2023-06-18T13:37:52Z
113525,Veliki crnonogi poljski konjic,sr,Serbia,RS,,Serbian,ГоКуле,2023-06-18T13:38:18Z
326296,Обична крастача,sr,Serbia,RS,,Serbian,ГоКуле,2023-06-18T15:13:24Z
326296,Obična krastača,sr,Serbia,RS,,Serbian,ГоКуле,2023-06-18T15:14:59Z
14590,Белоухи булбул,sr,Serbia,RS,,Serbian,ГоКуле,2023-06-18T16:39:13Z
14590,Belouhi bulbul,sr,Serbia,RS,,Serbian,ГоКуле,2023-06-18T16:39:29Z
50813,Јудино уво,sr,Serbia,RS,,Serbian,ГоКуле,2023-06-19T13:41:37Z
50813,Judino uvo,sr,Serbia,RS,,Serbian,ГоКуле,2023-06-19T13:41:59Z
82774,Носорожац,sr,Serbia,RS,,Serbian,ГоКуле,2023-06-26T10:10:51Z
82774,Nosorožac,sr,Serbia,RS,,Serbian,ГоКуле,2023-06-26T10:11:19Z
54327,Stršljen,sr,Serbia,RS,,Serbian,ГоКуле,2023-06-29T12:32:57Z
117000,Брката сеница,sr,Serbia,RS,,Serbian,ГоКуле,2023-07-02T19:17:30Z
117000,Brkata senica,sr,Serbia,RS,,Serbian,ГоКуле,2023-07-02T19:17:49Z
507377,Степски попац,sr,Serbia,RS,,Serbian,ГоКуле,2023-07-04T07:05:16Z
507377,Stepski popac,sr,Serbia,RS,,Serbian,ГоКуле,2023-07-04T07:05:31Z
1273318,Zelena krastava žaba,sr,Serbia,RS,,Serbian,ГоКуле,2023-07-04T07:11:47Z
126765,Купусни мољац,sr,Serbia,RS,,Serbian,ГоКуле,2023-07-04T07:15:47Z
126765,Kupusni moljac,sr,Serbia,RS,,Serbian,ГоКуле,2023-07-04T07:16:08Z
46037,Текуница,sr,Serbia,RS,,Serbian,ГоКуле,2023-07-08T21:17:00Z
46037,Tekunica,sr,Serbia,RS,,Serbian,ГоКуле,2023-07-08T21:17:52Z
479734,Пегави дукат,sr,Serbia,RS,,Serbian,ГоКуле,2023-07-10T08:28:17Z
479734,Pegavi dukat,sr,Serbia,RS,,Serbian,ГоКуле,2023-07-10T08:28:50Z
83459,Грба корак,sr,Serbia,RS,,Serbian,ГоКуле,2023-07-10T08:46:41Z
83459,Grba korak,sr,Serbia,RS,,Serbian,ГоКуле,2023-07-10T08:47:01Z
56225,Бело оцило,sr,Serbia,RS,,Serbian,ГоКуле,2023-07-10T08:49:24Z
56225,Belo ocilo,sr,Serbia,RS,,Serbian,ГоКуле,2023-07-10T08:49:52Z
49552,Kućna stonoga,sr,Serbia,RS,,Serbian,ГоКуле,2023-07-10T10:02:42Z
464211,Италијански скакавац,sr,Serbia,RS,,Serbian,ГоКуле,2023-07-12T12:24:13Z
464211,Italijanski skakavac,sr,Serbia,RS,,Serbian,ГоКуле,2023-07-12T12:24:53Z
203333,Црвени паук,sr,"","",,Serbian,Kristijan Lazic,2023-07-14T18:45:04Z
966787,Belouška,sr,Serbia,RS,,Serbian,ГоКуле,2023-07-16T09:53:06Z
11941,Брегуница,sr,Serbia,RS,,Serbian,ГоКуле,2023-07-16T14:05:12Z
11941,Bregunica,sr,Serbia,RS,,Serbian,ГоКуле,2023-07-16T14:05:54Z
84517,Runjasta vrbolika,sr,Serbia,RS,,Serbian,ГоКуле,2023-07-17T08:30:14Z
3947,Муљача,sr,Serbia,RS,,Serbian,ГоКуле,2023-07-17T08:51:26Z
52592,Senkar,sr,Serbia,RS,,Serbian,ГоКуле,2023-07-19T06:31:08Z
2938,Grlica,sr,Serbia,RS,,Serbian,ГоКуле,2023-07-19T12:22:25Z
132873,Крџа,sr,Serbia,RS,,Serbian,ГоКуле,2023-07-21T12:51:53Z
132873,Krdža,sr,Serbia,RS,,Serbian,ГоКуле,2023-07-21T12:52:25Z
178,Барски петлић,sr,Serbia,RS,,Serbian,ГоКуле,2023-07-23T13:01:13Z
178,Barski petlić,sr,Serbia,RS,,Serbian,ГоКуле,2023-07-23T13:01:53Z
61997,Лажна црна удовица,sr,Serbia,RS,,Serbian,ГоКуле,2023-07-25T08:43:30Z
61997,Lažna crna udovica,sr,Serbia,RS,,Serbian,ГоКуле,2023-07-25T08:44:03Z
3882,Црни спрудник,sr,Serbia,RS,,Serbian,ГоКуле,2023-08-02T11:34:44Z
3882,Crni sprudnik,sr,Serbia,RS,,Serbian,ГоКуле,2023-08-02T11:35:14Z
325295,Šimširov plamenac,sr,Serbia,RS,,Serbian,ГоКуле,2023-08-02T17:11:08Z
556656,Обични мрмољак,sr,Serbia,RS,,Serbian,ГоКуле,2023-08-06T06:55:35Z
556656,Obični mrmoljak,sr,Serbia,RS,,Serbian,ГоКуле,2023-08-06T07:13:33Z
486575,Трозуби пуж,sr,Serbia,RS,,Serbian,ГоКуле,2023-08-06T08:32:18Z
486575,Trozubi puž,sr,Serbia,RS,,Serbian,ГоКуле,2023-08-06T08:33:10Z
20244,Ћук,sr,Serbia,RS,,Serbian,ГоКуле,2023-08-09T05:37:30Z
20244,Ćuk,sr,Serbia,RS,,Serbian,ГоКуле,2023-08-09T05:38:01Z
122767,Дивљи или домаћи голуб,sr,Serbia,RS,,Serbian,ГоКуле,2023-08-09T05:52:40Z
122767,Podiivljali ili domaći golub,sr,Serbia,RS,,Serbian,ГоКуле,2023-08-09T05:54:06Z
85030,Ватрени коњиц,sr,Serbia,RS,,Serbian,ГоКуле,2023-08-09T05:55:58Z
85030,Vatreni konjic,sr,Serbia,RS,,Serbian,ГоКуле,2023-08-09T05:58:22Z
201180,Сиви вољић,sr,Serbia,RS,,Serbian,ГоКуле,2023-08-11T20:16:33Z
201180,Sivi voljić,sr,Serbia,RS,,Serbian,ГоКуле,2023-08-11T20:17:11Z
45856,Пух орашар,sr,Serbia,RS,,Serbian,ГоКуле,2023-08-13T18:27:41Z
45856,Puh orašar,sr,Serbia,RS,,Serbian,ГоКуле,2023-08-13T18:28:36Z
162699,Ветроваљ,sr,Serbia,RS,,Serbian,ГоКуле,2023-08-16T09:46:02Z
162699,Vetrovalj,sr,Serbia,RS,,Serbian,ГоКуле,2023-08-16T09:46:29Z
1455922,Senegalska grlica,sr,Serbia,RS,,Serbian,ГоКуле,2023-09-08T20:40:07Z
144501,Танкокљуни галеб,sr,Serbia,RS,,Serbian,ГоКуле,2023-09-08T20:41:39Z
144501,Tankokljuni galeb,sr,Serbia,RS,,Serbian,ГоКуле,2023-09-08T20:42:14Z
19898,Шумска сова,sr,Serbia,RS,,Serbian,ГоКуле,2023-09-13T07:31:08Z
3838,Мала спрутка,sr,Serbia,RS,,Serbian,ГоКуле,2023-09-15T17:12:13Z
3838,Mala sprutka,sr,Serbia,RS,,Serbian,ГоКуле,2023-09-15T17:12:56Z
3863,Риђа спрутка,sr,Serbia,RS,,Serbian,ГоКуле,2023-09-21T12:38:07Z
3863,Riđa sprutka,sr,Serbia,RS,,Serbian,ГоКуле,2023-09-21T12:40:48Z
116999,Рибар,sr,Serbia,RS,,Serbian,ГоКуле,2023-09-21T12:42:48Z
4892,Сребрни вивак,sr,Serbia,RS,,Serbian,ГоКуле,2023-09-21T12:51:38Z
4892,Srebrni vivak,sr,Serbia,RS,,Serbian,ГоКуле,2023-09-21T12:52:07Z
558524,Belokrila ševa,sr,Serbia,RS,,Serbian,Quinn,2023-09-23T00:44:09Z
3756,Crni ražanj,sr,"","",,Serbian,Quinn,2023-09-23T00:46:46Z
12740,Drozd ogrličar,sr,"","",,Serbian,Quinn,2023-09-23T00:47:50Z
4501,Mala njorka,sr,"","",,Serbian,Quinn,2023-09-23T00:50:04Z
339539,Златна совица,sr,Serbia,RS,,Serbian,ГоКуле,2023-09-26T14:02:36Z
339539,Zlatna sovica,sr,Serbia,RS,,Serbian,ГоКуле,2023-09-26T14:03:02Z
144537,Велика чигра,sr,Serbia,RS,,Serbian,ГоКуле,2023-09-27T10:28:41Z
144537,Velika čigra,sr,Serbia,RS,,Serbian,ГоКуле,2023-09-27T10:29:37Z
4801,Жалар блатарић,sr,Serbia,RS,,Serbian,ГоКуле,2023-09-27T10:31:17Z
4801,Žalar blatarić,sr,Serbia,RS,,Serbian,ГоКуле,2023-09-27T10:31:52Z
126276,Ипсилон совица,sr,Serbia,RS,,Serbian,ГоКуле,2023-09-27T10:34:21Z
126276,Ipsilon sovica,sr,Serbia,RS,,Serbian,ГоКуле,2023-09-27T10:34:52Z
14593,Индијски булбул,sr,Serbia,RS,,Serbian,ГоКуле,2023-10-14T07:49:57Z
14593,Indijski bulbul,sr,Serbia,RS,,Serbian,ГоКуле,2023-10-14T07:50:55Z
145350,Азијска сребрнокљуна зеба,sr,Serbia,RS,,Serbian,ГоКуле,2023-10-14T07:52:40Z
145350,Azijska srebrnokljuna zeba,sr,Serbia,RS,,Serbian,ГоКуле,2023-10-14T07:53:09Z
1287012,Обична принија,sr,Serbia,RS,,Serbian,ГоКуле,2023-10-22T15:32:23Z
1287012,Obična prinija,sr,"","",,Serbian,ГоКуле,2023-10-22T15:32:40Z
145193,Љубичаста сунчица,sr,Serbia,RS,,Serbian,ГоКуле,2023-10-22T15:33:58Z
145193,Ljubičasta sunčica,sr,Serbia,RS,,Serbian,ГоКуле,2023-10-22T15:34:31Z
18911,Мали александар,sr,Serbia,RS,,Serbian,ГоКуле,2023-10-22T15:35:43Z
18911,Mali aleksandar,sr,Serbia,RS,,Serbian,ГоКуле,2023-10-22T15:36:18Z
1289415,Арабијска брбљуша,sr,Serbia,RS,,Serbian,ГоКуле,2023-10-22T15:41:51Z
1289415,Arabijska brbljuša,sr,Serbia,RS,,Serbian,ГоКуле,2023-10-22T15:42:29Z
4871,Црвенолики вивак,sr,Serbia,RS,,Serbian,ГоКуле,2023-10-28T12:58:15Z
6643,Сива чиопа,sr,Serbia,RS,,Serbian,ГоКуле,2023-10-28T13:00:53Z
6643,Siva čiopa,sr,Serbia,RS,,Serbian,ГоКуле,2023-10-28T13:01:23Z
1430301,Арабијска зелена пчеларица,sr,Serbia,RS,,Serbian,ГоКуле,2023-10-28T13:03:58Z
1430301,Arabijska zelena pčelarica,sr,Serbia,RS,,Serbian,ГоКуле,2023-10-28T13:04:33Z
144458,Ћубасти осичар,sr,Serbia,RS,,Serbian,ГоКуле,2023-10-28T13:06:34Z
144458,Ćubasti osičar,sr,Serbia,RS,,Serbian,ГоКуле,2023-10-28T13:07:05Z
1269296,Avganistanski planinski vrabac,sr,"","",https://www.inaturalist.org/taxon_names/2631382/edit,Serbian,Donald Davesne,2023-10-31T00:00:47Z
979665,Индијска модроврана,sr,Serbia,RS,,Serbian,ГоКуле,2023-10-31T09:09:17Z
979665,Indijska modrovrana,sr,Serbia,RS,,Serbian,ГоКуле,2023-10-31T09:09:44Z
73222,Пламенац,sr,Serbia,RS,,Serbian,ГоКуле,2023-10-31T09:12:51Z
73222,Plamenac,sr,Serbia,RS,,Serbian,ГоКуле,2023-10-31T09:13:17Z
12842,Пустињска белогуза,sr,Serbia,RS,,Serbian,ГоКуле,2023-11-08T09:57:48Z
12842,Pustinjska beloguza,sr,Serbia,RS,,Serbian,ГоКуле,2023-11-08T09:58:37Z
144520,Чађави галеб,sr,Serbia,RS,,Serbian,ГоКуле,2023-11-08T12:32:44Z
144520,Čađavi galeb,sr,Serbia,RS,,Serbian,ГоКуле,2023-11-08T12:33:13Z
3837,Седа спрутка,sr,Serbia,RS,,Serbian,ГоКуле,2023-11-08T12:34:43Z
3837,Seda sprutka,sr,Serbia,RS,,Serbian,ГоКуле,2023-11-08T12:35:20Z
4935,Мала црна чапља,sr,Serbia,RS,,Serbian,ГоКуле,2023-11-08T12:36:38Z
3849,Бела спрутка,sr,Serbia,RS,,Serbian,ГоКуле,2023-11-08T12:51:42Z
3849,Bela sprutka,sr,Serbia,RS,,Serbian,ГоКуле,2023-11-08T12:52:18Z
62528,Зелена чапља,sr,Serbia,RS,,Serbian,ГоКуле,2023-11-16T07:01:14Z
62528,Zelena čaplja,sr,Serbia,RS,,Serbian,ГоКуле,2023-11-16T07:01:49Z
12042,Пустињски сврачак,sr,Serbia,RS,,Serbian,ГоКуле,2023-11-16T07:03:29Z
12042,Pustinjski svračak,sr,Serbia,RS,,Serbian,ГоКуле,2023-11-16T07:03:56Z
4993,Индијска жута чапља,sr,Serbia,RS,,Serbian,ГоКуле,2023-11-16T07:05:13Z
4993,Indijska žuta čaplja,sr,Serbia,RS,,Serbian,ГоКуле,2023-11-16T07:05:44Z
578607,Ћубаста шева,sr,Serbia,RS,,Serbian,ГоКуле,2023-11-16T07:07:08Z
578607,Ćubasta ševa,sr,Serbia,RS,,Serbian,ГоКуле,2023-11-16T07:07:49Z
1505620,Морски жалар,sr,Serbia,RS,,Serbian,ГоКуле,2023-11-16T16:21:58Z
1505620,Morski žalar,sr,Serbia,RS,,Serbian,ГоКуле,2023-11-16T16:22:21Z
1505629,Пустињски жалар,sr,Serbia,RS,,Serbian,ГоКуле,2023-11-16T16:23:58Z
1505629,Pustinjski žalar,sr,Serbia,RS,,Serbian,ГоКуле,2023-11-18T14:46:47Z
1510581,Анголска жирафа,sr,"","",https://www.inaturalist.org/taxon_names/1057753/edit,Serbian,,2023-11-19T08:44:07Z
144540,Јужна чигра,sr,Serbia,RS,,Serbian,ГоКуле,2023-11-26T04:09:07Z
144540,Južna čigra,sr,Serbia,RS,,Serbian,ГоКуле,2023-11-26T04:09:35Z
14600,Левантски булбул,sr,Serbia,RS,,Serbian,ГоКуле,2023-11-26T04:12:41Z
14600,Levantski bulbul,sr,Serbia,RS,,Serbian,ГоКуле,2023-11-26T04:13:07Z
1505780,Тибетански жалар,sr,Serbia,RS,,Serbian,ГоКуле,2023-11-29T05:39:33Z
1505780,Tibetanski žalar,sr,Serbia,RS,,Serbian,ГоКуле,2023-11-29T05:40:07Z
9801,Батокљун,sr,Serbia,RS,,Serbian,ГоКуле,2023-12-11T13:08:37Z
9801,Batokljun,sr,Serbia,RS,,Serbian,ГоКуле,2023-12-11T13:09:07Z
348510,Bodljikavi Mureks,sr,"","",,Serbian,SunnyKoopaSnail,2023-12-17T17:08:25Z
253534,Morski Leptir,sr,"","",,Serbian,SunnyKoopaSnail,2023-12-17T17:16:36Z
123467,Biserni Nautilus,sr,Serbia,RS,,Serbian,SunnyKoopaSnail,2023-12-17T18:50:59Z
48916,Obalski Puž,sr,Serbia,RS,,Serbian,SunnyKoopaSnail,2023-12-18T18:23:28Z
447174,Šlemasti Puž,sr,"","",,Serbian,SunnyKoopaSnail,2023-12-18T18:46:33Z
61770,Велики барски пуж,sr,Serbia,RS,,Serbian,SunnyKoopaSnail,2023-12-18T18:49:40Z
144536,Дебелокљуна чигра,sr,Serbia,RS,,Serbian,ГоКуле,2023-12-19T09:16:26Z
144536,Debelokljuna čigra,sr,Serbia,RS,,Serbian,ГоКуле,2023-12-19T09:17:14Z
159098,Велебиље,sr,"","",https://www.inaturalist.org/taxon_names/2279753/edit,Serbian,,2023-12-28T18:49:42Z
7192,Мали ронац,sr,Serbia,RS,,Serbian,ГоКуле,2024-01-25T09:39:44Z
7192,Mali ronac,sr,Serbia,RS,,Serbian,ГоКуле,2024-01-25T09:40:14Z
6990,Патка дупљашица,sr,Serbia,RS,,Serbian,ГоКуле,2024-01-25T09:41:30Z
6990,Patka dupljašica,sr,Serbia,RS,,Serbian,ГоКуле,2024-01-25T09:42:04Z
4356,Сиви галеб,sr,Serbia,RS,,Serbian,ГоКуле,2024-01-25T09:43:55Z
4356,Sivi galeb,sr,Serbia,RS,,Serbian,ГоКуле,2024-01-25T09:44:25Z
13688,Potočna pliska,sr,Serbia,RS,,Serbian,ГоКуле,2024-01-25T09:46:05Z
144757,Сива врана,sr,Serbia,RS,,Serbian,ГоКуле,2024-01-25T09:48:01Z
144757,Siva vrana,sr,Serbia,RS,,Serbian,ГоКуле,2024-01-25T09:48:29Z
558634,Конопљарка,sr,Serbia,RS,,Serbian,ГоКуле,2024-01-28T22:08:52Z
558634,Konopljarka,sr,Serbia,RS,,Serbian,ГоКуле,2024-01-28T22:09:25Z
5268,Црна луња,sr,Serbia,RS,,Serbian,ГоКуле,2024-01-29T06:54:18Z
5268,Crna lunja,sr,Serbia,RS,,Serbian,ГоКуле,2024-01-29T06:54:52Z
7004,Велики ронац,sr,Serbia,RS,,Serbian,ГоКуле,2024-01-29T06:58:34Z
7004,Veliki ronac,sr,Serbia,RS,,Serbian,ГоКуле,2024-01-29T06:59:05Z
9236,Жутарица,sr,Serbia,RS,,Serbian,ГоКуле,2024-01-29T07:08:11Z
9236,Žutarica,sr,Serbia,RS,,Serbian,ГоКуле,2024-01-29T07:08:40Z
4626,Велики морски гњурац,sr,Serbia,RS,,Serbian,ГоКуле,2024-01-29T07:12:02Z
4626,Veliki morski gnjurac,sr,Serbia,RS,,Serbian,ГоКуле,2024-01-29T07:12:52Z
4623,Црногрли морски гњурац,sr,Serbia,RS,,Serbian,ГоКуле,2024-01-29T07:16:12Z
4623,Crnogrli morski gnjurac,sr,Serbia,RS,,Serbian,ГоКуле,2024-01-29T07:16:46Z
3969,Дугокљуни спрудник,sr,Serbia,RS,,Serbian,ГоКуле,2024-01-29T07:20:27Z
3969,Dugokljuni sprudnik,sr,Serbia,RS,,Serbian,ГоКуле,2024-01-29T07:34:35Z
5361,Бела кања,sr,Serbia,RS,,Serbian,ГоКуле,2024-01-29T07:58:05Z
5361,Bela kanja,sr,Serbia,RS,,Serbian,ГоКуле,2024-01-29T07:58:30Z
144541,Дугокљуна чигра,sr,Serbia,RS,,Serbian,ГоКуле,2024-01-29T08:03:20Z
144541,Dugokljuna čigra,sr,Serbia,RS,,Serbian,ГоКуле,2024-01-29T08:04:09Z
48494,Буковача,sr,Serbia,RS,,Serbian,ГоКуле,2024-01-29T08:07:34Z
48494,Bukovača,sr,Serbia,RS,,Serbian,ГоКуле,2024-01-29T08:08:12Z
116806,Нилски велики трстењак,sr,Serbia,RS,,Serbian,ГоКуле,2024-01-29T08:09:58Z
116806,Nilski veliki trstenjak,sr,Serbia,RS,,Serbian,ГоКуле,2024-01-29T08:10:27Z
144789,Источна горска ласта,sr,Serbia,RS,,Serbian,ГоКуле,2024-01-29T08:13:10Z
144789,Istočna gorska lasta,sr,Serbia,RS,,Serbian,ГоКуле,2024-01-29T08:13:45Z
12039,Црвеноглави сврачак,sr,Serbia,RS,,Serbian,ГоКуле,2024-01-29T08:15:35Z
12039,Crvenoglavi svračak,sr,Serbia,RS,,Serbian,ГоКуле,2024-01-29T08:16:21Z
19410,Легањ,sr,Serbia,RS,,Serbian,ГоКуле,2024-01-29T08:17:37Z
19410,Leganj,sr,Serbia,RS,,Serbian,ГоКуле,2024-01-29T08:18:02Z
145099,Индијски свракасти чворак,sr,Serbia,RS,,Serbian,ГоКуле,2024-01-29T08:19:48Z
145099,Indijski svrakasti čvorak,sr,Serbia,RS,,Serbian,ГоКуле,2024-01-29T08:20:23Z
50867,Osoliki pauk,sr,Serbia,RS,,Serbian,ГоКуле,2024-01-29T08:23:14Z
5083,Степски орао,sr,Serbia,RS,,Serbian,ГоКуле,2024-01-29T08:27:34Z
5083,Stepski orao,sr,Serbia,RS,,Serbian,ГоКуле,2024-01-29T08:29:16Z
4512,Црна чигра,sr,Serbia,RS,,Serbian,ГоКуле,2024-01-29T08:32:03Z
4512,Crna čigra,sr,Serbia,RS,,Serbian,ГоКуле,2024-01-29T08:32:37Z
12054,Сиви сврачак,sr,Serbia,RS,,Serbian,ГоКуле,2024-01-29T08:36:06Z
12054,Sivi svračak,sr,Serbia,RS,,Serbian,ГоКуле,2024-01-29T08:36:36Z
6916,Велики лабуд,sr,Serbia,RS,,Serbian,ГоКуле,2024-01-29T08:55:00Z
6916,Veliki labud,sr,Serbia,RS,,Serbian,ГоКуле,2024-01-29T08:55:27Z
236935,Домаћа патка,sr,Serbia,RS,,Serbian,ГоКуле,2024-01-29T09:08:05Z
236935,Domaća patka,sr,Serbia,RS,,Serbian,ГоКуле,2024-01-29T09:08:41Z
4835,Властелица,sr,Serbia,RS,,Serbian,ГоКуле,2024-01-29T09:10:16Z
4835,Vlastelica,sr,Serbia,RS,,Serbian,ГоКуле,2024-01-29T09:10:44Z
52402,Бубазлата,sr,Serbia,RS,,Serbian,ГоКуле,2024-01-29T12:49:59Z
52402,Bubazlata,sr,Serbia,RS,,Serbian,ГоКуле,2024-01-29T12:50:30Z
360830,Kožasti trčuljak,sr,Serbia,RS,,Serbian,ГоКуле,2024-01-29T12:57:21Z
7018,Дивља гуска,sr,Serbia,RS,,Serbian,ГоКуле,2024-01-30T08:45:27Z
7018,Divlja guska,sr,Serbia,RS,,Serbian,ГоКуле,2024-01-30T08:45:49Z
7046,Ћубаста патка,sr,Serbia,RS,,Serbian,ГоКуле,2024-01-30T08:47:47Z
7046,Ćubasta patka,sr,Serbia,RS,,Serbian,ГоКуле,2024-01-30T08:48:11Z
120479,Домаћа гуска,sr,Serbia,RS,,Serbian,ГоКуле,2024-01-30T08:57:29Z
120479,Domaća guska,sr,Serbia,RS,,Serbian,ГоКуле,2024-01-30T08:58:06Z
6996,Средњи ронац,sr,Serbia,RS,,Serbian,ГоКуле,2024-01-30T10:49:46Z
6996,Srednji ronac,sr,Serbia,RS,,Serbian,ГоКуле,2024-01-30T10:50:18Z
144543,Бенгалска чигра,sr,Serbia,RS,,Serbian,ГоКуле,2024-01-30T11:03:25Z
144543,Bengalska čigra,sr,Serbia,RS,,Serbian,ГоКуле,2024-01-30T11:03:53Z
13854,Шпански врабац,sr,Serbia,RS,,Serbian,ГоКуле,2024-01-31T08:20:36Z
13854,Španski vrabac,sr,Serbia,RS,,Serbian,ГоКуле,2024-01-31T08:21:04Z
4381,Мрки галеб,sr,Serbia,RS,,Serbian,ГоКуле,2024-02-01T13:03:45Z
4381,Mrki galeb,sr,Serbia,RS,,Serbian,ГоКуле,2024-02-01T13:04:08Z
5267,Риђа љуња,sr,Serbia,RS,,Serbian,ГоКуле,2024-02-04T12:53:48Z
5267,Riđa lunja,sr,Serbia,RS,,Serbian,ГоКуле,2024-02-04T12:54:25Z
6917,Мали лабуд,sr,Serbia,RS,,Serbian,ГоКуле,2024-02-05T08:10:40Z
6917,Mali labud,sr,Serbia,RS,,Serbian,ГоКуле,2024-02-05T08:11:05Z
3938,Шљука камењарка,sr,Serbia,RS,,Serbian,ГоКуле,2024-02-06T08:09:09Z
3938,Šljuka kamenjarka,sr,Serbia,RS,,Serbian,ГоКуле,2024-02-06T08:09:43Z
2969,Гугутка,sr,Serbia,RS,,Serbian,ГоКуле,2024-02-06T08:12:20Z
2969,Gugutka,sr,Serbia,RS,,Serbian,ГоКуле,2024-02-06T08:12:44Z
3901,Мала царска шљука,sr,Serbia,RS,,Serbian,ГоКуле,2024-02-06T08:21:42Z
3901,Mala carska šljuka,sr,Serbia,RS,,Serbian,ГоКуле,2024-02-06T08:25:34Z
47115,Mekušci,sr,Serbia,RS,,Serbian,SunnyKoopaSnail,2024-02-09T19:20:38Z
145303,Чижак,sr,Serbia,RS,,Serbian,ГоКуле,2024-02-10T14:50:10Z
145303,Čižak,sr,Serbia,RS,,Serbian,ГоКуле,2024-02-10T14:50:37Z
7363,Шумска шева,sr,Serbia,RS,,Serbian,ГоКуле,2024-02-17T10:38:14Z
7363,Šumska ševa,sr,Serbia,RS,,Serbian,ГоКуле,2024-02-17T10:38:42Z
362735,Сибирски звиждак,sr,Serbia,RS,,Serbian,ГоКуле,2024-02-17T10:39:30Z
362735,Sibirski zviždak,sr,Serbia,RS,,Serbian,ГоКуле,2024-02-17T10:39:59Z
7347,Пољска шева,sr,Serbia,RS,,Serbian,ГоКуле,2024-02-17T10:41:18Z
7347,Poljska ševa,sr,Serbia,RS,,Serbian,ГоКуле,2024-02-17T10:41:45Z
4883,Сабљарка,sr,Serbia,RS,,Serbian,ГоКуле,2024-02-26T11:00:04Z
4883,Sabljarka,sr,Serbia,RS,,Serbian,ГоКуле,2024-02-26T11:00:35Z
12748,Дрозд певач,sr,Serbia,RS,,Serbian,ГоКуле,2024-03-03T13:51:48Z
49470,Skokuni,sr,Serbia,RS,,Serbian,SunnyKoopaSnail,2024-03-04T14:12:19Z
48301,Ljuspastorepi,sr,Serbia,RS,,Serbian,SunnyKoopaSnail,2024-03-04T14:18:51Z
1377466,Жалосна врба,sr,"","",https://www.inaturalist.org/taxon_names/2200961/edit,Serbian,,2024-03-16T12:04:00Z
20445,Кукувија,sr,Serbia,RS,,Serbian,ГоКуле,2024-03-27T08:16:55Z
20445,Kukuvija,sr,Serbia,RS,,Serbian,ГоКуле,2024-03-27T08:17:24Z
39659,Зелена морска корњача,sr,Serbia,RS,,Serbian,ГоКуле,2024-03-27T11:04:45Z
39659,Zelena morska kornjača,sr,Serbia,RS,,Serbian,ГоКуле,2024-03-27T11:06:02Z
1453013,Зелена Крастача,sr,"","",,Serbian,Vuk Kovač,2024-03-30T16:17:08Z
922180,Виноградарски Пуж,sr,"","",,Serbian,Vuk Kovač,2024-03-30T16:19:46Z
48662,Лептир Монарх,sr,"","",,Serbian,Vuk Kovač,2024-03-30T18:59:28Z
4956,Велика Плава Чапља,sr,"","",,Serbian,Vuk Kovač,2024-03-30T19:01:30Z
7089,Канадска Гуска,sr,"","",,Serbian,Vuk Kovač,2024-03-30T19:02:53Z
12727,Амерички Робин,sr,"","",,Serbian,Vuk Kovač,2024-03-30T19:04:37Z
42223,Белорепи Јелен,sr,"","",,Serbian,Vuk Kovač,2024-03-30T19:05:44Z
150740,Шљунак Пуж,sr,"","",,Serbian,Vuk Kovač,2024-03-30T20:03:25Z
211210,Мраморни подрумски паук,sr,"","",,Serbian,Vuk Kovač,2024-04-06T10:40:55Z
84804,Европска пругаста штитаста буба,sr,"","",,Serbian,Vuk Kovač,2024-04-06T10:44:47Z
47144,Пас,sr,"","",,Serbian,Vuk Kovač,2024-04-06T10:47:25Z
43048,Северни белопрси јеж,sr,"","",,Serbian,Vuk Kovač,2024-04-06T10:51:27Z
127362,обична глиста,sr,"","",,Serbian,Vuk Kovač,2024-04-06T11:07:07Z
26159,Амерички алигатор,sr,"","",,Serbian,Vuk Kovač,2024-04-06T11:34:37Z
70151,Наранџастобрада плава мува,sr,"","",,Serbian,Vuk Kovač,2024-04-06T15:41:06Z
424997,пруски шаран,sr,"","",,Serbian,Vuk Kovač,2024-04-06T19:06:55Z
51495,Зорица,sr,Serbia,RS,,Serbian,ГоКуле,2024-04-06T20:02:57Z
51495,Zorica,sr,Serbia,RS,,Serbian,ГоКуле,2024-04-06T20:03:27Z
72516,Бела чиопа,sr,Serbia,RS,,Serbian,ГоКуле,2024-04-11T10:48:11Z
72516,Bela čiopa,sr,Serbia,RS,,Serbian,ГоКуле,2024-04-11T10:48:36Z
3033,Голуб дупљаш,sr,"","",,Serbian,Vuk Kovač,2024-04-13T12:48:55Z
2708,Голупчарке,sr,"","",,Serbian,Vuk Kovač,2024-04-13T13:13:03Z
2715,Голубови,sr,"","",,Serbian,Vuk Kovač,2024-04-13T13:14:57Z
7251,Птице певачице,sr,"","",,Serbian,Vuk Kovač,2024-04-13T17:55:12Z
7823,Вране,sr,"","",,Serbian,Vuk Kovač,2024-04-13T17:56:38Z
13685,Врапци,sr,"","",,Serbian,Vuk Kovač,2024-04-13T18:08:08Z
13547,Сенице,sr,"","",,Serbian,Vuk Kovač,2024-04-13T18:13:53Z
12704,Муварице,sr,"","",,Serbian,Vuk Kovač,2024-04-13T18:28:24Z
204512,Црноврата мухарица,sr,"","",,Serbian,Vuk Kovač,2024-04-13T18:46:24Z
12822,Сивкаста белогуза,sr,"","",,Serbian,Vuk Kovač,2024-04-13T18:51:28Z
14850,чворци,sr,"","",,Serbian,Vuk Kovač,2024-04-13T18:54:55Z
14841,Чворци,sr,"","",,Serbian,Vuk Kovač,2024-04-13T18:55:39Z
9079,Зебе,sr,"","",,Serbian,Vuk Kovač,2024-04-13T18:59:42Z
10411,Крстокљун,sr,"","",,Serbian,Vuk Kovač,2024-04-13T20:36:24Z
11853,Ласте,sr,"","",,Serbian,Vuk Kovač,2024-04-13T20:39:57Z
15977,Дроздови,sr,"","",,Serbian,Vuk Kovač,2024-04-13T20:45:01Z
12015,Сврачци,sr,"","",,Serbian,Vuk Kovač,2024-04-13T20:51:40Z
71339,Плиске,sr,"","",,Serbian,Vuk Kovač,2024-04-13T20:58:03Z
13721,Риђогрла трептељка,sr,"","",,Serbian,Vuk Kovač,2024-04-13T21:08:40Z
15964,Царићи,sr,"","",,Serbian,Vuk Kovač,2024-04-13T21:20:23Z
7264,Дугорепе сенице,sr,"","",,Serbian,Vuk Kovač,2024-04-13T21:24:25Z
559249,Стрнадице,sr,"","",,Serbian,Vuk Kovač,2024-04-13T21:29:01Z
9203,црноглава стрнадица,sr,"","",,Serbian,Vuk Kovač,2024-04-13T21:30:59Z
200982,звиждаци,sr,"","",,Serbian,Vuk Kovač,2024-04-14T11:56:05Z
117041,паласов звиждак,sr,"","",,Serbian,Vuk Kovač,2024-04-14T12:00:04Z
14799,бргљези,sr,"","",,Serbian,Vuk Kovač,2024-04-14T12:04:46Z
180354,краљићи,sr,"","",,Serbian,Vuk Kovač,2024-04-14T12:08:08Z
15050,грмуше,sr,"","",,Serbian,Vuk Kovač,2024-04-14T12:12:02Z
200983,трстењаци,sr,"","",,Serbian,Vuk Kovač,2024-04-14T12:19:44Z
116802,трстењак млакар,sr,"","",,Serbian,Vuk Kovač,2024-04-14T12:22:56Z
7284,шеве,sr,"","",,Serbian,Vuk Kovač,2024-04-14T12:28:37Z
7448,пузићи,sr,"","",,Serbian,Vuk Kovač,2024-04-14T12:56:02Z
7450,краткокљуни пузић,sr,"","",,Serbian,Vuk Kovač,2024-04-14T13:01:11Z
71362,висеће сенице,sr,"","",,Serbian,Vuk Kovač,2024-04-14T13:44:03Z
47779,Барска перуника,sr,Serbia,RS,,Serbian,ГоКуле,2024-04-15T12:15:11Z
47779,Barska perunika,sr,Serbia,RS,,Serbian,ГоКуле,2024-04-15T12:15:34Z
62470,Велики пуж голаћ,sr,Serbia,RS,,Serbian,ГоКуле,2024-04-15T12:25:56Z
62470,Veliki puž golać,sr,Serbia,RS,,Serbian,ГоКуле,2024-04-15T12:26:26Z
204454,Смеђа мина,sr,Serbia,RS,,Serbian,ГоКуле,2024-04-15T12:28:52Z
204454,Smeđa mina,sr,Serbia,RS,,Serbian,ГоКуле,2024-04-15T12:29:20Z
72486,Нилска гуска,sr,Serbia,RS,,Serbian,ГоКуле,2024-04-15T12:33:23Z
72486,Nilska guska,sr,Serbia,RS,,Serbian,ГоКуле,2024-04-15T12:33:53Z
4866,Вивак остругаш,sr,Serbia,RS,,Serbian,ГоКуле,2024-04-15T12:35:59Z
4866,Vivak ostrugaš,sr,Serbia,RS,,Serbian,ГоКуле,2024-04-15T12:36:24Z
41796,Куна златица,sr,Serbia,RS,,Serbian,ГоКуле,2024-04-16T09:54:45Z
41796,Kuna zlatica,sr,Serbia,RS,,Serbian,ГоКуле,2024-04-16T09:55:52Z
116799,Црнопругасти трстењак,sr,"","",,Serbian,Vuk Kovač,2024-04-17T16:56:15Z
71358,Попићи,sr,"","",,Serbian,Vuk Kovač,2024-04-17T17:05:26Z
116938,цврћић поточар,sr,"","",,Serbian,Vuk Kovač,2024-04-17T17:10:40Z
200984,цврчићи,sr,"","",,Serbian,Vuk Kovač,2024-04-17T17:11:07Z
200978,бркате сенице,sr,"","",,Serbian,Vuk Kovač,2024-04-17T17:16:48Z
71343,Вуге,sr,"","",,Serbian,Vuk Kovač,2024-04-17T17:22:00Z
6912,пловке,sr,"","",,Serbian,Vuk Kovač,2024-04-17T17:26:39Z
6914,црни лабуд,sr,"","",,Serbian,Vuk Kovač,2024-04-17T17:36:56Z
7047,морска црнка,sr,"","",,Serbian,Vuk Kovač,2024-04-17T17:42:33Z
7014,лабуд гуска,sr,"","",,Serbian,Vuk Kovač,2024-04-17T19:58:02Z
850858,Баршунасти турпан,sr,"","",,Serbian,Vuk Kovač,2024-04-17T20:14:18Z
7107,Каролинка,sr,"","",,Serbian,Vuk Kovač,2024-04-17T20:16:35Z
7106,Мандаринка,sr,"","",,Serbian,Vuk Kovač,2024-04-17T20:18:10Z
7122,Превез,sr,"","",,Serbian,Vuk Kovač,2024-04-17T20:19:47Z
43048,Северни белогруди јеж,sr,Serbia,RS,,Serbian,ГоКуле,2024-04-18T09:07:32Z
43048,Severni belogrudi jež,sr,Serbia,RS,,Serbian,ГоКуле,2024-04-18T09:08:02Z
71261,орлови,sr,"","",,Serbian,Vuk Kovač,2024-04-18T17:22:41Z
5067,јастребови,sr,"","",,Serbian,Vuk Kovač,2024-04-18T17:23:34Z
5192,риђи мишар,sr,"","",,Serbian,Vuk Kovač,2024-04-18T17:27:05Z
5178,степска еја,sr,"","",,Serbian,Vuk Kovač,2024-04-18T17:31:54Z
201035,црни орао,sr,"","",,Serbian,Vuk Kovač,2024-04-18T17:40:29Z
5071,орао крсташ,sr,"","",,Serbian,Vuk Kovač,2024-04-18T18:46:35Z
5382,црни лешинар,sr,"","",,Serbian,Vuk Kovač,2024-04-18T18:48:18Z
200958,орлови рибари,sr,"","",,Serbian,Vuk Kovač,2024-04-18T18:53:59Z
67570,соколовке,sr,"","",,Serbian,Vuk Kovač,2024-04-18T19:00:12Z
4637,соколови,sr,"","",,Serbian,Vuk Kovač,2024-04-18T19:02:42Z
4672,мали соко,sr,"","",,Serbian,Vuk Kovač,2024-04-18T19:08:36Z
4641,сива ветрушка,sr,"","",,Serbian,Vuk Kovač,2024-04-18T19:10:45Z
67561,шљукарице,sr,"","",,Serbian,Vuk Kovač,2024-04-18T19:16:22Z
4342,галебови,sr,"","",,Serbian,Vuk Kovač,2024-04-18T19:19:31Z
4514,белокрила чигра,sr,"","",,Serbian,Vuk Kovač,2024-04-18T19:37:44Z
4783,вивци,sr,"","",,Serbian,Vuk Kovač,2024-04-18T19:40:34Z
71361,властелице,sr,"","",,Serbian,Vuk Kovač,2024-04-19T13:42:45Z
3835,шљуке,sr,"","",,Serbian,Vuk Kovač,2024-04-19T13:48:05Z
3881,танкокљуни спрудник,sr,"","",,Serbian,Vuk Kovač,2024-04-19T13:51:30Z
3931,шумска шљука,sr,"","",,Serbian,Vuk Kovač,2024-04-19T13:52:48Z
71325,остригари,sr,"","",,Serbian,Vuk Kovač,2024-04-19T16:28:14Z
71367,поморници,sr,"","",,Serbian,Vuk Kovač,2024-04-19T16:34:49Z
573,кокошке,sr,"","",,Serbian,Vuk Kovač,2024-04-19T16:45:22Z
574,фазани,sr,"","",,Serbian,Vuk Kovač,2024-04-19T16:50:51Z
882,Црвена дивља кокош,sr,"","",,Serbian,Vuk Kovač,2024-04-19T16:55:39Z
831,јаребица,sr,"","",,Serbian,Vuk Kovač,2024-04-19T16:57:29Z
804,препелица,sr,"","",,Serbian,Vuk Kovač,2024-04-19T17:00:00Z
1426,морке,sr,"","",,Serbian,Vuk Kovač,2024-04-19T17:02:23Z
1428,мисирка,sr,"","",,Serbian,Vuk Kovač,2024-04-19T17:04:08Z
67566,несити,sr,"","",,Serbian,Vuk Kovač,2024-04-19T17:06:27Z
4929,чапље,sr,"","",,Serbian,Vuk Kovač,2024-04-19T17:08:20Z
3727,ражњеви,sr,"","",,Serbian,Vuk Kovač,2024-04-19T19:56:25Z
71268,блуне,sr,"","",,Serbian,Vuk Kovač,2024-04-19T20:02:41Z
4262,корморани,sr,"","",,Serbian,Vuk Kovač,2024-04-19T20:04:33Z
17550,детлићи,sr,"","",,Serbian,Vuk Kovač,2024-04-19T20:10:10Z
17599,детлићи,sr,"","",,Serbian,Vuk Kovač,2024-04-19T20:12:14Z
18301,сива жуна,sr,"","",,Serbian,Vuk Kovač,2024-04-19T20:16:18Z
4,ждралови,sr,"","",,Serbian,Vuk Kovač,2024-04-19T20:24:20Z
154,барске коке,sr,"","",,Serbian,Vuk Kovač,2024-04-19T20:26:13Z
23,ждралови,sr,"","",,Serbian,Vuk Kovač,2024-04-20T10:43:31Z
41,ждрал,sr,"","",,Serbian,Vuk Kovač,2024-04-20T10:44:25Z
19350,сове,sr,"","",,Serbian,Vuk Kovač,2024-04-20T10:46:34Z
19728,праве сове,sr,"","",,Serbian,Vuk Kovač,2024-04-20T10:48:47Z
20413,кукувије,sr,"","",,Serbian,Vuk Kovač,2024-04-20T10:53:36Z
67563,гњурци,sr,"","",,Serbian,Vuk Kovač,2024-04-20T10:57:07Z
4203,гњурци,sr,"","",,Serbian,Vuk Kovač,2024-04-20T10:59:14Z
2114,крешталице,sr,"","",,Serbian,Vuk Kovač,2024-04-20T11:05:21Z
2314,водомари,sr,"","",,Serbian,Vuk Kovač,2024-04-20T11:06:59Z
2183,пчеларице,sr,"","",,Serbian,Vuk Kovač,2024-04-20T11:08:50Z
3726,родарице,sr,"","",,Serbian,Vuk Kovač,2024-04-20T11:11:01Z
4730,роде,sr,"","",,Serbian,Vuk Kovač,2024-04-20T11:12:49Z
67573,помракуше,sr,"","",,Serbian,Vuk Kovač,2024-04-20T11:16:21Z
6544,праве чиопе,sr,"","",,Serbian,Vuk Kovač,2024-04-20T11:18:09Z
525653,кљунорошке,sr,"","",,Serbian,Vuk Kovač,2024-04-20T11:21:34Z
20967,пупавци,sr,"","",,Serbian,Vuk Kovač,2024-04-20T11:23:05Z
1623,кукавице,sr,"","",,Serbian,Vuk Kovač,2024-04-20T11:26:03Z
1627,кукавице,sr,"","",,Serbian,Vuk Kovač,2024-04-20T11:27:28Z
67562,морски гњурци,sr,"","",,Serbian,Vuk Kovač,2024-04-20T11:30:41Z
4619,морски гњурци,sr,"","",,Serbian,Vuk Kovač,2024-04-20T11:32:55Z
18874,папагаји,sr,"","",,Serbian,Vuk Kovač,2024-04-20T11:36:28Z
19339,тигрица,sr,"","",,Serbian,Vuk Kovač,2024-04-20T11:42:06Z
367704,папагаји старог света,sr,"","",,Serbian,Vuk Kovač,2024-04-20T11:42:38Z
26172,љускаши,sr,"","",,Serbian,Vuk Kovač,2024-04-20T15:52:43Z
35360,гуштерице,sr,"","",,Serbian,Vuk Kovač,2024-04-20T15:55:00Z
31888,слепићи,sr,"","",,Serbian,Vuk Kovač,2024-04-20T16:00:31Z
26504,смукови,sr,"","",,Serbian,Vuk Kovač,2024-04-20T16:09:46Z
36982,роваши,sr,"","",,Serbian,Vuk Kovač,2024-04-20T16:23:27Z
33177,гекони,sr,"","",,Serbian,Vuk Kovač,2024-04-20T16:27:00Z
39760,слатководне корњаче,sr,"","",,Serbian,Vuk Kovač,2024-04-20T16:34:32Z
40019,копнене корњаче,sr,"","",,Serbian,Vuk Kovač,2024-04-20T16:38:00Z
20978,водоземци,sr,"","",,Serbian,Vuk Kovač,2024-04-20T16:50:31Z
20979,жабе,sr,"","",,Serbian,Vuk Kovač,2024-04-20T16:53:34Z
21359,крастаче,sr,"","",,Serbian,Vuk Kovač,2024-04-20T16:56:04Z
25473,праве жабе,sr,"","",,Serbian,Vuk Kovač,2024-04-20T16:58:48Z
556645,мала зелена жаба,sr,"","",,Serbian,Vuk Kovač,2024-04-20T17:04:08Z
24493,мукачи,sr,"","",,Serbian,Vuk Kovač,2024-04-20T17:07:14Z
556621,жутотрби мукач,sr,"","",,Serbian,Vuk Kovač,2024-04-20T17:09:32Z
24495,црвенотрби мукач,sr,"","",,Serbian,Vuk Kovač,2024-04-20T17:10:48Z
26718,репати водоземци,sr,"","",,Serbian,Vuk Kovač,2024-04-20T17:20:13Z
27701,даждевњаци и мрмољци,sr,"","",,Serbian,Vuk Kovač,2024-04-20T17:22:23Z
40151,сисари,sr,"","",,Serbian,Vuk Kovač,2024-04-20T17:30:33Z
43698,глодари,sr,"","",,Serbian,Vuk Kovač,2024-04-20T17:31:54Z
43909,бодљикави пацови,sr,"","",,Serbian,Vuk Kovač,2024-04-20T17:38:29Z
44185,мишеви и пацови,sr,"","",,Serbian,Vuk Kovač,2024-04-20T17:43:08Z
44576,сиви пацов,sr,"","",,Serbian,Vuk Kovač,2024-04-20T17:46:18Z
45562,шумски миш,sr,"","",,Serbian,Vuk Kovač,2024-04-20T17:47:58Z
45568,пругасти пољски миш,sr,"","",,Serbian,Vuk Kovač,2024-04-20T17:49:28Z
45316,патуљасти миш,sr,"","",,Serbian,Vuk Kovač,2024-04-20T17:51:58Z
55986,хрчкови,sr,"","",,Serbian,Vuk Kovač,2024-04-20T17:54:03Z
44280,пољска волухарица,sr,"","",,Serbian,Vuk Kovač,2024-04-20T17:57:31Z
533971,бубоједи,sr,"","",,Serbian,Vuk Kovač,2024-04-20T18:08:22Z
43011,јежеви,sr,"","",,Serbian,Vuk Kovač,2024-04-20T18:09:42Z
46927,кртице,sr,"","",,Serbian,Vuk Kovač,2024-04-20T18:13:54Z
46970,европска кртица,sr,"","",,Serbian,Vuk Kovač,2024-04-20T18:15:43Z
46341,ровчице,sr,"","",,Serbian,Vuk Kovač,2024-04-20T18:18:14Z
46631,мала белозуба ровчица,sr,"","",,Serbian,Vuk Kovač,2024-04-20T18:25:11Z
1370737,патуљаста ровчица,sr,"","",,Serbian,Vuk Kovač,2024-04-20T18:25:50Z
46663,двобојна ровчица,sr,"","",,Serbian,Vuk Kovač,2024-04-20T18:26:31Z
41573,звери,sr,"","",,Serbian,Vuk Kovač,2024-04-20T18:30:52Z
41944,мачке,sr,"","",,Serbian,Vuk Kovač,2024-04-20T18:32:48Z
42043,пси,sr,"","",,Serbian,Vuk Kovač,2024-04-21T10:11:53Z
851014,обични шакал,sr,"","",,Serbian,Vuk Kovač,2024-04-21T10:13:53Z
42069,риђа лисица,sr,"","",,Serbian,Vuk Kovač,2024-04-21T10:15:23Z
41770,куне,sr,"","",,Serbian,Vuk Kovač,2024-04-21T10:16:55Z
569428,мала ласица,sr,"","",,Serbian,Vuk Kovač,2024-04-21T10:19:13Z
41812,мрки твор,sr,"","",,Serbian,Vuk Kovač,2024-04-21T10:20:50Z
855297,јазавац,sr,"","",,Serbian,Vuk Kovač,2024-04-21T10:25:52Z
41660,ракуни,sr,"","",,Serbian,Vuk Kovač,2024-04-21T10:27:37Z
41663,ракун,sr,"","",,Serbian,Vuk Kovač,2024-04-21T10:30:02Z
43094,двозупци,sr,"","",,Serbian,Vuk Kovač,2024-04-21T10:31:41Z
43095,зечеви,sr,"","",,Serbian,Vuk Kovač,2024-04-21T10:33:10Z
43151,европски кунић,sr,"","",,Serbian,Vuk Kovač,2024-04-21T10:35:16Z
152870,папкари,sr,"","",,Serbian,Vuk Kovač,2024-04-21T10:37:10Z
42158,јелени,sr,"","",,Serbian,Vuk Kovač,2024-04-21T10:38:54Z
42184,срна,sr,"","",,Serbian,Vuk Kovač,2024-04-21T10:39:58Z
74113,домаће говедо,sr,"","",,Serbian,Vuk Kovač,2024-04-21T10:42:27Z
123070,домаћа коза,sr,"","",,Serbian,Vuk Kovač,2024-04-21T10:43:56Z
42118,свиње,sr,"","",,Serbian,Vuk Kovač,2024-04-21T10:45:32Z
40268,слепи мишеви,sr,"","",,Serbian,Vuk Kovač,2024-04-21T10:48:01Z
40269,вечерњаци,sr,"","",,Serbian,Vuk Kovač,2024-04-21T10:49:43Z
40446,двобојни вечерњак,sr,"","",,Serbian,Vuk Kovač,2024-04-21T10:51:31Z
47178,зракоперке,sr,"","",,Serbian,Vuk Kovač,2024-04-21T10:54:00Z
49216,шаранке,sr,"","",,Serbian,Vuk Kovač,2024-04-21T10:55:47Z
1303618,клене,sr,"","",,Serbian,Vuk Kovač,2024-04-21T10:57:21Z
93611,кедер,sr,"","",,Serbian,Vuk Kovač,2024-04-21T10:59:03Z
97708,скобаљ,sr,"","",,Serbian,Vuk Kovač,2024-04-21T11:00:24Z
95811,крупатица,sr,"","",,Serbian,Vuk Kovač,2024-04-22T19:51:53Z
92984,Деверика,sr,"","",,Serbian,Vuk Kovač,2024-04-22T19:53:17Z
95072,Црноока деверика,sr,"","",,Serbian,Vuk Kovač,2024-04-22T19:54:24Z
112118,Црвенперка,sr,"","",,Serbian,Vuk Kovač,2024-04-22T19:55:58Z
613166,буцов,sr,"","",,Serbian,Vuk Kovač,2024-04-22T19:57:03Z
49609,шарани,sr,"","",,Serbian,Vuk Kovač,2024-04-22T19:58:24Z
95146,дунавска мрена,sr,"","",,Serbian,Vuk Kovač,2024-04-22T20:53:04Z
118880,амурски чебачок,sr,"","",,Serbian,Vuk Kovač,2024-04-23T09:33:02Z
128274,Бели толстолобик,sr,"","",,Serbian,Vuk Kovač,2024-04-23T09:39:41Z
1303725,гобији и сродници,sr,"","",,Serbian,Vuk Kovač,2024-04-23T09:41:13Z
47308,главочи,sr,"","",,Serbian,Vuk Kovač,2024-04-23T09:42:33Z
106743,главоч округлак,sr,"","",,Serbian,Vuk Kovač,2024-04-23T09:44:23Z
95020,главоч тркач,sr,"","",,Serbian,Vuk Kovač,2024-04-23T09:45:13Z
49614,сунчаница,sr,"","",,Serbian,Vuk Kovač,2024-04-23T19:51:51Z
49175,сомови,sr,"","",,Serbian,Vuk Kovač,2024-04-23T19:53:31Z
82278,амерички патуљасти сомић,sr,"","",,Serbian,Vuk Kovač,2024-04-23T19:56:20Z
47233,гргечке,sr,"","",,Serbian,Vuk Kovač,2024-04-23T19:58:24Z
48158,гргечи,sr,"","",,Serbian,Vuk Kovač,2024-04-23T19:59:22Z
109062,гргеч,sr,"","",,Serbian,Vuk Kovač,2024-04-23T20:00:52Z
101888,пругасти балавац,sr,"","",,Serbian,Vuk Kovač,2024-04-23T20:02:24Z
51369,штуке,sr,"","",,Serbian,Vuk Kovač,2024-04-24T08:28:29Z
55387,штука,sr,"","",,Serbian,Vuk Kovač,2024-04-24T08:29:27Z
1289488,Пиргаста грмуша,sr,Serbia,RS,,Serbian,ГоКуле,2024-04-28T16:59:04Z
1289488,Pirgasta grmuša,sr,Serbia,RS,,Serbian,ГоКуле,2024-04-28T16:59:38Z
160689,Плава павитина,sr,Serbia,RS,,Serbian,ГоКуле,2024-04-28T17:16:47Z
160689,Plava pavitina,sr,Serbia,RS,,Serbian,ГоКуле,2024-04-28T17:17:16Z
77965,Камилица,sr,Serbia,RS,,Serbian,ГоКуле,2024-04-30T07:26:04Z
77965,Kamilica,sr,Serbia,RS,,Serbian,ГоКуле,2024-04-30T07:26:25Z
62067,Велики вилењак,sr,Serbia,RS,,Serbian,ГоКуле,2024-04-30T08:10:19Z
62067,Veliki vilenjak,sr,Serbia,RS,,Serbian,ГоКуле,2024-04-30T08:10:42Z
47911,Cigansko perje,sr,Serbia,RS,,Serbian,ГоКуле,2024-04-30T12:04:19Z
129107,Црвени багрем,sr,Serbia,RS,,Serbian,ГоКуле,2024-04-30T12:34:05Z
129107,Crveni bagrem,sr,Serbia,RS,,Serbian,ГоКуле,2024-04-30T12:34:36Z
26085,амерички крокодил,sr,"","",,Serbian,Vuk Kovač,2024-05-02T11:53:18Z
57733,Перуника бастардна,sr,Serbia,RS,,Serbian,ГоКуле,2024-05-04T18:09:38Z
116517,обични кајман,sr,"","",,Serbian,Vuk Kovač,2024-05-04T18:17:00Z
341972,нилски крокодил,sr,"","",,Serbian,Vuk Kovač,2024-05-04T18:17:29Z
26068,естуарски крокодил,sr,"","",,Serbian,Vuk Kovač,2024-05-04T18:18:14Z
26074,мексички крокодил,sr,"","",,Serbian,Vuk Kovač,2024-05-04T18:19:12Z
116570,јакарски кајман,sr,"","",,Serbian,Vuk Kovač,2024-05-04T18:19:47Z
26063,индијски крокодил,sr,"","",,Serbian,Vuk Kovač,2024-05-04T18:20:58Z
116518,широконоси кајман,sr,"","",,Serbian,Vuk Kovač,2024-05-04T18:21:41Z
116532,црни кајман,sr,"","",,Serbian,Vuk Kovač,2024-05-04T18:22:33Z
26079,аустралијски крокодил,sr,"","",,Serbian,Vuk Kovač,2024-05-04T18:23:26Z
341973,западноафрички крокодил,sr,"","",,Serbian,Vuk Kovač,2024-05-04T18:24:12Z
116539,шнајдеров патуљасти кајман,sr,"","",,Serbian,Vuk Kovač,2024-05-04T18:25:06Z
116523,гавијал,sr,"","",,Serbian,Vuk Kovač,2024-05-04T18:25:52Z
116538,кувијеров патуљасти кајман,sr,"","",,Serbian,Vuk Kovač,2024-05-04T18:26:40Z
26044,сијамски крокодил,sr,"","",,Serbian,Vuk Kovač,2024-05-04T18:27:15Z
26156,кинески алигатор,sr,"","",,Serbian,Vuk Kovač,2024-05-04T18:35:19Z
144517,црноглави галеб,sr,"","",,Serbian,Vuk Kovač,2024-05-04T18:49:48Z
2262,модровране,sr,"","",,Serbian,Vuk Kovač,2024-05-04T18:53:24Z
2266,модроврана,sr,"","",,Serbian,Vuk Kovač,2024-05-04T18:54:33Z
52319,Пљоснати црви,sr,Serbia,RS,,Serbian,SunnyKoopaSnail,2024-05-06T08:50:11Z
121726,Метиљи,sr,Serbia,RS,,Serbian,SunnyKoopaSnail,2024-05-06T08:57:26Z
43233,Кљунари,sr,"","",,Serbian,SunnyKoopaSnail,2024-05-06T09:03:38Z
204456,Велики трстењак,sr,Serbia,RS,,Serbian,ГоКуле,2024-05-09T16:56:16Z
204456,Veliki trstenjak,sr,Serbia,RS,,Serbian,ГоКуле,2024-05-09T16:56:44Z
46017,сива веверица,sr,"","",,Serbian,Vuk Kovač,2024-05-13T17:13:12Z
5212,црвенорепи мишар,sr,"","",,Serbian,Vuk Kovač,2024-05-13T17:15:41Z
517414,Зелена крастава жаба,sr,Serbia,RS,,Serbian,ГоКуле,2024-05-14T12:22:26Z
517414,Zelena krastava žaba,sr,Serbia,RS,,Serbian,ГоКуле,2024-05-14T12:22:58Z
42134,Дивља свиња,sr,Serbia,RS,,Serbian,ГоКуле,2024-05-14T12:26:21Z
42134,Divlja svinja,sr,Serbia,RS,,Serbian,ГоКуле,2024-05-14T12:26:42Z
42184,Srna,sr,Serbia,RS,,Serbian,ГоКуле,2024-05-14T12:29:06Z
82003,Црни арион,sr,Serbia,RS,,Serbian,ГоКуле,2024-05-14T12:32:52Z
82003,Crni arion,sr,Serbia,RS,,Serbian,ГоКуле,2024-05-14T12:33:15Z
549275,Ливадски гундељ,sr,Serbia,RS,,Serbian,ГоКуле,2024-05-14T12:39:35Z
549275,Livadski gundelj,sr,Serbia,RS,,Serbian,ГоКуле,2024-05-14T12:40:27Z
71248,Попац,sr,Serbia,RS,,Serbian,ГоКуле,2024-05-14T12:42:41Z
71248,Popac,sr,Serbia,RS,,Serbian,ГоКуле,2024-05-14T12:43:03Z
52856,Дивљи пелин,sr,Serbia,RS,,Serbian,ГоКуле,2024-05-14T12:45:35Z
52856,Divlji pelin,sr,Serbia,RS,,Serbian,ГоКуле,2024-05-14T12:46:02Z
336378,Жутеница,sr,Serbia,RS,,Serbian,ГоКуле,2024-05-14T12:47:23Z
336378,Žutenica,sr,Serbia,RS,,Serbian,ГоКуле,2024-05-14T12:47:45Z
351365,Врбовача,sr,Serbia,RS,,Serbian,ГоКуле,2024-05-14T12:54:39Z
351365,Vrbovača,sr,Serbia,RS,,Serbian,ГоКуле,2024-05-14T12:55:05Z
48443,Тикваста пухара,sr,Serbia,RS,,Serbian,ГоКуле,2024-05-14T12:56:56Z
48443,Tikvasta puhara,sr,Serbia,RS,,Serbian,ГоКуле,2024-05-14T12:57:20Z
143563,Рудњача,sr,Serbia,RS,,Serbian,ГоКуле,2024-05-14T12:58:59Z
143563,Rudnjača,sr,Serbia,RS,,Serbian,ГоКуле,2024-05-14T12:59:58Z
58696,Шумска ускочница,sr,Serbia,RS,,Serbian,ГоКуле,2024-05-14T13:03:51Z
58696,Šumska uskočica,sr,Serbia,RS,,Serbian,ГоКуле,2024-05-14T13:04:18Z
201192,Црноглава траварка,sr,Serbia,RS,,Serbian,ГоКуле,2024-05-15T06:05:26Z
201192,Crnoglava travarka,sr,Serbia,RS,,Serbian,ГоКуле,2024-05-15T06:06:06Z
63352,Обична реника,sr,Serbia,RS,,Serbian,ГоКуле,2024-05-15T06:12:37Z
63352,Obična renika,sr,Serbia,RS,,Serbian,ГоКуле,2024-05-15T06:13:05Z
73115,Хјумова белогуза,sr,Serbia,RS,,Serbian,ГоКуле,2024-05-15T06:33:25Z
73115,Hjumova beloguza,sr,Serbia,RS,,Serbian,ГоКуле,2024-05-15T06:33:49Z
13687,Жутоглава плиска,sr,Serbia,RS,,Serbian,ГоКуле,2024-05-15T06:44:51Z
13687,Žutoglava pliska,sr,Serbia,RS,,Serbian,ГоКуле,2024-05-15T06:45:18Z
13712,Степска трептељка,sr,Serbia,RS,,Serbian,ГоКуле,2024-05-15T11:11:16Z
13712,Stepska trepteljka,sr,Serbia,RS,,Serbian,ГоКуле,2024-05-15T11:11:39Z
208111,Пехараста плава девица,sr,Serbia,RS,,Serbian,ГоКуле,2024-05-15T11:22:04Z
208111,Peharasta plava devica,sr,Serbia,RS,,Serbian,ГоКуле,2024-05-15T11:22:29Z
116802,Trstenjak mlakar,sr,Serbia,RS,,Serbian,ГоКуле,2024-05-15T11:23:31Z
104875,Велики дукат,sr,Serbia,RS,,Serbian,ГоКуле,2024-05-15T11:24:58Z
51824,Пругаста коњска смрт,sr,Serbia,RS,,Serbian,ГоКуле,2024-05-15T11:27:13Z
51824,Prugasta konjska smrt,sr,Serbia,RS,,Serbian,ГоКуле,2024-05-15T11:28:33Z
126585,Сиријски хибискус,sr,Serbia,RS,,Serbian,ГоКуле,2024-05-15T11:37:28Z
126585,Sibirski hibiskus,sr,Serbia,RS,,Serbian,ГоКуле,2024-05-15T11:38:33Z
1453013,Зелена крастава жаба,sr,Serbia,RS,,Serbian,ГоКуле,2024-05-15T11:42:25Z
1453013,Zelena krastava žaba,sr,Serbia,RS,,Serbian,ГоКуле,2024-05-15T11:42:57Z
55719,Обична лебдилица,sr,Serbia,RS,,Serbian,ГоКуле,2024-05-15T11:45:31Z
55719,Obična lebdilica,sr,Serbia,RS,,Serbian,ГоКуле,2024-05-15T11:46:06Z
78838,Резеда,sr,Serbia,RS,,Serbian,ГоКуле,2024-05-15T11:52:14Z
78838,Razeda,sr,Serbia,RS,,Serbian,ГоКуле,2024-05-15T11:53:14Z
79441,Безмирисна камилица,sr,Serbia,RS,,Serbian,ГоКуле,2024-05-15T12:08:20Z
79441,Bezmirisna kamilica,sr,Serbia,RS,,Serbian,ГоКуле,2024-05-15T12:08:47Z
56164,Тамна дивизна,sr,Serbia,RS,,Serbian,ГоКуле,2024-05-16T06:50:00Z
56164,Tamna divizna,sr,Serbia,RS,,Serbian,ГоКуле,2024-05-16T06:50:39Z
55625,Јесењи пољски коњиц,sr,Serbia,RS,,Serbian,ГоКуле,2024-05-16T09:52:20Z
55625,Jesenji poljski konjic,sr,Serbia,RS,,Serbian,ГоКуле,2024-05-16T09:52:47Z
94041,Лутајући царевић,sr,Serbia,RS,,Serbian,ГоКуле,2024-05-16T09:54:08Z
94041,Lutajući carević,sr,Serbia,RS,,Serbian,ГоКуле,2024-05-16T09:54:43Z
82764,Велика лепотелка,sr,Serbia,RS,,Serbian,ГоКуле,2024-05-16T09:56:33Z
82764,Velika lepotelka,sr,Serbia,RS,,Serbian,ГоКуле,2024-05-16T09:56:58Z
95785,Мали водени пуж,sr,Serbia,RS,,Serbian,SunnyKoopaSnail,2024-05-16T17:26:31Z
127189,Водени пуж,sr,Serbia,RS,,Serbian,SunnyKoopaSnail,2024-05-16T17:29:23Z
101168,Метиљски пуж,sr,Serbia,RS,,Serbian,SunnyKoopaSnail,2024-05-16T17:33:07Z
1392121,Лутајући пуж,sr,Serbia,RS,,Serbian,SunnyKoopaSnail,2024-05-16T17:40:10Z
186968,Барски пуж,sr,Serbia,RS,,Serbian,SunnyKoopaSnail,2024-05-16T17:46:25Z
780851,Савски пуж,sr,Serbia,RS,,Serbian,SunnyKoopaSnail,2024-05-16T17:47:54Z
1275580,Речни пуж,sr,"","",,Serbian,SunnyKoopaSnail,2024-05-16T17:51:47Z
336762,Плочасти пуж,sr,"","",,Serbian,SunnyKoopaSnail,2024-05-16T17:55:14Z
150988,Оштри пуж,sr,"","",,Serbian,SunnyKoopaSnail,2024-05-16T18:00:50Z
150049,Капасти пуж,sr,Serbia,RS,,Serbian,SunnyKoopaSnail,2024-05-16T18:04:48Z
151289,Округласти пуж,sr,"","",,Serbian,SunnyKoopaSnail,2024-05-16T18:06:53Z
336729,Пљоснати округласти пуж,sr,"","",,Serbian,SunnyKoopaSnail,2024-05-16T18:08:54Z
115005,Речни живородни пуж,sr,"","",,Serbian,SunnyKoopaSnail,2024-05-16T18:12:01Z
151304,Барски живородни пуж,sr,"","",,Serbian,SunnyKoopaSnail,2024-05-16T18:13:52Z
151310,Живородни пуж,sr,"","",,Serbian,SunnyKoopaSnail,2024-05-16T18:16:03Z
55617,Мермераст пуж,sr,Serbia,RS,,Serbian,SunnyKoopaSnail,2024-05-16T18:26:45Z
922180,Панонски пуж,sr,Serbia,RS,,Serbian,SunnyKoopaSnail,2024-05-16T20:26:01Z
48586,Пољски пуж,sr,Serbia,RS,,Serbian,SunnyKoopaSnail,2024-05-16T20:34:18Z
51039,Баштенски пуж,sr,"","",,Serbian,SunnyKoopaSnail,2024-05-16T20:38:56Z
99604,Банатски пуж,sr,Serbia,RS,,Serbian,SunnyKoopaSnail,2024-05-16T20:42:48Z
1533950,Шарени тањирасти пуж,sr,Serbia,RS,,Serbian,SunnyKoopaSnail,2024-05-16T20:50:10Z
336796,Патуљасти пужић,sr,Serbia,RS,,Serbian,SunnyKoopaSnail,2024-05-16T20:54:47Z
336731,Пуж враташ,sr,Serbia,RS,,Serbian,SunnyKoopaSnail,2024-05-18T16:19:14Z
4514,Belokrila čigra,sr,Serbia,RS,,Serbian,ГоКуле,2024-05-18T19:09:06Z
4943,Mala bela čaplja,sr,Serbia,RS,,Serbian,ГоКуле,2024-05-18T19:11:15Z
9083,црвени кардинал,sr,"","",,Serbian,Vuk Kovač,2024-05-20T21:26:17Z
199840,мексичка зимовка,sr,"","",,Serbian,Vuk Kovač,2024-05-20T21:27:15Z
3454,жалосна грлица,sr,"","",,Serbian,Vuk Kovač,2024-05-20T21:28:06Z
9100,стрнад певач,sr,"","",,Serbian,Vuk Kovač,2024-05-20T21:29:18Z
4756,црвеноглави ћурколики лешинар,sr,"","",,Serbian,Vuk Kovač,2024-05-20T21:30:06Z
14886,северна ругалица,sr,"","",,Serbian,Vuk Kovač,2024-05-20T21:31:17Z
10094,тамнооки јунко,sr,"","",,Serbian,Vuk Kovač,2024-05-20T21:32:26Z
5305,белоглави орао,sr,"","",,Serbian,Vuk Kovač,2024-05-20T21:33:04Z
28362,обична подвезичарка,sr,"","",,Serbian,Vuk Kovač,2024-05-20T21:34:28Z
42220,мула јелен,sr,"","",,Serbian,Vuk Kovač,2024-05-20T21:35:46Z
145310,Амерички златни штиглић,sr,"","",,Serbian,Vuk Kovač,2024-05-27T17:13:04Z
43111,Источноамерички кунић,sr,"","",,Serbian,Vuk Kovač,2024-05-27T17:13:51Z
53869,Ђавоља буба,sr,Serbia,RS,,Serbian,ГоКуле,2024-05-30T12:54:00Z
53869,Đavolja buba,sr,Serbia,RS,,Serbian,ГоКуле,2024-05-30T12:54:26Z
147328,Пандорина седефица,sr,Serbia,RS,,Serbian,ГоКуле,2024-06-01T14:56:44Z
147328,Pandorina sedefica,sr,Serbia,RS,,Serbian,ГоКуле,2024-06-01T14:57:28Z
60834,Зеленотрби плавац,sr,Serbia,RS,,Serbian,ГоКуле,2024-06-01T14:58:30Z
60834,Zelenotrbi plavac,sr,Serbia,RS,,Serbian,ГоКуле,2024-06-01T14:59:02Z
162206,Змијоглавка,sr,Serbia,RS,,Serbian,ГоКуле,2024-06-02T03:35:53Z
162206,Zmijoglavka,sr,Serbia,RS,,Serbian,ГоКуле,2024-06-02T03:36:24Z
76007,Црвени чкаљ,sr,Serbia,RS,,Serbian,ГоКуле,2024-06-02T09:14:01Z
76007,Crveni čkalj,sr,Serbia,RS,,Serbian,ГоКуле,2024-06-02T09:14:38Z
551410,Велика пчела дрварица,sr,Serbia,RS,,Serbian,ГоКуле,2024-06-03T10:28:27Z
551410,Velika pčela drvarica,sr,Serbia,RS,,Serbian,ГоКуле,2024-06-03T10:28:54Z
447812,Зелена јагода,sr,Serbia,RS,,Serbian,ГоКуле,2024-06-03T11:01:29Z
447812,Zelena jagoda,sr,Serbia,RS,,Serbian,ГоКуле,2024-06-03T11:01:54Z
169753,Обична мајчина душица,sr,Serbia,RS,,Serbian,ГоКуле,2024-06-03T19:56:43Z
169753,Obična majčina dušica,sr,Serbia,RS,,Serbian,ГоКуле,2024-06-03T19:57:15Z
480434,Степски столисник,sr,Serbia,RS,,Serbian,ГоКуле,2024-06-03T20:00:15Z
480434,Stepski stolisnik,sr,Serbia,RS,,Serbian,ГоКуле,2024-06-03T20:00:37Z
55893,Петровац,sr,Serbia,RS,,Serbian,ГоКуле,2024-06-03T20:09:10Z
55893,Petrovac,sr,Serbia,RS,,Serbian,ГоКуле,2024-06-03T20:09:38Z
139789,Козинац,sr,Serbia,RS,,Serbian,ГоКуле,2024-06-04T08:18:03Z
139789,Kozinac,sr,Serbia,RS,,Serbian,ГоКуле,2024-06-04T08:18:32Z
889219,Слатински пелин,sr,Serbia,RS,,Serbian,ГоКуле,2024-06-04T08:19:49Z
889219,Slatinski pelin,sr,Serbia,RS,,Serbian,ГоКуле,2024-06-04T08:20:22Z
57066,Жути кокотац,sr,Serbia,RS,,Serbian,ГоКуле,2024-06-04T08:22:16Z
57066,Žuti kokotac,sr,Serbia,RS,,Serbian,ГоКуле,2024-06-04T08:22:49Z
512073,Бела очајница,sr,Serbia,RS,,Serbian,ГоКуле,2024-06-04T08:24:18Z
512073,Bela očajnica,sr,Serbia,RS,,Serbian,ГоКуле,2024-06-04T08:24:49Z
775554,Швапски слез,sr,Serbia,RS,,Serbian,ГоКуле,2024-06-04T08:33:43Z
775554,Švapski slez,sr,Serbia,RS,,Serbian,ГоКуле,2024-06-04T08:34:09Z
76214,Храпави различак,sr,Serbia,RS,,Serbian,ГоКуле,2024-06-04T08:35:41Z
76214,Hrapavi različak,sr,Serbia,RS,,Serbian,ГоКуле,2024-06-04T08:36:11Z
209429,Стидак,sr,Serbia,RS,,Serbian,ГоКуле,2024-06-04T08:39:47Z
209429,Stidak,sr,Serbia,RS,,Serbian,ГоКуле,2024-06-04T08:40:05Z
77120,Штикљаста млечика,sr,Serbia,RS,,Serbian,ГоКуле,2024-06-04T08:41:58Z
77120,Štikljasta mlečika,sr,Serbia,RS,,Serbian,ГоКуле,2024-06-04T08:42:51Z
55717,Подубица,sr,Serbia,RS,,Serbian,ГоКуле,2024-06-04T08:44:08Z
55717,Podubica,sr,Serbia,RS,,Serbian,ГоКуле,2024-06-04T08:44:33Z
1555656,штуколике рибе,sr,"","",https://www.inaturalist.org/taxon_names/3641361/edit,Serbian,,2024-06-04T15:35:55Z
41641,Мрки медвед,sr,"","",,Serbian,Vuk Kovač,2024-06-04T17:35:39Z
42347,Дивокоза,sr,"","",,Serbian,Vuk Kovač,2024-06-04T17:36:09Z
57116,Горска нана,sr,Serbia,RS,,Serbian,ГоКуле,2024-06-05T06:21:18Z
57116,Gorska nana,sr,Serbia,RS,,Serbian,ГоКуле,2024-06-05T06:21:40Z
167373,Челавица,sr,Serbia,RS,,Serbian,ГоКуле,2024-06-06T08:07:38Z
167373,Čelavica,sr,Serbia,RS,,Serbian,ГоКуле,2024-06-06T08:08:05Z
858615,Тупи пуж,sr,"","",,Serbian,SunnyKoopaSnail,2024-06-09T10:53:43Z
127186,Ајчица,sr,Serbia,RS,,Serbian,ГоКуле,2024-06-10T05:30:50Z
127186,Ajčica,sr,Serbia,RS,,Serbian,ГоКуле,2024-06-10T05:31:35Z
44576,Sivi pacov,sr,Serbia,RS,,Serbian,ГоКуле,2024-06-10T08:27:07Z
40151,Sisari,sr,Serbia,RS,,Serbian,ГоКуле,2024-06-10T12:42:03Z
12822,Обична белогуза,sr,Serbia,RS,,Serbian,ГоКуле,2024-06-15T12:15:41Z
12822,Obična beloguza,sr,Serbia,RS,,Serbian,ГоКуле,2024-06-15T12:16:13Z
2266,Modrovrana,sr,Serbia,RS,,Serbian,ГоКуле,2024-06-15T20:21:56Z
55655,Мали дукат,sr,Serbia,RS,,Serbian,ГоКуле,2024-06-15T20:23:38Z
55655,Mali dukat,sr,Serbia,RS,,Serbian,ГоКуле,2024-06-15T20:24:03Z
107942,Бели вилењак,sr,Serbia,RS,,Serbian,ГоКуле,2024-06-15T22:00:56Z
107942,Beli vilenjak,sr,Serbia,RS,,Serbian,ГоКуле,2024-06-15T22:01:24Z
94048,Мали царевић,sr,Serbia,RS,,Serbian,ГоКуле,2024-06-15T22:03:21Z
94048,Mali carević,sr,Serbia,RS,,Serbian,ГоКуле,2024-06-15T22:03:55Z
64232,Бодаљ,sr,Serbia,RS,,Serbian,ГоКуле,2024-06-17T09:40:26Z
64232,Bodalj,sr,Serbia,RS,,Serbian,ГоКуле,2024-06-17T09:40:47Z
5242,Змијар,sr,Serbia,RS,,Serbian,ГоКуле,2024-06-19T11:34:15Z
5242,Zmijar,sr,Serbia,RS,,Serbian,ГоКуле,2024-06-19T11:34:37Z
52785,Азијска пчела смоларица,sr,Serbia,RS,,Serbian,ГоКуле,2024-06-26T05:55:39Z
52785,Azijska pčela smolarica,sr,Serbia,RS,,Serbian,ГоКуле,2024-06-26T05:56:07Z
5366,Белоглави суп,sr,Serbia,RS,,Serbian,ГоКуле,2024-06-30T19:03:45Z
5366,Beloglavi sup,sr,Serbia,RS,,Serbian,ГоКуле,2024-06-30T19:04:11Z
109650,Белонога поточница,sr,Serbia,RS,,Serbian,ГоКуле,2024-07-01T07:30:59Z
109650,Belonoga potočnica,sr,Serbia,RS,,Serbian,ГоКуле,2024-07-01T07:31:21Z
1098280,Борова губа,sr,Serbia,RS,,Serbian,ГоКуле,2024-07-01T07:33:03Z
1098280,Borova guba,sr,Serbia,RS,,Serbian,ГоКуле,2024-07-01T07:33:31Z
343594,Крзави плавац,sr,Serbia,RS,,Serbian,ГоКуле,2024-07-01T11:05:42Z
343594,Krzavi plavac,sr,Serbia,RS,,Serbian,ГоКуле,2024-07-01T11:06:53Z
348091,Бела гнојиштарка,sr,Serbia,RS,,Serbian,ГоКуле,2024-07-01T11:13:10Z
348091,Bela gnojištarka,sr,Serbia,RS,,Serbian,ГоКуле,2024-07-01T11:13:44Z
145895,Источни слепић,sr,"","",,Serbian,Vuk Kovač,2024-07-01T15:14:00Z
8350,Жутокљуна галица,sr,"","",,Serbian,Vuk Kovač,2024-07-02T09:24:28Z
204552,Лешњикара,sr,"","",,Serbian,Vuk Kovač,2024-07-02T09:28:12Z
40023,Грчка корњача,sr,"","",,Serbian,Vuk Kovač,2024-07-02T10:08:52Z
144830,Ћубаста сеница,sr,Serbia,RS,,Serbian,ГоКуле,2024-07-02T10:54:43Z
144830,Ćubasta senica,sr,Serbia,RS,,Serbian,ГоКуле,2024-07-02T10:55:09Z
144812,Планинска сива сеница,sr,Serbia,RS,,Serbian,ГоКуле,2024-07-03T05:49:15Z
144812,Planinska siva senica,sr,Serbia,RS,,Serbian,ГоКуле,2024-07-03T05:49:55Z
451952,Мирисни кукурек,sr,Serbia,RS,,Serbian,ГоКуле,2024-07-03T06:14:20Z
451952,Mirisni kukurek,sr,Serbia,RS,,Serbian,ГоКуле,2024-07-03T06:14:39Z
322024,Мали преливац,sr,Serbia,RS,,Serbian,ГоКуле,2024-07-04T11:20:44Z
322024,Mali prelivac,sr,Serbia,RS,,Serbian,ГоКуле,2024-07-04T11:21:07Z
123629,Велики окаш,sr,Serbia,RS,,Serbian,ГоКуле,2024-07-04T11:22:19Z
123629,Veliki okaš,sr,Serbia,RS,,Serbian,ГоКуле,2024-07-04T11:22:43Z
68354,Различков шаренац,sr,Serbia,RS,,Serbian,ГоКуле,2024-07-04T11:23:51Z
68354,Različkov šarenac,sr,Serbia,RS,,Serbian,ГоКуле,2024-07-04T11:24:16Z
347298,Велики сатир,sr,Serbia,RS,,Serbian,ГоКуле,2024-07-04T11:25:29Z
347298,Veliki satir,sr,Serbia,RS,,Serbian,ГоКуле,2024-07-04T11:25:50Z
60253,Водена боквица,sr,Serbia,RS,,Serbian,ГоКуле,2024-07-04T11:26:36Z
60253,Vodena bokvica,sr,Serbia,RS,,Serbian,ГоКуле,2024-07-04T11:26:58Z
55653,Смеђи окаш,sr,Serbia,RS,,Serbian,ГоКуле,2024-07-04T11:35:08Z
55653,Smeđi okaš,sr,Serbia,RS,,Serbian,ГоКуле,2024-07-04T11:35:38Z
7450,Kratkokljuni puzić,sr,Serbia,RS,,Serbian,ГоКуле,2024-07-04T12:03:27Z
82511,Рудинска млечика,sr,Serbia,RS,,Serbian,ГоКуле,2024-07-08T06:07:38Z
82511,Rudinska mlečika,sr,Serbia,RS,,Serbian,ГоКуле,2024-07-08T06:08:14Z
200834,Туатара,sr,"","",,Serbian,Vuk Kovač,2024-07-09T20:16:51Z
84278,Сунчев цвет,sr,Serbia,RS,,Serbian,ГоКуле,2024-07-12T07:51:11Z
84278,Sunčev cvet,sr,Serbia,RS,,Serbian,ГоКуле,2024-07-12T07:51:37Z
168750,Обични жедњак,sr,Serbia,RS,,Serbian,ГоКуле,2024-07-12T07:59:43Z
168750,Obični žednjak,sr,Serbia,RS,,Serbian,ГоКуле,2024-07-12T08:00:09Z
4333,Далматински пеликан,sr,"","",,Serbian,Vuk Kovač,2024-07-17T13:54:03Z
14621,Кинески булбул,sr,"","",,Serbian,Vuk Kovač,2024-07-17T13:57:30Z
472778,кинески кос,sr,"","",,Serbian,Vuk Kovač,2024-07-17T13:58:49Z
134932,азијска крастача,sr,"","",,Serbian,Vuk Kovač,2024-07-17T14:03:03Z
1455918,пегава грлица,sr,"","",,Serbian,Vuk Kovač,2024-07-17T14:06:18Z
827401,азијска сврака,sr,"","",,Serbian,Vuk Kovač,2024-07-17T14:09:32Z
204491,азијска сврака-робин,sr,"","",,Serbian,Vuk Kovač,2024-07-17T14:32:49Z
12035,дугорепи сврачак,sr,"","",,Serbian,Vuk Kovač,2024-07-17T14:34:26Z
12993,дауријска црвенрепка,sr,"","",,Serbian,Vuk Kovač,2024-07-17T14:39:44Z
66330,црно-пегава жаба,sr,"","",,Serbian,Vuk Kovač,2024-07-17T14:43:56Z
72785,азурнокрила сврака,sr,"","",,Serbian,Vuk Kovač,2024-07-17T14:45:57Z
120791,јалова жаба,sr,"","",,Serbian,Vuk Kovač,2024-07-17T14:50:53Z
66131,китњаста ускоуста жаба,sr,"","",,Serbian,Vuk Kovač,2024-07-17T14:53:20Z
9744,црвени кос,sr,"","",,Serbian,Vuk Kovač,2024-07-17T14:56:16Z
36204,западни оградни гуштер,sr,"","",,Serbian,Vuk Kovač,2024-07-17T14:59:09Z
145245,жутоглави певач,sr,"","",,Serbian,Vuk Kovač,2024-07-17T15:00:23Z
34435,кућни гекон,sr,"","",,Serbian,Vuk Kovač,2024-07-17T15:04:54Z
35710,далматински зидни гуштер,sr,"","",,Serbian,Vuk Kovač,2024-07-17T15:06:23Z
64968,америчка крастача,sr,"","",,Serbian,Vuk Kovač,2024-07-18T09:36:57Z
46020,лисичја веверица,sr,"","",,Serbian,Vuk Kovač,2024-07-18T09:38:40Z
4990,кинеска барска чапља,sr,"","",,Serbian,Vuk Kovač,2024-07-18T09:41:30Z
14872,ћубаста мина,sr,"","",,Serbian,Vuk Kovač,2024-07-18T09:43:26Z
128689,Жалфија коњска,sr,Serbia,RS,,Serbian,ГоКуле,2024-07-18T10:41:16Z
128689,Žalfija konjska,sr,Serbia,RS,,Serbian,ГоКуле,2024-07-18T10:41:48Z
495200,црвенокљуна плава сврака,sr,"","",,Serbian,Vuk Kovač,2024-07-19T09:19:38Z
2927,оријентална грлица,sr,"","",,Serbian,Vuk Kovač,2024-07-20T09:19:14Z
5206,црвеноплећи мишар,sr,"","",,Serbian,Vuk Kovač,2024-07-20T09:22:59Z
1454382,двокрести корморан,sr,"","",,Serbian,Vuk Kovač,2024-07-20T09:24:13Z
62345,црно-наочар жаба,sr,"","",,Serbian,Vuk Kovač,2024-07-23T10:53:11Z
906,дивља ћурка,sr,"","",,Serbian,Vuk Kovač,2024-07-23T10:54:28Z
792988,пухасти детлић,sr,"","",,Serbian,Vuk Kovač,2024-07-24T07:58:05Z
36514,каролински анолис,sr,"","",,Serbian,Vuk Kovač,2024-07-24T08:19:41Z
72504,кинеска пегава патка,sr,"","",,Serbian,Vuk Kovač,2024-07-24T08:23:11Z
145361,оријентална зелентарка,sr,"","",,Serbian,Vuk Kovač,2024-07-24T08:24:45Z
204496,црна врана,sr,"","",,Serbian,Vuk Kovač,2024-07-24T08:34:37Z
116461,браон анолис,sr,"","",,Serbian,Vuk Kovač,2024-07-25T07:19:41Z
8229,плава креја,sr,"","",,Serbian,Vuk Kovač,2024-07-25T07:20:55Z
8021,америчка врана,sr,"","",,Serbian,Vuk Kovač,2024-07-25T07:22:11Z
145068,водена црвенрепка,sr,"","",,Serbian,Vuk Kovač,2024-07-25T07:24:25Z
14591,ћубасти булбул,sr,"","",,Serbian,Vuk Kovač,2024-07-25T07:25:29Z
10534,кинески батокљун,sr,"","",,Serbian,Vuk Kovač,2024-07-25T07:28:41Z
210941,црвенбока плаворепка,sr,"","",,Serbian,Vuk Kovač,2024-07-25T07:31:21Z
144792,даурска ласта,sr,"","",,Serbian,Vuk Kovač,2024-07-25T07:33:08Z
7647,воденкос,sr,"","",,Serbian,Vuk Kovač,2024-07-25T07:35:16Z
337045,приморски гуштер,sr,"","",,Serbian,Vuk Kovač,2024-07-25T07:41:41Z
118674,пирка,sr,"","",,Serbian,Vuk Kovač,2024-07-25T07:42:40Z
1289604,морски корморан,sr,"","",,Serbian,Vuk Kovač,2024-07-25T07:43:34Z
52554,лумбрак,sr,"","",,Serbian,Vuk Kovač,2024-07-25T07:45:32Z
204113,јелен,sr,"","",,Serbian,Vuk Kovač,2024-07-25T07:46:35Z
118663,салпа,sr,"","",,Serbian,Vuk Kovač,2024-07-25T07:48:01Z
118667,фратар,sr,"","",,Serbian,Vuk Kovač,2024-07-25T07:49:00Z
118662,ушата,sr,"","",,Serbian,Vuk Kovač,2024-07-25T07:50:15Z
12942,источна плава птица,sr,"","",,Serbian,Vuk Kovač,2024-07-26T07:10:39Z
547178,црвенокљуни чворак,sr,"","",,Serbian,Vuk Kovač,2024-07-26T07:12:26Z
547179,сиви чворак,sr,"","",,Serbian,Vuk Kovač,2024-07-26T07:13:40Z
188591,црвено-црни петлић,sr,"","",,Serbian,Vuk Kovač,2024-07-26T07:15:52Z
50972,владика,sr,"","",,Serbian,Vuk Kovač,2024-07-26T07:17:58Z
9176,белокруни врабац,sr,"","",,Serbian,Vuk Kovač,2024-07-27T08:44:17Z
7277,црногрла сеница,sr,"","",,Serbian,Vuk Kovač,2024-07-27T08:46:17Z
980257,свинхова белоока,sr,"","",,Serbian,Vuk Kovač,2024-07-27T08:48:01Z
14658,огрличаста зеба,sr,"","",,Serbian,Vuk Kovač,2024-07-27T08:49:45Z
25697,грчка жаба,sr,"","",,Serbian,Vuk Kovač,2024-07-27T08:52:28Z
25591,ливадска жаба,sr,"","",,Serbian,Vuk Kovač,2024-07-27T08:54:10Z
144910,смеђоухи булбул,sr,"","",,Serbian,Vuk Kovač,2024-07-27T09:01:13Z
8026,прашумска врана,sr,"","",,Serbian,Vuk Kovač,2024-07-27T09:02:39Z
42210,сика јелен,sr,"","",,Serbian,Vuk Kovač,2024-07-27T09:03:37Z
980262,цвркутава белоока,sr,"","",,Serbian,Vuk Kovač,2024-07-27T09:05:09Z
145087,сумрачни дрозд,sr,"","",,Serbian,Vuk Kovač,2024-07-27T09:05:52Z
13141,модрокос,sr,"","",,Serbian,Vuk Kovač,2024-07-27T09:07:13Z
68348,јапански гуштер,sr,"","",,Serbian,Vuk Kovač,2024-07-27T09:09:13Z
518169,шарена сеница,sr,"","",,Serbian,Vuk Kovač,2024-07-27T09:10:13Z
13702,јапанска плиска,sr,"","",,Serbian,Vuk Kovač,2024-07-27T09:10:49Z
12051,бикоглави сврачак,sr,"","",,Serbian,Vuk Kovač,2024-07-27T09:11:59Z
792952,пигмејски детлић,sr,"","",,Serbian,Vuk Kovač,2024-07-27T09:12:57Z
9216,ливадска стрнадица,sr,"","",,Serbian,Vuk Kovač,2024-07-27T09:13:37Z
318747,далекоисточни роваш,sr,"","",,Serbian,Vuk Kovač,2024-07-27T09:14:33Z
4370,јапански галеб,sr,"","",,Serbian,Vuk Kovač,2024-07-27T09:15:28Z
4940,снежна чапља,sr,"","",,Serbian,Vuk Kovač,2024-07-28T08:12:31Z
18205,црвенотрбушни детлић,sr,"","",,Serbian,Vuk Kovač,2024-07-28T08:14:29Z
1505899,винскогрли паротбил,sr,"","",,Serbian,Vuk Kovač,2024-07-28T08:18:25Z
13724,индијски пипит,sr,"","",,Serbian,Vuk Kovač,2024-07-28T08:19:34Z
43458,јапански макаки,sr,"","",,Serbian,Vuk Kovač,2024-07-28T08:24:01Z
473,америчка лиска,sr,"","",,Serbian,Vuk Kovač,2024-07-29T05:53:18Z
134709,памучна жаба,sr,"","",,Serbian,Vuk Kovač,2024-07-29T05:56:57Z
1289401,бело-смеђи смехљаш,sr,"","",,Serbian,Vuk Kovač,2024-07-29T06:00:39Z
93607,охридски спирлин,sr,"","",,Serbian,Vuk Kovač,2024-07-29T06:08:29Z
65979,жаба бик,sr,"","",,Serbian,Vuk Kovač,2024-07-30T06:25:30Z
45952,паласова веверица,sr,"","",,Serbian,Vuk Kovač,2024-07-30T06:28:17Z
101316,шлегелов јапански гекон,sr,"","",,Serbian,Vuk Kovač,2024-07-30T06:31:01Z
42051,којот,sr,"","",,Serbian,Vuk Kovač,2024-07-31T06:40:56Z
26571,пегаста жаба са дрвета,sr,"","",,Serbian,Vuk Kovač,2024-07-31T06:43:14Z
1437051,маскирана стрнадица,sr,"","",,Serbian,Vuk Kovač,2024-07-31T06:45:01Z
39771,обојена корњача,sr,"","",,Serbian,Vuk Kovač,2024-08-01T08:10:18Z
18236,северни фликер,sr,"","",,Serbian,Vuk Kovač,2024-08-01T08:13:12Z
9204,црномања стрнадица,sr,"","",,Serbian,Vuk Kovač,2024-08-01T08:16:05Z
118708,главоч белац,sr,"","",,Serbian,Vuk Kovač,2024-08-01T08:20:17Z
31281,индијски баштенски гуштер,sr,"","",,Serbian,Vuk Kovač,2024-08-01T08:27:40Z
204519,белогрли водомар,sr,"","",,Serbian,Vuk Kovač,2024-08-01T08:28:40Z
8277,црни дронго,sr,"","",,Serbian,Vuk Kovač,2024-08-01T08:29:25Z
2229,зелена пчеларица,sr,"","",,Serbian,Vuk Kovač,2024-08-01T08:30:12Z
497004,јавански корморан,sr,"","",,Serbian,Vuk Kovač,2024-08-01T08:30:58Z
5406,браманска луња,sr,"","",,Serbian,Vuk Kovač,2024-08-01T08:34:04Z
145146,љубичасто-крпаста сунчана птица,sr,"","",,Serbian,Vuk Kovač,2024-08-01T08:35:47Z
4743,обојена рода,sr,"","",,Serbian,Vuk Kovač,2024-08-01T14:15:58Z
1289423,прашумски баблер,sr,"","",,Serbian,Vuk Kovač,2024-08-01T14:16:58Z
204510,азијски коел,sr,"","",,Serbian,Vuk Kovač,2024-08-01T14:18:00Z
145031,индијски робин,sr,"","",,Serbian,Vuk Kovač,2024-08-01T14:18:55Z
4775,азијски опенбил,sr,"","",,Serbian,Vuk Kovač,2024-08-01T14:20:03Z
6925,индијска пегава патка,sr,"","",,Serbian,Vuk Kovač,2024-08-01T14:21:03Z
13794,ткаља баиа,sr,"","",,Serbian,Vuk Kovač,2024-08-01T14:22:08Z
8305,руфус трипи,sr,"","",,Serbian,Vuk Kovač,2024-08-01T14:23:30Z
7711,пепељаста принија,sr,"","",,Serbian,Vuk Kovač,2024-08-01T14:24:37Z
45936,северна палмова веверица,sr,"","",,Serbian,Vuk Kovač,2024-08-01T14:25:24Z
474332,сивоглава барска кока,sr,"","",,Serbian,Vuk Kovač,2024-08-01T14:26:52Z
12910,шарени жбунски чат,sr,"","",,Serbian,Vuk Kovač,2024-08-01T14:28:21Z
13893,зачинска зеба,sr,"","",,Serbian,Vuk Kovač,2024-08-01T14:29:40Z
1677,врана фазан,sr,"","",,Serbian,Vuk Kovač,2024-08-01T14:30:44Z
42166,читал,sr,"","",,Serbian,Vuk Kovač,2024-08-01T14:31:29Z
20012,пегава кукумавка,sr,"","",,Serbian,Vuk Kovač,2024-08-01T14:32:18Z
43448,индијски макаки,sr,"","",,Serbian,Vuk Kovač,2024-08-01T14:32:58Z
3738,црноглави ибис,sr,"","",,Serbian,Vuk Kovač,2024-08-01T14:33:50Z
13709,оријентални пипит,sr,"","",,Serbian,Vuk Kovač,2024-08-01T14:34:30Z
979697,мали златнолеђи детлић,sr,"","",,Serbian,Vuk Kovač,2024-08-01T14:35:29Z
7710,обична приниа,sr,"","",,Serbian,Vuk Kovač,2024-08-02T06:34:58Z
4793,килдир,sr,"","",,Serbian,Vuk Kovač,2024-08-02T06:38:27Z
4364,прстенокљуни галеб,sr,"","",,Serbian,Vuk Kovač,2024-08-02T06:39:17Z
6317,анин колибри,sr,"","",,Serbian,Vuk Kovač,2024-08-02T06:40:32Z
68339,јапански смук,sr,"","",,Serbian,Vuk Kovač,2024-08-02T06:44:30Z
1402613,јапанска крастача,sr,"","",,Serbian,Vuk Kovač,2024-08-02T06:47:00Z
43793,европски дабар,sr,"","",,Serbian,Vuk Kovač,2024-08-02T06:52:18Z
558550,велика шарена плиска,sr,"","",,Serbian,Vuk Kovač,2024-08-04T06:44:46Z
39814,кутијаста корњача,sr,"","",,Serbian,Vuk Kovač,2024-08-04T06:46:24Z
1289400,маскирани смејући дрозд,sr,"","",,Serbian,Vuk Kovač,2024-08-04T06:49:13Z
980065,јапански жбунски звиждак,sr,"","",,Serbian,Vuk Kovač,2024-08-04T06:52:12Z
336266,Банатска сикавица,sr,Serbia,RS,,Serbian,ГоКуле,2024-08-04T10:15:05Z
336266,Banatska sikavica,sr,Serbia,RS,,Serbian,ГоКуле,2024-08-04T10:15:37Z
367521,казанџија,sr,"","",,Serbian,Vuk Kovač,2024-08-05T06:51:20Z
66332,источна златна жаба,sr,"","",,Serbian,Vuk Kovač,2024-08-05T06:58:56Z
14615,смеђоплећи булбул,sr,"","",,Serbian,Vuk Kovač,2024-08-05T07:01:28Z
15156,мелодијски смејући дрозд,sr,"","",,Serbian,Vuk Kovač,2024-08-05T07:06:02Z
118669,шараг,sr,"","",,Serbian,Vuk Kovač,2024-08-05T07:08:30Z
209233,домаћи коњ,sr,"","",,Serbian,Vuk Kovač,2024-08-05T07:12:00Z
539261,грчки слепић,sr,"","",,Serbian,Vuk Kovač,2024-08-05T07:17:43Z
70647,источна галатинка,sr,"","",,Serbian,Vuk Kovač,2024-08-05T07:20:34Z
15347,птица кројач,sr,"","",,Serbian,Vuk Kovač,2024-08-06T06:44:24Z
17008,источна фиби,sr,"","",,Serbian,Vuk Kovač,2024-08-06T06:46:37Z
4328,смеђи пеликан,sr,"","",,Serbian,Vuk Kovač,2024-08-06T06:47:36Z
109764,јапански роваш,sr,"","",,Serbian,Vuk Kovač,2024-08-06T06:51:59Z
68340,јапанска пругаста змија,sr,"","",,Serbian,Vuk Kovač,2024-08-06T06:54:05Z
43460,резус макаки,sr,"","",,Serbian,Vuk Kovač,2024-08-07T07:11:15Z
5020,зелена чапља,sr,"","",,Serbian,Vuk Kovač,2024-08-07T07:14:06Z
9184,белогрли врабац,sr,"","",,Serbian,Vuk Kovač,2024-08-07T07:15:06Z
855310,јапански ракунолики пас,sr,"","",,Serbian,Vuk Kovač,2024-08-07T07:18:11Z
12779,бледи дрозд,sr,"","",,Serbian,Vuk Kovač,2024-08-07T07:19:07Z
9135,врабац чипинг,sr,"","",,Serbian,Vuk Kovač,2024-08-08T07:31:39Z
39682,хватајућа корњача,sr,"","",,Serbian,Vuk Kovač,2024-08-08T07:36:24Z
6891,мала патка пишталица,sr,"","",,Serbian,Vuk Kovač,2024-08-08T07:38:49Z
2212,плаворепа пчеларица,sr,"","",,Serbian,Vuk Kovač,2024-08-08T07:39:44Z
1446088,зелени фазан,sr,"","",,Serbian,Vuk Kovač,2024-08-08T07:42:01Z
486630,јапански мишар,sr,"","",,Serbian,Vuk Kovač,2024-08-08T07:42:36Z
1494783,орада,sr,"","",,Serbian,Vuk Kovač,2024-08-08T07:45:34Z
145308,мала зеба,sr,"","",,Serbian,Vuk Kovač,2024-08-09T07:16:12Z
549464,индијска рајска мухарица,sr,"","",,Serbian,Vuk Kovač,2024-08-09T07:17:55Z
37541,индијски шумски роваш,sr,"","",,Serbian,Vuk Kovač,2024-08-09T07:22:02Z
120637,бабица јеленка,sr,"","",,Serbian,Vuk Kovač,2024-08-09T07:24:07Z
1286971,источна црноуха белорепка,sr,"","",,Serbian,Vuk Kovač,2024-08-09T07:28:39Z
199,белопрса барска кока,sr,"","",,Serbian,Vuk Kovač,2024-08-10T07:18:49Z
46000,јапанска веверица,sr,"","",,Serbian,Vuk Kovač,2024-08-10T07:20:06Z
339693,сребрногрла дугорепа сеница,sr,"","",,Serbian,Vuk Kovač,2024-08-10T07:21:58Z
43584,Човек,sr,Serbia,RS,,Serbian,SunnyKoopaSnail,2024-08-11T19:41:12Z
55886,Сребренка,sr,Serbia,RS,,Serbian,ГоКуле,2024-08-16T13:13:31Z
55886,Srebrenka,sr,Serbia,RS,,Serbian,ГоКуле,2024-08-16T13:13:59Z
4327,ружичасти пеликан,sr,"","",,Serbian,Vuk Kovač,2024-08-16T13:15:38Z
120738,грчки мрмољак,sr,"","",,Serbian,Vuk Kovač,2024-08-16T13:33:39Z
339594,Пљоснокљуна спрутка,sr,Serbia,RS,,Serbian,ГоКуле,2024-08-20T14:12:19Z
339594,Pljosnokljuna sprutka,sr,Serbia,RS,,Serbian,ГоКуле,2024-08-20T14:12:47Z
77114,Царевац,sr,Serbia,RS,,Serbian,ГоКуле,2024-08-31T10:16:14Z
77114,Carevac,sr,Serbia,RS,,Serbian,ГоКуле,2024-08-31T10:16:38Z
1289472,Средоземна црноглава грмуша,sr,Serbia,RS,,Serbian,ГоКуле,2024-09-19T13:08:19Z
1289472,Sredozemna crnoglava grmuša,sr,Serbia,RS,,Serbian,ГоКуле,2024-09-19T13:08:45Z
14849,Црни чворак,sr,Serbia,RS,,Serbian,ГоКуле,2024-09-19T13:10:09Z
14849,Crni čvorak,sr,Serbia,RS,,Serbian,ГоКуле,2024-09-19T13:10:44Z
5325,Osičar,sr,Serbia,RS,,Serbian,ГоКуле,2024-09-20T12:32:31Z
6914,Crni labud,sr,Serbia,RS,,Serbian,ГоКуле,2024-09-25T13:15:42Z
35854,Zelembać,sr,Serbia,RS,,Serbian,ГоКуле,2024-09-25T13:25:41Z
3959,Црвеноврата лисконога,sr,Serbia,RS,,Serbian,ГоКуле,2024-09-30T10:11:55Z
3959,Crvenovrata liskonoga,sr,Serbia,RS,,Serbian,ГоКуле,2024-09-30T10:13:13Z
170020,Панонски звездан,sr,Serbia,RS,,Serbian,ГоКуле,2024-09-30T10:14:15Z
170020,Panonski zvezdan,sr,Serbia,RS,,Serbian,ГоКуле,2024-09-30T10:14:42Z
938922,Ливадска мухара,sr,Serbia,RS,,Serbian,ГоКуле,2024-10-13T15:21:34Z
938922,Livadska muhara,sr,Serbia,RS,,Serbian,ГоКуле,2024-10-17T07:18:18Z
1578961,чапљица,sr,"","",https://www.inaturalist.org/taxon_names/3637042/edit,Serbian,,2024-10-23T22:12:50Z
1579015,Јастреб,sr,"","",https://www.inaturalist.org/taxon_names/3054643/edit,Serbian,Raúl MT,2024-10-24T23:42:38Z
1579015,Jastreb,sr,"","",https://www.inaturalist.org/taxon_names/3054644/edit,Serbian,Raúl MT,2024-10-24T23:42:38Z
1583224,шикра,sr,"","",https://www.inaturalist.org/taxon_names/3694757/edit,Serbian,Nelly Semenova,2024-10-24T23:57:38Z
339691,азијска сеница,sr,"","",https://www.inaturalist.org/taxon_names/3686730/edit,Serbian,Zinogre,2024-10-27T10:46:16Z
1580336,Žalar slepić,sr,"","",https://www.inaturalist.org/taxon_names/2656661/edit,Serbian,,2024-10-27T23:01:26Z
1580336,Жалар слепић,sr,"","",https://www.inaturalist.org/taxon_names/2592050/edit,Serbian,,2024-10-27T23:01:27Z
54227,Европска буква,sr,Serbia,RS,,Serbian,ГоКуле,2024-10-31T13:17:10Z
54227,Evropska bukva,sr,Serbia,RS,,Serbian,ГоКуле,2024-10-31T13:17:36Z
1585373,источна говедарица,sr,"","",https://www.inaturalist.org/taxon_names/3694754/edit,Serbian,Zinogre,2024-10-31T17:01:44Z
411086,Čaplja govedarka,sr,"","",https://www.inaturalist.org/taxon_names/3031695/edit,Serbian,Sean Cozart,2024-11-03T09:37:42Z
411086,Чапља говедарка,sr,"","",https://www.inaturalist.org/taxon_names/3031693/edit,Serbian,Sean Cozart,2024-11-03T09:37:42Z
5074,сури орао,sr,"","",,Serbian,Vuk Kovač,2024-11-06T10:22:11Z
169751,Панонски тимијан,sr,Serbia,RS,,Serbian,ГоКуле,2024-11-07T13:29:35Z
169751,Panonski timijan,sr,Serbia,RS,,Serbian,ГоКуле,2024-11-07T13:30:03Z
53713,Шумско пиле,sr,Serbia,RS,,Serbian,ГоКуле,2024-11-09T20:23:44Z
53713,Šumsko pile,sr,Serbia,RS,,Serbian,ГоКуле,2024-11-09T20:24:14Z
51606,Висибаба,sr,Serbia,RS,,Serbian,ГоКуле,2024-11-09T20:29:18Z
51606,Visibaba,sr,Serbia,RS,,Serbian,ГоКуле,2024-11-09T20:29:40Z
55884,Шипак,sr,Serbia,RS,,Serbian,ГоКуле,2024-11-10T17:11:05Z
55884,Šipak,sr,Serbia,RS,,Serbian,ГоКуле,2024-11-10T17:11:32Z
55745,Bela detelina,sr,Serbia,RS,,Serbian,ГоКуле,2024-11-12T22:09:34Z
336399,Чавка,sr,"","",https://www.inaturalist.org/taxon_names/2266278/edit,Serbian,,2024-11-17T14:29:23Z
336399,Čavka,sr,"","",https://www.inaturalist.org/taxon_names/2656667/edit,Serbian,,2024-11-17T14:29:23Z
4672,Mali soko,sr,Serbia,RS,,Serbian,ГоКуле,2024-11-25T12:01:01Z
804,Prepelica,sr,Serbia,RS,,Serbian,ГоКуле,2024-11-28T08:06:23Z
7047,Morska crnka,sr,Serbia,RS,,Serbian,ГоКуле,2024-12-01T12:18:43Z
110379,Riba pila,sr,"","","Philips TK, Moretto P (2025) Revision of the genus _Pseudopedaria_ Felsche, 1904, with descriptions of three new species and a subspecies from Central Africa (Coleoptera: Scarabaeinae: Coprini). Catharsius La Revue (N.S.) 5: 1–26. doi:10.5281/zenodo.17036002.",Serbian,,2024-12-01T18:02:35Z
7251,Ptice pevačice,sr,Serbia,RS,,Serbian,ГоКуле,2024-12-02T09:02:56Z
83073,Голема златица,sr,Serbia,RS,,Serbian,ГоКуле,2024-12-02T09:06:51Z
83073,Golema zlatica,sr,Serbia,RS,,Serbian,ГоКуле,2024-12-02T09:07:18Z
76907,Репушњача,sr,Serbia,RS,,Serbian,ГоКуле,2024-12-02T09:10:24Z
76907,Repušnjača,sr,Serbia,RS,,Serbian,ГоКуле,2024-12-02T09:11:00Z
55713,Различак,sr,Serbia,RS,,Serbian,ГоКуле,2024-12-02T09:13:22Z
55713,Različak,sr,Serbia,RS,,Serbian,ГоКуле,2024-12-02T09:14:01Z
52329,Оловносиви штир,sr,Serbia,RS,,Serbian,ГоКуле,2024-12-02T09:17:00Z
52329,Olovnosivi štir,sr,Serbia,RS,,Serbian,ГоКуле,2024-12-02T09:17:23Z
499652,Округласта балегара,sr,Serbia,RS,,Serbian,ГоКуле,2024-12-02T09:30:43Z
499652,Okgruglasta balegara,sr,Serbia,RS,,Serbian,ГоКуле,2024-12-02T09:31:12Z
48618,Jежасти краставац,sr,Serbia,RS,,Serbian,ГоКуле,2024-12-02T09:36:17Z
48618,Ježasti krastavac,sr,Serbia,RS,,Serbian,ГоКуле,2024-12-02T09:36:43Z
54808,Пенсилванијски јасен,sr,Serbia,RS,,Serbian,ГоКуле,2024-12-02T09:48:30Z
54808,Pensilvanijski jasen,sr,Serbia,RS,,Serbian,ГоКуле,2024-12-02T09:48:57Z
55573,Перутава труба,sr,Serbia,RS,,Serbian,ГоКуле,2024-12-02T09:50:38Z
55573,Perutava truba,sr,Serbia,RS,,Serbian,ГоКуле,2024-12-02T09:51:06Z
49005,Црвени храст,sr,Serbia,RS,,Serbian,ГоКуле,2024-12-02T09:55:22Z
49005,Crveni hrast,sr,Serbia,RS,,Serbian,ГоКуле,2024-12-02T09:55:57Z
58725,Клека,sr,Serbia,RS,,Serbian,ГоКуле,2024-12-02T09:58:25Z
58725,Kleka,sr,Serbia,RS,,Serbian,ГоКуле,2024-12-02T09:58:54Z
45316,Patuljasti miš,sr,Serbia,RS,,Serbian,ГоКуле,2024-12-02T10:01:36Z
56088,Багрем,sr,Serbia,RS,,Serbian,ГоКуле,2024-12-02T10:08:03Z
56088,Bagrem,sr,Serbia,RS,,Serbian,ГоКуле,2024-12-02T10:08:33Z
127510,Труд,sr,Serbia,RS,,Serbian,ГоКуле,2024-12-02T11:23:30Z
127510,Trud,sr,Serbia,RS,,Serbian,ГоКуле,2024-12-02T11:23:54Z
122974,Цариградска леска,sr,Serbia,RS,,Serbian,ГоКуле,2024-12-02T11:33:24Z
122974,Carigradska leska,sr,Serbia,RS,,Serbian,ГоКуле,2024-12-02T11:33:47Z
117028,Шаренокрили азијски звиждак,sr,Serbia,RS,,Serbian,ГоКуле,2024-12-02T11:37:18Z
117028,Šarenoliki azijski zviždak,sr,Serbia,RS,,Serbian,ГоКуле,2024-12-02T11:37:57Z
82691,Бљушт,sr,Serbia,RS,,Serbian,ГоКуле,2024-12-02T11:40:10Z
82691,Bljušt,sr,Serbia,RS,,Serbian,ГоКуле,2024-12-02T11:40:38Z
55048,Пчелињи вук,sr,Serbia,RS,,Serbian,ГоКуле,2024-12-02T11:48:23Z
55048,Pčelinji puk,sr,Serbia,RS,,Serbian,ГоКуле,2024-12-02T11:48:53Z
63446,Накривљена шлемовка,sr,Serbia,RS,,Serbian,ГоКуле,2024-12-02T11:50:22Z
63446,Nakrivljena šlemovka,sr,Serbia,RS,,Serbian,ГоКуле,2024-12-02T11:50:54Z
79463,Сибирски брест,sr,Serbia,RS,,Serbian,ГоКуле,2024-12-03T13:49:10Z
79463,Sibirski brest,sr,Serbia,RS,,Serbian,ГоКуле,2024-12-03T13:49:45Z
136234,Атласки кедар,sr,Serbia,RS,,Serbian,ГоКуле,2024-12-06T19:58:07Z
136234,Atlaski kedar,sr,Serbia,RS,,Serbian,ГоКуле,2024-12-06T19:58:34Z
5178,Stepska eja,sr,Serbia,RS,,Serbian,ГоКуле,2024-12-07T17:53:06Z
77206,Лепљиви броћ,sr,Serbia,RS,,Serbian,ГоКуле,2024-12-07T19:52:38Z
147354,Папрени вргањ,sr,Serbia,RS,,Serbian,ГоКуле,2024-12-16T09:34:50Z
147354,Papreni vrganj,sr,Serbia,RS,,Serbian,ГоКуле,2024-12-16T09:35:19Z
410639,Воћна дрвенка,sr,Serbia,RS,,Serbian,ГоКуле,2024-12-16T09:36:52Z
410639,Voćna drvenka,sr,Serbia,RS,,Serbian,ГоКуле,2024-12-16T09:37:28Z
485958,Велика дрвенка,sr,Serbia,RS,,Serbian,ГоКуле,2024-12-16T09:39:32Z
485958,Velika drvenka,sr,Serbia,RS,,Serbian,ГоКуле,2024-12-16T09:39:54Z
498078,Планинска децоница,sr,Serbia,RS,,Serbian,ГоКуле,2024-12-16T09:47:45Z
498078,Planinska deconica,sr,Serbia,RS,,Serbian,ГоКуле,2024-12-16T09:48:20Z
775410,Брезова губа,sr,Serbia,RS,,Serbian,ГоКуле,2024-12-16T09:50:00Z
775410,Brezova guba,sr,Serbia,RS,,Serbian,ГоКуле,2024-12-16T09:50:27Z
55496,Лажни ћуранов реп,sr,Serbia,RS,,Serbian,ГоКуле,2024-12-16T10:10:10Z
55496,Lažni ćuranov rep,sr,Serbia,RS,,Serbian,ГоКуле,2024-12-16T10:10:43Z
4209,Ушати гњурац,sr,Serbia,RS,,Serbian,ГоКуле,2024-12-21T13:57:00Z
4209,Ušati gnjurac,sr,Serbia,RS,,Serbian,ГоКуле,2024-12-21T13:57:34Z
4691,степски соко,sr,"","",,Serbian,Vuk Kovač,2024-12-25T16:53:01Z
77,велика дропља,sr,"","",,Serbian,Vuk Kovač,2024-12-25T20:33:37Z
20059,буљина,sr,"","",,Serbian,Vuk Kovač,2024-12-25T20:36:18Z
201033,орао кликташ,sr,"","",,Serbian,Vuk Kovač,2024-12-25T20:41:51Z
47424,Tarantule,sr,"","",,Serbian,Milos Anic,2024-12-26T11:15:26Z
49243,Americka lojka,sr,"","","Philips TK, Moretto P (2025) Revision of the genus _Pseudopedaria_ Felsche, 1904, with descriptions of three new species and a subspecies from Central Africa (Coleoptera: Scarabaeinae: Coprini). Catharsius La Revue (N.S.) 5: 1–26. doi:10.5281/zenodo.17036002.",Serbian,,2024-12-27T19:23:06Z
47230,Trnobokar,sr,"","","Philips TK, Moretto P (2025) Revision of the genus _Pseudopedaria_ Felsche, 1904, with descriptions of three new species and a subspecies from Central Africa (Coleoptera: Scarabaeinae: Coprini). Catharsius La Revue (N.S.) 5: 1–26. doi:10.5281/zenodo.17036002.",Serbian,,2024-12-28T15:07:40Z
214509,Bezmek,sr,"","","Philips TK, Moretto P (2025) Revision of the genus _Pseudopedaria_ Felsche, 1904, with descriptions of three new species and a subspecies from Central Africa (Coleoptera: Scarabaeinae: Coprini). Catharsius La Revue (N.S.) 5: 1–26. doi:10.5281/zenodo.17036002.",Serbian,,2024-12-28T16:20:15Z
118641,Bežmek,sr,"","","Philips TK, Moretto P (2025) Revision of the genus _Pseudopedaria_ Felsche, 1904, with descriptions of three new species and a subspecies from Central Africa (Coleoptera: Scarabaeinae: Coprini). Catharsius La Revue (N.S.) 5: 1–26. doi:10.5281/zenodo.17036002.",Serbian,,2024-12-28T16:20:15Z
118641,Bezmek,sr,"","","Philips TK, Moretto P (2025) Revision of the genus _Pseudopedaria_ Felsche, 1904, with descriptions of three new species and a subspecies from Central Africa (Coleoptera: Scarabaeinae: Coprini). Catharsius La Revue (N.S.) 5: 1–26. doi:10.5281/zenodo.17036002.",Serbian,,2024-12-28T16:20:15Z
18301,Siva žuna,sr,Serbia,RS,,Serbian,ГоКуле,2025-01-18T16:24:18Z
3033,Golub dupljaš,sr,Serbia,RS,,Serbian,ГоКуле,2025-01-19T17:12:18Z
47114,Пужеви,sr,Serbia,RS,,Serbian,ГоКуле,2025-01-21T13:35:58Z
7170,Ледењарка,sr,Serbia,RS,,Serbian,ГоКуле,2025-02-01T20:56:29Z
7170,Ledenjarka,sr,Serbia,RS,,Serbian,ГоКуле,2025-02-01T20:57:06Z
4224,Црвеноврати гњурац,sr,Serbia,RS,,Serbian,ГоКуле,2025-02-03T05:57:33Z
4224,Crvenovrati gnjurac,sr,Serbia,RS,,Serbian,ГоКуле,2025-02-03T05:58:08Z
59910,Мали ноћни пауновац,sr,Serbia,RS,,Serbian,ГоКуле,2025-02-24T11:22:19Z
59910,Mali noćni paunovac,sr,Serbia,RS,,Serbian,ГоКуле,2025-02-24T11:23:15Z
116858,Свилорепи цврчић,sr,Serbia,RS,,Serbian,ГоКуле,2025-02-28T12:09:15Z
116858,Svilorepi cvrčić,sr,Serbia,RS,,Serbian,ГоКуле,2025-02-28T12:09:52Z
82109,Обична мајска буба,sr,Serbia,RS,,Serbian,ГоКуле,2025-03-10T08:23:02Z
82109,Obična majska buba,sr,Serbia,RS,,Serbian,ГоКуле,2025-03-10T08:23:38Z
3881,Tankokljuni sprudnik,sr,Serbia,RS,,Serbian,ГоКуле,2025-04-07T07:04:03Z
468938,Луцеркина буба,sr,Serbia,RS,,Serbian,ГоКуле,2025-04-19T19:00:17Z
144512,Мали галеб,sr,Serbia,RS,,Serbian,ГоКуле,2025-04-25T10:47:15Z
850858,Baršunasti turpan,sr,Serbia,RS,,Serbian,ГоКуле,2025-04-26T10:18:16Z
57495,Црнооки шаренац,sr,Serbia,RS,,Serbian,ГоКуле,2025-05-01T11:52:11Z
4641,Siva vetruška,sr,Serbia,RS,,Serbian,ГоКуле,2025-05-05T06:47:26Z
64346,Ribarica,sr,Serbia,RS,,Serbian,ГоКуле,2025-05-06T07:24:06Z
24495,Crvenotrbi mukač,sr,Serbia,RS,,Serbian,ГоКуле,2025-05-06T07:35:07Z
135408,Цер,sr,Serbia,RS,,Serbian,ГоКуле,2025-05-06T07:40:33Z
135408,Cer,sr,Serbia,RS,,Serbian,ГоКуле,2025-05-06T07:41:00Z
56064,Жабњак љутић,sr,Serbia,RS,,Serbian,ГоКуле,2025-05-06T07:42:12Z
56064,Žabnjak ljutić,sr,Serbia,RS,,Serbian,ГоКуле,2025-05-06T07:43:04Z
1277891,Брекиња,sr,Serbia,RS,,Serbian,ГоКуле,2025-05-06T07:45:32Z
1277891,Brekinja,sr,Serbia,RS,,Serbian,ГоКуле,2025-05-06T07:45:58Z
740984,Ушац,sr,Serbia,RS,,Serbian,ГоКуле,2025-05-06T07:48:56Z
740984,Ušac,sr,Serbia,RS,,Serbian,ГоКуле,2025-05-06T07:49:31Z
495697,Многоцветни љутић,sr,Serbia,RS,,Serbian,ГоКуле,2025-05-06T10:23:30Z
495697,Mnogocvetni ljutić,sr,Serbia,RS,,Serbian,ГоКуле,2025-05-06T10:24:02Z
52838,Жабља трава,sr,Serbia,RS,,Serbian,ГоКуле,2025-05-06T10:36:11Z
52838,Žablja trava,sr,Serbia,RS,,Serbian,ГоКуле,2025-05-06T10:36:39Z
337499,Oбичан пољски коњиц,sr,Serbia,RS,,Serbian,ГоКуле,2025-05-07T09:11:02Z
337499,Običan poljski konjic,sr,Serbia,RS,,Serbian,ГоКуле,2025-05-07T09:11:41Z
355674,Перасто ковиље,sr,Serbia,RS,,Serbian,ГоКуле,2025-05-10T19:09:19Z
321526,Копривићев лептир,sr,Serbia,RS,,Serbian,ГоКуле,2025-05-10T19:59:24Z
62020,Обична суручица,sr,Serbia,RS,,Serbian,ГоКуле,2025-05-10T20:04:54Z
57484,Стооки плавац,sr,Serbia,RS,,Serbian,ГоКуле,2025-05-10T20:35:33Z
42069,Riđa lisica,sr,Serbia,RS,,Serbian,ГоКуле,2025-05-10T20:46:19Z
199919,Балегари,sr,Serbia,RS,,Serbian,ГоКуле,2025-05-11T12:35:48Z
52998,Кукута,sr,Serbia,RS,,Serbian,ГоКуле,2025-05-18T19:22:46Z
361312,Источњачка козја брада,sr,Serbia,RS,,Serbian,ГоКуле,2025-05-26T19:35:09Z
55216,Црна репина ваш,sr,Serbia,RS,,Serbian,ГоКуле,2025-05-26T19:44:45Z
78237,Локвањић,sr,Serbia,RS,,Serbian,ГоКуле,2025-05-26T19:50:09Z
13141,Modrokos,sr,Serbia,RS,,Serbian,ГоКуле,2025-05-29T06:09:41Z
1578961,Čapljica,sr,Serbia,RS,,Serbian,ГоКуле,2025-05-30T15:40:43Z
51271,Црвеноуха Корњача,sr,Serbia,RS,,Serbian,ГоКуле,2025-05-31T17:58:07Z
54087,Жиличасти купусар,sr,Serbia,RS,,Serbian,ГоКуле,2025-06-01T12:06:53Z
121778,Паук риболовац,sr,Serbia,RS,,Serbian,ГоКуле,2025-06-01T12:12:00Z
451915,Мали летњи гундељ,sr,Serbia,RS,,Serbian,ГоКуле,2025-06-06T18:48:17Z
179672,Мали репкар,sr,Serbia,RS,,Serbian,ГоКуле,2025-06-08T20:11:47Z
201033,Orao kliktaš,sr,Serbia,RS,,Serbian,ГоКуле,2025-06-09T08:08:39Z
335065,Црна дневна совица,sr,Serbia,RS,,Serbian,ГоКуле,2025-06-09T08:20:49Z
486122,Стасити каранфил,sr,Serbia,RS,,Serbian,ГоКуле,2025-06-09T08:55:01Z
162836,Висока млечика,sr,Serbia,RS,,Serbian,ГоКуле,2025-06-12T09:00:55Z
55651,Гама совица,sr,Serbia,RS,,Serbian,ГоКуле,2025-06-14T20:36:45Z
97022,Велика храстова стрижибуба,sr,Serbia,RS,,Serbian,ГоКуле,2025-06-15T18:50:19Z
9193,Стрнадица камењарка,sr,Serbia,RS,,Serbian,ГоКуле,2025-06-21T20:33:49Z
9193,Strnadica kamenjarka,sr,Serbia,RS,,Serbian,ГоКуле,2025-06-21T20:34:22Z
987322,Зидна жуменица,sr,Serbia,RS,,Serbian,ГоКуле,2025-06-22T06:08:51Z
362062,Карирани ливадар,sr,Serbia,RS,,Serbian,ГоКуле,2025-06-22T08:34:38Z
334400,Kirinija,sr,Serbia,RS,,Serbian,ГоКуле,2025-06-22T08:37:33Z
125815,Бисерна нимфа,sr,Serbia,RS,,Serbian,ГоКуле,2025-06-22T08:39:33Z
132890,Дивизмин шаренац,sr,Serbia,RS,,Serbian,ГоКуле,2025-06-22T08:41:23Z
367117,Обична метуљарка,sr,Serbia,RS,,Serbian,ГоКуле,2025-06-22T08:44:10Z
62381,Црвена еребија,sr,Serbia,RS,,Serbian,ГоКуле,2025-06-22T08:46:28Z
123658,Велика грбица са траком,sr,Serbia,RS,,Serbian,ГоКуле,2025-06-23T06:31:07Z
61536,Модра водена дамица,sr,Serbia,RS,,Serbian,ГоКуле,2025-06-24T10:19:35Z
61536,Modra vodena damica,sr,Serbia,RS,,Serbian,ГоКуле,2025-06-24T10:20:02Z
47792,Вилински коњици,sr,Serbia,RS,,Serbian,ГоКуле,2025-06-24T10:21:05Z
47928,Водене девице,sr,Serbia,RS,,Serbian,ГоКуле,2025-06-24T10:36:37Z
47120,Зглавкари,sr,Serbia,RS,,Serbian,ГоКуле,2025-06-24T10:38:53Z
151826,Акантоцефале,sr,Serbia,RS,,Serbian,ГоКуле,2025-06-24T10:48:29Z
58597,Окаши,sr,Serbia,RS,,Serbian,ГоКуле,2025-06-24T10:55:30Z
47922,Шаренци,sr,Serbia,RS,,Serbian,ГоКуле,2025-06-24T11:02:27Z
47157,Лептири и мољци,sr,Serbia,RS,,Serbian,ГоКуле,2025-06-24T11:04:14Z
47923,Плавци,sr,"","",,Serbian,ГоКуле,2025-06-24T11:06:22Z
47223,Једрилци,sr,Serbia,RS,,Serbian,ГоКуле,2025-06-24T11:09:39Z
59166,Пегавци,sr,Serbia,RS,,Serbian,ГоКуле,2025-06-24T11:10:28Z
48508,Белци,sr,Serbia,RS,,Serbian,ГоКуле,2025-06-24T11:11:12Z
47653,Скелари,sr,Serbia,RS,,Serbian,ГоКуле,2025-06-24T11:21:13Z
49530,Грбице,sr,Serbia,RS,,Serbian,ГоКуле,2025-06-24T11:25:07Z
372739,Шестоножци,sr,Serbia,RS,,Serbian,ГоКуле,2025-06-24T11:30:15Z
47224,Лептири,sr,Serbia,RS,,Serbian,ГоКуле,2025-06-24T11:32:46Z
58598,Сатирини,sr,Serbia,RS,,Serbian,ГоКуле,2025-06-24T11:35:04Z
132875,Црноноси шаренац,sr,Serbia,RS,,Serbian,ГоКуле,2025-06-24T11:46:43Z
58961,Женска боквица,sr,Serbia,RS,,Serbian,ГоКуле,2025-06-24T12:13:27Z
67328,Кућни паук,sr,Serbia,RS,,Serbian,ГоКуле,2025-06-24T12:37:25Z
168738,Шпански жедњак,sr,Serbia,RS,,Serbian,ГоКуле,2025-06-24T12:55:53Z
346129,Блистави плавац,sr,Serbia,RS,,Serbian,ГоКуле,2025-06-24T13:16:48Z
56002,Шумска чешљуга,sr,Serbia,RS,,Serbian,ГоКуле,2025-06-25T10:29:52Z
170141,Дивизма крупноцветна,sr,Serbia,RS,,Serbian,ГоКуле,2025-06-25T10:38:39Z
47126,Биљке,sr,"","",,Serbian,ГоКуле,2025-06-25T11:21:40Z
211194,Васкуларне биљке,sr,Serbia,RS,,Serbian,ГоКуле,2025-06-25T11:24:40Z
71412,Кантариони,sr,Serbia,RS,,Serbian,ГоКуле,2025-06-25T11:26:52Z
859761,Обични кантарион,sr,Serbia,RS,,Serbian,ГоКуле,2025-06-25T11:28:09Z
57057,Луцерка,sr,Serbia,RS,,Serbian,ГоКуле,2025-06-25T11:37:06Z
51884,Коприва,sr,Serbia,RS,,Serbian,ГоКуле,2025-06-25T13:04:10Z
52796,Попино прасе,sr,Serbia,RS,,Serbian,ГоКуле,2025-06-25T13:28:48Z
144788,Горска ласта,sr,Serbia,RS,,Serbian,ГоКуле,2025-06-26T06:31:22Z
79109,Oбични пупавац,sr,Serbia,RS,,Serbian,ГоКуле,2025-06-26T06:59:15Z
47208,Тврдокрилци,sr,Serbia,RS,,Serbian,ГоКуле,2025-06-27T06:21:00Z
53195,Кисељак,sr,Serbia,RS,,Serbian,ГоКуле,2025-07-08T06:36:25Z
57983,Сунцокрет,sr,Serbia,RS,,Serbian,ГоКуле,2025-07-08T06:41:28Z
1633756,планински мрмољак,sr,"","",https://www.inaturalist.org/taxon_names/3698658/edit,Serbian,,2025-07-11T12:58:25Z
57356,Багренац,sr,Serbia,RS,,Serbian,ГоКуле,2025-07-14T06:50:00Z
1059785,Лисичина,sr,Serbia,RS,,Serbian,ГоКуле,2025-07-20T18:34:16Z
56163,Обична врбена,sr,Serbia,RS,,Serbian,ГоКуле,2025-07-23T11:03:44Z
160574,Ендивија,sr,Serbia,RS,,Serbian,ГоКуле,2025-07-25T13:15:22Z
320533,Чекињасти сладић,sr,Serbia,RS,,Serbian,ГоКуле,2025-07-27T21:15:39Z
326641,Сунчани обад,sr,Serbia,RS,,Serbian,ГоКуле,2025-07-28T08:24:49Z
1558164,Мала зелена жаба,sr,Serbia,RS,,Serbian,ГоКуле,2025-07-28T09:34:02Z
25312,Обична чешњарка,sr,Serbia,RS,,Serbian,ГоКуле,2025-07-28T09:34:51Z
35871,Balkanski zelembać,sr,Serbia,RS,,Serbian,ГоКуле,2025-07-28T09:50:11Z
85552,Гуштери,sr,Serbia,RS,,Serbian,ГоКуле,2025-07-28T09:50:59Z
57850,Жути локвањ,sr,Serbia,RS,,Serbian,ГоКуле,2025-07-29T05:59:44Z
47518,Поточна пастрмка,sr,Serbia,RS,,Serbian,ГоКуле,2025-07-29T06:19:53Z
334393,Крашки плавац,sr,Serbia,RS,,Serbian,ГоКуле,2025-07-29T06:21:33Z
56061,Чешњача срцолисна,sr,Serbia,RS,,Serbian,ГоКуле,2025-07-29T06:39:42Z
1,Животиње,sr,Serbia,RS,,Serbian,ГоКуле,2025-07-29T06:43:48Z
58484,Дебелоруби ливадар,sr,Serbia,RS,,Serbian,ГоКуле,2025-07-29T07:26:48Z
64546,Плава купина,sr,Serbia,RS,,Serbian,ГоКуле,2025-07-31T13:03:40Z
58991,Тушт,sr,Serbia,RS,,Serbian,ГоКуле,2025-07-31T15:28:34Z
95146,Поточна мрена,sr,Serbia,RS,,Serbian,ГоКуле,2025-08-01T09:14:16Z
52989,Осјак,sr,Serbia,RS,,Serbian,ГоКуле,2025-08-01T09:32:56Z
508406,Слатински цвет,sr,Serbia,RS,,Serbian,ГоКуле,2025-08-01T09:46:03Z
58127,Лобода,sr,Serbia,RS,,Serbian,ГоКуле,2025-08-01T11:32:20Z
75393,Јужноамерички штир,sr,Serbia,RS,,Serbian,ГоКуле,2025-08-01T11:39:23Z
64238,Бабин зуб,sr,Serbia,RS,,Serbian,ГоКуле,2025-08-01T11:40:25Z
56314,Расејана гнојиштарка,sr,Serbia,RS,,Serbian,ГоКуле,2025-08-01T11:58:56Z
51671,Обични крпељ,sr,Serbia,RS,,Serbian,ГоКуле,2025-08-01T12:39:40Z
119792,Царска пауловнија,sr,Serbia,RS,,Serbian,ГоКуле,2025-08-01T12:44:34Z
52588,Летњи различак,sr,Serbia,RS,,Serbian,ГоКуле,2025-08-01T12:49:39Z
55401,Велики купусар,sr,Serbia,RS,,Serbian,ГоКуле,2025-08-01T12:52:03Z
208964,Шибика,sr,Serbia,RS,,Serbian,ГоКуле,2025-08-01T12:58:18Z
157393,Ждраљевина,sr,Serbia,RS,,Serbian,ГоКуле,2025-08-02T10:39:49Z
506262,Америчка боца,sr,Serbia,RS,,Serbian,ГоКуле,2025-08-02T10:41:32Z
851014,Шакал,sr,Serbia,RS,,Serbian,ГоКуле,2025-08-02T10:42:38Z
142981,Кукурузни пламенац,sr,Serbia,RS,,Serbian,ГоКуле,2025-08-02T13:06:31Z
209683,Велика бистроока девица,sr,Serbia,RS,,Serbian,ГоКуле,2025-08-02T13:29:31Z
433429,Белорепа зелена девица,sr,Serbia,RS,,Serbian,ГоКуле,2025-08-02T13:30:44Z
124031,Попончев љиљак,sr,Serbia,RS,,Serbian,ГоКуле,2025-08-06T18:38:04Z
165024,Шибљаста врбичица,sr,Serbia,RS,,Serbian,ГоКуле,2025-08-10T17:10:14Z
424997,Бабушка,sr,Serbia,RS,,Serbian,ГоКуле,2025-08-10T17:16:40Z
77411,Њивска лубеничарка,sr,Serbia,RS,,Serbian,ГоКуле,2025-08-10T19:12:01Z
131196,Шумска сириштара,sr,Serbia,RS,,Serbian,ГоКуле,2025-08-13T09:54:53Z
564969,Кипровина,sr,Serbia,RS,,Serbian,ГоКуле,2025-08-13T09:59:29Z
62339,Дивизма крупноцветна,sr,Serbia,RS,,Serbian,ГоКуле,2025-08-13T10:07:10Z
127029,Боровница,sr,Serbia,RS,,Serbian,ГоКуле,2025-08-13T10:14:32Z
925139,Европски шакал,sr,Serbia,RS,,Serbian,ГоКуле,2025-08-13T12:17:49Z
1456607,Зелена седефица,sr,Serbia,RS,,Serbian,ГоКуле,2025-08-13T21:40:18Z
54573,Длакава дволисница,sr,Serbia,RS,,Serbian,ГоКуле,2025-08-14T10:46:32Z
896902,Хибридна лобода,sr,Serbia,RS,,Serbian,ГоКуле,2025-08-14T10:49:43Z
351447,Сисаста сунчаница,sr,Serbia,RS,,Serbian,ГоКуле,2025-08-14T10:54:25Z
84776,Српица,sr,Serbia,RS,,Serbian,ГоКуле,2025-08-14T11:22:56Z
13140,Кос камењар,sr,Serbia,RS,,Serbian,ГоКуле,2025-08-14T21:02:11Z
118130,Врећаста пухара,sr,Serbia,RS,,Serbian,ГоКуле,2025-08-15T09:01:11Z
59272,Пасја јагода,sr,Serbia,RS,,Serbian,ГоКуле,2025-08-15T12:54:07Z
55811,Трњина,sr,Serbia,RS,,Serbian,ГоКуле,2025-08-15T13:05:27Z
200942,Храст китњак,sr,Serbia,RS,,Serbian,ГоКуле,2025-08-15T17:23:26Z
162202,Плави чичак,sr,Serbia,RS,,Serbian,ГоКуле,2025-08-18T07:29:35Z
351875,Брестова буковача,sr,Serbia,RS,,Serbian,ГоКуле,2025-08-18T08:27:51Z
606813,Бодљасти осјак,sr,Serbia,RS,,Serbian,ГоКуле,2025-08-19T06:17:42Z
245656,Наполеонов паук,sr,Serbia,RS,,Serbian,ГоКуле,2025-08-19T11:44:20Z
13075,Велики славуј,sr,Serbia,RS,,Serbian,ГоКуле,2025-08-19T11:49:08Z
58698,Мртвачки прсти,sr,Serbia,RS,,Serbian,ГоКуле,2025-08-19T11:56:11Z
53211,Драгушац,sr,Serbia,RS,,Serbian,ГоКуле,2025-08-19T12:02:14Z
245656,Napoleonov pauk,sr,Serbia,RS,,Serbian,ГоКуле,2025-08-20T06:21:02Z
170056,Брдски брест,sr,Serbia,RS,,Serbian,ГоКуле,2025-08-20T07:21:08Z
1558279,Туркиња,sr,Serbia,RS,https://www.inaturalist.org/taxon_names/3650085/edit,Serbian,,2025-08-20T14:54:38Z
1558279,Turkinja,sr,Serbia,RS,https://www.inaturalist.org/taxon_names/3650086/edit,Serbian,,2025-08-20T14:54:38Z
76610,Дивља шаргарепа,sr,Serbia,RS,,Serbian,ГоКуле,2025-08-21T05:54:33Z
76610,Divlja šargarepa,sr,Serbia,RS,,Serbian,ГоКуле,2025-08-21T05:55:07Z
78755,Бресква,sr,Serbia,RS,,Serbian,ГоКуле,2025-08-21T10:19:42Z
78755,Breskva,sr,Serbia,RS,,Serbian,ГоКуле,2025-08-21T10:20:06Z
54050,Космата чекињуша,sr,Serbia,RS,,Serbian,ГоКуле,2025-08-22T07:48:41Z
54050,Kosmata čekinjuša,sr,Serbia,RS,,Serbian,ГоКуле,2025-08-22T07:49:11Z
76648,Вртни каранфил,sr,Serbia,RS,,Serbian,ГоКуле,2025-08-22T11:42:54Z
76648,Vrtni karanfil,sr,Serbia,RS,,Serbian,ГоКуле,2025-08-22T11:43:17Z
56224,Мочварна каљужница,sr,Serbia,RS,,Serbian,ГоКуле,2025-08-22T11:44:17Z
49666,Мочварни чемпрес,sr,Serbia,RS,,Serbian,ГоКуле,2025-08-25T06:32:07Z
48229,Пузави љутић,sr,Serbia,RS,,Serbian,ГоКуле,2025-08-25T07:57:20Z
485935,Девесиље,sr,Serbia,RS,,Serbian,ГоКуле,2025-08-25T07:59:42Z
765394,Црна зова,sr,Serbia,RS,,Serbian,ГоКуле,2025-08-26T14:29:10Z
436108,Велики шиљ,sr,Serbia,RS,,Serbian,ГоКуле,2025-08-26T18:51:39Z
76897,Красолика,sr,Serbia,RS,,Serbian,ГоКуле,2025-08-27T11:48:25Z
3951,Лапонска муљача,sr,Serbia,RS,,Serbian,ГоКуле,2025-08-28T09:37:31Z
7384,Пустињска шева,sr,Serbia,RS,,Serbian,ГоКуле,2025-08-28T09:45:58Z
1289691,Сиви франколин,sr,Serbia,RS,,Serbian,ГоКуле,2025-08-28T09:46:50Z
1289475,Каспијска грмуша,sr,Serbia,RS,,Serbian,ГоКуле,2025-08-28T10:18:03Z
436647,Карпатски љиљан,sr,Serbia,RS,,Serbian,ГоКуле,2025-08-29T10:58:31Z
82989,Кудравац,sr,Serbia,RS,,Serbian,ГоКуле,2025-08-29T10:59:57Z
129834,Заврата црвена,sr,Serbia,RS,,Serbian,ГоКуле,2025-08-29T11:01:00Z
204398,Модролисна ружа,sr,Serbia,RS,,Serbian,ГоКуле,2025-08-29T11:01:44Z
60773,Винова лоза,sr,Serbia,RS,,Serbian,ГоКуле,2025-08-29T11:12:08Z
79519,Европска винова лоза,sr,Serbia,RS,,Serbian,ГоКуле,2025-08-29T11:13:50Z
333399,Жлездаста срдачица,sr,Serbia,RS,,Serbian,ГоКуле,2025-09-01T13:01:46Z
333399,Žlezdasta srdačica,sr,Serbia,RS,,Serbian,ГоКуле,2025-09-01T13:02:12Z
1596127,велики поноћњак,sr,"","",https://www.inaturalist.org/taxon_names/3639559/edit,Serbian,Sean Cozart,2025-09-02T22:12:29Z
116385,Црвени поткрилац,sr,Serbia,RS,,Serbian,ГоКуле,2025-09-03T20:20:21Z
12830,Црно-бела белогуза,sr,Serbia,RS,,Serbian,ГоКуле,2025-09-04T06:28:39Z
53911,Шаран,sr,Serbia,RS,,Serbian,ГоКуле,2025-09-08T14:40:09Z
3845,Велика спрутка,sr,Serbia,RS,,Serbian,ГоКуле,2025-09-15T15:23:22Z
4489,Краткорепи поморник,sr,Serbia,RS,,Serbian,ГоКуле,2025-09-16T07:39:11Z
863,Камењарка,sr,Serbia,RS,,Serbian,ГоКуле,2025-09-16T07:41:15Z
7013,Мала лисаста гуска,sr,Serbia,RS,,Serbian,ГоКуле,2025-09-16T07:44:05Z
5382,Црни стрвинар,sr,Serbia,RS,,Serbian,ГоКуле,2025-09-16T07:45:42Z
7102,Гуска црвеновољка,sr,Serbia,RS,,Serbian,ГоКуле,2025-09-16T07:47:02Z
4691,Stepski soko,sr,Serbia,RS,,Serbian,ГоКуле,2025-09-16T07:48:31Z
5071,Orao krstaš,sr,Serbia,RS,,Serbian,ГоКуле,2025-09-16T07:51:11Z
201035,Crni orao,sr,Serbia,RS,,Serbian,ГоКуле,2025-09-16T07:55:44Z
77,Velika droplja,sr,Serbia,RS,,Serbian,ГоКуле,2025-09-16T12:51:51Z
424147,Шумска гаталинка,sr,Serbia,RS,,Serbian,ГоКуле,2025-09-16T18:00:07Z
4843,Ostrigar,sr,Serbia,RS,,Serbian,ГоКуле,2025-09-16T18:06:59Z
7024,Gavka,sr,Serbia,RS,,Serbian,ГоКуле,2025-09-16T18:09:26Z
204512,Crnovrata muharica,sr,Serbia,RS,,Serbian,ГоКуле,2025-09-16T18:22:26Z
5304,Белоплећи белорепан,sr,Serbia,RS,,Serbian,ГоКуле,2025-09-17T10:19:25Z
3814,Хумболтов пингвин,sr,Serbia,RS,,Serbian,ГоКуле,2025-09-17T10:21:16Z
7014,Лабудаста густа,sr,Serbia,RS,,Serbian,ГоКуле,2025-09-17T10:23:15Z
209691,Краткорепи селац,sr,Serbia,RS,,Serbian,ГоКуле,2025-09-20T20:53:00Z
343021,Slepić,sr,Serbia,RS,,Serbian,ГоКуле,2025-09-21T09:10:32Z
578456,Јаблановача,sr,Serbia,RS,,Serbian,ГоКуле,2025-09-28T13:14:50Z
521507,Житни бауљар,sr,Serbia,RS,,Serbian,ГоКуле,2025-09-29T08:15:53Z
1289697,Рушевац,sr,Serbia,RS,,Serbian,ГоКуле,2025-10-08T20:42:07Z
1647283,Мамутска оса,sr,Serbia,RS,https://www.inaturalist.org/taxon_names/3982243/edit,Serbian,,2025-10-09T18:05:58Z
75584,Слатки пелин,sr,Serbia,RS,,Serbian,ГоКуле,2025-10-15T13:18:44Z
7150,Тасманијска гуска,sr,Serbia,RS,,Serbian,ГоКуле,2025-11-03T14:31:02Z
1428,Бисерка,sr,Serbia,RS,,Serbian,ГоКуле,2025-11-03T14:33:19Z
117035,Ирански звиждак,sr,Serbia,RS,,Serbian,ГоКуле,2025-11-05T08:05:27Z
117035,Iranski zviždak,sr,Serbia,RS,,Serbian,ГоКуле,2025-11-05T08:05:58Z
465888,Источна горска ласта,sr,Serbia,RS,,Serbian,ГоКуле,2025-11-07T07:38:03Z
1289477,Азијска пустињска грмуша,sr,Serbia,RS,,Serbian,ГоКуле,2025-11-12T15:09:44Z
144529,Мала чигра,sr,Serbia,RS,,Serbian,ГоКуле,2025-11-27T11:17:40Z
4464,Белолика чигра,sr,Serbia,RS,,Serbian,ГоКуле,2025-11-28T07:18:31Z
4464,Belolika čigra,sr,Serbia,RS,,Serbian,ГоКуле,2025-11-28T07:18:59Z
489793,Жалфија аустријска,sr,Serbia,RS,,Serbian,ГоКуле,2025-12-01T11:56:04Z
489793,Žalfija austrijska,sr,Serbia,RS,,Serbian,ГоКуле,2025-12-01T11:57:04Z
117026,Хјумов звиждак,sr,Serbia,RS,,Serbian,ГоКуле,2025-12-21T09:19:13Z
117026,Hjumov žviždak,sr,Serbia,RS,,Serbian,ГоКуле,2025-12-21T09:19:41Z
338209,Мала пругаста совица,sr,Serbia,RS,https://www.inaturalist.org/taxon_names/3385550/edit,Serbian,,2025-12-28T10:04:18Z
338209,Mala prugasta sovica,sr,Serbia,RS,https://www.inaturalist.org/taxon_names/3385553/edit,Serbian,,2025-12-28T10:04:19Z
7122,Prevez,sr,Serbia,RS,,Serbian,ГоКуле,2026-01-01T19:41:24Z
123498,Рудерална увијача,sr,Serbia,RS,,Serbian,ГоКуле,2026-02-11T13:59:43Z
1668965,јапанска галатинка,sr,"","",https://www.inaturalist.org/taxon_names/3691797/edit,Serbian,,2026-02-15T16:55:38Z
196538,Мали лабуд,sr,Serbia,RS,,Serbian,ГоКуле,2026-02-24T10:29:57Z
19910,Дугорепа сова,sr,Serbia,RS,,Serbian,ГоКуле,2026-02-25T11:31:15Z
19910,Dugorepa sova,sr,Serbia,RS,,Serbian,ГоКуле,2026-02-25T11:47:34Z
56306,Ерика,sr,Serbia,RS,,Serbian,ГоКуле,2026-02-28T20:28:41Z
538478,Пролећни шафран,sr,Serbia,RS,,Serbian,ГоКуле,2026-02-28T20:40:04Z
56222,Подбел,sr,Serbia,RS,,Serbian,ГоКуле,2026-02-28T20:41:37Z
1319807,велика зелена жаба,sr,"","",https://www.inaturalist.org/taxon_names/3625491/edit,Serbian,Chris Thawley,2026-03-03T10:28:02Z
1319807,Velika zelena žaba,sr,Serbia,RS,https://www.inaturalist.org/taxon_names/3969385/edit,Serbian,Chris Thawley,2026-03-03T10:28:15Z
6915,Лабуд трубач,sr,Serbia,RS,,Serbian,ГоКуле,2026-03-09T09:24:29Z
6915,labud trubač,sr,Serbia,RS,,Serbian,ГоКуле,2026-03-09T09:24:55Z
64237,Трска,sr,Serbia,RS,,Serbian,ГоКуле,2026-03-16T07:15:22Z
64237,Trska,sr,Serbia,RS,,Serbian,ГоКуле,2026-03-16T07:15:45Z
199,Белолика барска кокица,sr,Serbia,RS,,Serbian,ГоКуле,2026-03-16T07:17:06Z
199,Belolika barska kokica,sr,Serbia,RS,,Serbian,ГоКуле,2026-03-16T07:17:39Z
7089,Kanadska guska,sr,Serbia,RS,,Serbian,ГоКуле,2026-03-17T08:32:00Z
55823,Пролећна немоћница,sr,Serbia,RS,,Serbian,ГоКуле,2026-03-17T08:33:31Z
135229,Дивља проја,sr,Serbia,RS,,Serbian,ГоКуле,2026-03-23T07:23:58Z
55891,Зечја стопа,sr,Serbia,RS,,Serbian,ГоКуле,2026-03-23T08:09:58Z
498350,Пасји купус,sr,Serbia,RS,,Serbian,ГоКуле,2026-03-30T10:36:01Z
158030,Гороцвет,sr,Serbia,RS,,Serbian,ГоКуле,2026-03-30T10:37:38Z
124356,Њивско балоче,sr,Serbia,RS,,Serbian,ГоКуле,2026-03-30T10:41:13Z
126131,Чешка смрчковица,sr,Serbia,RS,,Serbian,ГоКуле,2026-04-12T15:01:28Z
133154,Пегавац,sr,Serbia,RS,,Serbian,ГоКуле,2026-04-17T12:01:15Z
465809,Мали веслар,sr,Serbia,RS,,Serbian,ГоКуле,2026-04-19T14:12:54Z
55809,Дремовац,sr,Serbia,RS,,Serbian,ГоКуле,2026-04-20T10:27:05Z
8350,Žutokljuna galica,sr,Serbia,RS,,Serbian,ГоКуле,2026-04-20T19:58:55Z
167957,Поточни угаз,sr,Serbia,RS,,Serbian,ГоКуле,2026-05-03T14:42:15Z
69989,Бодорка,sr,Serbia,RS,,Serbian,ГоКуле,2026-05-10T17:04:12Z
357480,Рутава буба,sr,Serbia,RS,,Serbian,ГоКуле,2026-05-15T16:56:20Z
146721,Ватрени златооки скакач,sr,Serbia,RS,,Serbian,ГоКуле,2026-05-23T11:57:18Z
146721,Vatreni zlatooki skakač,sr,Serbia,RS,,Serbian,ГоКуле,2026-05-23T11:57:40Z
154576,Рецкави плавац,sr,Serbia,RS,,Serbian,ГоКуле,2026-05-27T06:59:33Z
154576,Reckavi plavac,sr,Serbia,RS,,Serbian,ГоКуле,2026-05-27T07:00:04Z
112118,Crvenperka,sr,Serbia,RS,,Serbian,ГоКуле,2026-05-30T10:59:32Z
49614,Sunčica,sr,Serbia,RS,,Serbian,ГоКуле,2026-05-31T20:06:49Z
49614,Сунчица,sr,Serbia,RS,,Serbian,ГоКуле,2026-05-31T20:09:15Z
204013,Панонски преливац,sr,Serbia,RS,,Serbian,ГоКуле,2026-05-31T20:10:19Z
95811,Krupatica,sr,Serbia,RS,,Serbian,ГоКуле,2026-05-31T20:12:40Z
115005,Речни пуж,sr,Serbia,RS,,Serbian,ГоКуле,2026-06-01T09:02:35Z
1584768,Даурска ласта,sr,Serbia,RS,,Serbian,ГоКуле,2026-06-16T11:35:25Z
1584768,Daurska lasta,sr,Serbia,RS,,Serbian,ГоКуле,2026-06-16T11:35:47Z
82278,Црни патуљасти сом,sr,Serbia,RS,,Serbian,ГоКуле,2026-06-21T10:32:57Z
93611,Keder,sr,Serbia,RS,,Serbian,ГоКуле,2026-06-21T10:34:46Z
154388,Липин љиљак,sr,Serbia,RS,,Serbian,ГоКуле,2026-06-30T06:57:39Z
143439,Црноглава жута плиска,sr,Serbia,RS,,Serbian,ГоКуле,2026-07-01T06:43:40Z
1510219,Хибрид црноглаве и плавоглаве жуте плиске.,sr,Serbia,RS,,Serbian,ГоКуле,2026-07-01T06:47:52Z
109062,Grgeč,sr,Serbia,RS,,Serbian,ГоКуле,2026-07-04T11:57:32Z
4566,Atlantska bela čigra,sr,"","",,Serbian,Sean Cozart,2026-07-10T20:05:44Z
113003,Клен,sr,Serbia,RS,,Serbian,ГоКуле,2026-07-14T15:40:29Z
126088,Минер кестена,sr,Serbia,RS,,Serbian,ГоКуле,2026-07-15T21:29:10Z
1470430,Обична ухолажа,sr,Serbia,RS,,Serbian,ГоКуле,2026-07-18T23:20:23Z
119248,Мрављи лав,sr,Serbia,RS,,Serbian,ГоКуле,2026-07-18T23:22:55Z
131099,Црни трчуљак,sr,Serbia,RS,,Serbian,ГоКуле,2026-07-19T11:30:24Z
205151,Ахатна совица,sr,Serbia,RS,,Serbian,ГоКуле,2026-07-21T13:02:14Z
48484,Азијска бубамара,sr,Serbia,RS,,Serbian,ГоКуле,2026-07-22T13:08:01Z
1696537,европски бизон,sr,"","",https://www.inaturalist.org/taxon_names/2655439/edit,Serbian,Sean Cozart,2026-07-29T04:22:43Z
1696537,Зубр,sr,"","",https://www.inaturalist.org/taxon_names/2655442/edit,Serbian,Sean Cozart,2026-07-29T04:22:44Z
122940,Восков мољац,sr,Serbia,RS,,Serbian,ГоКуле,2026-07-29T22:06:06Z
232606,Текстилни мољац,sr,Serbia,RS,,Serbian,ГоКуле,2026-07-29T22:08:38Z
59146,Краткорепи плавац,sr,Serbia,RS,https://www.inaturalist.org/taxon_names/2594645/edit,Serbian,,2026-08-13T14:18:48Z
59146,Kratkorepi plavac,sr,Serbia,RS,https://www.inaturalist.org/taxon_names/2656652/edit,Serbian,,2026-08-13T14:18:49Z
1445438,Жаворњак,sr,Serbia,RS,,Serbian,ГоКуле,2026-08-24T12:56:51Z
727922,Јаребица,sr,Serbia,RS,,Serbian,ГоКуле,2026-08-24T12:59:31Z
332693,Пиргавац јагодњак,sr,Serbia,RS,,Serbian,ГоКуле,2026-08-28T06:36:15Z
466039,Дињичин скелар,sr,Serbia,RS,,Serbian,ГоКуле,2026-08-28T06:36:58Z
508919,Сиви барски петлић,sr,Serbia,RS,,Serbian,ГоКуле,2026-08-28T09:26:45Z
508919,Sivi barski petlić,sr,Serbia,RS,,Serbian,ГоКуле,2026-08-28T09:27:11Z
