id,vernacularName,language,locality,countryCode,source,lexicon,contributor,created
56765,Zygaena,el,"","",http://www.ubio.org/browser/details.php?namebankID=960249,Greek,iSea,2010-06-30T16:13:19Z
56765,Zygena,el,"","",http://www.catalogueoflife.org/annual-checklist/2012/details/species/id/10055541/common/157839,Greek,iSea,2014-05-26T16:29:56Z
51401,Λίτσα,el,Greece,GR,http://www.catalogueoflife.org/annual-checklist/2012/details/species/id/10070028/common/206605,Greek,Donald Davesne,2015-04-14T06:48:43Z
57281,Περδικάκι,el,"","",,Greek,Charalampos Tsiamitas,2017-11-24T10:27:57Z
47170,"μύκητας, λειχήνα",el,Greece,GR,,Greek,John E. Christensen,2017-11-27T16:44:16Z
244017,τζίτζικας,el,"","",,Greek,John E. Christensen,2017-11-27T16:53:10Z
84640,σφήκα,el,"","",,Greek,John E. Christensen,2017-11-27T16:56:21Z
48561,γαϊδουράγκαθο,el,"","",,Greek,John E. Christensen,2017-11-27T17:00:22Z
311249,"βρύο, μούσκλο",el,"","",,Greek,John E. Christensen,2017-11-28T11:16:42Z
355675,σπονδυλωτό,el,"","",,Greek,John E. Christensen,2017-11-28T11:21:20Z
19350,γλαύκα,el,"","",,Greek,John E. Christensen,2017-11-28T11:24:04Z
42134,κάπρος,el,"","",,Greek,John E. Christensen,2017-11-28T12:46:56Z
42118,χοίρος,el,"","",,Greek,John E. Christensen,2017-11-28T12:47:56Z
2,χορδωτό,el,"","",,Greek,John E. Christensen,2017-11-28T12:48:40Z
5562,κολίμπρι,el,"","",,Greek,John E. Christensen,2017-11-28T12:50:24Z
47115,Μαλάκια,el,"","",,Greek,John E. Christensen,2017-11-29T22:06:08Z
47208,Κολεόπτερα,el,"","",,Greek,John E. Christensen,2017-11-30T21:50:50Z
47549,Εχινόδερμα,el,"","",,Greek,John E. Christensen,2017-12-02T21:15:56Z
47158,Έντομα,el,"","",,Greek,John E. Christensen,2017-12-04T08:39:13Z
47126,Φυτό,el,"","",,Greek,John E. Christensen,2017-12-06T08:06:59Z
123880,Διάτομα,el,"","",,Greek,John E. Christensen,2017-12-10T07:40:11Z
372843,Φώκιες,el,"","",,Greek,John E. Christensen,2017-12-12T13:16:35Z
18874,παπαγάλος,el,"","",,Greek,John E. Christensen,2017-12-15T07:16:37Z
39532,χελώνα,el,"","",,Greek,John E. Christensen,2017-12-16T07:40:02Z
49187,Καστανιά,el,"","",,Greek,John E. Christensen,2017-12-17T11:09:37Z
72295,χουρμαδιά,el,"","",,Greek,John E. Christensen,2017-12-18T11:13:22Z
21359,Φρύνος,el,"","",,Greek,John E. Christensen,2017-12-20T10:16:40Z
49825,Οξυρρυγχίδες,el,"","",,Greek,John E. Christensen,2017-12-22T21:30:37Z
358226,Τσάι του βουνού,el,"","",,Greek,John E. Christensen,2017-12-23T08:53:03Z
48865,Κοκοφοίνικας,el,"","",,Greek,John E. Christensen,2017-12-26T07:49:16Z
63081,Βδέλλα,el,"","",,Greek,John E. Christensen,2017-12-30T07:57:01Z
48824,Σπόγγος,el,"","",,Greek,John E. Christensen,2017-12-31T16:43:03Z
47451,Ακακία Κωνσταντινουπόλεως,el,"","",,Greek,John E. Christensen,2018-01-03T11:27:57Z
47599,Σπαράγγι,el,"","",,Greek,John E. Christensen,2018-01-09T12:27:14Z
48301,Ασημόψαρο,el,"","",,Greek,John E. Christensen,2018-01-19T15:36:32Z
4730,Πελαργός,el,"","",,Greek,John E. Christensen,2018-02-03T08:47:35Z
56764,Σφυροκέφαλος,el,"","",,Greek,John E. Christensen,2018-02-07T09:01:45Z
47582,Στρείδι,el,"","",,Greek,John E. Christensen,2018-02-12T08:19:12Z
122976,Μαρούλι,el,"","",,Greek,John E. Christensen,2018-02-23T10:35:38Z
47217,Ορχιδέα,el,"","",,Greek,John E. Christensen,2018-03-01T11:13:38Z
47375,Κωνοφόρα,el,"","",,Greek,John E. Christensen,2018-03-03T08:18:30Z
124337,Βραδύπορα,el,"","",,Greek,John E. Christensen,2018-03-06T10:10:25Z
55800,Τουλίπα,el,"","",,Greek,John E. Christensen,2018-03-08T17:17:26Z
5305,Λευκοκέφαλος Θαλασσαετός,el,"","",,Greek,John E. Christensen,2018-03-23T10:46:20Z
52761,Υπερικό,el,"","",,Greek,John E. Christensen,2018-03-25T06:43:44Z
49664,Πλάτανος,el,"","",,Greek,John E. Christensen,2018-04-06T07:24:18Z
30692,Κροταλίας,el,"","",,Greek,John E. Christensen,2018-04-22T21:40:14Z
30667,Εχιδνίδες,el,"","",,Greek,John E. Christensen,2018-04-22T21:41:13Z
57912,Αρτεμισία η δρακόντειος,el,"","",,Greek,John E. Christensen,2018-04-23T20:35:57Z
75445,Άνηθος,el,"","",,Greek,John E. Christensen,2018-04-23T20:41:48Z
56955,Ηλίανθος,el,"","",,Greek,John E. Christensen,2018-04-24T08:36:58Z
143243,Χαμομήλι,el,"","",,Greek,John E. Christensen,2018-04-25T14:41:09Z
160162,Άγριο κύμινο,el,"","",,Greek,John E. Christensen,2018-05-04T16:10:06Z
67759,Κορίανδρον το ήμερον,el,"","",,Greek,John E. Christensen,2018-05-06T07:27:02Z
55563,Μαργαρίτα,el,"","",,Greek,John E. Christensen,2018-05-10T16:50:43Z
59432,Λεβιστικόν το φαρμακευτικόν,el,"","",,Greek,John E. Christensen,2018-05-14T08:22:24Z
131610,Γυμναδενία η κώνωψ,el,"","",,Greek,Georgios Mesimeris,2018-05-19T23:30:25Z
83085,Ανακαμπτίς η πυραμοειδής,el,"","",,Greek,Georgios Mesimeris,2018-05-19T23:34:10Z
59318,Ανακαμπτίς η νηπία,el,"","",,Greek,Georgios Mesimeris,2018-05-19T23:44:06Z
61329,Όρχις η τρίδοντη,el,"","",,Greek,Georgios Mesimeris,2018-05-19T23:50:02Z
60885,Δακτυλόριζα η σαμβυκίνη,el,"","",,Greek,Georgios Mesimeris,2018-05-19T23:52:51Z
85422,Προυνέλλα η βαθυσχιδής,el,"","",,Greek,Georgios Mesimeris,2018-05-20T00:19:11Z
52724,Ιπουρίς η αρουραία,el,"","",,Greek,Georgios Mesimeris,2018-05-21T10:23:19Z
482293,Λείριο το χαλκηδονικό,el,"","",,Greek,Georgios Mesimeris,2018-05-21T20:03:14Z
62083,Ζύγαινα η εφιάλτης,el,"","",,Greek,Georgios Mesimeris,2018-05-21T20:31:28Z
47126,Τεύκριο το πόλιο,el,"","",,Greek,Georgios Mesimeris,2018-05-21T21:16:15Z
53178,Πλαντάγο το λογχοειδές.,el,"","",,Greek,Georgios Mesimeris,2018-05-23T20:02:06Z
52821,Αχιλλέα η χιλιόφυλη,el,"","",,Greek,Georgios Mesimeris,2018-05-24T10:57:36Z
55819,Πρίμουλα η εαρινή,el,"","",,Greek,Georgios Mesimeris,2018-05-27T11:11:31Z
55734,Σέδον το Δριμύ,el,"","",,Greek,Georgios Mesimeris,2018-05-27T11:16:34Z
52764,Προυνέλλα η κοινή,el,"","",,Greek,Georgios Mesimeris,2018-05-27T11:18:28Z
57076,Τριφύλλι του κάμπου,el,"","",,Greek,Georgios Mesimeris,2018-05-27T12:42:51Z
67661,Αμανίτης ο ερυθριών,el,"","",,Greek,Georgios Mesimeris,2018-05-27T14:13:54Z
49381,Βολλέμια,el,"","",,Greek,Patrick Campbell,2018-06-11T13:51:48Z
53107,Λακτούκα η πριονόφυλλη,el,"","",,Greek,Georgios Mesimeris,2018-06-14T19:02:03Z
55893,Αγριμονία η ευπατώριος,el,"","",,Greek,Georgios Mesimeris,2018-06-14T19:15:49Z
56236,Ερυθραία το κενταύριο,el,"","",,Greek,Georgios Mesimeris,2018-06-14T19:23:22Z
52913,Κιχώριον το ίντυβον,el,"","",,Greek,Georgios Mesimeris,2018-06-14T19:25:54Z
566858,Σκαβιόζα η λεπτή,el,"","",,Greek,Georgios Mesimeris,2018-06-16T08:45:10Z
77992,Μίνθη η μακρόφυλλος,el,"","",,Greek,Georgios Mesimeris,2018-06-17T13:34:55Z
60132,Κίρσιο το αρουραίο,el,"","",,Greek,Georgios Mesimeris,2018-06-17T13:44:39Z
55717,Τεύκριον η χαμαίδρυς,el,"","",,Greek,Georgios Mesimeris,2018-06-17T13:48:56Z
62313,Μελάνθιον το δαμασκηνόν,el,"","",,Greek,Georgios Mesimeris,2018-06-22T10:32:08Z
168396,Σάλβια η ερυθρανθής,el,"","",,Greek,Georgios Mesimeris,2018-06-22T10:33:55Z
734942,Αλκάνα της Πίνδου,el,"","",,Greek,Georgios Mesimeris,2018-06-22T11:35:08Z
55736,Σαγκουισόρβον το έλασσον,el,"","",,Greek,Georgios Mesimeris,2018-06-26T20:40:47Z
736017,Γάλιο το μελανάνθηρο,el,"","",,Greek,Georgios Mesimeris,2018-06-26T21:03:11Z
333586,Γεωσκώληκας,el,"","",,Greek,John E. Christensen,2018-07-11T14:06:39Z
45933,Σκίουρος,el,"","",,Greek,John E. Christensen,2018-07-12T15:25:10Z
734824,Σέδο το περίβλαστο,el,"","",,Greek,Georgios Mesimeris,2018-07-13T14:52:56Z
75501,Άρκτιο το Αποτοξινωτικό,el,"","",,Greek,Georgios Mesimeris,2018-07-20T11:18:44Z
52989,Κίρσιο το κοινό,el,"","",,Greek,Georgios Mesimeris,2018-07-20T11:41:05Z
56163,Βερβένα η φαρμακευτική,el,"","",,Greek,Georgios Mesimeris,2018-07-20T11:43:45Z
82591,Κατέραχον το φαρμακευτικό,el,"","",,Greek,Georgios Mesimeris,2018-07-20T12:20:42Z
82591,ασπλένιον το κέτεραχ,el,"","",,Greek,Georgios Mesimeris,2018-07-20T12:22:15Z
59778,Παστινάκα η εδώδιμη,el,"","",,Greek,Georgios Mesimeris,2018-07-23T18:58:25Z
129115,Κναούτια η αρουραία,el,"","",,Greek,Georgios Mesimeris,2018-07-23T20:58:10Z
162699,Ηρύγγιο το πεδινό,el,"","",,Greek,Georgios Mesimeris,2018-07-23T21:00:48Z
76610,Δαύκος ο Καρώτος,el,"","",,Greek,Georgios Mesimeris,2018-07-23T21:10:20Z
61321,Λύθρο το Ιτεόμορφο,el,"","",,Greek,Georgios Mesimeris,2018-07-23T21:12:55Z
52344,Ιπόμαια η Πορφυρή,el,"","",,Greek,Georgios Mesimeris,2018-07-27T12:02:25Z
79009,Σκόλυμος ο Ισπανικός,el,"","",,Greek,Georgios Mesimeris,2018-07-27T12:45:52Z
56002,Δίπσακος,el,"","",,Greek,Georgios Mesimeris,2018-07-27T14:28:38Z
55811,Προύνος ο ακανθώδης,el,"","",,Greek,Georgios Mesimeris,2018-07-27T14:31:20Z
76907,Κόνυζα η Καναδική,el,"","",,Greek,Georgios Mesimeris,2018-07-27T14:35:14Z
59979,Σαμπούκος ο Έβουλος,el,"","",,Greek,Georgios Mesimeris,2018-07-28T08:36:34Z
79484,Βεράτρον,el,"","",,Greek,Georgios Mesimeris,2018-07-28T11:19:41Z
162697,Ερύγγιο το αμεθύστινο,el,"","",,Greek,Georgios Mesimeris,2018-07-29T10:05:36Z
472766,Βραχοκιρκίνεζο,el,Greece,GR,,Greek,Georgios Mesimeris,2018-07-29T10:56:39Z
59940,Ρωμουλέα η βολβοκώδιος,el,"","",,Greek,Georgios Mesimeris,2018-07-29T13:18:33Z
62749,Ιφικλείδης ο ποδαλείριος,el,"","",,Greek,Chris Taklis,2018-08-06T14:17:30Z
47276,Βατοτρυγόνα,el,"","",,Greek,Chris Taklis,2018-08-06T21:13:08Z
151882,Γκίγκο,el,"","",,Greek,John E. Christensen,2018-08-12T07:03:28Z
488542,Πρόσπερο το φθινοπωρινό,el,"","",,Greek,Georgios Mesimeris,2018-08-17T20:12:06Z
57920,Ξάνθιο το χοιράδιον,el,"","",,Greek,Georgios Mesimeris,2018-08-17T21:00:55Z
58776,Βλήτο το ανακάμπτον,el,"","",,Greek,Georgios Mesimeris,2018-08-17T21:10:34Z
84278,Ηλιάνθεμο το νομισματικό,el,"","",,Greek,Georgios Mesimeris,2018-08-20T17:19:25Z
55854,Δατούρα η στραμώνιος,el,"","",,Greek,Georgios Mesimeris,2018-08-20T17:23:13Z
77365,Ηλιοτρόπιον το ευρωπαϊκόν,el,"","",,Greek,Georgios Mesimeris,2018-08-20T17:28:17Z
47435,Λωτός ο κερατιοφόρος,el,"","",,Greek,Georgios Mesimeris,2018-08-20T17:32:16Z
122970,Ηλίανθος ο κονδυλόριζος,el,"","",,Greek,Georgios Mesimeris,2018-09-03T19:46:48Z
51304,Αλμυρίκι,el,"","",,Greek,John E. Christensen,2018-09-23T12:43:18Z
49315,Κοινό χταπόδι,el,Greece,GR,,Greek,Bobby McCabe,2018-09-26T16:04:30Z
765394,Σαμπούκος,el,"","",,Greek,cassi saari,2018-09-28T13:14:40Z
47459,Κεφαλόποδα,el,"","",,Greek,Bobby McCabe,2018-10-09T05:32:33Z
43697,Ασιατικός ελέφαντας,el,"","",,Greek,Bobby McCabe,2018-10-09T20:36:13Z
48863,Γιγάντιο χταπόδι του Ειρηνικού,el,"","",,Greek,Bobby McCabe,2018-10-17T15:42:52Z
339939,Τυραννόσαυρος,el,"","",,Greek,Bobby McCabe,2018-10-22T03:44:30Z
41964,Λιοντάρι,el,"","",,Greek,Bobby McCabe,2018-10-22T04:03:27Z
41970,Ιαγουάρος,el,"","",,Greek,Bobby McCabe,2018-10-22T04:28:17Z
41963,Λεοπάρδαλη,el,"","",,Greek,Bobby McCabe,2018-10-22T04:51:52Z
41963,Πάνθηρας,el,"","",,Greek,Bobby McCabe,2018-10-22T04:52:17Z
41967,Τίγρη,el,"","",,Greek,Bobby McCabe,2018-10-22T05:11:11Z
41967,Τίγρης,el,"","",,Greek,Bobby McCabe,2018-10-22T05:12:04Z
74831,Λεοπάρδαλη του χιονιού,el,"","",,Greek,Bobby McCabe,2018-10-22T05:31:02Z
41955,Γατόπαρδος,el,"","",,Greek,Bobby McCabe,2018-10-22T13:09:29Z
42007,Πούμα,el,"","",,Greek,Bobby McCabe,2018-10-22T13:30:13Z
42007,Κούγκαρ,el,"","",,Greek,Bobby McCabe,2018-10-22T13:30:43Z
42007,Λιοντάρι της Αμερικής,el,"","",,Greek,Bobby McCabe,2018-10-22T13:31:28Z
41641,Καφέ αρκούδα,el,"","",,Greek,Bobby McCabe,2018-10-22T22:42:41Z
41659,Γιγαντιαίο πάντα,el,"","",,Greek,Bobby McCabe,2018-10-23T00:36:14Z
41659,Αιλουρόποδη αρκούδα,el,"","",,Greek,Bobby McCabe,2018-10-23T00:37:39Z
253698,Γιγάντιο καλαμάρι,el,"","",,Greek,Bobby McCabe,2018-10-23T05:24:53Z
41644,Πολική αρκούδα,el,"","",,Greek,Bobby McCabe,2018-10-23T20:47:36Z
41638,Αμερικανική μαύρη αρκούδα,el,"","",,Greek,Bobby McCabe,2018-10-24T13:08:28Z
41647,Μαύρη ασιατική αρκούδα,el,"","",,Greek,Bobby McCabe,2018-10-24T13:58:25Z
447428,Moscoctapoda,el,"","",,Greek,Bobby McCabe,2018-10-26T00:42:39Z
447428,Moshios,el,"","",,Greek,Bobby McCabe,2018-10-26T00:42:56Z
253679,Χταποδάκι,el,"","",,Greek,Bobby McCabe,2018-10-28T19:35:53Z
54327,Σφήκα η Ευρωπαϊκή,el,"","",,Greek,John E. Christensen,2018-10-30T09:56:30Z
57278,Αείλανθος ο υψηλότατος,el,"","",,Greek,John E. Christensen,2018-10-31T08:28:56Z
43692,Ελεφαντίδες,el,"","",,Greek,Bobby McCabe,2018-11-01T19:13:05Z
569099,Λιοντάρι των σπηλαίων,el,"","",,Greek,Bobby McCabe,2018-11-14T02:59:49Z
43694,Αφρικανικός ελέφαντας της σαβάνας,el,"","",,Greek,Bobby McCabe,2018-11-22T17:30:20Z
357910,Αφρικανικός ελέφαντας του δάσους,el,"","",,Greek,Bobby McCabe,2018-11-22T17:39:26Z
253694,Ανισοπλόκαμο χταπόδι,el,"","",,Greek,Bobby McCabe,2018-11-25T18:59:10Z
43348,Λευκός ρινόκερος,el,"","",,Greek,Bobby McCabe,2018-11-26T13:31:41Z
47851,Βελανιδιά,el,"","",,Greek,John E. Christensen,2018-11-26T15:16:32Z
635878,Ζαβογαρίδα,el,"","",,Greek,Bobby McCabe,2018-12-01T18:41:52Z
42147,Ιπποπόταμος,el,"","",,Greek,John E. Christensen,2018-12-04T17:19:33Z
49556,Σαρανταποδαρούσα,el,"","",,Greek,John E. Christensen,2018-12-12T11:03:08Z
121943,Φτέρη,el,"","",,Greek,John E. Christensen,2018-12-17T16:22:43Z
70054,Καρπούζι,el,"","",,Greek,John E. Christensen,2018-12-24T10:47:18Z
49158,Ερίκιο το σκαντζοχοίρινο,el,"","",,Greek,Georgios Mesimeris,2018-12-30T12:57:56Z
168946,Τσάι του βουνού,el,"","",,Greek,John E. Christensen,2019-01-07T20:30:36Z
168946,Σιδηρίτης,el,"","",,Greek,John E. Christensen,2019-01-07T20:31:37Z
9398,Καρδερίνα,el,"","",,Greek,Ornithopolis Patras,2019-01-08T16:00:37Z
6638,Σταχτάρα,el,"","",,Greek,Ornithopolis Patras,2019-01-08T16:02:29Z
3017,Περιστέρι,el,"","",,Greek,Ornithopolis Patras,2019-01-08T16:04:34Z
2969,Δεκαοχτούρα,el,"","",,Greek,Ornithopolis Patras,2019-01-08T16:44:54Z
20969,Τσαλαπετεινός,el,"","",,Greek,Ornithopolis Patras,2019-01-08T16:45:22Z
2599,Αλκυόνη,el,"","",,Greek,Ornithopolis Patras,2019-01-08T16:45:49Z
11901,Σταβλοχελίδονο,el,"","",,Greek,Ornithopolis Patras,2019-01-08T16:46:23Z
64705,Σπιτοχελίδονο,el,"","",,Greek,Ornithopolis Patras,2019-01-08T16:48:13Z
13688,Σταχτοσουσουράδα,el,"","",,Greek,Ornithopolis Patras,2019-01-08T16:48:51Z
13000,Καρβουνιάρης,el,"","",,Greek,Ornithopolis Patras,2019-01-08T16:49:44Z
12716,Κότσυφας,el,"","",,Greek,Ornithopolis Patras,2019-01-08T16:51:19Z
15282,Μαυροσκούφης,el,"","",,Greek,Ornithopolis Patras,2019-01-08T16:52:10Z
203153,Καλόγερος,el,"","",,Greek,Ornithopolis Patras,2019-01-10T08:04:31Z
144757,Κουρούνα,el,"","",,Greek,Ornithopolis Patras,2019-01-10T08:06:36Z
14850,Ψαρόνι,el,"","",,Greek,Ornithopolis Patras,2019-01-10T08:07:05Z
13858,Σπιτοσπουργίτης,el,"","",,Greek,Ornithopolis Patras,2019-01-10T08:07:40Z
10070,Σπίνος,el,"","",,Greek,Ornithopolis Patras,2019-01-10T08:08:15Z
145360,Φλώρος,el,"","",,Greek,Ornithopolis Patras,2019-01-10T08:08:59Z
9236,Σκαρθάκι,el,"","",,Greek,Ornithopolis Patras,2019-01-10T08:09:37Z
851014,Χρυσόμαλλο τσακάλι,el,"","",,Greek,Bobby McCabe,2019-01-14T23:36:02Z
102743,Εξαβράγχιος καρχαρίας,el,Greece,GR,,Greek,Chris Taklis,2019-01-18T15:42:52Z
848319,Μαρσιποφόρα,el,"","",,Greek,Bobby McCabe,2019-01-18T21:28:18Z
42412,Μοσχόβους,el,"","",,Greek,Bobby McCabe,2019-01-20T17:43:29Z
20059,Μπούφος,el,"","",https://eol.org/pages/45518931,Greek,,2019-01-28T09:00:15Z
846407,Δημήτρης Μελισσανίδης,el,"","",,Greek,Bobby McCabe,2019-01-29T02:33:40Z
359110,Γουρούνα,el,"","",,Greek,Bobby McCabe,2019-01-31T00:22:23Z
12727,Αμερικανική Τσίχλα,el,"","",,Greek,John E. Christensen,2019-02-02T16:41:15Z
19898,Χουχουριστής,el,"","",,Greek,Chris Taklis,2019-02-02T21:42:19Z
40151,Θηλαστικό,el,"","",,Greek,John E. Christensen,2019-02-07T16:26:03Z
447155,Γλάροι,el,Greece,GR,,Greek,John E. Christensen,2019-02-22T15:36:26Z
54960,Νηματώδη,el,"","",,Greek,John E. Christensen,2019-03-01T09:39:08Z
7067,Βαρβάρα,el,"","",,Greek,Kostas Zontanos,2019-03-07T11:52:10Z
3896,Ευρασιατική Τουρλίδα,el,"","",,Greek,Kostas Zontanos,2019-03-07T11:56:58Z
4892,Αργυροπούλι,el,"","",,Greek,Kostas Zontanos,2019-03-07T12:00:15Z
144510,Καστανοκέφαλος Γλάρος,el,Greece,GR,,Greek,Kostas Zontanos,2019-03-07T12:03:14Z
144757,Σταχτιά Κουρούνα,el,"","",,Greek,Kostas Zontanos,2019-03-07T12:07:45Z
13851,Δεντροσπουργίτης,el,"","",,Greek,Kostas Zontanos,2019-03-07T12:09:27Z
4843,Ευρωπαϊκός Στρειδοφάγος,el,Greece,GR,,Greek,Kostas Zontanos,2019-03-07T12:10:38Z
73222,Ευρωπαϊκό Φοινικόπτερο,el,Greece,GR,,Greek,Kostas Zontanos,2019-03-07T12:11:53Z
4333,Αργυροπελεκάνος,el,Greece,GR,,Greek,Kostas Zontanos,2019-03-07T12:13:05Z
4208,Σκουφοβουτηχτάρι,el,Greece,GR,,Greek,Kostas Zontanos,2019-03-07T12:14:19Z
5173,Καλαμόκιρκος,el,Greece,GR,,Greek,Kostas Zontanos,2019-03-07T12:15:19Z
59202,Ασημόγλαρος της Μεσογείου,el,"","",,Greek,Kostas Zontanos,2019-03-07T12:16:32Z
6996,Θαλασσοπρίστης,el,"","",,Greek,Kostas Zontanos,2019-03-07T12:18:33Z
482,Κοινή Φαλαρίδα,el,"","",,Greek,Kostas Zontanos,2019-03-07T12:20:15Z
4270,Ευρωπαϊκός Κορμοράνος,el,Greece,GR,,Greek,Kostas Zontanos,2019-03-07T12:21:19Z
145291,Τσιφτάς,el,"","",,Greek,Kostas Zontanos,2019-03-07T12:22:25Z
4943,Κοινός Λευκοτσικνιάς,el,Greece,GR,,Greek,Kostas Zontanos,2019-03-07T12:24:43Z
6937,Ευρωπαϊκό Κιρκίρι,el,Greece,GR,,Greek,Kostas Zontanos,2019-03-07T12:26:11Z
3879,Κοκκινοσκέλης,el,Greece,GR,,Greek,Kostas Zontanos,2019-03-07T12:27:23Z
6921,Βουβόκυκνος,el,Greece,GR,,Greek,Kostas Zontanos,2019-03-07T13:46:22Z
3731,Ευρασιατική Χουλιαρομύτα,el,"","",,Greek,Kostas Zontanos,2019-03-07T13:49:13Z
6933,Ψαλίδα του Βορρά,el,"","",,Greek,Kostas Zontanos,2019-03-07T13:50:55Z
558438,Ευρασιατική Χουλιαρόπαπια,el,"","",,Greek,Kostas Zontanos,2019-03-07T13:52:12Z
6930,Πρασινοκέφαλη Πάπια,el,Greece,GR,,Greek,Kostas Zontanos,2019-03-07T13:53:30Z
4205,Μαυροβουτηχτάρι,el,"","",,Greek,Kostas Zontanos,2019-03-07T13:55:07Z
201282,Κοινή Νερόκοτα,el,"","",,Greek,Kostas Zontanos,2019-03-07T13:58:10Z
4389,Ασημόγλαρος της Κασπίας,el,"","",,Greek,Kostas Zontanos,2019-03-07T13:59:23Z
7055,Ευρωπαϊκή Βαλτόπαπια,el,Greece,GR,,Greek,Kostas Zontanos,2019-03-07T14:00:39Z
7045,Γκισάρι,el,"","",,Greek,Kostas Zontanos,2019-03-07T14:01:26Z
144849,Γαλαζοπαπαδίτσα,el,"","",,Greek,Kostas Zontanos,2019-03-07T14:03:07Z
578607,Κατσουλιέρης,el,Greece,GR,,Greek,Kostas Zontanos,2019-03-07T14:04:45Z
558634,Κοινό Φανέτο,el,"","",,Greek,Kostas Zontanos,2019-03-07T14:07:34Z
4883,Ευρωπαϊκή Αβοκέτα,el,"","",,Greek,Kostas Zontanos,2019-03-07T14:08:34Z
4356,Θυελλόγλαρος,el,"","",,Greek,Kostas Zontanos,2019-03-07T14:09:31Z
6917,Νανόκυκνος,el,"","",,Greek,Kostas Zontanos,2019-03-07T17:43:17Z
6916,Αγριόκυκνος,el,"","",,Greek,Kostas Zontanos,2019-03-07T17:44:18Z
7009,Χωραφόχηνα,el,"","",,Greek,Kostas Zontanos,2019-03-07T17:45:41Z
7019,Ασπρομέτωπη Χήνα,el,"","",,Greek,Kostas Zontanos,2019-03-07T17:47:09Z
7013,Νανόχηνα,el,"","",,Greek,Kostas Zontanos,2019-03-07T17:47:45Z
7018,Σταχτόχηνα,el,"","",,Greek,Kostas Zontanos,2019-03-07T17:48:45Z
558426,Λευκόχηνα,el,"","",,Greek,Kostas Zontanos,2019-03-07T17:49:29Z
7087,Δαχτυλιδόχηνα,el,"","",,Greek,Kostas Zontanos,2019-03-07T17:50:41Z
7102,Κοκκινόχηνα,el,"","",,Greek,Kostas Zontanos,2019-03-07T17:51:38Z
7068,Καστανόπαπια,el,"","",,Greek,Kostas Zontanos,2019-03-07T18:07:00Z
558441,Ευρωπαϊκό Σφυριχτάρι,el,"","",,Greek,Kostas Zontanos,2019-03-07T18:08:43Z
558439,Καπακλής,el,"","",,Greek,Kostas Zontanos,2019-03-07T18:09:19Z
558429,Ευρωπαϊκή Σαρσέλα,el,Greece,GR,,Greek,Kostas Zontanos,2019-03-07T18:11:12Z
558433,Αμερικανική Σαρσέλα,el,"","",,Greek,Kostas Zontanos,2019-03-07T18:11:51Z
7139,Στικτόπαπια,el,"","",,Greek,Kostas Zontanos,2019-03-07T18:12:51Z
7122,Ευρασιατικό Φερεντίνι,el,"","",,Greek,Kostas Zontanos,2019-03-07T18:13:37Z
7046,Μαυροκέφαλη Πάπια,el,"","",,Greek,Kostas Zontanos,2019-03-07T18:14:27Z
7047,Σταχτόπαπια,el,"","",,Greek,Kostas Zontanos,2019-03-07T18:15:02Z
7024,Κοινή Πουπουλόπαπια,el,"","",,Greek,Kostas Zontanos,2019-03-07T18:16:10Z
7170,Χιονόπαπια,el,"","",,Greek,Kostas Zontanos,2019-03-07T18:16:58Z
144221,Ευρωπαϊκή Μαυρόπαπια,el,"","",,Greek,Kostas Zontanos,2019-03-07T18:17:53Z
6990,Ευρωπαϊκή Βουκεφάλα,el,"","",,Greek,Kostas Zontanos,2019-03-07T18:19:21Z
7192,Νανοπρίστης,el,"","",,Greek,Kostas Zontanos,2019-03-07T18:20:09Z
7004,Χηνοπρίστης,el,"","",,Greek,Kostas Zontanos,2019-03-07T18:21:03Z
7081,Ευρωπαϊκό Κεφαλούδι,el,"","",,Greek,Kostas Zontanos,2019-03-07T18:21:55Z
804,Κοινό Ορτύκι,el,"","",,Greek,Kostas Zontanos,2019-03-07T18:23:43Z
867,Κοκκινοπέρδικα,el,"","",,Greek,Kostas Zontanos,2019-03-07T18:24:25Z
863,Πετροπέρδικα,el,"","",,Greek,Kostas Zontanos,2019-03-07T18:25:05Z
846,Νησιώτικη Πέρδικα,el,"","",,Greek,Kostas Zontanos,2019-03-07T18:25:44Z
649,Μαύρος Φρανκολίνος,el,"","",,Greek,Kostas Zontanos,2019-03-07T18:26:26Z
558443,Δασόκοτα,el,"","",,Greek,Kostas Zontanos,2019-03-07T18:27:10Z
1026,Αγριόκουρκος,el,"","",,Greek,Kostas Zontanos,2019-03-07T18:28:37Z
831,Καμπίσια Πέρδικα,el,"","",,Greek,Kostas Zontanos,2019-03-07T18:29:21Z
981,Κοινός Φασιανός,el,"","",,Greek,Kostas Zontanos,2019-03-07T18:29:58Z
4627,Κηλιδοβούτι,el,Greece,GR,,Greek,Kostas Zontanos,2019-03-07T18:31:03Z
4623,Λαμπροβούτι,el,Greece,GR,,Greek,Kostas Zontanos,2019-03-07T18:31:34Z
4626,Παγοβούτι,el,"","",,Greek,Kostas Zontanos,2019-03-07T18:32:02Z
4237,Κοκκινόλαιμο Νανοβουτηχτάρι,el,"","",,Greek,Kostas Zontanos,2019-03-07T18:33:28Z
4209,Χειμωνοβουτηχτάρι,el,"","",,Greek,Kostas Zontanos,2019-03-07T18:34:25Z
4224,Κοκκινοβουτηχτάρι,el,"","",,Greek,Kostas Zontanos,2019-03-07T18:35:08Z
509656,Αρτέμης της Μεσογείου,el,"","",,Greek,Kostas Zontanos,2019-03-07T18:36:20Z
4109,Μύχος της Μεσογείου,el,Greece,GR,,Greek,Kostas Zontanos,2019-03-07T18:37:45Z
475120,Καπελόμυχος,el,"","",,Greek,Kostas Zontanos,2019-03-07T18:39:03Z
73315,Μύχος των Βαλεαρίδων,el,"","",,Greek,Kostas Zontanos,2019-03-07T18:39:52Z
4170,Κοινός Υδροβάτης,el,Greece,GR,,Greek,Kostas Zontanos,2019-03-07T18:40:54Z
3802,Σούλα του Βορρά,el,"","",,Greek,Kostas Zontanos,2019-03-07T18:44:27Z
4327,Ροδοπελεκάνος,el,"","",,Greek,Kostas Zontanos,2019-03-07T18:46:37Z
5033,Ευρασιατικός Ήταυρος,el,"","",,Greek,Kostas Zontanos,2019-03-07T18:59:49Z
4981,Κοινός Νυχτοκόρακας,el,Greece,GR,,Greek,Kostas Zontanos,2019-03-07T19:02:13Z
4994,Κρυπτοτσικνιάς,el,Greece,GR,,Greek,Kostas Zontanos,2019-03-07T19:04:08Z
4935,Θαλασσοτσικνιάς,el,"","",,Greek,Kostas Zontanos,2019-03-07T19:05:42Z
4934,Μαυροτσικνιάς,el,"","",,Greek,Kostas Zontanos,2019-03-07T19:06:53Z
144455,Αργυροτσικνιάς,el,"","",,Greek,Kostas Zontanos,2019-03-07T19:07:44Z
4954,Σταχτοτσικνιάς,el,Greece,GR,,Greek,Kostas Zontanos,2019-03-07T19:08:28Z
4951,Πορφυροτσικνιάς,el,Greece,GR,,Greek,Kostas Zontanos,2019-03-07T19:09:05Z
4733,Λευκός Πελαργός,el,Greece,GR,,Greek,Kostas Zontanos,2019-03-07T19:10:21Z
4736,Μαύρος πελαργός,el,"","",,Greek,Kostas Zontanos,2019-03-07T19:10:57Z
3756,Ευρασιατική Χαλκόκοτα,el,Greece,GR,,Greek,Kostas Zontanos,2019-03-07T19:12:54Z
55727,Λιναρία η κυμβαλαρία,el,"","",,Greek,Georgios Mesimeris,2019-03-07T21:42:10Z
5325,Ευρωπαϊκός Σφηκιάρης,el,"","",,Greek,Kostas Zontanos,2019-03-08T11:22:55Z
5275,Έλανος,el,"","",,Greek,Kostas Zontanos,2019-03-08T11:23:32Z
5268,Τσίφτης,el,"","",,Greek,Kostas Zontanos,2019-03-08T11:24:13Z
5267,Ψαλιδιάρης,el,"","",,Greek,Kostas Zontanos,2019-03-08T11:24:40Z
5309,Ευρωπαϊκός Θαλασσαετός,el,"","",,Greek,Kostas Zontanos,2019-03-08T11:25:23Z
5379,Γυπαετός,el,"","",,Greek,Kostas Zontanos,2019-03-08T11:26:03Z
5361,Ασπροπάρης,el,"","",,Greek,Kostas Zontanos,2019-03-08T11:26:39Z
5366,Όρνιο,el,"","",,Greek,Kostas Zontanos,2019-03-08T11:27:16Z
5382,Μαυρόγυπας,el,"","",,Greek,Kostas Zontanos,2019-03-08T11:27:49Z
5242,Φιδαετός,el,"","",,Greek,Kostas Zontanos,2019-03-08T11:28:28Z
559064,Χειμωνόκιρκος,el,"","",,Greek,Kostas Zontanos,2019-03-08T11:29:06Z
5178,Στεπόκιρκος,el,"","",,Greek,Kostas Zontanos,2019-03-08T11:29:42Z
5167,Λιβαδόκιρκος,el,"","",,Greek,Kostas Zontanos,2019-03-08T11:30:11Z
5106,Κοινό Ξεφτέρι,el,"","",,Greek,Kostas Zontanos,2019-03-08T11:31:35Z
204472,Κοινή Γερακίνα,el,Greece,GR,,Greek,Kostas Zontanos,2019-03-08T11:36:46Z
5192,Αετογερακίνα,el,"","",,Greek,Kostas Zontanos,2019-03-08T11:37:19Z
5200,Χιονογερακίνα,el,"","",,Greek,Kostas Zontanos,2019-03-08T11:37:51Z
201035,Στικταετός,el,"","",,Greek,Kostas Zontanos,2019-03-08T11:39:06Z
201033,Κραυγαετός,el,"","",,Greek,Kostas Zontanos,2019-03-08T11:40:22Z
5154,Γερακαετός,el,"","",,Greek,Kostas Zontanos,2019-03-08T11:41:21Z
5074,Χρυσαετός,el,"","",,Greek,Kostas Zontanos,2019-03-08T11:41:51Z
144467,Σπιζαετός,el,"","",,Greek,Kostas Zontanos,2019-03-08T11:42:19Z
5083,Στεπαετός,el,"","",,Greek,Kostas Zontanos,2019-03-08T11:42:49Z
5071,Ανατολικός Βασιλαετός,el,"","",,Greek,Kostas Zontanos,2019-03-08T11:43:26Z
116999,Ψαραετός,el,"","",,Greek,Kostas Zontanos,2019-03-08T11:44:37Z
59845,Κιρκινέζι,el,"","",,Greek,Kostas Zontanos,2019-03-08T11:45:48Z
4641,Ευρωπαϊκό Μαυροκιρκίνεζο,el,"","",,Greek,Kostas Zontanos,2019-03-08T11:46:36Z
4686,Ασιατικό Μαυροκιρκίνεζο,el,"","",,Greek,Kostas Zontanos,2019-03-08T11:47:12Z
4672,Νανογέρακο,el,"","",,Greek,Kostas Zontanos,2019-03-08T11:47:42Z
4643,Δεντρογέρακο,el,"","",,Greek,Kostas Zontanos,2019-03-08T11:48:10Z
4671,Μαυροπετρίτης,el,"","",,Greek,Kostas Zontanos,2019-03-08T11:48:37Z
4684,Χρυσογέρακο,el,"","",,Greek,Kostas Zontanos,2019-03-08T11:49:05Z
4691,Στεπογέρακο,el,"","",,Greek,Kostas Zontanos,2019-03-08T11:49:32Z
4647,Πετρίτης,el,"","",,Greek,Kostas Zontanos,2019-03-08T11:50:00Z
513599,Ερημοπετρίτης,el,"","",,Greek,Kostas Zontanos,2019-03-08T11:51:44Z
47687,Ερωδιός ο Κωνιόμορφος,el,"","",,Greek,Georgios Mesimeris,2019-03-08T15:47:20Z
1,Ζώα,el,"","",,Greek,Kostas Zontanos,2019-03-08T20:12:22Z
2,Χορδωτά,el,"","",,Greek,Kostas Zontanos,2019-03-08T20:13:20Z
355675,Σπονδυλόζωα,el,"","",,Greek,Kostas Zontanos,2019-03-08T20:14:06Z
20978,Αμφίβια,el,"","",,Greek,Kostas Zontanos,2019-03-08T20:15:16Z
3,Πτηνά,el,"","",,Greek,Kostas Zontanos,2019-03-08T20:15:57Z
40151,Θηλαστικά,el,"","",,Greek,Kostas Zontanos,2019-03-08T20:17:06Z
848317,Ευθήρια,el,"","",,Greek,Kostas Zontanos,2019-03-08T20:17:48Z
47120,Αρθρόποδα,el,"","",,Greek,Kostas Zontanos,2019-03-08T20:28:43Z
372739,Εξάποδα,el,"","",,Greek,Kostas Zontanos,2019-03-08T20:29:50Z
47120,Χηλοκερωτά,el,"","",,Greek,Kostas Zontanos,2019-03-08T20:31:35Z
245097,Χηλοκερωτά,el,"","",,Greek,Kostas Zontanos,2019-03-08T20:32:19Z
85493,Καρκινοειδή,el,"","",,Greek,Kostas Zontanos,2019-03-08T20:33:06Z
144128,Μυριάποδα,el,"","",,Greek,Kostas Zontanos,2019-03-08T20:34:03Z
47119,Αραχνίδια,el,"","",,Greek,Kostas Zontanos,2019-03-08T20:35:40Z
47825,Πυκνογονίδια,el,"","",,Greek,Kostas Zontanos,2019-03-08T20:36:29Z
49556,Χειλόποδα,el,"","",,Greek,Kostas Zontanos,2019-03-08T20:37:29Z
47735,Διπλόποδα,el,"","",,Greek,Kostas Zontanos,2019-03-08T20:38:17Z
83243,Παυρόποδα,el,"","",,Greek,Kostas Zontanos,2019-03-08T20:39:02Z
84638,Σύμφυλα,el,"","",,Greek,Kostas Zontanos,2019-03-08T20:39:37Z
47187,Μαλακόστρακα,el,"","",,Greek,Kostas Zontanos,2019-03-08T20:40:52Z
68764,Οστρακώδη,el,"","",,Greek,Kostas Zontanos,2019-03-08T20:41:45Z
184884,Πτερυγωτά,el,"","",,Greek,Kostas Zontanos,2019-03-08T20:44:25Z
47201,Υμενόπτερα,el,"","",,Greek,Kostas Zontanos,2019-03-08T20:45:19Z
81769,Βλαττοειδή,el,"","",,Greek,Kostas Zontanos,2019-03-08T20:46:47Z
47793,Δερμάπτερα,el,"","",,Greek,Kostas Zontanos,2019-03-08T20:47:55Z
47822,Δίπτερα,el,"","",,Greek,Kostas Zontanos,2019-03-08T20:48:41Z
48011,Εφημερόπτερα,el,"","",,Greek,Kostas Zontanos,2019-03-08T20:51:01Z
47744,Ημίπτερα,el,"","",,Greek,Kostas Zontanos,2019-03-08T20:52:37Z
61267,Ετερόπτερα,el,"","",,Greek,Kostas Zontanos,2019-03-08T20:53:13Z
124417,Απόκριτα,el,"","",,Greek,Kostas Zontanos,2019-03-08T20:53:58Z
84643,Σύμφυτα,el,"","",,Greek,Kostas Zontanos,2019-03-08T20:55:46Z
47157,Λεπιδόπτερα,el,"","",,Greek,Kostas Zontanos,2019-03-08T20:56:34Z
48112,Μαντώδη,el,"","",,Greek,Kostas Zontanos,2019-03-08T20:57:43Z
49369,Μηκόπτερα,el,"","",,Greek,Kostas Zontanos,2019-03-08T20:58:25Z
47864,Μεγαλόπτερα,el,"","",,Greek,Kostas Zontanos,2019-03-08T20:59:03Z
48763,Νευρόπτερα,el,"","",,Greek,Kostas Zontanos,2019-03-08T20:59:35Z
47792,Οδοντόγναθα,el,"","",,Greek,Kostas Zontanos,2019-03-08T21:00:36Z
47927,Ανισόπτερα,el,"","",,Greek,Kostas Zontanos,2019-03-08T21:01:29Z
47928,Ζυγόπτερα,el,"","",,Greek,Kostas Zontanos,2019-03-08T21:02:11Z
47651,Ορθόπτερα,el,"","",,Greek,Kostas Zontanos,2019-03-08T21:02:53Z
47504,Πλεκόπτερα,el,"","",,Greek,Kostas Zontanos,2019-03-08T21:05:40Z
47794,Ραφιδιόπτερα,el,"","",,Greek,Kostas Zontanos,2019-03-08T21:06:36Z
83204,Σιφωνάπτερα,el,"","",,Greek,Kostas Zontanos,2019-03-08T21:07:17Z
83202,Στρεψίπτερα,el,"","",,Greek,Kostas Zontanos,2019-03-08T21:08:01Z
83201,Θυσανόπτερα,el,"","",,Greek,Kostas Zontanos,2019-03-08T21:08:36Z
62164,Τριχόπτερα,el,"","",,Greek,Kostas Zontanos,2019-03-08T21:09:04Z
83200,Ζοράπτερα,el,"","",,Greek,Kostas Zontanos,2019-03-08T21:09:41Z
125816,Αυχενόρρυγχα,el,"","",,Greek,Kostas Zontanos,2019-03-08T21:16:28Z
334037,Στερνόρρυγχα,el,"","",,Greek,Kostas Zontanos,2019-03-08T21:17:12Z
372851,Κολεόρρυγχα,el,"","",,Greek,Kostas Zontanos,2019-03-08T21:18:08Z
40268,Νυχτερίδα,el,"","",,Greek,John E. Christensen,2019-03-10T07:55:13Z
8088,Ευρωπαϊκή Κίσσα,el,"","",,Greek,Kostas Zontanos,2019-03-10T15:34:37Z
792977,Νανοδρυοκολάπτης,el,"","",,Greek,Kostas Zontanos,2019-03-10T15:49:44Z
9192,Σιρλοτσίχλονο,el,"","",,Greek,Kostas Zontanos,2019-03-10T15:59:04Z
10069,Χειμωνόσπινος,el,"","",,Greek,Kostas Zontanos,2019-03-10T16:01:37Z
117016,Δεντροφυλλοσκόπος,el,"","",,Greek,Kostas Zontanos,2019-03-10T16:09:56Z
116858,Ευρωπαϊκό ψευταηδόνι,el,"","",,Greek,Kostas Zontanos,2019-03-10T16:12:37Z
13094,Κοκκινολαίμης,el,"","",,Greek,Kostas Zontanos,2019-03-10T16:41:24Z
326296,Χωματόφρυνος,el,"","",,Greek,Kostas Zontanos,2019-03-12T05:23:51Z
717585,Ανατολικός Κοινός Τρίτωνας,el,"","",,Greek,Kostas Zontanos,2019-03-12T10:34:53Z
66093,Σαλαμάνδρα της Καρπάθου,el,"","",,Greek,Kostas Zontanos,2019-03-12T10:36:14Z
64385,Σαλαμάνδρα του Καστελλόριζου,el,"","",,Greek,Kostas Zontanos,2019-03-12T10:37:15Z
27726,Σαλαμάνδρα,el,"","",,Greek,Kostas Zontanos,2019-03-12T10:38:02Z
476663,Βαλκανικός Χτενοτρίτωνας,el,"","",,Greek,Kostas Zontanos,2019-03-12T10:39:19Z
70972,Μακεδονικός Τρίτωνας,el,"","",,Greek,Kostas Zontanos,2019-03-12T10:40:09Z
26718,Ουρόδηλα,el,"","",,Greek,Kostas Zontanos,2019-03-12T10:41:36Z
20979,Άνουρα,el,"","",,Greek,Kostas Zontanos,2019-03-12T10:42:05Z
24495,Κοκκινομπομπίνα,el,"","",,Greek,Kostas Zontanos,2019-03-12T10:43:08Z
556621,Κιτρινομπομπίνα,el,"","",,Greek,Kostas Zontanos,2019-03-12T10:43:39Z
424147,Δενδροβάτραχος,el,"","",,Greek,Kostas Zontanos,2019-03-12T10:45:34Z
70647,Ανατολικός Δενδροβάτραχος,el,"","",,Greek,Kostas Zontanos,2019-03-12T10:46:14Z
25313,Πηλοβάτης,el,"","",,Greek,Kostas Zontanos,2019-03-12T10:47:07Z
65979,Αμερικανικός Βουβαλοβάτραχος,el,"","",,Greek,Kostas Zontanos,2019-03-12T10:48:24Z
66319,Κρητικός Βάτραχος,el,"","",,Greek,Kostas Zontanos,2019-03-12T10:52:35Z
66321,Ηπειρωτικός Βάτραχος,el,"","",,Greek,Kostas Zontanos,2019-03-12T10:53:13Z
25669,Ευκίνητος Βάτραχος,el,"","",,Greek,Kostas Zontanos,2019-03-12T10:55:57Z
25697,Ελληνικός Βάτραχος,el,"","",,Greek,Kostas Zontanos,2019-03-12T10:56:36Z
25591,Βουνοβάτραχος,el,"","",,Greek,Kostas Zontanos,2019-03-12T10:57:11Z
26036,Ερπετά,el,"","",,Greek,Kostas Zontanos,2019-03-12T10:58:24Z
39532,Χελώνια,el,"","",,Greek,Kostas Zontanos,2019-03-12T10:59:06Z
26172,Λεπιδωτά,el,"","",,Greek,Kostas Zontanos,2019-03-12T11:00:14Z
85552,Σαύρες,el,"","",,Greek,Kostas Zontanos,2019-03-12T11:00:51Z
85550,Αμφίσβαινες,el,"","",,Greek,Kostas Zontanos,2019-03-12T11:01:27Z
85553,Φίδια,el,"","",,Greek,Kostas Zontanos,2019-03-12T11:01:59Z
39665,Χελώνα Καρέττα,el,"","",,Greek,Kostas Zontanos,2019-03-12T11:40:04Z
39659,Πράσινη Χελώνα,el,"","",,Greek,Kostas Zontanos,2019-03-12T11:42:01Z
39672,Κεραμοχελώνα,el,"","",,Greek,Kostas Zontanos,2019-03-12T11:43:09Z
39677,Δερματοχελώνα,el,"","",,Greek,Kostas Zontanos,2019-03-12T11:45:38Z
39867,Στικτή Νεροχελώνα,el,"","",,Greek,Kostas Zontanos,2019-03-12T11:46:36Z
39782,Νεροχελώνα με κόκκινα μάγουλα,el,"","",,Greek,Kostas Zontanos,2019-03-12T11:48:02Z
105329,Γραμμωτή Νεροχελώνα,el,"","",,Greek,Kostas Zontanos,2019-03-12T11:49:36Z
40023,Ελληνική Χελώνα,el,"","",,Greek,Kostas Zontanos,2019-03-12T11:50:33Z
71212,Μεσογειακή Χελώνα,el,"","",,Greek,Kostas Zontanos,2019-03-12T11:51:04Z
40038,Κρασπεδωτή Χελώνα,el,"","",,Greek,Kostas Zontanos,2019-03-12T11:51:34Z
39553,Τριόνυξ,el,"","",,Greek,Kostas Zontanos,2019-03-12T11:52:26Z
31728,Αμφίσβαινα,el,"","",,Greek,Kostas Zontanos,2019-03-12T11:53:47Z
145894,Κεφαλλονίτικο Κονάκι,el,"","",,Greek,Kostas Zontanos,2019-03-12T11:56:01Z
343021,Κονάκι,el,"","",,Greek,Kostas Zontanos,2019-03-12T11:56:29Z
539261,Ελληνικό Κονάκι,el,"","",,Greek,Kostas Zontanos,2019-03-12T11:57:03Z
31975,Τυφλίτης,el,"","",,Greek,Kostas Zontanos,2019-03-12T11:57:31Z
97246,Αφρικανικός Χαμαιλέοντας,el,"","",,Greek,Kostas Zontanos,2019-03-12T11:58:23Z
32864,Μεσογειακός Χαμαιλέοντας,el,"","",,Greek,Kostas Zontanos,2019-03-12T11:58:59Z
34435,Σαμιαμίδι,el,"","",,Greek,Kostas Zontanos,2019-03-12T12:00:28Z
146280,Κυρτοδάκτυλος,el,"","",,Greek,Kostas Zontanos,2019-03-12T12:01:17Z
13854,Χωραφοσπουργίτης,el,"","",,Greek,Kostas Zontanos,2019-03-12T17:54:24Z
17867,Βαλκανικός Δρυοκολάπτης,el,"","",,Greek,Kostas Zontanos,2019-03-12T19:16:16Z
513926,Κοινή Νεροκοτσέλα,el,"","",,Greek,Kostas Zontanos,2019-03-12T19:54:43Z
178,Στικτοπουλάδα,el,"","",,Greek,Kostas Zontanos,2019-03-12T19:55:34Z
508919,Μικροπουλάδα,el,"","",,Greek,Kostas Zontanos,2019-03-12T19:56:55Z
508920,Νανοπουλάδα,el,"","",,Greek,Kostas Zontanos,2019-03-12T19:57:40Z
443,Ορτυκομάνα,el,"","",,Greek,Kostas Zontanos,2019-03-12T19:59:19Z
522,Αφρικανική Πορφυροπουλάδα,el,"","",,Greek,Kostas Zontanos,2019-03-12T20:00:24Z
475028,Σουλτανοπουλάδα,el,"","",,Greek,Kostas Zontanos,2019-03-12T20:01:01Z
41,Ευρωπαϊκός Γερανός,el,"","",,Greek,Kostas Zontanos,2019-03-12T20:02:28Z
132,Χαμωτίδα,el,"","",,Greek,Kostas Zontanos,2019-03-12T20:04:48Z
204484,Χλαμυδωτίδα της Σαχάρας,el,"","",,Greek,Kostas Zontanos,2019-03-12T20:05:34Z
77,Μεγάλη Ωτίδα,el,"","",,Greek,Kostas Zontanos,2019-03-12T20:06:19Z
4923,Ευρασιατική Πετροτουρλίδα,el,"","",,Greek,Kostas Zontanos,2019-03-12T20:07:41Z
4835,Καλαμοκανάς,el,Greece,GR,,Greek,Kostas Zontanos,2019-03-12T20:08:30Z
4896,Βροχοπούλι του Ειρηνικού,el,"","",,Greek,Kostas Zontanos,2019-03-12T20:10:16Z
4889,Ευρωπαϊκό Βροχοπούλι,el,"","",,Greek,Kostas Zontanos,2019-03-12T20:10:52Z
4866,Αγκαθοκαλημάνα,el,"","",,Greek,Kostas Zontanos,2019-03-12T20:11:51Z
4858,Αγελοκαλημάνα,el,"","",,Greek,Kostas Zontanos,2019-03-12T20:15:18Z
4860,Λεύκουρη Καλημάνα,el,"","",,Greek,Kostas Zontanos,2019-03-12T20:15:57Z
4857,Ευρωπαϊκή Καλημάνα,el,"","",,Greek,Kostas Zontanos,2019-03-12T20:16:52Z
4801,Αμμοσφυριχτής,el,"","",,Greek,Kostas Zontanos,2019-03-12T20:18:08Z
17871,Πευκοδρυοκολάπτης,el,"","",,Greek,Kostas Zontanos,2019-03-12T20:25:50Z
17943,Λευκονώτης Δρυοκολάπτης,el,"","",,Greek,Kostas Zontanos,2019-03-12T20:26:56Z
17835,Μαύρος Δρυοκολάπτης,el,"","",,Greek,Kostas Zontanos,2019-03-12T20:28:17Z
17669,Τριδάκτυλος Δρυοκολάπτης,el,"","",,Greek,Kostas Zontanos,2019-03-12T20:29:06Z
18301,Σταχτής Δρυοκολάπτης,el,"","",,Greek,Kostas Zontanos,2019-03-12T20:30:02Z
18448,Στραβολαίμης,el,"","",,Greek,Kostas Zontanos,2019-03-12T20:30:44Z
792985,Μεσαίος Δρυοκολάπτης,el,"","",,Greek,Kostas Zontanos,2019-03-12T20:31:36Z
19998,Ευρωπαϊκή Κουκουβάγια,el,"","",,Greek,Kostas Zontanos,2019-03-12T20:32:47Z
3048,Κοινή Φάσσα,el,"","",,Greek,Kostas Zontanos,2019-03-12T20:33:53Z
135327,Φλωμίς η θαμνώδης (Ασφάκα),el,"","",,Greek,Georgios Mesimeris,2019-03-12T22:01:08Z
339593,Μαχητής,el,"","",,Greek,Kostas Zontanos,2019-03-13T08:17:14Z
3838,Κοινή Νανοσκαλίδρα,el,Greece,GR,,Greek,Kostas Zontanos,2019-03-13T08:18:02Z
3857,Λασποσκαλίδρα,el,"","",,Greek,Kostas Zontanos,2019-03-13T08:19:06Z
3845,Κοκκινοσκαλίδρα,el,"","",,Greek,Kostas Zontanos,2019-03-13T08:20:03Z
339594,Ραβδοσκαλίδρα,el,"","",,Greek,Kostas Zontanos,2019-03-13T08:20:39Z
3863,Δρεπανοσκαλίδρα,el,"","",,Greek,Kostas Zontanos,2019-03-13T08:21:09Z
3850,Μακρύποδη Σκαλίδρα,el,"","",,Greek,Kostas Zontanos,2019-03-13T08:21:46Z
3837,Σταχτιά Νανοσκαλίδρα,el,"","",,Greek,Kostas Zontanos,2019-03-13T08:22:17Z
3849,Λευκοσκαλίδρα,el,"","",,Greek,Kostas Zontanos,2019-03-13T08:22:49Z
3856,Βραχοσκαλίδρα,el,"","",,Greek,Kostas Zontanos,2019-03-13T08:23:22Z
3851,Λιβαδοσκαλίδρα,el,"","",,Greek,Kostas Zontanos,2019-03-13T08:24:02Z
3866,Λευκόπυγη Σκαλίδρα,el,"","",,Greek,Kostas Zontanos,2019-03-13T08:24:44Z
339596,Τρυγγίτης,el,"","",,Greek,Kostas Zontanos,2019-03-13T08:32:01Z
3865,Θωρακωτή Σκαλίδρα,el,"","",,Greek,Kostas Zontanos,2019-03-13T08:33:01Z
3962,Μπαρτράμια,el,"","",,Greek,Kostas Zontanos,2019-03-13T08:33:45Z
3901,Σιγλίγουρος,el,"","",,Greek,Kostas Zontanos,2019-03-13T08:34:40Z
3899,Λεπτομύτα,el,"","",,Greek,Kostas Zontanos,2019-03-13T08:35:17Z
3947,Ευρωπαϊκή Λιμόζα,el,"","",,Greek,Kostas Zontanos,2019-03-13T08:36:18Z
3951,Θαλασσολιμόζα,el,"","",,Greek,Kostas Zontanos,2019-03-13T08:36:51Z
3938,Χαλικοκυλιστής,el,"","",,Greek,Kostas Zontanos,2019-03-13T08:37:39Z
3978,Ακτίτης,el,Greece,GR,,Greek,Kostas Zontanos,2019-03-13T08:38:21Z
72458,Κηλιδωτός Ακτίτης,el,"","",,Greek,Kostas Zontanos,2019-03-13T08:38:53Z
3885,Δασότρυγγας,el,"","",,Greek,Kostas Zontanos,2019-03-13T08:39:39Z
3882,Μαυρότρυγγας,el,"","",,Greek,Kostas Zontanos,2019-03-13T08:40:11Z
3878,Πρασινοσκέλης,el,"","",,Greek,Kostas Zontanos,2019-03-13T08:40:38Z
3893,Μικρός Κιτρινοσκέλης,el,"","",,Greek,Kostas Zontanos,2019-03-13T09:45:26Z
3881,Βαλτότρυγγας,el,"","",,Greek,Kostas Zontanos,2019-03-13T09:45:54Z
3888,Λασπότρυγγας,el,Greece,GR,,Greek,Kostas Zontanos,2019-03-13T09:46:25Z
3911,Μικρομπεκάτσινο,el,"","",,Greek,Kostas Zontanos,2019-03-13T09:47:06Z
3873,Μεγάλος Λιμνοδρόμος,el,"","",,Greek,Kostas Zontanos,2019-03-13T09:47:45Z
3931,Ευρασιατική Μπεκάτσα,el,"","",,Greek,Kostas Zontanos,2019-03-13T09:48:21Z
318836,Κοινό Μπεκατσίνι,el,"","",,Greek,Kostas Zontanos,2019-03-13T09:48:54Z
3919,Διπλομπεκάτσινο,el,"","",,Greek,Kostas Zontanos,2019-03-13T09:49:25Z
144529,Ευρωπαϊκό Νανογλάρονο,el,Greece,GR,,Greek,Kostas Zontanos,2019-03-13T09:51:31Z
4450,Ποταμογλάρονο,el,Greece,GR,,Greek,Kostas Zontanos,2019-03-13T09:52:31Z
144541,Χειμωνογλάρονο,el,"","",,Greek,Kostas Zontanos,2019-03-13T09:54:37Z
144527,Σταχτογλάρονο,el,Greece,GR,,Greek,Kostas Zontanos,2019-03-13T09:55:18Z
144536,Γελογλάρονο,el,Greece,GR,,Greek,Kostas Zontanos,2019-03-13T09:56:41Z
144537,Καρατζάς,el,Greece,GR,,Greek,Kostas Zontanos,2019-03-13T09:57:23Z
62148,Μουστακογλάρονο,el,"","",,Greek,Kostas Zontanos,2019-03-13T10:00:53Z
4512,Μαυρογλάρονο,el,Greece,GR,,Greek,Kostas Zontanos,2019-03-13T10:01:23Z
4514,Αργυρογλάρονο,el,"","",,Greek,Kostas Zontanos,2019-03-13T10:01:53Z
4449,Χιονογλάρονο,el,"","",,Greek,Kostas Zontanos,2019-03-13T10:02:50Z
144543,Πορτοκαλόραμφο Γλαρόνι,el,"","",,Greek,Kostas Zontanos,2019-03-13T10:03:55Z
144523,Ασημόγλαρος της Αρμενίας,el,"","",,Greek,Kostas Zontanos,2019-03-13T10:05:03Z
144501,Λεπτόραμφος Γλάρος,el,"","",,Greek,Kostas Zontanos,2019-03-13T10:06:52Z
144517,Μαυροκέφαλος Γλάρος,el,Greece,GR,,Greek,Kostas Zontanos,2019-03-13T10:07:40Z
12038,Αετομάχος,el,"","",,Greek,Kostas Zontanos,2019-03-13T10:09:46Z
12054,Σταχτοκεφαλάς,el,"","",,Greek,Kostas Zontanos,2019-03-13T10:10:25Z
559070,Διπλοκεφαλάς,el,"","",,Greek,Kostas Zontanos,2019-03-13T10:10:54Z
12039,Κοκκινοκεφαλάς,el,"","",,Greek,Kostas Zontanos,2019-03-13T10:12:00Z
12023,Παρδαλοκεφαλάς,el,"","",,Greek,Kostas Zontanos,2019-03-13T10:12:26Z
12822,Σταχτοπετρόκλης,el,"","",,Greek,Kostas Zontanos,2019-03-13T10:15:02Z
201192,Ευρωπαϊκός Μαυρολαίμης,el,"","",,Greek,Kostas Zontanos,2019-03-13T10:16:00Z
12971,Σταχτομυγοχάφτης,el,"","",,Greek,Kostas Zontanos,2019-03-13T10:17:16Z
13133,Κρικομυγοχάφτης,el,"","",,Greek,Kostas Zontanos,2019-03-13T10:18:17Z
144808,Κλειδωνάς,el,"","",,Greek,Kostas Zontanos,2019-03-13T10:19:13Z
145363,Ευρωπαϊκός Τρυποφράχτης,el,"","",,Greek,Kostas Zontanos,2019-03-13T10:22:06Z
12749,Κοκκινότσιχλα,el,"","",,Greek,Kostas Zontanos,2019-03-13T10:23:22Z
12748,Κοινή Τσίχλα,el,"","",,Greek,Kostas Zontanos,2019-03-13T10:24:05Z
12707,Κεδρότσιχλα,el,"","",,Greek,Kostas Zontanos,2019-03-13T10:24:38Z
12735,Τσαρτσάρα,el,"","",,Greek,Kostas Zontanos,2019-03-13T10:25:18Z
12740,Χιονοκότσυφας,el,"","",,Greek,Kostas Zontanos,2019-03-13T10:25:51Z
145086,Μαυρόλαιμη Τσίχλα,el,"","",,Greek,Kostas Zontanos,2019-03-13T10:26:22Z
117055,Θαμνοφυλλοσκόπος,el,"","",,Greek,Kostas Zontanos,2019-03-13T10:27:32Z
204455,Καλαμοποταμίδα,el,"","",,Greek,Kostas Zontanos,2019-03-13T10:28:32Z
204456,Τσιχλοποταμίδα,el,"","",,Greek,Kostas Zontanos,2019-03-13T10:28:57Z
9193,Βουνοτσίχλονο,el,"","",,Greek,Kostas Zontanos,2019-03-13T10:30:07Z
9210,Ελατοτσίχλονο,el,"","",,Greek,Kostas Zontanos,2019-03-13T10:30:39Z
9195,Χρυσοτσίχλονο,el,"","",,Greek,Kostas Zontanos,2019-03-13T10:31:04Z
9217,Σμυρνοτσίχλονο,el,"","",,Greek,Kostas Zontanos,2019-03-13T10:31:41Z
9211,Φρυγανοτσίχλονο,el,"","",,Greek,Kostas Zontanos,2019-03-13T10:32:29Z
9188,Βαλτοτσίχλονο,el,"","",,Greek,Kostas Zontanos,2019-03-13T10:33:01Z
9197,Νανοτσίχλονο,el,"","",,Greek,Kostas Zontanos,2019-03-13T10:33:32Z
9212,Σημυδοτσίχλονο,el,"","",,Greek,Kostas Zontanos,2019-03-13T10:33:58Z
9201,Μεγάλο Καλαμοτσίχλονο,el,"","",,Greek,Kostas Zontanos,2019-03-13T10:34:34Z
9203,Αμπελουργός,el,"","",,Greek,Kostas Zontanos,2019-03-13T10:35:07Z
9196,Βλαχοτσίχλονο,el,"","",,Greek,Kostas Zontanos,2019-03-13T10:35:44Z
13713,Ευρωπαϊκή Νεροκελάδα,el,"","",,Greek,Kostas Zontanos,2019-03-13T10:37:42Z
13729,Λιβαδοκελάδα,el,"","",,Greek,Kostas Zontanos,2019-03-13T10:38:19Z
13695,Λευκοσουσουράδα,el,"","",,Greek,Kostas Zontanos,2019-03-13T10:39:14Z
13687,Κιτροσουσουράδα,el,"","",,Greek,Kostas Zontanos,2019-03-13T10:40:18Z
204545,Κιτρινοσουσουράδα,el,Greece,GR,,Greek,Kostas Zontanos,2019-03-13T10:40:48Z
7278,Αιγίθαλος,el,"","",,Greek,Kostas Zontanos,2019-03-13T10:41:44Z
13676,Υφάντρα,el,Greece,GR,,Greek,Kostas Zontanos,2019-03-13T10:42:32Z
7347,Σιταρήθρα,el,"","",,Greek,Kostas Zontanos,2019-03-13T10:43:43Z
7363,Δεντροσταρήθρα,el,"","",,Greek,Kostas Zontanos,2019-03-13T10:44:31Z
8029,Χαβαρόνι,el,"","",,Greek,Kostas Zontanos,2019-03-13T10:45:49Z
8010,Κοινός Κόρακας,el,"","",,Greek,Kostas Zontanos,2019-03-13T10:46:12Z
8350,Κιτρινοκαλιακούδα,el,"","",,Greek,Kostas Zontanos,2019-03-13T10:47:21Z
8349,Κοκκινοκαλιακούδα,el,"","",,Greek,Kostas Zontanos,2019-03-13T10:47:49Z
144497,Τρίχρωμος Φαλαρόποδας,el,"","",,Greek,Kostas Zontanos,2019-03-14T08:17:27Z
3959,Ερυθρόλαιμος Φαλαρόποδας,el,"","",,Greek,Kostas Zontanos,2019-03-14T08:18:06Z
73203,Κόκκινος Φαλαρόποδας,el,"","",,Greek,Kostas Zontanos,2019-03-14T08:19:14Z
4595,Αμμοδρόμος,el,"","",,Greek,Kostas Zontanos,2019-03-14T08:20:26Z
4604,Κοινό Νεροχελίδονο,el,"","",,Greek,Kostas Zontanos,2019-03-14T08:20:57Z
4605,Μαυρόφτερο Νεροχελίδονο,el,"","",,Greek,Kostas Zontanos,2019-03-14T08:21:26Z
4491,Σπαθοληστόγλαρος,el,"","",,Greek,Kostas Zontanos,2019-03-14T08:22:15Z
4489,Γερακοληστόγλαρος,el,Greece,GR,,Greek,Kostas Zontanos,2019-03-14T08:22:41Z
4481,Βελονοληστόγλαρος,el,"","",,Greek,Kostas Zontanos,2019-03-14T08:23:07Z
144297,Αετοληστόγλαρος,el,"","",,Greek,Kostas Zontanos,2019-03-14T08:23:35Z
204533,Ασημόγλαρος του Βορρά,el,Greece,GR,,Greek,Kostas Zontanos,2019-03-14T08:27:10Z
4361,Γλάρος της Ισλανδίας,el,"","",,Greek,Kostas Zontanos,2019-03-14T08:27:47Z
4368,Γιγαντόγλαρος,el,"","",,Greek,Kostas Zontanos,2019-03-14T08:28:15Z
4381,Μελανόγλαρος,el,"","",,Greek,Kostas Zontanos,2019-03-14T08:28:42Z
144519,Λευκόφθαλμος Γλάρος,el,"","",,Greek,Kostas Zontanos,2019-03-14T08:29:48Z
144522,Αιγαιόγλαρος,el,"","",,Greek,Kostas Zontanos,2019-03-14T08:30:35Z
144514,Αζτεκόγλαρος,el,"","",,Greek,Kostas Zontanos,2019-03-14T08:31:59Z
4494,Τριδάκτυλος Γλάρος,el,"","",,Greek,Kostas Zontanos,2019-03-14T08:32:33Z
144512,Νανόγλαρος,el,"","",,Greek,Kostas Zontanos,2019-03-14T08:33:08Z
117088,Μαυροπεριστερόκοτα,el,"","",,Greek,Kostas Zontanos,2019-03-14T08:34:11Z
117078,Βελονόουρη Περιστερόκοτα,el,"","",,Greek,Kostas Zontanos,2019-03-14T08:34:55Z
117119,Περιστερόκοτα της Στέπας,el,"","",,Greek,Kostas Zontanos,2019-03-14T08:35:36Z
3033,Φασσοπερίστερο,el,"","",,Greek,Kostas Zontanos,2019-03-14T08:36:27Z
2938,Ευρωπαϊκό Τρυγόνι,el,"","",,Greek,Kostas Zontanos,2019-03-14T08:37:10Z
2927,Ελατοτρύγονο,el,"","",,Greek,Kostas Zontanos,2019-03-14T08:37:35Z
18911,Πράσινος Παπαγάλος,el,"","",,Greek,Kostas Zontanos,2019-03-14T08:39:55Z
1787,Κισσόκουκος,el,"","",,Greek,Kostas Zontanos,2019-03-14T08:40:46Z
1907,Ευρωπαϊκός Κούκος,el,"","",,Greek,Kostas Zontanos,2019-03-14T08:41:23Z
20445,Τυτώ,el,"","",,Greek,Kostas Zontanos,2019-03-14T08:42:11Z
20244,Ευρασιατικός Γκιώνης,el,"","",,Greek,Kostas Zontanos,2019-03-14T08:43:02Z
19848,Σπουργιτόγλαυκα,el,"","",,Greek,Kostas Zontanos,2019-03-14T09:19:32Z
19910,Χουχουριστής των Ουραλίων,el,"","",,Greek,Kostas Zontanos,2019-03-14T09:20:20Z
20307,Νανόμπουφος,el,"","",,Greek,Kostas Zontanos,2019-03-14T09:20:56Z
20315,Βαλτόμπουφος,el,"","",,Greek,Kostas Zontanos,2019-03-14T09:21:25Z
20359,Αιγωλιός,el,"","",,Greek,Kostas Zontanos,2019-03-14T09:22:01Z
19410,Ευρωπαϊκό Γιδοβύζι,el,"","",,Greek,Kostas Zontanos,2019-03-14T09:22:56Z
6643,Ωχροσταχτάρα,el,"","",,Greek,Kostas Zontanos,2019-03-14T09:24:43Z
6612,Μικροσταχτάρα,el,"","",,Greek,Kostas Zontanos,2019-03-14T09:25:29Z
204519,Σμυρναλκυόνη,el,"","",,Greek,Kostas Zontanos,2019-03-14T09:26:28Z
2662,Κήρυλος,el,"","",,Greek,Kostas Zontanos,2019-03-14T09:27:15Z
2229,Νανομελισσοφάγος,el,"","",,Greek,Kostas Zontanos,2019-03-14T09:27:57Z
2191,Ευρωπαϊκός Μελισσοφάγος,el,Greece,GR,,Greek,Kostas Zontanos,2019-03-14T09:28:27Z
2245,Πράσινος Μελισσοφάγος,el,"","",,Greek,Kostas Zontanos,2019-03-14T09:28:58Z
2266,Ευρωπαϊκή Χαλκοκουρούνα,el,"","",,Greek,Kostas Zontanos,2019-03-14T09:29:48Z
7416,Χερσόφιλος,el,"","",,Greek,Kostas Zontanos,2019-03-14T09:32:01Z
7367,Κοινή Γαλιάντρα,el,"","",,Greek,Kostas Zontanos,2019-03-14T09:32:35Z
7370,Μαυρογαλιάντρα,el,"","",,Greek,Kostas Zontanos,2019-03-14T09:33:15Z
7366,Βουνογαλιάντρα,el,"","",,Greek,Kostas Zontanos,2019-03-14T09:33:52Z
558524,Λευκόφτερη Σιταρήθρα,el,"","",,Greek,Kostas Zontanos,2019-03-14T09:35:01Z
578093,Ευρωπαϊκή Μικρογαλιάντρα,el,Greece,GR,,Greek,Kostas Zontanos,2019-03-14T09:35:46Z
546379,Γραμμωτή Μικρογαλιάντρα,el,"","",,Greek,Kostas Zontanos,2019-03-14T09:36:44Z
7294,Χιονάδα,el,"","",,Greek,Kostas Zontanos,2019-03-14T09:37:39Z
11941,Οχθοχελίδονο,el,"","",,Greek,Kostas Zontanos,2019-03-14T09:38:26Z
144788,Ευρωπαϊκό Βραχοχελίδονο,el,"","",,Greek,Kostas Zontanos,2019-03-14T09:39:11Z
144792,Μιλτοχελίδονο,el,"","",,Greek,Kostas Zontanos,2019-03-14T09:40:07Z
36055,Σαύρα του Μοριά,el,"","",,Greek,Kostas Zontanos,2019-03-14T11:02:15Z
36052,Σαύρα της Ρούμελης,el,"","",,Greek,Kostas Zontanos,2019-03-14T11:02:50Z
73601,Σαύρα της Σάμου,el,"","",,Greek,Kostas Zontanos,2019-03-14T11:03:30Z
539260,Πελασγική Σαύρα,el,"","",,Greek,Kostas Zontanos,2019-03-14T11:04:01Z
35383,Ποντιακή Σαύρα,el,"","",,Greek,Kostas Zontanos,2019-03-14T11:05:13Z
73817,Ελληνική Σαύρα,el,"","",,Greek,Kostas Zontanos,2019-03-14T11:05:53Z
35912,Αμμόσαυρα,el,"","",,Greek,Kostas Zontanos,2019-03-14T11:06:27Z
35871,Τρανόσαυρα,el,"","",,Greek,Kostas Zontanos,2019-03-14T11:06:57Z
35854,Πρασινόσαυρα,el,"","",,Greek,Kostas Zontanos,2019-03-14T11:07:21Z
35760,Οφίσωψ,el,"","",,Greek,Kostas Zontanos,2019-03-14T11:08:02Z
35700,Σιλιβούτι της Κρήτης,el,"","",,Greek,Kostas Zontanos,2019-03-14T11:08:43Z
35677,Σιλιβούτι,el,"","",,Greek,Kostas Zontanos,2019-03-14T11:09:15Z
35668,Σαύρα της Σκύρου,el,"","",,Greek,Kostas Zontanos,2019-03-14T11:10:17Z
73916,Λεβεντόσαυρα,el,"","",,Greek,Kostas Zontanos,2019-03-14T11:12:08Z
73917,Γουστέρα της Μήλου,el,"","",,Greek,Kostas Zontanos,2019-03-14T11:12:45Z
55990,Τοιχογουστέρα,el,"","",,Greek,Kostas Zontanos,2019-03-14T11:13:14Z
73918,Γουστέρα της Πελοποννήσου,el,"","",,Greek,Kostas Zontanos,2019-03-14T11:13:48Z
73920,Γουστέρα του Ταύρου,el,"","",,Greek,Kostas Zontanos,2019-03-14T11:14:24Z
33602,Ταρέντολα,el,"","",,Greek,Kostas Zontanos,2019-03-14T11:15:19Z
53645,Λιακόνι,el,"","",,Greek,Kostas Zontanos,2019-03-14T11:16:59Z
37850,Οφιόμορος,el,"","",,Greek,Kostas Zontanos,2019-03-14T11:17:37Z
73585,Αβλέφαρος,el,"","",,Greek,Kostas Zontanos,2019-03-14T11:18:38Z
558902,Χρυσίζουσα Σαύρα,el,"","",,Greek,Kostas Zontanos,2019-03-14T11:19:36Z
100411,Έρυξ,el,"","",,Greek,Kostas Zontanos,2019-03-14T11:21:42Z
73874,Οθωμανική Οχιά,el,"","",,Greek,Kostas Zontanos,2019-03-14T11:23:48Z
558958,Νανόχεντρα,el,"","",,Greek,Kostas Zontanos,2019-03-14T11:25:20Z
26904,Στεφανοφόρος,el,"","",,Greek,Kostas Zontanos,2019-03-14T11:26:24Z
99496,Έφιος,el,"","",,Greek,Kostas Zontanos,2019-03-14T11:27:04Z
73759,Μάυρος Έφιος,el,"","",,Greek,Kostas Zontanos,2019-03-14T11:27:30Z
30293,Θαμνόφιδο,el,"","",,Greek,Kostas Zontanos,2019-03-14T11:28:11Z
30237,Λαφιάτης,el,"","",,Greek,Kostas Zontanos,2019-03-14T11:28:47Z
30285,Κεχρίτης,el,"","",,Greek,Kostas Zontanos,2019-03-14T11:29:14Z
27038,Ζαμενής της Ρόδου,el,"","",,Greek,Kostas Zontanos,2019-03-14T11:30:08Z
29917,Δενδρογαλιά,el,"","",,Greek,Kostas Zontanos,2019-03-14T11:30:42Z
73823,Μαύρο Φίδι της Γυάρου,el,"","",,Greek,Kostas Zontanos,2019-03-14T11:31:23Z
73910,Σαΐτα,el,"","",,Greek,Kostas Zontanos,2019-03-14T11:34:35Z
64078,Αγιόφιδο,el,"","",,Greek,Kostas Zontanos,2019-03-14T11:35:17Z
74009,Λαφίτης του Ασκληπιού,el,"","",,Greek,Kostas Zontanos,2019-03-14T11:36:00Z
74011,Σπιτόφιδο,el,"","",,Greek,Kostas Zontanos,2019-03-14T11:36:25Z
3969,Ρωσότρυγγας,el,"","",,Greek,Kostas Zontanos,2019-03-14T17:13:37Z
13726,Διπλοκελάδα,el,"","",,Greek,Kostas Zontanos,2019-03-14T17:15:51Z
13712,Ωχροκελάδα,el,"","",,Greek,Kostas Zontanos,2019-03-14T17:16:17Z
13711,Δεντροκελάδα,el,"","",,Greek,Kostas Zontanos,2019-03-14T17:16:55Z
13721,Κοκκινοκελάδα,el,"","",,Greek,Kostas Zontanos,2019-03-14T17:17:24Z
13734,Θαλασσοκελάδα,el,"","",,Greek,Kostas Zontanos,2019-03-14T17:17:55Z
7429,Ευρωπαϊκή Βομβυκίλα,el,"","",,Greek,Kostas Zontanos,2019-03-14T17:19:14Z
7647,Ευρωπαϊκός Νεροκότσυφας,el,"","",,Greek,Kostas Zontanos,2019-03-14T17:20:05Z
13988,Κοινός Θαμνοψάλτης,el,"","",,Greek,Kostas Zontanos,2019-03-14T17:21:30Z
13996,Χιονοψάλτης,el,"","",,Greek,Kostas Zontanos,2019-03-14T17:22:26Z
145026,Κουφαηδόνι,el,"","",,Greek,Kostas Zontanos,2019-03-14T17:23:58Z
13075,Τσιχλαηδόνι,el,"","",,Greek,Kostas Zontanos,2019-03-14T17:25:05Z
13079,Κοινό Αηδόνι,el,"","",,Greek,Kostas Zontanos,2019-03-14T17:25:36Z
13071,Γαλαζολαίμης,el,"","",,Greek,Kostas Zontanos,2019-03-14T17:26:11Z
13196,Ασπρολαίμης,el,"","",,Greek,Kostas Zontanos,2019-03-14T17:26:51Z
12992,Κοινός Φοινίκουρος,el,"","",,Greek,Kostas Zontanos,2019-03-14T17:27:47Z
12999,Φοινίκουρος του Άτλαντα,el,"","",,Greek,Kostas Zontanos,2019-03-14T17:28:21Z
12908,Καστανολαίμης,el,"","",,Greek,Kostas Zontanos,2019-03-14T17:29:11Z
201193,Ασιατικός Μαυρολαίμης,el,"","",,Greek,Kostas Zontanos,2019-03-14T17:29:44Z
12837,Αμμοπετρόκλης,el,"","",,Greek,Kostas Zontanos,2019-03-14T17:31:19Z
12830,Παρδαλοπετρόκλης,el,"","",,Greek,Kostas Zontanos,2019-03-14T17:31:55Z
12842,Ερημοπετρόκλης,el,"","",,Greek,Kostas Zontanos,2019-03-14T17:32:51Z
12828,Βουνοπετρόκλης,el,"","",,Greek,Kostas Zontanos,2019-03-14T17:33:21Z
12841,Σκουφοπετρόκλης,el,"","",,Greek,Kostas Zontanos,2019-03-14T17:33:50Z
12832,Λευκόπυγος Πετρόκλης,el,"","",,Greek,Kostas Zontanos,2019-03-14T17:34:22Z
12838,Μαυροπετρόκλης,el,"","",,Greek,Kostas Zontanos,2019-03-14T17:34:54Z
13140,Πυροκότσυφας,el,"","",,Greek,Kostas Zontanos,2019-03-14T17:35:46Z
13141,Γαλαζοκότσυφας,el,"","",,Greek,Kostas Zontanos,2019-03-14T17:36:20Z
7697,Ευρωπαϊκή Κιστικόλη,el,Greece,GR,,Greek,Kostas Zontanos,2019-03-14T17:39:46Z
116941,Θαμνοτριλιστής,el,"","",,Greek,Kostas Zontanos,2019-03-14T17:40:41Z
116938,Ποταμοτριλιστής,el,"","",,Greek,Kostas Zontanos,2019-03-14T17:41:12Z
116940,Καλαμοτριλιστής,el,"","",,Greek,Kostas Zontanos,2019-03-14T17:41:41Z
201178,Θαμνοστριτσίδα,el,"","",,Greek,Kostas Zontanos,2019-03-14T17:42:34Z
201181,Καστανοστριτσίδα,el,"","",,Greek,Kostas Zontanos,2019-03-14T17:43:04Z
201180,Ωχροστριτσίδα,el,"","",,Greek,Kostas Zontanos,2019-03-14T17:43:30Z
116920,Λιοστριτσίδα,el,"","",,Greek,Kostas Zontanos,2019-03-14T17:44:03Z
116918,Κιτρινοστριτσίδα,el,"","",,Greek,Kostas Zontanos,2019-03-14T17:44:28Z
116923,Ορφεοστριτσίδα,el,"","",,Greek,Kostas Zontanos,2019-03-14T17:44:57Z
116799,Ψαθοποταμίδα,el,"","",,Greek,Kostas Zontanos,2019-03-14T17:45:53Z
117181,Νεροποταμίδα,el,"","",,Greek,Kostas Zontanos,2019-03-14T17:46:25Z
116804,Σχοινοποταμίδα,el,"","",,Greek,Kostas Zontanos,2019-03-14T17:46:56Z
116791,Λευκόφρυδη Ποταμίδα,el,"","",,Greek,Kostas Zontanos,2019-03-14T17:47:28Z
116802,Βαλτοποταμίδα,el,"","",,Greek,Kostas Zontanos,2019-03-14T17:48:11Z
15302,Κηποτσιροβάκος,el,"","",,Greek,Kostas Zontanos,2019-03-14T17:54:13Z
144925,Κεδροφυλλοσκόπος,el,"","",,Greek,Kostas Zontanos,2019-03-14T17:55:27Z
117008,Χιονοφυλλοσκόπος,el,"","",,Greek,Kostas Zontanos,2019-03-14T17:55:56Z
117041,Νανοφυλλοσκόπος,el,"","",,Greek,Kostas Zontanos,2019-03-14T17:56:23Z
117028,Κιτρινόφρυδος Φυλλοσκόπος,el,"","",,Greek,Kostas Zontanos,2019-03-14T17:56:54Z
117026,Γκριζοφυλλοσκόπος,el,"","",,Greek,Kostas Zontanos,2019-03-14T17:57:22Z
117022,Σκουροφυλλοσκόπος,el,"","",,Greek,Kostas Zontanos,2019-03-14T17:57:54Z
117007,Δυτικός Βουνοφυλλοσκόπος,el,"","",,Greek,Kostas Zontanos,2019-03-14T17:58:34Z
144923,Ανατολικός Βουνοφυλλοσκόπος,el,"","",,Greek,Kostas Zontanos,2019-03-14T17:59:03Z
117048,Δασοφυλλοσκόπος,el,"","",,Greek,Kostas Zontanos,2019-03-14T17:59:31Z
117027,Ιβηρικός Δεντροφυλλοσκόπος,el,"","",,Greek,Kostas Zontanos,2019-03-14T18:00:03Z
793469,Χρυσοβασιλίσκος,el,"","",,Greek,Kostas Zontanos,2019-03-14T18:01:25Z
117097,Πυροβασιλίσκος,el,"","",,Greek,Kostas Zontanos,2019-03-14T18:01:57Z
512431,Καστανομυγοχάφτης,el,"","",,Greek,Kostas Zontanos,2019-03-14T18:02:57Z
13113,Νανομυγοχάφτης,el,"","",,Greek,Kostas Zontanos,2019-03-14T18:03:33Z
13126,Δρυομυγοχάφτης,el,"","",,Greek,Kostas Zontanos,2019-03-14T18:04:02Z
204512,Μαυρομυγοχάφτης,el,"","",,Greek,Kostas Zontanos,2019-03-14T18:04:45Z
117000,Μουστακαλής,el,"","",,Greek,Kostas Zontanos,2019-03-14T18:06:00Z
144823,Ελατοπαπαδίτσα,el,"","",,Greek,Kostas Zontanos,2019-03-14T18:07:52Z
144830,Λοφιοπαπαδίτσα,el,"","",,Greek,Kostas Zontanos,2019-03-14T18:08:25Z
144809,Καστανοπαπαδίτσα,el,"","",,Greek,Kostas Zontanos,2019-03-14T18:09:00Z
144812,Βουνοπαπαδίτσα,el,"","",,Greek,Kostas Zontanos,2019-03-14T18:09:34Z
14814,Πευκοτσοπανάκος,el,"","",,Greek,Kostas Zontanos,2019-03-14T18:15:44Z
14824,Δεντροτσοπανάκος,el,"","",,Greek,Kostas Zontanos,2019-03-14T18:16:16Z
14811,Βραχοτσοπανάκος,el,"","",,Greek,Kostas Zontanos,2019-03-14T18:16:54Z
14840,Τοιχοδρόμος,el,"","",,Greek,Kostas Zontanos,2019-03-14T18:17:35Z
7462,Καμποδεντροβάτης,el,"","",,Greek,Kostas Zontanos,2019-03-14T18:18:33Z
7450,Βουνοδεντροβάτης,el,"","",,Greek,Kostas Zontanos,2019-03-14T18:19:02Z
204556,Ευρωπαϊκός Συκοφάγος,el,"","",,Greek,Kostas Zontanos,2019-03-14T18:19:48Z
12042,Ξανθοκεφαλάς,el,"","",,Greek,Kostas Zontanos,2019-03-14T18:20:38Z
204552,Καρυοθραύστης,el,"","",,Greek,Kostas Zontanos,2019-03-14T18:31:11Z
14849,Μαυροψάρονο,el,"","",,Greek,Kostas Zontanos,2019-03-14T18:32:41Z
145108,Αγιοπούλι,el,"","",,Greek,Kostas Zontanos,2019-03-14T18:33:17Z
13868,Μεσανατολικός Σπουργίτης,el,"","",,Greek,Kostas Zontanos,2019-03-14T18:34:22Z
145330,Λοφοσπουργίτης,el,"","",,Greek,Kostas Zontanos,2019-03-14T18:35:12Z
14076,Πετροσπουργίτης,el,"","",,Greek,Kostas Zontanos,2019-03-14T18:35:51Z
204544,Κοινός Χιονόστρουθος,el,"","",,Greek,Kostas Zontanos,2019-03-14T18:36:42Z
9238,Μαύρο Σκαρθάκι,el,"","",,Greek,Kostas Zontanos,2019-03-14T18:38:05Z
145303,Κοινό Λούγαρο,el,"","",,Greek,Kostas Zontanos,2019-03-14T18:39:39Z
10411,Κοινός Σταυρομύτης,el,"","",,Greek,Kostas Zontanos,2019-03-14T18:40:40Z
72572,Ερημοπύρρουλας,el,"","",,Greek,Kostas Zontanos,2019-03-14T18:41:38Z
9639,Κοινή Ροδόσπιζα,el,"","",,Greek,Kostas Zontanos,2019-03-14T18:42:35Z
9462,Κοινός Πύρρουλας,el,"","",,Greek,Kostas Zontanos,2019-03-14T18:43:11Z
9801,Ευρωπαϊκός Κοκκοθραύστης,el,"","",,Greek,Kostas Zontanos,2019-03-14T18:43:52Z
42134,Αγριόχοιρος,el,"","",,Greek,Kostas Zontanos,2019-03-15T08:03:39Z
56222,Βήχιο,el,"","",,Greek,Georgios Mesimeris,2019-04-03T19:08:43Z
81542,Αραβική καμήλα,el,"","",,Greek,Bobby McCabe,2019-04-11T14:37:24Z
81542,Καμήλα η δρομάδα,el,"","",,Greek,Bobby McCabe,2019-04-11T14:37:41Z
81542,Δρομάδα,el,"","",,Greek,Bobby McCabe,2019-04-11T14:38:05Z
43236,Πλατύποδας,el,"","",,Greek,Bobby McCabe,2019-04-18T15:29:43Z
504623,Δισκίνη η αγκύλειος,el,"","",,Greek,Georgios Mesimeris,2019-04-24T18:55:53Z
74113,Βόδι,el,"","",,Greek,Bobby McCabe,2019-05-07T14:32:22Z
43367,Πρωτεύοντ,el,"","",,Greek,John E. Christensen,2019-05-11T11:12:25Z
699887,Χταπόδι αράχνη,el,"","",,Greek,Bobby McCabe,2019-05-14T05:19:53Z
47563,Πικροδάφνη,el,"","",,Greek,John E. Christensen,2019-05-20T11:29:48Z
47584,Δίθυρα,el,"","",,Greek,John E. Christensen,2019-05-21T07:19:40Z
83816,Οφρύς η μελισσοφόρος,el,"","",,Greek,Georgios Mesimeris,2019-05-25T17:53:57Z
40019,Χελώνα,el,"","",,Greek,John E. Christensen,2019-05-28T13:31:11Z
324556,Μοσκιός,el,"","",,Greek,Bobby McCabe,2019-06-18T15:14:26Z
57563,Αγκινάρα,el,"","",,Greek,John E. Christensen,2019-07-06T09:44:49Z
49504,Γαλαζοκάβουρας,el,Greece,GR,,Greek,Bobby McCabe,2019-07-06T15:00:24Z
8010,Κοράκι,el,"","",,Greek,John E. Christensen,2019-08-02T13:53:36Z
42160,περσικο πλατωνι,el,"","",,Greek,Bobby McCabe,2019-08-05T14:59:08Z
47126,kolokasi,el,"","",,Greek,Peter Matthews,2019-08-07T03:31:16Z
43584,ανθρώπου,el,"","",,Greek,Andrés Ramírez-Barrera,2019-09-15T22:29:53Z
505478,Οικόσιτη Κότα,el,"","",,Greek,John E. Christensen,2019-10-06T06:51:03Z
233598,Αρκτική αλεπού,el,"","",,Greek,John E. Christensen,2019-10-06T20:12:43Z
72281,Πελαργόνιο,el,"","",,Greek,John E. Christensen,2019-10-26T07:12:04Z
906,Άγρια γαλοπούλα,el,"","",,Greek,Valia Pavlou,2019-10-28T12:42:13Z
524794,Οικόσιτη γαλοπούλα,el,"","",,Greek,Valia Pavlou,2019-10-28T12:42:53Z
573,Ορνιθόμορφα,el,"","",,Greek,Valia Pavlou,2019-10-28T12:43:51Z
5212,Αμερικανική Γερακίνα,el,"","",,Greek,Valia Pavlou,2019-10-28T12:47:21Z
145255,Σετόφαγα του Τάουνσεντ,el,"","",,Greek,Valia Pavlou,2019-10-28T12:53:55Z
12878,Τσίχλα του Σουαίνσον,el,"","",,Greek,Valia Pavlou,2019-10-28T12:56:02Z
12890,Ερμητική τσίχλα,el,"","",,Greek,Valia Pavlou,2019-10-28T12:58:36Z
732007,Κοτσύφι της Νοτιοανατολικής Ευρώπης,el,"","",,Greek,Valia Pavlou,2019-10-28T13:00:22Z
720457,Βαλκανική καρδερίνα,el,"","",,Greek,Valia Pavlou,2019-10-28T13:01:03Z
722558,Νότιο Σπιτοχελίδονο,el,"","",,Greek,Valia Pavlou,2019-10-28T13:03:23Z
417604,Βόρειο Σπιτοχελίδονο,el,"","",,Greek,Valia Pavlou,2019-10-28T13:03:55Z
719794,Ιθαγενής Μικρή Κουκουβάγια,el,"","",,Greek,Valia Pavlou,2019-10-28T13:08:45Z
353304,Ευρωπαϊκό Σταβλοχελίδονο,el,"","",,Greek,Valia Pavlou,2019-10-28T13:09:47Z
333285,Δυτικός Σταχτοτσικνιάς,el,"","",,Greek,Valia Pavlou,2019-10-28T13:10:58Z
47927,Λιβελούλη,el,"","",,Greek,John E. Christensen,2019-11-11T21:21:51Z
711043,Ελληνική κίσσα,el,"","",,Greek,Valia Pavlou,2019-11-30T09:40:58Z
7107,Δενδρόπαπια,el,"","",,Greek,Valia Pavlou,2019-12-01T00:20:03Z
6914,Μαύρος κύκνος,el,"","",,Greek,Valia Pavlou,2019-12-01T00:27:47Z
6915,Κύκνος τρομπέτα,el,"","",,Greek,Valia Pavlou,2019-12-01T00:30:13Z
72789,Μελανόλαιμος κύκνος,el,"","",,Greek,Valia Pavlou,2019-12-01T00:32:02Z
485176,Αμερικανικό σφυριχτάρι,el,"","",,Greek,Valia Pavlou,2019-12-01T00:35:53Z
6924,Σκουρόπαπια,el,"","",,Greek,Valia Pavlou,2019-12-01T00:39:15Z
727686,Κρητικός Καλόγερος,el,"","",,Greek,Valia Pavlou,2019-12-10T18:56:58Z
482928,Τυτώ της Μέσης Ανατολής,el,"","",,Greek,Valia Pavlou,2020-01-05T21:04:43Z
13094,Ερίθακος ο ερυθρόλαιμος,el,"","",,Greek,Georgios Mesimeris,2020-01-07T19:07:52Z
115,Ωτίδα του Κόρι,el,"","",,Greek,Valia Pavlou,2020-01-10T12:43:13Z
8021,Αμερικάνικη Μαυροκουρούνα,el,"","",,Greek,Valia Pavlou,2020-01-10T15:28:17Z
979813,Λαγγόνα,el,Greece,GR,https://www.inaturalist.org/taxon_names/1526860/edit,Greek,Nelly Semenova,2020-01-15T02:21:42Z
4680,Καφέ Γεράκι,el,"","",,Greek,Valia Pavlou,2020-01-17T16:12:41Z
5239,Φιδαετοί,el,"","",,Greek,Valia Pavlou,2020-01-17T16:21:57Z
5241,Καστανοκιρκαετός,el,"","",,Greek,Valia Pavlou,2020-01-17T16:31:52Z
891696,Καρακάξα,el,"","",,Greek,Valia Pavlou,2020-01-18T17:55:09Z
236935,Οικόσιτη Πρασινοκέφαλη Πάπια,el,"","",,Greek,Valia Pavlou,2020-01-19T00:12:06Z
204094,Οικόσιτη Πάπια Βαβαρίας,el,"","",,Greek,Valia Pavlou,2020-01-19T00:13:28Z
7120,Πάπια Βαβαρίας,el,"","",,Greek,Valia Pavlou,2020-01-19T00:14:08Z
144458,Ασιατικός σφηκιάρης,el,"","",,Greek,Valia Pavlou,2020-01-19T00:16:54Z
5168,Αυστραλιανός Βαλτόκιρκος,el,"","",,Greek,Valia Pavlou,2020-01-19T00:19:55Z
4663,Αυστραλιανό Δενδρογέρακο,el,"","",,Greek,Valia Pavlou,2020-01-19T00:21:24Z
367552,Κιρκινέζι των Σεϋχελλών,el,"","",,Greek,Valia Pavlou,2020-01-19T00:22:28Z
8040,Αυστραλιανό Κοράκι,el,"","",,Greek,Valia Pavlou,2020-01-19T00:28:10Z
8042,Μικρό Κοράκι,el,"","",,Greek,Valia Pavlou,2020-01-19T00:30:28Z
8038,Ραβδοκουρούνα,el,"","",,Greek,Valia Pavlou,2020-01-19T00:35:15Z
8510,Κοινή Πράσινη Καρακάξα,el,"","",,Greek,Valia Pavlou,2020-01-19T00:38:50Z
2413,Γελαστή Κουκαμπούρα,el,"","",,Greek,Valia Pavlou,2020-01-19T13:04:52Z
19721,Καστανόξανθος Πόδαργος,el,"","",,Greek,Valia Pavlou,2020-01-19T13:08:35Z
19709,Πόδαργος,el,"","",,Greek,Valia Pavlou,2020-01-19T13:10:00Z
131236,ιούς,el,"","",,Greek,James K. Douch,2020-01-25T14:42:19Z
48460,Ζωή,el,"","",,Greek,cassi saari,2020-01-30T18:20:50Z
151483,Σουπίτσα,el,"","",,Greek,Bobby McCabe,2020-02-09T02:22:07Z
752768,Μακρυπλόκαμο καλαμάρι,el,"","",,Greek,Bobby McCabe,2020-02-09T15:49:48Z
67334,Κυανοβακτήρια,el,"","",,Greek,Chris Taklis,2020-02-11T11:03:00Z
1036675,Πίθηκος,el,"","",,Greek,Bobby McCabe,2020-02-14T06:39:08Z
167773,Γαλατσίδα,el,"Crete, GR","",,Greek,arkim,2020-02-23T08:38:38Z
79009,Ασκόλυμπρος,el,"Crete, GR","",,Greek,arkim,2020-02-23T08:44:39Z
67715,Κάππαρη,el,"","",,Greek,arkim,2020-02-23T08:46:12Z
58991,Γλιστρίδα,el,"Crete, GR","",,Greek,arkim,2020-02-23T08:49:20Z
82602,Κρίταμο,el,"","",,Greek,arkim,2020-02-23T08:52:02Z
53178,Πεντάνευρο,el,"Crete, GR","",,Greek,arkim,2020-02-23T09:00:34Z
513723,Αγριαγκινάρα,el,"Crete, GR","",,Greek,arkim,2020-02-23T09:02:25Z
56162,Μολόχα,el,"","",,Greek,arkim,2020-02-23T09:04:52Z
338067,Σπαράγγι,el,"","",,Greek,arkim,2020-02-23T09:05:51Z
122912,Αγριόπρασο,el,"Crete, GR","",,Greek,arkim,2020-02-23T09:06:50Z
82691,Αβρωνιά,el,"Crete, GR","",,Greek,arkim,2020-02-23T09:09:09Z
75429,Αγόγλωσσος,el,"Crete, GR","",,Greek,arkim,2020-02-23T09:12:59Z
52287,Μποράντζα,el,"Crete, GR","",,Greek,arkim,2020-02-23T09:14:27Z
76610,Σταφυλίνακας,el,"Crete, GR","",,Greek,arkim,2020-02-23T09:15:42Z
155794,Καυκαλήθρα,el,"Crete, GR","",,Greek,arkim,2020-02-23T09:18:11Z
53052,Μάραθο,el,"","",,Greek,arkim,2020-02-23T09:20:37Z
79141,Στύφνος,el,"","",,Greek,arkim,2020-02-23T09:22:48Z
437996,Βυζάκι,el,"Crete, GR","",,Greek,arkim,2020-02-23T10:08:59Z
53104,Παχιές,el,"Crete, GR","",,Greek,arkim,2020-02-23T10:10:24Z
61906,Χοιρομουρίδα,el,"Crete, GR","",,Greek,arkim,2020-02-23T10:12:46Z
56868,Κοκκινογούλα,el,"Crete, GR","",,Greek,arkim,2020-02-23T10:15:59Z
56843,Αρχάτζικας,el,"Crete, GR","",,Greek,arkim,2020-02-23T10:25:51Z
85063,Κουρνοπόδι,el,"Crete, GR","",,Greek,arkim,2020-02-23T10:28:19Z
58127,Κλουβίδα,el,"","",,Greek,arkim,2020-02-23T10:42:36Z
59904,Μαργαρίτα,el,"","",,Greek,arkim,2020-02-23T10:50:11Z
138906,Κοπανίδα,el,"Crete, GR","",,Greek,arkim,2020-02-23T11:11:09Z
59361,Κορκολεκανίδα,el,"Crete, GR","",,Greek,arkim,2020-02-23T11:17:30Z
79123,Λαψανίδα,el,"Crete, GR","",,Greek,arkim,2020-02-23T11:25:26Z
337957,Λαγουδοφάι,el,"Crete, GR","",,Greek,arkim,2020-02-23T11:31:27Z
54404,Κουτσουνάδα,el,"Crete, GR","",,Greek,arkim,2020-02-23T11:33:35Z
47602,Αγριοράδικο,el,"Crete, GR","",,Greek,arkim,2020-02-23T11:44:23Z
505249,Σταμναγκάθι,el,"","",,Greek,arkim,2020-02-23T11:52:27Z
53097,Βρούβα,el,"Crete, GR","",,Greek,arkim,2020-02-23T12:04:31Z
203760,Αρμυρήθρα,el,"","",,Greek,arkim,2020-02-23T12:11:43Z
54141,Σκούλος,el,"Crete, GR","",,Greek,arkim,2020-02-23T12:18:48Z
52913,Ραδίκι,el,"Crete, GR","",,Greek,arkim,2020-02-23T12:28:47Z
505249,Γιαλοράδικο,el,"Crete, GR","",,Greek,arkim,2020-02-23T12:31:49Z
59904,Μαντρηλίδα,el,"Crete, GR","",,Greek,arkim,2020-02-23T12:33:34Z
521603,Πετροκαρά,el,"Crete, GR","",,Greek,arkim,2020-02-23T12:39:51Z
53107,Αγριομάρουλο,el,"Crete, GR","",,Greek,arkim,2020-02-24T14:12:52Z
47561,Πεύκο,el,"","",,Greek,John E. Christensen,2020-02-29T11:37:05Z
201627,Brouchos,el,"","",,Greek,Dewald du Plessis,2020-03-14T14:03:43Z
325445,Attacos,el,"","",,Greek,Dewald du Plessis,2020-03-15T06:56:42Z
71251,Ophiomachos,el,"","",,Greek,Dewald du Plessis,2020-03-16T07:11:52Z
737558,Σέδο το περίβλαστο,el,"","",,Greek,Georgios Mesimeris,2020-03-18T09:20:35Z
49311,Χελιδόνι,el,Greece,GR,http://www.catalogueoflife.org/annual-checklist/details/species/id/10078506/common/45000,Greek,iSea,2020-04-05T10:09:02Z
42280,Catoblepas,el,Ethiopia,ET,,Greek,Dewald du Plessis,2020-04-24T12:44:55Z
132667,Bubalis,el,North Africa,"",,Greek,Dewald du Plessis,2020-04-24T13:34:35Z
47114,Γαστερόποδα,el,"","",,Greek,John E. Christensen,2020-04-24T14:43:36Z
526556,Ενυδρίδα,el,"","",,Greek,John E. Christensen,2020-06-07T11:36:34Z
9184,Λευκόλαιμο σπουργιτοτσίχλονο,el,"","",,Greek,Valia Pavlou,2020-06-07T14:31:53Z
64119,Φραγκοσυκιά,el,"","",,Greek,Eleftherios Katsillis,2020-06-22T22:52:03Z
64119,Οπουντία η ινδική συκή,el,"","",,Greek,Eleftherios Katsillis,2020-06-22T22:53:25Z
122987,Ρους ο βυρσοδεψικός,el,"","",,Greek,Eleftherios Katsillis,2020-06-22T22:56:48Z
122987,Πλατύφυλλο Ρούδι,el,"","",,Greek,Eleftherios Katsillis,2020-06-22T22:57:31Z
122987,Ρούδι βυρσοδέψη,el,"","",,Greek,Eleftherios Katsillis,2020-06-22T22:57:54Z
54765,Ρους,el,"","",,Greek,Eleftherios Katsillis,2020-06-22T22:58:28Z
707807,Ανακαρδιοειδή,el,"","",,Greek,Eleftherios Katsillis,2020-06-22T22:58:45Z
47729,Σαπινδώδη,el,"","",,Greek,Eleftherios Katsillis,2020-06-22T22:59:06Z
47124,Μαγνολιόψιδα,el,"","",,Greek,Eleftherios Katsillis,2020-06-22T23:01:53Z
47125,Αγγειόσπερμα,el,"","",,Greek,Eleftherios Katsillis,2020-06-22T23:02:15Z
211194,Ανώτερα φυτά,el,"","",,Greek,Eleftherios Katsillis,2020-06-22T23:02:56Z
211194,Τραχειόφυτα,el,"","",,Greek,Eleftherios Katsillis,2020-06-22T23:03:10Z
211194,Αγγειακά φυτά,el,"","",,Greek,Eleftherios Katsillis,2020-06-22T23:03:26Z
181610,Μυρτόφυλλο πολύγαλα,el,"","",,Greek,Eleftherios Katsillis,2020-06-22T23:06:08Z
61208,Πολύγαλα,el,"","",,Greek,Eleftherios Katsillis,2020-06-22T23:06:37Z
47123,Κυαμώδη,el,"","",,Greek,Eleftherios Katsillis,2020-06-22T23:07:02Z
47122,Κυαμοειδή,el,Greece,GR,,Greek,Eleftherios Katsillis,2020-06-22T23:07:57Z
61858,Λουσίλια,el,"","",,Greek,Eleftherios Katsillis,2020-06-23T09:40:49Z
128824,Κοινή χρυσοπράσινη κρεατόμυγα,el,"","",,Greek,Eleftherios Katsillis,2020-06-23T09:42:48Z
202179,Λουσιλιίνες,el,"","",,Greek,Eleftherios Katsillis,2020-06-23T09:43:20Z
61860,Καλλιφορίδες,el,"","",,Greek,Eleftherios Katsillis,2020-06-23T09:43:36Z
356157,Οιστροειδή,el,"","",,Greek,Eleftherios Katsillis,2020-06-23T09:43:52Z
48089,Σχιζοφόρα,el,"","",,Greek,Eleftherios Katsillis,2020-06-23T09:44:20Z
48091,Βραχύκερα,el,"","",,Greek,Eleftherios Katsillis,2020-06-23T09:44:46Z
49995,Συρφίδες,el,"","",,Greek,Eleftherios Katsillis,2020-06-23T09:45:33Z
47118,Αράχνες,el,"","",,Greek,Eleftherios Katsillis,2020-06-23T09:53:30Z
47866,Θωμισίδες,el,"","",,Greek,Eleftherios Katsillis,2020-06-23T09:54:01Z
81870,Τερέβινθος,el,"","",,Greek,Eleftherios Katsillis,2020-06-23T10:06:43Z
47220,Άπις,el,"","",,Greek,Eleftherios Katsillis,2020-06-23T10:15:52Z
47219,Μέλισσα,el,"","",,Greek,Eleftherios Katsillis,2020-06-23T10:16:28Z
47221,Απίδες,el,"","",,Greek,Eleftherios Katsillis,2020-06-23T10:17:14Z
630955,Ανθόφιλα,el,"","",,Greek,Eleftherios Katsillis,2020-06-23T10:17:30Z
47222,Μελισσοειδή,el,"","",,Greek,Eleftherios Katsillis,2020-06-23T10:17:45Z
326777,Κεντριοφόρα,el,"","",,Greek,Eleftherios Katsillis,2020-06-23T10:18:29Z
67742,Δροσοφιλίδες,el,"","",,Greek,Eleftherios Katsillis,2020-06-23T10:20:30Z
372853,Κυκλόρραφα,el,"","",,Greek,Eleftherios Katsillis,2020-06-23T10:21:59Z
372865,Ορθόρραφα,el,"","",,Greek,Eleftherios Katsillis,2020-06-23T10:22:22Z
47178,Ακτινοπτερύγια,el,"","",,Greek,Eleftherios Katsillis,2020-06-23T10:23:19Z
47686,Πρωτόζωα,el,"","",,Greek,Eleftherios Katsillis,2020-06-23T10:23:40Z
48222,Χρωμιστά,el,"","",,Greek,Eleftherios Katsillis,2020-06-23T10:24:29Z
47685,Μυκητόζωα,el,"","",,Greek,Eleftherios Katsillis,2020-06-23T10:25:46Z
61861,Κοινή πράσινη κρεατόμυγα,el,"","",,Greek,Eleftherios Katsillis,2020-06-23T13:18:55Z
47336,Μυρμηγκίδες,el,"","",,Greek,Eleftherios Katsillis,2020-06-23T13:25:40Z
44575,Μαύρος αρουραίος,el,"","",,Greek,Eleftherios Katsillis,2020-06-23T13:29:55Z
44575,Μαυροποντικός,el,"","",,Greek,Eleftherios Katsillis,2020-06-23T13:33:54Z
44540,Επίμυς,el,"","",,Greek,Eleftherios Katsillis,2020-06-23T13:34:12Z
44185,Μυίδες,el,"","",,Greek,Eleftherios Katsillis,2020-06-23T13:35:30Z
488924,Μυοειδή,el,"","",,Greek,Eleftherios Katsillis,2020-06-23T13:35:46Z
870778,Μυόμορφα,el,"","",,Greek,Eleftherios Katsillis,2020-06-23T13:36:18Z
43698,Τρωκτικά,el,"","",,Greek,Eleftherios Katsillis,2020-06-23T13:36:40Z
848323,Ευαρχοντομυωξοί,el,"","",,Greek,Eleftherios Katsillis,2020-06-23T13:37:00Z
848320,Πλακουντοφόρα,el,"","",,Greek,Eleftherios Katsillis,2020-06-23T13:37:24Z
44540,Αρουραίοι,el,"","",,Greek,Eleftherios Katsillis,2020-06-23T13:39:07Z
44576,Κοινός καστανός αρουραίος,el,"","",,Greek,Eleftherios Katsillis,2020-06-23T13:39:54Z
44576,Αρουραίος ο Νορβηγικός,el,"","",,Greek,Eleftherios Katsillis,2020-06-23T13:40:23Z
121993,Λύκαινα µε ουρά,el,"","",,Greek,Eleftherios Katsillis,2020-06-23T13:50:23Z
47923,Λυκαινίδες,el,"","",,Greek,Eleftherios Katsillis,2020-06-23T13:52:08Z
47224,Παπιλιονοειδή,el,"","",,Greek,Eleftherios Katsillis,2020-06-23T13:53:10Z
47922,Νυμφαλίδες,el,"","",,Greek,Eleftherios Katsillis,2020-06-23T13:53:40Z
69677,Ρυγχοκαρχαρίας,el,"","",,Greek,Eleftherios Katsillis,2020-06-23T13:54:29Z
69677,Ίσουρος ο οξύρρυγχος,el,"","",,Greek,Eleftherios Katsillis,2020-06-23T13:54:39Z
56050,Μούστελος ο μούστελος,el,Greece,GR,,Greek,Eleftherios Katsillis,2020-06-23T13:55:54Z
49966,Μούστελος,el,"","",,Greek,Eleftherios Katsillis,2020-06-23T13:56:20Z
49965,Τριακίδες,el,"","",,Greek,Eleftherios Katsillis,2020-06-23T13:56:42Z
48069,Καρχαρινόμορφα,el,"","",,Greek,Eleftherios Katsillis,2020-06-23T13:56:56Z
47273,Ελασμοβράγχιοι,el,"","",,Greek,Eleftherios Katsillis,2020-06-23T13:59:07Z
113045,Ακανθορίνα,el,"","",,Greek,Eleftherios Katsillis,2020-06-23T13:59:51Z
48299,Λέπισμα,el,"","",,Greek,Eleftherios Katsillis,2020-06-23T14:08:54Z
60393,Τίπουλα,el,"","",,Greek,Eleftherios Katsillis,2020-06-23T14:10:13Z
51225,Τιπουλίδες,el,"","",,Greek,Eleftherios Katsillis,2020-06-23T14:10:34Z
51226,Τιπουλοειδή,el,"","",,Greek,Eleftherios Katsillis,2020-06-23T14:10:54Z
179916,Τιπουλόμορφα,el,"","",,Greek,Eleftherios Katsillis,2020-06-23T14:11:27Z
154259,Νηματόκερα,el,"","",,Greek,Eleftherios Katsillis,2020-06-23T14:11:44Z
47406,Κοινό Σπάρτο,el,"","",,Greek,Eleftherios Katsillis,2020-06-23T14:14:50Z
47406,Σπάρτιον το βουρλοειδές,el,"","",,Greek,Eleftherios Katsillis,2020-06-23T14:15:04Z
319120,Κυνόγλωσσο το κρητικό,el,"","",,Greek,Eleftherios Katsillis,2020-06-23T14:16:53Z
48153,Κυνόγλωσσο,el,"","",,Greek,Eleftherios Katsillis,2020-06-23T14:17:14Z
209686,Πεντατομίνοι,el,"","",,Greek,Eleftherios Katsillis,2020-06-23T14:21:25Z
141725,Πράσινη Βρομούσα,el,"","",,Greek,Eleftherios Katsillis,2020-06-23T14:22:54Z
47742,Βρομούσες,el,"","",,Greek,Eleftherios Katsillis,2020-06-23T14:24:06Z
47742,Πεντατομίδες,el,"","",,Greek,Eleftherios Katsillis,2020-06-23T14:26:16Z
47743,Πεντατομοειδή,el,"","",,Greek,Eleftherios Katsillis,2020-06-23T14:26:50Z
141726,Νεζάρα,el,"","",,Greek,Eleftherios Katsillis,2020-06-23T14:27:58Z
51558,Βομβυλιίδες,el,"","",,Greek,Eleftherios Katsillis,2020-06-23T14:28:57Z
330928,Μακρόλοφος,el,"","",,Greek,Eleftherios Katsillis,2020-06-23T23:21:32Z
51996,Σφίγγα της πικροδάφνης,el,"","",,Greek,Eleftherios Katsillis,2020-06-24T09:55:04Z
480298,Κρητικός κοχλιός,el,"","",,Greek,Eleftherios Katsillis,2020-06-24T10:08:46Z
118936,Πεταλούδα της Ρόδου,el,"","",,Greek,Eleftherios Katsillis,2020-06-24T10:23:54Z
59281,Αράχνη Καβούρι,el,"","",,Greek,Eleftherios Katsillis,2020-06-24T20:08:51Z
75604,Αράχνη,el,"","",,Greek,Eleftherios Katsillis,2020-06-24T21:40:04Z
147298,Μέγαιρα,el,"","",,Greek,Eleftherios Katsillis,2020-06-24T21:41:23Z
132458,Μαυρομάτα Σουζάνα,el,"","",,Greek,Eleftherios Katsillis,2020-06-24T21:42:05Z
53326,Βίγκα Κρεμαστή,el,"","",,Greek,Eleftherios Katsillis,2020-06-24T21:46:23Z
55844,Βίγκα έρπουσα,el,"","",,Greek,Eleftherios Katsillis,2020-06-24T21:46:57Z
53327,Βίγκα,el,"","",,Greek,Eleftherios Katsillis,2020-06-24T21:47:58Z
49575,Ψευδόκοκκος,el,"","",,Greek,Eleftherios Katsillis,2020-06-24T21:48:59Z
85259,Σκιαρίδες,el,"","",,Greek,Eleftherios Katsillis,2020-06-24T21:49:58Z
53778,Λεβαντίνη,el,"","",,Greek,Eleftherios Katsillis,2020-06-24T21:53:40Z
465181,Κεφαλάγκαθος,el,"","",,Greek,Eleftherios Katsillis,2020-06-24T21:57:48Z
82461,Δρακοντιά,el,"","",,Greek,Eleftherios Katsillis,2020-06-24T21:58:31Z
48284,Ονίσκος,el,"","",,Greek,Eleftherios Katsillis,2020-06-24T22:03:17Z
52628,Αράχνη η Διαδηματοφόρος,el,"","",,Greek,Eleftherios Katsillis,2020-06-24T22:04:49Z
157164,Δουράντα,el,"","",,Greek,Eleftherios Katsillis,2020-06-24T22:05:58Z
67688,Καιλίφερα,el,"","",,Greek,Eleftherios Katsillis,2020-06-24T22:09:23Z
700600,Ακρίδες,el,"","",,Greek,Eleftherios Katsillis,2020-06-24T22:12:47Z
132694,Ξιφοφόρα,el,"","",,Greek,Eleftherios Katsillis,2020-06-24T22:13:55Z
52884,Γρυλλίδες,el,"","",,Greek,Eleftherios Katsillis,2020-06-24T22:15:54Z
209594,Μεσογειακό Κόκκινο Σκαθάρι,el,"","",,Greek,Eleftherios Katsillis,2020-06-25T12:47:34Z
67835,Αφρικανική μονάρχης,el,"","",,Greek,Eleftherios Katsillis,2020-06-26T10:00:08Z
57516,Βομβίνος,el,"","",,Greek,Eleftherios Katsillis,2020-06-26T10:00:36Z
62834,Παρκινσόνια,el,"","",,Greek,Eleftherios Katsillis,2020-06-26T10:01:05Z
482866,Λαγουδάκι,el,"","",,Greek,Eleftherios Katsillis,2020-06-26T10:02:02Z
482866,Κυκλάμινο το Γραικό,el,"","",,Greek,Eleftherios Katsillis,2020-06-26T10:02:15Z
154442,Χάρτινη σφήκα,el,"","",,Greek,Eleftherios Katsillis,2020-06-26T10:03:52Z
52756,Πολιστής,el,"","",,Greek,Eleftherios Katsillis,2020-06-26T10:04:38Z
789375,Πολιστής,el,"","",,Greek,Eleftherios Katsillis,2020-06-26T10:05:02Z
50616,Δειλινό,el,"","",,Greek,Eleftherios Katsillis,2020-06-26T10:06:46Z
76225,Νυχτολούλουδο,el,"","",,Greek,Eleftherios Katsillis,2020-06-26T10:07:31Z
50822,Αγαύη,el,"","",,Greek,Eleftherios Katsillis,2020-06-26T10:09:23Z
64103,Αθάνατος,el,"","",,Greek,Eleftherios Katsillis,2020-06-26T10:10:24Z
4343,Γλάροι,el,"","",,Greek,Eleftherios Katsillis,2020-06-26T10:11:30Z
447155,Λαρίνες,el,"","",,Greek,Eleftherios Katsillis,2020-06-26T10:11:53Z
4342,Γλάρος,el,"","",,Greek,Eleftherios Katsillis,2020-06-26T10:12:30Z
67561,Χαραδριόμορφα,el,"","",,Greek,Eleftherios Katsillis,2020-06-26T10:12:55Z
57057,Τριφύλλι Αλφάλφα,el,"","",,Greek,Eleftherios Katsillis,2020-06-26T10:13:47Z
153440,Κουτσουπιά,el,"","",,Greek,Eleftherios Katsillis,2020-06-26T10:14:26Z
55401,Πιερίδα του λάχανου,el,"","",,Greek,Eleftherios Katsillis,2020-06-26T10:15:46Z
79408,Τριφύλλι το αρουραίο,el,"","",,Greek,Eleftherios Katsillis,2020-06-26T10:16:41Z
905463,Κεφαλοθύμαρο,el,"","",,Greek,Eleftherios Katsillis,2020-06-26T10:17:14Z
55884,Αγριοτριανταφυλλιά,el,"","",,Greek,Eleftherios Katsillis,2020-06-26T10:18:04Z
55884,Σκυλοτριανταφυλλιά,el,"","",,Greek,Eleftherios Katsillis,2020-06-26T10:18:33Z
52775,Βόμβος,el,"","",,Greek,Eleftherios Katsillis,2020-06-26T10:19:43Z
52775,Μπάμπουρας,el,"","",,Greek,Eleftherios Katsillis,2020-06-26T10:20:46Z
538883,Βομβίνοι,el,"","",,Greek,Eleftherios Katsillis,2020-06-26T10:22:58Z
199939,Απίνες,el,"","",,Greek,Eleftherios Katsillis,2020-06-26T10:25:59Z
333677,Νάρθηκας,el,"","",,Greek,Eleftherios Katsillis,2020-06-26T10:27:17Z
333677,Φέρουλα η κοινή,el,"","",,Greek,Eleftherios Katsillis,2020-06-26T10:27:25Z
333677,Γιγαντιαίος Μάραθος,el,"","",,Greek,Eleftherios Katsillis,2020-06-26T10:27:39Z
333677,Αναθρήκα,el,Cyprus,"",,Greek,Eleftherios Katsillis,2020-06-26T10:28:16Z
85469,Θυμάρι,el,"","",,Greek,Eleftherios Katsillis,2020-06-26T10:29:19Z
81754,Θύμος,el,"","",,Greek,Eleftherios Katsillis,2020-06-26T10:29:40Z
322051,Αγριοθύμαρο,el,"","",,Greek,Eleftherios Katsillis,2020-06-26T10:30:14Z
61397,Ορίγανο,el,"","",,Greek,Eleftherios Katsillis,2020-06-26T10:30:52Z
165925,Ματζουράνα,el,"","",,Greek,Eleftherios Katsillis,2020-06-26T10:31:05Z
61396,Ρίγανη,el,"","",,Greek,Eleftherios Katsillis,2020-06-26T10:31:26Z
61397,Αμάρακος,el,"","",,Greek,Eleftherios Katsillis,2020-06-26T10:32:05Z
61396,Ορίγανον το κοινόν,el,"","",,Greek,Eleftherios Katsillis,2020-06-26T10:32:43Z
80083,Ελληνική ρίγανη,el,"","",,Greek,Eleftherios Katsillis,2020-06-26T10:33:37Z
244745,Άγρια παπαρούνα,el,"","",,Greek,Eleftherios Katsillis,2020-06-26T10:36:10Z
49358,Μυρμηλεοντίδες,el,"","",,Greek,Eleftherios Katsillis,2020-06-26T10:38:18Z
143403,Μυρμηλέων,el,"","",,Greek,Eleftherios Katsillis,2020-06-26T10:40:41Z
143403,Μυλωνάς,el,"Dodecanese, GR","",,Greek,Eleftherios Katsillis,2020-06-26T10:42:00Z
47566,Λεύκα,el,"","",,Greek,Eleftherios Katsillis,2020-06-26T10:44:42Z
47566,Λεύκη,el,"","",,Greek,Eleftherios Katsillis,2020-06-26T10:45:00Z
180788,Ουράνιο τόξο,el,"","",,Greek,Eleftherios Katsillis,2020-06-26T10:46:03Z
180788,Θαλάσσια καρυδιά,el,"","",,Greek,Eleftherios Katsillis,2020-06-26T10:47:16Z
69676,Θύννος,el,"","",,Greek,Eleftherios Katsillis,2020-06-26T10:49:36Z
69675,Κιτρινόπτερος τόνος,el,"","",,Greek,Eleftherios Katsillis,2020-06-26T10:50:18Z
114126,Ερυθρός τόνος,el,"","",,Greek,Eleftherios Katsillis,2020-06-26T10:50:33Z
51401,Μαυρολίτσα,el,"","",,Greek,Eleftherios Katsillis,2020-06-26T10:51:07Z
92135,Σπάρος,el,"","",,Greek,Eleftherios Katsillis,2020-06-26T10:51:52Z
49238,Σπαρίδες,el,"","",,Greek,Eleftherios Katsillis,2020-06-26T10:52:05Z
47233,Περκόμορφα,el,"","",,Greek,Eleftherios Katsillis,2020-06-26T10:52:27Z
81755,Μαλκόλμια,el,"","",,Greek,Eleftherios Katsillis,2020-06-26T10:53:13Z
514187,Μαλκόλμια η εύκαμπτη,el,"","",,Greek,Eleftherios Katsillis,2020-06-26T10:53:34Z
165098,Μαλκόλμια η θαλάσσια,el,"","",,Greek,Eleftherios Katsillis,2020-06-26T10:54:29Z
490847,Ελληνική φασκομηλιά,el,"","",,Greek,Eleftherios Katsillis,2020-06-26T10:55:18Z
490847,Αλιφασκιά,el,"","",,Greek,Eleftherios Katsillis,2020-06-26T10:55:32Z
490847,Τρίλοβη Φασκομηλιά,el,"","",,Greek,Eleftherios Katsillis,2020-06-26T10:55:59Z
490847,Φασκομηλιά η θαμνοειδής,el,"","",,Greek,Eleftherios Katsillis,2020-06-26T10:56:21Z
50619,Φριτιλαρία,el,"","",,Greek,Eleftherios Katsillis,2020-06-26T10:57:07Z
436398,Φριτιλλάρια η ελληνική,el,"","",,Greek,Eleftherios Katsillis,2020-06-26T10:57:56Z
1087592,Στελλάρια η μεσαία,el,"","",,Greek,Eleftherios Katsillis,2020-06-26T10:58:59Z
82709,Φουμάνα η θυμαρόφυλλη,el,"","",,Greek,Eleftherios Katsillis,2020-06-26T10:59:42Z
482797,Σκάρφι,el,"","",,Greek,Eleftherios Katsillis,2020-06-26T11:00:37Z
482797,Ελλέβορος ο κυκλόφυλλος,el,"","",,Greek,Eleftherios Katsillis,2020-06-26T11:00:54Z
55842,Ελλέβορος,el,"","",,Greek,Eleftherios Katsillis,2020-06-26T11:01:19Z
49652,Καρδαμίνη,el,"","",,Greek,Eleftherios Katsillis,2020-06-26T11:01:47Z
486364,Βιόλα η αιτωλική,el,"","",,Greek,Eleftherios Katsillis,2020-06-26T11:02:30Z
486364,Βιολέτα η αιτωλική,el,"","",,Greek,Eleftherios Katsillis,2020-06-26T11:02:47Z
494554,Ιβηρίς η σαρκώδης,el,"","",,Greek,Eleftherios Katsillis,2020-06-26T11:03:58Z
64318,Λάδανο,el,"","",,Greek,Eleftherios Katsillis,2020-06-26T11:05:30Z
64318,Κίστος ο Κρητικός,el,"","",,Greek,Eleftherios Katsillis,2020-06-26T11:05:41Z
76365,Άσπρη λαδανιά,el,"","",,Greek,Eleftherios Katsillis,2020-06-26T11:06:01Z
1093017,Λαδανιά,el,"","",,Greek,Eleftherios Katsillis,2020-06-26T11:06:37Z
93696,Κοινός αλωπίας,el,"","",,Greek,Eleftherios Katsillis,2020-06-26T11:08:46Z
56934,Σκίλλα η δίφυλλη,el,"","",,Greek,Eleftherios Katsillis,2020-06-26T11:19:10Z
125348,Κρόκος ο χρύσανθος,el,"","",,Greek,Eleftherios Katsillis,2020-06-26T11:19:53Z
346041,Κρόκος του Βελουχιού,el,"","",,Greek,Eleftherios Katsillis,2020-06-26T11:20:10Z
57424,Κρόκου του Ζίμπερ,el,"","",,Greek,Eleftherios Katsillis,2020-06-26T11:20:50Z
334308,Καρδαμίνη η ελληνική,el,"","",,Greek,Eleftherios Katsillis,2020-06-26T11:22:20Z
76456,Ανθεμίς η βαφική,el,"","",,Greek,Eleftherios Katsillis,2020-06-26T11:22:51Z
181682,Ανατολικός πλάτανος,el,"","",,Greek,Eleftherios Katsillis,2020-06-26T11:23:26Z
56134,Μούσκαρι το βοτρυοειδές,el,"","",,Greek,Eleftherios Katsillis,2020-06-26T11:24:08Z
55814,Κορυδαλίς η πυκνή,el,"","",,Greek,Eleftherios Katsillis,2020-06-26T11:25:06Z
55850,Κωλοπάνα,el,"","",,Greek,Eleftherios Katsillis,2020-06-26T11:25:35Z
55850,Πετασίτης το υβρίδιο,el,"","",,Greek,Eleftherios Katsillis,2020-06-26T11:25:47Z
803749,Ανεμώνη η ταόμορφη,el,"","",,Greek,Eleftherios Katsillis,2020-06-26T11:27:08Z
803749,Ανεμώνη η Λάμπουσα,el,"","",,Greek,Eleftherios Katsillis,2020-06-26T11:27:14Z
211050,Αλκάννα η Γραική,el,"","",,Greek,Eleftherios Katsillis,2020-06-26T11:28:21Z
211051,Αλκάννα η ελληνική υποείδος βοιωτική,el,"","",,Greek,Eleftherios Katsillis,2020-06-26T11:28:48Z
56992,Άλυσσο,el,"","",,Greek,Eleftherios Katsillis,2020-06-26T11:29:39Z
53856,Αρκουδοπούρναρο,el,"","",,Greek,Eleftherios Katsillis,2020-06-26T12:09:05Z
53856,Ίλεξ ο οξύφυλλος,el,"","",,Greek,Eleftherios Katsillis,2020-06-26T12:09:15Z
53856,Λιόπρινο,el,"","",,Greek,Eleftherios Katsillis,2020-06-26T12:09:24Z
58300,Ροδιά,el,"","",,Greek,Eleftherios Katsillis,2020-06-26T12:10:09Z
1065391,Ποϊντσιάνα,el,"","",,Greek,Eleftherios Katsillis,2020-06-26T12:12:11Z
1065391,Παγώνι,el,"","",,Greek,Eleftherios Katsillis,2020-06-26T12:12:40Z
48301,Ζυγέντομα,el,"","",,Greek,Eleftherios Katsillis,2020-06-26T22:09:28Z
48301,Θυσάνουρα,el,"","",,Greek,Eleftherios Katsillis,2020-06-26T22:10:17Z
77365,Αγριοσουσαμιά,el,"","",,Greek,Eleftherios Katsillis,2020-06-26T22:18:21Z
48319,Πλουμέρια,el,"","",,Greek,Eleftherios Katsillis,2020-06-27T17:36:07Z
514946,Ηλιοτρόπιο το μαλλιαρό,el,"","",,Greek,Eleftherios Katsillis,2020-06-29T06:15:24Z
52344,Χωνάκι,el,"","",,Greek,Eleftherios Katsillis,2020-06-29T08:15:35Z
372868,Πεντατομόμορφα,el,"","",,Greek,Eleftherios Katsillis,2020-06-29T08:44:36Z
68318,Πέντας,el,"","",,Greek,Eleftherios Katsillis,2020-06-29T12:48:50Z
68317,Πεντάδα,el,"","",,Greek,Eleftherios Katsillis,2020-06-29T12:49:48Z
82096,Μαγνόλια,el,"","",,Greek,Eleftherios Katsillis,2020-06-29T13:02:59Z
50898,Μαγνολιώδη,el,"","",,Greek,Eleftherios Katsillis,2020-06-29T13:03:34Z
165075,Πλατύφυλλη μανόλια,el,"","",,Greek,Eleftherios Katsillis,2020-06-29T13:04:19Z
83074,Μανόλια η μεγανθής,el,"","",,Greek,Eleftherios Katsillis,2020-06-29T13:05:47Z
127906,Γλυκιά μανόλια,el,"","",,Greek,Eleftherios Katsillis,2020-06-29T13:06:15Z
165074,Μανόλια του Φρέιζερ,el,"","",,Greek,Eleftherios Katsillis,2020-06-29T13:06:37Z
204586,Μανόλια σουλατζιάνα,el,"","",,Greek,Eleftherios Katsillis,2020-06-29T13:07:08Z
117426,Μπλε μανόλια,el,"","",,Greek,Eleftherios Katsillis,2020-06-29T13:07:29Z
126710,Μανόλια αστέρας,el,"","",,Greek,Eleftherios Katsillis,2020-06-29T13:07:49Z
208814,Μπανανόθαμνος,el,"","",,Greek,Eleftherios Katsillis,2020-06-29T13:08:35Z
1065446,Καισαλπινία,el,"","",,Greek,Eleftherios Katsillis,2020-06-29T13:12:59Z
48139,Αράχνες άλτες,el,"","",,Greek,Eleftherios Katsillis,2020-06-29T14:05:56Z
52747,Βεσπίδες,el,"","",,Greek,Eleftherios Katsillis,2020-06-29T14:41:06Z
54328,Σέρσεγκας,el,"","",,Greek,Eleftherios Katsillis,2020-06-29T14:44:12Z
119019,Ασιατική σφήκα,el,"","",,Greek,Eleftherios Katsillis,2020-06-29T14:45:06Z
54327,Ευρωπαϊκή σφήκα,el,"","",,Greek,Eleftherios Katsillis,2020-06-29T14:45:25Z
83801,Ανατολίτικη σφήκα,el,"","",,Greek,Eleftherios Katsillis,2020-06-29T14:46:04Z
62839,Φλογόδεντρο,el,"","",,Greek,Eleftherios Katsillis,2020-06-29T15:25:49Z
62839,Δηλόνιξ η βασιλική,el,"","",,Greek,Eleftherios Katsillis,2020-06-29T15:26:01Z
52910,Σαρκοφαγίδες,el,"","",,Greek,Eleftherios Katsillis,2020-06-29T19:48:33Z
132450,Ζίννια,el,"","",,Greek,Eleftherios Katsillis,2020-06-29T19:55:54Z
48147,Ισόποδα,el,"","",,Greek,Eleftherios Katsillis,2020-06-29T20:10:55Z
774775,Ευμαλακόστρακα,el,"","",,Greek,Eleftherios Katsillis,2020-06-29T20:13:23Z
56739,Ρετσινολαδιά,el,"","",,Greek,Eleftherios Katsillis,2020-06-30T16:58:03Z
51740,Πεταλίδα,el,"","",,Greek,Eleftherios Katsillis,2020-06-30T21:54:37Z
51740,Πατελίδα,el,"","",,Greek,Eleftherios Katsillis,2020-06-30T21:58:48Z
359068,Πεταλίδα Μεσογείου,el,"","",,Greek,Eleftherios Katsillis,2020-06-30T21:59:09Z
130088,Πατέλα,el,"","",,Greek,Eleftherios Katsillis,2020-06-30T21:59:33Z
75995,Αναρριχητική σάλπιγγα,el,"","",,Greek,Eleftherios Katsillis,2020-06-30T22:06:37Z
159346,Βουκαμβίλια η λεία,el,"","",,Greek,Eleftherios Katsillis,2020-06-30T22:09:22Z
53804,Βουκαμβίλια,el,"","",,Greek,Eleftherios Katsillis,2020-06-30T22:09:32Z
62949,Άγρια Βουκαμβίλια,el,"","",,Greek,Eleftherios Katsillis,2020-06-30T22:09:51Z
53804,Μπουκαμβίλια,el,"","",,Greek,Eleftherios Katsillis,2020-06-30T22:11:27Z
51452,Παθανθές,el,"","",,Greek,Eleftherios Katsillis,2020-07-03T07:44:20Z
51452,Ρολογιά,el,"Dodecanese, GR","",,Greek,Eleftherios Katsillis,2020-07-03T07:45:09Z
51451,Παθανθή,el,"","",,Greek,Eleftherios Katsillis,2020-07-03T07:45:49Z
51820,Μαλπιγειώδη,el,"","",,Greek,Eleftherios Katsillis,2020-07-03T07:46:18Z
51453,Λουλούδι του Πάθους,el,"","",,Greek,Eleftherios Katsillis,2020-07-03T07:47:09Z
52724,Ιππουρίδα των αγρών,el,"","",,Greek,Eleftherios Katsillis,2020-07-03T07:48:00Z
54520,Βάλσαμο,el,"","",,Greek,Eleftherios Katsillis,2020-07-03T07:48:46Z
52821,Αγριαψιθιά,el,"","",,Greek,Eleftherios Katsillis,2020-07-03T07:49:31Z
775839,Μυτιλοειδή,el,"","",,Greek,Eleftherios Katsillis,2020-07-03T09:43:33Z
62807,Μύδια,el,"","",,Greek,Eleftherios Katsillis,2020-07-03T10:05:57Z
50600,Μυτιλίδες,el,"","",,Greek,Eleftherios Katsillis,2020-07-03T10:06:27Z
116340,Μύδι ζέβρα,el,"","",,Greek,Eleftherios Katsillis,2020-07-03T10:07:37Z
81648,Μεσογειακό Μύδι,el,"","",,Greek,Eleftherios Katsillis,2020-07-03T10:09:23Z
448229,Χάβαρο,el,"","",,Greek,Eleftherios Katsillis,2020-07-03T12:30:32Z
50597,Κυδώνια,el,"","",,Greek,Eleftherios Katsillis,2020-07-03T12:37:20Z
50597,Καρδιίδες,el,"","",,Greek,Eleftherios Katsillis,2020-07-03T12:37:32Z
59285,Πορφύρα,el,Greece,GR,,Greek,Eleftherios Katsillis,2020-07-03T12:40:30Z
83304,Κηρίθιο,el,"","",,Greek,Eleftherios Katsillis,2020-07-03T13:47:26Z
118552,Γάτα,el,"","",,Greek,Eleftherios Katsillis,2020-07-05T17:23:55Z
118552,Αίλουρος η γαλή,el,"","",,Greek,Eleftherios Katsillis,2020-07-05T17:24:11Z
136234,Κέδρος του Άτλαντα,el,"","",,Greek,Eleftherios Katsillis,2020-07-05T20:37:38Z
69821,Κέδρος,el,"","",,Greek,Eleftherios Katsillis,2020-07-05T20:38:19Z
125790,Ιαπωνική σπειραία,el,"","",,Greek,Eleftherios Katsillis,2020-07-05T21:11:09Z
48681,Σπειραία,el,"","",,Greek,Eleftherios Katsillis,2020-07-05T21:11:37Z
55837,Κορομηλιά,el,"","",,Greek,Eleftherios Katsillis,2020-07-05T21:28:50Z
55837,Προύμνη η κερασιόκαρπος,el,"","",,Greek,Eleftherios Katsillis,2020-07-05T21:29:12Z
124184,Σκόρος Τροφίμων,el,"","",,Greek,Eleftherios Katsillis,2020-07-05T21:33:12Z
124184,Πλοδία η στικτή,el,"","",,Greek,Eleftherios Katsillis,2020-07-05T21:33:24Z
124186,Πλοδία,el,"","",,Greek,Eleftherios Katsillis,2020-07-05T21:33:40Z
49683,Πυραλίδες,el,"","",,Greek,Eleftherios Katsillis,2020-07-05T21:34:19Z
49674,Κεάνωθος,el,"","",,Greek,Eleftherios Katsillis,2020-07-06T07:48:06Z
55837,Τζαρνικιά,el,"Crete, GR","",,Greek,Eleftherios Katsillis,2020-07-06T07:55:27Z
55837,Ρικά,el,"Karpathos, GR","",,Greek,Eleftherios Katsillis,2020-07-06T07:56:17Z
61536,Καλοπτέρυξ ο παρθένος,el,"","",,Greek,Eleftherios Katsillis,2020-07-09T13:37:54Z
311249,Βρύα,el,"","",,Greek,Eleftherios Katsillis,2020-07-09T14:14:19Z
94043,Βασιλική λιβελούλα,el,"","",,Greek,Eleftherios Katsillis,2020-07-11T21:14:40Z
48486,Κοκκινελίδες,el,"","",,Greek,Eleftherios Katsillis,2020-07-11T21:37:48Z
62470,Λέοπαρντ Γυμνοσάλιαγκας,el,"","",,Greek,Eleftherios Katsillis,2020-07-11T22:00:45Z
120156,Οικιακή μύγα,el,"","",,Greek,Eleftherios Katsillis,2020-07-11T22:10:06Z
52592,Παράργη η αιγερία,el,"","",,Greek,Eleftherios Katsillis,2020-07-11T22:13:22Z
133801,Διώκτρια,el,"","",,Greek,Eleftherios Katsillis,2020-07-12T11:59:26Z
61674,Ευδιώκτρια,el,"","",,Greek,Eleftherios Katsillis,2020-07-12T12:00:01Z
248262,Νανοδιώκτρια,el,"","",,Greek,Eleftherios Katsillis,2020-07-12T12:00:43Z
47982,Ασιλίδες,el,"","",,Greek,Eleftherios Katsillis,2020-07-12T12:01:06Z
55925,Άγριο γεράνι,el,"","",,Greek,Eleftherios Katsillis,2020-07-12T12:03:51Z
55801,Γαύρος,el,"","",,Greek,Eleftherios Katsillis,2020-07-13T09:24:20Z
55801,Καρπίνος o Μπετουλοειδής,el,"","",,Greek,Eleftherios Katsillis,2020-07-13T09:24:35Z
54769,Καρπίνος,el,"","",,Greek,Eleftherios Katsillis,2020-07-13T09:25:26Z
49155,Σημυδοειδή,el,"","",,Greek,Eleftherios Katsillis,2020-07-13T09:25:46Z
49155,Βετουλίδες,el,"","",,Greek,Eleftherios Katsillis,2020-07-13T09:26:26Z
49156,Σημύδα,el,"","",,Greek,Eleftherios Katsillis,2020-07-13T09:26:51Z
53352,Άλνος,el,"","",,Greek,Eleftherios Katsillis,2020-07-13T09:27:36Z
53373,Φουντουκιά,el,"","",,Greek,Eleftherios Katsillis,2020-07-13T09:28:35Z
54491,Λεπτοκαρυά,el,"","",,Greek,Eleftherios Katsillis,2020-07-13T09:29:41Z
54772,Οστρύα,el,"","",,Greek,Eleftherios Katsillis,2020-07-13T09:30:14Z
334194,Μελιόγαυρος,el,"","",,Greek,Eleftherios Katsillis,2020-07-13T09:30:35Z
62984,Ασιατικό κουνούπι τίγρης,el,"","",,Greek,Eleftherios Katsillis,2020-07-13T10:32:52Z
155453,Κουνούπι τίγρης,el,"","",,Greek,Eleftherios Katsillis,2020-07-13T10:33:17Z
62989,Αηδής,el,"","",,Greek,Eleftherios Katsillis,2020-07-13T10:33:52Z
52134,Κουνούπια,el,"","",,Greek,Eleftherios Katsillis,2020-07-13T10:34:37Z
146949,Ανωφελές,el,"","",,Greek,Eleftherios Katsillis,2020-07-13T10:35:13Z
130033,Κούλεξ,el,"","",,Greek,Eleftherios Katsillis,2020-07-13T10:35:50Z
130032,Κοινό κουνούπι,el,"","",,Greek,Eleftherios Katsillis,2020-07-13T10:36:32Z
56193,Εγγλενός,el,"","",,Greek,Eleftherios Katsillis,2020-07-14T10:51:39Z
47727,Σφένδαμος,el,"","",,Greek,Eleftherios Katsillis,2020-07-14T10:52:25Z
58321,Σαπινδοειδή,el,"","",,Greek,Eleftherios Katsillis,2020-07-14T10:53:54Z
119791,Ψευδοπλάτανος,el,"","",,Greek,Eleftherios Katsillis,2020-07-14T10:54:38Z
52543,Σφένδαμος ο σακχαρώδης,el,"","",,Greek,Eleftherios Katsillis,2020-07-14T10:55:27Z
132368,Λαγοκέφαλος,el,Greece,GR,,Greek,Eleftherios Katsillis,2020-07-14T12:02:58Z
89310,Λαγοκέφαλος,el,"","",,Greek,Eleftherios Katsillis,2020-07-14T12:03:25Z
446147,Καστανόραχος λαγοκέφαλος,el,"","",,Greek,Eleftherios Katsillis,2020-07-14T12:04:34Z
448231,Κουρελίτσα,el,"","",,Greek,Eleftherios Katsillis,2020-07-15T00:17:04Z
88563,Γοβιός,el,"","",,Greek,Eleftherios Katsillis,2020-07-15T00:23:21Z
47308,Γωβηίδες,el,"","",,Greek,Eleftherios Katsillis,2020-07-15T00:24:56Z
54541,Ιππόκαμπος,el,"","",,Greek,Eleftherios Katsillis,2020-07-15T00:27:05Z
49106,Συγγναθίδες,el,"","",,Greek,Eleftherios Katsillis,2020-07-15T00:27:35Z
117589,Εχίουρα,el,"","",,Greek,Eleftherios Katsillis,2020-07-15T00:31:34Z
47490,Πολύχαιτοι,el,"","",,Greek,Eleftherios Katsillis,2020-07-15T00:31:50Z
47491,Δακτυλιοσκώληκες,el,"","",,Greek,Eleftherios Katsillis,2020-07-15T00:32:16Z
118667,Αυλιάς,el,Greece,GR,,Greek,Eleftherios Katsillis,2020-07-15T00:33:27Z
118667,Κακαρέλος,el,Greece,GR,,Greek,Eleftherios Katsillis,2020-07-15T00:33:35Z
118667,Καμπανάς,el,Greece,GR,,Greek,Eleftherios Katsillis,2020-07-15T00:33:43Z
118667,Σαργόπαπας,el,"","",,Greek,Eleftherios Katsillis,2020-07-15T00:33:51Z
118667,Καραγκιόζης,el,"","",,Greek,Eleftherios Katsillis,2020-07-15T00:33:58Z
118667,Κραχατζής,el,"","",,Greek,Eleftherios Katsillis,2020-07-15T00:34:05Z
49983,Δίπλοδος,el,"","",,Greek,Eleftherios Katsillis,2020-07-15T00:34:40Z
55612,Πυροκορίδες,el,"","",,Greek,Eleftherios Katsillis,2020-07-15T09:17:19Z
55610,Σκαθάρι στρατιώτης,el,"","",,Greek,Eleftherios Katsillis,2020-07-15T09:18:08Z
55610,Πυρροκόρις η άπτερος,el,"","",,Greek,Eleftherios Katsillis,2020-07-15T09:18:30Z
55613,Πυροκόρις,el,"","",,Greek,Eleftherios Katsillis,2020-07-15T09:21:15Z
62060,Βρωμούσα του μπιζελιού,el,"","",,Greek,Eleftherios Katsillis,2020-07-15T09:21:46Z
62060,Βρομούσα του μπιζελιού,el,"","",,Greek,Eleftherios Katsillis,2020-07-15T09:22:05Z
84778,Δορυφόρος της πατάτας,el,"","",,Greek,Eleftherios Katsillis,2020-07-15T09:22:50Z
84189,Λεπτινοτάρσα,el,"","",,Greek,Eleftherios Katsillis,2020-07-15T09:23:17Z
51146,Χρυσομηλίδες,el,"","",,Greek,Eleftherios Katsillis,2020-07-15T09:24:45Z
71130,Πολυφάγα,el,"","",,Greek,Eleftherios Katsillis,2020-07-15T09:25:23Z
69820,Κέδρος των Ιμαλαΐων,el,"","",,Greek,Eleftherios Katsillis,2020-07-15T09:46:22Z
136150,Κέδρος του Λιβάνου,el,"","",,Greek,Eleftherios Katsillis,2020-07-15T09:47:09Z
136296,Κέδρος της Κύπρου,el,"","",,Greek,Eleftherios Katsillis,2020-07-15T09:48:14Z
136296,Κέδρος ο βραχύφυλλος,el,"","",,Greek,Eleftherios Katsillis,2020-07-15T09:48:31Z
47562,Πευκοειδή,el,"","",,Greek,Eleftherios Katsillis,2020-07-15T09:49:29Z
47375,Πευκώδη,el,"","",,Greek,Eleftherios Katsillis,2020-07-15T09:49:42Z
136329,Πευκόψιδα,el,"","",,Greek,Eleftherios Katsillis,2020-07-15T09:49:57Z
47574,Άρκευθος,el,"","",,Greek,Eleftherios Katsillis,2020-07-15T09:52:24Z
55571,Λάριξ,el,"","",,Greek,Eleftherios Katsillis,2020-07-15T09:53:17Z
49292,Κυπαρίσσι,el,"","",,Greek,Eleftherios Katsillis,2020-07-15T09:53:37Z
47374,Κυπαρισσοειδή,el,"","",,Greek,Eleftherios Katsillis,2020-07-15T09:53:56Z
53718,Αραουκάρια,el,"","",,Greek,Eleftherios Katsillis,2020-07-15T09:54:10Z
53718,Αρωκάρια,el,"","",,Greek,Eleftherios Katsillis,2020-07-15T09:54:19Z
47373,Σεκόια,el,"","",,Greek,Eleftherios Katsillis,2020-07-15T09:55:18Z
47373,Σεκόγια,el,"","",,Greek,Eleftherios Katsillis,2020-07-15T09:55:34Z
60271,Ασπάραγος,el,"","",,Greek,Eleftherios Katsillis,2020-07-15T09:56:58Z
60265,Σπαράγγι,el,"","",,Greek,Eleftherios Katsillis,2020-07-15T09:57:50Z
53453,Ιτιά,el,"","",,Greek,Eleftherios Katsillis,2020-07-15T09:58:30Z
53453,Ιτέα,el,"","",,Greek,Eleftherios Katsillis,2020-07-15T09:58:40Z
47567,Ιτεοειδή,el,"","",,Greek,Eleftherios Katsillis,2020-07-15T09:59:11Z
54841,Λευκή ιτιά,el,"","",,Greek,Eleftherios Katsillis,2020-07-15T10:01:56Z
54841,Ιτέα η λευκή,el,"","",,Greek,Eleftherios Katsillis,2020-07-15T10:02:08Z
135778,Τραχεία πεύκη,el,"","",,Greek,Eleftherios Katsillis,2020-07-15T10:03:47Z
356068,Ζητιά,el,"","",,Greek,Eleftherios Katsillis,2020-07-15T10:08:24Z
82742,Χαρουπιά,el,"","",,Greek,Eleftherios Katsillis,2020-07-15T10:09:25Z
82942,Πουρνάρι,el,"","",,Greek,Eleftherios Katsillis,2020-07-15T10:11:45Z
55776,Ερείκη,el,"","",,Greek,Eleftherios Katsillis,2020-07-15T10:12:45Z
711824,Ρείκια,el,"Rhodes, GR","",,Greek,Eleftherios Katsillis,2020-07-15T10:13:34Z
78159,Κοινή Μυρτιά,el,"","",,Greek,Eleftherios Katsillis,2020-07-15T10:14:33Z
72248,Μυρτιά,el,"","",,Greek,Eleftherios Katsillis,2020-07-15T10:14:58Z
51816,Μυρτοειδή,el,"","",,Greek,Eleftherios Katsillis,2020-07-15T10:15:23Z
47791,Μυρτώδη,el,"","",,Greek,Eleftherios Katsillis,2020-07-15T10:15:37Z
244392,Εξώασκος της ροδακινιάς,el,"","",,Greek,Eleftherios Katsillis,2020-07-15T18:55:51Z
48250,Ασκομύκητες,el,"","",,Greek,Eleftherios Katsillis,2020-07-15T18:56:38Z
349248,Βραχυχίτων Ετερόφυλλος,el,"","",,Greek,Eleftherios Katsillis,2020-07-15T19:25:20Z
13847,Σπουργίτης,el,"","",,Greek,Eleftherios Katsillis,2020-07-15T20:05:09Z
13685,Πασσερίδες,el,"","",,Greek,Eleftherios Katsillis,2020-07-15T20:05:41Z
7251,Στρουθιόμορφα,el,"","",,Greek,Eleftherios Katsillis,2020-07-15T20:05:57Z
52856,Λεβιθόχορτο,el,"","",,Greek,Eleftherios Katsillis,2020-07-15T20:29:27Z
52855,Αρτεμισία,el,"","",,Greek,Eleftherios Katsillis,2020-07-15T20:31:20Z
77206,Γάλιο το μόλλουγο,el,"","",,Greek,Eleftherios Katsillis,2020-07-15T20:39:15Z
53060,Γάλιο,el,"","",,Greek,Eleftherios Katsillis,2020-07-15T20:39:30Z
47602,Πικραλίδα,el,"","",,Greek,Eleftherios Katsillis,2020-07-15T20:41:21Z
47602,Ταράξακος ο φαρμακευτικός,el,"","",,Greek,Eleftherios Katsillis,2020-07-15T20:41:34Z
53059,Κολλητσίδα,el,"","",,Greek,Eleftherios Katsillis,2020-07-15T20:42:04Z
55821,Ξινολάπαθο,el,"","",,Greek,Eleftherios Katsillis,2020-07-15T20:42:27Z
51884,Τσουκνίδα,el,"","",,Greek,Eleftherios Katsillis,2020-07-15T20:42:44Z
914075,Γκάουρα,el,"","",,Greek,Eleftherios Katsillis,2020-07-15T20:55:05Z
590726,Λευκή γκάουρα,el,"","",,Greek,Eleftherios Katsillis,2020-07-15T20:55:25Z
127777,Σφήκα,el,"","",,Greek,Eleftherios Katsillis,2020-07-15T21:11:03Z
61356,Βέσπουλα,el,"","",,Greek,Eleftherios Katsillis,2020-07-15T21:11:24Z
84738,Βεσπίνες,el,"","",,Greek,Eleftherios Katsillis,2020-07-15T21:11:38Z
63567,Ερυθρελάτη,el,"","",,Greek,Eleftherios Katsillis,2020-07-15T21:16:44Z
63573,Πικέα,el,"","",,Greek,Eleftherios Katsillis,2020-07-15T21:18:12Z
84298,Αγριοκαστανιά,el,"","",,Greek,Eleftherios Katsillis,2020-07-15T21:25:38Z
84298,Ιπποκαστανιά,el,"","",,Greek,Eleftherios Katsillis,2020-07-15T21:25:55Z
84298,Αίσκουλος η ιπποκαστανέα,el,"","",,Greek,Eleftherios Katsillis,2020-07-15T21:26:06Z
53350,Αίσκουλος,el,"","",,Greek,Eleftherios Katsillis,2020-07-15T21:26:26Z
75609,Πολυτρίχι,el,"","",,Greek,Eleftherios Katsillis,2020-07-15T21:27:43Z
75611,Ασπλήνιο το πράσινο,el,"","",,Greek,Eleftherios Katsillis,2020-07-15T21:28:30Z
71992,Ασπλήνιο,el,"","",,Greek,Eleftherios Katsillis,2020-07-15T21:29:18Z
84954,Ασπλήνιο ο επιτοίχιος απήγανος,el,"","",,Greek,Eleftherios Katsillis,2020-07-15T21:31:04Z
48596,Καμπανούλα,el,"","",,Greek,Eleftherios Katsillis,2020-07-15T21:33:29Z
48561,Κίρσιο,el,"","",,Greek,Eleftherios Katsillis,2020-07-15T21:44:40Z
55690,Πιερίδα,el,"","",,Greek,Eleftherios Katsillis,2020-07-15T21:49:44Z
48508,Πιερίδες,el,"","",,Greek,Eleftherios Katsillis,2020-07-15T21:50:17Z
723835,Κρητικός Σπίνος,el,"","",,Greek,Valia Pavlou,2020-07-16T23:30:38Z
711044,Κρητική κίσσα,el,"","",,Greek,Valia Pavlou,2020-07-18T23:57:07Z
64261,Μεσογειακό κυπαρίσσι,el,"","",,Greek,Eleftherios Katsillis,2020-07-19T14:52:40Z
49322,Χοντρόφυλλο μπούζι,el,"","",,Greek,Eleftherios Katsillis,2020-07-19T14:53:34Z
42161,Πλατώνι,el,"","",,Greek,Eleftherios Katsillis,2020-07-19T18:47:09Z
43042,Ευρωπαϊκός σκαντζόχοιρος,el,"","",,Greek,Eleftherios Katsillis,2020-07-19T18:54:23Z
846194,Σκαντζόχοιρος,el,"","",,Greek,Eleftherios Katsillis,2020-07-19T18:54:45Z
43041,Δασόβιος σκαντζόχοιρος,el,"","",,Greek,Eleftherios Katsillis,2020-07-19T18:55:09Z
43043,Σκαντζόχοιρος της ανατολικής Ευρώπης,el,"","",,Greek,Eleftherios Katsillis,2020-07-19T18:55:29Z
43048,Ρουμανικός σκαντζόχοιρος,el,"","",,Greek,Eleftherios Katsillis,2020-07-19T18:56:07Z
43023,Σκαντζόχοιρος της στέπας και της ερήμου,el,"","",,Greek,Eleftherios Katsillis,2020-07-19T18:57:00Z
43055,Τετραδάκτυλος σκαντζόχοιρος,el,"","",,Greek,Eleftherios Katsillis,2020-07-19T18:57:37Z
870765,Υστρικόμορφα,el,"","",,Greek,Eleftherios Katsillis,2020-07-19T19:02:46Z
44010,Ερεθιζοντίδες,el,"","",,Greek,Eleftherios Katsillis,2020-07-19T19:04:09Z
44175,Ινδικός ακανθόχοιρος,el,"","",,Greek,Eleftherios Katsillis,2020-07-19T19:04:35Z
44167,Υστριχίδες,el,"","",,Greek,Eleftherios Katsillis,2020-07-19T19:04:56Z
44168,Ακανθόχοιρος,el,"","",,Greek,Eleftherios Katsillis,2020-07-19T19:05:34Z
44168,Ύστριξ,el,"","",,Greek,Eleftherios Katsillis,2020-07-19T19:06:18Z
44171,Ευρωπαϊκός Ακανθόχοιρος,el,"","",,Greek,Eleftherios Katsillis,2020-07-19T19:07:04Z
44171,Ευρωπαϊκός ύστριξ,el,"","",,Greek,Eleftherios Katsillis,2020-07-19T19:07:10Z
520918,Παιώνια της Ρόδου,el,"","",,Greek,Eleftherios Katsillis,2020-07-19T19:30:01Z
189556,Ασύνευμα το γιγάντιο,el,"","",,Greek,Eleftherios Katsillis,2020-07-19T19:30:21Z
1047658,Κυκλάμινο της Ρόδου,el,"","",,Greek,Eleftherios Katsillis,2020-07-19T19:38:20Z
912291,Σιληνή η σαλαμάνδρα,el,"","",,Greek,Eleftherios Katsillis,2020-07-19T19:39:36Z
1068274,Καμπανούλα της Ρόδου,el,"","",,Greek,Eleftherios Katsillis,2020-07-19T19:39:58Z
1113277,Ανθεμίς της Ρόδου,el,"","",,Greek,Eleftherios Katsillis,2020-07-19T19:40:52Z
52842,Μαργαρίτα,el,"","",,Greek,Eleftherios Katsillis,2020-07-19T19:42:57Z
52842,Ανθεμίς,el,"","",,Greek,Eleftherios Katsillis,2020-07-19T19:43:05Z
57469,Όφρυς,el,"","",,Greek,Eleftherios Katsillis,2020-07-19T19:51:35Z
1089416,Όφρυς της Δωδεκανήσου,el,"","",,Greek,Eleftherios Katsillis,2020-07-19T19:52:49Z
738348,Ορχιδοειδή,el,"","",,Greek,Eleftherios Katsillis,2020-07-19T19:53:51Z
47218,Ασπαραγώδη,el,"","",,Greek,Eleftherios Katsillis,2020-07-19T19:54:37Z
118535,Σκυλοκρεμμύδα,el,"","",,Greek,Eleftherios Katsillis,2020-07-19T19:55:21Z
71991,Ασφόδελος,el,"","",,Greek,Eleftherios Katsillis,2020-07-19T19:56:11Z
513303,Κρόκος του Τουρνεφόρ,el,"","",,Greek,Eleftherios Katsillis,2020-07-19T20:51:22Z
1113304,Κενταύρια η γαλακτόφυλλη,el,"","",,Greek,Eleftherios Katsillis,2020-07-19T20:52:38Z
59261,Καλέντουλα,el,"","",,Greek,Eleftherios Katsillis,2020-07-19T21:34:02Z
47604,Αστεροειδή,el,"","",,Greek,Eleftherios Katsillis,2020-07-19T21:34:32Z
47605,Αστερώδη,el,"","",,Greek,Eleftherios Katsillis,2020-07-19T21:34:50Z
51876,Τριφύλλι,el,"","",,Greek,Eleftherios Katsillis,2020-07-19T21:41:46Z
47357,Άλλιον,el,"","",,Greek,Eleftherios Katsillis,2020-07-19T21:42:52Z
244029,Άλλιο το υπόδασυ,el,"","",,Greek,Eleftherios Katsillis,2020-07-19T21:48:28Z
53169,Ξινήθρα,el,"","",,Greek,Eleftherios Katsillis,2020-07-19T21:48:56Z
53169,Ξινιές,el,"Rhodes, GR","",,Greek,Eleftherios Katsillis,2020-07-19T21:50:06Z
52472,Βίκος,el,"","",,Greek,Eleftherios Katsillis,2020-07-19T21:54:32Z
76949,Μουσμουλιά,el,"","",,Greek,Eleftherios Katsillis,2020-07-19T22:08:39Z
78592,Αγγελικούλα,el,"","",,Greek,Eleftherios Katsillis,2020-07-19T22:09:16Z
54982,Φίκος ο μικρόκαρπος,el,"","",,Greek,Eleftherios Katsillis,2020-07-19T22:13:16Z
54297,Κίτρος,el,"","",,Greek,Eleftherios Katsillis,2020-07-19T22:14:42Z
72332,Ρεζεντά,el,"","",,Greek,Eleftherios Katsillis,2020-07-19T22:23:08Z
57254,Πυράκανθος ο πορφυρός,el,"","",,Greek,Eleftherios Katsillis,2020-07-19T22:24:35Z
559347,Θύμβρα,el,"","",,Greek,Eleftherios Katsillis,2020-07-19T22:40:17Z
636795,Δενδρολίβανο,el,"","",,Greek,Eleftherios Katsillis,2020-07-19T22:42:44Z
50644,Σάλβια,el,"","",,Greek,Eleftherios Katsillis,2020-07-19T22:43:03Z
360189,Νησιωτική ρίγανη,el,"","",,Greek,Eleftherios Katsillis,2020-07-19T22:54:39Z
77758,Λειμώνιο το κολπωτό,el,"","",,Greek,Eleftherios Katsillis,2020-07-19T22:57:29Z
53152,Μηδική,el,"","",,Greek,Eleftherios Katsillis,2020-07-19T23:04:50Z
52914,Κιχώριο,el,"","",,Greek,Eleftherios Katsillis,2020-07-19T23:20:42Z
56165,Φλόμος,el,"","",,Greek,Eleftherios Katsillis,2020-07-19T23:35:08Z
56165,Βερμπάσκο,el,"","",,Greek,Eleftherios Katsillis,2020-07-19T23:35:20Z
146853,Παράλιος Φλώμος,el,"","",,Greek,Eleftherios Katsillis,2020-07-19T23:45:47Z
51822,Ευφορβία,el,"","",,Greek,Eleftherios Katsillis,2020-07-19T23:46:19Z
170271,Λυγαριά,el,"","",,Greek,Eleftherios Katsillis,2020-07-20T00:03:44Z
81757,Σαρκοποτήριο,el,"","",,Greek,Eleftherios Katsillis,2020-07-20T00:09:34Z
57505,Ονωνίς,el,"","",,Greek,Eleftherios Katsillis,2020-07-20T00:15:40Z
82600,Μαστιχόδενδρο,el,"","",,Greek,Eleftherios Katsillis,2020-07-20T00:16:24Z
82600,Πιστακία η λεντίσκος,el,"","",,Greek,Eleftherios Katsillis,2020-07-20T00:16:39Z
47570,Ασημόλευκα,el,"","",,Greek,Eleftherios Katsillis,2020-07-20T00:28:39Z
162161,Πικραγγουριά,el,"","",,Greek,Eleftherios Katsillis,2020-07-20T00:29:21Z
162839,Αγκάθι του Χριστού,el,"","",,Greek,Eleftherios Katsillis,2020-07-20T00:31:04Z
60982,Κακίλη η παράλια,el,"","",,Greek,Eleftherios Katsillis,2020-07-20T00:34:03Z
52163,Κακίλη,el,"","",,Greek,Eleftherios Katsillis,2020-07-20T00:34:14Z
47204,Κραμβοειδή,el,"","",,Greek,Eleftherios Katsillis,2020-07-20T00:34:37Z
123459,Λιονταρόψαρο,el,"","",,Greek,Eleftherios Katsillis,2020-07-20T12:41:26Z
121187,Σουπιοκαλάμαρο,el,"","",,Greek,Eleftherios Katsillis,2020-07-20T12:41:52Z
62888,Αυστραλιανό πεύκο,el,"","",,Greek,Eleftherios Katsillis,2020-07-20T12:51:01Z
79472,Γαζία,el,"","",,Greek,Eleftherios Katsillis,2020-07-20T13:45:32Z
557826,Ακανθώδης ακακία,el,"","",,Greek,Eleftherios Katsillis,2020-07-20T13:54:13Z
53720,Αγριοπασχαλιά,el,"","",,Greek,Eleftherios Katsillis,2020-07-20T13:55:14Z
53725,Μελία,el,"","",,Greek,Eleftherios Katsillis,2020-07-20T13:58:50Z
53724,Μελιίδες,el,"","",,Greek,Eleftherios Katsillis,2020-07-20T13:59:20Z
53720,Μελία η Αζεδαράχειος,el,"","",,Greek,Eleftherios Katsillis,2020-07-20T14:02:15Z
53720,Μελιά,el,"","",,Greek,Eleftherios Katsillis,2020-07-20T14:02:26Z
50299,Φραγκάρια,el,"","",,Greek,Eleftherios Katsillis,2020-07-20T14:10:53Z
55721,Φουσκούδι,el,"","",,Greek,Eleftherios Katsillis,2020-07-20T14:19:15Z
82903,Αρκουδόβατος,el,"","",,Greek,Eleftherios Katsillis,2020-07-20T14:20:14Z
82903,Σμίλαξ η τραχεία,el,"","",,Greek,Eleftherios Katsillis,2020-07-20T14:20:31Z
82903,Ακρέβατος,el,"Crete, GR","",,Greek,Eleftherios Katsillis,2020-07-20T14:20:43Z
82903,Ξυλόβατος,el,"","",,Greek,Eleftherios Katsillis,2020-07-20T14:24:20Z
129271,Τριφυλλόκλαδο,el,"","",,Greek,Eleftherios Katsillis,2020-07-21T19:52:12Z
210354,Μηδική η παραθαλάσσια,el,"","",,Greek,Eleftherios Katsillis,2020-07-21T19:53:00Z
48536,Αροειδή,el,"","",,Greek,Eleftherios Katsillis,2020-07-22T07:14:55Z
324540,Σκληρό κυδώνι,el,"","",,Greek,Eleftherios Katsillis,2020-07-22T07:23:06Z
50588,Βενερίδες,el,"","",,Greek,Eleftherios Katsillis,2020-07-22T07:24:28Z
50586,Βενεροειδή,el,"","",,Greek,Eleftherios Katsillis,2020-07-22T07:24:52Z
84862,Ποτάμια καραβίδα,el,"","",,Greek,Eleftherios Katsillis,2020-07-23T20:30:58Z
84863,Αστακός,el,"","",,Greek,Eleftherios Katsillis,2020-07-23T20:31:32Z
53709,Αστακίδες,el,"","",,Greek,Eleftherios Katsillis,2020-07-23T20:32:12Z
47783,Αστακοειδή,el,"","",,Greek,Eleftherios Katsillis,2020-07-23T20:32:34Z
47186,Δεκάποδα,el,"","",,Greek,Eleftherios Katsillis,2020-07-23T20:33:30Z
209360,Παραστακοειδή,el,"","",,Greek,Eleftherios Katsillis,2020-07-23T20:34:20Z
84862,Αστακός ο αστακός,el,"","",,Greek,Eleftherios Katsillis,2020-07-23T20:36:31Z
84862,Αστακός ο ποτάμιος,el,"","",,Greek,Eleftherios Katsillis,2020-07-23T20:36:49Z
342912,Γαρίδα,el,"","",,Greek,Eleftherios Katsillis,2020-07-23T20:37:51Z
51195,Αλφεοειδή,el,"","",,Greek,Eleftherios Katsillis,2020-07-23T20:38:16Z
342921,Ατυοειδή,el,"","",,Greek,Eleftherios Katsillis,2020-07-23T20:38:31Z
330853,Μπρεζιλιοειδή,el,"","",,Greek,Eleftherios Katsillis,2020-07-23T20:38:45Z
342922,Καμπυλονοτοειδή,el,"","",,Greek,Eleftherios Katsillis,2020-07-23T20:38:57Z
47291,Κρανγκονοειδή,el,"","",,Greek,Eleftherios Katsillis,2020-07-23T20:39:13Z
121790,Νηματοκαρκινοειδή,el,"","",,Greek,Eleftherios Katsillis,2020-07-23T20:39:34Z
245522,Οπλοφοροειδή,el,"","",,Greek,Eleftherios Katsillis,2020-07-23T20:39:45Z
47843,Παλαιμονοειδή,el,"","",,Greek,Eleftherios Katsillis,2020-07-23T20:39:54Z
47711,Πανταλοειδή,el,"","",,Greek,Eleftherios Katsillis,2020-07-23T20:40:03Z
245490,Πασιφεοειδή,el,"","",,Greek,Eleftherios Katsillis,2020-07-23T20:40:15Z
245518,Προκεσοειδή,el,"","",,Greek,Eleftherios Katsillis,2020-07-23T20:40:42Z
983166,Ψαλιδοποδοειδή,el,"","",,Greek,Eleftherios Katsillis,2020-07-23T20:40:52Z
471336,Στυλοδακτυλοειδή,el,"","",,Greek,Eleftherios Katsillis,2020-07-23T20:41:03Z
118451,Κολυμβητικά,el,"","",,Greek,Eleftherios Katsillis,2020-07-23T20:42:18Z
72486,Αιγυπτιακή χήνα,el,"","",,Greek,Eleftherios Katsillis,2020-07-23T20:43:26Z
143294,Πορτοκαλόχρους πιερίδα,el,"","",,Greek,Eleftherios Katsillis,2020-07-23T20:43:46Z
52788,Άκαρι,el,"","",,Greek,Eleftherios Katsillis,2020-07-23T20:44:39Z
48548,Βανέσα του Κάρδου,el,"","",,Greek,Eleftherios Katsillis,2020-07-23T20:46:02Z
47726,Σφένδαμος της Μανιτόμπα,el,"","",,Greek,Eleftherios Katsillis,2020-07-23T20:46:35Z
47726,Σφενδάμι Νεγκούντο,el,"","",,Greek,Eleftherios Katsillis,2020-07-23T20:46:46Z
118704,Μαυρογωβιός,el,"","",,Greek,Eleftherios Katsillis,2020-07-23T20:48:08Z
160697,Κληματσίδα,el,"","",,Greek,Eleftherios Katsillis,2020-07-23T20:51:04Z
160697,Κληματίς η Λευκάμπελος,el,"","",,Greek,Eleftherios Katsillis,2020-07-23T20:51:19Z
49877,Κληματίς,el,"","",,Greek,Eleftherios Katsillis,2020-07-23T20:51:37Z
160697,Αμπελίδα,el,"","",,Greek,Eleftherios Katsillis,2020-07-23T20:52:16Z
53905,Αλογάκι της Παναγίας,el,"","",,Greek,Eleftherios Katsillis,2020-07-23T20:55:49Z
56564,Μάντης,el,"","",,Greek,Eleftherios Katsillis,2020-07-23T21:00:15Z
353456,Θαψία,el,"","",,Greek,Eleftherios Katsillis,2020-07-23T21:01:39Z
63366,Λειμώνιο,el,"","",,Greek,Eleftherios Katsillis,2020-07-23T21:02:40Z
1046318,Λιμόνιο των Αθηνών,el,"","",,Greek,Eleftherios Katsillis,2020-07-23T21:03:30Z
51875,Λειμώνιο τριφύλλι,el,"","",,Greek,Eleftherios Katsillis,2020-07-23T21:05:29Z
77758,Αθάνατα,el,Cyprus,CY,,Greek,Eleftherios Katsillis,2020-07-23T21:06:23Z
159764,Καμπανούλα η ροδακινόφυλλη,el,"","",,Greek,Eleftherios Katsillis,2020-07-23T22:58:49Z
371900,Φραγκοκοράκι,el,"","",,Greek,Eleftherios Katsillis,2020-07-23T23:00:42Z
371900,Μαθιόλα η κολπωτή,el,"","",,Greek,Eleftherios Katsillis,2020-07-23T23:00:52Z
72228,Μαθιόλα,el,"","",,Greek,Eleftherios Katsillis,2020-07-23T23:01:06Z
7006,Χήνα,el,"","",,Greek,Eleftherios Katsillis,2020-07-23T23:02:43Z
333723,Καρλίνα η κορυμβώδης,el,"","",,Greek,Eleftherios Katsillis,2020-07-23T23:03:57Z
121639,Βραχύουρα,el,"","",,Greek,Eleftherios Katsillis,2020-07-23T23:06:41Z
384904,Παραμορφωτικό άκαρι,el,"","",,Greek,Eleftherios Katsillis,2020-07-23T23:10:17Z
203333,Κοινός Τετράνυχος,el,"","",,Greek,Eleftherios Katsillis,2020-07-23T23:11:27Z
203334,Τετράνυχος,el,"","",,Greek,Eleftherios Katsillis,2020-07-23T23:11:48Z
128552,Τετρανυχίδες,el,"","",,Greek,Eleftherios Katsillis,2020-07-23T23:12:04Z
208542,Ψευδοτετράνυχοι,el,"","",,Greek,Eleftherios Katsillis,2020-07-23T23:13:01Z
208541,Τετρανυχοειδή,el,"","",,Greek,Eleftherios Katsillis,2020-07-23T23:13:41Z
55597,Σκωληκόμορφα Ακάρεα,el,"","",,Greek,Eleftherios Katsillis,2020-07-23T23:14:42Z
263331,Κόκκινο Άκαρι Πουλερικών,el,"","",,Greek,Eleftherios Katsillis,2020-07-23T23:18:06Z
52790,Μεσοστίγματα,el,"","",,Greek,Eleftherios Katsillis,2020-07-23T23:20:05Z
47572,Άρκευθος η σαβίνα,el,"","",,Greek,Eleftherios Katsillis,2020-07-23T23:30:16Z
701533,Σαβίνα,el,"","",,Greek,Eleftherios Katsillis,2020-07-23T23:30:35Z
57030,Πολυκόμπι των τελμάτων,el,"","",,Greek,Eleftherios Katsillis,2020-07-23T23:31:36Z
63613,Μυόπορο,el,"","",,Greek,Eleftherios Katsillis,2020-07-23T23:33:56Z
64615,Μαρσαντιόφυτα,el,"","",,Greek,Eleftherios Katsillis,2020-07-23T23:34:25Z
121943,Πολυποδιόψιδα,el,"","",,Greek,Eleftherios Katsillis,2020-07-23T23:34:55Z
880682,Ίρις η ελληνική,el,"","",,Greek,Eleftherios Katsillis,2020-07-23T23:49:58Z
63916,Κόμη της Αφροδίτης,el,"","",,Greek,Eleftherios Katsillis,2020-07-23T23:51:13Z
346413,Κάμβριο Πολυπόδιο,el,"","",,Greek,Eleftherios Katsillis,2020-07-23T23:52:12Z
774737,Θαμνοκυπάρισσο,el,"","",,Greek,Eleftherios Katsillis,2020-07-23T23:53:03Z
64017,Καλαμιά,el,"","",,Greek,Eleftherios Katsillis,2020-07-23T23:53:36Z
76721,Αρρενοπτέρη,el,"","",,Greek,Eleftherios Katsillis,2020-07-23T23:54:48Z
64238,Τριβόλι,el,"","",,Greek,Eleftherios Katsillis,2020-07-23T23:55:14Z
58392,Ψαθί,el,"","",,Greek,Eleftherios Katsillis,2020-07-23T23:55:38Z
72109,Εχίνωψ,el,"","",,Greek,Eleftherios Katsillis,2020-07-23T23:56:06Z
54801,Κόκκινη μουριά,el,"","",,Greek,Eleftherios Katsillis,2020-07-23T23:57:28Z
79070,Πράσινη σεταρία,el,"","",,Greek,Eleftherios Katsillis,2020-07-23T23:57:50Z
52681,Φτέρη,el,"","",,Greek,Eleftherios Katsillis,2020-07-23T23:58:21Z
77993,Αγριοδυόσμος,el,"","",,Greek,Eleftherios Katsillis,2020-07-23T23:59:24Z
77993,Μέντα  η στρογγυλόφυλλη,el,"","",,Greek,Eleftherios Katsillis,2020-07-24T00:00:27Z
77993,Αιγυπτιακή μέντα,el,"","",,Greek,Eleftherios Katsillis,2020-07-24T00:00:36Z
77993,Μίνθη η ηδύοσμος,el,"","",,Greek,Eleftherios Katsillis,2020-07-24T00:00:46Z
82231,Αμερικανική κατσαρίδα,el,"","",,Greek,Eleftherios Katsillis,2020-07-24T00:01:46Z
48484,Πασχαλίτσα αρλεκίνος,el,"","",,Greek,Eleftherios Katsillis,2020-07-24T00:03:48Z
48686,Τύφα,el,"","",,Greek,Eleftherios Katsillis,2020-07-24T00:04:22Z
52589,Κοινή κοινονύμφη,el,"","",,Greek,Eleftherios Katsillis,2020-07-24T00:05:18Z
59417,Τριφύλλι το αστερωτό,el,"","",,Greek,Eleftherios Katsillis,2020-07-24T00:06:41Z
113536,Χειλού,el,Greece,GR,,Greek,Eleftherios Katsillis,2020-07-24T00:07:46Z
113536,Σουβλομύτικο,el,"","",,Greek,Eleftherios Katsillis,2020-07-24T00:07:57Z
113536,Κίχλα,el,"","",,Greek,Eleftherios Katsillis,2020-07-24T00:08:04Z
113536,Μυτολαπίνα,el,Greece,GR,,Greek,Eleftherios Katsillis,2020-07-24T00:08:12Z
35360,Σαυρίδες,el,"","",,Greek,Eleftherios Katsillis,2020-07-24T00:09:21Z
35526,Ποδάρκης,el,"","",,Greek,Eleftherios Katsillis,2020-07-24T00:09:43Z
51815,Ευκάλυπτος,el,"","",,Greek,Eleftherios Katsillis,2020-07-24T00:11:09Z
118618,Κουτσομούρα,el,"","",,Greek,Eleftherios Katsillis,2020-07-24T00:11:36Z
118682,Καλογρίτσα,el,Greece,GR,,Greek,Eleftherios Katsillis,2020-07-24T00:12:03Z
78895,Κοινή Βατομουριά,el,"","",,Greek,Eleftherios Katsillis,2020-07-24T00:13:32Z
47544,Βάτος,el,"","",,Greek,Eleftherios Katsillis,2020-07-24T00:14:18Z
47544,Βατομουριά,el,"","",,Greek,Eleftherios Katsillis,2020-07-24T00:14:36Z
339360,Μπλε σολάνο,el,"","",,Greek,Eleftherios Katsillis,2020-07-24T00:15:06Z
60001,Δίανθος,el,"","",,Greek,Eleftherios Katsillis,2020-07-24T00:15:31Z
93704,Σαρδελομάνα,el,"","",,Greek,Eleftherios Katsillis,2020-07-24T00:16:07Z
93704,Φρίσσα,el,"","",,Greek,Eleftherios Katsillis,2020-07-24T00:16:18Z
127186,Καβαλερού,el,"","",,Greek,Eleftherios Katsillis,2020-07-24T00:16:53Z
467571,Δακτυλόριζα η σακοφόρος,el,"","",,Greek,Eleftherios Katsillis,2020-07-24T00:17:27Z
51808,Διάστικτη λυσιμαχία,el,"","",,Greek,Eleftherios Katsillis,2020-07-24T00:18:10Z
51808,Λυσιμαχεία η στικτή,el,"","",,Greek,Eleftherios Katsillis,2020-07-24T00:18:24Z
62205,Δενδρομολόχα,el,"","",,Greek,Eleftherios Katsillis,2020-07-24T00:19:22Z
122767,Οικιακό περιστέρι,el,"","",,Greek,Eleftherios Katsillis,2020-07-24T00:20:56Z
416824,Ρείκι,el,"","",,Greek,Eleftherios Katsillis,2020-07-24T00:21:40Z
416824,Ρείγκλα,el,"","",,Greek,Eleftherios Katsillis,2020-07-24T00:21:50Z
416824,Ερείκη η σπονδυλανθής,el,"","",,Greek,Eleftherios Katsillis,2020-07-24T00:21:59Z
162206,Έχιο το ιταλικό,el,"","",,Greek,Eleftherios Katsillis,2020-07-24T00:22:35Z
42069,Κόκκινη αλεπού,el,"","",,Greek,Eleftherios Katsillis,2020-07-24T00:23:16Z
77111,Ευφορβία η δενδροειδής,el,"","",,Greek,Eleftherios Katsillis,2020-07-24T00:23:44Z
60478,Πλουμβαγινοειδή,el,"","",,Greek,Eleftherios Katsillis,2020-07-24T00:28:17Z
33602,Μαυριτανικό σαμιαμίδι,el,"","",,Greek,Eleftherios Katsillis,2020-07-24T00:29:06Z
34435,Μεσογειακό σαμιαμίδι,el,"","",,Greek,Eleftherios Katsillis,2020-07-24T00:29:44Z
464936,Γέον το κοκκινωπό,el,"","",,Greek,Eleftherios Katsillis,2020-07-24T00:30:28Z
115167,Ξιφίας,el,"","",,Greek,Eleftherios Katsillis,2020-07-27T12:06:19Z
100411,Ερημόφιδο,el,"","",,Greek,Eleftherios Katsillis,2020-07-27T12:06:57Z
100411,Βόας της άμμου,el,"","",,Greek,Eleftherios Katsillis,2020-07-27T12:07:11Z
77758,Προβάτσα,el,"South Aegean, Aegean, GR","",,Greek,Eleftherios Katsillis,2020-07-28T10:34:24Z
77758,Προβάσια,el,"Serifos, GR","",,Greek,Eleftherios Katsillis,2020-07-28T10:34:57Z
77758,Προβατσούλια,el,"Crete, Crete, GR","",,Greek,Eleftherios Katsillis,2020-07-28T10:39:18Z
67599,Λινυφιίδες,el,"","",,Greek,Eleftherios Katsillis,2020-07-28T11:26:04Z
49606,Γουρουνόψαρο,el,"","",,Greek,Eleftherios Katsillis,2020-07-28T12:17:25Z
49613,Βαλιστής,el,"","",,Greek,Eleftherios Katsillis,2020-07-28T12:17:42Z
120634,Γερμανός,el,Greece,GR,,Greek,Eleftherios Katsillis,2020-07-28T12:21:53Z
120634,Μαύρη Αγριόσαλπα,el,Greece,GR,,Greek,Eleftherios Katsillis,2020-07-28T12:22:55Z
112568,Λευκή Αγριόσαλπα,el,Greece,GR,,Greek,Eleftherios Katsillis,2020-07-28T12:23:28Z
47552,Αργιόπη,el,"","",,Greek,Eleftherios Katsillis,2020-07-29T14:46:20Z
50867,Κοινή Αργιόπη,el,"","",,Greek,Eleftherios Katsillis,2020-07-29T14:48:33Z
56525,Αργιόπη η Λοβωτή,el,"","",,Greek,Eleftherios Katsillis,2020-07-29T14:49:43Z
118664,Γόπα,el,"","",,Greek,Eleftherios Katsillis,2020-07-29T15:44:38Z
87017,Βόωψ,el,"","",,Greek,Eleftherios Katsillis,2020-07-29T15:45:00Z
118664,Βόωψ ο βόωψ,el,"","",,Greek,Eleftherios Katsillis,2020-07-29T15:45:34Z
445705,Βόωψ ο γραμμωτός,el,"","",,Greek,Eleftherios Katsillis,2020-07-29T15:46:16Z
56194,Κερκοποειδή,el,"","",,Greek,Eleftherios Katsillis,2020-07-29T17:56:28Z
56174,Βοϊδόγλωσσα,el,"","",,Greek,Eleftherios Katsillis,2020-07-29T19:07:09Z
56175,Έχιο,el,"","",,Greek,Eleftherios Katsillis,2020-07-29T19:07:30Z
48150,Βοραγινοειδή,el,"","",,Greek,Eleftherios Katsillis,2020-07-29T19:07:57Z
47758,Οξαλίδα,el,"","",,Greek,Eleftherios Katsillis,2020-07-29T19:14:15Z
57036,Γαλατσίδα,el,"","",,Greek,Eleftherios Katsillis,2020-07-29T19:16:43Z
57036,Ευφόρβια η πεπλίς,el,"","",,Greek,Eleftherios Katsillis,2020-07-29T19:17:36Z
57036,Ευφόρβιον ο πέπλος,el,"","",,Greek,Eleftherios Katsillis,2020-07-29T19:18:02Z
56133,Ρουπακοβελανιδιά,el,"","",,Greek,Eleftherios Katsillis,2020-07-29T19:19:47Z
56133,Δρυς η έμμισχος,el,"","",,Greek,Eleftherios Katsillis,2020-07-29T19:20:33Z
861033,Βελανιδιά,el,"","",,Greek,Eleftherios Katsillis,2020-07-29T19:21:11Z
861033,Δρυς,el,"","",,Greek,Eleftherios Katsillis,2020-07-29T19:21:23Z
861033,Βαλανιδιά,el,"","",,Greek,Eleftherios Katsillis,2020-07-29T19:21:47Z
84097,Κουρκούνα,el,Cyprus,CY,,Greek,Eleftherios Katsillis,2020-07-29T19:39:20Z
84097,Προσφυγούλα,el,Cyprus,CY,,Greek,Eleftherios Katsillis,2020-07-29T19:40:02Z
112568,Άσπρη Κουρκούνα,el,Cyprus | Greece,"CY,GR",,Greek,Eleftherios Katsillis,2020-07-29T19:41:00Z
120634,Μαύρη Κουρκούνα,el,Cyprus | Greece,"CY,GR",,Greek,Eleftherios Katsillis,2020-07-29T19:41:41Z
49601,Φεγγαρόψαρο,el,"","",,Greek,Eleftherios Katsillis,2020-07-29T19:42:32Z
49607,Μολίδες,el,"","",,Greek,Eleftherios Katsillis,2020-07-29T19:42:51Z
47177,Τετραοδοντόμορφα,el,"","",,Greek,Eleftherios Katsillis,2020-07-29T19:43:04Z
112568,Άσπρη Προσφυγούλα,el,Cyprus,CY,,Greek,Eleftherios Katsillis,2020-07-29T19:44:37Z
120634,Μαύρη Προσφυγούλα,el,Cyprus,CY,,Greek,Eleftherios Katsillis,2020-07-29T19:45:09Z
47648,Σκορπιός,el,"","",,Greek,Eleftherios Katsillis,2020-07-29T19:47:52Z
47648,Σκορπίνα,el,"","",,Greek,Eleftherios Katsillis,2020-07-29T19:48:00Z
47648,Σκόρπαινα,el,"","",,Greek,Eleftherios Katsillis,2020-07-29T19:48:07Z
47285,Σκορπαινίδες,el,"","",,Greek,Eleftherios Katsillis,2020-07-29T19:48:54Z
118631,Μαυροσκορπιός,el,"","",,Greek,Eleftherios Katsillis,2020-07-29T19:50:12Z
118631,Σκορπίνα ο χοίρος,el,"","",,Greek,Eleftherios Katsillis,2020-07-29T19:50:23Z
84861,Κόκκινος σκορπιός,el,Greece,GR,,Greek,Eleftherios Katsillis,2020-07-29T19:52:05Z
84861,Σκόρπαινα η σκρόφα,el,"","",,Greek,Eleftherios Katsillis,2020-07-29T19:52:25Z
13547,Παρίδες,el,"","",,Greek,Eleftherios Katsillis,2020-07-29T20:18:35Z
144849,Κυανιστής ο κυανίζων,el,"","",,Greek,Eleftherios Katsillis,2020-07-29T20:19:21Z
208322,Παρωνυχία η Αργυρά,el,"","",,Greek,Eleftherios Katsillis,2020-07-29T21:39:59Z
71144,Παρωνυχία,el,"","",,Greek,Eleftherios Katsillis,2020-07-29T21:40:12Z
982692,Δίανθος ο μακρυμάλλης,el,"","",,Greek,Eleftherios Katsillis,2020-07-29T21:41:59Z
1113409,Φλόμος της Ρόδου,el,"","",,Greek,Eleftherios Katsillis,2020-07-29T21:44:41Z
1113409,Βερμπάσκο της Ρόδου,el,"","",,Greek,Eleftherios Katsillis,2020-07-29T21:44:49Z
1113409,Φλόμος ο συριακός,el,"","",,Greek,Eleftherios Katsillis,2020-07-29T21:45:40Z
53305,Τοριλίδα,el,"","",,Greek,Eleftherios Katsillis,2020-07-29T21:47:01Z
53304,Γονατώδης Τοριλίδα,el,"","",,Greek,Eleftherios Katsillis,2020-07-29T21:48:02Z
163950,Γερούλι,el,"","",,Greek,Eleftherios Katsillis,2020-07-29T21:49:04Z
163950,Υοσκύαμος ο λευκός,el,"","",,Greek,Eleftherios Katsillis,2020-07-29T21:49:15Z
157625,Υοσκύαμος,el,"","",,Greek,Eleftherios Katsillis,2020-07-29T21:49:41Z
204496,Μαυροκουρούνα,el,"","",,Greek,Eleftherios Katsillis,2020-07-29T21:50:20Z
53438,Τριανταφυλλιά,el,"","",,Greek,Eleftherios Katsillis,2020-07-29T22:27:09Z
545878,Κάπαρρη η ανατολική,el,"","",,Greek,Eleftherios Katsillis,2020-07-29T22:28:52Z
67714,Κάππαρη,el,"","",,Greek,Eleftherios Katsillis,2020-07-29T22:29:12Z
67714,Κάππαρις,el,"","",,Greek,Eleftherios Katsillis,2020-07-29T22:29:21Z
47847,Καππαριδίδες,el,"","",,Greek,Eleftherios Katsillis,2020-07-29T22:30:19Z
47689,Γερανιοειδή,el,"","",,Greek,Eleftherios Katsillis,2020-07-29T22:31:23Z
47688,Ερωδιός,el,"","",,Greek,Eleftherios Katsillis,2020-07-29T22:31:50Z
47701,Γεράνιο,el,"","",,Greek,Eleftherios Katsillis,2020-07-29T22:32:35Z
81756,Αφάνα,el,"","",,Greek,Eleftherios Katsillis,2020-07-29T22:33:40Z
81756,Σαρκοποτήριον το ακανθώδες,el,"","",,Greek,Eleftherios Katsillis,2020-07-29T22:34:47Z
81756,Αστοιβιά,el,"","",,Greek,Eleftherios Katsillis,2020-07-29T22:35:23Z
81756,Αστοιβίδα,el,"","",,Greek,Eleftherios Katsillis,2020-07-29T22:36:12Z
81756,Αχυροστοιβάδα,el,"","",,Greek,Eleftherios Katsillis,2020-07-29T22:37:15Z
81756,Κοκκιναστουβιά,el,"Άγιος Ευστράτιος, GR","",,Greek,Eleftherios Katsillis,2020-07-29T22:42:09Z
81756,Στεβάδα,el,"","",,Greek,Eleftherios Katsillis,2020-07-29T22:43:54Z
47148,Ροδοειδή,el,"","",,Greek,Eleftherios Katsillis,2020-07-29T22:44:48Z
81756,Ρόχσειο,el,"Pella, GR","",,Greek,Eleftherios Katsillis,2020-07-29T22:47:33Z
81756,Τουρκαφάνη,el,"","",,Greek,Eleftherios Katsillis,2020-07-29T22:49:19Z
81756,Μαζί,el,Cyprus,CY,,Greek,Eleftherios Katsillis,2020-07-29T22:49:40Z
81756,Πίσουρο,el,"","",,Greek,Eleftherios Katsillis,2020-07-29T22:51:42Z
81756,Πίσσυρο,el,"","",,Greek,Eleftherios Katsillis,2020-07-29T22:51:48Z
52523,Πρασινοκάβουρας,el,"","",,Greek,Eleftherios Katsillis,2020-07-29T23:21:39Z
496884,Στρογγυλός κάβουρας,el,"","",,Greek,Eleftherios Katsillis,2020-07-29T23:24:04Z
128834,Πετροκάβουρας,el,"","",,Greek,Eleftherios Katsillis,2020-07-29T23:25:36Z
53196,Λάπαθο,el,"","",,Greek,Eleftherios Katsillis,2020-07-29T23:35:43Z
633980,Καρφόχορτο,el,"","",,Greek,Eleftherios Katsillis,2020-07-29T23:36:27Z
633980,Παλλενίς η αγκαθωτή,el,"","",,Greek,Eleftherios Katsillis,2020-07-29T23:36:38Z
633980,Τσιτομάτα,el,"","",,Greek,Eleftherios Katsillis,2020-07-29T23:36:52Z
74139,Αίγαγρος,el,"","",,Greek,Eleftherios Katsillis,2020-07-29T23:41:06Z
74139,Αγριοκάτσικο,el,"","",,Greek,Eleftherios Katsillis,2020-07-29T23:41:22Z
57140,Ελιά,el,"","",,Greek,Eleftherios Katsillis,2020-07-29T23:42:40Z
58722,Δασική πεύκη,el,"","",,Greek,Eleftherios Katsillis,2020-07-29T23:43:17Z
58722,Δασόπευκο,el,"","",,Greek,Eleftherios Katsillis,2020-07-29T23:43:29Z
58722,Λιάχα,el,"","",,Greek,Eleftherios Katsillis,2020-07-29T23:43:42Z
42348,Αίγα,el,"","",,Greek,Eleftherios Katsillis,2020-07-29T23:45:32Z
42356,Αιγαγρός μαρκόρ,el,"","",,Greek,Eleftherios Katsillis,2020-07-29T23:46:56Z
42357,Αλπικός αίγαγρος,el,"","",,Greek,Eleftherios Katsillis,2020-07-29T23:47:20Z
42352,Αίγα Νουβίας,el,"","",,Greek,Eleftherios Katsillis,2020-07-29T23:47:37Z
42350,Ισπανικό Αγριοκάτσικο,el,"","",,Greek,Eleftherios Katsillis,2020-07-29T23:47:56Z
42351,Αίγα Σιβηρίας,el,"","",,Greek,Eleftherios Katsillis,2020-07-29T23:48:26Z
783548,Κρι-κρι,el,"","",,Greek,Eleftherios Katsillis,2020-07-29T23:49:07Z
783548,Κρητική Αίγα,el,"","",,Greek,Eleftherios Katsillis,2020-07-29T23:49:36Z
123070,Κατσίκα,el,"","",,Greek,Eleftherios Katsillis,2020-07-29T23:50:42Z
123070,Οικόσιτη γίδα,el,"","",,Greek,Eleftherios Katsillis,2020-07-29T23:51:03Z
123070,Γίδα,el,"","",,Greek,Eleftherios Katsillis,2020-07-29T23:51:16Z
42348,Αιξ,el,"","",,Greek,Eleftherios Katsillis,2020-07-29T23:52:18Z
42241,Βοοειδή,el,"","",,Greek,Eleftherios Katsillis,2020-07-29T23:53:20Z
568847,Αιγο-Αντιλόπες,el,"","",,Greek,Eleftherios Katsillis,2020-07-29T23:54:00Z
568847,Κοιλόκερα,el,"","",,Greek,Eleftherios Katsillis,2020-07-29T23:54:18Z
568847,Αιγώδη,el,"","",,Greek,Eleftherios Katsillis,2020-07-29T23:54:24Z
846306,Αντιλοπίνες,el,"","",,Greek,Eleftherios Katsillis,2020-07-29T23:55:06Z
846307,Αιγωδίνι,el,"","",,Greek,Eleftherios Katsillis,2020-07-29T23:56:15Z
129116,Κναουτία,el,"","",,Greek,Eleftherios Katsillis,2020-07-30T00:09:17Z
49268,Βραχυκέφαλος τετραόδοντας,el,"","",,Greek,Eleftherios Katsillis,2020-07-30T08:56:27Z
118619,Μπαρμπούνι,el,"","",,Greek,Eleftherios Katsillis,2020-07-30T09:07:25Z
118619,Τρίγλη η μυστακοφόρος,el,"","",,Greek,Eleftherios Katsillis,2020-07-30T09:07:56Z
92628,Τρίγλη,el,"","",,Greek,Eleftherios Katsillis,2020-07-30T09:09:11Z
48563,Τριγλίδες,el,"","",,Greek,Eleftherios Katsillis,2020-07-30T09:09:33Z
85777,Χελιδονόψαρο,el,"","",,Greek,Eleftherios Katsillis,2020-07-30T09:12:56Z
51672,Ματτάκι,el,"Rhodes, GR","",,Greek,Eleftherios Katsillis,2020-07-31T01:08:01Z
51672,Τσιμπούρι,el,"","",,Greek,Eleftherios Katsillis,2020-07-31T01:08:27Z
63190,Μελιτζάνα,el,"","",,Greek,Eleftherios Katsillis,2020-07-31T01:10:13Z
63190,Βαζάνι,el,Cyprus,CY,,Greek,Eleftherios Katsillis,2020-07-31T01:11:29Z
85552,Αχιλούες,el,"Rhodes, GR","",,Greek,Eleftherios Katsillis,2020-07-31T01:12:59Z
20979,Φορτακλοί,el,"Rhodes, GR","",,Greek,Eleftherios Katsillis,2020-07-31T01:17:19Z
67743,Μύγα του ξυδιού,el,"","",,Greek,Eleftherios Katsillis,2020-08-01T14:15:29Z
67743,Φρουτόμυγα,el,"","",,Greek,Eleftherios Katsillis,2020-08-01T14:15:45Z
61372,Βραχοκάβουρας,el,"","",,Greek,Eleftherios Katsillis,2020-08-01T14:16:40Z
47416,Αράχνη λύκος,el,"","",,Greek,Eleftherios Katsillis,2020-08-01T16:10:08Z
81698,Ευφορβία η ακανθόθαμνος,el,"","",,Greek,Eleftherios Katsillis,2020-08-02T07:58:49Z
81698,Γαλαστοιβίδα,el,"","",,Greek,Eleftherios Katsillis,2020-08-02T07:59:12Z
81698,Αγουλοναριά,el,"","",,Greek,Eleftherios Katsillis,2020-08-02T07:59:37Z
81698,Κουκουλοαφάνα,el,"","",,Greek,Eleftherios Katsillis,2020-08-02T07:59:48Z
61475,Αγριοκρέμμυδο,el,"","",,Greek,Eleftherios Katsillis,2020-08-02T08:19:03Z
244029,Σκόρδο το Τριχωτό,el,"","",,Greek,Eleftherios Katsillis,2020-08-02T08:20:28Z
61475,Σκορδαψιός,el,"","",,Greek,Eleftherios Katsillis,2020-08-02T08:24:37Z
61475,Άλλιο το νεαπολιτανικόν,el,"","",,Greek,Eleftherios Katsillis,2020-08-02T08:24:52Z
9211,Σκουρόβλαχος,el,"","",,Greek,Eleftherios Katsillis,2020-08-02T08:41:40Z
9211,Εμπερίζα η ερυθροπώγων,el,"","",,Greek,Eleftherios Katsillis,2020-08-02T08:46:09Z
204473,Μικρογαλιάντρα,el,"","",,Greek,Eleftherios Katsillis,2020-08-02T08:53:15Z
578607,Σκορταλλός,el,Cyprus,CY,,Greek,Eleftherios Katsillis,2020-08-02T08:58:32Z
578607,Κορυδαλός ο λοφιοφόρος,el,"","",,Greek,Eleftherios Katsillis,2020-08-02T08:59:30Z
48740,Βεσποειδή,el,"","",,Greek,Eleftherios Katsillis,2020-08-02T11:50:12Z
71289,Σαξιφραγκώδη,el,"","",,Greek,Eleftherios Katsillis,2020-08-02T11:54:46Z
51890,Κρασσουλοειδή,el,"","",,Greek,Eleftherios Katsillis,2020-08-02T11:55:04Z
55735,Σέδο,el,"","",,Greek,Eleftherios Katsillis,2020-08-02T11:55:48Z
47363,Γενθιανώδη,el,"","",,Greek,Eleftherios Katsillis,2020-08-02T11:56:48Z
47693,Ερυθροδανοειδή,el,"","",,Greek,Eleftherios Katsillis,2020-08-02T11:57:09Z
130140,Εκτόβιος,el,"","",,Greek,Eleftherios Katsillis,2020-08-02T12:24:58Z
176197,Ωτιόρρυγχος,el,"","",,Greek,Eleftherios Katsillis,2020-08-02T12:42:18Z
48736,Κουρκουλιονίδες,el,"","",,Greek,Eleftherios Katsillis,2020-08-02T12:42:50Z
60473,Κουρκουλιονοειδή,el,"","",,Greek,Eleftherios Katsillis,2020-08-02T12:43:09Z
57643,Γεράνιο το πορφυρό,el,"","",,Greek,Eleftherios Katsillis,2020-08-02T12:49:17Z
176875,Μυστακίδες,el,"","",,Greek,Eleftherios Katsillis,2020-08-02T12:58:05Z
61886,Λύγκος,el,"","",,Greek,Eleftherios Katsillis,2020-08-02T12:59:52Z
53505,Μιρίδες,el,"","",,Greek,Eleftherios Katsillis,2020-08-02T13:01:18Z
53504,Μιριδοειδή,el,"","",,Greek,Eleftherios Katsillis,2020-08-02T13:02:30Z
173079,Αφροφόρα,el,"","",,Greek,Eleftherios Katsillis,2020-08-02T13:04:51Z
56195,Αφροφορίδες,el,"","",,Greek,Eleftherios Katsillis,2020-08-02T13:05:23Z
126155,Σφήκα η γερμανική,el,"","",,Greek,Eleftherios Katsillis,2020-08-02T13:13:06Z
549548,Αρίων,el,"","",,Greek,Eleftherios Katsillis,2020-08-02T13:23:26Z
54582,Αρίων,el,"","",,Greek,Eleftherios Katsillis,2020-08-02T13:23:40Z
47778,Αριωνίδες,el,"","",,Greek,Eleftherios Katsillis,2020-08-02T13:23:59Z
781350,Αριωνιοειδή,el,"","",,Greek,Eleftherios Katsillis,2020-08-02T13:24:44Z
82003,Μαύρος γυμνοσάλιαγκας,el,"","",,Greek,Eleftherios Katsillis,2020-08-02T13:26:20Z
54583,Ισπανικός γυμνοσάλιαγκας,el,"","",,Greek,Eleftherios Katsillis,2020-08-02T13:28:29Z
50879,Ερίγερο,el,"","",,Greek,Eleftherios Katsillis,2020-08-02T13:33:23Z
51702,Πασχαλίτσα η Επτάστικτη,el,"","",,Greek,Eleftherios Katsillis,2020-08-02T13:36:19Z
57871,Πασχαλίτσα Η Πεντάστικτη,el,"","",,Greek,Eleftherios Katsillis,2020-08-02T13:38:22Z
205977,Πασχαλίτσα Η Εντεκάστικτη,el,"","",,Greek,Eleftherios Katsillis,2020-08-02T13:40:33Z
57871,Κοκκινέλλη Η Πεντάστικτη,el,"","",,Greek,Eleftherios Katsillis,2020-08-02T13:42:22Z
51702,Κοκκινέλλη η Επτάστικτη,el,"","",,Greek,Eleftherios Katsillis,2020-08-02T13:43:02Z
205977,Κοκκινέλλη Η Εντεκάστικτη,el,"","",,Greek,Eleftherios Katsillis,2020-08-02T13:43:49Z
51703,Κοκκινέλλη,el,"","",,Greek,Eleftherios Katsillis,2020-08-02T13:44:45Z
429696,Κναούτια η Μακεδονική,el,"","",,Greek,Eleftherios Katsillis,2020-08-02T13:57:58Z
57309,Κουκιά,el,"","",,Greek,Eleftherios Katsillis,2020-08-02T14:00:53Z
57309,Φάβα,el,"","",,Greek,Eleftherios Katsillis,2020-08-02T14:01:06Z
52471,Καβαλαριά,el,"","",,Greek,Eleftherios Katsillis,2020-08-02T14:08:54Z
507502,Ψυχανθή,el,"","",,Greek,Eleftherios Katsillis,2020-08-02T14:09:29Z
70189,Αιματόποτα,el,"","",,Greek,Eleftherios Katsillis,2020-08-02T14:11:30Z
62312,Καμπανούλα η στρογγυλόφυλλη,el,"","",,Greek,Eleftherios Katsillis,2020-08-02T14:48:41Z
52972,Επιλόβιο,el,"","",,Greek,Eleftherios Katsillis,2020-08-02T14:54:47Z
47790,Οναγροειδή,el,"","",,Greek,Eleftherios Katsillis,2020-08-02T14:55:28Z
55734,Κοχυλόχορτο,el,"","",,Greek,Eleftherios Katsillis,2020-08-02T14:57:35Z
112860,Σκάρος,el,"","",,Greek,Eleftherios Katsillis,2020-08-02T17:44:18Z
50968,Γύλος,el,"","",,Greek,Eleftherios Katsillis,2020-08-02T17:46:50Z
50968,Γιούλος,el,"","",,Greek,Eleftherios Katsillis,2020-08-02T17:47:00Z
50968,Γυλάρι,el,"","",,Greek,Eleftherios Katsillis,2020-08-02T17:47:19Z
50968,Ιλάρι,el,"","",,Greek,Eleftherios Katsillis,2020-08-02T17:47:27Z
50968,Κατρόγυλος,el,"","",,Greek,Eleftherios Katsillis,2020-08-02T17:47:44Z
50968,Πουρπουριά,el,"","",,Greek,Eleftherios Katsillis,2020-08-02T17:47:54Z
50968,Σπετσιάς,el,"","",,Greek,Eleftherios Katsillis,2020-08-02T17:48:17Z
50968,Λεμοναριά,el,"","",,Greek,Eleftherios Katsillis,2020-08-02T17:48:31Z
50980,Κόρις,el,"","",,Greek,Eleftherios Katsillis,2020-08-02T17:48:58Z
49284,Λαβρίδες,el,"","",,Greek,Eleftherios Katsillis,2020-08-02T17:49:12Z
50972,Γαϊτανούρι,el,"","",,Greek,Eleftherios Katsillis,2020-08-02T18:07:39Z
50972,Γραβανάς,el,"","",,Greek,Eleftherios Katsillis,2020-08-02T18:08:19Z
50972,Γαργαλίκι,el,"","",,Greek,Eleftherios Katsillis,2020-08-02T18:08:30Z
50972,Γαϊτανάκι,el,"","",,Greek,Eleftherios Katsillis,2020-08-02T18:08:42Z
50972,Φιάμουλα,el,Urban area of Patras,"",,Greek,Eleftherios Katsillis,2020-08-02T18:08:53Z
50972,Ραβανάς,el,"","",,Greek,Eleftherios Katsillis,2020-08-02T18:09:04Z
50972,Κόρνος,el,"","",,Greek,Eleftherios Katsillis,2020-08-02T18:09:18Z
50972,Μπλαβόγυλο,el,"Crete, Crete, GR","",,Greek,Eleftherios Katsillis,2020-08-02T18:09:42Z
113534,Χειλού,el,Greece,GR,,Greek,Eleftherios Katsillis,2020-08-02T18:14:25Z
113534,Λάμπραινα,el,"","",,Greek,Eleftherios Katsillis,2020-08-02T18:14:33Z
113534,Λαπίνα,el,"","",,Greek,Eleftherios Katsillis,2020-08-02T18:14:40Z
113534,Ματολαπίνα,el,Greece,GR,,Greek,Eleftherios Katsillis,2020-08-02T18:14:50Z
50972,Γυαλίνα,el,"Dodecanese, GR","",,Greek,Eleftherios Katsillis,2020-08-02T18:16:41Z
49494,Θαλάσσωμα,el,"","",,Greek,Eleftherios Katsillis,2020-08-02T18:18:50Z
285512,Σφαιραλκέα,el,"","",,Greek,Eleftherios Katsillis,2020-08-02T19:48:14Z
55935,Βρυωνία η κρητική,el,"","",,Greek,Eleftherios Katsillis,2020-08-02T19:51:13Z
461542,Αστέρες,el,"","",,Greek,Eleftherios Katsillis,2020-08-02T20:06:50Z
48903,Αστερίας,el,"","",,Greek,Eleftherios Katsillis,2020-08-02T20:08:33Z
47668,Αστερίας,el,"","",,Greek,Eleftherios Katsillis,2020-08-02T20:09:32Z
481959,Αστερόζωα,el,"","",,Greek,Eleftherios Katsillis,2020-08-02T20:10:06Z
48836,Οφιουροειδή,el,"","",,Greek,Eleftherios Katsillis,2020-08-02T20:10:25Z
47548,Αχινός,el,"","",,Greek,Eleftherios Katsillis,2020-08-02T20:12:32Z
47548,Εχινοειδή,el,"","",,Greek,Eleftherios Katsillis,2020-08-02T20:12:43Z
774753,Εχινόζωα,el,"","",,Greek,Eleftherios Katsillis,2020-08-02T20:13:31Z
47720,Ολοθουροειδή,el,"","",,Greek,Eleftherios Katsillis,2020-08-02T20:13:54Z
324537,Καβουρομάνα,el,"","",,Greek,Eleftherios Katsillis,2020-08-03T09:58:15Z
120553,Σιδεροκάβουρας,el,"","",,Greek,Eleftherios Katsillis,2020-08-03T09:59:55Z
120553,Κάβουρας Ατλαντικού,el,"","",,Greek,Eleftherios Katsillis,2020-08-03T10:00:05Z
51168,Δρομιίδαι,el,"","",,Greek,Eleftherios Katsillis,2020-08-03T10:01:10Z
121190,Καλαππίδαι,el,"","",,Greek,Eleftherios Katsillis,2020-08-03T10:01:28Z
47716,Μαϊίδαι,el,"","",,Greek,Eleftherios Katsillis,2020-08-03T10:01:45Z
49506,Πορτουνίδαι,el,"","",,Greek,Eleftherios Katsillis,2020-08-03T10:02:01Z
368091,Δοριππίδαι,el,"","",,Greek,Eleftherios Katsillis,2020-08-03T10:02:34Z
128122,Ιναχίδαι,el,"","",,Greek,Eleftherios Katsillis,2020-08-03T10:02:49Z
57399,Κορνέτα,el,"","",,Greek,Eleftherios Katsillis,2020-08-03T10:06:51Z
57399,Ψάρι τρομπέτα,el,"","",,Greek,Eleftherios Katsillis,2020-08-03T10:07:31Z
47248,Φιστουλάρια,el,"","",,Greek,Eleftherios Katsillis,2020-08-03T10:08:15Z
47245,Συγναθόμορφα,el,"","",,Greek,Eleftherios Katsillis,2020-08-03T10:19:25Z
47249,Φιστουλαρίδες,el,"","",,Greek,Eleftherios Katsillis,2020-08-03T10:19:37Z
131137,Θαλάσσιο Φανερόγαμο,el,"","",,Greek,Eleftherios Katsillis,2020-08-03T10:22:15Z
199812,Μακράκανθος Αχινός,el,"","",,Greek,Eleftherios Katsillis,2020-08-03T10:25:39Z
199812,Διάδημα το Αγκαθωτό,el,"","",,Greek,Eleftherios Katsillis,2020-08-03T10:25:54Z
52292,Διάδημα,el,"","",,Greek,Eleftherios Katsillis,2020-08-03T10:26:44Z
293066,Αχινός της Άμμου,el,"","",,Greek,Eleftherios Katsillis,2020-08-03T10:30:11Z
122232,Πατάτα της θάλασσας,el,"","",,Greek,Eleftherios Katsillis,2020-08-03T10:32:02Z
122233,Εχινοκάρδιο,el,"","",,Greek,Eleftherios Katsillis,2020-08-03T10:32:12Z
765083,Μπλε Καβούρι,el,"","",,Greek,Eleftherios Katsillis,2020-08-03T12:30:40Z
446572,Νανολαγοκέφαλος,el,"","",,Greek,Eleftherios Katsillis,2020-08-03T12:32:44Z
446145,Αδαμαντόραχος λαγοκέφαλος,el,"","",,Greek,Eleftherios Katsillis,2020-08-03T12:33:21Z
446148,Λαγοκέφαλος του Σουέζ,el,"","",,Greek,Eleftherios Katsillis,2020-08-03T12:33:52Z
360093,Ακανθόπερκα,el,"","",,Greek,Eleftherios Katsillis,2020-08-03T12:34:22Z
187006,Ψάρι χειρούργος,el,"","",,Greek,Eleftherios Katsillis,2020-08-03T12:35:06Z
84529,Γυμνοκοκκάλι,el,"","",,Greek,Eleftherios Katsillis,2020-08-03T12:35:30Z
128274,Ασημοκυπρίνος,el,"","",,Greek,Eleftherios Katsillis,2020-08-03T12:35:56Z
77279,Κίτρινη παπαρούνα,el,"","",,Greek,Eleftherios Katsillis,2020-08-04T11:45:00Z
77279,Παπαρούνα της θάλασσας,el,"","",,Greek,Eleftherios Katsillis,2020-08-04T11:45:38Z
77279,Γλαύκιο το κίτρινο,el,"","",,Greek,Eleftherios Katsillis,2020-08-04T11:46:32Z
748399,Νομαδική μέδουσα,el,"","",,Greek,Eleftherios Katsillis,2020-08-04T12:08:34Z
324852,Μεσογειακή μέδουσα,el,"","",,Greek,Eleftherios Katsillis,2020-08-04T12:09:03Z
319371,Γαλάζια μέδουσα,el,"","",,Greek,Eleftherios Katsillis,2020-08-04T12:09:43Z
256089,Μωβ τσούχτρα,el,"","",,Greek,Eleftherios Katsillis,2020-08-04T12:45:08Z
360314,Μέδουσα πυξίδα,el,"","",,Greek,Eleftherios Katsillis,2020-08-04T12:46:26Z
349375,Ροπιλέμα,el,"","",,Greek,Eleftherios Katsillis,2020-08-04T12:46:49Z
319373,Ριζόστομα,el,"","",,Greek,Eleftherios Katsillis,2020-08-04T12:47:04Z
62924,Δαφνούλα,el,"","",,Greek,Eleftherios Katsillis,2020-08-04T12:59:37Z
62926,Καθάρανθος,el,"","",,Greek,Eleftherios Katsillis,2020-08-04T13:00:09Z
47362,Αποκυνοειδή,el,"","",,Greek,Eleftherios Katsillis,2020-08-04T13:01:05Z
56530,Αχεροντία η άτροπος,el,"","",,Greek,Eleftherios Katsillis,2020-08-04T13:06:12Z
62924,Βίγκα της Μαδαγασκάρης,el,"","",,Greek,Eleftherios Katsillis,2020-08-04T13:15:41Z
54759,Κοινή Δάφνη,el,"","",,Greek,Eleftherios Katsillis,2020-08-04T13:16:12Z
54760,Δάφνη,el,"","",,Greek,Eleftherios Katsillis,2020-08-04T13:17:51Z
54759,Δάφνη η ευγενής,el,"","",,Greek,Eleftherios Katsillis,2020-08-04T13:18:20Z
43117,Λαγός,el,"","",,Greek,Eleftherios Katsillis,2020-08-05T02:46:22Z
43095,Λαγοειδή,el,"","",,Greek,Eleftherios Katsillis,2020-08-05T02:47:13Z
43095,Λαγίδες,el,"","",,Greek,Eleftherios Katsillis,2020-08-05T02:47:19Z
43094,Λαγόμορφα,el,"","",,Greek,Eleftherios Katsillis,2020-08-05T02:47:38Z
43096,Συλβιλαγός,el,"","",,Greek,Eleftherios Katsillis,2020-08-05T02:48:44Z
43128,Ευρωπαϊκός λαγός,el,"","",,Greek,Eleftherios Katsillis,2020-08-05T02:49:26Z
43151,Αγριοκούνελο,el,"","",,Greek,Eleftherios Katsillis,2020-08-05T02:51:04Z
1036089,Λαγός της Κρήτης,el,"","",,Greek,Eleftherios Katsillis,2020-08-05T02:53:20Z
43163,Πενταλαγός,el,"","",,Greek,Eleftherios Katsillis,2020-08-05T03:01:56Z
43164,Κουνέλι Αμάμι,el,"","",,Greek,Eleftherios Katsillis,2020-08-05T03:02:20Z
43167,Βουνολαγός,el,"","",,Greek,Eleftherios Katsillis,2020-08-05T03:02:36Z
43168,Βουνολαγός ο βουνίτης,el,"","",,Greek,Eleftherios Katsillis,2020-08-05T03:02:53Z
43168,Κουνέλι-βουσμάνος,el,"","",,Greek,Eleftherios Katsillis,2020-08-05T03:03:09Z
43160,Νησολαγός,el,"","",,Greek,Eleftherios Katsillis,2020-08-05T03:03:29Z
43161,Νησολαγός της Νέτσερ,el,"","",,Greek,Eleftherios Katsillis,2020-08-05T03:03:42Z
43162,Νησολαγός του Τίμινς,el,"","",,Greek,Eleftherios Katsillis,2020-08-05T03:03:56Z
43154,Ρομερολαγός,el,"","",,Greek,Eleftherios Katsillis,2020-08-05T03:04:15Z
43155,Κουνέλι του ηφαιστείου,el,"","",,Greek,Eleftherios Katsillis,2020-08-05T03:04:27Z
43155,Ρομερολαγός του Ντίας,el,"","",,Greek,Eleftherios Katsillis,2020-08-05T03:04:36Z
43107,Κουνέλι του δάσους,el,"","",,Greek,Eleftherios Katsillis,2020-08-05T03:05:32Z
43112,Κουνέλι-βούρτσα,el,"","",,Greek,Eleftherios Katsillis,2020-08-05T03:05:54Z
43116,Κουνέλι του βάλτου,el,"","",,Greek,Eleftherios Katsillis,2020-08-05T03:06:11Z
43102,Κουνέλι του έλους,el,"","",,Greek,Eleftherios Katsillis,2020-08-05T03:06:47Z
43150,Ορυκτολαγός,el,"","",,Greek,Eleftherios Katsillis,2020-08-05T03:07:04Z
43165,Ποιλαγός,el,"","",,Greek,Eleftherios Katsillis,2020-08-05T03:07:34Z
43166,Κεντροαφρικανικό κουνέλι,el,"","",,Greek,Eleftherios Katsillis,2020-08-05T03:07:46Z
43131,Λαγός αντιλόπη,el,"","",,Greek,Eleftherios Katsillis,2020-08-05T03:09:46Z
43132,Χιονολαγός,el,"","",,Greek,Eleftherios Katsillis,2020-08-05T03:10:03Z
43126,Αρκτικός λαγός,el,"","",,Greek,Eleftherios Katsillis,2020-08-05T03:10:27Z
43127,Λαγός της Αλάσκας,el,"","",,Greek,Eleftherios Katsillis,2020-08-05T03:10:45Z
55908,Ορεινός λαγός,el,"","",,Greek,Eleftherios Katsillis,2020-08-05T03:11:01Z
43125,Λαγός σφουγγαρίστρα,el,"","",,Greek,Eleftherios Katsillis,2020-08-05T03:12:00Z
74505,Λαγός της ερήμου,el,"","",,Greek,Eleftherios Katsillis,2020-08-05T03:12:16Z
56534,Κιγκλίδωμα το ερυθρό,el,"","",,Greek,Eleftherios Katsillis,2020-08-05T10:43:27Z
56534,Κλάθρος ο ερυθρός,el,"","",,Greek,Eleftherios Katsillis,2020-08-05T10:43:45Z
127511,Φόμης,el,"","",,Greek,Eleftherios Katsillis,2020-08-05T10:47:53Z
127510,Ίσκα,el,"","",,Greek,Eleftherios Katsillis,2020-08-05T10:48:24Z
127510,Έναυσμα το εναυσματικό,el,"","",,Greek,Eleftherios Katsillis,2020-08-05T10:48:43Z
48151,Λαμιώδη,el,"","",,Greek,Eleftherios Katsillis,2020-08-05T11:54:03Z
48623,Χειλανθή,el,"","",,Greek,Eleftherios Katsillis,2020-08-05T11:54:22Z
51229,Στάχυς,el,"","",,Greek,Eleftherios Katsillis,2020-08-05T11:55:13Z
77965,Χαμομήλι,el,"","",,Greek,Eleftherios Katsillis,2020-08-05T12:07:15Z
55666,Βερονίκη η περσική,el,"","",,Greek,Eleftherios Katsillis,2020-08-05T12:37:48Z
901813,Αφιδόμορφα,el,"","",,Greek,Eleftherios Katsillis,2020-08-05T12:53:13Z
319318,Φυλλοξηρίδες,el,"","",,Greek,Eleftherios Katsillis,2020-08-05T12:54:03Z
52380,Αφιδοειδή,el,"","",,Greek,Eleftherios Katsillis,2020-08-05T12:54:26Z
52381,Αφιδίδες,el,"","",,Greek,Eleftherios Katsillis,2020-08-05T12:54:44Z
62187,Ζύγαινα,el,"","",,Greek,Eleftherios Katsillis,2020-08-05T13:06:59Z
61523,Κοχλίας ο πωματίας,el,"","",,Greek,Eleftherios Katsillis,2020-08-05T13:32:25Z
47483,Κοχλίας,el,"","",,Greek,Eleftherios Katsillis,2020-08-05T13:32:51Z
55653,Μανιόλα της γιούρτας,el,"","",,Greek,Eleftherios Katsillis,2020-08-05T14:32:00Z
55929,Σκληρόδερμα,el,"","",,Greek,Eleftherios Katsillis,2020-08-05T14:38:11Z
5067,Αετίδες,el,"","",,Greek,Eleftherios Katsillis,2020-08-05T16:35:51Z
207977,Πεταλούδα παγώνι,el,"","",,Greek,Eleftherios Katsillis,2020-08-05T19:25:05Z
55622,Μετέλλινα,el,"","",,Greek,Eleftherios Katsillis,2020-08-05T20:49:12Z
55849,Αμαρυλλιδοειδή,el,"","",,Greek,Eleftherios Katsillis,2020-08-05T20:53:35Z
56036,Κνιφόρια,el,"","",,Greek,Eleftherios Katsillis,2020-08-05T20:59:41Z
48921,Υδρόζωα,el,"","",,Greek,Eleftherios Katsillis,2020-08-05T21:08:52Z
47534,Κνιδόζωα,el,"","",,Greek,Eleftherios Katsillis,2020-08-05T21:09:08Z
50999,Συκή,el,"","",,Greek,Eleftherios Katsillis,2020-08-05T21:14:14Z
50999,Φίκος,el,"","",,Greek,Eleftherios Katsillis,2020-08-05T21:14:25Z
50996,Φίκος μπέντζαμιν,el,"","",,Greek,Eleftherios Katsillis,2020-08-05T21:15:56Z
50996,Κλαίουσα,el,"","",,Greek,Eleftherios Katsillis,2020-08-05T21:16:21Z
50996,Μπενζαμίνη,el,"","",,Greek,Eleftherios Katsillis,2020-08-05T21:16:44Z
777625,Τρημαστέλμα,el,"","",,Greek,Eleftherios Katsillis,2020-08-05T21:17:44Z
334489,Λομελόζια,el,"","",,Greek,Eleftherios Katsillis,2020-08-05T21:19:52Z
48527,Αιγοφυλλοειδή,el,"","",,Greek,Eleftherios Katsillis,2020-08-05T21:20:37Z
48526,Διψακώδη,el,"","",,Greek,Eleftherios Katsillis,2020-08-05T21:20:49Z
51305,Αλμυρίκι,el,"","",,Greek,Eleftherios Katsillis,2020-08-05T21:23:16Z
51305,Ταμαρίς,el,"","",,Greek,Eleftherios Katsillis,2020-08-05T21:23:28Z
51305,Αρμυρίκι,el,"","",,Greek,Eleftherios Katsillis,2020-08-05T21:23:39Z
51305,Αρμύρα,el,"","",,Greek,Eleftherios Katsillis,2020-08-05T21:23:54Z
51305,Μέρικος,el,Cyprus,CY,,Greek,Eleftherios Katsillis,2020-08-05T21:25:23Z
56015,Αλμυρίκι με ροζ άνθος,el,"","",,Greek,Eleftherios Katsillis,2020-08-05T21:26:21Z
493107,Σμυρναίικο αλμυρίκι,el,"","",,Greek,Eleftherios Katsillis,2020-08-05T21:26:40Z
493107,Ταμαρίς η σμυρναίικη,el,"","",,Greek,Eleftherios Katsillis,2020-08-05T21:26:49Z
51303,Γαλλικό αλμυρίκι,el,"","",,Greek,Eleftherios Katsillis,2020-08-05T21:27:16Z
51303,Ταμαρίς η γαλλική,el,"","",,Greek,Eleftherios Katsillis,2020-08-05T21:27:23Z
493490,Κοινό Αλμυρίκι,el,"","",,Greek,Eleftherios Katsillis,2020-08-05T21:27:44Z
493490,Αλμυρίκι της Αττικής,el,"","",,Greek,Eleftherios Katsillis,2020-08-05T21:27:59Z
493490,Ταμαρίς η χαμπεανή,el,"","",,Greek,Eleftherios Katsillis,2020-08-05T21:28:08Z
56011,Κρητικό αλμυρίκι,el,"","",,Greek,Eleftherios Katsillis,2020-08-05T21:28:47Z
56011,Ταμαρίς η μικρανθής,el,"","",,Greek,Eleftherios Katsillis,2020-08-05T21:28:56Z
82722,Χαλέπιος Πεύκη,el,"","",,Greek,Eleftherios Katsillis,2020-08-05T21:32:31Z
82722,Χαλέπιο πεύκο,el,"","",,Greek,Eleftherios Katsillis,2020-08-05T21:33:05Z
47561,Πεύκη,el,"","",,Greek,Eleftherios Katsillis,2020-08-05T21:34:46Z
47561,Πεύκος,el,"","",,Greek,Eleftherios Katsillis,2020-08-05T21:35:28Z
52765,Προυνέλα,el,"","",,Greek,Eleftherios Katsillis,2020-08-05T21:35:54Z
52764,Βουτυρόχορτο,el,"","",,Greek,Eleftherios Katsillis,2020-08-05T21:38:30Z
52764,Πισπιρήγα,el,"","",,Greek,Eleftherios Katsillis,2020-08-05T21:39:10Z
81287,Προυνέλλα Η Κοινή Κοινή,el,"","",,Greek,Eleftherios Katsillis,2020-08-05T21:39:41Z
53870,Ωκύπους,el,"","",,Greek,Eleftherios Katsillis,2020-08-05T21:56:08Z
47951,Σταφυλινίδες,el,"","",,Greek,Eleftherios Katsillis,2020-08-05T21:56:45Z
48311,Σταφυλινοειδή,el,"","",,Greek,Eleftherios Katsillis,2020-08-05T21:57:13Z
372870,Σταφυλινόμορφα,el,"","",,Greek,Eleftherios Katsillis,2020-08-05T21:58:02Z
57564,Κυνάρα,el,"","",,Greek,Eleftherios Katsillis,2020-08-05T21:59:10Z
51609,Άρο,el,"","",,Greek,Eleftherios Katsillis,2020-08-05T22:06:46Z
356279,Άρον του Διοσκουρίδη,el,"","",,Greek,Eleftherios Katsillis,2020-08-05T22:07:31Z
356279,Αρκοκολόκασον,el,Cyprus,CY,,Greek,Eleftherios Katsillis,2020-08-05T22:07:54Z
51609,Άρον,el,"","",,Greek,Eleftherios Katsillis,2020-08-05T22:08:07Z
56090,Λευκή μουριά,el,"","",,Greek,Eleftherios Katsillis,2020-08-06T02:29:46Z
126741,Μαύρη μουριά,el,"","",,Greek,Eleftherios Katsillis,2020-08-06T02:30:03Z
56091,Μορέα,el,"","",,Greek,Eleftherios Katsillis,2020-08-06T02:30:25Z
56091,Μουριά,el,"","",,Greek,Eleftherios Katsillis,2020-08-06T02:30:39Z
50998,Μορεοειδή,el,"","",,Greek,Eleftherios Katsillis,2020-08-06T02:31:13Z
47132,Ροδώδη,el,"","",,Greek,Eleftherios Katsillis,2020-08-06T02:31:27Z
54142,Τραγοπώγωνας,el,"","",,Greek,Eleftherios Katsillis,2020-08-06T02:39:04Z
514645,Κίστος ο μικρανθής,el,"","",,Greek,Eleftherios Katsillis,2020-08-06T02:41:40Z
64322,Κίστος,el,"","",,Greek,Eleftherios Katsillis,2020-08-06T02:41:50Z
57010,Κιστοειδή,el,"","",,Greek,Eleftherios Katsillis,2020-08-06T02:42:06Z
48796,Μαλαχώδη,el,"","",,Greek,Eleftherios Katsillis,2020-08-06T02:42:21Z
53696,Μυτάκι,el,"","",,Greek,Eleftherios Katsillis,2020-08-06T17:20:13Z
53696,Ούγαινα,el,"","",,Greek,Eleftherios Katsillis,2020-08-06T17:20:24Z
53696,Χιόνα,el,"","",,Greek,Eleftherios Katsillis,2020-08-06T17:20:35Z
71219,Πρασσάγγουρας,el,"","",,Greek,Eleftherios Katsillis,2020-08-09T12:26:32Z
71219,Κρεμμυδοφάγος,el,"","",,Greek,Eleftherios Katsillis,2020-08-09T12:26:49Z
71219,Κρεμμυδάς,el,"","",,Greek,Eleftherios Katsillis,2020-08-09T12:27:00Z
71219,Κολοκυθάς,el,"","",,Greek,Eleftherios Katsillis,2020-08-09T12:27:12Z
71221,Γρυλοτάλπης,el,"","",,Greek,Eleftherios Katsillis,2020-08-09T12:30:13Z
523961,Γρυλλοταλπίνες,el,"","",,Greek,Eleftherios Katsillis,2020-08-09T12:30:38Z
71220,Γρυλλοταλπίδες,el,"","",,Greek,Eleftherios Katsillis,2020-08-09T12:30:46Z
71220,Αχαιτίδες,el,"","",,Greek,Eleftherios Katsillis,2020-08-09T12:30:55Z
523975,Γρυλλοταλποειδή,el,"","",,Greek,Eleftherios Katsillis,2020-08-09T12:31:27Z
61399,Βασιλικός,el,"","",,Greek,Eleftherios Katsillis,2020-08-10T14:21:10Z
61399,Ώκιμον,el,"","",,Greek,Eleftherios Katsillis,2020-08-10T14:21:22Z
61398,Κοινός Βασιλικός,el,"","",,Greek,Eleftherios Katsillis,2020-08-10T14:21:39Z
61398,Ώκιμον το βασιλικόν,el,"","",,Greek,Eleftherios Katsillis,2020-08-10T14:21:48Z
181060,Ιερός βασιλικός,el,"","",,Greek,Eleftherios Katsillis,2020-08-10T14:22:41Z
360189,Κρητική Ρίγανη,el,"","",,Greek,Eleftherios Katsillis,2020-08-10T14:29:38Z
589815,Μπούζι,el,"","",,Greek,Eleftherios Katsillis,2020-08-11T08:48:53Z
734729,Απτένια,el,"","",,Greek,Eleftherios Katsillis,2020-08-11T08:49:51Z
82888,Γιασεμί,el,"","",,Greek,Eleftherios Katsillis,2020-08-11T18:45:22Z
82888,Ίασμος,el,"","",,Greek,Eleftherios Katsillis,2020-08-11T18:45:30Z
135337,Φλωμίς,el,"","",,Greek,Eleftherios Katsillis,2020-08-11T19:18:27Z
62252,Πρηνανθές,el,"","",,Greek,Eleftherios Katsillis,2020-08-13T01:31:02Z
130694,Πρηνανθές το ερυθρό,el,"","",,Greek,Eleftherios Katsillis,2020-08-13T01:31:30Z
359450,Κιχωριέαι,el,"","",,Greek,Eleftherios Katsillis,2020-08-13T01:32:16Z
447425,Κιχωριοειδή,el,"","",,Greek,Eleftherios Katsillis,2020-08-13T01:32:36Z
164233,Κοινό Γιασεμί,el,"","",,Greek,Eleftherios Katsillis,2020-08-13T16:45:53Z
164233,Ίασμος ο φαρμακευτικός,el,"","",,Greek,Eleftherios Katsillis,2020-08-13T16:46:00Z
823684,Ίασμος ο θαμνώδης,el,"","",,Greek,Eleftherios Katsillis,2020-08-13T16:46:49Z
821171,Ίασμος ο ταπεινός,el,"","",,Greek,Eleftherios Katsillis,2020-08-13T16:47:50Z
278277,Χιώτικο Γιασεμί,el,"","",,Greek,Eleftherios Katsillis,2020-08-13T16:48:13Z
278277,Ίασμος ο μεγανθής,el,"","",,Greek,Eleftherios Katsillis,2020-08-13T16:48:24Z
135425,Ίασμος ο αραβικός,el,"","",,Greek,Eleftherios Katsillis,2020-08-13T16:49:27Z
135425,Γιασεμί το Αραβικό,el,"","",,Greek,Eleftherios Katsillis,2020-08-13T16:49:46Z
135425,Φούλι,el,"","",,Greek,Eleftherios Katsillis,2020-08-13T16:50:00Z
164232,Ίασμος ο γυμνανθής,el,"","",,Greek,Eleftherios Katsillis,2020-08-13T16:50:27Z
342641,Ίασμος ο πολυανθής,el,"","",,Greek,Eleftherios Katsillis,2020-08-13T16:51:04Z
1043837,Ίασμος ο ευοσμότατος,el,"","",,Greek,Eleftherios Katsillis,2020-08-13T16:51:26Z
164231,Ίασμος ο στιλπνός,el,"","",,Greek,Eleftherios Katsillis,2020-08-13T16:51:42Z
118703,Γωβιός Μεγαλοκέφαλος,el,Greece,GR,,Greek,Eleftherios Katsillis,2020-08-13T19:22:59Z
126846,Άγνος,el,"","",,Greek,Eleftherios Katsillis,2020-08-13T19:23:37Z
48891,Ιβίσκος,el,"","",,Greek,Eleftherios Katsillis,2020-08-13T20:51:26Z
48797,Μαλαχοειδή,el,"","",,Greek,Eleftherios Katsillis,2020-08-13T20:52:37Z
55978,Μαλάχη,el,"","",,Greek,Eleftherios Katsillis,2020-08-13T20:52:53Z
126585,Ιβίσκος ο συριακός,el,"","",,Greek,Eleftherios Katsillis,2020-08-13T20:57:04Z
126585,Αλθαία,el,"","",,Greek,Eleftherios Katsillis,2020-08-13T20:57:17Z
77411,Ιβίσκος ο τρισχιδής,el,"","",,Greek,Eleftherios Katsillis,2020-08-13T21:02:17Z
49520,Σκουλόπετρα,el,"","",,Greek,Eleftherios Katsillis,2020-08-16T22:48:54Z
49520,Σκουλήκι της φωτιάς,el,"","",,Greek,Eleftherios Katsillis,2020-08-16T22:50:01Z
49520,Πολύχαιτος,el,"","",,Greek,Eleftherios Katsillis,2020-08-16T22:50:20Z
78631,Μπλε γιασεμί,el,"","",,Greek,Eleftherios Katsillis,2020-08-17T14:29:07Z
78631,Κινέζικο Γιασεμί,el,"","",,Greek,Eleftherios Katsillis,2020-08-17T14:30:02Z
72308,Πλουμπάγκο,el,"","",,Greek,Eleftherios Katsillis,2020-08-17T14:30:44Z
72308,Μπλουμπάγκο,el,"","",,Greek,Eleftherios Katsillis,2020-08-17T14:30:51Z
52784,Μεγαχείλη,el,"","",,Greek,Eleftherios Katsillis,2020-08-19T23:23:30Z
314114,Μεγαχειλίνες,el,"","",,Greek,Eleftherios Katsillis,2020-08-19T23:23:51Z
52777,Μεγαχειλίδες,el,"","",,Greek,Eleftherios Katsillis,2020-08-19T23:24:06Z
57674,Οσμία,el,"","",,Greek,Eleftherios Katsillis,2020-08-19T23:25:17Z
50321,Λάθυρος,el,"","",,Greek,Eleftherios Katsillis,2020-08-19T23:27:07Z
129850,Στάχυς ο δασικός,el,"","",,Greek,Eleftherios Katsillis,2020-08-19T23:41:18Z
244034,Άλλιο το Τροπιοειδές,el,"","",,Greek,Eleftherios Katsillis,2020-08-19T23:44:21Z
899552,Άλλιον,el,"","",,Greek,Eleftherios Katsillis,2020-08-19T23:44:38Z
52884,Γρύλος,el,"","",,Greek,Eleftherios Katsillis,2020-08-20T00:51:23Z
52884,Τριζόνι,el,"","",,Greek,Eleftherios Katsillis,2020-08-20T00:51:31Z
52884,Τροξαλίδα,el,"Crete, Crete, GR","",,Greek,Eleftherios Katsillis,2020-08-20T00:51:54Z
523729,Ενεοπτερίνες,el,"","",,Greek,Eleftherios Katsillis,2020-08-20T00:52:17Z
122461,Γρυλλίνες,el,"","",,Greek,Eleftherios Katsillis,2020-08-20T00:52:34Z
324788,Νεμομπιίνες,el,"","",,Greek,Eleftherios Katsillis,2020-08-20T00:53:01Z
324788,Γρύλοι του εδάφους,el,"","",,Greek,Eleftherios Katsillis,2020-08-20T00:53:14Z
148912,Οικανθίνες,el,"","",,Greek,Eleftherios Katsillis,2020-08-20T00:53:29Z
148912,Πράσινοι γρύλοι,el,"","",,Greek,Eleftherios Katsillis,2020-08-20T00:53:41Z
208637,Φαλαγγοψίνες,el,"","",,Greek,Eleftherios Katsillis,2020-08-20T00:54:05Z
523725,Ποδοσκιρτίνες,el,"","",,Greek,Eleftherios Katsillis,2020-08-20T00:54:20Z
523947,Πτεροπλιστίνες,el,"","",,Greek,Eleftherios Katsillis,2020-08-20T00:54:55Z
179347,Τριγωνιδιίνες,el,"","",,Greek,Eleftherios Katsillis,2020-08-20T00:55:13Z
120481,Μογκοπλιστίδες,el,"","",,Greek,Eleftherios Katsillis,2020-08-20T00:55:37Z
50159,Μυρμηγκοφιλίδες,el,"","",,Greek,Eleftherios Katsillis,2020-08-20T00:55:50Z
48124,Τεττιγονίδες,el,"","",,Greek,Eleftherios Katsillis,2020-08-20T00:56:04Z
143905,Γρύλοι Μορμόνοι,el,"","",,Greek,Eleftherios Katsillis,2020-08-20T00:56:38Z
78334,Κρίνος της θάλασσας,el,"","",,Greek,Eleftherios Katsillis,2020-08-20T00:58:50Z
515195,Αγιοβασιλίτσα,el,"","",,Greek,Eleftherios Katsillis,2020-08-20T01:00:26Z
515195,Σκυλοκρομύδα,el,"","",,Greek,Eleftherios Katsillis,2020-08-20T01:00:35Z
515195,Ασκύλα,el,"","",,Greek,Eleftherios Katsillis,2020-08-20T01:00:45Z
515195,Μποτσίκι,el,"","",,Greek,Eleftherios Katsillis,2020-08-20T01:00:57Z
118590,Σμέρνα,el,"","",,Greek,Eleftherios Katsillis,2020-08-20T01:02:19Z
118590,Μύραινα η ελένη,el,"","",,Greek,Eleftherios Katsillis,2020-08-20T01:02:30Z
47312,Μύραινα,el,"","",,Greek,Eleftherios Katsillis,2020-08-20T01:02:48Z
47314,Εγχελυόμορφα,el,"","",,Greek,Eleftherios Katsillis,2020-08-20T01:03:01Z
47313,Μυραινίδες,el,"","",,Greek,Eleftherios Katsillis,2020-08-20T01:03:37Z
60218,Συκιά,el,"","",,Greek,Eleftherios Katsillis,2020-08-20T01:06:54Z
356277,Ιερή Ορχιδέα,el,"","",,Greek,Eleftherios Katsillis,2020-08-20T01:09:04Z
356277,Ανακαμπτίδα η Ιερή,el,"","",,Greek,Eleftherios Katsillis,2020-08-20T01:09:21Z
59319,Ανακαμπτίδα,el,"","",,Greek,Eleftherios Katsillis,2020-08-20T01:09:31Z
118669,Σαργός,el,"","",,Greek,Eleftherios Katsillis,2020-08-20T01:10:51Z
118675,Χάνος,el,"","",,Greek,Eleftherios Katsillis,2020-08-20T01:11:13Z
49748,Σερρανέλος,el,"","",,Greek,Eleftherios Katsillis,2020-08-20T01:11:42Z
118674,Θαλάσσια Πέρκα,el,Greece,GR,,Greek,Eleftherios Katsillis,2020-08-20T01:11:57Z
118674,Σερρανέλος ο γραφεύς,el,"","",,Greek,Eleftherios Katsillis,2020-08-20T01:13:21Z
118674,Πέρδικα,el,"","",,Greek,Eleftherios Katsillis,2020-08-20T01:13:29Z
118674,Μπογιατζής,el,"","",,Greek,Eleftherios Katsillis,2020-08-20T01:13:37Z
118674,Γραμματικός,el,"","",,Greek,Eleftherios Katsillis,2020-08-20T01:13:45Z
118674,Περκιά,el,"","",,Greek,Eleftherios Katsillis,2020-08-20T01:13:54Z
109062,Ευρωπαϊκή πέρκα,el,"","",,Greek,Eleftherios Katsillis,2020-08-20T01:14:16Z
58629,Πέρκα,el,"","",,Greek,Eleftherios Katsillis,2020-08-20T01:14:42Z
118640,Πισί,el,"","",,Greek,Eleftherios Katsillis,2020-08-20T01:16:17Z
118589,Μουγγρί,el,"","",,Greek,Eleftherios Katsillis,2020-08-20T01:16:58Z
87587,Γόγγρος,el,"","",,Greek,Eleftherios Katsillis,2020-08-20T01:17:12Z
85709,Μουγγριές,el,"","",,Greek,Eleftherios Katsillis,2020-08-20T01:17:42Z
118663,Σάλπα,el,"","",,Greek,Eleftherios Katsillis,2020-08-20T01:18:02Z
91871,Σάρπα,el,"","",,Greek,Eleftherios Katsillis,2020-08-20T01:18:33Z
522188,Οφρύς του Ρέινχολντ,el,"","",,Greek,Eleftherios Katsillis,2020-08-20T01:19:32Z
142935,Πελοπίδας ο Θραξ,el,"","",,Greek,Eleftherios Katsillis,2020-08-20T01:19:58Z
141724,Πελοπίδας,el,"","",,Greek,Eleftherios Katsillis,2020-08-20T01:20:24Z
47653,Εσπερίδες,el,"","",,Greek,Eleftherios Katsillis,2020-08-20T01:20:52Z
49133,Κόκκινος ναύαρχος,el,"","",,Greek,Eleftherios Katsillis,2020-08-20T01:30:01Z
142948,Πεταλούδα του Λυκίσκου,el,"","",,Greek,Eleftherios Katsillis,2020-08-20T01:30:36Z
142948,Πολυγωνία του Αιγαίου,el,"","",,Greek,Eleftherios Katsillis,2020-08-20T01:31:23Z
50392,Πολυγωνία,el,"","",,Greek,Eleftherios Katsillis,2020-08-20T01:31:41Z
202067,Νυμφαλίνες,el,"","",,Greek,Eleftherios Katsillis,2020-08-20T01:32:36Z
88907,Ιππαρχία,el,"","",,Greek,Eleftherios Katsillis,2020-08-20T01:33:49Z
118662,Μελανούρι,el,"","",,Greek,Eleftherios Katsillis,2020-08-20T01:35:11Z
118712,Μαρίδα,el,"","",,Greek,Eleftherios Katsillis,2020-08-20T01:35:54Z
162707,Γαλανάγκαθο,el,"","",,Greek,Eleftherios Katsillis,2020-08-20T01:38:49Z
57628,Ερύγγιο,el,"","",,Greek,Eleftherios Katsillis,2020-08-20T01:39:06Z
48699,Σελινοειδή,el,"","",,Greek,Eleftherios Katsillis,2020-08-20T01:39:32Z
48700,Σελινώδη,el,"","",,Greek,Eleftherios Katsillis,2020-08-20T01:39:47Z
59339,Οφρύς η κίτρινη,el,"","",,Greek,Eleftherios Katsillis,2020-08-20T01:40:53Z
446672,Υοσκύαμος ο χρυσός,el,"","",,Greek,Eleftherios Katsillis,2020-08-20T01:42:15Z
163951,Γερούλι,el,"","",,Greek,Eleftherios Katsillis,2020-08-20T01:42:47Z
48516,Στρυχνοειδή,el,"","",,Greek,Eleftherios Katsillis,2020-08-20T01:43:14Z
48515,Στρυχνώδη,el,"","",,Greek,Eleftherios Katsillis,2020-08-20T01:43:29Z
47366,Καρυοφυλλώδη,el,"","",,Greek,Eleftherios Katsillis,2020-08-20T01:44:46Z
47540,Κηλαστρώδη,el,"","",,Greek,Eleftherios Katsillis,2020-08-20T01:45:02Z
47195,Κηλαστρώδη,el,"","",,Greek,Eleftherios Katsillis,2020-08-20T01:45:21Z
47181,Ερεικώδη,el,"","",,Greek,Eleftherios Katsillis,2020-08-20T01:45:49Z
47853,Φηγώδη,el,"","",,Greek,Eleftherios Katsillis,2020-08-20T01:46:04Z
47690,Γερανιώδη,el,"","",,Greek,Eleftherios Katsillis,2020-08-20T01:46:18Z
48808,Δαφνώδη,el,"","",,Greek,Eleftherios Katsillis,2020-08-20T01:46:38Z
51120,Νυμφαιώδη,el,"","",,Greek,Eleftherios Katsillis,2020-08-20T01:46:54Z
60244,Πιπερώδη,el,"","",,Greek,Eleftherios Katsillis,2020-08-20T01:47:25Z
64516,Πρωτεώδη,el,"","",,Greek,Eleftherios Katsillis,2020-08-20T01:47:38Z
48232,Βατραχιώδη,el,"","",,Greek,Eleftherios Katsillis,2020-08-20T01:47:50Z
49669,Σανδαλιώδη,el,"","",,Greek,Eleftherios Katsillis,2020-08-20T01:48:03Z
68220,Ζυγοφυλλώδη,el,"","",,Greek,Eleftherios Katsillis,2020-08-20T01:48:36Z
71057,Κανελλώδη,el,"","",,Greek,Eleftherios Katsillis,2020-08-20T01:49:14Z
774822,Κοινή Κανέλα,el,"","",,Greek,Eleftherios Katsillis,2020-08-20T01:50:32Z
774822,Κινεζική κανέλα,el,"","",,Greek,Eleftherios Katsillis,2020-08-20T01:50:43Z
774822,Κασσία,el,"","",,Greek,Eleftherios Katsillis,2020-08-20T01:50:51Z
160583,Κανέλα Ινδονησίας,el,"","",,Greek,Eleftherios Katsillis,2020-08-20T01:51:16Z
160583,Κασσία του Παντάνγκ,el,"","",,Greek,Eleftherios Katsillis,2020-08-20T01:51:30Z
400842,Κανέλα του Βιετνάμ,el,"","",,Greek,Eleftherios Katsillis,2020-08-20T01:51:53Z
122777,Κανέλα Κεϋλάνης,el,"","",,Greek,Eleftherios Katsillis,2020-08-20T01:52:13Z
72055,Κιννάμωμον,el,"","",,Greek,Eleftherios Katsillis,2020-08-20T01:52:32Z
72055,Κανέλα,el,"","",,Greek,Eleftherios Katsillis,2020-08-20T01:52:48Z
48809,Λαουρίδες,el,"","",,Greek,Eleftherios Katsillis,2020-08-20T01:53:09Z
118660,Μουρμούρα,el,"","",,Greek,Eleftherios Katsillis,2020-08-20T01:57:32Z
89574,Λιθόγναθος,el,"","",,Greek,Eleftherios Katsillis,2020-08-20T01:58:01Z
123912,Πεταλούδα της κουμαριάς,el,"","",,Greek,Eleftherios Katsillis,2020-08-20T01:58:25Z
123438,Ινδικό φούλι,el,"","",,Greek,Eleftherios Katsillis,2020-08-20T01:59:18Z
56532,Γιγάντια νυχτοπεταλούδα παγώνι,el,"","",,Greek,Eleftherios Katsillis,2020-08-20T02:00:30Z
55626,Πιερίδα των γογγυλίων,el,"","",,Greek,Eleftherios Katsillis,2020-08-20T02:01:03Z
1199,Παγώνι,el,"","",,Greek,Eleftherios Katsillis,2020-08-20T02:02:00Z
574,Φασιανίδες,el,"","",,Greek,Eleftherios Katsillis,2020-08-20T02:02:13Z
81695,Μυροσκέλα,el,"","",,Greek,Eleftherios Katsillis,2020-08-20T02:02:42Z
118665,Σπάρος,el,"","",,Greek,Eleftherios Katsillis,2020-08-20T02:03:20Z
143139,Μαύρος αχινός,el,"","",,Greek,Eleftherios Katsillis,2020-08-20T02:03:39Z
342288,Σκορπίνα Μαδέρας,el,"","",,Greek,Eleftherios Katsillis,2020-08-20T02:04:26Z
113701,Σκαρμός,el,"","",,Greek,Eleftherios Katsillis,2020-08-20T02:04:51Z
55655,Λύκαινα η φλαιάς,el,"","",,Greek,Eleftherios Katsillis,2020-08-20T02:05:14Z
115188,Κατσούλα,el,"","",,Greek,Eleftherios Katsillis,2020-08-20T02:06:54Z
741869,Ελληνική Καρλίνα,el,"","",,Greek,Eleftherios Katsillis,2020-08-20T02:09:32Z
363490,Κολχικό το ποικίλο,el,"","",,Greek,Eleftherios Katsillis,2020-08-20T02:10:13Z
131587,Κολχικό,el,"","",,Greek,Eleftherios Katsillis,2020-08-20T02:10:33Z
47329,Λειριώδη,el,"","",,Greek,Eleftherios Katsillis,2020-08-20T02:10:51Z
47163,Μονοκοτυλήδονα,el,"","",,Greek,Eleftherios Katsillis,2020-08-20T02:11:16Z
47162,Ποώδη,el,"","",,Greek,Eleftherios Katsillis,2020-08-20T02:11:33Z
47434,Αγρωστώδη,el,"","",,Greek,Eleftherios Katsillis,2020-08-20T02:12:24Z
367208,Ίρις η ονυχοφόρος,el,"","",,Greek,Eleftherios Katsillis,2020-08-20T02:13:38Z
118685,Ριγοσαλιάρα,el,"","",,Greek,Eleftherios Katsillis,2020-08-20T02:13:59Z
204454,Κοινή μάινα,el,"","",,Greek,Eleftherios Katsillis,2020-08-20T02:14:29Z
14868,Μάινα,el,"","",,Greek,Eleftherios Katsillis,2020-08-20T02:14:52Z
14841,Στουρνίδες,el,"","",,Greek,Eleftherios Katsillis,2020-08-20T02:15:05Z
100119,Ροφός,el,"","",,Greek,Eleftherios Katsillis,2020-08-20T02:15:27Z
49497,Επινέφελος,el,"","",,Greek,Eleftherios Katsillis,2020-08-20T02:15:42Z
47765,Σερανίδες,el,"","",,Greek,Eleftherios Katsillis,2020-08-20T02:16:11Z
565199,Δριμία η νουμιδική,el,"","",,Greek,Eleftherios Katsillis,2020-08-20T02:17:31Z
118536,Δριμία,el,"","",,Greek,Eleftherios Katsillis,2020-08-20T02:17:41Z
47599,Ασπαραγοειδή,el,"","",,Greek,Eleftherios Katsillis,2020-08-20T02:18:01Z
334196,Αχιλλέα η παραθαλάσσια,el,"","",,Greek,Eleftherios Katsillis,2020-08-20T02:19:09Z
52818,Αχιλλέα,el,"","",,Greek,Eleftherios Katsillis,2020-08-20T02:19:22Z
53022,Κονβόλβουλος,el,"","",,Greek,Eleftherios Katsillis,2020-08-20T02:20:36Z
52345,Περιπλοκοειδή,el,"","",,Greek,Eleftherios Katsillis,2020-08-20T02:20:57Z
569704,Αραουκάρια,el,"","",,Greek,Eleftherios Katsillis,2020-08-20T13:02:14Z
83168,Αραουκάρια η στενόφυλλος,el,"","",,Greek,Eleftherios Katsillis,2020-08-20T13:02:52Z
83168,Αρωκάρια η στενόφυλλος,el,"","",,Greek,Eleftherios Katsillis,2020-08-20T13:03:02Z
126404,Αραουκάρια η επαλληλόφυλλος,el,"","",,Greek,Eleftherios Katsillis,2020-08-20T13:03:33Z
126404,Αραουκάρια της Αραουκανίας,el,"","",,Greek,Eleftherios Katsillis,2020-08-20T13:04:16Z
126404,Αραουκάρια της Χιλής,el,"","",,Greek,Eleftherios Katsillis,2020-08-20T13:04:30Z
120694,Λοβόψαρο,el,"","",,Greek,Eleftherios Katsillis,2020-08-20T13:28:52Z
85874,Λοβοτίδες,el,"","",,Greek,Eleftherios Katsillis,2020-08-20T13:30:50Z
89589,Λοβότης,el,"","",,Greek,Eleftherios Katsillis,2020-08-20T13:31:52Z
1067962,Κυπριακό αγρινό,el,"","",,Greek,Bobby McCabe,2020-08-20T19:30:18Z
1067780,ασιατικό αγρινό,el,"","",,Greek,Bobby McCabe,2020-08-20T19:30:44Z
324853,Κοτυλόριζα,el,"","",,Greek,Eleftherios Katsillis,2020-08-20T23:00:11Z
764917,Κολποφόρα,el,"","",,Greek,Eleftherios Katsillis,2020-08-20T23:01:47Z
245625,Ριζοστοματίδες,el,"","",,Greek,Eleftherios Katsillis,2020-08-20T23:03:36Z
995117,Ριζοστοματοειδή,el,"","",,Greek,Eleftherios Katsillis,2020-08-20T23:04:47Z
764918,Δακτυλιοφόρα,el,"","",,Greek,Eleftherios Katsillis,2020-08-20T23:05:18Z
69831,Ριζοστόματα,el,"","",,Greek,Eleftherios Katsillis,2020-08-20T23:07:33Z
551480,Δισκομέδουσες,el,"","",,Greek,Eleftherios Katsillis,2020-08-20T23:07:59Z
48332,Σκυφόζωα,el,"","",,Greek,Eleftherios Katsillis,2020-08-20T23:08:13Z
68095,Κυβόζωα,el,"","",,Greek,Eleftherios Katsillis,2020-08-20T23:09:17Z
200930,Ζευζέρα της αχλαδιάς,el,"","",,Greek,Eleftherios Katsillis,2020-08-21T18:15:49Z
124661,Ζευζέρα,el,"","",,Greek,Eleftherios Katsillis,2020-08-21T18:16:29Z
354818,Ζευζερίνες,el,"","",,Greek,Eleftherios Katsillis,2020-08-21T18:16:52Z
124661,Ζευζέρια,el,"","",,Greek,Eleftherios Katsillis,2020-08-21T18:18:27Z
1122578,Αρμενικό αγρινό,el,"","",,Greek,Bobby McCabe,2020-08-21T18:29:21Z
1122578,Υπερκαυκασιανό πρόβατο,el,"","",,Greek,Bobby McCabe,2020-08-21T18:30:45Z
41766,Θαλάσσιος ίππος,el,"","",,Greek,Bobby McCabe,2020-08-22T18:57:11Z
12964,Μυγοχάφτης,el,"","",,Greek,Eleftherios Katsillis,2020-08-23T15:06:11Z
12964,Μυιοθηρίδες,el,"","",,Greek,Eleftherios Katsillis,2020-08-23T15:06:21Z
12704,Μυϊοθηριίδες,el,"","",,Greek,Eleftherios Katsillis,2020-08-23T15:07:13Z
12704,Μουσκικαπίδες,el,"","",,Greek,Eleftherios Katsillis,2020-08-23T15:07:56Z
52393,Ολοθούρια,el,"","",,Greek,Eleftherios Katsillis,2020-08-23T17:49:24Z
86714,Αθερίνα,el,"","",,Greek,Eleftherios Katsillis,2020-08-23T17:49:43Z
118594,Αθερίνα παπάς,el,"","",,Greek,Eleftherios Katsillis,2020-08-23T17:50:53Z
118594,Αθερίνη ο πρεσβύτης,el,"","",,Greek,Eleftherios Katsillis,2020-08-23T17:51:02Z
94786,Αθερίνα Κεφαλάς,el,Greece,GR,,Greek,Eleftherios Katsillis,2020-08-23T17:53:32Z
118595,Αθερίνα η εψητός,el,"","",,Greek,Eleftherios Katsillis,2020-08-23T17:55:04Z
85611,Αθερινίδες,el,"","",,Greek,Eleftherios Katsillis,2020-08-23T17:56:46Z
85506,Αθερινόμορφα,el,"","",,Greek,Eleftherios Katsillis,2020-08-23T17:57:07Z
432545,Θράψαλο,el,"","",,Greek,Bobby McCabe,2020-08-25T16:09:50Z
82825,Τζίτζικας ο μέλας,el,"","",,Greek,Sotirios Liakas,2020-08-25T18:46:49Z
361905,Τζίτζικας ο κοινός,el,"","",,Greek,Sotirios Liakas,2020-08-25T18:51:34Z
243961,Τζίτζικας του φράξου,el,"","",,Greek,Sotirios Liakas,2020-08-25T18:57:15Z
109007,Αττικόψαρο,el,"","",,Greek,Agapakis Georgios,2020-08-26T12:40:50Z
1067068,Χιτωνίνες,el,"","",,Greek,Eleftherios Katsillis,2020-08-27T23:41:57Z
49515,Χιτωνίδες,el,"","",,Greek,Eleftherios Katsillis,2020-08-27T23:42:10Z
533490,Χιτωνοειδή,el,"","",,Greek,Eleftherios Katsillis,2020-08-27T23:42:24Z
533487,Χιτώνινα,el,"","",,Greek,Eleftherios Katsillis,2020-08-27T23:43:04Z
47429,Πολυπλακοφόρα,el,"","",,Greek,Eleftherios Katsillis,2020-08-27T23:43:28Z
345619,Τοξόνευρα,el,"","",,Greek,Eleftherios Katsillis,2020-08-28T00:47:17Z
58991,Αντράκλα,el,"","",,Greek,Eleftherios Katsillis,2020-08-28T01:52:01Z
58991,Γλυστρίδα,el,"","",,Greek,Eleftherios Katsillis,2020-08-28T01:52:12Z
58991,Ανδράχλη,el,"","",,Greek,Eleftherios Katsillis,2020-08-28T01:52:22Z
69819,Λιγούστρο,el,"","",,Greek,Eleftherios Katsillis,2020-08-29T18:05:24Z
77740,Λιγούστρο το κίτρινο,el,"","",,Greek,Eleftherios Katsillis,2020-08-29T18:06:09Z
119805,Κοινό Λιγούστρο,el,"","",,Greek,Eleftherios Katsillis,2020-08-29T18:06:32Z
904480,Τζίτζικας ο δύδιμος,el,Greece | Cyprus,GR,,Greek,Sotirios Liakas,2020-08-30T15:18:56Z
34615,Γκέκο τοκάι,el,"","",,Greek,Eleftherios Katsillis,2020-08-30T18:34:35Z
1120328,Τζίτζικας ο Ευβοιανός,el,Greece | Cyprus,GR,,Greek,Sotirios Liakas,2020-09-01T06:56:13Z
70152,Καλλιφόρα,el,"","",,Greek,Eleftherios Katsillis,2020-09-03T22:46:25Z
52195,Σιληνή,el,"","",,Greek,Eleftherios Katsillis,2020-09-03T23:04:52Z
791475,Σιληνέες,el,"","",,Greek,Eleftherios Katsillis,2020-09-03T23:06:05Z
11853,Χελιδονίδες,el,"","",,Greek,Eleftherios Katsillis,2020-09-04T14:24:46Z
11880,Χελιδόνι,el,"","",,Greek,Eleftherios Katsillis,2020-09-04T14:25:02Z
257156,Φυλλοκνίστης των εσπεριδοειδών,el,"","",,Greek,Eleftherios Katsillis,2020-09-05T07:18:04Z
178467,Φυλλοκνίστης,el,"","",,Greek,Eleftherios Katsillis,2020-09-05T07:18:15Z
124273,Φυλλοκνιστίνες,el,"","",,Greek,Eleftherios Katsillis,2020-09-05T07:18:45Z
643297,Κρυφιομύστης,el,"","",,Greek,Eleftherios Katsillis,2020-09-05T07:19:16Z
48657,Απλύσια,el,"","",,Greek,Eleftherios Katsillis,2020-09-05T21:22:07Z
48656,Απλυσιίδες,el,"","",,Greek,Eleftherios Katsillis,2020-09-05T21:22:40Z
775828,Απλυσιοειδή,el,"","",,Greek,Eleftherios Katsillis,2020-09-05T21:23:13Z
775804,Απλυσίιδα,el,"","",,Greek,Eleftherios Katsillis,2020-09-05T21:23:37Z
775797,Ευθύνευρα,el,"","",,Greek,Eleftherios Katsillis,2020-09-05T21:24:45Z
551391,Ετεροβράγχια,el,"","",,Greek,Eleftherios Katsillis,2020-09-05T21:25:43Z
49530,Γεωμετρίδες,el,"","",,Greek,Eleftherios Katsillis,2020-09-05T21:35:05Z
49531,Γεωμετροειδή,el,"","",,Greek,Eleftherios Katsillis,2020-09-05T21:35:33Z
41716,Μεσογειακή φώκια,el,"","",,Greek,Eleftherios Katsillis,2020-09-05T21:39:04Z
51111,Ξυλοκοπάνα,el,"","",,Greek,Eleftherios Katsillis,2020-09-05T21:42:08Z
244505,Ξυλοκοπίνες,el,"","",,Greek,Eleftherios Katsillis,2020-09-05T21:42:52Z
51111,Ξυλοκόπος,el,"","",,Greek,Eleftherios Katsillis,2020-09-05T21:46:08Z
51111,Μέλισσες Ξυλουργοί,el,"","",,Greek,Eleftherios Katsillis,2020-09-05T21:47:26Z
41715,Φώκια μοναχός,el,"","",,Greek,Eleftherios Katsillis,2020-09-05T21:51:29Z
41687,Φωκίδες,el,"","",,Greek,Eleftherios Katsillis,2020-09-05T21:52:37Z
372843,Πτερυγιόποδα,el,"","",,Greek,Eleftherios Katsillis,2020-09-05T21:52:59Z
41573,Σαρκοφάγα,el,"","",,Greek,Eleftherios Katsillis,2020-09-05T21:53:16Z
211700,Σαργός,el,"","",,Greek,Eleftherios Katsillis,2020-09-06T21:57:36Z
50190,Τεττιγοειδή,el,"","",,Greek,Eleftherios Katsillis,2020-09-07T16:43:13Z
372849,Τεττιγόμορφα,el,"","",,Greek,Eleftherios Katsillis,2020-09-07T16:44:16Z
696645,Παλαιοντινοειδή,el,"","",,Greek,Eleftherios Katsillis,2020-09-07T16:45:30Z
50186,Τζιτζίκια,el,"","",,Greek,Eleftherios Katsillis,2020-09-07T16:46:51Z
50186,Τεττιγίδες,el,"","",,Greek,Eleftherios Katsillis,2020-09-07T16:46:57Z
209685,Τεττιγίνες,el,"","",,Greek,Eleftherios Katsillis,2020-09-07T16:48:06Z
50190,Τζιτζικοειδή,el,"","",,Greek,Eleftherios Katsillis,2020-09-07T16:51:33Z
372849,Τζιτζικόμορφα,el,"","",,Greek,Eleftherios Katsillis,2020-09-07T16:51:45Z
53237,Κικαδελίδες,el,"","",,Greek,Eleftherios Katsillis,2020-09-07T16:55:28Z
49024,Μεμβρακίδες,el,"","",,Greek,Eleftherios Katsillis,2020-09-07T16:57:18Z
49025,Μεμβρακοειδή,el,"","",,Greek,Eleftherios Katsillis,2020-09-07T16:57:29Z
361904,Λυριστής,el,"","",,Greek,Eleftherios Katsillis,2020-09-07T18:19:36Z
48896,Ηλιοτρόπιο,el,"","",,Greek,Eleftherios Katsillis,2020-09-07T19:10:15Z
48895,Ηλιοτρόπιο το Αγγειόσπερμο,el,"","",,Greek,Eleftherios Katsillis,2020-09-07T19:12:16Z
514945,Ηλιοτρόπιο το Δόλιο,el,"","",,Greek,Eleftherios Katsillis,2020-09-07T19:16:09Z
795679,Ηλιοτροπιοειδή,el,"","",,Greek,Eleftherios Katsillis,2020-09-07T19:16:40Z
770180,Ηλιοτρόπιο το αρωματικό,el,"","",,Greek,Eleftherios Katsillis,2020-09-07T19:19:20Z
770180,Λιοστρόφι,el,"","",,Greek,Eleftherios Katsillis,2020-09-07T19:20:11Z
48125,Τεττιγονιοειδή,el,"","",,Greek,Eleftherios Katsillis,2020-09-07T19:21:40Z
488701,Τεττιγονίδια,el,"","",,Greek,Eleftherios Katsillis,2020-09-07T19:22:55Z
26172,Φολιδωτά,el,"","",,Greek,Eleftherios Katsillis,2020-09-07T19:27:59Z
367111,Ευφολιδόπτερα,el,"","",,Greek,Eleftherios Katsillis,2020-09-07T19:31:27Z
699233,Ευφολιδόπτερο το Σμυρναίικο,el,"","",,Greek,Eleftherios Katsillis,2020-09-07T19:33:18Z
55360,Φολιδόπτερα,el,"","",,Greek,Eleftherios Katsillis,2020-09-07T19:34:33Z
51276,Πεντατομίνες,el,"","",,Greek,Eleftherios Katsillis,2020-09-07T19:36:35Z
578086,Άπις,el,"","",,Greek,Eleftherios Katsillis,2020-09-07T19:37:23Z
523128,Φολιδοπτερίνοι,el,"","",,Greek,Eleftherios Katsillis,2020-09-07T19:39:10Z
717772,Αφολιδόπτερα,el,"","",,Greek,Eleftherios Katsillis,2020-09-07T19:39:50Z
766547,Εξωφολιδόπτερα,el,"","",,Greek,Eleftherios Katsillis,2020-09-07T19:40:08Z
766548,Παραφολιδόπτερα,el,"","",,Greek,Eleftherios Katsillis,2020-09-07T19:40:27Z
1076782,Ποταμίνες,el,"","",,Greek,Eleftherios Katsillis,2020-09-07T19:41:13Z
71068,Ποταμίδες,el,"","",,Greek,Eleftherios Katsillis,2020-09-07T19:41:24Z
71067,Ποταμοειδή,el,"","",,Greek,Eleftherios Katsillis,2020-09-07T19:41:35Z
706185,Ευβραχύουρα,el,"","",,Greek,Eleftherios Katsillis,2020-09-07T19:41:53Z
91273,Ποταμοκάβουρας,el,"","",,Greek,Eleftherios Katsillis,2020-09-07T19:45:04Z
110239,Ποταμοκάβουρας ο Ποτάμιος,el,"","",,Greek,Eleftherios Katsillis,2020-09-07T19:45:23Z
110240,Ποταμοκάβουρας της Ρόδου,el,"","",,Greek,Eleftherios Katsillis,2020-09-07T19:45:40Z
897912,Ποταμοκάβουρας ο Καρπάθιος,el,"","",,Greek,Eleftherios Katsillis,2020-09-07T19:45:55Z
861280,Ποταμοκάβουρας της Πελοποννήσου,el,"","",,Greek,Eleftherios Katsillis,2020-09-07T19:47:54Z
861280,Ποταμοκάβουρας του Πέλοπα,el,"","",,Greek,Eleftherios Katsillis,2020-09-07T19:48:06Z
949207,Ποταμοκάβουρας ο Κρητικός,el,"","",,Greek,Eleftherios Katsillis,2020-09-07T19:49:12Z
949207,Ποταμοκάβουρας της Κρήτης,el,"","",,Greek,Eleftherios Katsillis,2020-09-07T19:49:21Z
110232,Ποταμοκάβουρας της Μεσογείου,el,"","",,Greek,Eleftherios Katsillis,2020-09-07T19:53:45Z
47741,Ακρόστερνο,el,"","",,Greek,Eleftherios Katsillis,2020-09-08T06:55:01Z
738118,Κυρτοδάκτυλος των Δωδεκανήσων,el,"","",,Greek,Eleftherios Katsillis,2020-09-08T17:05:10Z
146280,Κοινός Κυρτοδάκτυλος,el,"","",,Greek,Eleftherios Katsillis,2020-09-08T17:06:45Z
738119,Ανατολικός Κυρτοδάκτυλος,el,"","",,Greek,Eleftherios Katsillis,2020-09-08T17:07:38Z
738117,Κυρτοδάκτυλος της Κριμαίας,el,"","",,Greek,Eleftherios Katsillis,2020-09-08T17:07:54Z
738116,Κυρτοδάκτυλος της Κρήτης,el,"","",,Greek,Eleftherios Katsillis,2020-09-08T17:08:09Z
33177,Γκεκκονίδες,el,"","",,Greek,Eleftherios Katsillis,2020-09-08T17:14:15Z
371057,Γκεκότα,el,"","",,Greek,Eleftherios Katsillis,2020-09-08T17:14:30Z
48130,Φανερόπτερα,el,"","",,Greek,Eleftherios Katsillis,2020-09-08T18:28:21Z
523093,Φανεροπτερίνοι,el,"","",,Greek,Eleftherios Katsillis,2020-09-08T18:28:54Z
48128,Φανεροπτερίνες,el,"","",,Greek,Eleftherios Katsillis,2020-09-08T18:29:10Z
25473,Ρανίδες,el,"","",,Greek,Eleftherios Katsillis,2020-09-10T00:19:01Z
1043219,Πύργος,el,"","",,Greek,Eleftherios Katsillis,2020-09-10T00:55:46Z
1043217,Τουριτελλινέλλα,el,"","",,Greek,Eleftherios Katsillis,2020-09-10T00:56:00Z
1067240,Τουριτελλίνες,el,"","",,Greek,Eleftherios Katsillis,2020-09-10T00:56:47Z
245568,Τουριτελλίδες,el,"","",,Greek,Eleftherios Katsillis,2020-09-10T00:56:58Z
246573,Τουριτέλλα,el,"","",,Greek,Eleftherios Katsillis,2020-09-10T00:57:22Z
129164,Οιδιποδίνες,el,"","",,Greek,Eleftherios Katsillis,2020-09-10T01:05:19Z
523254,Οιδιποδίνοι,el,"","",,Greek,Eleftherios Katsillis,2020-09-10T01:06:15Z
180727,Οιδίποδα,el,"","",,Greek,Eleftherios Katsillis,2020-09-10T01:06:35Z
326052,Οιδίποδας ο κυανωπός,el,"","",,Greek,Eleftherios Katsillis,2020-09-10T01:07:53Z
202770,Αράχνη Πασχαλίτσα,el,"","",,Greek,Eleftherios Katsillis,2020-09-10T01:10:47Z
873583,Σάγκα της Ρόδου,el,"","",,Greek,Eleftherios Katsillis,2020-09-10T01:20:56Z
64207,Σάγκα,el,"","",,Greek,Eleftherios Katsillis,2020-09-10T01:21:06Z
204093,Σαγκίνες,el,"","",,Greek,Eleftherios Katsillis,2020-09-10T01:21:29Z
765528,Βουνονυχτερίδα,el,"","",,Greek,Eleftherios Katsillis,2020-09-10T01:26:41Z
40383,Λευκονυχτερίδα,el,"","",,Greek,Eleftherios Katsillis,2020-09-10T01:27:37Z
40364,Νανονυχτερίδα,el,"","",,Greek,Eleftherios Katsillis,2020-09-10T01:27:57Z
129409,Χειρονόμος,el,"","",,Greek,Eleftherios Katsillis,2020-09-10T03:34:09Z
129408,Χειρονομίνοι,el,"","",,Greek,Eleftherios Katsillis,2020-09-10T03:34:43Z
319399,Χειρονομίνες,el,"","",,Greek,Eleftherios Katsillis,2020-09-10T03:35:00Z
53275,Χειρονομίδες,el,"","",,Greek,Eleftherios Katsillis,2020-09-10T03:35:14Z
509764,Χειρονομοειδή,el,"","",,Greek,Eleftherios Katsillis,2020-09-10T03:35:39Z
326600,Χοιράδες,el,"","",,Greek,Eleftherios Katsillis,2020-09-10T03:46:28Z
132070,Φανερόπτερος ο νάνος,el,"","",,Greek,Eleftherios Katsillis,2020-09-10T19:43:28Z
132892,Ανακρίδιο το Αιγυπτιακό,el,"","",,Greek,Eleftherios Katsillis,2020-09-10T19:47:09Z
132893,Ανακρίδιο,el,"","",,Greek,Eleftherios Katsillis,2020-09-10T19:47:21Z
132892,Ανακρίδιο το Αιγύπτιο,el,"","",,Greek,Eleftherios Katsillis,2020-09-10T19:49:35Z
75417,Ασπροκέφαλο,el,"","",,Greek,Eleftherios Katsillis,2020-09-10T19:50:34Z
75417,Άμμι το μέγα,el,"","",,Greek,Eleftherios Katsillis,2020-09-10T19:53:22Z
75417,Κλινοκέρι,el,"","",,Greek,Eleftherios Katsillis,2020-09-10T19:53:31Z
75417,Γαριζόνι,el,"","",,Greek,Eleftherios Katsillis,2020-09-10T19:53:45Z
71961,Άμμι,el,"","",,Greek,Eleftherios Katsillis,2020-09-10T20:24:33Z
114177,Γλυνί,el,"","",,Greek,Eleftherios Katsillis,2020-09-10T21:05:29Z
54856,Φιλύρα,el,"","",,Greek,Eleftherios Katsillis,2020-09-10T21:07:22Z
54856,Τίλιο,el,"","",,Greek,Eleftherios Katsillis,2020-09-10T21:07:31Z
143800,Φλαμουριά,el,"","",,Greek,Eleftherios Katsillis,2020-09-10T21:08:13Z
143800,Φιλύρα η γναφαλώδης,el,"","",,Greek,Eleftherios Katsillis,2020-09-10T21:08:33Z
143800,Φιλύρα η αργυρόφυλλος,el,"","",,Greek,Eleftherios Katsillis,2020-09-10T21:08:46Z
143800,Ασημοφλαμουριά,el,"","",,Greek,Eleftherios Katsillis,2020-09-10T21:08:59Z
71247,Γρύλλος ο δίστικτος,el,"","",,Greek,Eleftherios Katsillis,2020-09-10T23:06:52Z
523728,Γρυλλίνοι,el,"","",,Greek,Eleftherios Katsillis,2020-09-10T23:09:34Z
50158,Γρυλλοειδή,el,"","",,Greek,Eleftherios Katsillis,2020-09-10T23:10:04Z
358855,Γρυλλίδια,el,"","",,Greek,Eleftherios Katsillis,2020-09-10T23:10:18Z
346097,Ακρομετώπη,el,"","",,Greek,Eleftherios Katsillis,2020-09-10T23:11:59Z
346100,Ακρομετώπη η Κρητική,el,"","",,Greek,Eleftherios Katsillis,2020-09-10T23:12:23Z
346098,Ακρομετώπη η Κρητική Κρητική,el,"","",,Greek,Eleftherios Katsillis,2020-09-10T23:12:37Z
346099,Ακρομετώπη του Νταίνταλ,el,"","",,Greek,Eleftherios Katsillis,2020-09-10T23:12:55Z
465335,Ακρομετώπη η Συριακή,el,"","",,Greek,Eleftherios Katsillis,2020-09-10T23:15:43Z
124597,Ακρότυλος,el,"","",,Greek,Eleftherios Katsillis,2020-09-10T23:16:03Z
348840,Αγροδίαιτος,el,"","",,Greek,Eleftherios Katsillis,2020-09-10T23:16:34Z
362084,Αγροδίαιτος του Έσερ,el,"","",,Greek,Eleftherios Katsillis,2020-09-10T23:17:33Z
334476,Αγροδίαιτος ο Ριπάρτης,el,"","",,Greek,Eleftherios Katsillis,2020-09-10T23:17:54Z
325442,Αιολόπους,el,"","",,Greek,Eleftherios Katsillis,2020-09-10T23:18:34Z
415621,Αιολόπους ο θαλασσινός,el,"","",,Greek,Eleftherios Katsillis,2020-09-10T23:18:59Z
415622,Αιολόπους ο θαλασσινός θαλασσινός,el,"","",,Greek,Eleftherios Katsillis,2020-09-10T23:19:16Z
859190,Αναδρυμαδούσα η κοσμητόφτερη,el,"","",,Greek,Eleftherios Katsillis,2020-09-10T23:20:55Z
741570,Αναδρυμαδούσα,el,"","",,Greek,Eleftherios Katsillis,2020-09-10T23:21:29Z
523092,Δρυμαδουσίνοι,el,"","",,Greek,Eleftherios Katsillis,2020-09-10T23:21:53Z
872704,Αναδρυμαδούσα η βραχύπτερη,el,"","",,Greek,Eleftherios Katsillis,2020-09-10T23:22:58Z
564037,Αγκίστουρα,el,"","",,Greek,Eleftherios Katsillis,2020-09-10T23:23:25Z
564010,Αγκίστουρα η μελανόγραμμη,el,"","",,Greek,Eleftherios Katsillis,2020-09-10T23:23:37Z
51498,Ανθόχαρις,el,"","",,Greek,Eleftherios Katsillis,2020-09-10T23:24:07Z
51495,Ανθόχαρις της Καρδαμίνης,el,"","",,Greek,Eleftherios Katsillis,2020-09-10T23:24:32Z
484044,Ανθόχαρις του Δάμωνα,el,"","",,Greek,Eleftherios Katsillis,2020-09-10T23:24:40Z
484045,Ανθόχαρις του Γκρούνερ,el,"","",,Greek,Eleftherios Katsillis,2020-09-10T23:24:52Z
321383,Ανθοχαριδίνοι,el,"","",,Greek,Eleftherios Katsillis,2020-09-10T23:25:20Z
209720,Πιερίνες,el,"","",,Greek,Eleftherios Katsillis,2020-09-10T23:25:48Z
149033,Απάτουρα,el,"","",,Greek,Eleftherios Katsillis,2020-09-10T23:26:15Z
322024,Απάτουρα του Ιλίου,el,"","",,Greek,Eleftherios Katsillis,2020-09-10T23:26:35Z
343324,Απάτουρα η Ίρις,el,"","",,Greek,Eleftherios Katsillis,2020-09-10T23:26:46Z
204013,Απάτουρα η Μέτις,el,"","",,Greek,Eleftherios Katsillis,2020-09-10T23:26:54Z
334400,Κιρινία η Ροξελάνη,el,"","",,Greek,Eleftherios Katsillis,2020-09-10T23:29:06Z
334402,Κιρινία,el,"","",,Greek,Eleftherios Katsillis,2020-09-10T23:29:14Z
484090,Κιρινία η Κλιμένη,el,"","",,Greek,Eleftherios Katsillis,2020-09-10T23:29:28Z
123629,Λασιομμάτα η μαίρα,el,"","",,Greek,Eleftherios Katsillis,2020-09-10T23:29:56Z
89353,Λασιομμάτα,el,"","",,Greek,Eleftherios Katsillis,2020-09-10T23:30:04Z
147298,Λασιομάτα η μέγερα,el,"","",,Greek,Eleftherios Katsillis,2020-09-10T23:30:24Z
466041,Λασιομάτα η πετροπολιτανή,el,"","",,Greek,Eleftherios Katsillis,2020-09-10T23:30:49Z
54087,Πιερίδα η νάπιος,el,"","",,Greek,Eleftherios Katsillis,2020-09-10T23:31:52Z
55690,Πιερίς,el,"","",,Greek,Eleftherios Katsillis,2020-09-10T23:32:07Z
54087,Πιερίς η νάπιος,el,"","",,Greek,Eleftherios Katsillis,2020-09-10T23:32:38Z
447514,Ετεροτρήματα,el,"","",,Greek,Eleftherios Katsillis,2020-09-11T19:28:12Z
713284,Μυρμηλεοντίνοι,el,"","",,Greek,Eleftherios Katsillis,2020-09-12T18:28:15Z
713281,Μυρμηλεοντίνες,el,"","",,Greek,Eleftherios Katsillis,2020-09-12T18:28:28Z
49359,Μυρμηλεοντοειδή,el,"","",,Greek,Eleftherios Katsillis,2020-09-12T18:28:45Z
489592,Μυρμηλεοντόμορφα,el,"","",,Greek,Eleftherios Katsillis,2020-09-12T18:29:43Z
47650,Ακδριδοειδή,el,"","",,Greek,Eleftherios Katsillis,2020-09-13T08:38:09Z
253928,Λαγός της θάλασσας,el,"","",,Greek,Eleftherios Katsillis,2020-09-13T22:32:42Z
82177,Μαύρη στρατιωτόμυγα,el,"","",,Greek,Eleftherios Katsillis,2020-09-14T14:55:48Z
70127,Μύγες στρατιώτες,el,"","",,Greek,Eleftherios Katsillis,2020-09-14T14:56:14Z
70127,Στρατιωτόμυγες,el,"","",,Greek,Eleftherios Katsillis,2020-09-14T14:56:28Z
564285,Στρατιωτομυγόμορφα,el,"","",,Greek,Eleftherios Katsillis,2020-09-14T14:56:50Z
64571,Μπουτλέια,el,"","",,Greek,Eleftherios Katsillis,2020-09-14T15:27:17Z
75916,Μπουτλέια Δαβίδειος,el,"","",,Greek,Eleftherios Katsillis,2020-09-14T15:28:04Z
75916,Βουδλέια Δαβίδειος,el,"","",,Greek,Eleftherios Katsillis,2020-09-14T15:28:30Z
64571,Βουδλέια,el,"","",,Greek,Eleftherios Katsillis,2020-09-14T15:29:25Z
52517,Έμπις,el,"","",,Greek,Eleftherios Katsillis,2020-09-14T16:08:46Z
1125019,Εμπίδινοι,el,"","",,Greek,Eleftherios Katsillis,2020-09-14T16:09:02Z
349059,Εμπιδίνες,el,"","",,Greek,Eleftherios Katsillis,2020-09-14T16:09:18Z
49460,Εμπιδίδες,el,"","",,Greek,Eleftherios Katsillis,2020-09-14T16:09:34Z
318504,Εμπιδοειδή,el,"","",,Greek,Eleftherios Katsillis,2020-09-14T16:09:59Z
50636,Πεντάνευρο,el,"","",,Greek,Eleftherios Katsillis,2020-09-14T16:36:40Z
1045683,Πεντάνευρο,el,"","",,Greek,Eleftherios Katsillis,2020-09-14T16:37:05Z
1045683,Πλαντάγον,el,"","",,Greek,Eleftherios Katsillis,2020-09-14T16:37:17Z
50636,Πλαντάγον,el,"","",,Greek,Eleftherios Katsillis,2020-09-14T16:37:24Z
58961,Πεντάνευρο το μεγάλο,el,"","",,Greek,Eleftherios Katsillis,2020-09-14T17:48:30Z
78678,Πολυκόμπι,el,"","",,Greek,Eleftherios Katsillis,2020-09-14T17:50:09Z
48972,Πολύγονο,el,"","",,Greek,Eleftherios Katsillis,2020-09-14T17:50:50Z
922239,Πολυγονίνες,el,"","",,Greek,Eleftherios Katsillis,2020-09-14T17:51:19Z
922238,Πολύγονες,el,"","",,Greek,Eleftherios Katsillis,2020-09-14T17:51:48Z
922206,Πολυγονοειδή,el,"","",,Greek,Eleftherios Katsillis,2020-09-14T17:52:40Z
48382,Πολυγονατοειδή,el,"","",,Greek,Eleftherios Katsillis,2020-09-14T17:52:57Z
51611,Βερονίκη,el,"","",,Greek,Eleftherios Katsillis,2020-09-14T17:57:21Z
55725,Σύμφυτο,el,"","",,Greek,Eleftherios Katsillis,2020-09-14T17:59:05Z
71737,Φυλλοσκόπος,el,"","",,Greek,Eleftherios Katsillis,2020-09-14T18:04:41Z
70144,Μύγες,el,"","",,Greek,Eleftherios Katsillis,2020-09-14T18:08:15Z
79025,Σέδο το λευκό,el,"","",,Greek,Eleftherios Katsillis,2020-09-14T18:35:39Z
53021,Μικρό περικοκλάδι,el,"","",,Greek,Eleftherios Katsillis,2020-09-14T19:22:45Z
53021,Περικοκλάδι,el,"","",,Greek,Eleftherios Katsillis,2020-09-14T19:24:41Z
53021,Κονβόλβουλος ο αρουραίος,el,"","",,Greek,Eleftherios Katsillis,2020-09-14T19:25:38Z
55724,Στεκούλι,el,"","",,Greek,Eleftherios Katsillis,2020-09-14T19:27:06Z
55724,Σύμφυτο το φαρμακευτικό,el,"","",,Greek,Eleftherios Katsillis,2020-09-14T19:27:18Z
48703,Βωλίτης,el,"","",,Greek,Eleftherios Katsillis,2020-09-14T20:03:52Z
48701,Βωλίτης ο εδώδιμος,el,"","",,Greek,Eleftherios Katsillis,2020-09-14T20:04:30Z
48701,Βασιλομανίταρο,el,"","",,Greek,Eleftherios Katsillis,2020-09-14T20:05:03Z
48701,Πορτσίνι,el,"","",,Greek,Eleftherios Katsillis,2020-09-14T20:05:09Z
48701,Βωλίτης ο φαγώσιμος,el,"","",,Greek,Eleftherios Katsillis,2020-09-14T20:05:24Z
48702,Βωλιτοειδή,el,"","",,Greek,Eleftherios Katsillis,2020-09-14T20:05:48Z
1127992,Γουστέρα του Ιονίου,el,"","",https://www.inaturalist.org/taxon_names/1532128/edit,Greek,,2020-09-15T03:43:26Z
60922,Κοκκοειδή,el,"","",,Greek,Eleftherios Katsillis,2020-09-15T16:40:42Z
48195,Ψυλλοειδή,el,"","",,Greek,Eleftherios Katsillis,2020-09-15T16:41:24Z
48194,Ψυλλίδες,el,"","",,Greek,Eleftherios Katsillis,2020-09-15T16:41:41Z
154786,Αλευρωειδή,el,"","",,Greek,Eleftherios Katsillis,2020-09-15T16:43:16Z
154784,Αλευρωδίδες,el,"","",,Greek,Eleftherios Katsillis,2020-09-15T16:43:30Z
576378,Αλευρωδίνες,el,"","",,Greek,Eleftherios Katsillis,2020-09-15T16:44:02Z
739108,Αλευρωδικίνες,el,"","",,Greek,Eleftherios Katsillis,2020-09-15T16:44:52Z
64582,Νεροβάτης,el,"","",,Greek,Eleftherios Katsillis,2020-09-16T20:49:32Z
47224,Πεταλούδες,el,"","",,Greek,Eleftherios Katsillis,2020-09-18T12:08:16Z
118686,Σαλιάρα,el,"","",,Greek,Eleftherios Katsillis,2020-09-18T12:15:00Z
118686,Σαλιάρης,el,"","",,Greek,Eleftherios Katsillis,2020-09-18T12:15:09Z
118686,Σαλιακούδα,el,"","",,Greek,Eleftherios Katsillis,2020-09-18T12:15:21Z
49390,Βλεννηίδες,el,"","",,Greek,Eleftherios Katsillis,2020-09-18T12:17:26Z
788672,Βλεννηίνες,el,"","",,Greek,Eleftherios Katsillis,2020-09-18T12:17:45Z
522592,Βλεννιοειδή,el,"","",,Greek,Eleftherios Katsillis,2020-09-18T12:17:55Z
108412,Σαλιάρα του Ζβόνιμιρ,el,"","",,Greek,Eleftherios Katsillis,2020-09-18T12:24:02Z
118686,Στικτοσαλιάρα,el,"","",,Greek,Eleftherios Katsillis,2020-09-18T12:25:17Z
118686,Γλινός,el,"","",,Greek,Eleftherios Katsillis,2020-09-18T12:25:31Z
118686,Λεβέρα,el,"","",,Greek,Eleftherios Katsillis,2020-09-18T12:25:42Z
342285,Τριγλοσαλιάρα,el,"","",,Greek,Eleftherios Katsillis,2020-09-18T12:26:37Z
108410,Ταινιοσαλιάρα,el,"","",,Greek,Eleftherios Katsillis,2020-09-18T12:27:01Z
118693,Σφυγγοσαλιάρα,el,"","",,Greek,Eleftherios Katsillis,2020-09-18T12:27:20Z
118687,Κεραιοσαλιάρα,el,"","",,Greek,Eleftherios Katsillis,2020-09-18T12:27:41Z
118687,Γοργοσάλιαρος,el,"","",,Greek,Eleftherios Katsillis,2020-09-18T12:27:48Z
118691,Βουλοσαλιάρα,el,"","",,Greek,Eleftherios Katsillis,2020-09-18T12:28:15Z
187674,Σαλιάρα Αδριατικής,el,"","",,Greek,Eleftherios Katsillis,2020-09-18T12:28:29Z
210294,Λευκοστικτοσαλιάρα,el,"","",,Greek,Eleftherios Katsillis,2020-09-18T12:28:49Z
118688,Λειροσαλιάρα,el,"","",,Greek,Eleftherios Katsillis,2020-09-18T12:29:24Z
120637,Κρυφοσαλιάρα,el,"","",,Greek,Eleftherios Katsillis,2020-09-18T12:29:40Z
120708,Κρυπτοσαλιάρα,el,"","",,Greek,Eleftherios Katsillis,2020-09-18T12:30:05Z
111927,Βασιλοσαλιάρα,el,"","",,Greek,Eleftherios Katsillis,2020-09-18T12:30:21Z
344754,Γυαλογωβιός,el,"","",,Greek,Eleftherios Katsillis,2020-09-18T12:30:54Z
103701,Ποντογωβιός,el,"","",,Greek,Eleftherios Katsillis,2020-09-18T12:31:30Z
106743,Νεογωβιός μελανόστομος,el,"","",,Greek,Eleftherios Katsillis,2020-09-18T12:31:53Z
105631,Μεσογωβιός ο Βατραχοκέφαλος,el,"","",,Greek,Eleftherios Katsillis,2020-09-18T12:32:20Z
89875,Μεσογωβιός,el,"","",,Greek,Eleftherios Katsillis,2020-09-18T12:32:35Z
118699,Χρυσογωβιός,el,"","",,Greek,Eleftherios Katsillis,2020-09-18T12:33:00Z
118703,Χοντρογωβιός,el,Greece,GR,,Greek,Eleftherios Katsillis,2020-09-18T12:33:57Z
118697,Στρογγυλογωβιός,el,"","",,Greek,Eleftherios Katsillis,2020-09-18T12:34:14Z
118706,Πετρογωβιός,el,"","",,Greek,Eleftherios Katsillis,2020-09-18T12:35:06Z
338050,Μαρμαρογωβιός,el,"","",,Greek,Eleftherios Katsillis,2020-09-18T12:35:50Z
101621,Λεπτογωβιός,el,"","",,Greek,Eleftherios Katsillis,2020-09-18T12:36:26Z
118698,Λεοπαρδαλογωβιός,el,"","",,Greek,Eleftherios Katsillis,2020-09-18T12:36:40Z
107351,Κοραλλογωβιός,el,"","",,Greek,Eleftherios Katsillis,2020-09-18T12:36:58Z
115246,Ζεβρογωβιός,el,"","",,Greek,Eleftherios Katsillis,2020-09-18T12:37:27Z
445857,Δοντογωβιός,el,"","",,Greek,Eleftherios Katsillis,2020-09-18T12:37:45Z
118701,Γωβιός φριέσι,el,"","",,Greek,Eleftherios Katsillis,2020-09-18T12:38:23Z
614677,Γωβιός σουέρι,el,"","",,Greek,Eleftherios Katsillis,2020-09-18T12:38:52Z
101620,Γωβιός σαράτο,el,"","",,Greek,Eleftherios Katsillis,2020-09-18T12:39:09Z
118708,Ανεμωνογωβιός,el,"","",,Greek,Eleftherios Katsillis,2020-09-18T12:39:45Z
118702,Αιμοχειλογωβιός,el,"","",,Greek,Eleftherios Katsillis,2020-09-18T12:41:33Z
320791,Γωβιός Νορβηγίας,el,"","",,Greek,Eleftherios Katsillis,2020-09-18T12:41:57Z
556686,Γωβηίνες,el,"","",,Greek,Eleftherios Katsillis,2020-09-18T12:42:42Z
101625,Ριγογωβιός,el,"","",,Greek,Eleftherios Katsillis,2020-09-18T12:44:23Z
101585,Γυφτόψαρο,el,"","",,Greek,Eleftherios Katsillis,2020-09-18T12:49:28Z
59115,Κουνουπόψαρο,el,"","",,Greek,Eleftherios Katsillis,2020-09-18T12:50:11Z
48403,Αγκαθερό,el,"","",,Greek,Eleftherios Katsillis,2020-09-18T12:50:32Z
180705,Γρυλλόμορφα,el,"","",,Greek,Eleftherios Katsillis,2020-09-18T12:51:51Z
767345,Γρυλλόμορφα,el,"","",,Greek,Eleftherios Katsillis,2020-09-18T12:52:08Z
523742,Γρυλλομορφίνοι,el,"","",,Greek,Eleftherios Katsillis,2020-09-18T12:52:23Z
523740,Γρυλλομορφίνες,el,"","",,Greek,Eleftherios Katsillis,2020-09-18T12:52:38Z
75255,Ακακία η Κυανόφυλλη,el,"","",,Greek,Eleftherios Katsillis,2020-09-19T12:59:53Z
50790,Λιναρία η κοινή,el,"","",,Greek,Eleftherios Katsillis,2020-09-19T13:38:21Z
50791,Λιναρία,el,"","",,Greek,Eleftherios Katsillis,2020-09-19T13:38:57Z
791928,Φελλόχορτο,el,"","",,Greek,Eleftherios Katsillis,2020-09-19T20:11:55Z
791932,Μυρσινοειδή,el,"","",,Greek,Eleftherios Katsillis,2020-09-19T20:12:39Z
48064,Ηρανθοειδή,el,"","",,Greek,Eleftherios Katsillis,2020-09-19T20:12:57Z
48063,Λυσιμαχία,el,"","",,Greek,Eleftherios Katsillis,2020-09-19T20:13:44Z
51809,Λυσιμαχία η ερματική,el,"","",,Greek,Eleftherios Katsillis,2020-09-19T20:15:20Z
791928,Λυσιμαχία η Αρουραία,el,"","",,Greek,Eleftherios Katsillis,2020-09-19T20:16:24Z
791928,Αναγαλλίς η Αρουραία,el,"","",,Greek,Eleftherios Katsillis,2020-09-19T20:16:44Z
791928,Περδικούλι,el,"","",,Greek,Eleftherios Katsillis,2020-09-19T20:17:56Z
791928,Λουλούδι του ουρανού,el,"","",,Greek,Eleftherios Katsillis,2020-09-19T20:18:18Z
48063,Αναγαλλίδα,el,"","",,Greek,Eleftherios Katsillis,2020-09-19T20:19:06Z
48063,Αναγαλλίς,el,"","",,Greek,Eleftherios Katsillis,2020-09-19T20:19:23Z
62453,Μέλισσα Υφάντρα,el,"","",,Greek,Eleftherios Katsillis,2020-09-20T00:01:19Z
638430,Ανθήδιο,el,"","",,Greek,Eleftherios Katsillis,2020-09-20T00:04:12Z
57671,Ανθήδια,el,"","",,Greek,Eleftherios Katsillis,2020-09-20T00:04:49Z
504741,Ανθηδηίνοι,el,"","",,Greek,Eleftherios Katsillis,2020-09-20T00:05:25Z
538904,Απίνοι,el,"","",,Greek,Eleftherios Katsillis,2020-09-20T00:06:26Z
326599,Χλωρόμυγα,el,"","",,Greek,Eleftherios Katsillis,2020-09-20T17:49:21Z
467635,Σαργίνες,el,"","",,Greek,Eleftherios Katsillis,2020-09-20T17:49:37Z
7284,Κορυδαλλός,el,"","",,Greek,Eleftherios Katsillis,2020-09-20T20:46:31Z
13686,Σουσουράδες,el,"","",,Greek,Eleftherios Katsillis,2020-09-20T20:56:01Z
71339,Σεισοπυγίδες,el,"","",,Greek,Eleftherios Katsillis,2020-09-20T20:56:43Z
48988,Ιπποδάμεια,el,"","",,Greek,Eleftherios Katsillis,2020-09-20T21:18:35Z
333796,Κοκκινελίνοι,el,"","",,Greek,Eleftherios Katsillis,2020-09-20T21:18:57Z
333790,Κοκκινελίνες,el,"","",,Greek,Eleftherios Katsillis,2020-09-20T21:19:08Z
333790,Κοινές Πασχαλίτσες,el,"","",,Greek,Eleftherios Katsillis,2020-09-20T21:19:40Z
143034,Πολύχρωμη Πασχαλίτσα,el,"","",,Greek,Eleftherios Katsillis,2020-09-20T21:23:23Z
143034,Πασχαλίτσα του Άδωνη,el,"","",,Greek,Eleftherios Katsillis,2020-09-20T21:23:59Z
379669,Βολβαριέλλα,el,"","",,Greek,Eleftherios Katsillis,2020-09-20T22:56:05Z
348720,Σαλιάρα,el,"","",,Greek,Eleftherios Katsillis,2020-09-20T22:56:44Z
348720,Βολβοθώρακας ο γλοιοκέφαλος,el,"","",,Greek,Eleftherios Katsillis,2020-09-20T22:56:56Z
379669,Βολβοθώρακας,el,"","",,Greek,Eleftherios Katsillis,2020-09-20T22:57:09Z
348720,Γλιστρομανίτες,el,"","",,Greek,Eleftherios Katsillis,2020-09-20T22:57:30Z
348720,Αλευρομανίτες,el,"","",,Greek,Eleftherios Katsillis,2020-09-20T22:57:43Z
348720,Γλιστρένια,el,"","",,Greek,Eleftherios Katsillis,2020-09-20T22:57:54Z
348720,Αχυρίτης,el,"","",,Greek,Eleftherios Katsillis,2020-09-20T22:58:07Z
348720,Αβγούδι,el,"","",,Greek,Eleftherios Katsillis,2020-09-20T22:58:20Z
348720,Γλιστρίτης,el,"","",,Greek,Eleftherios Katsillis,2020-09-20T22:58:26Z
348720,Λαρδίτης,el,"","",,Greek,Eleftherios Katsillis,2020-09-20T22:58:34Z
348720,Βολβαριέλλα η γλοιοκέφαλη,el,"","",,Greek,Eleftherios Katsillis,2020-09-20T22:58:50Z
59260,Καλεντούλα η άγρια,el,"","",,Greek,Eleftherios Katsillis,2020-09-20T23:00:09Z
59260,Αδράχτι,el,"","",,Greek,Eleftherios Katsillis,2020-09-20T23:00:19Z
59260,Καλέντουλα των αγρών,el,"","",,Greek,Eleftherios Katsillis,2020-09-20T23:00:32Z
59260,Μοσχαρδίνι,el,"","",,Greek,Eleftherios Katsillis,2020-09-20T23:00:46Z
59260,Κρόκος των φτωχών,el,"","",,Greek,Eleftherios Katsillis,2020-09-20T23:01:48Z
55882,Κοινός Κισσός,el,"","",,Greek,Eleftherios Katsillis,2020-09-20T23:02:17Z
55882,Χέδερα η έλιξ,el,"","",,Greek,Eleftherios Katsillis,2020-09-20T23:02:43Z
55882,Μπρουνοβαλιά,el,"","",,Greek,Eleftherios Katsillis,2020-09-20T23:02:56Z
55882,Μπρουσκέλι,el,"","",,Greek,Eleftherios Katsillis,2020-09-20T23:03:10Z
55882,Κίσνερας,el,"","",,Greek,Eleftherios Katsillis,2020-09-20T23:03:25Z
55882,Κλείδωνας,el,"","",,Greek,Eleftherios Katsillis,2020-09-20T23:03:42Z
55883,Κισσός,el,"","",,Greek,Eleftherios Katsillis,2020-09-20T23:06:01Z
1074135,Κισσός της Κύπρου,el,"","",,Greek,Eleftherios Katsillis,2020-09-20T23:06:56Z
1074135,Κισσός ο κύπριος,el,"","",,Greek,Eleftherios Katsillis,2020-09-20T23:07:02Z
52849,Αραλιίδες,el,"","",,Greek,Eleftherios Katsillis,2020-09-20T23:07:46Z
53076,Γεράνιο το μαλακό,el,"","",,Greek,Eleftherios Katsillis,2020-09-20T23:09:38Z
53076,Γεράνι το μαλακό,el,"","",,Greek,Eleftherios Katsillis,2020-09-20T23:09:52Z
53076,Γεράνιο το απαλό,el,"","",,Greek,Eleftherios Katsillis,2020-09-20T23:10:17Z
964904,Βατραχιοειδή,el,"","",,Greek,Eleftherios Katsillis,2020-09-20T23:10:50Z
55925,Γεράνιο το Ροβερτιάνειο,el,"","",,Greek,Eleftherios Katsillis,2020-09-20T23:11:56Z
55925,Πορφυρό Γεράνι του Ρόμπερτ,el,"","",,Greek,Eleftherios Katsillis,2020-09-20T23:12:04Z
55925,Βρωμοσαρδέλα,el,"","",,Greek,Eleftherios Katsillis,2020-09-20T23:12:11Z
55925,Ψαρόγαλο,el,"","",,Greek,Eleftherios Katsillis,2020-09-20T23:12:31Z
144243,Πράσινος δρυοκολάπτης,el,"","",,Greek,Eleftherios Katsillis,2020-09-20T23:13:35Z
144243,Πρασινοτσικλιτάρα,el,"","",,Greek,Eleftherios Katsillis,2020-09-20T23:13:42Z
144243,Πράσινος τρυποκάρυδος,el,"","",,Greek,Eleftherios Katsillis,2020-09-20T23:14:19Z
17599,Δρυοκολάπτες,el,"","",,Greek,Eleftherios Katsillis,2020-09-20T23:14:45Z
17550,Δρυοκολαπτόμορφα,el,"","",,Greek,Eleftherios Katsillis,2020-09-20T23:15:00Z
18299,Πικίδες,el,"","",,Greek,Eleftherios Katsillis,2020-09-20T23:17:20Z
51872,Καπέλο της μάγισσας,el,"","",,Greek,Eleftherios Katsillis,2020-09-20T23:18:37Z
51872,Υγροκύβη η κωνική,el,"","",,Greek,Eleftherios Katsillis,2020-09-20T23:18:56Z
51871,Υγροκύβη,el,"","",,Greek,Eleftherios Katsillis,2020-09-20T23:19:12Z
1128302,Υγροφορίνες,el,"","",,Greek,Eleftherios Katsillis,2020-09-20T23:20:20Z
47169,Βασιδιομύκητες,el,"","",,Greek,Eleftherios Katsillis,2020-09-20T23:23:07Z
63224,Κίσσα,el,"","",,Greek,Eleftherios Katsillis,2020-09-20T23:24:45Z
63224,Μύκητας Καρακάξα,el,"","",,Greek,Eleftherios Katsillis,2020-09-20T23:24:55Z
63224,Κοπρίνοψη η Κισσοειδής,el,"","",,Greek,Eleftherios Katsillis,2020-09-20T23:25:04Z
48522,Κοπρίνοψη,el,"","",,Greek,Eleftherios Katsillis,2020-09-20T23:25:13Z
77261,Γεράνιο το στρογγυλόφυλλο,el,"","",,Greek,Eleftherios Katsillis,2020-09-20T23:25:53Z
123815,Γωνηπτέριξ η Κλεοπάτρα,el,"","",,Greek,Eleftherios Katsillis,2020-09-21T11:32:47Z
52772,Γωνηπτέριξ,el,"","",,Greek,Eleftherios Katsillis,2020-09-21T11:32:56Z
62944,Φαναράκια,el,"","",,Greek,Eleftherios Katsillis,2020-09-21T11:36:22Z
62944,Καρδιόσπερμο το αλικάκαβο,el,"","",,Greek,Eleftherios Katsillis,2020-09-21T11:36:31Z
62946,Καρδιόσπερμα,el,"","",,Greek,Eleftherios Katsillis,2020-09-21T11:36:58Z
179345,Ευπλαγία,el,"","",,Greek,Eleftherios Katsillis,2020-09-21T13:01:42Z
118936,Ευπλαγία η τετράστικτη,el,"","",,Greek,Eleftherios Katsillis,2020-09-21T13:06:23Z
40695,Μικρορινόλοφος,el,"","",,Greek,Eleftherios Katsillis,2020-09-21T13:19:16Z
40642,Ρινόλοφος,el,"","",,Greek,Eleftherios Katsillis,2020-09-21T13:20:07Z
123070,Ρίφι,el,Cyprus,CY,,Greek,Eleftherios Katsillis,2020-09-21T13:39:34Z
47818,Λιβελούλα,el,"","",,Greek,Eleftherios Katsillis,2020-09-22T18:20:33Z
47819,Λιβελουλίδες,el,"","",,Greek,Eleftherios Katsillis,2020-09-22T18:21:08Z
465182,Εχίνωψ ο Ακανθότατος Βιθυνικός,el,"","",,Greek,Eleftherios Katsillis,2020-09-22T18:41:36Z
76762,Εχίνωψ ο σφαιροκέφαλος,el,"","",,Greek,Eleftherios Katsillis,2020-09-23T18:53:46Z
72295,Φοίνικας,el,"","",,Greek,Eleftherios Katsillis,2020-09-23T19:19:19Z
78555,Χουρμαδιά,el,"","",,Greek,Eleftherios Katsillis,2020-09-23T19:19:36Z
49661,Υγράμβαρη,el,"","",,Greek,Eleftherios Katsillis,2020-09-23T19:23:29Z
49661,Λικιδάμβαρη,el,"","",,Greek,Eleftherios Katsillis,2020-09-23T19:25:56Z
356068,Λικιδάμβαρις η ανατολική,el,"","",,Greek,Eleftherios Katsillis,2020-09-23T19:26:08Z
356068,Ζηδιά,el,"","",,Greek,Eleftherios Katsillis,2020-09-23T19:26:22Z
54784,Δρυς η κόκκινη,el,"","",,Greek,Eleftherios Katsillis,2020-09-23T19:28:43Z
54784,Δρυς η ερυθρά,el,"","",,Greek,Eleftherios Katsillis,2020-09-23T19:28:57Z
47851,Δρυς,el,"","",,Greek,Eleftherios Katsillis,2020-09-23T19:30:08Z
861029,Δρυς,el,"","",,Greek,Eleftherios Katsillis,2020-09-23T19:30:22Z
338763,Δρυς η ιθαμπουρένσιος,el,"","",,Greek,Eleftherios Katsillis,2020-09-23T19:34:26Z
866799,Ήμερη Βελανιδιά,el,"","",,Greek,Eleftherios Katsillis,2020-09-23T19:34:38Z
866799,Δρυς Η Ιθαμπουρένσιος μακρολέπιος,el,"","",,Greek,Eleftherios Katsillis,2020-09-23T19:35:01Z
866799,Βασιλική Βελανιδιά,el,"","",,Greek,Eleftherios Katsillis,2020-09-23T19:35:18Z
71956,Αλόη,el,"","",,Greek,Eleftherios Katsillis,2020-09-24T00:28:05Z
126882,Αλόη η γνήσια,el,"","",,Greek,Eleftherios Katsillis,2020-09-24T00:28:30Z
126882,Φαρμακευτική Αλόη,el,"","",,Greek,Eleftherios Katsillis,2020-09-24T00:28:51Z
465618,Ασφοδελοειδή,el,"","",,Greek,Eleftherios Katsillis,2020-09-24T00:29:09Z
71400,Ασφοδελοειδή,el,"","",,Greek,Eleftherios Katsillis,2020-09-24T00:29:35Z
493107,Μέρικος,el,Cyprus,CY,,Greek,Eleftherios Katsillis,2020-09-24T00:51:37Z
51304,Ταμαρικίδες,el,"","",,Greek,Eleftherios Katsillis,2020-09-24T00:51:56Z
854322,Ασπροθύμαρο,el,"","",,Greek,Eleftherios Katsillis,2020-09-24T01:03:39Z
632790,Αστεροειδή,el,"","",,Greek,Eleftherios Katsillis,2020-09-24T01:04:40Z
883652,Ανεμώνη,el,"","",,Greek,Eleftherios Katsillis,2020-09-24T01:19:48Z
72301,Πιστακία,el,"","",,Greek,Eleftherios Katsillis,2020-09-24T13:50:02Z
48874,Ανακαρδιοειδή,el,"","",,Greek,Eleftherios Katsillis,2020-09-24T13:50:53Z
127890,Αραουκάρια η ετερόφυλλη,el,"","",,Greek,Eleftherios Katsillis,2020-09-24T14:00:11Z
127890,Αροκάρια η ετερόφυλλη,el,"","",,Greek,Eleftherios Katsillis,2020-09-24T14:00:33Z
49382,Αραουκαρίδες,el,"","",,Greek,Eleftherios Katsillis,2020-09-24T14:01:08Z
746724,Ανεμώνες,el,"","",,Greek,Eleftherios Katsillis,2020-09-24T14:06:18Z
950583,Ανεμώνοΐδες,el,"","",,Greek,Eleftherios Katsillis,2020-09-24T14:07:09Z
55869,Κυκλάμινο,el,"","",,Greek,Eleftherios Katsillis,2020-09-24T14:11:13Z
82906,Ασφόδελος ο πολύκλαδος,el,"","",,Greek,Eleftherios Katsillis,2020-09-24T14:18:05Z
75606,Ασφόδελος ο κοίλος,el,"","",,Greek,Eleftherios Katsillis,2020-09-24T14:21:04Z
75606,Μικρό σφερδούκλι,el,"","",,Greek,Eleftherios Katsillis,2020-09-24T14:21:50Z
75606,Ασφόδελος ο Μικρόκαρπος,el,"","",,Greek,Eleftherios Katsillis,2020-09-24T14:22:40Z
77496,Ιπομέα των Δυτικών Ινδιών,el,"","",,Greek,Eleftherios Katsillis,2020-09-24T14:53:45Z
52346,Ιπομέα,el,"","",,Greek,Eleftherios Katsillis,2020-09-24T14:54:03Z
161639,Μεγάλο διαβολόχορτο,el,"","",,Greek,Eleftherios Katsillis,2020-09-24T14:55:38Z
48943,Δατούρα,el,"","",,Greek,Eleftherios Katsillis,2020-09-24T14:56:16Z
48943,Ντατούρα,el,"","",,Greek,Eleftherios Katsillis,2020-09-24T14:56:22Z
48943,Τατούλα,el,"","",,Greek,Eleftherios Katsillis,2020-09-24T14:56:28Z
161639,Δατούρα Μεγάλο διαβολόχορτο,el,"","",,Greek,Eleftherios Katsillis,2020-09-24T14:58:13Z
161639,Στραμώνιο το αβλαβές,el,"","",,Greek,Eleftherios Katsillis,2020-09-24T14:58:29Z
69936,Αμυγδαλιά,el,"","",,Greek,Eleftherios Katsillis,2020-09-24T15:03:47Z
431496,Πικραμυγδαλιά,el,"","",,Greek,Eleftherios Katsillis,2020-09-24T15:05:15Z
431496,Αγριοροδακινιά,el,"","",,Greek,Eleftherios Katsillis,2020-09-24T15:06:28Z
47351,Προύνος,el,"","",,Greek,Eleftherios Katsillis,2020-09-24T15:08:57Z
55811,Τσαπουρνιά,el,"","",,Greek,Eleftherios Katsillis,2020-09-24T15:10:56Z
55811,Μαμουσιά,el,"","",,Greek,Eleftherios Katsillis,2020-09-24T15:11:11Z
55811,Αγριοκορομηλιά,el,"","",,Greek,Eleftherios Katsillis,2020-09-24T15:11:18Z
55811,Αγριοδαμάσκηνο,el,"","",,Greek,Eleftherios Katsillis,2020-09-24T15:11:25Z
55811,Μπλε βούρβαλο,el,"","",,Greek,Eleftherios Katsillis,2020-09-24T15:11:33Z
191019,Μοσφιλιά,el,"","",,Greek,Eleftherios Katsillis,2020-09-24T15:12:47Z
191019,Κράταιγος ο Αζαρόλος,el,"","",,Greek,Eleftherios Katsillis,2020-09-24T15:13:02Z
191019,Κουδομηλιά,el,"","",,Greek,Eleftherios Katsillis,2020-09-24T15:13:19Z
191019,Τρικοκκιά,el,"","",,Greek,Eleftherios Katsillis,2020-09-24T15:14:03Z
191019,Μουρζιά,el,"","",,Greek,Eleftherios Katsillis,2020-09-24T15:14:15Z
191019,Μπουρμπουτζελιά,el,"","",,Greek,Eleftherios Katsillis,2020-09-24T15:14:26Z
191019,Ξανθή τσαπουρνιά,el,"","",,Greek,Eleftherios Katsillis,2020-09-24T15:14:37Z
191019,Τσιατσιά,el,"","",,Greek,Eleftherios Katsillis,2020-09-24T15:14:47Z
191019,Ξαγκαθιά,el,"","",,Greek,Eleftherios Katsillis,2020-09-24T15:14:56Z
51148,Κράταιγος,el,"","",,Greek,Eleftherios Katsillis,2020-09-24T15:15:12Z
335885,Αχλαδιά η ακανθώδης,el,"","",,Greek,Eleftherios Katsillis,2020-09-24T15:19:35Z
335885,Αλιοχρά,el,"","",,Greek,Eleftherios Katsillis,2020-09-24T15:23:21Z
335885,Αρμουτιά,el,"East Macedonia and Thrace, Macedonia and Thrace, GR","",,Greek,Eleftherios Katsillis,2020-09-24T15:24:01Z
335885,Σβέρτσλο,el,"","",,Greek,Eleftherios Katsillis,2020-09-24T15:24:50Z
335885,Αγριοαπιδιά,el,"Corfu, GR","",,Greek,Eleftherios Katsillis,2020-09-24T15:25:13Z
335885,Αγκούτσακας,el,"Crete, GR","",,Greek,Eleftherios Katsillis,2020-09-24T15:25:33Z
335885,Αροχλάδα,el,"","",,Greek,Eleftherios Katsillis,2020-09-24T15:25:56Z
335885,Απιδέα η αμυγδαλόμορφος,el,"","",,Greek,Eleftherios Katsillis,2020-09-24T15:26:22Z
335885,Γκορτσιά,el,"","",,Greek,Eleftherios Katsillis,2020-09-24T15:26:33Z
58736,Αχλαδιά,el,"","",,Greek,Eleftherios Katsillis,2020-09-24T15:27:25Z
58736,Απία,el,"","",,Greek,Eleftherios Katsillis,2020-09-24T15:27:32Z
58742,Νάνα κερασιά,el,"","",,Greek,Eleftherios Katsillis,2020-09-24T15:28:56Z
48629,Αμερικανική δαμασκηνιά,el,"","",,Greek,Eleftherios Katsillis,2020-09-24T15:29:19Z
50333,Λαντάνα η Ορθόκλαδη,el,"","",,Greek,Eleftherios Katsillis,2020-09-24T15:34:21Z
50334,Λαντάνα,el,"","",,Greek,Eleftherios Katsillis,2020-09-24T15:34:39Z
492089,Πίκνομον το Ακαρνανικό,el,"","",,Greek,Eleftherios Katsillis,2020-09-24T15:50:57Z
492090,Πίκνομον,el,"","",,Greek,Eleftherios Katsillis,2020-09-24T15:51:08Z
340941,Ασπάλαθος,el,"","",,Greek,Eleftherios Katsillis,2020-09-24T15:56:49Z
340941,Καλυκοτόμη η εριότριχος,el,"","",,Greek,Eleftherios Katsillis,2020-09-24T15:57:16Z
339417,Καλυκοτόμη,el,"","",,Greek,Eleftherios Katsillis,2020-09-24T15:57:26Z
548591,Σπάρτα,el,"","",,Greek,Eleftherios Katsillis,2020-09-24T15:58:08Z
47408,Σπάρτο,el,"","",,Greek,Eleftherios Katsillis,2020-09-24T15:58:35Z
63621,Κουκουναριά,el,"","",,Greek,Eleftherios Katsillis,2020-09-24T16:03:08Z
122519,Κοράλλι,el,"","",,Greek,Eleftherios Katsillis,2020-09-24T18:01:17Z
479632,Κορραλλόδεντρο,el,"","",,Greek,Eleftherios Katsillis,2020-09-24T18:02:11Z
82771,Ερυθρίνη,el,"","",,Greek,Eleftherios Katsillis,2020-09-24T18:02:27Z
210513,Άγριο σπαράγγι,el,"","",,Greek,Eleftherios Katsillis,2020-09-24T18:37:00Z
210513,Ασπάραγκος ο φαρμακευτικός,el,"","",,Greek,Eleftherios Katsillis,2020-09-24T18:37:54Z
371689,Πεντοδοντίνοι,el,"","",,Greek,Eleftherios Katsillis,2020-09-24T19:40:22Z
156636,Πεντόδοντος,el,"","",,Greek,Eleftherios Katsillis,2020-09-24T19:43:38Z
156636,Πεντόδοντας,el,"","",,Greek,Eleftherios Katsillis,2020-09-24T19:43:50Z
713236,Πεντόδοντος ο Στικτός,el,"","",,Greek,Eleftherios Katsillis,2020-09-24T19:45:24Z
713236,Πεντόδους ο Στικτός,el,"","",,Greek,Eleftherios Katsillis,2020-09-24T19:45:37Z
42158,Ελάφι,el,"","",,Greek,John E. Christensen,2020-09-26T15:23:55Z
897913,Ποταμοκάβουρας του Ιπποκράτη,el,"","",https://www.inaturalist.org/taxon_names/2227606/edit,Greek,,2020-09-26T22:17:08Z
62891,Καζουαρίνα,el,"","",,Greek,Eleftherios Katsillis,2020-09-27T15:27:38Z
56846,Τοριλίδα η Αρουραία,el,"","",,Greek,Eleftherios Katsillis,2020-09-29T16:48:27Z
56846,Τοριλίς η Αρουραία,el,"","",,Greek,Eleftherios Katsillis,2020-09-29T16:48:58Z
64265,Μηδική η Ομφαλωτή,el,"","",,Greek,Eleftherios Katsillis,2020-09-29T16:50:27Z
1092879,Ομφαλωτά,el,"","",,Greek,Eleftherios Katsillis,2020-09-29T16:51:02Z
52554,Ταωλαπίνα,el,"","",,Greek,Eleftherios Katsillis,2020-09-29T20:55:20Z
63935,Καρυδιά η βασιλική,el,"","",,Greek,Eleftherios Katsillis,2020-10-01T19:38:19Z
54495,Καρυδιά,el,"","",,Greek,Eleftherios Katsillis,2020-10-01T19:39:02Z
54495,Καρυά,el,"","",,Greek,Eleftherios Katsillis,2020-10-01T19:39:10Z
54497,Καρυοειδή,el,"","",,Greek,Eleftherios Katsillis,2020-10-01T19:39:28Z
54495,Διοσβάλανος,el,"","",,Greek,Eleftherios Katsillis,2020-10-01T19:40:19Z
771526,Φραμός,el,Cyprus,CY,,Greek,Eleftherios Katsillis,2020-10-02T14:03:30Z
72165,Ελίχρυσο,el,"","",,Greek,Eleftherios Katsillis,2020-10-02T14:05:56Z
82600,Σχινιά,el,Cyprus,CY,,Greek,Eleftherios Katsillis,2020-10-02T14:06:57Z
139089,Ρασιήν,el,Cyprus,CY,,Greek,Eleftherios Katsillis,2020-10-02T14:08:06Z
771526,Γαουρόθρουμπος,el,Cyprus,CY,,Greek,Eleftherios Katsillis,2020-10-02T14:08:40Z
337957,Φασσόχορτο,el,Cyprus,CY,,Greek,Eleftherios Katsillis,2020-10-02T14:09:03Z
513723,Χωστή,el,Cyprus,CY,,Greek,Eleftherios Katsillis,2020-10-02T14:09:28Z
1048146,Λειμώνιο της Μονολίθου,el,"","",,Greek,Eleftherios Katsillis,2020-10-02T15:21:20Z
162699,Ερύγγιο το πεδινό,el,"","",,Greek,Eleftherios Katsillis,2020-10-02T15:26:32Z
492846,Ερύγγιο το Πυκνοφυές,el,"","",,Greek,Eleftherios Katsillis,2020-10-02T15:35:51Z
492846,Ηρύγγιο το Πυκνοφυές,el,"","",,Greek,Eleftherios Katsillis,2020-10-02T15:36:01Z
1136953,Ερύγγιο Το Πυκνοφυές Πυκνοφυές,el,"","",,Greek,Eleftherios Katsillis,2020-10-02T15:36:14Z
48436,Αδίαντο,el,"","",,Greek,Eleftherios Katsillis,2020-10-02T15:38:48Z
63916,Πολυτρίχι,el,"","",,Greek,Eleftherios Katsillis,2020-10-02T15:39:09Z
63916,Μαλλόχορτο,el,"","",,Greek,Eleftherios Katsillis,2020-10-02T15:39:57Z
63916,Ψαλιδόχορτο,el,"","",,Greek,Eleftherios Katsillis,2020-10-02T15:40:10Z
63916,Σκροπίδι,el,"","",,Greek,Eleftherios Katsillis,2020-10-02T15:40:16Z
63916,Βροντοτρίχι,el,"","",,Greek,Eleftherios Katsillis,2020-10-02T15:40:26Z
63916,Πηγαδόχορτο,el,"","",,Greek,Eleftherios Katsillis,2020-10-02T15:40:41Z
62426,Αφαντόπους υπέρανθος,el,"","",,Greek,Eleftherios Katsillis,2020-10-02T16:47:01Z
62427,Αφαντόπους,el,"","",,Greek,Eleftherios Katsillis,2020-10-02T16:47:11Z
41801,Μουστέλα,el,"","",,Greek,Eleftherios Katsillis,2020-10-02T22:07:25Z
569428,Νυφίτσα,el,"","",,Greek,Eleftherios Katsillis,2020-10-02T22:07:54Z
41770,Ικτιδίδες,el,"","",,Greek,Eleftherios Katsillis,2020-10-02T22:09:15Z
526558,Ικτιδίνες,el,"","",,Greek,Eleftherios Katsillis,2020-10-02T22:09:47Z
526558,Μουστελίνες,el,"","",,Greek,Eleftherios Katsillis,2020-10-02T22:10:05Z
41770,Μουστελίδες,el,"","",,Greek,Eleftherios Katsillis,2020-10-02T22:10:16Z
41808,Ερμίνα,el,"","",,Greek,Eleftherios Katsillis,2020-10-02T22:11:28Z
41812,Βρωμοκούναβο,el,"","",,Greek,Eleftherios Katsillis,2020-10-02T22:12:47Z
359362,Μπαρμπούνι της Ερυθράς θάλασσας,el,"","",,Greek,Eleftherios Katsillis,2020-10-02T22:28:16Z
550983,Ευζωνίτης,el,"","",,Greek,Eleftherios Katsillis,2020-10-02T22:29:51Z
180723,Πριονοτρόπις,el,"","",,Greek,Eleftherios Katsillis,2020-10-02T22:33:20Z
84640,Ευρωπαϊκή σφήκα,el,"","",,Greek,Eleftherios Katsillis,2020-10-02T22:35:27Z
113535,Τιγρολαπίνα,el,"","",,Greek,Eleftherios Katsillis,2020-10-02T22:37:33Z
120489,Κρεατόμυγα,el,"","",,Greek,Eleftherios Katsillis,2020-10-02T22:38:49Z
430676,Αγριοκουμαριά,el,"","",,Greek,Eleftherios Katsillis,2020-10-02T22:41:50Z
82689,Κουμαριά,el,"","",,Greek,Eleftherios Katsillis,2020-10-02T22:42:34Z
430676,Ελαφοκουμαριά,el,"","",,Greek,Eleftherios Katsillis,2020-10-02T22:42:57Z
430676,Γλιστροκουμαριά,el,"","",,Greek,Eleftherios Katsillis,2020-10-02T22:43:03Z
133387,Ερεικίδες,el,"","",,Greek,Eleftherios Katsillis,2020-10-02T22:43:23Z
133387,Ερικίδες,el,"","",,Greek,Eleftherios Katsillis,2020-10-02T22:43:33Z
47181,Ερικώδη,el,"","",,Greek,Eleftherios Katsillis,2020-10-02T22:43:45Z
47263,Σφύραινα,el,"","",,Greek,Eleftherios Katsillis,2020-10-02T22:45:12Z
47251,Μπαρακούντα,el,"","",,Greek,Eleftherios Katsillis,2020-10-02T22:45:48Z
47255,Λούτσος,el,"","",,Greek,Eleftherios Katsillis,2020-10-02T22:46:17Z
68118,Σφυρίδα,el,"","",,Greek,Eleftherios Katsillis,2020-10-02T22:47:08Z
68118,Επινέφελος ο αινειός,el,"","",,Greek,Eleftherios Katsillis,2020-10-02T22:47:20Z
47443,Ακακία Κωνσταντινουπόλεως,el,"","",,Greek,Eleftherios Katsillis,2020-10-02T22:47:52Z
47451,Αλβιζία,el,"","",,Greek,Eleftherios Katsillis,2020-10-02T22:48:22Z
49552,Οικιακή Σκουτιγκέρα,el,"","",,Greek,Eleftherios Katsillis,2020-10-02T22:49:22Z
49555,Σκουτιγκέρα,el,"","",,Greek,Eleftherios Katsillis,2020-10-02T22:49:32Z
49554,Σκουτιγκερίδες,el,"","",,Greek,Eleftherios Katsillis,2020-10-02T22:49:46Z
49553,Σκουτιγκερόμορφα,el,"","",,Greek,Eleftherios Katsillis,2020-10-02T22:49:58Z
62008,Πλατύστομα,el,"","",,Greek,Eleftherios Katsillis,2020-10-02T22:51:10Z
635507,Πλατυστοματίνες,el,"","",,Greek,Eleftherios Katsillis,2020-10-02T22:51:30Z
62007,Πλατυστοματίδες,el,"","",,Greek,Eleftherios Katsillis,2020-10-02T22:51:48Z
71154,Αφίδα της Πικροδάφνης,el,"","",,Greek,Eleftherios Katsillis,2020-10-02T22:54:20Z
55215,Αφίδες,el,"","",,Greek,Eleftherios Katsillis,2020-10-02T22:54:39Z
517607,Αφίδινα,el,"","",,Greek,Eleftherios Katsillis,2020-10-02T22:54:59Z
373639,Αφίδινοι,el,"","",,Greek,Eleftherios Katsillis,2020-10-02T22:55:10Z
194066,Αφιδίνες,el,"","",,Greek,Eleftherios Katsillis,2020-10-02T22:55:26Z
325887,Μικρομερία η Μυρτόφυλλη,el,"","",,Greek,Eleftherios Katsillis,2020-10-02T22:57:25Z
185791,Μικρομερία,el,"","",,Greek,Eleftherios Katsillis,2020-10-02T22:57:33Z
333734,Θυμελαία η δασύτριχη,el,"","",,Greek,Eleftherios Katsillis,2020-10-02T22:58:10Z
333734,Θερόκαλο,el,"","",,Greek,Eleftherios Katsillis,2020-10-02T22:58:18Z
333734,Θερόκλαδο,el,"","",,Greek,Eleftherios Katsillis,2020-10-02T22:58:27Z
333734,Φινοκαλιά,el,"","",,Greek,Eleftherios Katsillis,2020-10-02T22:58:35Z
333734,Φυτιλίκι,el,"","",,Greek,Eleftherios Katsillis,2020-10-02T22:58:45Z
333734,Χερόκαλο,el,"","",,Greek,Eleftherios Katsillis,2020-10-02T22:58:53Z
155864,Θυμελαία,el,"","",,Greek,Eleftherios Katsillis,2020-10-02T22:59:03Z
50313,Θυμελαιοειδή,el,"","",,Greek,Eleftherios Katsillis,2020-10-02T22:59:18Z
337685,Λύκος της λαδανιάς,el,"","",,Greek,Eleftherios Katsillis,2020-10-02T23:00:24Z
464089,Σέδο το παράλιο,el,"","",,Greek,Eleftherios Katsillis,2020-10-02T23:02:38Z
485873,Έχιο το στενόφυλλο,el,"","",,Greek,Eleftherios Katsillis,2020-10-02T23:03:50Z
514950,Έχιο το Στενόφυλλο Στενόφυλλο,el,"","",,Greek,Eleftherios Katsillis,2020-10-02T23:04:05Z
515180,Γαγέα η Ελληνική,el,"","",,Greek,Eleftherios Katsillis,2020-10-02T23:05:42Z
124357,Γαγέα,el,"","",,Greek,Eleftherios Katsillis,2020-10-02T23:05:53Z
999973,Ευπολύβοθρος,el,"","",,Greek,Eleftherios Katsillis,2020-10-02T23:12:04Z
495628,Ευπολύβοθρος,el,"","",,Greek,Eleftherios Katsillis,2020-10-02T23:12:17Z
128924,Πιλοφόρος,el,"","",,Greek,Eleftherios Katsillis,2020-10-04T15:43:04Z
481056,Πιλοφορίνοι,el,"","",,Greek,Eleftherios Katsillis,2020-10-04T15:43:17Z
56293,Δαμαλάκι,el,"","",,Greek,Eleftherios Katsillis,2020-10-04T17:22:48Z
56293,Κοχεκυλίς,el,"","",,Greek,Eleftherios Katsillis,2020-10-04T17:23:26Z
56293,Επτάστηθος,el,"","",,Greek,Eleftherios Katsillis,2020-10-04T17:23:47Z
56293,Χαμπαρολόγος,el,"Lemnos, Aegean, GR","",,Greek,Eleftherios Katsillis,2020-10-04T17:27:59Z
56294,Μακρόγλωσσο,el,"","",,Greek,Eleftherios Katsillis,2020-10-04T17:29:42Z
124050,Μακρογλώσσινα,el,"","",,Greek,Eleftherios Katsillis,2020-10-04T17:30:01Z
124065,Μακρογλωσσίνοι,el,"","",,Greek,Eleftherios Katsillis,2020-10-04T17:30:23Z
124071,Μακρογλωσσίνες,el,"","",,Greek,Eleftherios Katsillis,2020-10-04T17:30:51Z
47213,Σφιγγίδες,el,"","",,Greek,Eleftherios Katsillis,2020-10-04T17:31:06Z
47214,Βομβυκοειδή,el,"","",,Greek,Eleftherios Katsillis,2020-10-04T17:31:51Z
63232,Λέτσινο το τραχύ,el,"","",,Greek,Eleftherios Katsillis,2020-10-04T21:15:23Z
54203,Λέτσινο,el,"","",,Greek,Eleftherios Katsillis,2020-10-04T21:15:46Z
180365,Λυκόπερδο το ασκόμορφο,el,"","",,Greek,Eleftherios Katsillis,2020-10-06T20:54:44Z
48444,Λυκόπερδο,el,"","",,Greek,Eleftherios Katsillis,2020-10-06T20:54:54Z
48443,Λυκόπερδο το μαργαριταρένιο,el,"","",,Greek,Eleftherios Katsillis,2020-10-06T21:36:58Z
119608,Σαλιγκάρι των Αμμοθινών,el,"","",,Greek,Agapakis Georgios,2020-10-07T13:50:24Z
41800,Πετροκούναβο,el,"","",,Greek,Agapakis Georgios,2020-10-07T13:51:03Z
874749,Κιτρινόποδος Παχυίουλος,el,"","",,Greek,Agapakis Georgios,2020-10-07T13:58:00Z
128145,Μεσογειακή Σκολόπενδρα,el,"","",,Greek,Agapakis Georgios,2020-10-07T13:58:39Z
59283,Μαρμαροκάβουρας,el,"","",,Greek,Agapakis Georgios,2020-10-07T14:00:48Z
503357,Βρωμούσα της Αμυγδαλιάς,el,"","",,Greek,Agapakis Georgios,2020-10-07T14:01:33Z
125444,Παντροπική Αράχνη Άλτης,el,"","",,Greek,Agapakis Georgios,2020-10-07T14:03:36Z
119664,Πεταλούδα του Γερανιού,el,"","",,Greek,Agapakis Georgios,2020-10-07T14:04:12Z
333530,Κοινή Ακρίδα της Μακίας,el,"","",,Greek,Agapakis Georgios,2020-10-07T14:07:56Z
56083,Αρμαδιλλίδιο το Κοινό,el,"","",,Greek,Agapakis Georgios,2020-10-07T14:08:52Z
1204,Μπλε Παγώνι,el,"","",,Greek,Agapakis Georgios,2020-10-07T14:10:45Z
151429,Κοινή Σουπιά,el,Greece,GR,,Greek,Agapakis Georgios,2020-10-07T14:11:04Z
118514,Μεσογειακός Καρδινάλιος,el,"","",,Greek,Agapakis Georgios,2020-10-07T14:11:35Z
348814,Γκεπίνια η λαχανοειδής,el,"","",,Greek,Eleftherios Katsillis,2020-10-07T23:12:08Z
340471,Αδηφάγα,el,"","",,Greek,Eleftherios Katsillis,2020-10-08T13:26:07Z
58558,Πολυομμάτινες,el,"","",,Greek,Eleftherios Katsillis,2020-10-08T15:17:36Z
125833,Πολυομμάτινοι,el,"","",,Greek,Eleftherios Katsillis,2020-10-08T15:17:49Z
522678,Πολυομμάτινα,el,"","",,Greek,Eleftherios Katsillis,2020-10-08T15:19:02Z
55642,Πολυόμματος,el,"","",,Greek,Eleftherios Katsillis,2020-10-08T15:20:46Z
129120,Λυσάνδρα,el,"","",,Greek,Eleftherios Katsillis,2020-10-08T15:21:15Z
416536,Σαργός ο Δίστικτος,el,"","",,Greek,Eleftherios Katsillis,2020-10-08T20:09:33Z
7106,Μανδαρίνος,el,"","",,Greek,Eleftherios Katsillis,2020-10-10T04:39:06Z
482848,Σκίλλα η Υακινθοειδής,el,"","",,Greek,Eleftherios Katsillis,2020-10-10T15:09:52Z
49149,Σκίλλα,el,"","",,Greek,Eleftherios Katsillis,2020-10-10T15:10:04Z
507998,Σκιλλοειδή,el,"","",,Greek,Eleftherios Katsillis,2020-10-10T15:10:22Z
48316,Στρελίτζια,el,"","",,Greek,Eleftherios Katsillis,2020-10-10T15:12:37Z
900435,Σενέκιο το Λευκάνθεμο Λευκάνθεμο,el,"","",,Greek,Eleftherios Katsillis,2020-10-10T15:17:00Z
334202,Σενέκιο το Λευκάνθεμο,el,"","",,Greek,Eleftherios Katsillis,2020-10-10T15:17:09Z
53207,Σενέκιο,el,"","",,Greek,Eleftherios Katsillis,2020-10-10T15:17:30Z
901794,Σενεκιόνινες,el,"","",,Greek,Eleftherios Katsillis,2020-10-10T15:18:14Z
568270,Σενεκίονες,el,"","",,Greek,Eleftherios Katsillis,2020-10-10T15:18:49Z
64486,Προσκυνητής,el,"","",,Greek,Eleftherios Katsillis,2020-10-10T16:16:03Z
326338,Γαλανή Φλαμπελίνα,el,"","",,Greek,Eleftherios Katsillis,2020-10-10T16:16:23Z
47172,Φλαμπελίνα,el,"","",,Greek,Eleftherios Katsillis,2020-10-10T16:16:38Z
254640,Χόχος,el,"","",,Greek,Eleftherios Katsillis,2020-10-10T16:17:15Z
254640,Μπουρού,el,Greece,GR,,Greek,Eleftherios Katsillis,2020-10-10T16:17:21Z
326343,Αγελαδίτσα,el,"","",,Greek,Eleftherios Katsillis,2020-10-10T16:18:04Z
254661,Κοχύλα,el,"","",,Greek,Eleftherios Katsillis,2020-10-10T16:21:10Z
254661,Μπουχώνα,el,"","",,Greek,Eleftherios Katsillis,2020-10-10T16:21:22Z
50921,Μούσκαρι,el,"","",,Greek,Eleftherios Katsillis,2020-10-10T16:24:09Z
59264,Αφάκα,el,"","",,Greek,Eleftherios Katsillis,2020-10-10T16:26:52Z
59264,Αγριολαθούρι,el,"","",,Greek,Eleftherios Katsillis,2020-10-10T16:27:02Z
59264,Λάθυρος ο ερέβινθος,el,"","",,Greek,Eleftherios Katsillis,2020-10-10T16:27:18Z
59264,Κόκκινο Λαθούρι,el,"","",,Greek,Eleftherios Katsillis,2020-10-10T16:28:08Z
496550,Λάμιο το μοσχάτο,el,"","",,Greek,Eleftherios Katsillis,2020-10-10T16:29:18Z
55851,Νεροτσουκνίδα,el,"","",,Greek,Eleftherios Katsillis,2020-10-10T16:30:02Z
55851,Λάμιο το πορφυρό,el,"","",,Greek,Eleftherios Katsillis,2020-10-10T16:30:14Z
241234,Λάμιο το πορφυρό πορφυρό,el,"","",,Greek,Eleftherios Katsillis,2020-10-10T16:30:30Z
55851,Δωδεκάνθι,el,"","",,Greek,Eleftherios Katsillis,2020-10-10T16:30:44Z
55851,Μοβίτσα,el,"","",,Greek,Eleftherios Katsillis,2020-10-10T16:30:54Z
55851,Μπαλιμπάμπα,el,"","",,Greek,Eleftherios Katsillis,2020-10-10T16:31:07Z
55851,Λαβρόχορτο,el,"","",,Greek,Eleftherios Katsillis,2020-10-10T16:31:18Z
55851,Αρχάγγελος,el,"","",,Greek,Eleftherios Katsillis,2020-10-10T16:31:29Z
55460,Λάμιο,el,"","",,Greek,Eleftherios Katsillis,2020-10-10T16:33:44Z
918906,Λαμιέα,el,"","",,Greek,Eleftherios Katsillis,2020-10-10T16:34:51Z
918903,Λαμιοειδή,el,"","",,Greek,Eleftherios Katsillis,2020-10-10T16:38:34Z
156059,Τσάι του Βουνού,el,"","",,Greek,Eleftherios Katsillis,2020-10-10T16:39:45Z
940320,Τσάι Ταΰγετου,el,"","",,Greek,Eleftherios Katsillis,2020-10-10T20:04:28Z
940320,Τσάι του Μαλεβού,el,"","",,Greek,Eleftherios Katsillis,2020-10-10T20:04:46Z
443680,Τσάι του Ολύμπου,el,"","",,Greek,Eleftherios Katsillis,2020-10-10T20:05:11Z
940263,Τσάι του Παρνασσού,el,"","",,Greek,Eleftherios Katsillis,2020-10-10T20:05:41Z
940263,Τσάι του βελουχιού,el,"","",,Greek,Eleftherios Katsillis,2020-10-10T20:06:08Z
358226,Τσάι της Κρήτης,el,"","",,Greek,Eleftherios Katsillis,2020-10-10T20:06:46Z
358226,Μαλοτήρα,el,"Crete, GR","",,Greek,Eleftherios Katsillis,2020-10-10T20:07:43Z
358226,Καλοκοιμηθιά,el,"","",,Greek,Eleftherios Katsillis,2020-10-10T20:07:54Z
940308,Τσάι της Εύβοιας,el,"","",,Greek,Eleftherios Katsillis,2020-10-10T20:08:26Z
940308,Τσάι από το Δέλφι,el,"","",,Greek,Eleftherios Katsillis,2020-10-10T20:08:48Z
168947,Σιδηρίτιδα η Ρωμαία,el,"","",,Greek,Eleftherios Katsillis,2020-10-10T20:11:50Z
1047667,Σιδηρίτιδα η Ρωμαία η Πορφυρά,el,"","",,Greek,Eleftherios Katsillis,2020-10-10T20:12:15Z
168945,Σιδηρίτιδα η Εριώδης,el,"","",,Greek,Eleftherios Katsillis,2020-10-10T20:12:44Z
168946,Τσάι βλάχικο,el,"","",,Greek,Eleftherios Katsillis,2020-10-10T20:18:24Z
168946,Σιδηρίτιδα η ορεινή,el,"","",,Greek,Eleftherios Katsillis,2020-10-10T20:18:35Z
940196,Σιδηρίτιδα η Ορεινή Ορεινή,el,"","",,Greek,Eleftherios Katsillis,2020-10-10T20:18:58Z
877091,Σιδηρίτιδα η Σιπυλαία,el,"","",,Greek,Eleftherios Katsillis,2020-10-10T20:25:37Z
922110,Αμυγδαλοειδή,el,"","",,Greek,Eleftherios Katsillis,2020-10-10T20:40:46Z
365732,Κρητικός φοίνικας,el,"","",,Greek,Eleftherios Katsillis,2020-10-11T04:41:01Z
365732,Φοίνικας του Θεόφραστου,el,"","",,Greek,Eleftherios Katsillis,2020-10-11T04:41:09Z
26718,Σαλαμάνδρες,el,"","",,Greek,Eleftherios Katsillis,2020-10-11T11:06:16Z
734635,Ανατολικός Οφιόμορος,el,"","",,Greek,Eleftherios Katsillis,2020-10-11T11:07:40Z
37846,Οφιόμορος,el,"","",,Greek,Eleftherios Katsillis,2020-10-11T11:07:47Z
36982,Σκιγκίδες,el,"","",,Greek,Eleftherios Katsillis,2020-10-11T11:13:33Z
787700,Σκιγκίνες,el,"","",,Greek,Eleftherios Katsillis,2020-10-11T11:13:55Z
37850,Κοινός Οφιόμορος,el,"","",,Greek,Eleftherios Katsillis,2020-10-11T11:16:34Z
55770,Κρόκος,el,"","",,Greek,Eleftherios Katsillis,2020-10-11T11:49:51Z
559804,Κροκοειδή,el,"","",,Greek,Eleftherios Katsillis,2020-10-11T11:50:32Z
47781,Ιριδοειδή,el,"","",,Greek,Eleftherios Katsillis,2020-10-11T11:50:48Z
47781,Ιριδίδες,el,"","",,Greek,Eleftherios Katsillis,2020-10-11T11:50:58Z
47328,Λειριοειδή,el,"","",,Greek,Eleftherios Katsillis,2020-10-11T11:51:43Z
859160,Λειριοειδέες,el,"","",,Greek,Eleftherios Katsillis,2020-10-11T11:54:16Z
492333,Τσαγανός,el,"","",,Greek,Eleftherios Katsillis,2020-10-11T11:59:58Z
497190,Γαριδάκι Συμιακό,el,"","",,Greek,Eleftherios Katsillis,2020-10-11T12:00:36Z
108369,Πράσινος Αστακός,el,"","",,Greek,Eleftherios Katsillis,2020-10-11T12:01:46Z
49793,Λασποκαβούρια,el,"","",,Greek,Eleftherios Katsillis,2020-10-11T12:02:35Z
49793,Κωλοχτύπες,el,"","",,Greek,Eleftherios Katsillis,2020-10-11T12:02:41Z
295630,Κόκκινη γαρίδα,el,"","",,Greek,Eleftherios Katsillis,2020-10-11T12:03:09Z
106881,Καραβίδα,el,"","",,Greek,Eleftherios Katsillis,2020-10-11T12:04:08Z
49507,Καλλινήκτης,el,"","",,Greek,Eleftherios Katsillis,2020-10-11T12:05:09Z
47827,Κάβουρες,el,"","",,Greek,Eleftherios Katsillis,2020-10-11T12:05:20Z
50928,Γαριδάκι,el,"","",,Greek,Eleftherios Katsillis,2020-10-11T12:05:47Z
962394,Γαρίδα,el,"","",,Greek,Eleftherios Katsillis,2020-10-11T12:05:58Z
1071761,Γάμπαρη,el,"","",,Greek,Eleftherios Katsillis,2020-10-11T12:06:18Z
978840,Γαλαζοκόκκινη Γαρίδα,el,"","",,Greek,Eleftherios Katsillis,2020-10-11T12:06:33Z
371347,Βασιλικά Καβούρια,el,"","",,Greek,Eleftherios Katsillis,2020-10-11T12:07:37Z
62410,Αστακοκαραβίδα,el,"","",,Greek,Eleftherios Katsillis,2020-10-11T12:08:32Z
61386,Χόμαρος,el,"","",,Greek,Eleftherios Katsillis,2020-10-11T12:09:17Z
61385,Νεφροπίδες,el,"","",,Greek,Eleftherios Katsillis,2020-10-11T12:09:29Z
61384,Νεφροποειδή,el,"","",,Greek,Eleftherios Katsillis,2020-10-11T12:09:51Z
47170,Μανιτάρια,el,"","",,Greek,Eleftherios Katsillis,2020-10-11T12:17:31Z
341141,Κυκλάμινο το περσικό,el,"","",,Greek,Eleftherios Katsillis,2020-10-11T18:57:50Z
52410,Κλιβανάριος,el,"","",,Greek,Eleftherios Katsillis,2020-10-11T19:00:03Z
210291,Κλιβανάριος ο Ερυθρωπός,el,"","",,Greek,Eleftherios Katsillis,2020-10-11T19:01:30Z
44678,Μυς,el,"","",,Greek,Eleftherios Katsillis,2020-10-11T19:03:12Z
44705,Σπιτικός ποντικός,el,"","",,Greek,Eleftherios Katsillis,2020-10-11T19:03:38Z
735171,Μυίνες,el,"","",,Greek,Eleftherios Katsillis,2020-10-11T19:04:45Z
209233,Άλογο,el,"","",,Greek,Eleftherios Katsillis,2020-10-11T19:07:33Z
43330,Ζέβρα του Γκραντ,el,"","",,Greek,Eleftherios Katsillis,2020-10-11T19:08:19Z
43328,Ιππίδες,el,"","",,Greek,Eleftherios Katsillis,2020-10-11T19:08:44Z
43327,Περισσοδάκτυλα,el,"","",,Greek,Eleftherios Katsillis,2020-10-11T19:09:05Z
47144,Σκύλος,el,"","",,Greek,Eleftherios Katsillis,2020-10-11T19:11:08Z
42044,Κύων,el,"","",,Greek,Eleftherios Katsillis,2020-10-11T19:11:38Z
42043,Κυνίδες,el,"","",,Greek,Eleftherios Katsillis,2020-10-11T19:11:58Z
42054,Αλεπού,el,"","",,Greek,Eleftherios Katsillis,2020-10-11T19:12:16Z
325471,Λυκαλώπηξ,el,"","",,Greek,Eleftherios Katsillis,2020-10-11T19:12:42Z
42092,Λυκάων,el,"","",,Greek,Eleftherios Katsillis,2020-10-11T19:13:23Z
42093,Αφρικανικό αγριόσκυλο,el,"","",,Greek,Eleftherios Katsillis,2020-10-11T19:13:44Z
42075,Ουροκύων,el,"","",,Greek,Eleftherios Katsillis,2020-10-11T19:14:21Z
123446,Προτούλα,el,"","",,Greek,Eleftherios Katsillis,2020-10-11T19:17:49Z
46001,Κοινός Σκίουρος,el,"","",,Greek,Eleftherios Katsillis,2020-10-11T19:19:27Z
45994,Σκίουρος,el,"","",,Greek,Eleftherios Katsillis,2020-10-11T19:19:42Z
339575,Σκιουρίνοι,el,"","",,Greek,Eleftherios Katsillis,2020-10-11T19:20:02Z
332614,Σκιουρίνες,el,"","",,Greek,Eleftherios Katsillis,2020-10-11T19:20:18Z
45933,Σκιουρίδες,el,"","",,Greek,Eleftherios Katsillis,2020-10-11T19:20:36Z
129411,Σκιουρόμορφα,el,"","",,Greek,Eleftherios Katsillis,2020-10-11T19:20:58Z
46015,Σκίουρος της Λέσβου,el,"","",,Greek,Eleftherios Katsillis,2020-10-11T19:27:23Z
46017,Ανατολικός Γκρι Σκίουρος,el,"","",,Greek,Eleftherios Katsillis,2020-10-11T19:31:02Z
124591,Σφιγγόνωτος,el,"","",,Greek,Eleftherios Katsillis,2020-10-11T22:08:58Z
324337,Σφιγγονωτίνοι,el,"","",,Greek,Eleftherios Katsillis,2020-10-11T22:09:17Z
764133,Σφιγγόνωτος,el,"","",,Greek,Eleftherios Katsillis,2020-10-11T22:10:19Z
324492,Χοίρος,el,"","",,Greek,Eleftherios Katsillis,2020-10-11T22:11:51Z
324492,Γουρούνι,el,"","",,Greek,Eleftherios Katsillis,2020-10-11T22:12:00Z
42134,Αγριογούρουνο,el,"","",,Greek,Eleftherios Katsillis,2020-10-11T22:12:25Z
852333,Ετρουσκομυγαλή,el,"","",,Greek,Eleftherios Katsillis,2020-10-11T22:13:44Z
42126,Συς,el,"","",,Greek,Eleftherios Katsillis,2020-10-11T22:14:50Z
42118,Συίδες,el,"","",,Greek,Eleftherios Katsillis,2020-10-11T22:15:21Z
848343,Συίνα,el,"","",,Greek,Eleftherios Katsillis,2020-10-11T22:15:46Z
152870,Αρτιοδάκτυλα,el,"","",,Greek,Eleftherios Katsillis,2020-10-11T22:16:04Z
44535,Μεγάλος τυφλοπόντικας,el,"","",,Greek,Eleftherios Katsillis,2020-10-11T22:18:15Z
115269,Ποταμόλουτσος,el,"","",,Greek,Eleftherios Katsillis,2020-10-11T22:23:10Z
96744,Κουτσουράς,el,"","",,Greek,Eleftherios Katsillis,2020-10-11T22:24:40Z
764409,Σφιγγόνωτος ο Κριβελλάριος,el,"","",,Greek,Eleftherios Katsillis,2020-10-12T09:48:58Z
790399,Ορχιδέες,el,"","",,Greek,Eleftherios Katsillis,2020-10-12T11:42:46Z
129759,Χοντρό μπούζι,el,"","",,Greek,Eleftherios Katsillis,2020-10-12T11:47:42Z
129759,Καρπόβρωτος ο ακινακόμορφος,el,"","",,Greek,Eleftherios Katsillis,2020-10-12T11:47:53Z
49323,Καρπόβρωτος,el,"","",,Greek,Eleftherios Katsillis,2020-10-12T11:48:06Z
363492,Κολχικό το Μακρόφυλλο,el,"","",,Greek,Eleftherios Katsillis,2020-10-13T17:12:40Z
67773,Κολχικοειδή,el,"","",,Greek,Eleftherios Katsillis,2020-10-13T17:13:36Z
762920,Οιδίποδας ο Χρυσός,el,"","",,Greek,Eleftherios Katsillis,2020-10-13T17:15:56Z
448144,Οιδίποδας ο Γερμανικός,el,"","",,Greek,Eleftherios Katsillis,2020-10-13T17:17:10Z
762921,Οιδίποδας ο Επαφροδίσιος,el,"","",,Greek,Eleftherios Katsillis,2020-10-13T17:17:33Z
473576,Οιδίποδας Μινιάτα,el,"","",,Greek,Eleftherios Katsillis,2020-10-13T17:19:17Z
84572,Πολύφυλλο,el,"","",,Greek,Eleftherios Katsillis,2020-10-14T19:58:14Z
250753,Ταχύτης,el,"","",,Greek,Eleftherios Katsillis,2020-10-14T21:02:07Z
54067,Μαράσμιος,el,"","",,Greek,Eleftherios Katsillis,2020-10-14T23:22:31Z
118240,Μαράσμιος ο Ορειάδης,el,"","",,Greek,Eleftherios Katsillis,2020-10-14T23:22:57Z
56830,Μορχέλα,el,"","",,Greek,Eleftherios Katsillis,2020-10-14T23:52:15Z
63371,Λάπαθο το Αμβλύφυλλο,el,"","",,Greek,Eleftherios Katsillis,2020-10-17T04:38:16Z
55821,Σιδερολάπαθα,el,"","",,Greek,Eleftherios Katsillis,2020-10-17T04:40:47Z
55821,Νερολαπάθα,el,"","",,Greek,Eleftherios Katsillis,2020-10-17T04:40:55Z
55821,Ξινήθρα,el,"","",,Greek,Eleftherios Katsillis,2020-10-17T04:41:09Z
55821,Οξυλίδι,el,"","",,Greek,Eleftherios Katsillis,2020-10-17T04:41:19Z
55821,Αγριολάπαθος,el,"","",,Greek,Eleftherios Katsillis,2020-10-17T04:41:30Z
81687,Κοπτοσκώληκας της αμπέλου,el,"","",,Greek,Eleftherios Katsillis,2020-10-17T11:58:39Z
119608,Άσπρα Χοχλιδάκια,el,"Crete, GR","",,Greek,Eleftherios Katsillis,2020-10-17T13:20:08Z
49203,Οξιά,el,"","",,Greek,Eleftherios Katsillis,2020-10-17T16:11:37Z
54227,Δασική οξιά,el,"","",,Greek,Eleftherios Katsillis,2020-10-17T16:11:57Z
133994,Αγριόκεδρο,el,"","",,Greek,Eleftherios Katsillis,2020-10-17T20:00:44Z
133994,Άρκευθος η οξύκεδρος,el,"","",,Greek,Eleftherios Katsillis,2020-10-17T20:01:23Z
372460,Άρκευθος η οξύκεδρος οξύκεδρος,el,"","",,Greek,Eleftherios Katsillis,2020-10-17T20:01:35Z
551865,Θαλασσόκεδρος,el,"","",,Greek,Eleftherios Katsillis,2020-10-17T20:02:42Z
82853,Κυδωνιά,el,"","",https://eol.org/pages/245489,Greek,wsyxbcl,2020-10-18T12:55:23Z
125440,Φραξός ο ψηλός,el,"","",,Greek,Eleftherios Katsillis,2020-10-21T00:27:57Z
54806,Φραξός,el,"","",,Greek,Eleftherios Katsillis,2020-10-21T00:28:13Z
966205,Σκλήθρο,el,"","",,Greek,Eleftherios Katsillis,2020-10-21T22:49:48Z
966205,Άλνος ο κολλώδης,el,"","",,Greek,Eleftherios Katsillis,2020-10-21T22:49:59Z
55758,Χελιδόνιο,el,"","",,Greek,Eleftherios Katsillis,2020-10-21T23:37:08Z
55757,Χελιδονόχορτο,el,"","",,Greek,Eleftherios Katsillis,2020-10-21T23:37:27Z
52983,Πυρροκοροειδή,el,"","",,Greek,Eleftherios Katsillis,2020-10-22T11:00:19Z
78805,Δρυς η Αριά,el,"","",,Greek,Eleftherios Katsillis,2020-10-22T16:25:09Z
48496,Πλευρώτους,el,"","",,Greek,Eleftherios Katsillis,2020-10-22T17:07:18Z
47199,Ιχνευμονίδες,el,"","",,Greek,Eleftherios Katsillis,2020-10-22T19:12:43Z
47200,Ιχνευμονοειδή,el,"","",,Greek,Eleftherios Katsillis,2020-10-22T19:12:57Z
336926,Ιχνευμονίνες,el,"","",,Greek,Eleftherios Katsillis,2020-10-22T19:13:22Z
465331,Ιχνευμονίνοι,el,"","",,Greek,Eleftherios Katsillis,2020-10-22T19:13:49Z
153417,Ιχνεύμων,el,"","",,Greek,Eleftherios Katsillis,2020-10-22T19:14:20Z
459461,Ακανθεφύρα,el,"","",,Greek,Eleftherios Katsillis,2020-10-23T18:34:57Z
1096842,Ακανθεφυρίδες,el,"","",,Greek,Eleftherios Katsillis,2020-10-23T18:35:47Z
131434,Θαυματόμυγα,el,"","",,Greek,Eleftherios Katsillis,2020-10-23T19:16:25Z
186097,Λίθωψ,el,"","",,Greek,Eleftherios Katsillis,2020-10-24T23:29:17Z
69658,Κοριός,el,"","",,Greek,Eleftherios Katsillis,2020-10-26T21:22:38Z
4270,Κορμοράνος,el,"","",,Greek,John E. Christensen,2020-10-30T09:17:00Z
627669,Μεσογειακή Ανεμώνη Ντομάτα,el,"","",,Greek,Agapakis Georgios,2020-11-03T13:12:38Z
48199,Μηλολόνθη,el,"","",,Greek,Eleftherios Katsillis,2020-11-03T13:39:12Z
48197,Μηλολόνθη η Μηλολόνθη,el,"","",,Greek,Eleftherios Katsillis,2020-11-03T13:39:29Z
347605,Μηλολονθίνοι,el,"","",,Greek,Eleftherios Katsillis,2020-11-03T13:39:45Z
48200,Μηλολονθίνες,el,"","",,Greek,Eleftherios Katsillis,2020-11-03T13:40:23Z
48202,Σκαραβαιοειδή,el,"","",,Greek,Eleftherios Katsillis,2020-11-03T13:40:58Z
48200,Μηλολονθίδαι,el,"","",,Greek,Eleftherios Katsillis,2020-11-03T13:41:41Z
48328,Μέδουσα του φεγγαριού,el,"","",,Greek,Eleftherios Katsillis,2020-11-03T18:56:14Z
92357,Ταχύσφηξ,el,"","",,Greek,Eleftherios Katsillis,2020-11-04T11:24:02Z
482866,Σκυλάκι,el,"","",,Greek,Eleftherios Katsillis,2020-11-08T17:40:31Z
482866,Κοπελούλες,el,"","",,Greek,Eleftherios Katsillis,2020-11-08T17:40:46Z
48177,Γαλινσόγα,el,"","",,Greek,Eleftherios Katsillis,2020-11-15T10:02:28Z
48177,Καλινσόγκα,el,"","",,Greek,Eleftherios Katsillis,2020-11-15T10:02:46Z
52979,Καψέλλα,el,"","",,Greek,Eleftherios Katsillis,2020-11-15T10:39:56Z
444957,Αμπελιτσιά,el,"","",,Greek,Eleftherios Katsillis,2020-11-16T10:03:22Z
68845,Μερκουριάλις,el,"","",,Greek,Eleftherios Katsillis,2020-11-16T11:52:56Z
68838,Σκαρολάχανο,el,"","",,Greek,Eleftherios Katsillis,2020-11-16T11:53:29Z
68838,Σκαρόχορτο,el,"","",,Greek,Eleftherios Katsillis,2020-11-16T11:54:03Z
68838,Σκυλολάχανο,el,"","",,Greek,Eleftherios Katsillis,2020-11-16T11:56:02Z
68838,Πρωτοθέριγο,el,"","",,Greek,Eleftherios Katsillis,2020-11-16T11:56:14Z
68838,Πρωτοθέρης,el,"","",,Greek,Eleftherios Katsillis,2020-11-16T11:56:25Z
68838,Βροντοθέρι,el,"","",,Greek,Eleftherios Katsillis,2020-11-16T11:56:40Z
68838,Μερκουριάλις η ετησία,el,"","",,Greek,Eleftherios Katsillis,2020-11-16T11:56:56Z
143617,Πυγολαμπίδα,el,"","",,Greek,Eleftherios Katsillis,2020-11-18T22:31:43Z
143620,Λαμπυρίς,el,"","",,Greek,Eleftherios Katsillis,2020-11-18T22:33:14Z
72396,Θλάσπι,el,"","",,Greek,Eleftherios Katsillis,2020-11-18T22:35:35Z
79358,Θλάσπι των αγρών,el,"","",,Greek,Eleftherios Katsillis,2020-11-18T22:35:56Z
902660,Θλασπίδες,el,"","",,Greek,Eleftherios Katsillis,2020-11-18T22:36:19Z
56062,Αλλιάρια,el,"","",,Greek,Eleftherios Katsillis,2020-11-18T22:37:13Z
56061,Αλλιάρια η φαρμακευτική,el,"","",,Greek,Eleftherios Katsillis,2020-11-18T22:38:16Z
359911,Σταφυλινίνες,el,"","",,Greek,Eleftherios Katsillis,2020-11-19T17:41:59Z
359910,Σταφυλινίνοι,el,"","",,Greek,Eleftherios Katsillis,2020-11-19T17:42:15Z
373906,Σταφυλίνινα,el,"","",,Greek,Eleftherios Katsillis,2020-11-19T17:42:45Z
211447,Σταφυλίνος,el,"","",,Greek,Eleftherios Katsillis,2020-11-19T17:43:52Z
77952,Μαλάχη η Αμελημένη,el,"","",,Greek,Eleftherios Katsillis,2020-11-19T20:12:32Z
860842,Μαλάχες,el,"","",,Greek,Eleftherios Katsillis,2020-11-19T20:13:01Z
61787,Περσικάρια,el,"","",,Greek,Eleftherios Katsillis,2020-11-20T13:51:46Z
56166,Αγριοπιπεριά,el,"","",,Greek,Eleftherios Katsillis,2020-11-20T13:52:06Z
56327,Ανθοκερωτά,el,"","",,Greek,Eleftherios Katsillis,2020-11-20T22:24:04Z
48386,Σαξιφραγκοειδή,el,"","",,Greek,Eleftherios Katsillis,2020-11-20T22:37:22Z
55434,Σαξιφράγκα,el,"","",,Greek,Eleftherios Katsillis,2020-11-20T22:38:08Z
52329,Βλίτο,el,"","",,Greek,Eleftherios Katsillis,2020-11-21T08:30:23Z
52329,Βλήτο,el,"","",,Greek,Eleftherios Katsillis,2020-11-21T08:30:32Z
52329,Αμάρανθος το βλίτον,el,"","",,Greek,Eleftherios Katsillis,2020-11-21T08:31:24Z
52326,Αμάρανθος,el,"","",,Greek,Eleftherios Katsillis,2020-11-21T08:31:44Z
58776,Αγριόβλητο,el,"","",,Greek,Eleftherios Katsillis,2020-11-21T08:33:42Z
52328,Κόκκινο Βλίτο,el,"","",,Greek,Eleftherios Katsillis,2020-11-21T08:37:25Z
75392,Αμάρανθος ο ουροφόρος,el,"","",,Greek,Eleftherios Katsillis,2020-11-21T08:39:19Z
75401,Αμάρανθος ο πράσινος,el,"","",,Greek,Eleftherios Katsillis,2020-11-21T08:41:37Z
78805,Δρύς η Ίληξ,el,"","",,Greek,Sotirios Liakas,2020-11-21T10:34:55Z
4263,Φαλακροκόρακας,el,"","",,Greek,Eleftherios Katsillis,2020-11-21T15:05:18Z
4262,Φαλακροκορακίδες,el,"","",,Greek,Eleftherios Katsillis,2020-11-21T15:05:28Z
71268,Σουλόμορφα,el,"","",,Greek,Eleftherios Katsillis,2020-11-21T15:06:02Z
3784,Σουλίδες,el,"","",,Greek,Eleftherios Katsillis,2020-11-21T15:07:12Z
3785,Σούλα,el,"","",,Greek,Eleftherios Katsillis,2020-11-21T15:07:48Z
53787,Φουμάρια,el,"","",,Greek,Eleftherios Katsillis,2020-11-22T17:51:01Z
82919,Στάχυς ο κρητικός,el,"","",,Greek,Eleftherios Katsillis,2020-11-23T10:53:24Z
42184,Ζαρκάδι,el,"","",,Greek,Eleftherios Katsillis,2020-11-23T10:55:06Z
42184,Ευρωπαϊκό Ζαρκάδι,el,"","",,Greek,Eleftherios Katsillis,2020-11-23T10:55:53Z
42182,Καπρέολος,el,"","",,Greek,Eleftherios Katsillis,2020-11-23T10:56:05Z
846328,Καπρεολίνοι,el,"","",,Greek,Eleftherios Katsillis,2020-11-23T10:56:25Z
846185,Καπρεολίνες,el,"","",,Greek,Eleftherios Katsillis,2020-11-23T10:56:41Z
46082,Αλπική Μαρμότα,el,"","",,Greek,Eleftherios Katsillis,2020-11-23T10:57:11Z
46082,Μαρμότα η μαρμότα,el,"","",,Greek,Eleftherios Katsillis,2020-11-23T10:57:27Z
46078,Μαρμότα,el,"","",,Greek,Eleftherios Katsillis,2020-11-23T10:57:40Z
334578,Κουφολάχανο,el,"","",,Greek,Eleftherios Katsillis,2020-11-23T21:54:01Z
121450,Δάρδανος,el,"","",,Greek,Eleftherios Katsillis,2020-11-24T13:07:27Z
85399,Λευκοκόπρινος,el,"","",,Greek,Eleftherios Katsillis,2020-11-24T22:16:33Z
52698,Αγριοβρώμη,el,"","",,Greek,Eleftherios Katsillis,2020-11-25T23:16:22Z
57156,Βρώμη,el,"","",,Greek,Eleftherios Katsillis,2020-11-25T23:16:31Z
75722,Βρώμη η άγονη,el,"","",,Greek,Eleftherios Katsillis,2020-11-25T23:16:55Z
52696,Βρώμη η γενιοφόρος,el,"","",,Greek,Eleftherios Katsillis,2020-11-25T23:17:16Z
52697,Αβένα,el,"","",,Greek,Eleftherios Katsillis,2020-11-25T23:18:21Z
1138132,Αβενίνες,el,"","",,Greek,Eleftherios Katsillis,2020-11-25T23:18:44Z
19660,Βασιλίσκος,el,"","",,Greek,Eleftherios Katsillis,2020-11-26T00:03:14Z
82904,Λαγομηλιά,el,"","",,Greek,Eleftherios Katsillis,2020-11-26T11:39:20Z
82904,Οξυμυρσίνη η ακανθώδης,el,"","",,Greek,Eleftherios Katsillis,2020-11-26T11:39:31Z
82908,Ρούσκος,el,"","",,Greek,Eleftherios Katsillis,2020-11-26T11:40:11Z
61872,Στερατζιά,el,"","",,Greek,Eleftherios Katsillis,2020-11-26T15:09:40Z
61872,Στουράκι,el,"","",,Greek,Eleftherios Katsillis,2020-11-26T15:09:49Z
61872,Αστύρακας,el,"","",,Greek,Eleftherios Katsillis,2020-11-26T15:09:57Z
61872,Στύραξ ο φαρμακευτικός,el,"","",,Greek,Eleftherios Katsillis,2020-11-26T15:10:32Z
61875,Στύραξ,el,"","",,Greek,Eleftherios Katsillis,2020-11-26T15:12:07Z
194885,Λαδόψαρο,el,"","",,Greek,Eleftherios Katsillis,2020-11-26T21:03:07Z
194885,Τσιρίτζι,el,"","",,Greek,Eleftherios Katsillis,2020-11-26T21:03:21Z
194885,Πηλακούτας,el,"","",,Greek,Eleftherios Katsillis,2020-11-26T21:03:32Z
102743,Παμπακάς,el,Cyprus,CY,,Greek,Eleftherios Katsillis,2020-11-26T21:04:27Z
52306,Κοκκαλάρης,el,Cyprus,CY,,Greek,Eleftherios Katsillis,2020-11-26T21:05:26Z
52306,Ακανθίας,el,Cyprus,CY,,Greek,Eleftherios Katsillis,2020-11-26T21:06:02Z
360093,Ρώσος,el,Cyprus,CY,,Greek,Eleftherios Katsillis,2020-11-26T21:06:44Z
58205,Τοξόδεντρο,el,"","",,Greek,Eleftherios Katsillis,2020-11-26T21:33:03Z
58206,Μακλούρα,el,"","",,Greek,Eleftherios Katsillis,2020-11-26T21:35:28Z
58205,Μακλούρα η μηλοφόρος,el,"","",,Greek,Eleftherios Katsillis,2020-11-26T21:37:15Z
53398,Ευκάλυπτος ο σφαιρικός,el,"","",,Greek,Eleftherios Katsillis,2020-11-27T22:54:27Z
64128,Ευκάλυπτος του Καμαλντόλι,el,"","",,Greek,Eleftherios Katsillis,2020-11-27T22:55:29Z
64128,Ευκάλυπτος ο Καμαλvτόλικος,el,"","",,Greek,Eleftherios Katsillis,2020-11-27T22:56:16Z
430676,Άντραχλος,el,"","",,Greek,Eleftherios Katsillis,2020-11-28T10:28:00Z
163812,Ιπποφαές το ραμνοειδές,el,"","",,Greek,Eleftherios Katsillis,2020-11-28T18:10:27Z
157648,Ιπποφαές,el,"","",,Greek,Eleftherios Katsillis,2020-11-28T18:10:35Z
64806,Πηλοφύλαξ,el,"","",,Greek,Eleftherios Katsillis,2020-11-29T18:41:59Z
56154,Σαπουνόχορτο,el,"","",,Greek,Eleftherios Katsillis,2020-11-30T14:01:17Z
56154,Καλοστρούθι,el,"","",,Greek,Eleftherios Katsillis,2020-11-30T14:01:27Z
56154,Στρούθιον,el,"","",,Greek,Eleftherios Katsillis,2020-11-30T14:01:35Z
56154,Αγριογλυκόχορτο,el,"","",,Greek,Eleftherios Katsillis,2020-11-30T14:01:44Z
56154,Της γάτας το σαπούνι,el,"","",,Greek,Eleftherios Katsillis,2020-11-30T14:02:31Z
56155,Σαπωνάρια,el,"","",,Greek,Eleftherios Katsillis,2020-11-30T14:02:46Z
48567,Καρυοφυλλοειδή,el,"","",,Greek,Eleftherios Katsillis,2020-11-30T14:03:31Z
158434,Μυρώνι,el,"","",,Greek,Eleftherios Katsillis,2020-11-30T22:38:07Z
158434,Ανθρίσκος το χαιρέφυλλον,el,"","",,Greek,Eleftherios Katsillis,2020-11-30T22:38:36Z
158434,Κάντζικο,el,"","",,Greek,Eleftherios Katsillis,2020-11-30T22:38:51Z
158434,Κτενόχορτο της Αφροδίτης,el,"","",,Greek,Eleftherios Katsillis,2020-11-30T22:39:07Z
158434,Μερόνα,el,"","",,Greek,Eleftherios Katsillis,2020-11-30T22:39:17Z
158434,Μυριαλίδα,el,"","",,Greek,Eleftherios Katsillis,2020-11-30T22:39:36Z
158434,Μυρωνήθρα,el,"","",,Greek,Eleftherios Katsillis,2020-11-30T22:39:49Z
158434,Πορτσαλίδα,el,"","",,Greek,Eleftherios Katsillis,2020-11-30T22:40:10Z
52847,Ανθρίσκος,el,"","",,Greek,Eleftherios Katsillis,2020-11-30T22:40:48Z
200958,Ψαραετοί,el,"","",,Greek,John E. Christensen,2020-12-01T07:54:21Z
465124,Αγαποβότανο,el,"","",,Greek,Eleftherios Katsillis,2020-12-02T00:55:00Z
55714,Τεύκριο,el,"","",,Greek,Eleftherios Katsillis,2020-12-02T00:55:21Z
493054,Αντωνοίδα,el,"","",,Greek,Eleftherios Katsillis,2020-12-02T00:57:59Z
493054,Στομαχοβότανο,el,"","",,Greek,Eleftherios Katsillis,2020-12-02T00:58:43Z
493054,Ασπρόχορτο,el,"","",,Greek,Eleftherios Katsillis,2020-12-02T00:58:57Z
864989,Οξαλίδα,el,"","",,Greek,Eleftherios Katsillis,2020-12-02T01:00:11Z
1023136,Οξαλίδα,el,"","",,Greek,Eleftherios Katsillis,2020-12-02T01:00:28Z
366851,Αχιβάδα Μεσογείου,el,"","",,Greek,Johan Devos,2020-12-03T12:50:29Z
533195,Κίτρινη αχιβάδα,el,"","",,Greek,Johan Devos,2020-12-03T12:57:02Z
324548,Μαρμαροαχιβάδα,el,"","",,Greek,Johan Devos,2020-12-03T13:09:21Z
47288,Αγκαθογαρίδα,el,"","",,Greek,Johan Devos,2020-12-03T13:46:31Z
991680,Γαριδούλα Μεσογείου,el,"","",,Greek,Johan Devos,2020-12-03T21:07:40Z
785365,Γαριδούλα,el,"","",,Greek,Johan Devos,2020-12-03T21:09:03Z
63142,Νηματόμορφα,el,"","",,Greek,Eleftherios Katsillis,2020-12-04T19:13:29Z
337455,Μανδραγόρας,el,"","",,Greek,Eleftherios Katsillis,2020-12-09T21:59:29Z
337454,Μανδραγόρας ο φθινοπωρινός,el,"","",,Greek,Eleftherios Katsillis,2020-12-09T21:59:44Z
337454,Πεθαμός,el,"Rhodes, GR","",,Greek,Eleftherios Katsillis,2020-12-09T22:00:30Z
357389,Μανδραγόρας ο φαρμακευτικός,el,"","",,Greek,Eleftherios Katsillis,2020-12-09T22:01:04Z
58185,Φακελωτή,el,"","",,Greek,Eleftherios Katsillis,2020-12-10T16:48:44Z
53030,Δίψακος,el,"","",,Greek,Eleftherios Katsillis,2020-12-10T17:03:48Z
56002,Νεράγκαθο,el,"","",,Greek,Eleftherios Katsillis,2020-12-10T17:50:58Z
636795,Αρισμαρί,el,"Crete, GR","",,Greek,Eleftherios Katsillis,2020-12-10T20:23:11Z
53265,Σινάπι,el,"","",,Greek,Eleftherios Katsillis,2020-12-10T21:34:32Z
79123,Σινάπι το λευκό,el,"","",,Greek,Eleftherios Katsillis,2020-12-10T21:37:27Z
79123,Αγριόβρουβα,el,"","",,Greek,Eleftherios Katsillis,2020-12-10T21:37:44Z
179830,Πατάτα θάλασσας,el,"","",,Greek,Bobby McCabe,2020-12-11T21:02:02Z
50280,Παρθενοκισσός,el,"","",,Greek,Eleftherios Katsillis,2020-12-12T12:14:44Z
50278,Παρθενοκισσός ο Πεντάλοβος,el,"","",,Greek,Eleftherios Katsillis,2020-12-12T12:17:26Z
53270,Ζωχός,el,"","",,Greek,Eleftherios Katsillis,2020-12-12T12:22:28Z
53269,Ζωχός ο αγκαθωτός,el,"","",,Greek,Eleftherios Katsillis,2020-12-12T12:23:24Z
53270,Σόγχος,el,"","",,Greek,Eleftherios Katsillis,2020-12-12T12:24:03Z
53294,Ζώχος ο Λαχανώδης,el,"","",,Greek,Eleftherios Katsillis,2020-12-12T12:26:39Z
132223,Ανθόμυγα,el,"","",,Greek,Eleftherios Katsillis,2020-12-12T14:00:51Z
460844,Παχυίουλος,el,"","",,Greek,Eleftherios Katsillis,2020-12-12T14:12:53Z
997408,Παχυιουλίνες,el,"","",,Greek,Eleftherios Katsillis,2020-12-12T14:13:11Z
997267,Εύγναθα,el,"","",,Greek,Eleftherios Katsillis,2020-12-12T14:13:38Z
551280,Νηματοφόρα,el,"","",,Greek,Eleftherios Katsillis,2020-12-12T14:14:16Z
551278,Χειλόγναθα,el,"","",,Greek,Eleftherios Katsillis,2020-12-12T14:14:59Z
372768,Πενταζώνια,el,"","",,Greek,Eleftherios Katsillis,2020-12-12T14:16:22Z
176326,Παχύτραχις,el,"","",,Greek,Eleftherios Katsillis,2020-12-12T14:18:37Z
563446,Παχύτραχις,el,"","",,Greek,Eleftherios Katsillis,2020-12-12T14:18:59Z
563445,Παχύτραχις η χαρίσσεια,el,"","",,Greek,Eleftherios Katsillis,2020-12-12T14:19:11Z
82546,Τεττιγονίνες,el,"","",,Greek,Eleftherios Katsillis,2020-12-12T14:20:45Z
531761,Παρακαλόπτερος,el,"","",,Greek,Eleftherios Katsillis,2020-12-12T14:21:22Z
555643,Παρακαλόπτερος ο Καλοπτενοειδής,el,"","",,Greek,Eleftherios Katsillis,2020-12-12T14:23:00Z
754096,Παρανοκαρώδης,el,"","",,Greek,Eleftherios Katsillis,2020-12-12T14:23:58Z
180719,Ποκιλίμων,el,"","",,Greek,Eleftherios Katsillis,2020-12-12T14:24:40Z
767464,Ποκιλίμων,el,"","",,Greek,Eleftherios Katsillis,2020-12-12T14:24:54Z
117697,Λεπταστερίας,el,"","",,Greek,Eleftherios Katsillis,2020-12-12T14:50:32Z
50996,Ροδίτικος φίκος,el,"","",,Greek,Eleftherios Katsillis,2020-12-13T00:36:38Z
539260,Σαύρα της Ρόδου,el,"","",,Greek,Eleftherios Katsillis,2020-12-13T00:42:44Z
56027,Νάρκισσος ο κυπελλοφόρος,el,"","",,Greek,Eleftherios Katsillis,2020-12-13T00:48:53Z
53597,Νάρκισσος,el,"","",,Greek,Eleftherios Katsillis,2020-12-13T00:49:06Z
53597,Μανουσάκια,el,"","",,Greek,Eleftherios Katsillis,2020-12-13T00:49:20Z
58823,Διτριχία,el,"","",,Greek,Eleftherios Katsillis,2020-12-13T17:00:29Z
82646,Διτριχία η ιξώδης,el,"","",,Greek,Eleftherios Katsillis,2020-12-13T17:00:59Z
54436,Σμεουρδιά,el,"","",,Greek,Eleftherios Katsillis,2020-12-13T17:02:12Z
54436,Βάτος ο ιδαίος,el,"","",,Greek,Eleftherios Katsillis,2020-12-13T17:02:33Z
68007,Αγριοσέλινο,el,"","",,Greek,Eleftherios Katsillis,2020-12-13T17:03:17Z
68007,Σμύρνιο το Μελανοσέλινο,el,"","",,Greek,Eleftherios Katsillis,2020-12-13T17:03:51Z
68008,Σμύρνιο,el,"","",,Greek,Eleftherios Katsillis,2020-12-13T17:04:00Z
790593,Σμυρνίες,el,"","",,Greek,Eleftherios Katsillis,2020-12-13T17:04:15Z
129459,Ομφαλός,el,"","",,Greek,Eleftherios Katsillis,2020-12-13T17:08:43Z
82852,Ερυθρόδανο,el,"","",,Greek,Eleftherios Katsillis,2020-12-13T20:16:41Z
362522,Ριζάρι,el,"","",,Greek,Eleftherios Katsillis,2020-12-13T20:17:00Z
362522,Αλιζάρι,el,"","",,Greek,Eleftherios Katsillis,2020-12-13T20:17:12Z
546296,Βάτος ο ιερός,el,"","",,Greek,Eleftherios Katsillis,2020-12-13T22:41:32Z
979864,Γαλλινούλη,el,"","",,Greek,Eleftherios Katsillis,2020-12-14T13:06:12Z
154,Ραλλίδες,el,"","",,Greek,Eleftherios Katsillis,2020-12-14T13:06:58Z
4,Γερανόμορφα,el,"","",,Greek,Eleftherios Katsillis,2020-12-14T13:07:46Z
23,Γερανίδες,el,"","",,Greek,Eleftherios Katsillis,2020-12-14T13:08:08Z
508058,Γερανός,el,"","",,Greek,Eleftherios Katsillis,2020-12-14T13:08:34Z
508044,Αντιγόνη,el,"","",,Greek,Eleftherios Katsillis,2020-12-14T13:09:56Z
378825,Χαμαικύτισος,el,"","",,Greek,Eleftherios Katsillis,2020-12-14T13:22:45Z
1145482,Χαμαικύτισος ο τριχωτός,el,"","",,Greek,Eleftherios Katsillis,2020-12-14T13:24:40Z
1154670,Χαμαικύτισος ο Τριχωτός Πολύτριχος,el,"","",,Greek,Eleftherios Katsillis,2020-12-14T13:25:12Z
828538,Χαμαικύτισος ο Αυστριακός,el,"","",,Greek,Eleftherios Katsillis,2020-12-14T13:25:40Z
72044,Χαμαίμηλο,el,"","",,Greek,Eleftherios Katsillis,2020-12-14T13:27:34Z
143243,Ρωμαϊκό Χαμομήλι,el,"","",,Greek,Eleftherios Katsillis,2020-12-14T13:28:28Z
143243,Χαμομήλι του κήπου,el,"","",,Greek,Eleftherios Katsillis,2020-12-14T13:28:39Z
44678,Ποντικός,el,"","",,Greek,Eleftherios Katsillis,2020-12-14T22:03:52Z
44678,Ποντίκι,el,"","",,Greek,Eleftherios Katsillis,2020-12-14T22:04:13Z
201283,Χρυσόμυγα,el,"","",,Greek,Eleftherios Katsillis,2020-12-15T22:23:28Z
48110,Λιτανεύτρια,el,"","",,Greek,Eleftherios Katsillis,2020-12-15T22:31:56Z
47198,Φασματώδη,el,"","",,Greek,Eleftherios Katsillis,2020-12-15T23:19:20Z
47603,Ταράξακος,el,"","",,Greek,Eleftherios Katsillis,2020-12-15T23:27:35Z
967514,Ταράξακος,el,"","",,Greek,Eleftherios Katsillis,2020-12-15T23:28:02Z
201233,Ιταλικό σπουργίτι,el,"","",,Greek,Valia Pavlou,2020-12-16T17:29:47Z
45550,Κρικοποντικός,el,"","",,Greek,Eleftherios Katsillis,2020-12-16T19:19:20Z
45568,Αγροπόντικας,el,"","",,Greek,Eleftherios Katsillis,2020-12-16T19:19:51Z
45554,Βραχοποντικός,el,"","",,Greek,Eleftherios Katsillis,2020-12-16T19:20:55Z
57678,Λασιόγλωσσο,el,"","",,Greek,Eleftherios Katsillis,2020-12-16T19:22:17Z
47436,Λωτός,el,"","",,Greek,Eleftherios Katsillis,2020-12-16T22:09:39Z
183315,Βρωμοκλάδι,el,"","",,Greek,Eleftherios Katsillis,2020-12-16T23:05:47Z
183315,Αναγυρίς η δύσοσμη,el,"","",,Greek,Eleftherios Katsillis,2020-12-16T23:05:59Z
183317,Αναγυρίς,el,"","",,Greek,Eleftherios Katsillis,2020-12-16T23:06:08Z
183315,Βρωμολυγαριά,el,"","",,Greek,Eleftherios Katsillis,2020-12-16T23:06:36Z
211055,Ακρίδα η Ουγγρική,el,"","",,Greek,Eleftherios Katsillis,2020-12-16T23:11:42Z
47321,Οροβάγχη,el,"","",,Greek,Eleftherios Katsillis,2020-12-16T23:24:09Z
902074,Οροβάγχες,el,"","",,Greek,Eleftherios Katsillis,2020-12-16T23:24:22Z
47322,Οροβαγχοειδή,el,"","",,Greek,Eleftherios Katsillis,2020-12-16T23:24:36Z
61905,Λεβάντα,el,"","",,Greek,Eleftherios Katsillis,2020-12-17T14:51:44Z
8085,Γάρουλος,el,"","",,Greek,Eleftherios Katsillis,2020-12-17T22:38:36Z
52734,Κύπειρος,el,"","",,Greek,Eleftherios Katsillis,2020-12-18T08:09:09Z
509323,Κίσσα η Μαυροκέφαλη,el,"","",,Greek,Eleftherios Katsillis,2020-12-18T09:05:41Z
56553,Κάραβος,el,"","",,Greek,Eleftherios Katsillis,2020-12-18T09:47:47Z
72144,Γλαύκιο,el,"","",,Greek,Eleftherios Katsillis,2020-12-18T18:07:49Z
60924,Ισέρια,el,"","",,Greek,Eleftherios Katsillis,2020-12-18T18:47:05Z
60921,Βαμβακάδα των εσπεριδοειδών,el,"","",,Greek,Eleftherios Katsillis,2020-12-18T19:03:25Z
82925,Σάλβια η Βερμπενοειδής,el,"","",,Greek,Eleftherios Katsillis,2020-12-18T21:56:52Z
490804,Παρονύχια η Μακροσέπαλη,el,"","",,Greek,Eleftherios Katsillis,2020-12-18T21:58:20Z
119686,Ακρίδα,el,"","",,Greek,Eleftherios Katsillis,2020-12-18T21:59:25Z
243765,Βρούχος Οσπρίων,el,"","",,Greek,Eleftherios Katsillis,2020-12-18T22:03:16Z
173265,Βρούχος,el,"","",,Greek,Eleftherios Katsillis,2020-12-18T22:03:27Z
336037,Βρουχίνες,el,"","",,Greek,Eleftherios Katsillis,2020-12-18T22:03:39Z
47649,Ακριδίδες,el,"","",,Greek,Eleftherios Katsillis,2020-12-18T22:04:05Z
371916,Ακριδίνες,el,"","",,Greek,Eleftherios Katsillis,2020-12-18T22:04:29Z
523256,Ακριδίνοι,el,"","",,Greek,Eleftherios Katsillis,2020-12-18T22:04:43Z
753589,Ακριδαράχνη,el,"","",,Greek,Eleftherios Katsillis,2020-12-18T22:05:18Z
48230,Ρανούγκουλος,el,"","",,Greek,Eleftherios Katsillis,2020-12-18T22:07:02Z
58334,Αγριοκαπνός,el,"","",,Greek,Eleftherios Katsillis,2020-12-19T18:34:53Z
58334,Νικοτιανή η Γλαύκη,el,"","",,Greek,Eleftherios Katsillis,2020-12-19T18:35:19Z
58335,Νικοτιανή,el,"","",,Greek,Eleftherios Katsillis,2020-12-19T18:35:36Z
634932,Νικοτιανοειδή,el,"","",,Greek,Eleftherios Katsillis,2020-12-19T18:35:55Z
121767,Μικρομμάτα,el,"","",,Greek,Eleftherios Katsillis,2020-12-19T20:49:10Z
500186,Αλογοθύμαρο,el,"","",,Greek,Eleftherios Katsillis,2020-12-20T14:34:22Z
82686,Ανθυλλίδα,el,"","",,Greek,Eleftherios Katsillis,2020-12-20T14:34:40Z
500186,Ανθυλλίδα του Χέρμαν,el,"","",,Greek,Eleftherios Katsillis,2020-12-20T14:34:53Z
60145,Λεοντόδους,el,"","",,Greek,Eleftherios Katsillis,2020-12-20T14:56:28Z
69758,Γαιοσκώληκες,el,"","",,Greek,Eleftherios Katsillis,2020-12-20T18:48:49Z
69758,Λουμπρικίδες,el,"","",,Greek,Eleftherios Katsillis,2020-12-20T18:49:00Z
333586,Ολιγόχαιτα,el,"","",,Greek,Eleftherios Katsillis,2020-12-20T18:49:23Z
56196,Φίλαινος,el,"","",,Greek,Eleftherios Katsillis,2020-12-20T19:03:18Z
787244,Φιλαινίνοι,el,"","",,Greek,Eleftherios Katsillis,2020-12-20T19:03:39Z
787243,Αφροφορίνες,el,"","",,Greek,Eleftherios Katsillis,2020-12-20T19:03:56Z
787425,Αφροφορίνοι,el,"","",,Greek,Eleftherios Katsillis,2020-12-20T19:04:09Z
157765,Μπάμια,el,"","",,Greek,Johan Devos,2020-12-20T20:34:52Z
723896,Κατσουλιέρης ο Νότιος,el,"","",,Greek,Eleftherios Katsillis,2020-12-20T21:53:08Z
723884,Κατσουλιέρης Ο Κυπραίος,el,"","",,Greek,Eleftherios Katsillis,2020-12-20T21:53:49Z
723895,Κατσουλιέρης Ο Μέγας,el,"","",,Greek,Eleftherios Katsillis,2020-12-20T21:53:59Z
723879,Κατσουλιέρης Ο Καυκάσιος,el,"","",,Greek,Eleftherios Katsillis,2020-12-20T21:55:14Z
337700,Κοινή Λευκοσουσουράδα,el,"","",,Greek,Eleftherios Katsillis,2020-12-20T21:59:28Z
2226,Πρασινομέροπας,el,"","",,Greek,Eleftherios Katsillis,2020-12-20T22:00:03Z
2184,Μέροπας,el,"","",,Greek,Eleftherios Katsillis,2020-12-20T22:00:16Z
2183,Μεροπίδες,el,"","",,Greek,Eleftherios Katsillis,2020-12-20T22:00:52Z
2114,Κορακιόμορφα,el,"","",,Greek,Eleftherios Katsillis,2020-12-20T22:01:06Z
855297,Ευρασιατικός Ασβός,el,"","",,Greek,Eleftherios Katsillis,2020-12-21T07:07:39Z
41840,Ασβός,el,"","",,Greek,Eleftherios Katsillis,2020-12-21T07:08:03Z
41834,Μελοασβός,el,"","",,Greek,Eleftherios Katsillis,2020-12-21T07:09:18Z
43169,Πίκα,el,"","",,Greek,Eleftherios Katsillis,2020-12-21T16:32:01Z
59441,Χρύσωπας,el,"","",,Greek,Eleftherios Katsillis,2020-12-21T16:37:03Z
209849,Χρυσωπίνοι,el,"","",,Greek,Eleftherios Katsillis,2020-12-21T16:37:26Z
338941,Χρυσωπίνες,el,"","",,Greek,Eleftherios Katsillis,2020-12-21T16:37:42Z
52425,Χρυσωπίδες,el,"","",,Greek,Eleftherios Katsillis,2020-12-21T16:37:54Z
334341,Οικόσιτο Κουνέλι,el,"","",,Greek,Eleftherios Katsillis,2020-12-21T17:31:24Z
634939,Υοσκύαμοι,el,"","",,Greek,Eleftherios Katsillis,2020-12-22T08:32:36Z
48295,Αρμαδιλλίδιο,el,"","",,Greek,Eleftherios Katsillis,2020-12-22T15:53:53Z
48296,Αρμαδιλλιδιοειδή,el,"","",,Greek,Eleftherios Katsillis,2020-12-22T15:54:54Z
85603,Αρμαδιλλίδες,el,"","",,Greek,Eleftherios Katsillis,2020-12-22T15:55:33Z
319940,Αρμαντίλλο,el,"","",,Greek,Eleftherios Katsillis,2020-12-22T15:57:05Z
84718,Ονισκίδες,el,"","",,Greek,Eleftherios Katsillis,2020-12-22T15:58:08Z
461443,Αρχαιόγναθα,el,"","",,Greek,Eleftherios Katsillis,2020-12-22T16:25:30Z
47398,Παγουροειδή,el,"","",,Greek,Eleftherios Katsillis,2020-12-22T17:17:02Z
123825,Ανόμουρα,el,"","",,Greek,Eleftherios Katsillis,2020-12-22T17:17:35Z
81641,Παλαίμων,el,"","",,Greek,Eleftherios Katsillis,2020-12-22T21:07:01Z
48894,Σκορπιοί,el,"","",,Greek,Eleftherios Katsillis,2020-12-23T17:09:02Z
152969,Πατελιδοειδή,el,"","",,Greek,Eleftherios Katsillis,2020-12-23T19:58:20Z
47679,Πατελογαστερόποδα,el,"","",,Greek,Eleftherios Katsillis,2020-12-23T19:58:44Z
40641,Ρινολοφίδες,el,"","",,Greek,Eleftherios Katsillis,2020-12-23T21:03:16Z
446956,Ρινολοφοειδή,el,"","",,Greek,Eleftherios Katsillis,2020-12-23T21:03:40Z
848316,Πρωτοθηρία,el,"","",,Greek,Eleftherios Katsillis,2020-12-23T21:04:42Z
848317,Θηρία,el,"","",,Greek,Eleftherios Katsillis,2020-12-23T21:05:18Z
797045,Άγναθα,el,"","",,Greek,Eleftherios Katsillis,2020-12-23T21:06:17Z
60450,Ολοκέφαλοι,el,"","",,Greek,Eleftherios Katsillis,2020-12-23T21:06:53Z
60451,Χιμαιρόμορφα,el,"","",,Greek,Eleftherios Katsillis,2020-12-23T21:07:09Z
60452,Χιμαιρίδες,el,"","",,Greek,Eleftherios Katsillis,2020-12-23T21:07:38Z
87419,Χίμαιρα,el,"","",,Greek,Eleftherios Katsillis,2020-12-23T21:07:53Z
85497,Σαρκοπτερύγιοι,el,"","",,Greek,Eleftherios Katsillis,2020-12-23T21:08:33Z
51673,Ιξωδίδες,el,"","",,Greek,Eleftherios Katsillis,2020-12-24T08:03:45Z
129762,Παρασιτόμορφα,el,"","",,Greek,Eleftherios Katsillis,2020-12-24T08:04:21Z
71261,Αετόμορφα,el,"","",,Greek,Eleftherios Katsillis,2020-12-24T18:02:46Z
559244,Καθαρτόμορφα,el,"","",,Greek,Eleftherios Katsillis,2020-12-24T18:04:29Z
71306,Καθαρτίδες,el,"","",,Greek,Eleftherios Katsillis,2020-12-24T18:04:47Z
6888,Χηνόμορφα,el,"","",,Greek,Eleftherios Katsillis,2020-12-24T18:05:14Z
367703,Απτερυγόμορφα,el,"","",,Greek,Eleftherios Katsillis,2020-12-24T18:05:23Z
20488,Απτερυγίδες,el,"","",,Greek,Eleftherios Katsillis,2020-12-24T18:05:47Z
525653,Βουκερωτόμορφα,el,"","",,Greek,Eleftherios Katsillis,2020-12-24T18:06:01Z
67573,Αιγοθηλόμορφα,el,"","",,Greek,Eleftherios Katsillis,2020-12-24T18:06:21Z
71262,Καριαμόμορφα,el,"","",,Greek,Eleftherios Katsillis,2020-12-24T18:06:37Z
367702,Καζουαριόμορφα,el,"","",,Greek,Eleftherios Katsillis,2020-12-24T18:06:45Z
3726,Πελαργόμορφα,el,"","",,Greek,Eleftherios Katsillis,2020-12-24T18:07:39Z
3686,Κολιόμορφα,el,"","",,Greek,Eleftherios Katsillis,2020-12-24T18:07:50Z
2708,Περιστερόμορφα,el,"","",,Greek,Eleftherios Katsillis,2020-12-24T18:07:57Z
1623,Κοκκυγόμορφα,el,"","",,Greek,Eleftherios Katsillis,2020-12-24T18:08:04Z
71263,Ευρυπυγόμορφα,el,"","",,Greek,Eleftherios Katsillis,2020-12-24T18:08:23Z
67570,Ιερακίδες,el,"","",,Greek,Eleftherios Katsillis,2020-12-24T18:08:33Z
1454,Γκαλμπουλίδες,el,"","",,Greek,Eleftherios Katsillis,2020-12-24T18:09:41Z
67562,Κολυμβόμορφα,el,"","",,Greek,Eleftherios Katsillis,2020-12-24T18:09:54Z
525652,Λεπτοσωμόμορφα,el,"","",,Greek,Eleftherios Katsillis,2020-12-24T18:10:33Z
71265,Μεσιτορνιθιδόμορφα,el,"","",,Greek,Eleftherios Katsillis,2020-12-24T18:10:59Z
69,Μεσιτορνιθίδες,el,"","",,Greek,Eleftherios Katsillis,2020-12-24T18:11:07Z
793433,Μουσοφαγιδόμορφα,el,"","",,Greek,Eleftherios Katsillis,2020-12-24T18:11:24Z
7194,Μουσοφαγίδες,el,"","",,Greek,Eleftherios Katsillis,2020-12-24T18:11:33Z
508251,Οπισθοκομόμορφα,el,"","",,Greek,Eleftherios Katsillis,2020-12-24T18:11:58Z
1624,Οπισθοκομίδες,el,"","",,Greek,Eleftherios Katsillis,2020-12-24T18:12:34Z
71266,Ωτιδίμορφες,el,"","",,Greek,Eleftherios Katsillis,2020-12-24T18:12:41Z
75,Ωτιδίδες,el,"","",,Greek,Eleftherios Katsillis,2020-12-24T18:13:12Z
67566,Πελεκανόμορφα,el,"","",,Greek,Eleftherios Katsillis,2020-12-24T18:14:08Z
67567,Φαεθοντόμορφα,el,"","",,Greek,Eleftherios Katsillis,2020-12-24T18:14:25Z
67569,Φοινικοπτερόμορφα,el,"","",,Greek,Eleftherios Katsillis,2020-12-24T18:14:32Z
67563,Πυγοποδίμορφα,el,"","",,Greek,Eleftherios Katsillis,2020-12-24T18:14:46Z
4203,Πυγοποδίδες,el,"","",,Greek,Eleftherios Katsillis,2020-12-24T18:14:56Z
67565,Ρινοτρυπόμορφα,el,"","",,Greek,Eleftherios Katsillis,2020-12-24T18:15:06Z
470156,Πτεροκληδόμορφα,el,"","",,Greek,Eleftherios Katsillis,2020-12-24T18:15:38Z
200960,Πτεροκλιδίδες,el,"","",,Greek,Eleftherios Katsillis,2020-12-24T18:15:49Z
367701,Ρεόμορφα,el,"","",,Greek,Eleftherios Katsillis,2020-12-24T18:16:08Z
67564,Απτηνοδυτόμορφα,el,"","",,Greek,Eleftherios Katsillis,2020-12-24T18:24:09Z
20487,Στρουθιονόμορφα,el,"","",,Greek,Eleftherios Katsillis,2020-12-24T18:24:22Z
20530,Τιναμιόμορφα,el,"","",,Greek,Eleftherios Katsillis,2020-12-24T18:24:38Z
20715,Τρωγονόμορφα,el,"","",,Greek,Eleftherios Katsillis,2020-12-24T18:25:05Z
20716,Τρωγωνίδες,el,"","",,Greek,Eleftherios Katsillis,2020-12-24T18:25:17Z
269419,Σκαθάρι της Αγαύης,el,"","",,Greek,Eleftherios Katsillis,2020-12-25T16:45:55Z
72095,Διμορφοθήκη,el,"","",,Greek,Eleftherios Katsillis,2020-12-26T13:22:59Z
199404,Μεσογειακή μύγα,el,"","",,Greek,Eleftherios Katsillis,2020-12-30T20:54:43Z
48818,Ιπποβοσκίδες,el,"","",,Greek,Eleftherios Katsillis,2020-12-31T00:02:12Z
118903,Τερμίτες,el,"","",,Greek,Eleftherios Katsillis,2021-01-10T18:02:55Z
118903,Τερμιτοειδή,el,"","",,Greek,Eleftherios Katsillis,2021-01-10T18:03:26Z
118902,Τερμιτίδες,el,"","",,Greek,Eleftherios Katsillis,2021-01-10T18:03:41Z
566675,Τερμιτίνες,el,"","",,Greek,Eleftherios Katsillis,2021-01-10T18:04:01Z
43584,Άνθρωπος,el,"","",,Greek,Eleftherios Katsillis,2021-01-12T15:10:12Z
514727,Τυφλίνος,el,"","",,Greek,Eleftherios Katsillis,2021-01-13T14:21:44Z
966787,Νερόφιδο,el,"","",,Greek,Eleftherios Katsillis,2021-01-13T14:22:43Z
64346,Λιμνόφιδο,el,"","",,Greek,Eleftherios Katsillis,2021-01-13T14:23:05Z
487299,Γραμυθιά,el,"","",,Greek,Eleftherios Katsillis,2021-01-15T16:53:40Z
3835,Σκολοπακίδες,el,"","",,Greek,Eleftherios Katsillis,2021-01-16T07:54:12Z
83736,Μυκητοφιλίδες,el,"","",,Greek,Eleftherios Katsillis,2021-01-16T19:20:58Z
505473,Μυκητοφιλίνες,el,"","",,Greek,Eleftherios Katsillis,2021-01-16T19:21:17Z
518971,Μυκητοφιλίνοι,el,"","",,Greek,Eleftherios Katsillis,2021-01-16T19:21:30Z
61293,Κάμπια του πεύκου,el,"","",,Greek,Eleftherios Katsillis,2021-01-22T17:21:05Z
61293,Πευκοκάμπια,el,"","",,Greek,Eleftherios Katsillis,2021-01-22T17:21:28Z
61293,Πιτυοκάμπη,el,"","",,Greek,Eleftherios Katsillis,2021-01-22T17:21:44Z
61293,Κνηθοκάμπη,el,"","",,Greek,Eleftherios Katsillis,2021-01-22T17:21:56Z
45547,Απόδημος,el,"","",,Greek,Eleftherios Katsillis,2021-01-22T21:00:13Z
45562,Δασοποντικός,el,"","",,Greek,Eleftherios Katsillis,2021-01-22T21:00:57Z
846313,Αποδημίνοι,el,"","",,Greek,Eleftherios Katsillis,2021-01-22T21:02:38Z
47118,Arachne,el,"","",,Greek,Dewald du Plessis,2021-01-24T19:41:32Z
54812,Ράμνος,el,"","",,Greek,Eleftherios Katsillis,2021-01-25T12:41:09Z
46663,Χωραφομυγαλή,el,"","",,Greek,Eleftherios Katsillis,2021-01-25T18:28:23Z
865392,Χρωματιστή τελλίνα,el,"","",,Greek,Johan Devos,2021-01-26T10:47:39Z
47336,Μυρμήγκια,el,"","",,Greek,Eleftherios Katsillis,2021-01-27T16:58:07Z
69803,Σκνίπες,el,"","",,Greek,Eleftherios Katsillis,2021-01-27T19:00:11Z
52071,Ψυχωδίδες,el,"","",,Greek,Eleftherios Katsillis,2021-01-28T15:19:08Z
326684,Ψυχωδίνες,el,"","",,Greek,Eleftherios Katsillis,2021-01-28T15:19:30Z
1112070,Ψυχωδίνοι,el,"","",,Greek,Eleftherios Katsillis,2021-01-28T15:19:42Z
57409,Φαλαγγίδες,el,"","",,Greek,Eleftherios Katsillis,2021-01-28T19:47:59Z
429497,Φαλαγγίνες,el,"","",,Greek,Eleftherios Katsillis,2021-01-28T19:48:08Z
61350,Φαλαγγιοειδή,el,"","",,Greek,Eleftherios Katsillis,2021-01-28T19:48:38Z
245097,Χηληκέρατα,el,"","",,Greek,Eleftherios Katsillis,2021-01-28T19:51:26Z
49722,Αμβλύπυγα,el,"","",,Greek,Eleftherios Katsillis,2021-01-28T19:57:52Z
133708,Φρυνοειδή,el,"","",,Greek,Eleftherios Katsillis,2021-01-28T19:58:24Z
133709,Φρυνίδες,el,"","",,Greek,Eleftherios Katsillis,2021-01-28T19:59:05Z
129764,Προσακτριδοπόρα,el,"","",,Greek,Eleftherios Katsillis,2021-01-28T20:00:18Z
129764,Μικροσκορπιοί,el,"","",,Greek,Eleftherios Katsillis,2021-01-28T20:00:35Z
172373,Ψευδοσκορπιόνες,el,"","",,Greek,Eleftherios Katsillis,2021-01-28T20:01:18Z
172373,Ψευδοσκορπιοί,el,"","",,Greek,Eleftherios Katsillis,2021-01-28T20:02:17Z
47824,Γαλεώδη,el,"","",,Greek,Eleftherios Katsillis,2021-01-28T20:04:22Z
48900,Ουροπύγια,el,"","",,Greek,Eleftherios Katsillis,2021-01-28T20:04:46Z
51886,Τσουκνίδα,el,"","",,Greek,Eleftherios Katsillis,2021-02-02T09:42:55Z
51885,Κνιδοειδή,el,"","",,Greek,Eleftherios Katsillis,2021-02-02T09:43:08Z
47132,Κνιδώδη,el,"","",,Greek,Eleftherios Katsillis,2021-02-02T09:43:33Z
338478,Κνίδη η μεμβρανώδης,el,"","",,Greek,Eleftherios Katsillis,2021-02-02T09:44:58Z
49470,Κολλέμβολα,el,"","",,Greek,Eleftherios Katsillis,2021-02-04T05:20:59Z
83224,Εντομοβρυόμορφα,el,"","",,Greek,Eleftherios Katsillis,2021-02-04T05:21:40Z
129730,Ποδουρομόρφα,el,"","",,Greek,Eleftherios Katsillis,2021-02-04T05:21:53Z
855298,Άρκαλος,el,"","",,Greek,Eleftherios Katsillis,2021-02-04T21:53:47Z
4638,Γεράκι,el,"","",,Greek,Eleftherios Katsillis,2021-02-05T21:29:08Z
6852,Λευκόλαιμη Βελονοσταχτάρα,el,"","",,Greek,Valia Pavlou,2021-02-07T11:47:45Z
6571,Αμερικάνικη Βελονοσταχτάρα,el,"","",,Greek,Valia Pavlou,2021-02-07T11:48:38Z
202491,Σταχτάρα του Ειρηνικού,el,"","",,Greek,Valia Pavlou,2021-02-07T11:49:24Z
11858,Αμερικάνικο Γκρεμοχελίδονο,el,"","",,Greek,Valia Pavlou,2021-02-07T11:51:05Z
18463,Κίτρινος Χυμοπότης,el,"","",,Greek,Valia Pavlou,2021-02-07T11:51:47Z
144542,Λεπτόραμφο Γλαρόνι,el,"","",,Greek,Valia Pavlou,2021-02-07T11:52:31Z
144540,Κιτρινόραμφο Γλαρόνι,el,"","",,Greek,Valia Pavlou,2021-02-07T11:52:55Z
117083,Καστανόγαστρη Περιστερόκοτα,el,"","",,Greek,Valia Pavlou,2021-02-07T11:53:32Z
4616,Καβουροφάγος Χαραδριός,el,"","",,Greek,Valia Pavlou,2021-02-07T11:54:44Z
508048,Αμερικάνικος Σταχτογερανός,el,"","",,Greek,Valia Pavlou,2021-02-07T11:55:22Z
144508,Σταχτοκέφαλος Γλάρος,el,"","",,Greek,Valia Pavlou,2021-02-07T11:56:16Z
4601,Ανατολικό Νεροχελίδονο,el,"","",,Greek,Valia Pavlou,2021-02-07T11:56:56Z
109,Ώτιδα της Αραβίας,el,"","",,Greek,Valia Pavlou,2021-02-07T11:57:32Z
3852,Διπλοσκαλίδρα,el,"","",,Greek,Valia Pavlou,2021-02-07T11:58:11Z
3950,Αμερικανική Λιμόζα,el,"","",,Greek,Valia Pavlou,2021-02-07T11:59:19Z
4621,Λαμπροβούτι του Ειρηνικού,el,"","",,Greek,Valia Pavlou,2021-02-07T12:00:21Z
7029,Δακτυλιωτή Πουπουλόπαπια,el,"","",,Greek,Valia Pavlou,2021-02-07T12:00:56Z
4631,Μεγάλη Φρεγάτα,el,"","",,Greek,Valia Pavlou,2021-02-07T12:01:52Z
10227,Γαλαζοτσίχλονο,el,"","",,Greek,Valia Pavlou,2021-02-07T12:02:58Z
10094,Μολυβοτσίχλονο,el,"","",,Greek,Valia Pavlou,2021-02-07T12:03:41Z
145233,Κοινή Πάρουλα,el,"","",,Greek,Valia Pavlou,2021-02-07T12:04:39Z
8034,Ερημοκόρακας,el,"","",,Greek,Valia Pavlou,2021-02-07T12:07:35Z
8031,Ινδική Κουρούνα,el,"","",,Greek,Valia Pavlou,2021-02-07T12:08:40Z
8334,Κίσσα της Σιβηρίας,el,"","",,Greek,Valia Pavlou,2021-02-07T12:10:37Z
339684,Ιβηρική Γαλαζοκαρακάξα,el,"","",,Greek,Valia Pavlou,2021-02-07T12:11:22Z
12021,Καστανοκεφαλάς,el,"","",,Greek,Valia Pavlou,2021-02-07T12:12:34Z
57281,Ελξίνη η ιουδαϊκή,el,"","",,Greek,Eleftherios Katsillis,2021-02-08T12:29:35Z
148030,Γάιδαρος,el,"","",,Greek,Eleftherios Katsillis,2021-02-08T18:28:58Z
43329,Ίππος,el,"","",,Greek,Eleftherios Katsillis,2021-02-08T18:29:35Z
74315,Αφρικανικός γάιδαρος,el,"","",,Greek,Eleftherios Katsillis,2021-02-08T18:29:50Z
43333,Άγριος Γάιδαρος,el,"","",,Greek,Eleftherios Katsillis,2021-02-08T18:30:25Z
568873,Μουλάρι,el,"","",,Greek,Eleftherios Katsillis,2021-02-08T18:31:26Z
568873,Γαϊδουρομούλαρο,el,"","",,Greek,Eleftherios Katsillis,2021-02-08T18:33:10Z
1097011,Ευμαντώδη,el,"","",,Greek,Eleftherios Katsillis,2021-02-08T21:58:14Z
1097013,Σχιζομαντώδη,el,"","",,Greek,Eleftherios Katsillis,2021-02-08T21:58:47Z
1097016,Μαντοειδή,el,"","",,Greek,Eleftherios Katsillis,2021-02-08T21:59:50Z
48111,Μάντηδες,el,"","",,Greek,Eleftherios Katsillis,2021-02-08T22:00:41Z
48111,Μάντισσες,el,"","",,Greek,Eleftherios Katsillis,2021-02-08T22:00:54Z
47903,Κάκτος,el,"","",,Greek,John E. Christensen,2021-02-10T13:16:31Z
20979,Βατράχια,el,"","",,Greek,Eleftherios Katsillis,2021-02-10T20:08:27Z
58937,Λύθρο,el,"","",,Greek,Eleftherios Katsillis,2021-02-11T17:40:54Z
52319,Πλατυέλμινθες,el,"","",,Greek,Eleftherios Katsillis,2021-02-14T16:45:21Z
56740,Ρίκινος,el,"","",,Greek,Eleftherios Katsillis,2021-02-15T14:21:55Z
51821,Ευφορβιοειδή,el,"","",,Greek,Eleftherios Katsillis,2021-02-15T14:22:21Z
94105,Ευρωπαϊκό Χέλι,el,"","",,Greek,Eleftherios Katsillis,2021-02-17T16:48:29Z
538903,Βόμβος,el,"","",,Greek,Eleftherios Katsillis,2021-02-20T07:06:17Z
276373,Μιξιά,el,"","",,Greek,Eleftherios Katsillis,2021-02-21T10:59:03Z
122835,Κολοκασία η Εδώδιμος,el,"","",,Greek,Eleftherios Katsillis,2021-02-22T18:22:58Z
122839,Κολοκασία,el,"","",,Greek,Eleftherios Katsillis,2021-02-22T19:13:59Z
56121,Αγριοκαρδαμούδα,el,"","",,Greek,Eleftherios Katsillis,2021-02-23T18:17:32Z
56121,Καψέλλα ο ποιμενόσακος,el,"","",,Greek,Eleftherios Katsillis,2021-02-23T18:17:43Z
56121,Αγριοκάρδαμο,el,"","",,Greek,Eleftherios Katsillis,2021-02-23T18:17:54Z
59901,Μελισσόχορτο,el,"","",,Greek,Eleftherios Katsillis,2021-02-26T13:12:22Z
53785,Καπνόχορτο,el,"","",,Greek,Eleftherios Katsillis,2021-02-27T17:00:38Z
53785,Φουμαρία,el,"","",,Greek,Kitty Maurey,2021-02-27T17:09:56Z
868775,Φουμαριίδες,el,"","",,Greek,Eleftherios Katsillis,2021-02-27T17:16:32Z
47332,Μηκωνοειδών,el,"","",,Greek,Eleftherios Katsillis,2021-02-27T17:17:09Z
52504,Παπαρούνα,el,"","",,Greek,Eleftherios Katsillis,2021-02-27T17:17:37Z
54404,Παπαρούνα η Κοινή,el,"","",,Greek,Eleftherios Katsillis,2021-02-27T17:18:10Z
82666,Βιβούρνο το Κοινό,el,"","",,Greek,Eleftherios Katsillis,2021-02-28T14:02:21Z
54774,Βιβούρνο,el,"","",,Greek,Eleftherios Katsillis,2021-02-28T14:02:38Z
82666,Ψευδοδάφνη,el,"","",,Greek,Eleftherios Katsillis,2021-02-28T14:02:57Z
130081,Κόκκινο σκαθάρι των Φοινίκων,el,"","",,Greek,Eleftherios Katsillis,2021-02-28T15:51:50Z
53315,Τσουκνίδα η Καυστική,el,"","",,Greek,Eleftherios Katsillis,2021-02-28T16:40:43Z
50863,Χλωρόφυτα,el,"","",,Greek,Eleftherios Katsillis,2021-03-02T14:21:48Z
62831,Αβοκάντο,el,"","",,Greek,Eleftherios Katsillis,2021-03-04T08:51:17Z
64517,Πρωτεοειδή,el,"","",,Greek,Eleftherios Katsillis,2021-03-06T17:00:14Z
129714,Πρωτέα,el,"","",,Greek,Eleftherios Katsillis,2021-03-06T17:02:41Z
624158,Γρεβιλλειοειδή,el,"","",,Greek,Eleftherios Katsillis,2021-03-06T17:03:34Z
181594,Τιθυμαλώ,el,"","",,Greek,Eleftherios Katsillis,2021-03-09T16:11:48Z
326761,Λεμονοθύμαρο,el,"","",,Greek,Eleftherios Katsillis,2021-03-09T17:33:56Z
58085,Σκυλοβρούβα,el,"","",,Greek,Eleftherios Katsillis,2021-03-10T13:16:23Z
53267,Σισύμβριο,el,"","",,Greek,Eleftherios Katsillis,2021-03-10T13:16:38Z
903202,Σισύμβρια,el,"","",,Greek,Eleftherios Katsillis,2021-03-10T13:16:58Z
71275,Κραμβώδη,el,"","",,Greek,Eleftherios Katsillis,2021-03-10T13:17:18Z
53266,Αγριόβρουβα,el,"","",,Greek,Eleftherios Katsillis,2021-03-10T13:18:07Z
58086,Ινδικό Κάρδαμο,el,"","",,Greek,Eleftherios Katsillis,2021-03-10T13:19:16Z
447672,Βαμβακάδα των πεύκων,el,"","",,Greek,Eleftherios Katsillis,2021-03-11T13:25:22Z
32805,Χαμαιλέοντας,el,"","",,Greek,John E. Christensen,2021-03-12T17:30:52Z
56234,Κενταύριο,el,"","",,Greek,Eleftherios Katsillis,2021-03-12T21:04:05Z
59265,Νερουλάκι,el,"","",,Greek,Eleftherios Katsillis,2021-03-13T14:34:35Z
59265,Κερίνθη η μεγάλη,el,"","",,Greek,Eleftherios Katsillis,2021-03-13T14:34:47Z
59266,Κερίνθη,el,"","",,Greek,Eleftherios Katsillis,2021-03-13T14:34:57Z
373844,Ανθέμιδες,el,"","",,Greek,Eleftherios Katsillis,2021-03-13T23:31:02Z
348288,Τρηματοφόρα,el,"","",,Greek,Alessandro,2021-03-18T23:44:51Z
48969,Σκυλάκι,el,"","",,Greek,Eleftherios Katsillis,2021-03-19T21:33:23Z
899800,Αρμαδιλλίδιο το Αττικόν,el,"","",,Greek,Agapakis Georgios,2021-03-23T14:17:05Z
51900,Υποχοιρίς,el,"","",,Greek,Eleftherios Katsillis,2021-03-27T11:11:19Z
127306,Γλυσίνα,el,"","",,Greek,Eleftherios Katsillis,2021-03-29T20:03:44Z
40414,Ωτονυχτερίδα,el,"","",,Greek,Yiannis Banakakis,2021-03-31T22:39:10Z
40317,Μικρομυωτίδα,el,"","",,Greek,Yiannis Banakakis,2021-03-31T22:40:27Z
40645,Τρανορινόλοφος,el,"","",,Greek,Yiannis Banakakis,2021-03-31T22:41:37Z
745801,Δολιχόποδο της Νάξου,el,"","",,Greek,Yiannis Banakakis,2021-03-31T22:42:56Z
796832,Σπηλαιόβια Αράχνη του Ζα,el,"","",,Greek,Yiannis Banakakis,2021-03-31T22:44:51Z
40270,Μυωτίδα,el,"","",,Greek,Yiannis Banakakis,2021-03-31T22:46:44Z
74908,Μικρονυχτερίδα,el,"","",,Greek,Yiannis Banakakis,2021-03-31T22:48:03Z
74903,Νανονυχτερίδα του Hanak,el,"","",,Greek,Yiannis Banakakis,2021-03-31T22:48:57Z
40355,Πιπιστρέλος,el,"","",,Greek,Yiannis Banakakis,2021-03-31T22:50:48Z
57534,Πτερυγονυχτερίδα,el,"","",,Greek,Yiannis Banakakis,2021-03-31T22:54:09Z
40281,Πυρρομυωτίδα,el,"","",,Greek,Yiannis Banakakis,2021-03-31T22:56:15Z
75042,Αιγυπτιακή Φρουτονυχτερίδα,el,"","",,Greek,Yiannis Banakakis,2021-03-31T22:57:38Z
245959,Μεσογειακή Ωτονυχτερίδα,el,"","",,Greek,Yiannis Banakakis,2021-03-31T22:59:07Z
41298,Νυχτονόμος,el,"","",,Greek,Yiannis Banakakis,2021-03-31T22:59:36Z
40673,Ρινόλοφος του Blasius,el,"","",,Greek,Yiannis Banakakis,2021-03-31T23:00:10Z
46471,Ευρασιατική Νανομυγαλή,el,"","",,Greek,Yiannis Banakakis,2021-03-31T23:05:52Z
46631,Κηπομυγαλή,el,"","",,Greek,Yiannis Banakakis,2021-03-31T23:08:52Z
74383,Δασομυωξός,el,"","",,Greek,Yiannis Banakakis,2021-03-31T23:10:48Z
204113,Κόκκινο Ελάφι,el,"","",,Greek,Yiannis Banakakis,2021-03-31T23:11:13Z
41482,Ρινοδέλφινο,el,"","",,Greek,Yiannis Banakakis,2021-03-31T23:13:53Z
41526,Κοινό Δελφίνι,el,"","",,Greek,Yiannis Banakakis,2021-03-31T23:14:12Z
41850,Ευρασιατική Βίδρα,el,"","",,Greek,Yiannis Banakakis,2021-03-31T23:14:37Z
42347,Ευρωπαϊκό Αγριόγιδο,el,"","",,Greek,Yiannis Banakakis,2021-03-31T23:15:11Z
43997,Μυοκάστορας,el,"","",,Greek,Yiannis Banakakis,2021-03-31T23:15:31Z
41494,Ζωνοδέλφινο,el,"","",,Greek,Yiannis Banakakis,2021-03-31T23:15:52Z
42048,Γκρίζος Λύκος,el,"","",,Greek,Yiannis Banakakis,2021-03-31T23:16:12Z
851014,Χρυσό Τσακάλι,el,"","",,Greek,Yiannis Banakakis,2021-03-31T23:16:32Z
46037,Λαγόγυρος,el,"","",,Greek,Yiannis Banakakis,2021-03-31T23:17:22Z
81925,Νεροβούβαλος,el,"","",,Greek,Yiannis Banakakis,2021-03-31T23:20:29Z
46970,Ευρωπαϊκός Ασπάλακας,el,"","",,Greek,Yiannis Banakakis,2021-03-31T23:21:34Z
852247,Μικροτυφλοπόντικας,el,"","",,Greek,Yiannis Banakakis,2021-03-31T23:22:01Z
922459,Ευρωπαϊκή Αγριόγατα,el,"","",,Greek,Yiannis Banakakis,2021-03-31T23:22:51Z
41440,Κοινή Φώκαινα,el,"","",,Greek,Yiannis Banakakis,2021-03-31T23:23:17Z
41428,Κοινός Ζιφιός,el,"","",,Greek,Yiannis Banakakis,2021-03-31T23:23:48Z
45867,Δενδρομυωξός,el,"","",,Greek,Yiannis Banakakis,2021-03-31T23:24:08Z
42042,Καρακάλ,el,"","",,Greek,Yiannis Banakakis,2021-03-31T23:24:25Z
41796,Δενδροκούναβο,el,"","",,Greek,Yiannis Banakakis,2021-03-31T23:25:04Z
41663,Ρακούν,el,"","",,Greek,Yiannis Banakakis,2021-03-31T23:29:15Z
41708,Κοινή Φώκια,el,"","",,Greek,Yiannis Banakakis,2021-03-31T23:29:39Z
41733,Γκρίζα Φώκια,el,"","",,Greek,Yiannis Banakakis,2021-03-31T23:29:59Z
43452,Μακάκος της Βαρβαρίας,el,"","",,Greek,Yiannis Banakakis,2021-04-01T04:11:12Z
855311,Σκύλος ρακούν,el,"","",,Greek,Yiannis Banakakis,2021-04-01T04:14:25Z
41900,Αιγυπτιακή Μανγκούστα,el,"","",,Greek,Yiannis Banakakis,2021-04-01T04:15:22Z
825289,Αφρικανικός Χρυσός Λύκος,el,"","",,Greek,Yiannis Banakakis,2021-04-01T04:16:50Z
41852,Αδηφάγος,el,"","",,Greek,Yiannis Banakakis,2021-04-01T04:17:11Z
371414,Αφρικανική Αγριόγατα,el,"","",,Greek,Yiannis Banakakis,2021-04-01T04:17:34Z
925661,Κοινή Γενέτα,el,"","",,Greek,Yiannis Banakakis,2021-04-01T04:18:04Z
41979,Ευρασιατικός Λύγκας,el,"","",,Greek,Yiannis Banakakis,2021-04-01T04:18:58Z
41888,Ραβδωτή Ύαινα,el,"","",,Greek,Yiannis Banakakis,2021-04-01T04:19:53Z
42065,Αλεπού της Κορσικής,el,"","",,Greek,Yiannis Banakakis,2021-04-01T04:20:31Z
41720,Γενειοφόρα Φώκια,el,"","",,Greek,Yiannis Banakakis,2021-04-01T04:21:48Z
41805,Ευρωπαϊκό Μινκ,el,"","",,Greek,Yiannis Banakakis,2021-04-01T04:22:40Z
41777,Καναδική Βίδρα,el,"","",,Greek,Yiannis Banakakis,2021-04-01T04:25:40Z
41740,Θαλάσσιο λιοντάρι της Καλιφόρνιας,el,"","",,Greek,Yiannis Banakakis,2021-04-01T04:26:58Z
41880,Μεφίτης,el,"","",,Greek,Yiannis Banakakis,2021-04-01T04:27:18Z
41976,Αμερικανικός Λύγκας,el,"","",,Greek,Yiannis Banakakis,2021-04-01T04:27:51Z
42051,Κογιότ,el,"","",,Greek,Yiannis Banakakis,2021-04-01T04:28:46Z
41755,Θαλάσσιο λιοντάρι του Steller,el,"","",,Greek,Yiannis Banakakis,2021-04-01T04:30:20Z
41933,Δαχτυλιδόουρη Μανγκούστα,el,"","",,Greek,Yiannis Banakakis,2021-04-01T04:45:23Z
41886,Στικτή Ύαινα,el,"","",,Greek,Yiannis Banakakis,2021-04-01T04:45:50Z
1210966,Αφρικανικό Τσακάλι,el,"","",,Greek,Yiannis Banakakis,2021-04-01T04:46:15Z
42025,Σερβάλ,el,"","",,Greek,Yiannis Banakakis,2021-04-01T04:46:36Z
41943,Κοινή Σουρικάτα,el,"","",,Greek,Yiannis Banakakis,2021-04-01T04:47:00Z
41834,Ασβός του μελιού,el,"","",,Greek,Yiannis Banakakis,2021-04-01T04:47:20Z
117520,Νότια Θαλάσσια Ενυδρίδα,el,"","",,Greek,Yiannis Banakakis,2021-04-01T04:48:30Z
41728,Βόρειος Θαλάσσιος Ελέφαντας,el,"","",,Greek,Yiannis Banakakis,2021-04-01T04:52:34Z
41676,Δαχτυλιδόουρη Γάτα,el,"","",,Greek,Yiannis Banakakis,2021-04-01T04:54:41Z
41860,Θαλάσσια Ενυδρίδα,el,"","",,Greek,Yiannis Banakakis,2021-04-01T04:55:06Z
43335,Κοινή Ζέβρα,el,"","",,Greek,Yiannis Banakakis,2021-04-01T10:35:53Z
42149,Ιπποπόταμος,el,"","",,Greek,Yiannis Banakakis,2021-04-01T10:36:17Z
42157,Καμηλοπάρδαλη,el,"","",,Greek,Yiannis Banakakis,2021-04-01T10:36:59Z
42405,Αφρικανικός Βούβαλος,el,"","",,Greek,Yiannis Banakakis,2021-04-01T10:37:30Z
42122,Φακόχοιρος,el,"","",,Greek,Yiannis Banakakis,2021-04-01T10:37:52Z
42280,Κοινό Γκνου,el,"","",,Greek,Yiannis Banakakis,2021-04-01T10:38:29Z
42308,Νότιος Όρυξ,el,"","",,Greek,Yiannis Banakakis,2021-04-01T10:39:32Z
43350,Μαύρος Ρινόκερος,el,"","",,Greek,Yiannis Banakakis,2021-04-01T10:39:55Z
46311,Ντουγκόνγκ,el,"","",,Greek,Yiannis Banakakis,2021-04-01T10:42:25Z
74321,Γαζέλα του Τόμσον,el,"","",,Greek,Yiannis Banakakis,2021-04-01T10:42:48Z
1075514,Ασπρόμαυρος Κολοβός,el,"","",,Greek,Yiannis Banakakis,2021-04-01T10:43:13Z
68790,Ανατολικός Γορίλας,el,"","",,Greek,Yiannis Banakakis,2021-04-01T10:43:36Z
44173,Ακανθόχοιρος του Ακρωτηρίου,el,"","",,Greek,Yiannis Banakakis,2021-04-01T10:44:10Z
43339,Ζέβρα του Γκρεβί,el,"","",,Greek,Yiannis Banakakis,2021-04-01T10:44:34Z
41566,Μεγάπτερη Φάλαινα,el,"","",,Greek,Yiannis Banakakis,2021-04-01T10:44:52Z
42255,Αραβική Γαζέλα,el,"","",,Greek,Yiannis Banakakis,2021-04-01T10:45:15Z
43580,Δυτικός Γορίλας,el,"","",,Greek,Yiannis Banakakis,2021-04-01T10:45:43Z
42045,Λύκος της Αιθιοπίας,el,"","",,Greek,Yiannis Banakakis,2021-04-01T10:46:03Z
42223,Λευκόουρο Ελάφι,el,"","",,Greek,Yiannis Banakakis,2021-04-01T10:48:00Z
42220,Ελάφι της Δυτικής Αμερικής,el,"","",,Greek,Yiannis Banakakis,2021-04-01T10:49:47Z
42652,Πόσουμ της Βιρτζίνια,el,"","",,Greek,Yiannis Banakakis,2021-04-01T10:50:10Z
204114,Αμερικανικό Ελάφι,el,"","",,Greek,Yiannis Banakakis,2021-04-01T10:50:56Z
522193,Άλκη,el,"","",,Greek,Yiannis Banakakis,2021-04-01T10:51:24Z
46095,Καναδική Μαρμότα,el,"","",,Greek,Yiannis Banakakis,2021-04-01T10:52:01Z
45763,Μοσχοποντικός,el,"","",,Greek,Yiannis Banakakis,2021-04-01T10:52:50Z
47075,Εννιάζωνο Αρμαντίλλο,el,"","",,Greek,Yiannis Banakakis,2021-04-01T10:53:25Z
43794,Αμερικανικός Κάστορας,el,"","",,Greek,Yiannis Banakakis,2021-04-01T10:54:17Z
40572,Κοινός Νυχτοβάτης,el,"","",,Greek,Yiannis Banakakis,2021-04-01T10:56:37Z
42983,Κοάλα,el,"","",,Greek,Yiannis Banakakis,2021-04-01T10:59:31Z
43239,Έχιδνα,el,"","",,Greek,Yiannis Banakakis,2021-04-01T11:01:43Z
40905,Γκριζοκέφαλη Ιπτάμενη Αλεπού,el,"","",,Greek,Yiannis Banakakis,2021-04-01T11:02:25Z
43009,Φασκωλόμυς,el,"","",,Greek,Yiannis Banakakis,2021-04-01T11:03:29Z
40913,Μαύρη Ιπτάμενη Αλεπού,el,"","",,Greek,Yiannis Banakakis,2021-04-01T11:03:52Z
46217,Ανατολικό Σκιουράκι,el,"","",,Greek,Yiannis Banakakis,2021-04-01T11:39:14Z
43111,Γκρίζο Αγριοκούνελο,el,"","",,Greek,Yiannis Banakakis,2021-04-01T11:40:00Z
44026,Αμερικανικός Ακανθόχοιρος,el,"","",,Greek,Yiannis Banakakis,2021-04-01T11:42:03Z
42429,Αμερικάνικη Αντιλόπη,el,"","",,Greek,Yiannis Banakakis,2021-04-01T11:42:34Z
42113,Πέκαρι με κολλάρο,el,"","",,Greek,Yiannis Banakakis,2021-04-01T11:46:20Z
180010,Σκίουρος με χρυσό μανδύα,el,"","",,Greek,Yiannis Banakakis,2021-04-01T11:47:46Z
43712,Αγκούτι της Κεντρικής Αμερικής,el,"","",,Greek,Yiannis Banakakis,2021-04-01T12:11:41Z
43793,Ευρασιατικός Κάστορας,el,"","",,Greek,Yiannis Banakakis,2021-04-01T12:12:20Z
46316,Ινδικός Μανάτος,el,"","",,Greek,Yiannis Banakakis,2021-04-01T12:13:29Z
42973,Μαύρο Ουάλαμπι,el,"","",,Greek,Yiannis Banakakis,2021-04-01T12:15:00Z
43436,Μανδυοφόρος Μυκητής,el,"","",,Greek,Yiannis Banakakis,2021-04-01T12:19:55Z
47067,Τριδάχτυλος Βραδύποδας,el,"","",,Greek,Yiannis Banakakis,2021-04-01T12:26:56Z
41752,Γουνοφόρα Φώκια της Νέας Ζηλανδίας,el,"","",,Greek,Yiannis Banakakis,2021-04-01T12:29:45Z
41301,Μεξικάνικος Νυχτονόμος,el,"","",,Greek,Yiannis Banakakis,2021-04-01T12:37:08Z
43411,Αραχνοπίθηκος της Κεντρικής Αμερικής,el,"","",,Greek,Yiannis Banakakis,2021-04-01T12:37:33Z
74442,Υδρόχοιρος (Καπιμπάρα),el,"","",,Greek,Yiannis Banakakis,2021-04-01T12:38:27Z
42199,Τάρανδος,el,"","",,Greek,Yiannis Banakakis,2021-04-01T12:42:03Z
42414,Κατσίκα του Βουνού,el,"","",,Greek,Yiannis Banakakis,2021-04-01T12:48:00Z
40509,Καφέ Τρανονυχτερίδα,el,"","",,Greek,Yiannis Banakakis,2021-04-01T12:52:08Z
43432,Καπουτσίνος της Κεντρικής Αμερικής,el,"","",,Greek,Yiannis Banakakis,2021-04-01T12:56:30Z
43086,Ύραξ των βράχων,el,"","",,Greek,Yiannis Banakakis,2021-04-01T12:56:59Z
453109,Κουνάβι-Ψαράς,el,"","",,Greek,Yiannis Banakakis,2021-04-01T12:57:55Z
44395,Λευκοπόδαρος Ποντικός,el,"","",,Greek,Yiannis Banakakis,2021-04-01T12:58:28Z
46010,Κοκκινόουρος Σκίουρος,el,"","",,Greek,Yiannis Banakakis,2021-04-01T12:58:58Z
46255,Λευκόουρος Λαγόγυρος,el,"","",,Greek,Yiannis Banakakis,2021-04-01T12:59:25Z
41789,Αμερικανικός Ασβός,el,"","",,Greek,Yiannis Banakakis,2021-04-01T13:01:29Z
41521,Όρκα,el,"","",,Greek,Yiannis Banakakis,2021-04-01T13:01:50Z
42775,Κοινό Δαχτυλιδόουρο Πόσουμ,el,"","",,Greek,Yiannis Banakakis,2021-04-01T13:02:36Z
42881,Δυτικό Γκρίζο Καγκουρό,el,"","",,Greek,Yiannis Banakakis,2021-04-01T13:10:12Z
46005,Ποικιλόμορφος Σκίουρος,el,"","",,Greek,Yiannis Banakakis,2021-04-01T13:11:07Z
46087,Γκρίζα Μαρμότα,el,"","",,Greek,Yiannis Banakakis,2021-04-01T13:12:56Z
41738,Θαλάσσιο λιοντάρι των Γκαλαπάγκος,el,"","",,Greek,Yiannis Banakakis,2021-04-01T13:13:17Z
46272,Κοινός Ιπτάμενος Σκίουρος,el,"","",,Greek,Yiannis Banakakis,2021-04-01T13:14:17Z
41478,Γκρίζα Φάλαινα,el,"","",,Greek,Yiannis Banakakis,2021-04-01T13:14:51Z
74832,Μπαμπουίνος του Ανούβη,el,"","",,Greek,Yiannis Banakakis,2021-04-01T13:15:21Z
47101,Βραδύποδας του Hoffman,el,"","",,Greek,Yiannis Banakakis,2021-04-01T13:16:23Z
42649,Κοινό Πόσουμ,el,"","",,Greek,Yiannis Banakakis,2021-04-01T13:16:53Z
41798,Αμερικανικό Κουνάβι,el,"","",,Greek,Yiannis Banakakis,2021-04-01T13:17:40Z
41742,Καφέ Γουνοφόρα Φώκια,el,"","",,Greek,Yiannis Banakakis,2021-04-01T13:21:29Z
47105,Βόρειος Νανομυρμηγκοφάγος,el,"","",,Greek,Yiannis Banakakis,2021-04-01T13:23:12Z
41997,Οσελότος,el,"","",,Greek,Yiannis Banakakis,2021-04-01T13:23:40Z
42077,Αλεπού των νησιών Τσάνελ,el,"","",,Greek,Yiannis Banakakis,2021-04-01T13:25:18Z
43439,Μυκητής της Γουατεμάλας,el,"","",,Greek,Yiannis Banakakis,2021-04-01T13:25:47Z
42240,Γουανάκο,el,"","",,Greek,Yiannis Banakakis,2021-04-01T13:26:15Z
225756,Σκιουράκι του Townsend,el,"","",,Greek,Yiannis Banakakis,2021-04-01T13:26:53Z
197810,Σκιουράκι του Merriam,el,"","",,Greek,Yiannis Banakakis,2021-04-01T13:27:33Z
75053,Ελάφι Σαμπάρ,el,"","",,Greek,Yiannis Banakakis,2021-04-01T13:28:18Z
121578,Οικόσιτο Πρόβατο,el,"","",,Greek,Yiannis Banakakis,2021-04-01T13:28:49Z
520585,Σκιουράκι της Σιβηρίας,el,"","",,Greek,Yiannis Banakakis,2021-04-01T13:29:15Z
41396,Προβοσκιδωτή Νυχτερίδα,el,"","",,Greek,Yiannis Banakakis,2021-04-01T13:31:38Z
42424,Κοινό Ντούικερ,el,"","",,Greek,Yiannis Banakakis,2021-04-01T13:33:01Z
41763,Θαλάσσιο λιοντάρι του Hooker,el,"","",,Greek,Yiannis Banakakis,2021-04-01T13:33:32Z
183166,Τρίχρωμη Νυχτερίδα,el,"","",,Greek,Yiannis Banakakis,2021-04-01T13:34:07Z
43428,Κοινός Σκιουροπίθηκος,el,"","",,Greek,Yiannis Banakakis,2021-04-01T13:34:40Z
41921,Ραβδωτή Μανγκούστα,el,"","",,Greek,Yiannis Banakakis,2021-04-01T13:35:25Z
41005,Φρουτονυχτερίδα της Τζαμάικας,el,"","",,Greek,Yiannis Banakakis,2021-04-01T13:35:57Z
40827,Χρυσή Φρουτονυχτερίδα,el,"","",,Greek,Yiannis Banakakis,2021-04-01T13:36:58Z
516126,Αλεπού των Άνδεων,el,"","",,Greek,Yiannis Banakakis,2021-04-01T13:37:56Z
41729,Νότιος Θαλάσσιος Ελέφαντας,el,"","",,Greek,Yiannis Banakakis,2021-04-01T13:38:59Z
43374,Μαυρόωτη Μαρμοσέτα,el,"","",,Greek,Yiannis Banakakis,2021-04-01T13:39:38Z
40523,Γκριζοκίτρινη Νυχτερίδα,el,"","",,Greek,Yiannis Banakakis,2021-04-01T13:43:17Z
74257,Πάκα,el,"","",,Greek,Yiannis Banakakis,2021-04-01T13:44:43Z
42087,Καβουροφάγος Αλεπού,el,"","",,Greek,Yiannis Banakakis,2021-04-01T13:45:35Z
43353,Τάπιρος της Βραζιλίας,el,"","",,Greek,Yiannis Banakakis,2021-04-01T13:46:07Z
41553,Γαλάζια Φάλαινα,el,"","",,Greek,Yiannis Banakakis,2021-04-01T13:46:35Z
40629,Ασημονυχτερίδα,el,"","",,Greek,Yiannis Banakakis,2021-04-01T13:47:21Z
446640,Φώκια της Χαβάης,el,"","",,Greek,Yiannis Banakakis,2021-04-01T13:47:51Z
41541,Σταχτοδέλφινο,el,"","",,Greek,Yiannis Banakakis,2021-04-01T13:48:18Z
1071032,Βόρειο Γκρίζο Λανγκούρ,el,"","",,Greek,Yiannis Banakakis,2021-04-01T13:48:58Z
41562,Πτεροφάλαινα,el,"","",,Greek,Yiannis Banakakis,2021-04-01T13:49:23Z
566513,Κόκκινος Μυκητής,el,"","",,Greek,Yiannis Banakakis,2021-04-01T13:50:22Z
410834,Μαύρος Καπουτσίνος,el,"","",,Greek,Yiannis Banakakis,2021-04-01T13:50:48Z
43425,Σκιουροπίθηκος της Κεντρικής Αμερικής,el,"","",,Greek,Yiannis Banakakis,2021-04-01T13:51:33Z
41550,Βόρεια Ρυγχοφάλαινα,el,"","",,Greek,Yiannis Banakakis,2021-04-01T13:52:00Z
41496,Μακρύρυγχο Δελφίνι του Ισημερινού,el,"","",,Greek,Yiannis Banakakis,2021-04-01T13:53:10Z
41571,Νότια Σωστή Φάλαινα,el,"","",,Greek,Yiannis Banakakis,2021-04-01T13:53:36Z
43355,Τάπιρος της Κεντρικής Αμερικής,el,"","",,Greek,Yiannis Banakakis,2021-04-01T13:58:00Z
74890,Φυσητήρας,el,"","",,Greek,Yiannis Banakakis,2021-04-01T13:58:38Z
43538,Προβοσκιδωτός Πίθηκος,el,"","",,Greek,Yiannis Banakakis,2021-04-01T13:59:10Z
46020,Αλεπωσκίουρος,el,"","",,Greek,Yiannis Banakakis,2021-04-01T15:53:58Z
46260,Αμερικανικός κόκκινος Σκίουρος,el,"","",,Greek,Yiannis Banakakis,2021-04-01T15:54:51Z
180007,Εδαφόβιος Σκίουρος της Καλιφόρνιας,el,"","",,Greek,Yiannis Banakakis,2021-04-01T15:55:27Z
43115,Κουνέλι της ερήμου,el,"","",,Greek,Yiannis Banakakis,2021-04-01T15:57:30Z
42076,Κοινή γκρίζα Αλεπού,el,"","",,Greek,Yiannis Banakakis,2021-04-01T15:58:14Z
43130,Μαυρόουρος Λαγός,el,"","",,Greek,Yiannis Banakakis,2021-04-01T15:58:55Z
42391,Αμερικανικό Μουφλόν,el,"","",,Greek,Yiannis Banakakis,2021-04-01T15:59:42Z
180008,Σκίουρος των βράχων,el,"","",,Greek,Yiannis Banakakis,2021-04-01T17:34:18Z
41673,Λευκόρυγχο Κοάτι,el,"","",,Greek,Yiannis Banakakis,2021-04-01T17:34:46Z
46023,Δυτικός Γκρίζος Σκίουρος,el,"","",,Greek,Yiannis Banakakis,2021-04-01T17:37:17Z
42888,Ανατολικό Γκρίζο Καγκουρό,el,"","",,Greek,Yiannis Banakakis,2021-04-01T17:38:05Z
46086,Μαρμότα με κίτρινη κοιλιά,el,"","",,Greek,Yiannis Banakakis,2021-04-01T17:45:00Z
42808,Δενδροπόσουμ,el,"","",,Greek,Yiannis Banakakis,2021-04-01T18:10:43Z
46009,Μεξικάνικος Γκρίζος Σκίουρος,el,"","",,Greek,Yiannis Banakakis,2021-04-01T18:12:45Z
43459,Μακρύουρος Μακάκος,el,"","",,Greek,Yiannis Banakakis,2021-04-01T18:25:15Z
46179,Μαυρόουρος Κυνόμυς,el,"","",,Greek,Yiannis Banakakis,2021-04-01T18:30:19Z
44396,Ελαφοποντικός,el,"","",,Greek,Yiannis Banakakis,2021-04-01T18:30:48Z
46259,Σκίουρος του Douglas,el,"","",,Greek,Yiannis Banakakis,2021-04-01T18:31:16Z
63113,Βόρεια κοντόουρη Μυγαλή,el,"","",,Greek,Yiannis Banakakis,2021-04-01T18:31:53Z
42278,Ιμπάλα,el,"","",,Greek,Yiannis Banakakis,2021-04-01T18:32:18Z
43188,Αμερικανικό Πίκα,el,"","",,Greek,Yiannis Banakakis,2021-04-01T18:32:54Z
225743,Νανοσκιουράκι,el,"","",,Greek,Yiannis Banakakis,2021-04-01T18:34:58Z
68137,Κοινό Βέρβετ,el,"","",,Greek,Yiannis Banakakis,2021-04-01T18:36:10Z
42328,Νεροαντιλόπη,el,"","",,Greek,Yiannis Banakakis,2021-04-01T18:37:02Z
42339,Μεγάλο Κούντου,el,"","",,Greek,Yiannis Banakakis,2021-04-01T18:37:45Z
57556,Μπαμπουίνος Τσάκμα,el,"","",,Greek,Yiannis Banakakis,2021-04-01T18:39:32Z
44311,Σκαπτοποντικός των λιβαδιών,el,"","",,Greek,Yiannis Banakakis,2021-04-01T18:40:15Z
42341,Θαμνοαντιλόπη,el,"","",,Greek,Yiannis Banakakis,2021-04-01T18:40:46Z
45952,Σκίουρος του Pallas,el,"","",,Greek,Yiannis Banakakis,2021-04-01T18:42:02Z
43460,Μακάκος Ρέζους,el,"","",,Greek,Yiannis Banakakis,2021-04-01T18:43:07Z
42166,Ελάφι Σιτάλ,el,"","",,Greek,Yiannis Banakakis,2021-04-01T18:43:33Z
44902,Αρουραίος του βαμβακιού,el,"","",,Greek,Yiannis Banakakis,2021-04-01T18:44:36Z
179998,Εδαφόβιος Σκίουρος της Κολομβίας,el,"","",,Greek,Yiannis Banakakis,2021-04-01T18:47:09Z
42418,Αντιλόπη Χέρτμπιστ,el,"","",,Greek,Yiannis Banakakis,2021-04-01T18:48:37Z
43145,Λευκόουρος Λαγός,el,"","",,Greek,Yiannis Banakakis,2021-04-01T18:48:58Z
47014,Ανατολικός Ασπάλακας,el,"","",,Greek,Yiannis Banakakis,2021-04-01T18:50:44Z
179988,Εδαφόβιος γραμμωτός Σκίουρος,el,"","",,Greek,Yiannis Banakakis,2021-04-01T18:52:08Z
46018,Σκίουρος του Abert,el,"","",,Greek,Yiannis Banakakis,2021-04-01T18:53:45Z
45945,Τρίχρωμος Σκίουρος,el,"","",,Greek,Yiannis Banakakis,2021-04-01T18:55:41Z
225740,Κίτρινο Σκιουράκι,el,"","",,Greek,Yiannis Banakakis,2021-04-01T18:56:06Z
75192,Κοινός Τραγέλαφος,el,"","",,Greek,Yiannis Banakakis,2021-04-01T18:56:27Z
44749,Σταχτοπόδαρος Δασοαρουραίος,el,"","",,Greek,Yiannis Banakakis,2021-04-01T18:57:41Z
40522,Ανατολική Κόκκινη Νυχτερίδα,el,"","",,Greek,Yiannis Banakakis,2021-04-01T18:58:15Z
43109,Βουνίσιο Κουνέλι,el,"","",,Greek,Yiannis Banakakis,2021-04-01T19:02:15Z
179993,Στρογγυλόουρος Λαγόγυρος,el,"","",,Greek,Yiannis Banakakis,2021-04-01T19:02:47Z
42283,Σπρίνγκμποκ,el,"","",,Greek,Yiannis Banakakis,2021-04-01T19:03:34Z
42375,Στίνμποκ,el,"","",,Greek,Yiannis Banakakis,2021-04-01T19:03:58Z
41670,Νοτιοαμερικάνικο Κοάτι,el,"","",,Greek,Yiannis Banakakis,2021-04-01T19:07:10Z
43450,Μακάκος του Ταϊβάν,el,"","",,Greek,Yiannis Banakakis,2021-04-01T19:08:02Z
42384,Κοινός Ωραιότραγος,el,"","",,Greek,Yiannis Banakakis,2021-04-01T19:08:46Z
42275,Αντιλόπη Μπόντεμποκ,el,"","",,Greek,Yiannis Banakakis,2021-04-01T19:09:32Z
43486,Γαλάζιος Κερκοπίθηκος,el,"","",,Greek,Yiannis Banakakis,2021-04-01T19:10:05Z
42210,Ιαπωνικό Ελάφι,el,"","",,Greek,Yiannis Banakakis,2021-04-01T19:10:37Z
46414,Κοινή Μυγαλή,el,"","",,Greek,Yiannis Banakakis,2021-04-01T19:11:48Z
42342,Τραγέλαφος Νυάλα,el,"","",,Greek,Yiannis Banakakis,2021-04-01T19:12:08Z
42276,Αντιλόπη Τσέσεμπι,el,"","",,Greek,Yiannis Banakakis,2021-04-01T19:13:09Z
179994,Εδαφόβιος Σκίουρος των Γιούτα,el,"","",,Greek,Yiannis Banakakis,2021-04-01T19:14:26Z
45936,Βόρειος ραβδωτός Σκίουρος,el,"","",,Greek,Yiannis Banakakis,2021-04-01T22:21:49Z
45856,Βουνομυωξός,el,"","",,Greek,Yiannis Banakakis,2021-04-01T22:25:56Z
44259,Σκαπτοποντικός,el,"","",,Greek,Yiannis Banakakis,2021-04-01T22:26:52Z
45836,Ευρασιατικό Χάμστερ,el,"","",,Greek,Yiannis Banakakis,2021-04-01T22:30:07Z
533979,Μάυρος Σκίουρος,el,"","",,Greek,Yiannis Banakakis,2021-04-01T22:30:53Z
46956,Ρωμαϊκός Ασπάλακας,el,"","",,Greek,Yiannis Banakakis,2021-04-01T22:31:45Z
44280,Κοινός Σκαπτοποντικός,el,"","",,Greek,Yiannis Banakakis,2021-04-01T22:32:17Z
40415,Σταχτιά Ωτονυχτερίδα,el,"","",,Greek,Yiannis Banakakis,2021-04-01T22:32:45Z
67819,Νεροαρουραίος,el,"","",,Greek,Yiannis Banakakis,2021-04-01T22:34:14Z
45863,Κηπομυωξός,el,"","",,Greek,Yiannis Banakakis,2021-04-01T22:35:12Z
40573,Μεγάλος Νυχτοβάτης,el,"","",,Greek,Yiannis Banakakis,2021-04-01T22:37:55Z
46860,Βαλτομυγαλή,el,"","",,Greek,Yiannis Banakakis,2021-04-01T22:38:14Z
424254,Μυωτίδα του Daubenton,el,"","",,Greek,Yiannis Banakakis,2021-04-01T22:40:28Z
40446,Παρδαλονυχτερίδα,el,"","",,Greek,Yiannis Banakakis,2021-04-01T22:40:46Z
43143,Λαγός της Κορσικής,el,"","",,Greek,Yiannis Banakakis,2021-04-01T22:41:51Z
74697,Μυωτίδα του Bechstein,el,"","",,Greek,Yiannis Banakakis,2021-04-01T22:49:22Z
40581,Μπαρμπαστέλλος,el,"","",,Greek,Yiannis Banakakis,2021-04-01T22:50:44Z
45949,Σκίουρος του Finlayson,el,"","",,Greek,Yiannis Banakakis,2021-04-01T22:51:37Z
46412,Αλπική Μυγαλή,el,"","",,Greek,Yiannis Banakakis,2021-04-01T22:52:21Z
45316,Νανοποντικός,el,"","",,Greek,Yiannis Banakakis,2021-04-01T22:54:05Z
43059,Σκαντζόχοιρος της Αλγερίας,el,"","",,Greek,Yiannis Banakakis,2021-04-01T22:54:37Z
40291,Τρανομυωτίδα,el,"","",,Greek,Yiannis Banakakis,2021-04-01T22:54:59Z
40416,Καφέ Ωτονυχτερίδα,el,"","",,Greek,Yiannis Banakakis,2021-04-01T22:55:28Z
46951,Τυφλοασπάλακας,el,"","",,Greek,Yiannis Banakakis,2021-04-01T22:55:56Z
62629,Άγριο Άλογο,el,"","",,Greek,Yiannis Banakakis,2021-04-01T22:59:02Z
74606,Σκαπτοποντικός της Καλαβρίας,el,"","",,Greek,Yiannis Banakakis,2021-04-01T23:00:04Z
40677,Μεσορινόλοφος,el,"","",,Greek,Yiannis Banakakis,2021-04-01T23:01:30Z
74670,Στεπονυφίτσα,el,"","",,Greek,Yiannis Banakakis,2021-04-01T23:02:35Z
40391,Νυχτερίδα του Nathus,el,"","",,Greek,Yiannis Banakakis,2021-04-01T23:03:07Z
46746,Μυγαλή της Σικελίας,el,"","",,Greek,Yiannis Banakakis,2021-04-01T23:04:24Z
46367,Ελβετική Μυγαλή,el,"","",,Greek,Yiannis Banakakis,2021-04-01T23:05:20Z
928537,Γάτα X Ευρωπαϊκός Αγριόγατος,el,"","",,Greek,Yiannis Banakakis,2021-04-01T23:06:20Z
40314,Μουστακονυχτερίδα,el,"","",,Greek,Yiannis Banakakis,2021-04-01T23:07:17Z
43815,Τσιντσιλά και συγγενείς,el,"","",,Greek,Yiannis Banakakis,2021-04-01T23:08:21Z
43864,Νότιος Σημυδοποντικός,el,"","",,Greek,Yiannis Banakakis,2021-04-01T23:08:58Z
44534,Βαλκανικός Τυφλοπόντικας,el,"","",,Greek,Yiannis Banakakis,2021-04-01T23:10:05Z
44262,Σκαπτοποντικός του Guenther,el,"","",,Greek,Yiannis Banakakis,2021-04-01T23:10:53Z
44264,Ιταλικός Σκαπτοποντικός,el,"","",,Greek,Yiannis Banakakis,2021-04-01T23:11:55Z
44702,Τροφοσωρευτής Ποντικός,el,"","",,Greek,Yiannis Banakakis,2021-04-01T23:12:39Z
46859,Ευρωπαϊκή Νερομυγαλή,el,"","",,Greek,Yiannis Banakakis,2021-04-01T23:13:15Z
46406,Ιταλική Μυγαλή,el,"","",,Greek,Yiannis Banakakis,2021-04-01T23:14:54Z
45559,Αλπικός Αγροποντικός,el,"","",,Greek,Yiannis Banakakis,2021-04-01T23:15:46Z
74692,Αλκαθομυωτίδα,el,"","",,Greek,Yiannis Banakakis,2021-04-01T23:24:19Z
210400,Μυωτίδα του Natterer,el,"","",,Greek,Yiannis Banakakis,2021-04-01T23:24:49Z
179977,Εδαφόβιος Σκίουρος,el,"","",,Greek,Yiannis Banakakis,2021-04-01T23:25:35Z
40232,Διάβολος της Τασμανίας,el,"","",,Greek,Yiannis Banakakis,2021-04-02T08:03:19Z
19349,Μυοψιττακός,el,"","",,Greek,Yiannis Banakakis,2021-04-02T08:08:47Z
4519,Λεπτόραμφος Κέπφος,el,"","",,Greek,Yiannis Banakakis,2021-04-02T08:09:38Z
4180,Θυελλοπούλι του Ατλαντικού,el,"","",,Greek,Yiannis Banakakis,2021-04-02T08:10:23Z
4504,Θαλασσοψιττακός του Ατλαντικού,el,"","",,Greek,Yiannis Banakakis,2021-04-02T08:10:53Z
117059,Χιονοτσίχλονο,el,"","",,Greek,Yiannis Banakakis,2021-04-02T08:11:55Z
906982,Ιβηρικός Διπλοκεφαλάς,el,"","",,Greek,Yiannis Banakakis,2021-04-02T08:12:30Z
4501,Κοινή Άλκα,el,"","",,Greek,Yiannis Banakakis,2021-04-02T08:13:40Z
116797,Θαμνοποταμίδα,el,"","",,Greek,Yiannis Banakakis,2021-04-02T08:14:38Z
5081,Ισπανικός Βασιλαετός,el,"","",,Greek,Yiannis Banakakis,2021-04-02T08:15:27Z
4418,Μαυρόκεπφος,el,"","",,Greek,Yiannis Banakakis,2021-04-02T08:17:34Z
931,Κοινός Λαγόποδας,el,"","",,Greek,Yiannis Banakakis,2021-04-02T08:18:17Z
18904,Αλεξανδρινός Παπαγάλος,el,"","",,Greek,Yiannis Banakakis,2021-04-02T08:18:46Z
19890,Γιγάντιος Χουχουριστής,el,"","",,Greek,Yiannis Banakakis,2021-04-02T08:19:03Z
487,Λειροφαλαρίδα,el,"","",,Greek,Yiannis Banakakis,2021-04-02T08:19:22Z
14600,Κιτρινόπυγος Πυκνόνωτος,el,"","",,Greek,Yiannis Banakakis,2021-04-02T08:19:54Z
44282,Χωραφοσκαπτοποντικός,el,"","",,Greek,Yiannis Banakakis,2021-04-02T10:42:55Z
40284,Ποδαρομυωτίδα,el,"","",,Greek,Yiannis Banakakis,2021-04-02T10:44:14Z
42346,Αγριόγιδο των Πυρηναίων,el,"","",,Greek,Yiannis Banakakis,2021-04-02T10:44:53Z
43119,Ιβηρικός Λαγός,el,"","",,Greek,Yiannis Banakakis,2021-04-02T10:45:23Z
46079,Μαρμότα Μπόμπακ,el,"","",,Greek,Yiannis Banakakis,2021-04-02T10:46:15Z
46146,Σιβηρικός Ιπτάμενος Σκίουρος,el,"","",,Greek,Yiannis Banakakis,2021-04-02T10:46:55Z
46969,Ιβηρικός Ασπάλακας,el,"","",,Greek,Yiannis Banakakis,2021-04-02T10:47:35Z
42183,Ζαρκάδι της Σιβηρίας,el,"","",,Greek,Yiannis Banakakis,2021-04-02T10:48:08Z
42193,Κινέζικο Ελάφι του έλους,el,"","",,Greek,Yiannis Banakakis,2021-04-02T10:48:49Z
41975,Ιβηρικός Λύγκας,el,"","",,Greek,Yiannis Banakakis,2021-04-02T10:49:14Z
46048,Μεγάλος Λαγόγυρος,el,"","",,Greek,Yiannis Banakakis,2021-04-02T10:49:45Z
45748,Νότιος Νεροαρουραίος,el,"","",,Greek,Yiannis Banakakis,2021-04-02T10:51:08Z
45561,Ποντικός των Ουραλίων,el,"","",,Greek,Yiannis Banakakis,2021-04-02T10:51:48Z
43024,Μακρύωτος Σκαντζόχοιρος,el,"","",,Greek,Yiannis Banakakis,2021-04-02T10:52:21Z
41691,Δακτυλιοφόρος Φώκια,el,"","",,Greek,Yiannis Banakakis,2021-04-02T10:53:17Z
46041,Μικρασιατικός Λαγόγυρος,el,"","",,Greek,Yiannis Banakakis,2021-04-02T10:53:48Z
45459,Ευρωπαϊκός Χιονοποντικός,el,"","",,Greek,Yiannis Banakakis,2021-04-02T10:54:28Z
568727,Μαυρόουρη Γαζέλα,el,"","",,Greek,Yiannis Banakakis,2021-04-02T10:55:10Z
40308,Βαλτομυωτίδα,el,"","",,Greek,Yiannis Banakakis,2021-04-02T10:55:45Z
42349,Δυτικό Τουρ,el,"","",,Greek,Yiannis Banakakis,2021-04-02T10:56:36Z
42422,Αφρικανικό άγριο Πρόβατο,el,"","",,Greek,Yiannis Banakakis,2021-04-02T10:57:25Z
46035,Κίτρινος Λαγόγυρος,el,"","",,Greek,Yiannis Banakakis,2021-04-02T10:57:52Z
46045,Μικρολαγόγυρος,el,"","",,Greek,Yiannis Banakakis,2021-04-02T10:58:25Z
46640,Μεγάλη Κηπομυγαλή,el,"","",,Greek,Yiannis Banakakis,2021-04-02T11:03:24Z
41529,Κοινό Μαυροδέλφινο,el,"","",,Greek,Yiannis Banakakis,2021-04-02T11:04:14Z
57560,Αραβικός Λαγός,el,"","",,Greek,Yiannis Banakakis,2021-04-02T11:04:33Z
44302,Ιβηρικός Σκαπτοποντικός,el,"","",,Greek,Yiannis Banakakis,2021-04-02T11:07:08Z
74927,Ορεινή Ωτονυχτερίδα,el,"","",,Greek,Yiannis Banakakis,2021-04-02T11:08:03Z
42378,Αντιλόπη Σάιγκα,el,"","",,Greek,Yiannis Banakakis,2021-04-02T11:08:27Z
44688,Ποντικός της Αλγερίας,el,"","",,Greek,Yiannis Banakakis,2021-04-02T11:09:07Z
44666,Γερβίλος της Λιβύης,el,"","",,Greek,Yiannis Banakakis,2021-04-02T11:11:03Z
45080,Βόρειος Τυφλοπόντικας,el,"","",,Greek,Yiannis Banakakis,2021-04-02T11:11:31Z
45083,Νορβηγικό Λέμινγκ,el,"","",,Greek,Yiannis Banakakis,2021-04-02T11:11:58Z
46405,Κορωνομυγαλή,el,"","",,Greek,Yiannis Banakakis,2021-04-02T11:12:37Z
44295,Κοινωνικός Σκαπτοποντικός,el,"","",,Greek,Yiannis Banakakis,2021-04-02T11:13:12Z
46061,Λαγόγυρος του Καυκάσου,el,"","",,Greek,Yiannis Banakakis,2021-04-02T11:13:44Z
74219,Κηπομυγαλή της Βόρειας Αφρικής,el,"","",,Greek,Yiannis Banakakis,2021-04-02T11:14:14Z
74558,Ασιατικός Ασβός,el,"","",,Greek,Yiannis Banakakis,2021-04-02T11:14:37Z
42355,Ανατολικό Τουρ,el,"","",,Greek,Yiannis Banakakis,2021-04-02T11:14:56Z
43872,Βόρειος Σημυδοποντικός,el,"","",,Greek,Yiannis Banakakis,2021-04-02T11:15:44Z
45832,Μεγάλος Γέρβιλος,el,"","",,Greek,Yiannis Banakakis,2021-04-02T11:16:21Z
74699,Μυωτίδα του Brandt,el,"","",,Greek,Yiannis Banakakis,2021-04-02T11:17:35Z
40576,Μικρονυκτοβάτης,el,"","",,Greek,Yiannis Banakakis,2021-04-02T11:18:09Z
46047,Στικτός Λαγόγυρος,el,"","",,Greek,Yiannis Banakakis,2021-04-02T11:18:39Z
41690,Φώκια της Κασπίας,el,"","",,Greek,Yiannis Banakakis,2021-04-02T11:20:02Z
43118,Λαγός σκούπα,el,"","",,Greek,Yiannis Banakakis,2021-04-02T11:21:34Z
44266,Ευρωπαϊκός Σκαπτοποντικός,el,"","",,Greek,Yiannis Banakakis,2021-04-02T11:23:02Z
44533,Τυφλοπόντικας της Ανατολικής Ευρώπης,el,"","",,Greek,Yiannis Banakakis,2021-04-02T11:24:29Z
74717,Μυωτίδα του Felten,el,"","",,Greek,Yiannis Banakakis,2021-04-02T11:25:27Z
41559,Ανταρκτοφάλαινα,el,"","",,Greek,Yiannis Banakakis,2021-04-02T11:26:53Z
43201,Πίκα του Αφγανιστάν,el,"","",,Greek,Yiannis Banakakis,2021-04-02T11:27:51Z
43828,Κοινό Γόντι,el,"","",,Greek,Yiannis Banakakis,2021-04-02T11:28:41Z
44273,Αλπικός Σκαπτοποντικός,el,"","",,Greek,Yiannis Banakakis,2021-04-02T11:29:17Z
44674,Περσικός Γέρβιλος,el,"","",,Greek,Yiannis Banakakis,2021-04-02T11:29:39Z
41505,Λευκόρυγχο Δελφίνι,el,"","",,Greek,Yiannis Banakakis,2021-04-02T11:30:11Z
40691,Ρινόλοφος του Mehely,el,"","",,Greek,Yiannis Banakakis,2021-04-02T11:30:38Z
887383,Ποντικός της τούνδρας,el,"","",,Greek,Yiannis Banakakis,2021-04-02T11:31:15Z
75096,Ταυρολαγόγυρος,el,"","",,Greek,Yiannis Banakakis,2021-04-02T11:31:36Z
44276,Μεσογειακός Σκαπτοποντικός,el,"","",,Greek,Yiannis Banakakis,2021-04-02T11:34:39Z
47041,Ντεσμάν των Πυρηναίων,el,"","",,Greek,Yiannis Banakakis,2021-04-02T11:35:47Z
121026,Λάμα,el,"","",,Greek,Yiannis Banakakis,2021-04-02T11:36:04Z
41702,Φώκια της Γροιλανδίας,el,"","",,Greek,Yiannis Banakakis,2021-04-02T11:37:33Z
41961,Αγριόγατα της ζούγκλας,el,"","",,Greek,Yiannis Banakakis,2021-04-02T11:38:08Z
44277,Σκαπτοποντικός της Καμπρέρα,el,"","",,Greek,Yiannis Banakakis,2021-04-02T11:39:17Z
46964,Ασπάλακας του Καυκάσου,el,"","",,Greek,Yiannis Banakakis,2021-04-02T11:39:43Z
45503,Ραβδοποντικός της Βαρβαρίας,el,"","",,Greek,Yiannis Banakakis,2021-04-02T11:41:48Z
43855,Μεγάλο Ζέρμποα,el,"","",,Greek,Yiannis Banakakis,2021-04-02T11:42:14Z
41706,Κουκουλοφόρος Φώκια,el,"","",,Greek,Yiannis Banakakis,2021-04-02T11:42:45Z
41461,Μπελούγκα,el,"","",,Greek,Yiannis Banakakis,2021-04-02T11:43:02Z
45734,Παχύς Αμμοαρουραίος,el,"","",,Greek,Yiannis Banakakis,2021-04-02T11:44:52Z
46486,Ιβηρική Μυγαλή,el,"","",,Greek,Yiannis Banakakis,2021-04-02T11:45:16Z
74072,Στεποποντικός,el,"","",,Greek,Yiannis Banakakis,2021-04-02T11:45:42Z
907291,Κρυπτομυωτίδα,el,"","",,Greek,Yiannis Banakakis,2021-04-02T11:46:06Z
852245,Τυφλοπόντικας του Ισραήλ,el,"","",,Greek,Yiannis Banakakis,2021-04-02T11:46:34Z
524409,Βακτριανή Καμήλα,el,"","",,Greek,Yiannis Banakakis,2021-04-02T11:46:56Z
210401,Μυωτίδα της Escalera,el,"","",,Greek,Yiannis Banakakis,2021-04-02T11:47:31Z
1123770,Ελεφαντομυγαλή της Βόρειας Αφρικής,el,"","",,Greek,Yiannis Banakakis,2021-04-02T11:48:08Z
41421,Βόρειος Υπερωόδοντας,el,"","",,Greek,Yiannis Banakakis,2021-04-02T11:49:00Z
41532,Μακρύρυγχο Μαυροδέλφινο,el,"","",,Greek,Yiannis Banakakis,2021-04-02T11:49:26Z
41974,Καναδικός Λύγκας,el,"","",,Greek,Yiannis Banakakis,2021-04-02T13:21:20Z
197781,Ιαγουαρούντι,el,"","",,Greek,Yiannis Banakakis,2021-04-02T13:21:50Z
41988,Μάργκεϊ,el,"","",,Greek,Yiannis Banakakis,2021-04-02T13:22:32Z
569306,Αγριόγατα του Βόρνεο,el,"","",,Greek,Yiannis Banakakis,2021-04-02T13:23:26Z
569307,Ασιατική χρυσή Αγριόγατα,el,"","",,Greek,Yiannis Banakakis,2021-04-02T13:24:13Z
569411,Κινέζικη Αγριόγατα,el,"","",,Greek,Yiannis Banakakis,2021-04-02T13:25:44Z
41959,Αγριόγατα της άμμου,el,"","",,Greek,Yiannis Banakakis,2021-04-02T13:26:37Z
41957,Μαυροπόδαρη Αγριόγατα,el,"","",,Greek,Yiannis Banakakis,2021-04-02T13:29:12Z
926056,Αγριόγατα του Παντανάλ,el,"","",,Greek,Yiannis Banakakis,2021-04-02T13:34:43Z
74481,Αγριόγατα του Geoffroy,el,"","",,Greek,Yiannis Banakakis,2021-04-02T13:35:39Z
74482,Αγριόγατα της Χιλής,el,"","",,Greek,Yiannis Banakakis,2021-04-02T13:36:04Z
544590,Νότια Τιγρόγατα,el,"","",,Greek,Yiannis Banakakis,2021-04-02T13:36:26Z
74483,Αγριόγατα των Άνδεων,el,"","",,Greek,Yiannis Banakakis,2021-04-02T13:36:46Z
41987,Βόρεια Τιγρόγατα,el,"","",,Greek,Yiannis Banakakis,2021-04-02T13:37:05Z
42029,Μανούλ,el,"","",,Greek,Yiannis Banakakis,2021-04-02T13:38:24Z
42033,Μαρμαρόγατα,el,"","",,Greek,Yiannis Banakakis,2021-04-02T13:39:55Z
922738,Αγριόγατα της Βεγγάλης,el,"","",,Greek,Yiannis Banakakis,2021-04-02T13:40:16Z
922736,Αγριόγατα της Ιάβας,el,"","",,Greek,Yiannis Banakakis,2021-04-02T13:40:49Z
41947,Πλατυκέφαλη Αγριόγατα,el,"","",,Greek,Yiannis Banakakis,2021-04-02T13:41:48Z
41948,Στικτόγατα,el,"","",,Greek,Yiannis Banakakis,2021-04-02T13:42:13Z
41946,Αγριόγατα Ψαράς,el,"","",,Greek,Yiannis Banakakis,2021-04-02T13:42:39Z
74753,Νεφελώδης Λεοπάρδαλη των Σούνδες,el,"","",,Greek,Yiannis Banakakis,2021-04-02T13:45:27Z
41972,Νεφελώδης Λεοπάρδαλη της Ινδονησίας,el,"","",,Greek,Yiannis Banakakis,2021-04-02T13:45:40Z
74146,Αφρικανική χρυσή Αγριόγατα,el,"","",,Greek,Yiannis Banakakis,2021-04-02T13:50:06Z
41657,Αρκούδα των Άνδεων,el,"","",,Greek,Yiannis Banakakis,2021-04-02T13:54:08Z
41651,Αρκούδα βραδύπους,el,"","",,Greek,Yiannis Banakakis,2021-04-02T13:54:35Z
41655,Αρκούδα του μελιού (της Μαλαισίας),el,"","",,Greek,Yiannis Banakakis,2021-04-02T13:55:10Z
41724,Φώκια λεοπάρδαλη,el,"","",,Greek,Yiannis Banakakis,2021-04-02T13:56:24Z
41751,Γουνοφόρα Φώκια της Ανταρκτικής,el,"","",,Greek,Yiannis Banakakis,2021-04-02T13:56:44Z
41759,Θαλάσσιο λιοντάρι της Αυστραλίας,el,"","",,Greek,Yiannis Banakakis,2021-04-02T13:57:31Z
41757,Βόρεια Γουνοφόρα Φώκια,el,"","",,Greek,Yiannis Banakakis,2021-04-02T14:01:39Z
41731,Φώκια του Weddell,el,"","",,Greek,Yiannis Banakakis,2021-04-02T14:02:10Z
41700,Καβουροφάγος Φώκια,el,"","",,Greek,Yiannis Banakakis,2021-04-02T14:02:34Z
41748,Νότια Γουνοφόρα Φώκια,el,"","",,Greek,Yiannis Banakakis,2021-04-02T14:02:54Z
41747,Γουνοφόρα Φώκια των Γκαλαπάγκος,el,"","",,Greek,Yiannis Banakakis,2021-04-02T14:03:14Z
41746,Γουνοφόρα Φώκια της Γουαδελούπης,el,"","",,Greek,Yiannis Banakakis,2021-04-02T14:03:46Z
41714,Στικτή Φώκια,el,"","",,Greek,Yiannis Banakakis,2021-04-02T14:04:04Z
41753,Γουνοφόρα Φώκια της νήσου Άμστερνταμ,el,"","",,Greek,Yiannis Banakakis,2021-04-02T14:04:33Z
41689,Φώκια της Βαϊκάλης,el,"","",,Greek,Yiannis Banakakis,2021-04-02T14:04:54Z
41745,Γουνοφόρα Φώκια της Χιλής,el,"","",,Greek,Yiannis Banakakis,2021-04-02T14:05:51Z
41698,Ταινιοφόρος Φώκια,el,"","",,Greek,Yiannis Banakakis,2021-04-02T14:06:56Z
41726,Φώκια του Ross,el,"","",,Greek,Yiannis Banakakis,2021-04-02T14:07:17Z
43577,Χιμπατζής,el,"","",,Greek,Yiannis Banakakis,2021-04-02T14:10:50Z
43582,Ουρακοτάγκος του Βόρνεο,el,"","",,Greek,Yiannis Banakakis,2021-04-02T14:12:00Z
75115,Σιαμάνγκ,el,"","",,Greek,Yiannis Banakakis,2021-04-02T14:12:17Z
569678,Ουρακοτάγκος της Σουμάτρας,el,"","",,Greek,Yiannis Banakakis,2021-04-02T14:12:53Z
43593,Γίββωνας Λαρ,el,"","",,Greek,Yiannis Banakakis,2021-04-02T14:13:25Z
883485,Γίββωνας του Βόρνεο,el,"","",,Greek,Yiannis Banakakis,2021-04-02T14:14:14Z
74439,Γίββωνας Χούλουκ,el,"","",,Greek,Yiannis Banakakis,2021-04-02T14:14:43Z
43592,Γίββωνας της Ιάβας,el,"","",,Greek,Yiannis Banakakis,2021-04-02T14:16:06Z
885131,Νότιος κοκκινομάγουλος Γίββωνας,el,"","",,Greek,Yiannis Banakakis,2021-04-02T14:16:30Z
74453,Λευκογενειοφόρος Γίββωνας,el,"","",,Greek,Yiannis Banakakis,2021-04-02T15:03:45Z
43588,Μαύρος Γίββωνας,el,"","",,Greek,Yiannis Banakakis,2021-04-02T15:04:11Z
554790,Γίββωνας Skywalker,el,"","",,Greek,Yiannis Banakakis,2021-04-02T15:05:07Z
43578,Μπονόμπο,el,"","",,Greek,Yiannis Banakakis,2021-04-02T15:06:39Z
883258,Ανατολικός Γίββωνας,el,"","",,Greek,Yiannis Banakakis,2021-04-02T15:07:33Z
43589,Γίββωνας του Kloss,el,"","",,Greek,Yiannis Banakakis,2021-04-02T15:07:59Z
74778,Μαυροεστεμμένος Γίββωνας,el,"","",,Greek,Yiannis Banakakis,2021-04-02T15:08:23Z
74781,Βόρειος λευκομάγουλος Γίββωνας,el,"","",,Greek,Yiannis Banakakis,2021-04-02T15:08:53Z
569674,Ουρακοτάγκος του Ταπανούλι,el,"","",,Greek,Yiannis Banakakis,2021-04-02T15:10:01Z
883486,Γίββωνας του Abbott,el,"","",,Greek,Yiannis Banakakis,2021-04-02T15:10:34Z
46320,Αφρικανικός Μανάτος,el,"","",,Greek,Yiannis Banakakis,2021-04-02T15:11:56Z
46319,Μανάτος του Αμαζονίου,el,"","",,Greek,Yiannis Banakakis,2021-04-02T15:12:28Z
41558,Φάλαινα του Eden,el,"","",,Greek,Yiannis Banakakis,2021-04-02T15:20:48Z
41570,Βόρεια Σωστή Φάλαινα,el,"","",,Greek,Yiannis Banakakis,2021-04-02T15:21:13Z
74103,Τοξοφάλαινα,el,"","",,Greek,Yiannis Banakakis,2021-04-02T15:21:40Z
41549,Νότια Ρυγχοφάλαινα,el,"","",,Greek,Yiannis Banakakis,2021-04-02T15:22:39Z
41456,Πυγμαία Σωστή Φάλαινα,el,"","",,Greek,Yiannis Banakakis,2021-04-02T15:23:26Z
74104,Νανοπτεροφάλαινα,el,"","",,Greek,Yiannis Banakakis,2021-04-02T15:23:46Z
41829,Στικτοϊκτίδα,el,"","",,Greek,Yiannis Banakakis,2021-04-02T16:52:47Z
42261,Ορεινή Γαζέλα,el,"","",,Greek,Yiannis Banakakis,2021-04-02T16:56:14Z
43878,Βόρειο τριδάχτυλο Ζέρμποα,el,"","",,Greek,Yiannis Banakakis,2021-04-02T16:57:06Z
44673,Ημερόβιος Γέρβιλος,el,"","",,Greek,Yiannis Banakakis,2021-04-02T16:57:45Z
45552,Ποντικός της Μαύρης Θάλασσας,el,"","",,Greek,Yiannis Banakakis,2021-04-02T16:58:22Z
46381,Μυγαλή της τάιγκας,el,"","",,Greek,Yiannis Banakakis,2021-04-02T16:58:57Z
59815,Σταχτομυγαλή,el,"","",,Greek,Yiannis Banakakis,2021-04-02T16:59:58Z
74612,Σκαπτοποντικός του Λιχτενστάιν,el,"","",,Greek,Yiannis Banakakis,2021-04-02T17:00:41Z
1067775,Πρόβατο Ούριαλ,el,"","",,Greek,Yiannis Banakakis,2021-04-02T17:01:42Z
41408,Πυκνόρυγχος Μεσοπλόδοντας,el,"","",,Greek,Yiannis Banakakis,2021-04-02T17:02:32Z
41669,Τυπικά Κοάτι,el,"","",,Greek,Yiannis Banakakis,2021-04-02T17:04:45Z
41942,Σουρικάτα,el,"","",,Greek,Yiannis Banakakis,2021-04-02T17:05:41Z
41939,Λευκόουρη Μανγκούστα,el,"","",,Greek,Yiannis Banakakis,2021-04-02T17:06:20Z
42057,Αλεπού του Ρούπελ,el,"","",,Greek,Yiannis Banakakis,2021-04-02T17:06:51Z
42266,Δορκάδα Γαζέλα,el,"","",,Greek,Yiannis Banakakis,2021-04-02T17:07:41Z
42310,Όρυξ Ντάμμα,el,"","",,Greek,Yiannis Banakakis,2021-04-02T17:08:37Z
43066,Σκαντζόχοιρος του Brandt,el,"","",,Greek,Yiannis Banakakis,2021-04-02T17:09:10Z
43073,Σκαντζόχοιρος της Αιθιοπίας,el,"","",,Greek,Yiannis Banakakis,2021-04-02T17:09:47Z
43138,Λαγός Τόλαϊ,el,"","",,Greek,Yiannis Banakakis,2021-04-02T17:10:20Z
43840,Λιβαδοποντικός,el,"","",,Greek,Yiannis Banakakis,2021-04-02T17:11:16Z
43873,Ποντικός του Καυκάσου,el,"","",,Greek,Yiannis Banakakis,2021-04-02T17:12:22Z
43897,Παχύουρο τριδάχτυλο Ζέρμποα,el,"","",,Greek,Yiannis Banakakis,2021-04-02T17:12:57Z
44187,Γέρβιλος της Βόρειας Αφρικής,el,"","",,Greek,Yiannis Banakakis,2021-04-02T17:13:23Z
44189,Γέρβιλος του Cheesman,el,"","",,Greek,Yiannis Banakakis,2021-04-02T17:13:51Z
44196,Μικρός Αιγυπτιακός Γέρβιλος,el,"","",,Greek,Yiannis Banakakis,2021-04-02T17:14:21Z
44278,Σκαπτοποντικός του Καυκάσου,el,"","",,Greek,Yiannis Banakakis,2021-04-02T17:14:51Z
44669,Γέρβιλος του Shaw,el,"","",,Greek,Yiannis Banakakis,2021-04-02T17:17:43Z
44919,Χρυσό Χάμστερ,el,"","",,Greek,Yiannis Banakakis,2021-04-02T17:18:49Z
74352,Κοινή Γαζέλα,el,"","",,Greek,Yiannis Banakakis,2021-04-02T19:08:55Z
47032,Ρωσικό Ντεσμάν,el,"","",,Greek,Yiannis Banakakis,2021-04-02T19:25:46Z
45920,Κοινό Ντεγκού,el,"","",,Greek,Yiannis Banakakis,2021-04-02T19:26:44Z
44930,Ρωσικό πυγμαίο Χάμστερ,el,"","",,Greek,Yiannis Banakakis,2021-04-02T19:28:35Z
155330,Αιγυπτιακή ποντικόουρη Νυχτερίδα,el,"","",,Greek,Yiannis Banakakis,2021-04-02T19:36:03Z
245958,Ωτονυχτερίδα του Gaisler,el,"","",,Greek,Yiannis Banakakis,2021-04-02T19:36:49Z
852246,Τυφλοπόντικας του Nehring,el,"","",,Greek,Yiannis Banakakis,2021-04-02T19:37:34Z
481657,Ποντικοί τσέπης,el,"","",,Greek,Yiannis Banakakis,2021-04-02T19:38:43Z
42155,Οκάπι,el,"","",,Greek,Yiannis Banakakis,2021-04-02T19:57:21Z
961923,Γιγάντιος Ιπποπόταμος,el,"","",,Greek,Yiannis Banakakis,2021-04-02T19:57:54Z
43338,Κιάνγκ,el,"","",,Greek,Yiannis Banakakis,2021-04-02T19:58:09Z
43596,Εστεμμένος Γίββωνας,el,"","",,Greek,Yiannis Banakakis,2021-04-02T19:58:35Z
39449,Δράκος του Κομόντο,el,"","",,Greek,Yiannis Banakakis,2021-04-02T20:02:01Z
43345,Ινδικός Ρινόκερος,el,"","",,Greek,Yiannis Banakakis,2021-04-02T20:05:21Z
40574,Νυχτοβάτης των Αζορών,el,"","",,Greek,Yiannis Banakakis,2021-04-02T22:17:59Z
472287,Σταχτόχηνα × Κυκνοειδής χήνα (Υβρίδιο),el,"","",,Greek,Valia Pavlou,2021-04-03T13:48:42Z
19269,Αφρικάνικος γκρι παπαγάλος,el,"","",,Greek,Valia Pavlou,2021-04-03T18:37:46Z
124821,Ευρωπαϊκή Φάσσα,el,"","",,Greek,Valia Pavlou,2021-04-03T18:39:52Z
629606,Βαλκανικός Αιγίθαλος,el,"","",,Greek,Valia Pavlou,2021-04-03T18:42:02Z
725402,Μεσογειακό Φανέτο,el,"","",,Greek,Valia Pavlou,2021-04-03T18:44:05Z
366951,Βρετανική Λευκοσουσουράδα,el,"","",,Greek,Valia Pavlou,2021-04-03T19:02:02Z
145207,Ανατολική Κιτρινοσουσουράδα,el,"","",,Greek,Valia Pavlou,2021-04-03T19:26:18Z
1200,Πράσινο Παγώνι,el,"","",,Greek,Valia Pavlou,2021-04-03T19:47:28Z
120479,Οικόσιτη Σταχτόχηνα,el,"","",,Greek,Valia Pavlou,2021-04-03T19:50:53Z
333822,Οικόσιτη Κυκνοειδής Χήνα,el,"","",,Greek,Valia Pavlou,2021-04-03T19:51:35Z
1142485,Καρδερινοκάναρο,el,"","",,Greek,Valia Pavlou,2021-04-03T19:54:05Z
524796,Καναρίνι,el,"","",,Greek,Valia Pavlou,2021-04-03T19:55:16Z
43354,Ορεινός Τάπιρος,el,"","",,Greek,Yiannis Banakakis,2021-04-03T20:25:15Z
43356,Ασιατικός Τάπιρος,el,"","",,Greek,Yiannis Banakakis,2021-04-03T20:25:55Z
26159,Αμερικανικός Αλιγάτορας,el,"","",,Greek,Yiannis Banakakis,2021-04-03T20:29:42Z
26085,Αμερικανικός Κροκόδειλος,el,"","",,Greek,Yiannis Banakakis,2021-04-03T20:30:15Z
341972,Κροκόδειλος του Νείλου,el,"","",,Greek,Yiannis Banakakis,2021-04-03T20:31:10Z
116517,Κοινός Καϊμάν,el,"","",,Greek,Yiannis Banakakis,2021-04-03T20:31:53Z
26074,Μεξικανικός Κροκόδειλος,el,"","",,Greek,Yiannis Banakakis,2021-04-03T20:32:23Z
332338,Γκρίζα Αλεπού της Αργεντινής,el,"","",,Greek,Yiannis Banakakis,2021-04-03T20:35:44Z
42070,Αλεπού της ερήμου,el,"","",,Greek,Yiannis Banakakis,2021-04-03T20:36:52Z
42095,Αλεπού με αυτιά νυχτερίδας,el,"","",,Greek,Yiannis Banakakis,2021-04-03T20:38:33Z
423656,Αλεπού τη πάμπας,el,"","",,Greek,Yiannis Banakakis,2021-04-03T20:40:15Z
1210965,Μελανόραχο Τσακάλι,el,"","",,Greek,Yiannis Banakakis,2021-04-03T20:42:08Z
42091,Λύκος με χαίτη,el,"","",,Greek,Yiannis Banakakis,2021-04-03T20:43:19Z
42101,Ασιατικό Αγριόσκυλο,el,"","",,Greek,Yiannis Banakakis,2021-04-03T20:43:59Z
855310,Ιαπωνικός Σκύλος ρακούν,el,"","",,Greek,Yiannis Banakakis,2021-04-03T20:45:13Z
42055,Αλεπού του Ακρωτηρίου,el,"","",,Greek,Yiannis Banakakis,2021-04-03T20:46:11Z
42066,Θοή Αλεπού,el,"","",,Greek,Yiannis Banakakis,2021-04-03T20:47:10Z
43366,Κινέζικος Παγκολίνος,el,"","",,Greek,Yiannis Banakakis,2021-04-03T20:49:43Z
75083,Χερσαίος Παγκολίνος,el,"","",,Greek,Yiannis Banakakis,2021-04-03T20:51:02Z
43364,Παγκολίνος της Ιάβας,el,"","",,Greek,Yiannis Banakakis,2021-04-03T20:52:20Z
74866,Κοινός Παγκολίνος,el,"","",,Greek,Yiannis Banakakis,2021-04-03T20:53:13Z
565412,Μακρόουρος Παγκολίνος,el,"","",,Greek,Yiannis Banakakis,2021-04-03T20:53:51Z
43362,Ινδικός Παγκολίνος,el,"","",,Greek,Yiannis Banakakis,2021-04-03T20:54:22Z
75082,Γιγάντιος Παγκολίνος,el,"","",,Greek,Yiannis Banakakis,2021-04-03T20:54:49Z
47104,Νότιος Νανομυρμηγκοφάγος,el,"","",,Greek,Yiannis Banakakis,2021-04-03T20:57:01Z
47107,Γιγάντιος Μυρμηγκοφάγος,el,"","",,Greek,Yiannis Banakakis,2021-04-03T20:57:41Z
317765,Μεγαθήριο,el,"","",,Greek,Yiannis Banakakis,2021-04-03T20:58:05Z
47100,Διδάχτυλος Βραδύποδας του Λιννιαίου,el,"","",,Greek,Yiannis Banakakis,2021-04-03T21:00:30Z
47068,Ωχρόλαιμος Βραδύποδας,el,"","",,Greek,Yiannis Banakakis,2021-04-03T21:00:58Z
47066,Μανδυοφόρος Βραδύποδας,el,"","",,Greek,Yiannis Banakakis,2021-04-03T21:01:21Z
74116,Πυγμαίος Βραδύποδας,el,"","",,Greek,Yiannis Banakakis,2021-04-03T21:01:44Z
35691,Σιλιβούτι της Νάξου,el,"","",,Greek,Yiannis Banakakis,2021-04-03T21:10:13Z
7089,Καναδέζικη Χήνα,el,"","",,Greek,Yiannis Banakakis,2021-04-03T21:11:51Z
36514,Πράσινη Ανόλη,el,"","",,Greek,Yiannis Banakakis,2021-04-03T21:13:16Z
188591,Κόκκινος Τριπτερύγιος,el,"","",,Greek,Yiannis Banakakis,2021-04-03T21:15:38Z
35693,Σιλιβούτι της Μυκόνου,el,"","",,Greek,Yiannis Banakakis,2021-04-04T09:45:01Z
35680,Σιλιβούτι της Θεσσαλίας,el,"","",,Greek,Yiannis Banakakis,2021-04-04T09:45:39Z
35705,Σιλιβούτι της Αμοργού,el,"","",,Greek,Yiannis Banakakis,2021-04-04T09:46:07Z
56529,Μαχάων,el,"","",,Greek,Yiannis Banakakis,2021-04-05T09:39:12Z
85030,Κόκκινη Λιβελούλα,el,"","",,Greek,Yiannis Banakakis,2021-04-05T09:40:47Z
245656,Αράχνη Ναπολέων,el,"","",,Greek,Yiannis Banakakis,2021-04-05T09:41:38Z
434273,Θαμνόγρυλλος της Πάρου,el,"","",,Greek,Yiannis Banakakis,2021-04-05T09:46:29Z
70071,Νυχτοπεταλούδα της Ευφορβίας,el,"","",,Greek,Yiannis Banakakis,2021-04-05T09:52:19Z
806563,Άμμι το βισνάγιον,el,"","",https://www.inaturalist.org/taxon_names/2230193/edit,Greek,,2021-04-05T13:21:50Z
806563,Καραγάνι,el,"","",https://www.inaturalist.org/taxon_names/2230188/edit,Greek,,2021-04-05T13:21:51Z
806563,Καρίγανα,el,"","",https://www.inaturalist.org/taxon_names/2230190/edit,Greek,,2021-04-05T13:21:51Z
806563,Χαλαβάνα,el,"","",https://www.inaturalist.org/taxon_names/2230192/edit,Greek,,2021-04-05T13:21:51Z
806563,Άμμι το γλυφίδιον,el,"","",https://www.inaturalist.org/taxon_names/2230189/edit,Greek,,2021-04-05T13:21:51Z
806563,Κέλλα,el,"","",https://www.inaturalist.org/taxon_names/2230191/edit,Greek,,2021-04-05T13:21:52Z
771660,Θαμνόγρυλλος των Κυκλάδων,el,"","",,Greek,Yiannis Banakakis,2021-04-05T22:36:20Z
343356,Ψευδοχήρα του Paykull,el,"","",,Greek,Yiannis Banakakis,2021-04-05T22:38:35Z
510789,Μικρός Ξυλοσκορπιός της Κριμαίας,el,"","",,Greek,Yiannis Banakakis,2021-04-05T22:41:19Z
357480,Σκαθάρι της μηλιάς,el,"","",,Greek,Yiannis Banakakis,2021-04-05T22:45:41Z
111530,Τραχύβατος,el,"","",,Greek,Yiannis Banakakis,2021-04-06T10:35:47Z
114244,Μαρμαρομουδιάστρα,el,"","",,Greek,Yiannis Banakakis,2021-04-06T10:37:06Z
607541,Μαυρομουδιάστρα,el,"","",,Greek,Yiannis Banakakis,2021-04-06T10:38:57Z
114252,Κηλιδωτή Μουδιάστρα,el,"","",,Greek,Yiannis Banakakis,2021-04-06T10:39:20Z
556656,Κοινός Τρίτωνας,el,"","",,Greek,Yiannis Banakakis,2021-04-06T10:40:42Z
882,Άγριο Κοτόπουλο,el,"","",,Greek,Yiannis Banakakis,2021-04-06T10:51:41Z
1428,Κοινή Φραγκόκοτα,el,"","",,Greek,Yiannis Banakakis,2021-04-06T10:52:22Z
19339,Παπαγαλάκι Μπάτζι,el,"","",,Greek,Yiannis Banakakis,2021-04-06T10:53:21Z
7101,Ασπρομάγουλη Χήνα,el,"","",,Greek,Yiannis Banakakis,2021-04-06T10:54:08Z
62528,Γραμμοτσικνιάς,el,"","",,Greek,Yiannis Banakakis,2021-04-06T10:54:36Z
3875,Αμερικανικός Δασότρυγγας,el,"","",,Greek,Yiannis Banakakis,2021-04-06T10:55:22Z
199840,Μεξικανική Ροδόσπιζα,el,"","",,Greek,Yiannis Banakakis,2021-04-06T10:58:16Z
5080,Σφηνόουρος Αετός,el,"","",,Greek,Yiannis Banakakis,2021-04-06T11:00:06Z
19075,Αγαπόρνιθα του Fischer,el,"","",,Greek,Yiannis Banakakis,2021-04-06T11:00:58Z
19265,Δακτυλιόλαιμος Παπαγάλος της Αυστραλίας,el,"","",,Greek,Yiannis Banakakis,2021-04-06T11:02:44Z
116993,Κοκατίλ,el,"","",,Greek,Yiannis Banakakis,2021-04-06T11:03:11Z
438022,Πορφυρολαίμης,el,"","",,Greek,Yiannis Banakakis,2021-04-06T11:09:37Z
29450,Σαπίτης,el,"","",,Greek,Yiannis Banakakis,2021-04-06T11:13:55Z
337045,Σαύρα της Σικελίας,el,"","",,Greek,Yiannis Banakakis,2021-04-06T11:18:28Z
73759,Μαύρος Έφιος,el,"","",,Greek,Yiannis Banakakis,2021-04-06T11:20:07Z
1223390,Ανατολική Τρανόσαυρα,el,"","",,Greek,Yiannis Banakakis,2021-04-06T11:36:53Z
1223389,Τρανόσαυρα των Κυκλάδων,el,"","",,Greek,Yiannis Banakakis,2021-04-06T11:37:21Z
558958,Οχιά της Πίνδου (Νανόχεντρα),el,"","",,Greek,Yiannis Banakakis,2021-04-06T11:38:19Z
145895,Ανατολικό Κονάκι,el,"","",,Greek,Yiannis Banakakis,2021-04-06T11:39:25Z
73584,Ανατολικός Αβλέφαρος,el,"","",,Greek,Yiannis Banakakis,2021-04-06T11:40:55Z
74007,Ζαμενής του Καυκάσου,el,"","",,Greek,Yiannis Banakakis,2021-04-06T11:41:53Z
966698,Αστρίτης,el,"","",,Greek,Yiannis Banakakis,2021-04-06T11:42:34Z
35453,Ζωοτόκα Σαύρα,el,"","",,Greek,Yiannis Banakakis,2021-04-06T11:43:35Z
35710,Τοιχογουστέρα Δαλματίας,el,"","",,Greek,Yiannis Banakakis,2021-04-06T11:45:08Z
30901,Οχιά του Ursin,el,"","",,Greek,Yiannis Banakakis,2021-04-06T11:48:58Z
73902,Σαύρα του Λίβανου,el,"","",,Greek,Yiannis Banakakis,2021-04-06T11:49:46Z
539596,Σαύρα της Τουρκίας,el,"","",,Greek,Yiannis Banakakis,2021-04-06T11:51:25Z
43617,Δακτυλιδόουρος Λεμούριος,el,"","",,Greek,Yiannis Banakakis,2021-04-06T15:16:55Z
43603,Σιφάκα του Verreaux,el,"","",,Greek,Yiannis Banakakis,2021-04-06T15:17:23Z
43600,Λεμούριος Ίντρι,el,"","",,Greek,Yiannis Banakakis,2021-04-06T15:17:54Z
43561,Νοτιοαφρικανικός Γαλάγος,el,"","",,Greek,Yiannis Banakakis,2021-04-06T15:18:31Z
74526,Γκρίζος Λόρις,el,"","",,Greek,Yiannis Banakakis,2021-04-06T15:18:56Z
54863,Λόρις της Βεγγάλης,el,"","",,Greek,Yiannis Banakakis,2021-04-06T15:19:45Z
75221,Κόκκινος Λεμούριος,el,"","",,Greek,Yiannis Banakakis,2021-04-06T15:21:17Z
43558,Αγιάγης (Άι-άι),el,"","",,Greek,Yiannis Banakakis,2021-04-06T15:21:45Z
1047733,Τάρσιος του Gursky,el,"","",,Greek,Yiannis Banakakis,2021-04-06T15:25:11Z
1047732,Τάρσιος του Jatnas,el,"","",,Greek,Yiannis Banakakis,2021-04-06T15:26:13Z
75159,Τάρσιος των νήσων Sangihe,el,"","",,Greek,Yiannis Banakakis,2021-04-06T15:27:43Z
75158,Τάρσιος του Peleng,el,"","",,Greek,Yiannis Banakakis,2021-04-06T15:28:14Z
113782,Τάρσιος του Siau,el,"","",,Greek,Yiannis Banakakis,2021-04-06T15:28:42Z
1047734,Τάρσιος του Niemitz,el,"","",,Greek,Yiannis Banakakis,2021-04-06T15:29:24Z
1064525,Κοινός Τάρσιος,el,"","",,Greek,Yiannis Banakakis,2021-04-06T15:30:45Z
1064527,Τάρσιος του Μακάσαρ,el,"","",,Greek,Yiannis Banakakis,2021-04-06T15:31:24Z
473,Αμερικανική Φαλαρίδα,el,"","",,Greek,Yiannis Banakakis,2021-04-06T15:33:49Z
8229,Γαλάζια Κίσσα,el,"","",,Greek,Yiannis Banakakis,2021-04-06T15:34:07Z
14886,Μίμος του Βορρά,el,"","",,Greek,Yiannis Banakakis,2021-04-06T15:35:42Z
9083,Κόκκινος Καρδινάλιος,el,"","",,Greek,Yiannis Banakakis,2021-04-06T15:36:09Z
4956,Αμερικανικός Σταχτοτσικνιάς,el,"","",,Greek,Yiannis Banakakis,2021-04-06T15:36:40Z
4940,Αμερικανικός Λευκοτσικνιάς,el,"","",,Greek,Yiannis Banakakis,2021-04-06T15:39:58Z
145310,Αμερικανική Καρδερίνα,el,"","",,Greek,Yiannis Banakakis,2021-04-06T15:40:47Z
116461,Καφέ Ανόλη,el,"","",,Greek,Yiannis Banakakis,2021-04-06T15:41:07Z
4364,Δακτυλιόραμφος Γλάρος,el,"","",,Greek,Yiannis Banakakis,2021-04-06T15:41:43Z
4328,Καφέ Πελεκάνος,el,"","",,Greek,Yiannis Banakakis,2021-04-06T15:42:22Z
4793,Λιβαδοσφυριχτής,el,"","",,Greek,Yiannis Banakakis,2021-04-06T15:43:46Z
4665,Αμερικανικό Κιρκινέζι,el,"","",,Greek,Yiannis Banakakis,2021-04-06T15:47:40Z
7428,Καναδέζικη Βομβυκίλλα,el,"","",,Greek,Yiannis Banakakis,2021-04-06T15:49:20Z
4334,Αμερικανικός Λευκοπελεκάνος,el,"","",,Greek,Yiannis Banakakis,2021-04-06T15:50:14Z
3751,Αμερικανική λευκή Ίβιδα,el,"","",,Greek,Yiannis Banakakis,2021-04-06T15:50:33Z
4836,Μεξικάνικος Καλαμοκανάς,el,"","",,Greek,Yiannis Banakakis,2021-04-06T15:51:05Z
2548,Μεγακήρυλος,el,"","",,Greek,Yiannis Banakakis,2021-04-06T15:51:43Z
7109,Στεφανοπρίστης,el,"","",,Greek,Yiannis Banakakis,2021-04-06T15:53:11Z
20044,Αμερικανικός Μπούφος,el,"","",,Greek,Yiannis Banakakis,2021-04-06T15:53:35Z
35342,Πράσινο Ιγκουάνα,el,"","",,Greek,Yiannis Banakakis,2021-04-06T15:53:58Z
144479,Αμερικανική Νερόκοτα,el,"","",,Greek,Yiannis Banakakis,2021-04-06T15:54:25Z
850859,Αμερικανικό Κεφαλούδι,el,"","",,Greek,Yiannis Banakakis,2021-04-06T15:54:47Z
14823,Καναδέζικος Τσοπανάκος,el,"","",,Greek,Yiannis Banakakis,2021-04-06T15:56:27Z
35347,Θαλάσσιο Ιγκουάνα,el,"","",,Greek,Yiannis Banakakis,2021-04-06T16:01:02Z
3786,Γαλαζοπόδαρη Σούλα,el,"","",,Greek,Yiannis Banakakis,2021-04-06T16:01:49Z
35324,Χερσαίο Ιγκουάνα των Γκαλαπάγκος,el,"","",,Greek,Yiannis Banakakis,2021-04-06T16:02:22Z
105790,Σαύρα της λάβας του Σαν Κριστόμπαλ,el,"","",,Greek,Yiannis Banakakis,2021-04-06T16:02:49Z
39081,Σαύρα της λάβας των Γκαλαπάγκος,el,"","",,Greek,Yiannis Banakakis,2021-04-06T16:03:10Z
3793,Κοκκινοπόδαρη Σούλα,el,"","",,Greek,Yiannis Banakakis,2021-04-06T16:04:04Z
4317,Ερυθρόραμφος Φαέθων,el,"","",,Greek,Yiannis Banakakis,2021-04-06T16:04:30Z
35325,Χερσαίο Ιγκουάνα του Barrington,el,"","",,Greek,Yiannis Banakakis,2021-04-06T16:04:54Z
41539,Ψευδόρκα,el,"","",,Greek,Yiannis Banakakis,2021-04-06T16:05:47Z
74033,Αρουραίος των Γκαλαπάγκος,el,"","",,Greek,Yiannis Banakakis,2021-04-06T16:06:27Z
74769,Ποντικός της Φερναντίνα,el,"","",,Greek,Yiannis Banakakis,2021-04-06T16:07:38Z
40891,Περίτεχνη Ιπτάμενη Αλεπού,el,"","",,Greek,Yiannis Banakakis,2021-04-06T16:10:58Z
74174,Νυχτερίδα της Νέας Καληδονίας,el,"","",,Greek,Yiannis Banakakis,2021-04-06T16:13:10Z
75052,Ελάφι της Ιάβας,el,"","",,Greek,Yiannis Banakakis,2021-04-06T16:13:36Z
41515,Δελφίνι της Νέας Ζηλανδίας,el,"","",,Greek,Yiannis Banakakis,2021-04-06T18:01:36Z
40550,Μακρύουρη Νυχτερίδα της Νέας Ζηλανδίας,el,"","",,Greek,Yiannis Banakakis,2021-04-06T18:02:17Z
41405,Μεσοπλόδοντας του Gray,el,Greece,GR,,Greek,Yiannis Banakakis,2021-04-06T18:03:25Z
41464,Πυγμαίος Φυσητήρας,el,"","",,Greek,Yiannis Banakakis,2021-04-06T18:04:56Z
41444,Διοπτροφόρα Φώκαινα,el,"","",,Greek,Yiannis Banakakis,2021-04-06T18:06:13Z
19822,Κόκκινη Σπουργιτόγλαυκα,el,"","",,Greek,Yiannis Banakakis,2021-04-06T18:09:26Z
144594,Χιονόγλαυκα,el,"","",,Greek,Yiannis Banakakis,2021-04-06T18:10:02Z
20372,Γερακόγλαυκα,el,"","",,Greek,Yiannis Banakakis,2021-04-06T18:10:27Z
19893,Αμερικανικός Χουχουριστής,el,"","",,Greek,Yiannis Banakakis,2021-04-06T18:11:56Z
19765,Ανατολικός Γκιώνης,el,"","",,Greek,Yiannis Banakakis,2021-04-06T18:12:33Z
20343,Ψαρόμπουφος,el,"","",,Greek,Yiannis Banakakis,2021-04-06T18:13:37Z
39682,Κοινή Χελώνα-αλιγάτορας,el,"","",,Greek,Yiannis Banakakis,2021-04-06T19:08:52Z
118655,Σκαθάρι,el,"","",,Greek,stelioskaripidis,2021-04-07T17:00:45Z
120641,Χελομουγγρί,el,"","",,Greek,stelioskaripidis,2021-04-07T17:03:14Z
118592,Φιδόχελο,el,"","",,Greek,stelioskaripidis,2021-04-07T17:04:21Z
118625,Φυκόψαρο,el,Greece,GR,,Greek,stelioskaripidis,2021-04-07T17:05:40Z
118628,Χελιδονάς,el,"","",,Greek,stelioskaripidis,2021-04-07T17:06:45Z
118652,Μεγαλοδράκαινα,el,"","",,Greek,stelioskaripidis,2021-04-07T17:07:33Z
118648,Αραχνοδράκαινα,el,"","",,Greek,stelioskaripidis,2021-04-07T17:08:05Z
100091,Στύρα,el,"","",,Greek,stelioskaripidis,2021-04-07T17:11:23Z
99269,Λαβράκι,el,"","",,Greek,stelioskaripidis,2021-04-07T17:12:07Z
446216,Παρδαλοσαλιάρα,el,"","",,Greek,stelioskaripidis,2021-04-08T05:45:22Z
446216,Παρδαλοσαλιαρα,el,"","",,Greek,stelioskaripidis,2021-04-08T05:47:29Z
446216,Παραλοσαλιάρα,el,"","",,Greek,stelioskaripidis,2021-04-08T05:53:40Z
472138,Παρδαλοκολλητσίδα,el,"","",,Greek,stelioskaripidis,2021-04-08T06:01:46Z
118597,Ζαργάνα,el,"","",,Greek,stelioskaripidis,2021-04-08T10:15:46Z
120693,Κοκκάλι,el,Greece,GR,,Greek,stelioskaripidis,2021-04-08T10:29:30Z
56077,Βάλσαμο,el,"","",,Greek,Eleftherios Katsillis,2021-04-09T16:24:05Z
56138,Ορνιθόγαλο,el,"","",,Greek,Eleftherios Katsillis,2021-04-09T17:05:18Z
43746,Γυμνός τυφλοπόντικας,el,"","",,Greek,Eleftherios Katsillis,2021-04-09T20:20:03Z
46927,Ασπαλακίδες,el,"","",,Greek,Eleftherios Katsillis,2021-04-09T20:20:52Z
46970,Ευρωπαϊκός Τυφλοπόντικας,el,"","",,Greek,Eleftherios Katsillis,2021-04-09T20:21:47Z
46942,Τυφλοπόντικας,el,"","",,Greek,Eleftherios Katsillis,2021-04-09T20:22:14Z
46942,Ασπάλακας,el,"","",,Greek,Eleftherios Katsillis,2021-04-09T20:22:27Z
3867,Λιμνόδρομοι,el,"","",,Greek,Valia Pavlou,2021-04-10T15:18:44Z
3869,Μικρός Λιμνοδρόμος,el,"","",,Greek,Valia Pavlou,2021-04-10T15:19:08Z
118640,Χωματίδα,el,"","",,Greek,stelioskaripidis,2021-04-10T16:02:04Z
60275,Αιγίλοπας,el,"","",,Greek,Eleftherios Katsillis,2021-04-12T21:11:09Z
324589,Πετροσωλήνας,el,"","",,Greek,Eleftherios Katsillis,2021-04-21T12:13:06Z
12841,Σκουφοπετροκλής,el,"","",,Greek,Valia Pavlou,2021-04-21T13:38:07Z
77641,Μοσχομπίζελο,el,"","",,Greek,Sotirios Liakas,2021-04-22T14:56:30Z
145238,Κίτρινη Πάρουλα,el,"","",,Greek,Valia Pavlou,2021-04-26T08:28:56Z
145242,Φοινικοπάρουλα,el,"","",,Greek,Valia Pavlou,2021-04-26T08:30:27Z
48460,Bios,el,"","",,Greek,Dewald du Plessis,2021-04-28T19:07:39Z
113531,Κοκκινολαπίνα,el,"","",,Greek,Eleftherios Katsillis,2021-04-28T21:23:40Z
113529,Φαγανέλι,el,"","",,Greek,Eleftherios Katsillis,2021-04-28T21:24:12Z
103912,Μαυροχειλού,el,"","",,Greek,Eleftherios Katsillis,2021-04-28T21:24:39Z
106222,Κέφαλος,el,"","",,Greek,Eleftherios Katsillis,2021-04-28T21:25:00Z
48397,Καλκανόβατος,el,"","",,Greek,Eleftherios Katsillis,2021-04-28T21:25:52Z
118673,Περκάκι,el,"","",,Greek,Eleftherios Katsillis,2021-04-28T21:26:36Z
118656,Μουσμούλι,el,"","",,Greek,Eleftherios Katsillis,2021-04-28T21:27:36Z
102821,Ιππόκαμπος ο Κοινός,el,Greece,GR,,Greek,Eleftherios Katsillis,2021-04-28T21:29:16Z
51737,Ντομάτα,el,"","",,Greek,Eleftherios Katsillis,2021-04-28T22:05:01Z
50641,Σολάνο,el,"","",,Greek,Eleftherios Katsillis,2021-04-28T22:05:28Z
79519,Αμπέλι,el,"","",,Greek,Eleftherios Katsillis,2021-04-29T16:46:34Z
919264,Λυχναράκι,el,"","",https://www.inaturalist.org/taxon_names/2407742/edit,Greek,,2021-05-12T12:33:35Z
1239059,Δελφίνιο της Ρόδου,el,"","",,Greek,Eleftherios Katsillis,2021-05-12T13:53:37Z
48493,Δελφίνιο,el,"","",,Greek,Eleftherios Katsillis,2021-05-12T13:53:52Z
48231,Βατραχιοειδή,el,"","",,Greek,Eleftherios Katsillis,2021-05-12T13:54:59Z
56834,Εμβιόπτερα,el,"","",,Greek,Eleftherios Katsillis,2021-05-22T14:39:59Z
27038,Λεβαντόφιδο,el,Greece,GR,,Greek,Konstantinos Kalaentzis,2021-06-03T08:34:27Z
60298,Κικούγιου,el,"","",https://www.inaturalist.org/taxon_names/2455072/edit,Greek,,2021-06-04T18:01:06Z
1250062,Σαύρα της Λυκίας,el,"","",https://www.inaturalist.org/taxon_names/2504978/edit,Greek,Konstantinos Kalaentzis,2021-06-07T19:59:21Z
72264,Ονόπορδο,el,"","",,Greek,Eleftherios Katsillis,2021-06-12T12:41:50Z
52587,Σίλυβο,el,"","",,Greek,Eleftherios Katsillis,2021-06-12T12:42:12Z
125849,Χνοώδης Βελανιδιά,el,"","",,Greek,Eleftherios Katsillis,2021-06-13T23:36:22Z
722265,Ελληνική Γαλαζοπαπαδίτσα,el,"","",,Greek,Valia Pavlou,2021-06-14T09:34:03Z
112393,Κωλοχτύπα,el,"","",,Greek,Eleftherios Katsillis,2021-06-16T23:22:48Z
112393,Καρακούκος,el,"Crete, GR","",,Greek,Eleftherios Katsillis,2021-06-16T23:23:12Z
78917,Απήγανος,el,"","",,Greek,Eleftherios Katsillis,2021-06-23T16:12:42Z
118682,Καλόγρια,el,Greece,GR,http://www.catalogueoflife.org/annual-checklist/details/species/id/10070277/common/120102,Greek,iSea,2021-06-28T13:56:50Z
118682,Καλογριά,el,"","",http://www.catalogueoflife.org/annual-checklist/details/species/id/10070277/common/120103,Greek,iSea,2021-06-28T13:56:50Z
949,Βουνολαγόποδας,el,"","",,Greek,Valia Pavlou,2021-07-04T20:44:24Z
577,Χιονοπετεινός του Καυκάσου,el,"","",,Greek,Valia Pavlou,2021-07-04T20:51:52Z
592,Χιονοπετεινός της Κασπίας,el,"","",,Greek,Valia Pavlou,2021-07-04T20:52:25Z
495940,Ραβδωτός Φραγκολίνος,el,"","",,Greek,Valia Pavlou,2021-07-04T20:53:24Z
1050,Γκριζοκέφαλη Αμμοπέρδικα,el,"","",,Greek,Valia Pavlou,2021-07-04T20:54:46Z
1049,Στικτή Αμμοπέρδικα,el,"","",,Greek,Valia Pavlou,2021-07-04T20:55:14Z
20887,Μεσογειακός Ψευτόρτυγας,el,"","",,Greek,Valia Pavlou,2021-07-04T20:56:21Z
108107,Πινδοβίνος,el,"","",http://www.catalogueoflife.org/annual-checklist/details/species/id/10061667/common/73791,Greek,,2021-07-09T13:13:59Z
118679,Σολομός,el,"","",http://www.catalogueoflife.org/annual-checklist/details/species/id/10072363/common/186397,Greek,,2021-07-09T13:44:25Z
118680,Σολομός,el,Greece,GR,http://www.catalogueoflife.org/annual-checklist/details/species/id/10072626/common/173817,Greek,iSea,2021-07-09T13:44:25Z
48648,Σολομός,el,Greece,GR,http://www.catalogueoflife.org/annual-checklist/details/species/id/10078694/common/45841,Greek,iSea,2021-07-09T13:44:25Z
107570,Solomós,el,"","",http://www.catalogueoflife.org/annual-checklist/details/species/id/10078648/common/19424,Greek,,2021-07-09T13:45:40Z
107572,Solomos,el,"","",http://www.catalogueoflife.org/annual-checklist/details/species/id/10078651/common/19237,Greek,,2021-07-09T13:45:40Z
48648,Solomos,el,"","",http://www.catalogueoflife.org/annual-checklist/details/species/id/10078694/common/45702,Greek,iSea,2021-07-09T13:45:41Z
48648,Solomós,el,"","",http://www.catalogueoflife.org/annual-checklist/details/species/id/10078694/common/45701,Greek,iSea,2021-07-09T13:45:41Z
111951,Πέστροφα,el,"","",http://www.catalogueoflife.org/annual-checklist/details/species/id/10078689/common/45878,Greek,,2021-07-12T15:46:26Z
111952,Πέστροφα,el,Greece,GR,http://www.catalogueoflife.org/annual-checklist/details/species/id/10078690/common/45870,Greek,iSea,2021-07-12T15:46:26Z
47517,Πέστροφα,el,"","",http://www.catalogueoflife.org/annual-checklist/details/species/id/10085789/common/350525,Greek,Adrian Kreft,2021-07-12T15:46:27Z
112581,Glanidi,el,Greece,GR,http://www.catalogueoflife.org/annual-checklist/details/species/id/10081697/common/84410,Greek,iSea,2021-07-13T15:03:10Z
112581,Goulianos,el,"","",http://www.catalogueoflife.org/annual-checklist/details/species/id/10081697/common/84408,Greek,iSea,2021-07-13T15:03:20Z
93193,Akipissios,el,"","",http://www.catalogueoflife.org/annual-checklist/details/species/id/10053454/common/175129,Greek,,2021-07-13T15:15:21Z
102975,Akipíssios,el,"","",http://www.catalogueoflife.org/annual-checklist/details/species/id/10053457/common/230167,Greek,operculum_ben,2021-07-13T15:15:21Z
102975,Mocuna,el,"","",http://www.catalogueoflife.org/annual-checklist/details/species/id/10053457/common/230098,Greek,operculum_ben,2021-07-13T15:15:31Z
93193,Mourouna,el,"","",http://www.catalogueoflife.org/annual-checklist/details/species/id/10053454/common/175043,Greek,,2021-07-13T15:15:44Z
102975,Mourouna,el,"","",http://www.catalogueoflife.org/annual-checklist/details/species/id/10053457/common/230092,Greek,operculum_ben,2021-07-13T15:15:48Z
446223,Mourouna,el,"","",http://www.catalogueoflife.org/annual-checklist/details/species/id/10063913/common/235823,Greek,,2021-07-13T15:15:48Z
125291,Μουρούνα,el,"","",http://www.catalogueoflife.org/annual-checklist/details/species/id/10063914/common/235798,Greek,,2021-07-13T15:16:15Z
93193,Μουρούνα,el,"","",http://www.catalogueoflife.org/annual-checklist/details/species/id/10053454/common/174966,Greek,,2021-07-13T15:16:16Z
93193,Στουριόνι,el,"","",http://www.catalogueoflife.org/annual-checklist/details/species/id/10053454/common/174963,Greek,,2021-07-13T15:16:31Z
50873,Sbrillias,el,Greece,GR,http://www.catalogueoflife.org/annual-checklist/details/species/id/10064513/common/239565,Greek,Eric.L.Chen,2021-07-13T19:15:21Z
50873,Skylópsaro sbríllios,el,"","",http://www.catalogueoflife.org/annual-checklist/details/species/id/10064513/common/239561,Greek,Eric.L.Chen,2021-07-13T19:17:33Z
50873,Skylopsaro sbrillios,el,"","",http://www.catalogueoflife.org/annual-checklist/details/species/id/10064513/common/239562,Greek,Eric.L.Chen,2021-07-13T19:17:34Z
50873,Smprilios,el,"","",http://www.catalogueoflife.org/annual-checklist/details/species/id/10064513/common/239560,Greek,Eric.L.Chen,2021-07-13T19:17:58Z
50873,Λάμια,el,"","",http://www.catalogueoflife.org/annual-checklist/details/species/id/10064513/common/239643,Greek,Eric.L.Chen,2021-07-13T19:18:19Z
63508,Λάμια,el,"","",http://www.catalogueoflife.org/annual-checklist/details/species/id/10064517/common/179020,Greek,Victor HOYEAU,2021-07-13T19:18:19Z
52306,Σκυλόψαρο,el,"","",http://www.catalogueoflife.org/annual-checklist/details/species/id/10083883/common/37467,Greek,iSea,2021-07-13T19:19:00Z
96751,Σκυλόψαρο,el,"","",http://www.catalogueoflife.org/annual-checklist/details/species/id/10055394/common/130312,Greek,,2021-07-13T19:19:01Z
96768,Σκυλόψαρο,el,Greece,GR,http://www.catalogueoflife.org/annual-checklist/details/species/id/10064523/common/218306,Greek,Matthew Connors,2021-07-13T19:19:01Z
111861,Σκυλόψαρο,el,Greece,GR,http://www.catalogueoflife.org/annual-checklist/details/species/id/10060882/common/97370,Greek,iSea,2021-07-13T19:19:02Z
48396,Σκυλόψαρο,el,"","",http://www.catalogueoflife.org/annual-checklist/details/species/id/10085619/common/348363,Greek,,2021-07-13T19:19:02Z
101176,Σκυλόψαρο,el,Greece,GR,http://www.catalogueoflife.org/annual-checklist/details/species/id/10055543/common/203605,Greek,iSea,2021-07-13T19:19:02Z
107353,Σκυλόψαρο,el,"","",http://www.catalogueoflife.org/annual-checklist/details/species/id/10064525/common/218426,Greek,iSea,2021-07-13T19:19:02Z
50873,Σκυλόψαρο,el,"","",http://www.catalogueoflife.org/annual-checklist/details/species/id/10064513/common/239642,Greek,Eric.L.Chen,2021-07-13T19:19:03Z
53583,Σκυλόψαρο,el,Greece,GR,http://www.catalogueoflife.org/annual-checklist/details/species/id/10055558/common/129351,Greek,Wojciech Duda,2021-07-13T19:19:03Z
69677,Σκυλόψαρο,el,"","",http://www.catalogueoflife.org/annual-checklist/details/species/id/10064514/common/179208,Greek,Eric.L.Chen,2021-07-13T19:19:04Z
112372,Σκυλόψαρο,el,Greece,GR,http://www.catalogueoflife.org/annual-checklist/details/species/id/10055723/common/89360,Greek,iSea,2021-07-13T19:19:04Z
63508,Σκυλόψαρο,el,"","",http://www.catalogueoflife.org/annual-checklist/details/species/id/10064517/common/179019,Greek,Victor HOYEAU,2021-07-13T19:19:05Z
112381,Σκυλόψαρο,el,"","",http://www.catalogueoflife.org/annual-checklist/details/species/id/10055732/common/89169,Greek,iSea,2021-07-13T19:19:05Z
51322,Σκυλόψαρο,el,Greece,GR,http://www.catalogueoflife.org/annual-checklist/details/species/id/10083865/common/239454,Greek,insectobserver123,2021-07-13T19:19:06Z
93696,Σκυλόψαρο,el,"","",http://www.catalogueoflife.org/annual-checklist/details/species/id/10064520/common/204022,Greek,iSea,2021-07-13T19:19:06Z
101585,Σκυλόψαρο,el,"","",http://www.catalogueoflife.org/annual-checklist/details/species/id/10059574/common/5044,Greek,Victor HOYEAU,2021-07-13T19:19:06Z
50873,Σμπρίλιος,el,"","",http://www.catalogueoflife.org/annual-checklist/details/species/id/10064513/common/239641,Greek,Eric.L.Chen,2021-07-13T19:19:18Z
48156,Potamolavrako,el,Greece,GR,http://www.catalogueoflife.org/annual-checklist/details/species/id/10071449/common/135133,Greek,iSea,2021-07-14T17:43:32Z
95260,Ποταμολαύρακο,el,Greece,GR,http://www.catalogueoflife.org/annual-checklist/details/species/id/10058703/common/58100,Greek,iSea,2021-07-14T18:09:33Z
48156,Ποταμολαύρακο,el,Greece,GR,http://www.catalogueoflife.org/annual-checklist/details/species/id/10071449/common/135092,Greek,iSea,2021-07-14T18:09:33Z
130193,Χωνάκι της Θάλασσας,el,"","",,Greek,Eleftherios Katsillis,2021-07-15T14:02:52Z
54721,Polyodontas,el,"","",,Greek,Zane Roskoph,2021-07-16T12:56:30Z
54721,Πολυόδοντας,el,"","",http://www.catalogueoflife.org/annual-checklist/details/species/id/10053464/common/230578,Greek,lwnrngr,2021-07-16T12:56:40Z
4938,Τρίχρωμος Ερωδιός,el,"","",,Greek,Valia Pavlou,2021-07-17T22:14:44Z
4937,Γαλαζοτσικνιάς,el,"","",,Greek,Valia Pavlou,2021-07-17T22:15:56Z
3454,Σφήνουρο Περιστέρι,el,"","",,Greek,Valia Pavlou,2021-07-17T22:22:08Z
4840,Αμερικανικός Στρειδοφάγος,el,"","",,Greek,Valia Pavlou,2021-07-17T22:23:10Z
3892,Κιτρινοσκέλης,el,"","",,Greek,Valia Pavlou,2021-07-17T22:25:08Z
3864,Αμερικανική Νανοσκαλίδρα,el,"","",,Greek,Valia Pavlou,2021-07-17T22:26:16Z
3862,Καναδέζικη Νανοσκαλίδρα,el,"","",,Greek,Valia Pavlou,2021-07-17T22:26:48Z
4457,Αμερικανικό Ποταμογλάρονο,el,"","",,Greek,Valia Pavlou,2021-07-17T22:28:13Z
11867,Πορφυροχελίδονο,el,"","",,Greek,Valia Pavlou,2021-07-17T22:29:02Z
14995,Γατοπούλι,el,"","",,Greek,Valia Pavlou,2021-07-17T22:29:51Z
9100,Μελωδικό Σπουργιτοτσίχλονο,el,"","",,Greek,Valia Pavlou,2021-07-17T22:31:33Z
9424,Ερυθρόφθαλμο Τσιχλόνι,el,"","",,Greek,Valia Pavlou,2021-07-17T22:32:27Z
10373,Κοινό Γελαδοπούλι,el,"","",,Greek,Valia Pavlou,2021-07-17T22:33:12Z
9721,Αμερικανικός Κιτρινολαίμης,el,"","",,Greek,Valia Pavlou,2021-07-17T22:34:38Z
11935,Κοινό Δεντροχελίδονο,el,"","",,Greek,Valia Pavlou,2021-07-17T22:43:10Z
14898,Καστανός Τοξόστομος,el,"","",,Greek,Valia Pavlou,2021-07-17T22:43:55Z
14906,Τοξόστομος της Καλιφόρνιας,el,"","",,Greek,Valia Pavlou,2021-07-17T22:44:41Z
144491,Κατοπτροφόρος Τρύγγας,el,"","",,Greek,Valia Pavlou,2021-07-17T22:48:55Z
4817,Αμερικανικός Αμμοσφυριχτής,el,"","",,Greek,Valia Pavlou,2021-07-17T22:52:14Z
5020,Πρασινοτσικνιάς,el,"","",,Greek,Valia Pavlou,2021-07-17T22:53:08Z
558446,Αμερικανικός Χειμωνόκιρκος,el,"","",,Greek,Valia Pavlou,2021-07-17T22:53:48Z
18236,Χρυσός Δρυοκολάπτης,el,"","",,Greek,Valia Pavlou,2021-07-17T22:54:33Z
10247,Αμερικανικός Φοινίκουρος,el,"","",,Greek,Valia Pavlou,2021-07-17T22:55:40Z
145240,Μελανοπάρουλα,el,"","",,Greek,Valia Pavlou,2021-07-17T22:56:25Z
111450,Πύρρουλας των Αζόρων,el,"","",,Greek,Valia Pavlou,2021-07-17T23:01:23Z
73344,Ασιατική Ροδόφτερη Σπίζα,el,"","",,Greek,Valia Pavlou,2021-07-17T23:02:07Z
145292,Ερημοπύρρουλας της Μογγολίας,el,"","",,Greek,Valia Pavlou,2021-07-17T23:03:00Z
145293,Ερημόσπιζα,el,"","",,Greek,Valia Pavlou,2021-07-17T23:03:52Z
116919,Βουνοστριτσίδα,el,"","",,Greek,Valia Pavlou,2021-07-17T23:05:31Z
116768,Τσιχλοποταμίδα της Βασόρας,el,"","",,Greek,Valia Pavlou,2021-07-17T23:08:38Z
144928,Ανατολική Καλαμοποταμίδα,el,"","",,Greek,Valia Pavlou,2021-07-17T23:09:21Z
116806,Παπυροποταμίδα,el,"","",,Greek,Valia Pavlou,2021-07-17T23:09:56Z
339720,Τσιχλοποταμίδα της Μανγκαρέβα,el,"","",,Greek,Valia Pavlou,2021-07-17T23:11:31Z
19577,Νυχτοβάτης,el,"","",,Greek,Valia Pavlou,2021-07-17T23:15:00Z
9205,Σταχτόλαιμο Τσιχλόνι,el,"","",,Greek,Valia Pavlou,2021-07-17T23:17:12Z
144296,Ληστόγλαρος του Νότιου Πόλου,el,"","",,Greek,Valia Pavlou,2021-07-17T23:21:09Z
4524,Νανόκεπφος,el,"","",,Greek,Valia Pavlou,2021-07-17T23:22:26Z
4516,Παγόκεπφος,el,"","",,Greek,Valia Pavlou,2021-07-17T23:23:13Z
4530,Μακρύραμφος Δασόκεπφος,el,"","",,Greek,Valia Pavlou,2021-07-17T23:24:28Z
4561,Κιτρινόραμφη Άλκα,el,"","",,Greek,Valia Pavlou,2021-07-17T23:25:56Z
4509,Λοφιοφόρος Θαλασσοψιττακός,el,"","",,Greek,Valia Pavlou,2021-07-17T23:26:58Z
4555,Γλάρος της Αρκτικής,el,"","",,Greek,Valia Pavlou,2021-07-17T23:28:31Z
116840,Λαπωνοτσίχλονο,el,"","",,Greek,Valia Pavlou,2021-07-17T23:30:02Z
7054,Μικρή Σταχτόπαπια,el,"","",,Greek,Valia Pavlou,2021-07-18T00:35:03Z
42387,Πρόβατα,el,"","",,Greek,Eleftherios Katsillis,2021-07-20T10:23:41Z
118710,Gofari,el,"","",http://www.catalogueoflife.org/annual-checklist/details/species/id/10069975/common/238536,Greek,iSea,2021-07-20T12:41:57Z
50984,Gofari,el,Greece,GR,http://www.catalogueoflife.org/annual-checklist/details/species/id/10070184/common/256398,Greek,iSea,2021-07-20T12:41:57Z
50984,Gofári,el,"","",http://www.catalogueoflife.org/annual-checklist/details/species/id/10070184/common/256396,Greek,iSea,2021-07-20T12:41:58Z
51401,Γουφάρι,el,"","",http://www.catalogueoflife.org/annual-checklist/details/species/id/10070028/common/206603,Greek,Donald Davesne,2021-07-20T12:42:11Z
50984,Γουφάρι,el,"","",http://www.catalogueoflife.org/annual-checklist/details/species/id/10070184/common/256328,Greek,iSea,2021-07-20T12:42:11Z
50984,Λουφάρι,el,"","",http://www.catalogueoflife.org/annual-checklist/details/species/id/10070184/common/256450,Greek,iSea,2021-07-20T12:42:23Z
196745,Βασιλιάς ρεγγών,el,"","",,Greek,Zane Roskoph,2021-07-20T13:30:00Z
110381,Πρίστης μικρόδοντος,el,"","",,Greek,Zane Roskoph,2021-07-20T14:45:08Z
110381,Pristis mikrodontos,el,"","",,Greek,Zane Roskoph,2021-07-20T14:45:24Z
1264431,Μακρύουρη νυφίτσα,el,"","",https://www.inaturalist.org/taxon_names/2257480/edit,Greek,,2021-07-20T16:23:39Z
1264432,Αμερικάνικο Μινκ,el,"","",https://www.inaturalist.org/taxon_names/2497468/edit,Greek,,2021-07-20T16:31:10Z
399272,Φέρετ,el,"","",https://www.inaturalist.org/taxon_names/2257491/edit,Greek,,2021-07-21T00:08:24Z
41761,Θαλάσσιο λιοντάρι της Νότιας Αμερικής,el,"","",https://www.inaturalist.org/taxon_names/2498110/edit,Greek,,2021-07-21T00:42:47Z
515876,Πετρίτης της Μεσογείου,el,"","",,Greek,Valia Pavlou,2021-07-23T14:04:38Z
256089,Μωβ μέδουσα,el,Greece,GR,,Greek,Chris Taklis,2021-07-24T19:48:40Z
114230,Briána,el,"","",,Greek,Zane Roskoph,2021-07-27T13:20:38Z
114230,Potamolávrako,el,"","",,Greek,Zane Roskoph,2021-07-27T13:21:08Z
115268,Ποταμολούτσος,el,"","",,Greek,Zane Roskoph,2021-07-27T14:36:56Z
115268,Potamoloutsos,el,"","",,Greek,Zane Roskoph,2021-07-27T14:37:09Z
111945,Πέστροφα Μακεδονίας,el,Greece,GR,,Greek,Zane Roskoph,2021-07-27T14:38:17Z
111945,Πέστροφα,el,"","",,Greek,Zane Roskoph,2021-07-27T14:38:31Z
111945,Pestrofa Makedonias,el,"","",,Greek,Zane Roskoph,2021-07-27T14:38:48Z
111952,Πέστροφα Πρέσπας,el,"","",,Greek,Zane Roskoph,2021-07-27T14:40:16Z
111952,Pestrofa Prespas,el,"","",,Greek,Zane Roskoph,2021-07-27T14:40:33Z
47516,Αμερικάνικη πέστροφα,el,"","",,Greek,Zane Roskoph,2021-07-29T23:08:32Z
50873,Λευκός καρχαρίας,el,Greece,GR,,Greek,Zane Roskoph,2021-07-30T13:51:05Z
84996,Ταυροκαρχαρίας,el,"","",,Greek,Zane Roskoph,2021-07-30T14:44:37Z
1239449,Σεφλέρα νάνα,el,"","",https://www.inaturalist.org/taxon_names/2178969/edit,Greek,Cheng-Te Hsu,2021-07-30T20:44:02Z
98120,Μακεδονική βελονίτσα,el,"","",,Greek,stelioskaripidis,2021-07-31T18:33:42Z
111757,Μουρμουρίτσα,el,"","",,Greek,stelioskaripidis,2021-07-31T18:37:34Z
93630,Θεσσαλόσιρκο,el,"","",,Greek,stelioskaripidis,2021-07-31T18:44:59Z
95353,Μπριάνα Στρυμόνα,el,"","",,Greek,stelioskaripidis,2021-07-31T18:46:29Z
101581,Βουλγαροκωβιός,el,"","",,Greek,stelioskaripidis,2021-07-31T18:51:30Z
118880,Ψευτορασμπόρα,el,"","",,Greek,stelioskaripidis,2021-07-31T18:54:21Z
113024,Ποταμοκέφαλος,el,"","",,Greek,stelioskaripidis,2021-07-31T18:55:26Z
101204,Κουνουπόψαρο,el,"","",,Greek,stelioskaripidis,2021-07-31T18:57:36Z
91026,Κοκκινόγαστρος,el,"","",,Greek,stelioskaripidis,2021-07-31T18:58:57Z
118606,Πρασινοκολλητσίδα,el,Greece,GR,,Greek,stelioskaripidis,2021-07-31T19:02:05Z
118617,Γάστρος,el,"","",,Greek,stelioskaripidis,2021-07-31T19:04:44Z
118692,Λοφιοσαλιάρα,el,Greece,GR,,Greek,stelioskaripidis,2021-07-31T19:07:04Z
187675,Σαλιάρα Δαλματίας,el,"","",,Greek,stelioskaripidis,2021-07-31T19:10:21Z
118714,Κλινίτραχος,el,Greece,GR,,Greek,stelioskaripidis,2021-07-31T19:15:08Z
118715,Καλλιώνυμος του Ρίσου,el,"","",,Greek,stelioskaripidis,2021-07-31T19:17:38Z
51401,Μαυρόλιτσα,el,Greece,GR,,Greek,stelioskaripidis,2021-07-31T19:18:30Z
50984,Γοφάρι,el,Greece,GR,,Greek,stelioskaripidis,2021-07-31T19:26:26Z
118659,Λυθρίνι,el,"","",,Greek,stelioskaripidis,2021-07-31T19:27:43Z
108196,Φαγγρί,el,"","",,Greek,stelioskaripidis,2021-07-31T19:28:18Z
84969,Ιππόκαμπος,el,"","",,Greek,stelioskaripidis,2021-07-31T19:29:51Z
188499,Μακρύρυγχη σακοράφα,el,"","",,Greek,stelioskaripidis,2021-07-31T19:30:54Z
94258,Ζαμπαρόλα,el,"","",,Greek,stelioskaripidis,2021-08-01T19:19:44Z
52188,Φαλαινοκαρχαρίας,el,"","",,Greek,Zane Roskoph,2021-08-03T13:53:04Z
112841,Καρχαρίας της Γροιλανδίας,el,"","",,Greek,Zane Roskoph,2021-08-03T14:33:41Z
94494,Αραπάιμα,el,"","",https://eol.org/pages/204868,Greek,Cole Gaerber,2021-08-09T14:23:56Z
118652,Δράκαινα,el,"","",http://www.catalogueoflife.org/annual-checklist/details/species/id/10071915/common/196739,Greek,Kitty Maurey,2021-08-09T22:28:28Z
120699,Δράκαινα,el,"","",http://www.catalogueoflife.org/annual-checklist/details/species/id/10071918/common/196659,Greek,iSea,2021-08-09T22:28:29Z
118649,Δράκαινα,el,"","",http://www.catalogueoflife.org/annual-checklist/details/species/id/10071910/common/278754,Greek,,2021-08-09T22:28:29Z
118648,Δράκαινα,el,"","",http://www.catalogueoflife.org/annual-checklist/details/species/id/10071911/common/196897,Greek,,2021-08-09T22:28:30Z
123356,Κιτριά,el,"","",https://eol.org/pages/582203,Greek,,2021-08-10T12:37:17Z
765432,Γιούζου,el,"","",,Greek,Zane Roskoph,2021-08-10T13:07:07Z
1057754,Πετροκούναβο του Αιγαίου,el,"","",https://www.inaturalist.org/taxon_names/2497421/edit,Greek,Bobby McCabe,2021-08-11T03:31:41Z
18941,Κέα (πτηνό),el,"","",https://eol.org/pages/45517886,Greek,Maksymilian Wojtkiewicz,2021-08-12T14:43:43Z
18941,Κέα,el,"","",,Greek,Zane Roskoph,2021-08-12T14:44:09Z
147527,Ασιατικός γατόπαρδος,el,"","",https://eol.org/pages/1252905,Greek,,2021-08-13T11:40:12Z
41955,Τσιτάχ,el,"","",,Greek,Zane Roskoph,2021-08-13T11:57:35Z
41955,Τσίτα,el,"","",,Greek,Zane Roskoph,2021-08-13T11:57:49Z
112581,Γιαγίνι,el,"","",,Greek,Zane Roskoph,2021-08-14T18:04:20Z
112581,Γουλιανός,el,Greece,GR,,Greek,Zane Roskoph,2021-08-14T18:05:41Z
102975,Ακιπήσιος,el,"","",,Greek,Zane Roskoph,2021-08-14T18:38:59Z
102975,Μουρούνα,el,"","",,Greek,Zane Roskoph,2021-08-14T18:39:22Z
102975,Στουριόνι,el,"","",,Greek,Zane Roskoph,2021-08-14T18:40:06Z
1176954,Βαλκανικός πηλοβάτης,el,"","",https://www.inaturalist.org/taxon_names/2230376/edit,Greek,,2021-08-17T22:14:46Z
25313,Ανατολικός πηλοβάτης,el,"","",https://www.inaturalist.org/taxon_names/2230377/edit,Greek,Bobby McCabe,2021-08-17T22:15:55Z
118679,Κρανιός,el,"","",http://www.catalogueoflife.org/annual-checklist/details/species/id/10072363/common/186399,Greek,,2021-08-17T22:35:48Z
120738,Ελληνικός Κοινός Τρίτωνας,el,"","",https://www.inaturalist.org/taxon_names/1530704/edit,Greek,,2021-08-17T22:45:55Z
118663,Σάρπα,el,"","",http://www.catalogueoflife.org/annual-checklist/details/species/id/10072033/common/278500,Greek,lwnrngr,2021-08-18T16:47:42Z
42052,Κόκκινος λύκος,el,"","",,Greek,Zane Roskoph,2021-08-25T15:27:40Z
130796,Σιβηρική τίγρη,el,"","",,Greek,Zane Roskoph,2021-08-26T13:51:09Z
130796,Τίγρη της Σιβηρίας,el,"","",,Greek,Zane Roskoph,2021-08-26T14:51:59Z
130799,Τίγρη του Μπαλί,el,"","",,Greek,Zane Roskoph,2021-08-26T17:13:57Z
130799,Τίγρη της Ιάβας,el,"","",,Greek,Zane Roskoph,2021-08-27T11:38:04Z
130793,Τίγρη της Βεγγάλης,el,"","",,Greek,Zane Roskoph,2021-08-27T12:21:24Z
130793,Τίγρη της Μαλαισίας,el,"","",,Greek,Zane Roskoph,2021-08-27T13:50:37Z
27677,Ολμ,el,"","",,Greek,Zane Roskoph,2021-08-27T15:02:01Z
53491,Κροταλίας ο αδαμάντινος,el,"","",,Greek,Zane Roskoph,2021-08-27T15:22:43Z
130796,Τίγρη της Κασπίας,el,"","",,Greek,Zane Roskoph,2021-08-27T15:34:04Z
19052,Παπαγάλος της Σενεγάλης,el,"","",,Greek,Valia Pavlou,2021-08-27T17:26:00Z
118679,Kranios,el,"","","Philips TK, Moretto P (2025) Revision of the genus _Pseudopedaria_ Felsche, 1904, with descriptions of three new species and a subspecies from Central Africa (Coleoptera: Scarabaeinae: Coprini). Catharsius La Revue (N.S.) 5: 1–26. doi:10.5281/zenodo.17036002.",Greek,,2021-09-01T16:55:55Z
146600,Kránios,el,"","","Philips TK, Moretto P (2025) Revision of the genus _Pseudopedaria_ Felsche, 1904, with descriptions of three new species and a subspecies from Central Africa (Coleoptera: Scarabaeinae: Coprini). Catharsius La Revue (N.S.) 5: 1–26. doi:10.5281/zenodo.17036002.",Greek,,2021-09-01T16:55:55Z
110376,Kránios,el,"","","Philips TK, Moretto P (2025) Revision of the genus _Pseudopedaria_ Felsche, 1904, with descriptions of three new species and a subspecies from Central Africa (Coleoptera: Scarabaeinae: Coprini). Catharsius La Revue (N.S.) 5: 1–26. doi:10.5281/zenodo.17036002.",Greek,,2021-09-01T16:55:56Z
57814,Kránios,el,"","",,Greek,Zane Roskoph,2021-09-01T17:00:23Z
727401,Γκιώνης των Κυκλάδων,el,"","",,Greek,Valia Pavlou,2021-09-07T06:45:53Z
57774,Ροδοφύκη,el,"","",,Greek,Eleftherios Katsillis,2021-09-07T21:45:59Z
57774,Ροδόφυτα,el,"","",,Greek,Eleftherios Katsillis,2021-09-07T21:46:10Z
41168,Νυχτερίδα Βαμπίρ,el,"","",,Greek,Yiannis Banakakis,2021-09-08T06:42:22Z
41845,Γιγάντια Βίδρα,el,"","",,Greek,Yiannis Banakakis,2021-09-08T06:42:53Z
74351,Κολούγκο της Μαλαισίας,el,"","",,Greek,Yiannis Banakakis,2021-09-08T06:43:53Z
116523,Γαβιάλης,el,"","",,Greek,Zane Roskoph,2021-09-13T15:55:36Z
118673,Πέρκα,el,"","","Philips TK, Moretto P (2025) Revision of the genus _Pseudopedaria_ Felsche, 1904, with descriptions of three new species and a subspecies from Central Africa (Coleoptera: Scarabaeinae: Coprini). Catharsius La Revue (N.S.) 5: 1–26. doi:10.5281/zenodo.17036002.",Greek,,2021-09-15T22:16:31Z
118674,Πέρκα,el,Greece,GR,"Philips TK, Moretto P (2025) Revision of the genus _Pseudopedaria_ Felsche, 1904, with descriptions of three new species and a subspecies from Central Africa (Coleoptera: Scarabaeinae: Coprini). Catharsius La Revue (N.S.) 5: 1–26. doi:10.5281/zenodo.17036002.",Greek,iSea,2021-09-15T22:16:32Z
109062,Πέρκα,el,"","","Philips TK, Moretto P (2025) Revision of the genus _Pseudopedaria_ Felsche, 1904, with descriptions of three new species and a subspecies from Central Africa (Coleoptera: Scarabaeinae: Coprini). Catharsius La Revue (N.S.) 5: 1–26. doi:10.5281/zenodo.17036002.",Greek,iSea,2021-09-15T22:16:32Z
118688,Σαλιάρα,el,"","",,Greek,Zane Roskoph,2021-09-17T23:22:11Z
118688,Γλινός,el,"","",,Greek,Zane Roskoph,2021-09-17T23:22:39Z
118688,Lirosaliara,el,"","",,Greek,Zane Roskoph,2021-09-17T23:24:14Z
120638,Γλώσσα,el,"","","Philips TK, Moretto P (2025) Revision of the genus _Pseudopedaria_ Felsche, 1904, with descriptions of three new species and a subspecies from Central Africa (Coleoptera: Scarabaeinae: Coprini). Catharsius La Revue (N.S.) 5: 1–26. doi:10.5281/zenodo.17036002.",Greek,,2021-09-18T18:11:12Z
118632,Γλώσσα,el,"","","Philips TK, Moretto P (2025) Revision of the genus _Pseudopedaria_ Felsche, 1904, with descriptions of three new species and a subspecies from Central Africa (Coleoptera: Scarabaeinae: Coprini). Catharsius La Revue (N.S.) 5: 1–26. doi:10.5281/zenodo.17036002.",Greek,,2021-09-18T18:11:12Z
120648,Γλώσσα,el,"","","Philips TK, Moretto P (2025) Revision of the genus _Pseudopedaria_ Felsche, 1904, with descriptions of three new species and a subspecies from Central Africa (Coleoptera: Scarabaeinae: Coprini). Catharsius La Revue (N.S.) 5: 1–26. doi:10.5281/zenodo.17036002.",Greek,,2021-09-18T18:11:13Z
120639,Γλώσσα,el,"","","Philips TK, Moretto P (2025) Revision of the genus _Pseudopedaria_ Felsche, 1904, with descriptions of three new species and a subspecies from Central Africa (Coleoptera: Scarabaeinae: Coprini). Catharsius La Revue (N.S.) 5: 1–26. doi:10.5281/zenodo.17036002.",Greek,,2021-09-18T18:11:13Z
120617,Γλώσσα,el,"","","Philips TK, Moretto P (2025) Revision of the genus _Pseudopedaria_ Felsche, 1904, with descriptions of three new species and a subspecies from Central Africa (Coleoptera: Scarabaeinae: Coprini). Catharsius La Revue (N.S.) 5: 1–26. doi:10.5281/zenodo.17036002.",Greek,,2021-09-18T18:11:14Z
481840,Γλώσσα,el,"","","Philips TK, Moretto P (2025) Revision of the genus _Pseudopedaria_ Felsche, 1904, with descriptions of three new species and a subspecies from Central Africa (Coleoptera: Scarabaeinae: Coprini). Catharsius La Revue (N.S.) 5: 1–26. doi:10.5281/zenodo.17036002.",Greek,,2021-09-18T18:11:14Z
118635,Γλώσσα,el,"","","Philips TK, Moretto P (2025) Revision of the genus _Pseudopedaria_ Felsche, 1904, with descriptions of three new species and a subspecies from Central Africa (Coleoptera: Scarabaeinae: Coprini). Catharsius La Revue (N.S.) 5: 1–26. doi:10.5281/zenodo.17036002.",Greek,,2021-09-18T18:11:14Z
96130,Γλώσσα,el,"","","Philips TK, Moretto P (2025) Revision of the genus _Pseudopedaria_ Felsche, 1904, with descriptions of three new species and a subspecies from Central Africa (Coleoptera: Scarabaeinae: Coprini). Catharsius La Revue (N.S.) 5: 1–26. doi:10.5281/zenodo.17036002.",Greek,,2021-09-18T18:11:15Z
612418,Γλώσσα,el,"","","Philips TK, Moretto P (2025) Revision of the genus _Pseudopedaria_ Felsche, 1904, with descriptions of three new species and a subspecies from Central Africa (Coleoptera: Scarabaeinae: Coprini). Catharsius La Revue (N.S.) 5: 1–26. doi:10.5281/zenodo.17036002.",Greek,,2021-09-18T18:11:15Z
120605,Γλώσσα,el,"","","Philips TK, Moretto P (2025) Revision of the genus _Pseudopedaria_ Felsche, 1904, with descriptions of three new species and a subspecies from Central Africa (Coleoptera: Scarabaeinae: Coprini). Catharsius La Revue (N.S.) 5: 1–26. doi:10.5281/zenodo.17036002.",Greek,,2021-09-18T18:11:16Z
99274,Γλώσσα,el,"","","Philips TK, Moretto P (2025) Revision of the genus _Pseudopedaria_ Felsche, 1904, with descriptions of three new species and a subspecies from Central Africa (Coleoptera: Scarabaeinae: Coprini). Catharsius La Revue (N.S.) 5: 1–26. doi:10.5281/zenodo.17036002.",Greek,,2021-09-18T18:11:16Z
120667,Γλώσσα,el,"","","Philips TK, Moretto P (2025) Revision of the genus _Pseudopedaria_ Felsche, 1904, with descriptions of three new species and a subspecies from Central Africa (Coleoptera: Scarabaeinae: Coprini). Catharsius La Revue (N.S.) 5: 1–26. doi:10.5281/zenodo.17036002.",Greek,iSea,2021-09-18T18:11:16Z
55396,Γλώσσα,el,"","","Philips TK, Moretto P (2025) Revision of the genus _Pseudopedaria_ Felsche, 1904, with descriptions of three new species and a subspecies from Central Africa (Coleoptera: Scarabaeinae: Coprini). Catharsius La Revue (N.S.) 5: 1–26. doi:10.5281/zenodo.17036002.",Greek,,2021-09-18T18:11:17Z
118633,Γλώσσα,el,"","","Philips TK, Moretto P (2025) Revision of the genus _Pseudopedaria_ Felsche, 1904, with descriptions of three new species and a subspecies from Central Africa (Coleoptera: Scarabaeinae: Coprini). Catharsius La Revue (N.S.) 5: 1–26. doi:10.5281/zenodo.17036002.",Greek,,2021-09-18T18:11:17Z
94651,Γλώσσα,el,"","","Philips TK, Moretto P (2025) Revision of the genus _Pseudopedaria_ Felsche, 1904, with descriptions of three new species and a subspecies from Central Africa (Coleoptera: Scarabaeinae: Coprini). Catharsius La Revue (N.S.) 5: 1–26. doi:10.5281/zenodo.17036002.",Greek,,2021-09-18T18:11:17Z
69675,Tonnos macropteros,el,"","","Philips TK, Moretto P (2025) Revision of the genus _Pseudopedaria_ Felsche, 1904, with descriptions of three new species and a subspecies from Central Africa (Coleoptera: Scarabaeinae: Coprini). Catharsius La Revue (N.S.) 5: 1–26. doi:10.5281/zenodo.17036002.",Greek,,2021-09-18T19:30:50Z
69675,Tonnos macrypteros,el,"","","Philips TK, Moretto P (2025) Revision of the genus _Pseudopedaria_ Felsche, 1904, with descriptions of three new species and a subspecies from Central Africa (Coleoptera: Scarabaeinae: Coprini). Catharsius La Revue (N.S.) 5: 1–26. doi:10.5281/zenodo.17036002.",Greek,,2021-09-18T19:31:02Z
114126,Tonos makrofteros,el,"","","Philips TK, Moretto P (2025) Revision of the genus _Pseudopedaria_ Felsche, 1904, with descriptions of three new species and a subspecies from Central Africa (Coleoptera: Scarabaeinae: Coprini). Catharsius La Revue (N.S.) 5: 1–26. doi:10.5281/zenodo.17036002.",Greek,iSea,2021-09-18T19:31:13Z
114126,Όρκυνος,el,"","","Philips TK, Moretto P (2025) Revision of the genus _Pseudopedaria_ Felsche, 1904, with descriptions of three new species and a subspecies from Central Africa (Coleoptera: Scarabaeinae: Coprini). Catharsius La Revue (N.S.) 5: 1–26. doi:10.5281/zenodo.17036002.",Greek,iSea,2021-09-18T19:31:27Z
114122,Τόνος μακρόπτερος,el,Greece,GR,,Greek,Zane Roskoph,2021-09-18T19:31:49Z
114122,Όρκυνος,el,"","",,Greek,Zane Roskoph,2021-09-18T19:32:51Z
114122,Τουνάκι,el,Greece,GR,,Greek,Zane Roskoph,2021-09-18T19:33:07Z
114122,Tónnos macrypteros,el,"","",,Greek,Zane Roskoph,2021-09-18T19:33:27Z
114122,Tonos makrofteros,el,"","",,Greek,Zane Roskoph,2021-09-18T19:33:45Z
114122,Tonnos macropteros,el,"","",,Greek,Zane Roskoph,2021-09-18T19:34:02Z
49509,Kokkinópsaro,el,"","",,Greek,Zane Roskoph,2021-09-18T21:47:14Z
49509,Sinagrída,el,"","",,Greek,Zane Roskoph,2021-09-18T21:47:36Z
112961,Προπέλα,el,"","","Philips TK, Moretto P (2025) Revision of the genus _Pseudopedaria_ Felsche, 1904, with descriptions of three new species and a subspecies from Central Africa (Coleoptera: Scarabaeinae: Coprini). Catharsius La Revue (N.S.) 5: 1–26. doi:10.5281/zenodo.17036002.",Greek,,2021-09-19T15:27:06Z
56765,Προπέλα,el,"","","Philips TK, Moretto P (2025) Revision of the genus _Pseudopedaria_ Felsche, 1904, with descriptions of three new species and a subspecies from Central Africa (Coleoptera: Scarabaeinae: Coprini). Catharsius La Revue (N.S.) 5: 1–26. doi:10.5281/zenodo.17036002.",Greek,iSea,2021-09-19T15:27:07Z
49601,Προπέλα,el,"","",,Greek,Zane Roskoph,2021-09-19T15:27:23Z
49601,Fegarópsaro,el,"","",,Greek,Zane Roskoph,2021-09-19T15:27:59Z
49601,Fegaropsaro,el,"","",,Greek,Zane Roskoph,2021-09-19T15:28:11Z
93704,Fríssa,el,"","","Philips TK, Moretto P (2025) Revision of the genus _Pseudopedaria_ Felsche, 1904, with descriptions of three new species and a subspecies from Central Africa (Coleoptera: Scarabaeinae: Coprini). Catharsius La Revue (N.S.) 5: 1–26. doi:10.5281/zenodo.17036002.",Greek,,2021-09-19T18:30:47Z
51362,Sardellomána,el,"","",,Greek,Zane Roskoph,2021-09-19T18:35:31Z
51362,Frissa,el,"","",,Greek,Zane Roskoph,2021-09-19T18:35:49Z
82128,Σαπουνάς,el,"","",,Greek,Zane Roskoph,2021-09-19T18:57:24Z
82128,Σκυλόψαρο,el,"","",,Greek,Zane Roskoph,2021-09-19T18:58:11Z
82128,Καρχαρίας,el,"","",,Greek,Zane Roskoph,2021-09-19T18:58:36Z
82128,Παπάς,el,"","",,Greek,Zane Roskoph,2021-09-19T18:58:59Z
82128,Skylòpsaro,el,"","",,Greek,Zane Roskoph,2021-09-19T18:59:21Z
82128,Sapounas,el,"","",,Greek,Zane Roskoph,2021-09-19T18:59:40Z
82128,Saparnasm Skylopsaro,el,"","",,Greek,Zane Roskoph,2021-09-19T19:00:02Z
118641,Λύχνος,el,"","","Philips TK, Moretto P (2025) Revision of the genus _Pseudopedaria_ Felsche, 1904, with descriptions of three new species and a subspecies from Central Africa (Coleoptera: Scarabaeinae: Coprini). Catharsius La Revue (N.S.) 5: 1–26. doi:10.5281/zenodo.17036002.",Greek,,2021-09-19T21:01:22Z
113003,Κέφαλος,el,"","","Philips TK, Moretto P (2025) Revision of the genus _Pseudopedaria_ Felsche, 1904, with descriptions of three new species and a subspecies from Central Africa (Coleoptera: Scarabaeinae: Coprini). Catharsius La Revue (N.S.) 5: 1–26. doi:10.5281/zenodo.17036002.",Greek,Donald Davesne,2021-09-19T21:45:38Z
47257,Ακανθορίκι,el,"","",,Greek,Zane Roskoph,2021-09-20T00:23:56Z
47257,Akanthoriki,el,"","",,Greek,Zane Roskoph,2021-09-20T00:24:17Z
1409,Καλιφορνέζικο Ορτύκι,el,"","",,Greek,Valia Pavlou,2021-09-20T20:14:57Z
979790,Μαυροκέφαλος Ασημομύτης,el,"","",,Greek,Valia Pavlou,2021-09-20T20:17:17Z
145350,Ινδικός Ασημομύτης,el,"","",,Greek,Valia Pavlou,2021-09-20T20:18:31Z
145351,Αφρικανικός Ασημομύτης,el,"","",,Greek,Valia Pavlou,2021-09-20T20:19:38Z
145235,Ραβδωτή Πάρουλα,el,"","",,Greek,Valia Pavlou,2021-09-20T20:22:24Z
145236,Καστανόλαιμη Πάρουλα,el,"","",,Greek,Valia Pavlou,2021-09-20T20:23:26Z
145237,Πορτοκαλόμαυρη Πάρουλα,el,"","",,Greek,Valia Pavlou,2021-09-20T20:24:13Z
145239,Καστανόπλευρη Πάρουλα,el,"","",,Greek,Valia Pavlou,2021-09-20T20:25:31Z
199916,Μαυρόλαιμη Πάρουλα,el,"","",,Greek,Valia Pavlou,2021-09-20T20:26:50Z
145245,Κιτρινόπυγη Πάρουλα,el,"","",,Greek,Valia Pavlou,2021-09-20T20:27:58Z
145246,Κιτρινόλαιμη Πάρουλα,el,"","",,Greek,Valia Pavlou,2021-09-20T20:28:49Z
145258,Πράσινη Πάρουλα,el,"","",,Greek,Valia Pavlou,2021-09-20T20:30:12Z
145275,Καναδέζικη Πάρουλα,el,"","",,Greek,Valia Pavlou,2021-09-20T20:32:01Z
145276,Πάρουλα του Ουίλσον,el,"","",,Greek,Valia Pavlou,2021-09-20T20:32:39Z
145277,Κόκκινη Πάρουλα,el,"","",,Greek,Valia Pavlou,2021-09-20T20:33:34Z
827374,Κεφαλούδι των Άνδεων,el,"","",,Greek,Valia Pavlou,2021-09-20T20:40:16Z
786323,Μυξινάρι,el,"","",https://www.inaturalist.org/taxon_names/2629340/edit,Greek,,2021-10-03T08:54:16Z
93644,Αλεπίσαυρος,el,"","",,Greek,Zane Roskoph,2021-10-03T14:13:36Z
93644,Alepisavros,el,"","",,Greek,Zane Roskoph,2021-10-03T14:14:00Z
459347,Τριποδόψαρο,el,"","",,Greek,Zane Roskoph,2021-10-03T16:40:04Z
459347,Tripodopsaro,el,"","",,Greek,Zane Roskoph,2021-10-03T16:40:27Z
95485,Αραχνόψαρο,el,"","",,Greek,Zane Roskoph,2021-10-03T16:49:45Z
95485,Αραχνόψαρο Μεσογείου,el,"","",,Greek,Zane Roskoph,2021-10-03T16:50:03Z
95485,Arachnopsaro,el,"","",,Greek,Zane Roskoph,2021-10-03T16:50:22Z
95485,Arachnopsaro Mesogiou,el,"","",,Greek,Zane Roskoph,2021-10-03T16:50:43Z
120612,Πρασινομάτης,el,"","",,Greek,Zane Roskoph,2021-10-03T18:05:03Z
51398,Γουρλομάτης,el,"","","Philips TK, Moretto P (2025) Revision of the genus _Pseudopedaria_ Felsche, 1904, with descriptions of three new species and a subspecies from Central Africa (Coleoptera: Scarabaeinae: Coprini). Catharsius La Revue (N.S.) 5: 1–26. doi:10.5281/zenodo.17036002.",Greek,lwnrngr,2021-10-03T18:05:17Z
120612,Γουρλομάτης,el,"","",,Greek,Zane Roskoph,2021-10-03T18:05:27Z
120612,Prasinomatis,el,"","",,Greek,Zane Roskoph,2021-10-03T18:06:05Z
122916,Λαμπρόψαρο,el,"","",,Greek,Zane Roskoph,2021-10-03T23:13:20Z
122916,Lampropsaro,el,"","",,Greek,Zane Roskoph,2021-10-03T23:14:01Z
122916,Mandal,el,"","",,Greek,Zane Roskoph,2021-10-03T23:14:48Z
723219,Ευρωπαϊκό Βουνοτσίχλονο,el,"","",,Greek,Valia Pavlou,2021-10-10T14:04:48Z
99696,Λουρογωβιός,el,"","",,Greek,Zane Roskoph,2021-10-10T23:03:37Z
99697,Νανογωβιός,el,"","",,Greek,Zane Roskoph,2021-10-10T23:53:24Z
99697,Nanogovios,el,"","",,Greek,Zane Roskoph,2021-10-10T23:53:47Z
103707,Αχερονογωβιός,el,"","",,Greek,Zane Roskoph,2021-10-11T00:05:25Z
103707,Acheronogovios,el,"","",,Greek,Zane Roskoph,2021-10-11T00:05:52Z
103713,Θεσσαλογωβιός,el,"","",,Greek,Zane Roskoph,2021-10-11T00:09:56Z
103713,Γωβιός,el,"","",,Greek,Zane Roskoph,2021-10-11T00:10:19Z
115246,Κωβιός,el,"","","Philips TK, Moretto P (2025) Revision of the genus _Pseudopedaria_ Felsche, 1904, with descriptions of three new species and a subspecies from Central Africa (Coleoptera: Scarabaeinae: Coprini). Catharsius La Revue (N.S.) 5: 1–26. doi:10.5281/zenodo.17036002.",Greek,,2021-10-11T00:10:57Z
101620,Κωβιός,el,"","","Philips TK, Moretto P (2025) Revision of the genus _Pseudopedaria_ Felsche, 1904, with descriptions of three new species and a subspecies from Central Africa (Coleoptera: Scarabaeinae: Coprini). Catharsius La Revue (N.S.) 5: 1–26. doi:10.5281/zenodo.17036002.",Greek,,2021-10-11T00:10:57Z
338050,Κωβιός,el,"","","Philips TK, Moretto P (2025) Revision of the genus _Pseudopedaria_ Felsche, 1904, with descriptions of three new species and a subspecies from Central Africa (Coleoptera: Scarabaeinae: Coprini). Catharsius La Revue (N.S.) 5: 1–26. doi:10.5281/zenodo.17036002.",Greek,,2021-10-11T00:10:57Z
118697,Κωβιός,el,"","","Philips TK, Moretto P (2025) Revision of the genus _Pseudopedaria_ Felsche, 1904, with descriptions of three new species and a subspecies from Central Africa (Coleoptera: Scarabaeinae: Coprini). Catharsius La Revue (N.S.) 5: 1–26. doi:10.5281/zenodo.17036002.",Greek,,2021-10-11T00:10:58Z
101621,Κωβιός,el,"","","Philips TK, Moretto P (2025) Revision of the genus _Pseudopedaria_ Felsche, 1904, with descriptions of three new species and a subspecies from Central Africa (Coleoptera: Scarabaeinae: Coprini). Catharsius La Revue (N.S.) 5: 1–26. doi:10.5281/zenodo.17036002.",Greek,,2021-10-11T00:10:59Z
110042,Κωβιός,el,"","","Philips TK, Moretto P (2025) Revision of the genus _Pseudopedaria_ Felsche, 1904, with descriptions of three new species and a subspecies from Central Africa (Coleoptera: Scarabaeinae: Coprini). Catharsius La Revue (N.S.) 5: 1–26. doi:10.5281/zenodo.17036002.",Greek,,2021-10-11T00:10:59Z
118699,Κωβιός,el,"","","Philips TK, Moretto P (2025) Revision of the genus _Pseudopedaria_ Felsche, 1904, with descriptions of three new species and a subspecies from Central Africa (Coleoptera: Scarabaeinae: Coprini). Catharsius La Revue (N.S.) 5: 1–26. doi:10.5281/zenodo.17036002.",Greek,,2021-10-11T00:11:00Z
118701,Κωβιός,el,"","","Philips TK, Moretto P (2025) Revision of the genus _Pseudopedaria_ Felsche, 1904, with descriptions of three new species and a subspecies from Central Africa (Coleoptera: Scarabaeinae: Coprini). Catharsius La Revue (N.S.) 5: 1–26. doi:10.5281/zenodo.17036002.",Greek,,2021-10-11T00:11:00Z
118704,Κωβιός,el,"","","Philips TK, Moretto P (2025) Revision of the genus _Pseudopedaria_ Felsche, 1904, with descriptions of three new species and a subspecies from Central Africa (Coleoptera: Scarabaeinae: Coprini). Catharsius La Revue (N.S.) 5: 1–26. doi:10.5281/zenodo.17036002.",Greek,,2021-10-11T00:11:00Z
344748,Κωβιός,el,"","","Philips TK, Moretto P (2025) Revision of the genus _Pseudopedaria_ Felsche, 1904, with descriptions of three new species and a subspecies from Central Africa (Coleoptera: Scarabaeinae: Coprini). Catharsius La Revue (N.S.) 5: 1–26. doi:10.5281/zenodo.17036002.",Greek,,2021-10-11T00:11:01Z
118708,Κωβιός,el,Greece,GR,"Philips TK, Moretto P (2025) Revision of the genus _Pseudopedaria_ Felsche, 1904, with descriptions of three new species and a subspecies from Central Africa (Coleoptera: Scarabaeinae: Coprini). Catharsius La Revue (N.S.) 5: 1–26. doi:10.5281/zenodo.17036002.",Greek,iSea,2021-10-11T00:11:01Z
614677,Κωβιός,el,"","","Philips TK, Moretto P (2025) Revision of the genus _Pseudopedaria_ Felsche, 1904, with descriptions of three new species and a subspecies from Central Africa (Coleoptera: Scarabaeinae: Coprini). Catharsius La Revue (N.S.) 5: 1–26. doi:10.5281/zenodo.17036002.",Greek,,2021-10-11T00:11:01Z
118706,Κωβιός,el,"","","Philips TK, Moretto P (2025) Revision of the genus _Pseudopedaria_ Felsche, 1904, with descriptions of three new species and a subspecies from Central Africa (Coleoptera: Scarabaeinae: Coprini). Catharsius La Revue (N.S.) 5: 1–26. doi:10.5281/zenodo.17036002.",Greek,,2021-10-11T00:11:02Z
110669,Κωβιός,el,"","","Philips TK, Moretto P (2025) Revision of the genus _Pseudopedaria_ Felsche, 1904, with descriptions of three new species and a subspecies from Central Africa (Coleoptera: Scarabaeinae: Coprini). Catharsius La Revue (N.S.) 5: 1–26. doi:10.5281/zenodo.17036002.",Greek,,2021-10-11T00:11:02Z
118703,Κωβιός,el,"","","Philips TK, Moretto P (2025) Revision of the genus _Pseudopedaria_ Felsche, 1904, with descriptions of three new species and a subspecies from Central Africa (Coleoptera: Scarabaeinae: Coprini). Catharsius La Revue (N.S.) 5: 1–26. doi:10.5281/zenodo.17036002.",Greek,iSea,2021-10-11T00:11:02Z
107351,Κωβιός,el,"","","Philips TK, Moretto P (2025) Revision of the genus _Pseudopedaria_ Felsche, 1904, with descriptions of three new species and a subspecies from Central Africa (Coleoptera: Scarabaeinae: Coprini). Catharsius La Revue (N.S.) 5: 1–26. doi:10.5281/zenodo.17036002.",Greek,,2021-10-11T00:11:03Z
101625,Κωβιός,el,"","","Philips TK, Moretto P (2025) Revision of the genus _Pseudopedaria_ Felsche, 1904, with descriptions of three new species and a subspecies from Central Africa (Coleoptera: Scarabaeinae: Coprini). Catharsius La Revue (N.S.) 5: 1–26. doi:10.5281/zenodo.17036002.",Greek,,2021-10-11T00:11:04Z
118698,Κωβιός,el,"","","Philips TK, Moretto P (2025) Revision of the genus _Pseudopedaria_ Felsche, 1904, with descriptions of three new species and a subspecies from Central Africa (Coleoptera: Scarabaeinae: Coprini). Catharsius La Revue (N.S.) 5: 1–26. doi:10.5281/zenodo.17036002.",Greek,,2021-10-11T00:11:04Z
118702,Κωβιός,el,"","","Philips TK, Moretto P (2025) Revision of the genus _Pseudopedaria_ Felsche, 1904, with descriptions of three new species and a subspecies from Central Africa (Coleoptera: Scarabaeinae: Coprini). Catharsius La Revue (N.S.) 5: 1–26. doi:10.5281/zenodo.17036002.",Greek,,2021-10-11T00:11:04Z
445857,Κωβιός,el,"","","Philips TK, Moretto P (2025) Revision of the genus _Pseudopedaria_ Felsche, 1904, with descriptions of three new species and a subspecies from Central Africa (Coleoptera: Scarabaeinae: Coprini). Catharsius La Revue (N.S.) 5: 1–26. doi:10.5281/zenodo.17036002.",Greek,,2021-10-11T00:11:05Z
103713,Thessalogovinóe,el,"","",,Greek,Zane Roskoph,2021-10-11T00:11:23Z
103713,Κωβιός,el,"","",,Greek,Zane Roskoph,2021-10-11T00:11:46Z
103713,Thessalogovios,el,"","",,Greek,Zane Roskoph,2021-10-11T00:12:20Z
111268,Ελληνοπυγόστεος,el,"","",,Greek,Zane Roskoph,2021-10-11T19:50:20Z
111268,Ellinopygósteos,el,"","",,Greek,Zane Roskoph,2021-10-11T19:50:48Z
112580,Γλανίδι,el,"","",,Greek,Zane Roskoph,2021-10-11T19:53:51Z
112580,Glanidi,el,"","",,Greek,Zane Roskoph,2021-10-11T19:54:05Z
112580,Γλανός,el,"","",,Greek,Zane Roskoph,2021-10-11T19:54:26Z
93632,Γελάρτζα,el,"","","Philips TK, Moretto P (2025) Revision of the genus _Pseudopedaria_ Felsche, 1904, with descriptions of three new species and a subspecies from Central Africa (Coleoptera: Scarabaeinae: Coprini). Catharsius La Revue (N.S.) 5: 1–26. doi:10.5281/zenodo.17036002.",Greek,iSea,2021-10-11T19:59:14Z
95313,Μουστακάτο,el,"","","Philips TK, Moretto P (2025) Revision of the genus _Pseudopedaria_ Felsche, 1904, with descriptions of three new species and a subspecies from Central Africa (Coleoptera: Scarabaeinae: Coprini). Catharsius La Revue (N.S.) 5: 1–26. doi:10.5281/zenodo.17036002.",Greek,iSea,2021-10-11T20:01:42Z
95260,Μουστακάτο,el,"","","Philips TK, Moretto P (2025) Revision of the genus _Pseudopedaria_ Felsche, 1904, with descriptions of three new species and a subspecies from Central Africa (Coleoptera: Scarabaeinae: Coprini). Catharsius La Revue (N.S.) 5: 1–26. doi:10.5281/zenodo.17036002.",Greek,iSea,2021-10-11T20:01:43Z
612597,Μουστακάτο Θεσσαλίας,el,"","",,Greek,Zane Roskoph,2021-10-11T20:02:02Z
612597,Μουστακάτο,el,"","",,Greek,Zane Roskoph,2021-10-11T20:02:19Z
95201,Κεφαλόπουλο,el,"","","Philips TK, Moretto P (2025) Revision of the genus _Pseudopedaria_ Felsche, 1904, with descriptions of three new species and a subspecies from Central Africa (Coleoptera: Scarabaeinae: Coprini). Catharsius La Revue (N.S.) 5: 1–26. doi:10.5281/zenodo.17036002.",Greek,lwnrngr,2021-10-11T20:04:18Z
106222,Κεφαλόπουλο,el,"","","Philips TK, Moretto P (2025) Revision of the genus _Pseudopedaria_ Felsche, 1904, with descriptions of three new species and a subspecies from Central Africa (Coleoptera: Scarabaeinae: Coprini). Catharsius La Revue (N.S.) 5: 1–26. doi:10.5281/zenodo.17036002.",Greek,,2021-10-11T20:04:18Z
118682,Petropsaro,el,"","","Philips TK, Moretto P (2025) Revision of the genus _Pseudopedaria_ Felsche, 1904, with descriptions of three new species and a subspecies from Central Africa (Coleoptera: Scarabaeinae: Coprini). Catharsius La Revue (N.S.) 5: 1–26. doi:10.5281/zenodo.17036002.",Greek,iSea,2021-10-11T20:04:29Z
95201,Πετρόψαρο,el,"","",,Greek,Zane Roskoph,2021-10-11T20:05:44Z
95201,Petropsaro,el,"","",,Greek,Zane Roskoph,2021-10-11T20:05:55Z
104838,Σκαρούνι,el,"","",,Greek,Zane Roskoph,2021-10-11T20:09:10Z
104838,Μουστακάτο,el,"","",,Greek,Zane Roskoph,2021-10-11T20:09:24Z
104838,Κέφαλος,el,"","",,Greek,Zane Roskoph,2021-10-11T20:09:36Z
187636,Στροσίδι,el,"","",,Greek,Zane Roskoph,2021-10-11T20:12:36Z
187636,Strosidi,el,"","",,Greek,Zane Roskoph,2021-10-11T20:12:55Z
187636,Strossidi,el,"","",,Greek,Zane Roskoph,2021-10-11T20:13:17Z
187636,Μαρίτσα,el,"","",,Greek,Zane Roskoph,2021-10-11T20:13:38Z
187636,Μουστακαίος,el,"","",,Greek,Zane Roskoph,2021-10-11T20:14:03Z
187636,Μουστακάτο,el,"","",,Greek,Zane Roskoph,2021-10-11T20:14:27Z
613182,Δρομίτσα,el,"","",,Greek,Zane Roskoph,2021-10-11T20:17:48Z
613182,Χιροκόβα,el,"","",,Greek,Zane Roskoph,2021-10-11T20:18:07Z
613182,Chirokova,el,"","",,Greek,Zane Roskoph,2021-10-11T20:18:29Z
613182,Dromitsa,el,"","",,Greek,Zane Roskoph,2021-10-11T20:18:49Z
109005,Τσίμα,el,"","","Philips TK, Moretto P (2025) Revision of the genus _Pseudopedaria_ Felsche, 1904, with descriptions of three new species and a subspecies from Central Africa (Coleoptera: Scarabaeinae: Coprini). Catharsius La Revue (N.S.) 5: 1–26. doi:10.5281/zenodo.17036002.",Greek,,2021-10-11T20:20:02Z
109009,Τσίμα,el,"","","Philips TK, Moretto P (2025) Revision of the genus _Pseudopedaria_ Felsche, 1904, with descriptions of three new species and a subspecies from Central Africa (Coleoptera: Scarabaeinae: Coprini). Catharsius La Revue (N.S.) 5: 1–26. doi:10.5281/zenodo.17036002.",Greek,,2021-10-11T20:20:02Z
109010,Τσίμα,el,"","","Philips TK, Moretto P (2025) Revision of the genus _Pseudopedaria_ Felsche, 1904, with descriptions of three new species and a subspecies from Central Africa (Coleoptera: Scarabaeinae: Coprini). Catharsius La Revue (N.S.) 5: 1–26. doi:10.5281/zenodo.17036002.",Greek,iSea,2021-10-11T20:20:03Z
109007,Ντάσκα Μαραθώνα,el,"","",,Greek,Zane Roskoph,2021-10-11T20:22:42Z
109010,Dáska,el,"","","Philips TK, Moretto P (2025) Revision of the genus _Pseudopedaria_ Felsche, 1904, with descriptions of three new species and a subspecies from Central Africa (Coleoptera: Scarabaeinae: Coprini). Catharsius La Revue (N.S.) 5: 1–26. doi:10.5281/zenodo.17036002.",Greek,iSea,2021-10-11T20:23:49Z
109010,Ntaska,el,"","","Philips TK, Moretto P (2025) Revision of the genus _Pseudopedaria_ Felsche, 1904, with descriptions of three new species and a subspecies from Central Africa (Coleoptera: Scarabaeinae: Coprini). Catharsius La Revue (N.S.) 5: 1–26. doi:10.5281/zenodo.17036002.",Greek,iSea,2021-10-11T20:24:17Z
93603,Τσιρωνάκι,el,"","","Philips TK, Moretto P (2025) Revision of the genus _Pseudopedaria_ Felsche, 1904, with descriptions of three new species and a subspecies from Central Africa (Coleoptera: Scarabaeinae: Coprini). Catharsius La Revue (N.S.) 5: 1–26. doi:10.5281/zenodo.17036002.",Greek,,2021-10-11T20:24:52Z
109010,Τσιρωνάκι,el,"","","Philips TK, Moretto P (2025) Revision of the genus _Pseudopedaria_ Felsche, 1904, with descriptions of three new species and a subspecies from Central Africa (Coleoptera: Scarabaeinae: Coprini). Catharsius La Revue (N.S.) 5: 1–26. doi:10.5281/zenodo.17036002.",Greek,iSea,2021-10-11T20:24:53Z
109010,Ψαρίδα,el,"","","Philips TK, Moretto P (2025) Revision of the genus _Pseudopedaria_ Felsche, 1904, with descriptions of three new species and a subspecies from Central Africa (Coleoptera: Scarabaeinae: Coprini). Catharsius La Revue (N.S.) 5: 1–26. doi:10.5281/zenodo.17036002.",Greek,iSea,2021-10-11T20:25:08Z
113003,Ψαρίδα,el,"","","Philips TK, Moretto P (2025) Revision of the genus _Pseudopedaria_ Felsche, 1904, with descriptions of three new species and a subspecies from Central Africa (Coleoptera: Scarabaeinae: Coprini). Catharsius La Revue (N.S.) 5: 1–26. doi:10.5281/zenodo.17036002.",Greek,Donald Davesne,2021-10-11T20:25:08Z
112115,Τσερούκλα,el,"","",,Greek,Zane Roskoph,2021-10-11T20:28:11Z
112115,Tseroukla,el,"","",,Greek,Zane Roskoph,2021-10-11T20:28:31Z
112119,Καλαμίθρα,el,"","",,Greek,Zane Roskoph,2021-10-11T20:32:53Z
112119,Kalamithra,el,"","",,Greek,Zane Roskoph,2021-10-11T20:33:15Z
53696,Χιώνα,el,"","","Philips TK, Moretto P (2025) Revision of the genus _Pseudopedaria_ Felsche, 1904, with descriptions of three new species and a subspecies from Central Africa (Coleoptera: Scarabaeinae: Coprini). Catharsius La Revue (N.S.) 5: 1–26. doi:10.5281/zenodo.17036002.",Greek,lwnrngr,2021-10-11T20:33:27Z
112119,Χιώνα,el,"","",,Greek,Zane Roskoph,2021-10-11T20:33:38Z
118711,Μενίδα,el,Greece,GR,"Philips TK, Moretto P (2025) Revision of the genus _Pseudopedaria_ Felsche, 1904, with descriptions of three new species and a subspecies from Central Africa (Coleoptera: Scarabaeinae: Coprini). Catharsius La Revue (N.S.) 5: 1–26. doi:10.5281/zenodo.17036002.",Greek,iSea,2021-10-11T20:37:40Z
113007,Μαύρη μενίδα,el,"","",,Greek,Zane Roskoph,2021-10-11T20:37:58Z
113007,Μενίδα,el,"","",,Greek,Zane Roskoph,2021-10-11T20:38:13Z
113857,Πασκόβιζα,el,"","",,Greek,Zane Roskoph,2021-10-11T22:48:26Z
113857,Paskóviza,el,"","",,Greek,Zane Roskoph,2021-10-11T22:48:41Z
113863,Λιάρα,el,"","",,Greek,Zane Roskoph,2021-10-11T22:51:12Z
113863,Ψαρίδα,el,"","",,Greek,Zane Roskoph,2021-10-11T22:51:24Z
113863,Liara,el,"","",,Greek,Zane Roskoph,2021-10-11T22:51:49Z
113863,Μπούλκα,el,"","",,Greek,Zane Roskoph,2021-10-11T22:52:14Z
113863,Γκέλμπα,el,"","",,Greek,Zane Roskoph,2021-10-11T22:52:48Z
114587,Γουρνάρα,el,"","",,Greek,Zane Roskoph,2021-10-11T22:54:41Z
114587,Gournara,el,"","",,Greek,Zane Roskoph,2021-10-11T22:54:57Z
106222,Mpafa,el,"","","Philips TK, Moretto P (2025) Revision of the genus _Pseudopedaria_ Felsche, 1904, with descriptions of three new species and a subspecies from Central Africa (Coleoptera: Scarabaeinae: Coprini). Catharsius La Revue (N.S.) 5: 1–26. doi:10.5281/zenodo.17036002.",Greek,,2021-10-11T23:00:54Z
106222,Μπάφα,el,"","","Philips TK, Moretto P (2025) Revision of the genus _Pseudopedaria_ Felsche, 1904, with descriptions of three new species and a subspecies from Central Africa (Coleoptera: Scarabaeinae: Coprini). Catharsius La Revue (N.S.) 5: 1–26. doi:10.5281/zenodo.17036002.",Greek,,2021-10-11T23:01:14Z
114588,Μπάφα,el,"","",,Greek,Zane Roskoph,2021-10-11T23:02:23Z
114588,Mpafa,el,"","",,Greek,Zane Roskoph,2021-10-11T23:02:42Z
114588,Bafa,el,"","",,Greek,Zane Roskoph,2021-10-11T23:03:12Z
114588,Μενίδα,el,"","",,Greek,Zane Roskoph,2021-10-11T23:03:31Z
98091,Αραχθοβελονίτσα,el,"","",,Greek,Zane Roskoph,2021-10-11T23:07:20Z
98091,Arachthovelonitsa,el,"","",,Greek,Zane Roskoph,2021-10-11T23:07:39Z
98099,Λουροβελονίτσα,el,"","",,Greek,Zane Roskoph,2021-10-11T23:09:21Z
98099,Lourovelonitsa,el,"","",,Greek,Zane Roskoph,2021-10-11T23:09:41Z
98111,Γραμμοβελονίτσα,el,"","",,Greek,Zane Roskoph,2021-10-11T23:35:07Z
98111,Grammovelonitsa,el,"","",,Greek,Zane Roskoph,2021-10-11T23:35:29Z
98112,Φεροβελονίτσα,el,"","",,Greek,Zane Roskoph,2021-10-11T23:36:38Z
98112,Ferovelonitsa,el,"","",,Greek,Zane Roskoph,2021-10-11T23:36:58Z
98118,Τριχωνοβελονίτσα,el,"","",,Greek,Zane Roskoph,2021-10-11T23:41:12Z
98118,Trichovelonitsa,el,"","",,Greek,Zane Roskoph,2021-10-11T23:41:41Z
93708,Λιπαριά,el,"","",,Greek,Zane Roskoph,2021-10-11T23:44:04Z
93711,Θρίτσα,el,"","",,Greek,Zane Roskoph,2021-10-11T23:46:48Z
93711,Thritsa,el,"","",,Greek,Zane Roskoph,2021-10-11T23:47:11Z
96838,Γκαβόχελο,el,"","",,Greek,Zane Roskoph,2021-10-11T23:53:52Z
96838,Gavochelo,el,"","",,Greek,Zane Roskoph,2021-10-11T23:54:14Z
850796,Κρητική Ταραντούλα,el,"Crete, GR","",,Greek,Ilias Strachinis,2021-10-13T10:49:40Z
925109,Ασβός της Κρήτης,el,"","",,Greek,Bobby McCabe,2021-10-13T17:39:30Z
925109,Ασβός της Ρόδου,el,"","",,Greek,Bobby McCabe,2021-10-13T17:40:09Z
925109,Ασβός Κρήτης και Ρόδου,el,"","",,Greek,Bobby McCabe,2021-10-13T17:40:35Z
490847,Φασκόμηλο,el,"","",,Greek,Eleftherios Katsillis,2021-10-15T11:49:56Z
428365,Τζιτζιφιά,el,"","",,Greek,Eleftherios Katsillis,2021-10-17T17:33:35Z
428365,Μοσχοϊτιά,el,"","",,Greek,Eleftherios Katsillis,2021-10-17T17:33:51Z
428365,Ζιζυφιά,el,"","",,Greek,Eleftherios Katsillis,2021-10-17T17:34:01Z
335872,Σκουπόχορτο,el,"","",,Greek,Eleftherios Katsillis,2021-10-19T10:43:48Z
120657,Χελιδονόψαρο τροπικών,el,"","",,Greek,Zane Roskoph,2021-10-23T14:26:17Z
120657,Chelidonopsaro tropikon,el,"","",,Greek,Zane Roskoph,2021-10-23T14:26:52Z
120657,Chelidonópsaro,el,"","",,Greek,Zane Roskoph,2021-10-23T14:27:11Z
120657,Chelidonopsaro,el,"","",,Greek,Zane Roskoph,2021-10-23T14:27:24Z
120657,Χελιδονόψαρο,el,"","",,Greek,Zane Roskoph,2021-10-23T14:27:40Z
114177,Χρυσόψαρο,el,"","","Philips TK, Moretto P (2025) Revision of the genus _Pseudopedaria_ Felsche, 1904, with descriptions of three new species and a subspecies from Central Africa (Coleoptera: Scarabaeinae: Coprini). Catharsius La Revue (N.S.) 5: 1–26. doi:10.5281/zenodo.17036002.",Greek,iSea,2021-10-23T15:39:53Z
51398,Χρυσόψαρο,el,"","","Philips TK, Moretto P (2025) Revision of the genus _Pseudopedaria_ Felsche, 1904, with descriptions of three new species and a subspecies from Central Africa (Coleoptera: Scarabaeinae: Coprini). Catharsius La Revue (N.S.) 5: 1–26. doi:10.5281/zenodo.17036002.",Greek,lwnrngr,2021-10-23T15:39:53Z
215166,Κοκκινόψαρο,el,"","","Philips TK, Moretto P (2025) Revision of the genus _Pseudopedaria_ Felsche, 1904, with descriptions of three new species and a subspecies from Central Africa (Coleoptera: Scarabaeinae: Coprini). Catharsius La Revue (N.S.) 5: 1–26. doi:10.5281/zenodo.17036002.",Greek,,2021-10-23T15:40:22Z
52586,Γαιδουράγκαθο,el,Cyprus | Northern Cyprus | Greece,"CY,GR",,Greek,Sotirios Liakas,2021-10-26T13:14:16Z
900236,Νοτιοδυτικός κόκκινος Σκίουρος,el,"","",,Greek,Yiannis Banakakis,2021-11-22T16:17:23Z
42187,Κινέζικο Μούντγιακ,el,"","",,Greek,Yiannis Banakakis,2021-11-22T16:18:01Z
43813,Ινδικό Χοιρίδιο της Βραζιλίας,el,"","",,Greek,Yiannis Banakakis,2021-11-22T16:18:35Z
44326,Σκαπτοποντικός της Καλιφόρνιας,el,"","",,Greek,Yiannis Banakakis,2021-11-22T16:20:02Z
925979,Μικρή Ινδική Μαγκούστα,el,"","",,Greek,Yiannis Banakakis,2021-11-22T16:22:02Z
43448,Κοινός Μακάκος,el,"","",,Greek,Yiannis Banakakis,2021-11-22T16:22:55Z
43494,Σκουρόχρωμο Λανγκούρ,el,"","",,Greek,Yiannis Banakakis,2021-11-22T16:23:35Z
41877,Χοιρόρυγχος Μεφίτης,el,"","",,Greek,Yiannis Banakakis,2021-11-22T16:25:41Z
74724,Γαζέλα του Γκραντ,el,"","",,Greek,Yiannis Banakakis,2021-11-22T16:28:21Z
40614,Ωχρονυχτερίδα,el,"","",,Greek,Yiannis Banakakis,2021-11-22T16:29:09Z
40346,Μικρή Καστανομυωτίδα,el,"","",,Greek,Yiannis Banakakis,2021-11-22T16:29:40Z
41778,Μακρόουρη Βίδρα,el,"","",,Greek,Yiannis Banakakis,2021-11-22T16:31:01Z
74205,Μακρόωτη Νυχτερίδα του Townsend,el,"","",,Greek,Yiannis Banakakis,2021-11-22T16:34:37Z
41090,Μακρύγλωσση Νυχτερίδα του Pallas,el,"","",,Greek,Yiannis Banakakis,2021-11-22T16:35:08Z
67683,Κίτρινος Μπαμπουίνος,el,"","",,Greek,Yiannis Banakakis,2021-11-22T16:35:30Z
183164,Νυχτερίδα των φαραγγιών,el,"","",,Greek,Yiannis Banakakis,2021-11-22T16:36:22Z
47062,Άαρντβαρκ,el,"","",,Greek,Yiannis Banakakis,2021-11-22T16:37:17Z
1303737,Βλεννιοειδή,el,"","",https://www.inaturalist.org/taxon_names/2239582/edit,Greek,,2021-11-23T21:59:32Z
1316692,Πρασινογωβιός,el,"","",https://www.inaturalist.org/taxon_names/2239618/edit,Greek,,2021-11-24T00:16:19Z
1316692,Κωβιός,el,"","","Philips TK, Moretto P (2025) Revision of the genus _Pseudopedaria_ Felsche, 1904, with descriptions of three new species and a subspecies from Central Africa (Coleoptera: Scarabaeinae: Coprini). Catharsius La Revue (N.S.) 5: 1–26. doi:10.5281/zenodo.17036002.",Greek,,2021-11-24T00:16:22Z
324558,Καλαμάρι,el,"","",,Greek,Johan Devos,2021-11-29T15:46:30Z
363962,Χλαμύδα,el,Greece,GR,,Greek,Johan Devos,2021-11-29T16:21:38Z
363962,Πολύχρωμο χτένι,el,"","",,Greek,Johan Devos,2021-11-29T16:21:59Z
53549,Φτελιά,el,"","",,Greek,Eleftherios Katsillis,2021-12-02T23:34:56Z
79461,Καμποφτελιά,el,"","",,Greek,Eleftherios Katsillis,2021-12-02T23:37:00Z
79461,Καραγάτσι,el,"","",,Greek,Eleftherios Katsillis,2021-12-02T23:37:33Z
170056,Βουνοφτελιά,el,"","",,Greek,Eleftherios Katsillis,2021-12-02T23:38:08Z
79462,Κινεζική φτελιά,el,"","",,Greek,Eleftherios Katsillis,2021-12-02T23:38:28Z
54860,Κόκκινη φτελιά,el,"","",,Greek,Eleftherios Katsillis,2021-12-02T23:38:52Z
850858,Βελουδόπαπια,el,"","",,Greek,stelioskaripidis,2021-12-04T20:08:00Z
335681,Αγράμπελη,el,"","",,Greek,Eleftherios Katsillis,2021-12-12T15:25:04Z
340164,Συκομουριά,el,"","",,Greek,Eleftherios Katsillis,2021-12-26T19:11:43Z
133366,Χρυσόξυλο,el,"","",,Greek,Sotirios Liakas,2021-12-27T12:13:21Z
56027,Μανουσάκι,el,"","",,Greek,Sotirios Liakas,2022-01-09T12:27:01Z
506289,Κηκιδόσφηκα του φίκου,el,"","",,Greek,Konstantinos Kalaentzis,2022-01-10T10:28:58Z
11891,Αιθιοπικό Χελιδόνι,el,"","",,Greek,Valia Pavlou,2022-01-22T00:36:42Z
508082,Ρυγχίτης των οπωρών,el,"","",,Greek,Sotirios Liakas,2022-01-29T22:34:26Z
803437,Εξωτικό σκαθάρι των φρούτων,el,"","",,Greek,Konstantinos Kalaentzis,2022-01-30T18:38:32Z
633860,Ασιατικός Μάντης,el,"","",,Greek,Konstantinos Kalaentzis,2022-01-30T18:47:34Z
55858,Κρανιά,el,"","",,Greek,Eleftherios Katsillis,2022-02-01T23:18:29Z
155124,Αγριοκρανιά,el,"","",,Greek,Eleftherios Katsillis,2022-02-01T23:18:53Z
59361,Αγριοζοχός,el,"","",,Greek,Eleftherios Katsillis,2022-02-04T01:08:33Z
59361,Πικρίθρα,el,"","",,Greek,Eleftherios Katsillis,2022-02-04T01:08:41Z
51549,Μαγιάτικο,el,"","",,Greek,Eleftherios Katsillis,2022-02-04T10:37:26Z
53860,Περονόσπορος,el,"","",,Greek,Eleftherios Katsillis,2022-02-05T00:45:06Z
383694,Περονόσπορος αμπέλου,el,"","",,Greek,Eleftherios Katsillis,2022-02-05T00:46:42Z
52595,Ωομύκητες,el,"","",,Greek,Eleftherios Katsillis,2022-02-05T00:50:59Z
524795,Οικόσιτη Φραγκόκοτα,el,"","",,Greek,Valia Pavlou,2022-02-20T00:05:53Z
1360926,Ψαλιδιάρης × Τσίφτης,el,"","",,Greek,Valia Pavlou,2022-02-20T17:19:15Z
853952,Ανατολικός Αμερικανικός Λύκος,el,"","",,Greek,Yiannis Banakakis,2022-02-22T00:49:11Z
42056,Ινδική Αλεπού,el,"","",,Greek,Yiannis Banakakis,2022-02-22T00:49:36Z
325470,Αλεπού του Περού,el,"","",,Greek,Yiannis Banakakis,2022-02-22T00:50:38Z
516127,Υπόλευκη Αλεπού,el,"","",,Greek,Yiannis Banakakis,2022-02-22T00:51:44Z
516128,Αλεπού του Δαρβίνου,el,"","",,Greek,Yiannis Banakakis,2022-02-22T00:52:13Z
42058,Φενέκ,el,"","",,Greek,Yiannis Banakakis,2022-02-22T00:53:03Z
42064,Ωχρή Αλεπού,el,"","",,Greek,Yiannis Banakakis,2022-02-22T00:54:06Z
42097,Κοντόωτη Αλεπού,el,"","",,Greek,Yiannis Banakakis,2022-02-22T00:54:38Z
42074,Θιβετιανή Αλεπού,el,"","",,Greek,Yiannis Banakakis,2022-02-22T00:55:05Z
42089,Σκύλος των θαμνώνων,el,"","",,Greek,Yiannis Banakakis,2022-02-22T00:55:45Z
42073,Αλεπού του Αφγανιστάν,el,"","",,Greek,Yiannis Banakakis,2022-02-22T00:56:19Z
1240547,Αγριόγατα της Αργεντινής,el,"","",,Greek,Yiannis Banakakis,2022-02-22T01:01:07Z
1240545,Αγριόγατα της Βολιβίας,el,"","",,Greek,Yiannis Banakakis,2022-02-22T01:01:33Z
1240544,Αγριόγατα της Βραζιλίας,el,"","",,Greek,Yiannis Banakakis,2022-02-22T01:02:58Z
937292,Γάτα x Αφρικανική Αγριόγατα,el,"","",,Greek,Yiannis Banakakis,2022-02-22T01:04:31Z
43533,Μανδρίλλος,el,"","",,Greek,Yiannis Banakakis,2022-02-22T01:10:11Z
43373,Κοινή Μαρμοσέτα,el,"","",,Greek,Yiannis Banakakis,2022-02-23T01:29:28Z
43433,Λευκομέτωπος Καπουτσίνος,el,"","",,Greek,Yiannis Banakakis,2022-02-23T01:31:19Z
43435,Μαύρος Μυκητής,el,"","",,Greek,Yiannis Banakakis,2022-02-23T01:31:48Z
43384,Ταμαρίνος του Geoffroy,el,"","",,Greek,Yiannis Banakakis,2022-02-23T01:32:22Z
43456,Κόκκινος Μακάκος,el,"","",,Greek,Yiannis Banakakis,2022-02-23T01:33:07Z
43462,Πάτας,el,"","",,Greek,Yiannis Banakakis,2022-02-23T01:34:32Z
1071036,Νότιο Γκρίζο Λανγκούρ,el,"","",,Greek,Yiannis Banakakis,2022-02-23T01:35:12Z
74191,Τάνταλος,el,"","",,Greek,Yiannis Banakakis,2022-02-23T01:36:17Z
43455,Νότιος χοιρόουρος Μακάκος,el,"","",,Greek,Yiannis Banakakis,2022-02-23T01:36:51Z
43458,Ιαπωνικός Μακάκος,el,"","",,Greek,Yiannis Banakakis,2022-02-23T01:37:13Z
74190,Πράσινος Πίθηκος,el,"","",,Greek,Yiannis Banakakis,2022-02-23T01:39:03Z
43389,Σελλοφόρος Ταμαρίνος,el,"","",,Greek,Yiannis Banakakis,2022-02-23T01:40:30Z
43497,Ασημένιο Λανγκούρ,el,"","",,Greek,Yiannis Banakakis,2022-02-23T01:41:04Z
74053,Καφέ Μυκητής,el,"","",,Greek,Yiannis Banakakis,2022-02-23T01:41:26Z
1070741,Σκουρόφθαλμο Λανγκούρ,el,"","",,Greek,Yiannis Banakakis,2022-02-23T01:42:35Z
74532,Βόρειος χοιρόουρος Μακάκος,el,"","",,Greek,Yiannis Banakakis,2022-02-23T01:44:46Z
496700,Μαυροφόρος Καπουτσίνος,el,"","",,Greek,Yiannis Banakakis,2022-02-23T01:45:20Z
43426,Μαυροκέφαλος Σκιουροπίθηκος,el,"","",,Greek,Yiannis Banakakis,2022-02-23T01:46:42Z
516974,Γενειοφόρος Καπουτσίνος,el,"","",,Greek,Yiannis Banakakis,2022-02-23T01:47:18Z
1071035,Μαυροπόδαρο Λανγκούρ,el,"","",,Greek,Yiannis Banakakis,2022-02-23T01:47:48Z
43480,Ερυθρόουρος Κερκοπίθηκος,el,"","",,Greek,Yiannis Banakakis,2022-02-23T01:48:17Z
43613,Καφέ Λεμούριος,el,"","",,Greek,Yiannis Banakakis,2022-02-23T01:48:45Z
43386,Μανδυοφόρος Ταμαρίνος,el,"","",,Greek,Yiannis Banakakis,2022-02-23T01:49:33Z
43604,Εστεμμένος Σιφάκα,el,"","",,Greek,Yiannis Banakakis,2022-02-23T01:51:08Z
43372,Μαρμοσέτα του Geoffroy,el,"","",,Greek,Yiannis Banakakis,2022-02-23T01:52:17Z
74325,Ερυθρομέτωπος Λεμούριος,el,"","",,Greek,Yiannis Banakakis,2022-02-23T01:52:52Z
43385,Λευκοπόδαρος Ταμαρίνος,el,"","",,Greek,Yiannis Banakakis,2022-02-23T01:53:47Z
326032,Κόκκινος Κολοβός της Ζανζιβάρης,el,"","",,Greek,Yiannis Banakakis,2022-02-23T01:55:18Z
43567,Μεγάλος Γαλάγος,el,"","",,Greek,Yiannis Banakakis,2022-02-23T01:56:50Z
43498,Λανγκούρ της Ιάβας,el,"","",,Greek,Yiannis Banakakis,2022-02-23T01:57:23Z
43391,Βαμβακοκέφαλος Ταμαρίνος,el,"","",,Greek,Yiannis Banakakis,2022-02-23T01:57:54Z
43410,Μαύρος Αραχνοπίθηκος,el,"","",,Greek,Yiannis Banakakis,2022-02-23T01:58:23Z
43502,Κόκκινο Λανγκούρ,el,"","",,Greek,Yiannis Banakakis,2022-02-23T02:00:05Z
74055,Μυκητής του Τρινιντάντ,el,"","",,Greek,Yiannis Banakakis,2022-02-23T02:00:46Z
963196,Μαύρο Λανγκούρ,el,"","",,Greek,Yiannis Banakakis,2022-02-23T02:02:07Z
43493,Μανδυοφόρο Λανγκούρ,el,"","",,Greek,Yiannis Banakakis,2022-02-23T02:03:27Z
74946,Λευκόμηρο Λανγκούρ,el,"","",,Greek,Yiannis Banakakis,2022-02-23T02:04:05Z
43530,Γελάδας,el,"","",,Greek,Yiannis Banakakis,2022-02-23T02:04:25Z
43525,Κολοβός της Ανγκόλας,el,"","",,Greek,Yiannis Banakakis,2022-02-23T02:05:18Z
43568,Μικρόωτος Γαλάγος,el,"","",,Greek,Yiannis Banakakis,2022-02-23T02:06:12Z
43615,Ασπρόμαυρος Λεμούριος με κολλάρο,el,"","",,Greek,Yiannis Banakakis,2022-02-23T02:07:41Z
43457,Μαυροεστεμμένος Μακάκος,el,"","",,Greek,Yiannis Banakakis,2022-02-23T02:08:15Z
43523,Γριβέτ,el,"","",,Greek,Yiannis Banakakis,2022-02-23T02:09:22Z
566540,Βουνοπίθηκος,el,"","",,Greek,Yiannis Banakakis,2022-02-23T02:09:49Z
43454,Μακάκος του Άσαμ,el,"","",,Greek,Yiannis Banakakis,2022-02-23T02:10:36Z
74959,Σιφάκα του Coquerel,el,"","",,Greek,Yiannis Banakakis,2022-02-23T02:11:33Z
43506,Ζωνοτό Λανγκούρ,el,"","",,Greek,Yiannis Banakakis,2022-02-23T02:13:00Z
1075512,Κολοβός του Κιλιμάντζαρο,el,"","",,Greek,Yiannis Banakakis,2022-02-23T02:13:28Z
74962,Σιφάκα του Milne-Edward,el,"","",,Greek,Yiannis Banakakis,2022-02-23T02:14:07Z
43612,Ερυθρόγαστρος Λεμούριος,el,"","",,Greek,Yiannis Banakakis,2022-02-23T02:14:32Z
43620,Μικρός Λεμούριος των μπαμπού,el,"","",,Greek,Yiannis Banakakis,2022-02-23T02:15:09Z
906741,Τίτι του Toppin,el,"","",,Greek,Yiannis Banakakis,2022-02-23T02:16:32Z
43438,Μυκητής της Βολιβίας,el,"","",,Greek,Yiannis Banakakis,2022-02-23T02:17:21Z
43445,Αρκτοειδής Μακάκος,el,"","",,Greek,Yiannis Banakakis,2022-02-23T02:18:45Z
43540,Γκριζομάγουλο Μάνγκαμπι,el,"","",,Greek,Yiannis Banakakis,2022-02-23T02:19:44Z
43446,Λεοντόουρος Μακάκος,el,"","",,Greek,Yiannis Banakakis,2022-02-23T02:20:28Z
502997,Κόκκινος Κολοβός της Ουγκάντα,el,"","",,Greek,Yiannis Banakakis,2022-02-23T02:21:01Z
43621,Χρυσός Λεμούριος των μπαμπού,el,"","",,Greek,Yiannis Banakakis,2022-02-23T02:21:29Z
74580,Μαυρόουρη Μαρμοσέτα,el,"","",,Greek,Yiannis Banakakis,2022-02-23T02:21:55Z
516975,Κουκουλοφόρος Καπουτσίνος,el,"","",,Greek,Yiannis Banakakis,2022-02-23T02:23:50Z
43375,Λευκόωτη Μαρμοσέτα,el,"","",,Greek,Yiannis Banakakis,2022-02-23T02:24:17Z
43406,Μακρύτριχος Αραχνοπίθηκος,el,"","",,Greek,Yiannis Banakakis,2022-02-23T02:24:52Z
43548,Καφέ Ποντικολεμούριος,el,"","",,Greek,Yiannis Banakakis,2022-02-23T02:25:25Z
43501,Λανγκούρ της Βόρειας Σουμάτρας,el,"","",,Greek,Yiannis Banakakis,2022-02-23T02:26:45Z
74188,Μάλμπρουκ,el,"","",,Greek,Yiannis Banakakis,2022-02-23T02:27:52Z
43565,Γαλάγος της Σενεγάλης,el,"","",,Greek,Yiannis Banakakis,2022-02-23T02:28:26Z
43390,Αυτοκρατορικός Ταμαρίνος,el,"","",,Greek,Yiannis Banakakis,2022-02-23T02:28:53Z
43422,Νυχτοπίθηκος του Spix,el,"","",,Greek,Yiannis Banakakis,2022-02-23T02:29:46Z
43606,Ανατολικός Γουνοφόρος Λεμούριος,el,"","",,Greek,Yiannis Banakakis,2022-02-23T02:30:43Z
74956,Μεγάλος Λεμούριος των μπαμπού,el,"","",,Greek,Yiannis Banakakis,2022-02-23T02:31:10Z
43407,Λευκομάγουλος Αραχνοπίθηκος,el,"","",,Greek,Yiannis Banakakis,2022-02-23T02:31:36Z
43474,Κερκοπίθηκος Μόνα,el,"","",,Greek,Yiannis Banakakis,2022-02-23T02:32:22Z
43546,Γκρίζος Ποντικολεμούριος,el,"","",,Greek,Yiannis Banakakis,2022-02-23T02:33:02Z
43504,Μαυροεστεμμένο Λανγκούρ της Σουμάτρας,el,"","",,Greek,Yiannis Banakakis,2022-02-23T02:34:10Z
43658,Μελανόστηθο Τίτι,el,"","",,Greek,Yiannis Banakakis,2022-02-23T02:35:03Z
43627,Αργός Λόρις,el,"","",,Greek,Yiannis Banakakis,2022-02-23T02:35:45Z
43535,Μπαμπουίνος Αμαδρυάς,el,"","",,Greek,Yiannis Banakakis,2022-02-23T02:36:13Z
74492,Λεμούριος του Hubbard,el,"","",,Greek,Yiannis Banakakis,2022-02-23T02:36:45Z
43490,Λανγκούρ του Phayre,el,"","",,Greek,Yiannis Banakakis,2022-02-23T02:37:13Z
500655,Σακί του Miller,el,"","",,Greek,Yiannis Banakakis,2022-02-23T02:38:06Z
1203342,Νανολεμούριος του Groves,el,"","",,Greek,Yiannis Banakakis,2022-02-23T02:40:23Z
74636,Βόρειος γιγάντιος Ποντικολεμούριος,el,"","",,Greek,Yiannis Banakakis,2022-02-23T02:41:02Z
9246,Καναρίνι,el,"","",,Greek,Yiannis Banakakis,2022-02-23T02:50:19Z
3753,Βόρεια Φαλακρή Ίβιδα,el,"","",,Greek,Yiannis Banakakis,2022-02-23T02:50:41Z
4259,Αφρικανικό Φοινικόπτερο,el,"","",,Greek,Yiannis Banakakis,2022-02-23T02:51:37Z
7008,Ινδική Χήνα,el,"","",,Greek,Yiannis Banakakis,2022-02-23T02:52:09Z
7014,Κυκνοειδής Χήνα,el,"","",,Greek,Yiannis Banakakis,2022-02-23T02:52:39Z
9238,Μαύρο Καναρίνι,el,"","",,Greek,Valia Pavlou,2022-02-26T21:51:07Z
906982,Διπλοκεφαλάς της Μεσογείου,el,"","",,Greek,Valia Pavlou,2022-02-26T21:54:15Z
43609,Μαύρος Λεμούριος,el,"","",,Greek,Yiannis Banakakis,2022-02-28T03:03:45Z
74069,Νυχτοπίθηκος του Παναμά,el,"","",,Greek,Yiannis Banakakis,2022-02-28T03:04:31Z
43495,Χρυσό Λανγκούρ του Gee,el,"","",,Greek,Yiannis Banakakis,2022-02-28T03:05:47Z
43451,Μακάκος του Θιβέτ,el,"","",,Greek,Yiannis Banakakis,2022-02-28T03:06:33Z
43383,Παρδαλός Ταμαρίνος,el,"","",,Greek,Yiannis Banakakis,2022-02-28T03:07:50Z
74793,Λόρις του Βόρνεο,el,"","",,Greek,Yiannis Banakakis,2022-02-28T03:08:13Z
519428,Χρυσοπρόσωπος Σακί,el,"","",,Greek,Yiannis Banakakis,2022-02-28T03:08:54Z
43381,Χρυσός μανδυοφόρος Ταμαρίνος,el,"","",,Greek,Yiannis Banakakis,2022-02-28T03:11:38Z
43485,Μεγάλος λευκόρινος Κερκοπίθηκος,el,"","",,Greek,Yiannis Banakakis,2022-02-28T03:12:38Z
74589,Ποντικολεμούριος του Goodman,el,"","",,Greek,Yiannis Banakakis,2022-02-28T03:13:05Z
43387,Ταμαρίνος του Μύδα,el,"","",,Greek,Yiannis Banakakis,2022-02-28T03:13:50Z
43477,Μυστακοφόρος Κερκοπίθηκος,el,"","",,Greek,Yiannis Banakakis,2022-02-28T03:14:42Z
43610,Εστεμμένος Λεμούριος,el,"","",,Greek,Yiannis Banakakis,2022-02-28T03:15:03Z
43507,Φαιόχρωμο Λανγκούρ,el,"","",,Greek,Yiannis Banakakis,2022-02-28T03:16:05Z
43636,Λευκοπόδαρος Λεμούριος,el,"","",,Greek,Yiannis Banakakis,2022-02-28T03:16:53Z
74833,Μπαμπουίνος της Γουινέας,el,"","",,Greek,Yiannis Banakakis,2022-02-28T03:17:14Z
43651,Ερυθρόρινος Σακί,el,"","",,Greek,Yiannis Banakakis,2022-02-28T03:17:40Z
74066,Νυχτοπίθηκος του Azara,el,"","",,Greek,Yiannis Banakakis,2022-02-28T03:18:16Z
43473,Κερκοπίθηκος του De Brazza,el,"","",,Greek,Yiannis Banakakis,2022-02-28T03:18:45Z
74067,Γκριζοπόδαρος Νυχτοπίθηκος,el,"","",,Greek,Yiannis Banakakis,2022-02-28T03:19:59Z
43683,Μασκοφόρο Τίτι,el,"","",,Greek,Yiannis Banakakis,2022-02-28T03:20:22Z
74322,Λευκομέτωπος Λεμούριος,el,"","",,Greek,Yiannis Banakakis,2022-02-28T03:20:46Z
43409,Μαυροκέφαλος Αραχνοπίθηκος,el,"","",,Greek,Yiannis Banakakis,2022-02-28T03:21:07Z
43414,Μαυροκέφαλος Νυχτοπίθηκος,el,"","",,Greek,Yiannis Banakakis,2022-02-28T03:21:29Z
74488,Λεμούριος του Ankarana,el,"","",,Greek,Yiannis Banakakis,2022-02-28T03:22:19Z
74961,Σιφάκα του Decken,el,"","",,Greek,Yiannis Banakakis,2022-02-28T03:22:39Z
738180,Στολισμένο Τίτι,el,"","",,Greek,Yiannis Banakakis,2022-02-28T03:23:09Z
74992,Μαυρόκνημο Λανγκούρ,el,"","",,Greek,Yiannis Banakakis,2022-02-28T03:23:54Z
47434,Ποοειδή,el,"","",,Greek,Eleftherios Katsillis,2022-02-28T10:18:31Z
43417,Νυχτοπίθηκος της Κολομβίας,el,"","",,Greek,Yiannis Banakakis,2022-02-28T13:45:00Z
815948,Σακί του Νάπο,el,"","",,Greek,Yiannis Banakakis,2022-02-28T13:45:45Z
43517,Ερυθρόκνημο Λανγκούρ,el,"","",,Greek,Yiannis Banakakis,2022-02-28T13:47:00Z
74958,Μεταξωτός Σιφάκα,el,"","",,Greek,Yiannis Banakakis,2022-02-28T13:47:37Z
43408,Μαύρος Αραχνοπίθηκος,el,"","",,Greek,Yiannis Banakakis,2022-02-28T13:47:55Z
43430,Καπουτσίνος της Γουιάνας,el,"","",,Greek,Yiannis Banakakis,2022-02-28T13:48:31Z
74052,Ερυθροπόδαρος Μυκητής,el,"","",,Greek,Yiannis Banakakis,2022-02-28T13:48:53Z
43441,Ερυθρόμαυρος Μυκητής,el,"","",,Greek,Yiannis Banakakis,2022-02-28T13:49:23Z
43637,Ερυθρόουρος Λεμούριος,el,"","",,Greek,Yiannis Banakakis,2022-02-28T13:50:04Z
1363728,Επινεφελίνες,el,"","",https://www.inaturalist.org/taxon_names/2205850/edit,Greek,,2022-03-08T00:43:37Z
61904,Αγριολεβάντα,el,"","",,Greek,Eleftherios Katsillis,2022-03-09T20:53:47Z
1360105,Πλατυκοκάλι,el,"","",https://www.inaturalist.org/taxon_names/2175054/edit,Greek,,2022-03-15T19:15:16Z
1316614,Κηλιδογωβιός,el,"","",https://www.inaturalist.org/taxon_names/2239624/edit,Greek,,2022-03-16T04:49:02Z
1316614,Κωβιός,el,"","","Philips TK, Moretto P (2025) Revision of the genus _Pseudopedaria_ Felsche, 1904, with descriptions of three new species and a subspecies from Central Africa (Coleoptera: Scarabaeinae: Coprini). Catharsius La Revue (N.S.) 5: 1–26. doi:10.5281/zenodo.17036002.",Greek,,2022-03-16T04:49:04Z
77058,Ρόκα,el,"","",,Greek,Eleftherios Katsillis,2022-03-18T15:54:01Z
55411,Ραπανίδα,el,"","",,Greek,Eleftherios Katsillis,2022-03-18T15:56:39Z
53271,Γογγύλι,el,"","",,Greek,Eleftherios Katsillis,2022-03-18T16:03:28Z
59778,Παστινάκι,el,"","",,Greek,Eleftherios Katsillis,2022-03-18T16:07:11Z
54498,Παντζάρι,el,"","",,Greek,Eleftherios Katsillis,2022-03-18T16:08:24Z
158190,Πράσο,el,"","",,Greek,Eleftherios Katsillis,2022-03-18T16:09:10Z
1289697,Λυροπετεινός,el,"","",https://www.inaturalist.org/taxon_names/1527039/edit,Greek,Sean Cozart,2022-03-21T20:28:53Z
1367386,Γιγαντοχελώνα του Σάντα Κρουζ,el,"","",https://www.inaturalist.org/taxon_names/2505204/edit,Greek,Cole Gaerber,2022-03-22T22:07:38Z
1367395,Γιγαντοχελώνα του Σαν Κριστόμπαλ,el,"","",https://www.inaturalist.org/taxon_names/2505227/edit,Greek,,2022-03-22T22:07:54Z
862705,Σκίλλα της Άνδρου,el,"","",,Greek,Eleftherios Katsillis,2022-03-23T13:40:01Z
1368483,Λευκόπλευρο Δελφίνι του Ατλαντικού,el,"","",https://www.inaturalist.org/taxon_names/2500191/edit,Greek,,2022-03-24T19:41:41Z
1368501,Κολοβός του Temminck,el,"","",https://www.inaturalist.org/taxon_names/2905270/edit,Greek,,2022-03-24T22:52:02Z
486597,Βοϊδοκράτης,el,"","",,Greek,Eleftherios Katsillis,2022-03-25T11:32:36Z
496700,Μεγαλοκέφαλος Καπουτσίνος,el,"","",https://www.inaturalist.org/taxon_names/2902144/edit,Greek,Victor HOYEAU,2022-03-25T23:48:56Z
1369211,Καφέ γουνοφόρος Πίθηκος,el,"","",https://www.inaturalist.org/taxon_names/2902136/edit,Greek,,2022-03-26T00:06:32Z
1369212,Κόκκινος γουνοφόρος Πίθηκος,el,"","",https://www.inaturalist.org/taxon_names/2905266/edit,Greek,,2022-03-26T00:07:09Z
1369209,Γουνοφόρος Πίθηκος του Geoffroy,el,"","",https://www.inaturalist.org/taxon_names/2902175/edit,Greek,,2022-03-26T00:08:45Z
1369308,Μωβ Λανγκούρ,el,"","",https://www.inaturalist.org/taxon_names/2902134/edit,Greek,Sean Cozart,2022-03-26T06:24:57Z
1369286,Τάρσιος των Φιλιππίνων,el,"","",https://www.inaturalist.org/taxon_names/2505145/edit,Greek,,2022-03-26T06:40:14Z
1369285,Δυτικός Τάρσιος,el,"","",https://www.inaturalist.org/taxon_names/2505148/edit,Greek,,2022-03-26T06:44:47Z
469472,μήλο,el,"","",,Greek,,2022-03-27T04:30:39Z
774753,Αχινός,el,"","",,Greek,John E. Christensen,2022-04-01T11:53:45Z
1270306,Μεσογειακός Παχύουρος Σκορπιός,el,"","",,Greek,Agapakis Georgios,2022-04-03T13:40:52Z
1286971,Ανατολική Ασπροκωλίνα,el,"","",https://www.inaturalist.org/taxon_names/2502010/edit,Greek,Philip Schaffer,2022-04-12T05:21:54Z
12825,Δυτική Ασπροκωλίνα,el,"","",https://www.inaturalist.org/taxon_names/2502011/edit,Greek,,2022-04-12T05:22:08Z
566630,Βουνοβατομουριά,el,"","",,Greek,Eleftherios Katsillis,2022-04-13T23:15:29Z
1289467,Ρεικοτσιροβάκος,el,"","",https://www.inaturalist.org/taxon_names/1532312/edit,Greek,rjq,2022-04-18T20:56:12Z
1289468,Σαρδοτσιροβάκος,el,"","",https://www.inaturalist.org/taxon_names/1532311/edit,Greek,,2022-04-18T20:56:29Z
1289474,Αιγαιοτσιροβάκος,el,"","",https://www.inaturalist.org/taxon_names/1532315/edit,Greek,,2022-04-18T20:56:35Z
1289488,Γερακοτσιροβάκος,el,"","",https://www.inaturalist.org/taxon_names/1532317/edit,Greek,,2022-04-18T20:56:52Z
1289477,Ασιατικός Ερημοτσιροβάκος,el,"","",https://www.inaturalist.org/taxon_names/2519252/edit,Greek,,2022-04-18T20:57:01Z
1289478,Αφρικάνικος Ερημοτσιροβάκος,el,"","",https://www.inaturalist.org/taxon_names/2521284/edit,Greek,Nelly Semenova,2022-04-18T20:58:08Z
1289484,Βουνοτσιροβάκος,el,"","",https://www.inaturalist.org/taxon_names/1532318/edit,Greek,carnifex,2022-04-18T20:58:18Z
1289479,Μελωδοτσιροβάκος,el,"","",https://www.inaturalist.org/taxon_names/1532316/edit,Greek,,2022-04-18T21:00:06Z
1289469,Καστανοτσιροβάκος,el,"","",https://www.inaturalist.org/taxon_names/1532314/edit,Greek,,2022-04-18T21:00:17Z
1289470,Θαμνοτσιροβάκος,el,"","",https://www.inaturalist.org/taxon_names/1531509/edit,Greek,Sean Cozart,2022-04-18T21:00:34Z
1289472,Μαυροτσιροβάκος,el,"","",https://www.inaturalist.org/taxon_names/1473129/edit,Greek,,2022-04-18T21:08:09Z
1289382,Ασημομύτης της Μαδαγασκάρης,el,"","",https://www.inaturalist.org/taxon_names/2686122/edit,Greek,max kirsch,2022-04-18T21:48:08Z
51607,γάλανθος,el,"","",,Greek,nalagtus,2022-05-02T10:36:14Z
1316049,Gizani,el,Greece,GR,https://www.inaturalist.org/taxon_names/2714641/edit,Greek,iSea,2022-05-11T17:55:10Z
1316049,Ghizáni,el,"","",https://www.inaturalist.org/taxon_names/2714642/edit,Greek,iSea,2022-05-11T17:55:10Z
1316049,Γκιζάνι,el,Greece,GR,https://www.inaturalist.org/taxon_names/2146653/edit,Greek,iSea,2022-05-11T17:55:11Z
1348247,Όφρυς η Πολυξώ,el,"","",https://www.inaturalist.org/taxon_names/2174407/edit,Greek,,2022-05-11T20:15:35Z
58612,Chryssopsaro,el,"","",https://www.inaturalist.org/taxon_names/2758090/edit,Greek,iSea,2022-05-12T13:20:58Z
58612,Χρυσόψαρο,el,Greece,GR,https://www.inaturalist.org/taxon_names/2758084/edit,Greek,iSea,2022-05-12T13:21:07Z
58612,Κοκκινόψαρο,el,"","",https://www.inaturalist.org/taxon_names/2758087/edit,Greek,iSea,2022-05-12T13:21:08Z
58612,Chrysopsaro,el,"","",https://www.inaturalist.org/taxon_names/2758092/edit,Greek,iSea,2022-05-12T13:21:10Z
58612,Cheisopsaro,el,"","",https://www.inaturalist.org/taxon_names/2758094/edit,Greek,iSea,2022-05-12T13:21:12Z
1289200,Ανατολικός Κοκκινοτσιροβάκος,el,"","",,Greek,Valia Pavlou,2022-05-13T12:12:14Z
1289471,Δυτικός Κοκκινοτσιροβάκος,el,"","",,Greek,Valia Pavlou,2022-05-13T12:12:59Z
1289604,Ευρωπαϊκός Θαλασσοκόρακας,el,Greece,GR,https://www.inaturalist.org/taxon_names/1527060/edit,Greek,iSea,2022-05-15T02:58:37Z
144521,Αετόγλαρος,el,"","",,Greek,Yiannis Banakakis,2022-06-11T20:40:24Z
57278,Βρωμοκαρυδιά,el,"","",,Greek,Eleftherios Katsillis,2022-06-15T20:11:34Z
925109,Άρκαλος,el,"Crete, GR","",,Greek,Eleftherios Katsillis,2022-06-21T22:51:31Z
1398530,Πυγμαίο κουνέλι,el,"","",https://www.inaturalist.org/taxon_names/2189031/edit,Greek,Mason Maron,2022-06-24T22:29:12Z
1398530,Βραχυλαγός του Αϊντάχο,el,"","",https://www.inaturalist.org/taxon_names/2189032/edit,Greek,Mason Maron,2022-06-24T22:29:13Z
43096,Βραχυλαγός,el,"","",https://www.inaturalist.org/taxon_names/2189030/edit,Greek,,2022-06-24T22:29:41Z
472137,Πορφυρή κολλητσίδα,el,"","",,Greek,stelioskaripidis,2022-07-01T08:48:03Z
94251,Αλυκόψαρο,el,"","",,Greek,stelioskaripidis,2022-07-15T15:39:00Z
97761,Ζωνογωβιός,el,"","",,Greek,stelioskaripidis,2022-07-15T15:41:03Z
505877,Κρυπτογωβιός,el,"","",,Greek,stelioskaripidis,2022-07-15T15:41:50Z
1313296,Γωβιός του Παλαόρο,el,"","",,Greek,stelioskaripidis,2022-07-15T15:42:52Z
118716,Καλλιώνυμος μεγαλόπτερος,el,"","",,Greek,stelioskaripidis,2022-07-15T15:49:11Z
1403216,Οχιά της Μήλου,el,"","",https://www.inaturalist.org/taxon_names/1532149/edit,Greek,Cole Gaerber,2022-07-22T20:36:45Z
1403550,Πτυχωτό αδράχτι,el,"","",https://www.inaturalist.org/taxon_names/2265077/edit,Greek,,2022-07-25T00:57:12Z
199875,Λιανοσαλίγκαρος,el,"","",https://www.inaturalist.org/taxon_names/2262627/edit,Greek,,2022-07-25T22:22:04Z
544267,Μαύρος λαγός,el,"","",https://www.inaturalist.org/taxon_names/2189049/edit,Greek,,2022-07-27T23:09:50Z
41526,Κοινό Μακρύρυγχο Δελφίνι,el,"","",https://www.inaturalist.org/taxon_names/2498295/edit,Greek,,2022-08-12T22:01:39Z
62652,Δυόσμος,el,"","",,Greek,Eleftherios Katsillis,2022-08-31T20:01:30Z
1416287,Σκυλόψαρο,el,"","",http://www.catalogueoflife.org/annual-checklist/details/species/id/10068720/common/152177,Greek,iSea,2022-09-20T20:25:49Z
1416287,Ποταμοσαλιάρα,el,"","",https://www.inaturalist.org/taxon_names/2629351/edit,Greek,iSea,2022-09-20T20:25:49Z
1416287,Πετρόψαρο,el,"","","Philips TK, Moretto P (2025) Revision of the genus _Pseudopedaria_ Felsche, 1904, with descriptions of three new species and a subspecies from Central Africa (Coleoptera: Scarabaeinae: Coprini). Catharsius La Revue (N.S.) 5: 1–26. doi:10.5281/zenodo.17036002.",Greek,iSea,2022-09-20T20:25:50Z
82671,Αλιμιά,el,"","",,Greek,Eleftherios Katsillis,2022-09-23T18:37:16Z
112372,Σκυλί,el,"","","Philips TK, Moretto P (2025) Revision of the genus _Pseudopedaria_ Felsche, 1904, with descriptions of three new species and a subspecies from Central Africa (Coleoptera: Scarabaeinae: Coprini). Catharsius La Revue (N.S.) 5: 1–26. doi:10.5281/zenodo.17036002.",Greek,iSea,2022-10-31T11:54:34Z
48867,Αρεκοειδή,el,"","",,Greek,John E. Christensen,2022-11-02T10:45:10Z
1424716,Κουρκούταβλος,el,"","",https://www.inaturalist.org/taxon_names/2393092/edit,Greek,,2022-11-03T04:17:57Z
1424711,Κουρκουτάς,el,"","",https://www.inaturalist.org/taxon_names/2266250/edit,Greek,,2022-11-03T04:18:05Z
1425502,Φανετοκάναρο,el,"","",,Greek,Valia Pavlou,2022-11-07T02:04:16Z
1316601,Κωβιός,el,"","","Philips TK, Moretto P (2025) Revision of the genus _Pseudopedaria_ Felsche, 1904, with descriptions of three new species and a subspecies from Central Africa (Coleoptera: Scarabaeinae: Coprini). Catharsius La Revue (N.S.) 5: 1–26. doi:10.5281/zenodo.17036002.",Greek,lwnrngr,2022-11-16T21:24:12Z
723262,Ουκρανικό Καλαμοτσίχλονο,el,"","",,Greek,Valia Pavlou,2022-11-21T17:02:42Z
723261,Ευρωπαϊκό Καλαμοτσίχλονο,el,"","",,Greek,Valia Pavlou,2022-11-21T17:04:48Z
1289741,Καλαμοτσίχλονο των Βόρειων Βαλκανίων,el,"","",,Greek,Valia Pavlou,2022-11-21T17:07:16Z
723260,Καλαμοτσίχλονο των Νότιων Βαλκανίων,el,"","",,Greek,Valia Pavlou,2022-11-21T17:08:24Z
67819,Μοντανονεροαρουραίος,el,"","",https://www.inaturalist.org/taxon_names/2499048/edit,Greek,Victor HOYEAU,2022-12-05T22:32:58Z
1431272,Βόρειος ερυθρόπλατος Σκαπτοποντικός,el,"","",https://www.inaturalist.org/taxon_names/2500328/edit,Greek,Victor HOYEAU,2022-12-06T18:10:09Z
1431273,Δασοσκαπτοποντικός,el,"","",https://www.inaturalist.org/taxon_names/2498523/edit,Greek,,2022-12-06T18:16:44Z
1431813,Γέρβιλος του Dahl,el,"","",https://www.inaturalist.org/taxon_names/2500209/edit,Greek,,2022-12-06T18:47:08Z
1431262,Γκρίζο Χάμστερ (Νανοκρικετός),el,"","",https://www.inaturalist.org/taxon_names/2499907/edit,Greek,,2022-12-06T18:56:23Z
74703,Στεπομυωτίδα,el,"","",https://www.inaturalist.org/taxon_names/2500329/edit,Greek,,2022-12-06T20:09:18Z
165590,Ασκορδούλακας,el,"","",https://www.inaturalist.org/taxon_names/1983361/edit,Greek,,2022-12-09T18:41:40Z
165590,Λεοπόλδια η εύκομη,el,"","",https://www.inaturalist.org/taxon_names/2174644/edit,Greek,,2022-12-09T18:41:41Z
162845,Αλεξανδρινό,el,"","",,Greek,Eleftherios Katsillis,2023-01-03T19:54:46Z
120023,Στεπογερακίνα,el,"","",,Greek,Valia Pavlou,2023-01-07T19:10:34Z
1445438,Κονσολίντα η βασιλική,el,"","",https://www.inaturalist.org/taxon_names/1268837/edit,Greek,Dmitriy Bochkov,2023-01-29T22:17:28Z
47604,Σύνθετα,el,"","",,Greek,John E. Christensen,2023-01-30T13:45:55Z
47208,Σκαθάρια,el,"","",,Greek,Eleftherios Katsillis,2023-02-05T13:26:02Z
49284,Σκαρίδες,el,"","",https://www.inaturalist.org/taxon_names/2187023/edit,Greek,,2023-02-14T03:25:17Z
1449443,Βάτος ο ιερός,el,"","",https://www.inaturalist.org/taxon_names/2341568/edit,Greek,,2023-02-14T06:44:32Z
1289740,Καλαμοτσίχλονο της Μαύρης Θάλασσας,el,"","",,Greek,Valia Pavlou,2023-02-23T19:12:42Z
1273318,Πρασινόφρυνος,el,"","",https://www.inaturalist.org/taxon_names/2230375/edit,Greek,,2023-02-24T17:23:03Z
1273318,Πράσινος Φρύνος,el,"","",https://www.inaturalist.org/taxon_names/1530716/edit,Greek,,2023-02-24T17:23:06Z
1453016,Ανατολικός πρασινόφρυνος,el,"","",https://www.inaturalist.org/taxon_names/2230374/edit,Greek,,2023-02-24T17:26:35Z
1431618,Σκαπτοποντικός των Πυρηναίων,el,"","",https://www.inaturalist.org/taxon_names/2500208/edit,Greek,,2023-02-24T20:50:03Z
1453431,Ερυθρόλαιμο Ουάλαμπι,el,"","",https://www.inaturalist.org/taxon_names/2498520/edit,Greek,,2023-02-26T21:17:33Z
1453432,Ουάλαμπι της άμμου,el,"","",https://www.inaturalist.org/taxon_names/2498907/edit,Greek,Matthew Connors,2023-02-26T21:17:49Z
1453434,Ουάλαμπι Ντάμα,el,"","",https://www.inaturalist.org/taxon_names/2505317/edit,Greek,,2023-02-26T21:18:02Z
1431009,Αγριόγατα του Παντανάλ,el,"","",https://www.inaturalist.org/taxon_names/2901627/edit,Greek,,2023-02-26T21:56:31Z
20526,Στρουθοκάμηλος,el,"","",,Greek,Johan Devos,2023-02-28T22:22:14Z
1454382,Αμερικανικός Κορμοράνος,el,"","",https://www.inaturalist.org/taxon_names/1046307/edit,Greek,,2023-03-01T05:48:28Z
1449268,Βάτος η θαμνώδης,el,"","",https://www.inaturalist.org/taxon_names/1268881/edit,Greek,Tony Wills,2023-03-07T11:39:26Z
1455922,Φοινικοτρύγονο,el,"","",https://www.inaturalist.org/taxon_names/1531979/edit,Greek,,2023-03-08T06:23:38Z
153933,Μεσογειακό Λυκόφυτο,el,"","",,Greek,Konstantinos Kalaentzis,2023-04-14T17:26:58Z
1464729,Κιτρινοσουσουράδα (Xanthophrys),el,"","",,Greek,Valia Pavlou,2023-04-15T05:17:53Z
76610,Άγριο καρότο,el,"","",,Greek,Eleftherios Katsillis,2023-05-04T19:58:35Z
51886,Κνίδη,el,"","",,Greek,Eleftherios Katsillis,2023-05-05T15:21:17Z
613166,Ασπρογρίβαδο,el,"","",,Greek,Eleftherios Katsillis,2023-05-26T20:59:06Z
53911,Γριβάδι,el,"","",,Greek,Eleftherios Katsillis,2023-05-26T20:59:43Z
169856,Ρυγχόσπερμα,el,"","",,Greek,Eleftherios Katsillis,2023-06-08T16:10:59Z
169856,Γιασεμί ρυγχόσπερμο,el,"","",,Greek,Eleftherios Katsillis,2023-06-08T16:11:26Z
155898,Τραχηλόσπερμα,el,"","",,Greek,Eleftherios Katsillis,2023-06-08T16:11:45Z
43583,Άνθρωπος του Νεάντερταλ,el,"","",https://www.inaturalist.org/taxon_names/2505334/edit,Greek,,2023-06-19T18:23:18Z
244029,Άλλιο Το Υπόδασυ Υπόδασυ,el,"","",https://www.inaturalist.org/taxon_names/2186338/edit,Greek,,2023-06-21T00:57:41Z
64161,Μαλακό σιτάρι,el,"","",,Greek,Eleftherios Katsillis,2023-07-02T18:52:27Z
54662,Μουγίλος,el,"","",,Greek,Eleftherios Katsillis,2023-07-03T16:25:33Z
47797,Ανεμώνες,el,Greece,GR,,Greek,MARIA SYNATIKA,2023-08-09T13:51:55Z
551865,Άρκευθος η μακρόκαρπη,el,"","",,Greek,Eleftherios Katsillis,2023-08-12T18:21:31Z
120648,Καλκάνι,el,"","","Philips TK, Moretto P (2025) Revision of the genus _Pseudopedaria_ Felsche, 1904, with descriptions of three new species and a subspecies from Central Africa (Coleoptera: Scarabaeinae: Coprini). Catharsius La Revue (N.S.) 5: 1–26. doi:10.5281/zenodo.17036002.",Greek,,2023-08-18T09:58:14Z
416585,Καλκάνι,el,"","","Philips TK, Moretto P (2025) Revision of the genus _Pseudopedaria_ Felsche, 1904, with descriptions of three new species and a subspecies from Central Africa (Coleoptera: Scarabaeinae: Coprini). Catharsius La Revue (N.S.) 5: 1–26. doi:10.5281/zenodo.17036002.",Greek,Eric.L.Chen,2023-08-18T09:58:15Z
118636,Καλκάνι,el,Greece,GR,"Philips TK, Moretto P (2025) Revision of the genus _Pseudopedaria_ Felsche, 1904, with descriptions of three new species and a subspecies from Central Africa (Coleoptera: Scarabaeinae: Coprini). Catharsius La Revue (N.S.) 5: 1–26. doi:10.5281/zenodo.17036002.",Greek,iSea,2023-08-18T09:58:15Z
50963,Καλκάνι,el,Greece,GR,"Philips TK, Moretto P (2025) Revision of the genus _Pseudopedaria_ Felsche, 1904, with descriptions of three new species and a subspecies from Central Africa (Coleoptera: Scarabaeinae: Coprini). Catharsius La Revue (N.S.) 5: 1–26. doi:10.5281/zenodo.17036002.",Greek,iSea,2023-08-18T09:58:15Z
118640,Καλκάνι,el,"","","Philips TK, Moretto P (2025) Revision of the genus _Pseudopedaria_ Felsche, 1904, with descriptions of three new species and a subspecies from Central Africa (Coleoptera: Scarabaeinae: Coprini). Catharsius La Revue (N.S.) 5: 1–26. doi:10.5281/zenodo.17036002.",Greek,Victor HOYEAU,2023-08-18T09:58:15Z
118654,Συναγρίδα,el,"","",,Greek,arion_p,2023-08-22T06:39:18Z
956048,Αγκαθοκολιά,el,"","",,Greek,Eleftherios Katsillis,2023-08-27T14:42:58Z
1494783,Τσιπούρα,el,"","",https://www.inaturalist.org/taxon_names/2149490/edit,Greek,,2023-09-09T00:45:34Z
461451,Εκτοβιίνες,el,"","",https://www.inaturalist.org/taxon_names/2186594/edit,Greek,,2023-09-11T08:29:22Z
204093,Σαγκίνοι,el,"","",https://www.inaturalist.org/taxon_names/2229649/edit,Greek,,2023-10-06T09:07:10Z
759071,Σφιγγόνωτος ο τροπιδωτός,el,"","",https://www.inaturalist.org/taxon_names/2267920/edit,Greek,,2023-10-07T00:05:26Z
430676,Αντρουκλιά,el,Cyprus,"",,Greek,Sotirios Liakas,2023-10-14T13:33:51Z
72516,Βουνοσταχτάρα,el,"","",https://www.inaturalist.org/taxon_names/1532018/edit,Greek,Raúl MT,2023-10-29T11:53:37Z
4788,Βουνοσφυριχτής,el,"","",https://www.inaturalist.org/taxon_names/1531244/edit,Greek,Victor HOYEAU,2023-10-29T13:13:46Z
253696,Χταπόδι παλάμη,el,"","",,Greek,Bobby McCabe,2023-10-29T22:47:11Z
1505622,Στεποσφυριχτής,el,"","",https://www.inaturalist.org/taxon_names/1531242/edit,Greek,,2023-10-30T00:31:58Z
1505629,Μεγάλος Ερημοσφυριχτής,el,"","",https://www.inaturalist.org/taxon_names/1531240/edit,Greek,Sean Cozart,2023-10-30T00:55:06Z
1505668,Μικροσφυριχτής,el,"","",https://www.inaturalist.org/taxon_names/1531236/edit,Greek,max kirsch,2023-10-30T00:57:33Z
1505620,Θαλασσοσφυριχτής,el,Greece,GR,https://www.inaturalist.org/taxon_names/1531238/edit,Greek,iSea,2023-10-30T12:34:58Z
151347,Κοντόχοντρη σουπίτσα,el,"","",,Greek,Bobby McCabe,2023-10-31T02:07:11Z
85085,Θαμνοϊτιά,el,"","",,Greek,Eleftherios Katsillis,2023-11-06T20:53:19Z
103707,Κερκυρογωβιός,el,"","",https://www.inaturalist.org/taxon_names/2712897/edit,Greek,,2023-11-10T03:40:27Z
103707,Kerkyrogovios,el,"","",https://www.inaturalist.org/taxon_names/2712899/edit,Greek,,2023-11-10T03:40:27Z
479640,Σκούπα της Μάγισσας,el,"","",,Greek,Eleftherios Katsillis,2023-12-18T19:52:34Z
1510219,Κιτρινοσουσουράδα (Superciliaris),el,"","",,Greek,Valia Pavlou,2023-12-28T12:10:33Z
1521336,Κιτρινοσουσουράδα (Dombrowskii),el,"","",,Greek,Valia Pavlou,2023-12-28T12:31:17Z
159098,Μπελαντόνα,el,"","",https://www.inaturalist.org/taxon_names/2171255/edit,Greek,,2023-12-28T18:49:45Z
1521718,Κονβόλβουλος ο αλθαιοειδής,el,"","",https://www.inaturalist.org/taxon_names/2205871/edit,Greek,Errol Véla,2023-12-31T19:58:22Z
1510571,Νότια Καμηλοπάρδαλη,el,"","",,Greek,Yiannis Banakakis,2024-01-11T22:24:15Z
1369296,Λευκοπρόσωπος Καπουτσίνος της Κεντρικής Αμερικής,el,"","",,Greek,Yiannis Banakakis,2024-01-11T22:29:51Z
1431867,Νότιος Τραγέλαφος,el,"","",,Greek,Yiannis Banakakis,2024-01-11T22:30:20Z
1510574,Ανατολική Καμηλοπάρδαλη (Μασάι),el,"","",,Greek,Yiannis Banakakis,2024-01-11T22:30:54Z
1431239,Δυτικός Ελαφοποντικός,el,"","",,Greek,Yiannis Banakakis,2024-01-11T22:31:14Z
1264427,Κοντόουρη Νυφίτσα,el,"","",,Greek,Yiannis Banakakis,2024-01-11T22:31:36Z
45938,Ινδικός Φοινικοσκίουρος,el,"","",,Greek,Yiannis Banakakis,2024-01-11T22:32:36Z
42658,Λευκόωτο Οπόσουμ,el,"","",,Greek,Yiannis Banakakis,2024-01-11T22:32:58Z
197809,Σκιουράκι των Γκρεμών,el,"","",,Greek,Yiannis Banakakis,2024-01-11T22:33:23Z
46256,Αμμοσπερμόφιλος του Harris,el,"","",,Greek,Yiannis Banakakis,2024-01-11T22:34:02Z
852334,Ορεινό Βισκάτσα,el,"","",,Greek,Yiannis Banakakis,2024-01-11T22:34:31Z
180001,Αρκτικός Εδαφόβιος Σκίουρος,el,"","",,Greek,Yiannis Banakakis,2024-01-11T22:35:05Z
46003,Σκίουρος του Γιουκατάν,el,"","",,Greek,Yiannis Banakakis,2024-01-11T22:36:02Z
1453438,Κοινό Γουαλουρό,el,"","",,Greek,Yiannis Banakakis,2024-01-11T22:36:36Z
46110,Κιτρινοπόδαρος Σκίουρος,el,"","",,Greek,Yiannis Banakakis,2024-01-11T22:36:56Z
45998,Σκίουρος της Βραζιλίας,el,"","",,Greek,Yiannis Banakakis,2024-01-11T22:37:14Z
180009,Εδαφόβιος Σκίουρος με χρυσό μανδύα,el,"","",,Greek,Yiannis Banakakis,2024-01-11T22:37:46Z
42426,Αντιλόπη Νιλγκάι,el,"","",,Greek,Yiannis Banakakis,2024-01-11T22:38:04Z
1368519,Σκιουροπίθηκος του Humboldt,el,"","",,Greek,Yiannis Banakakis,2024-01-11T22:38:44Z
46180,Κυνώμυς του Gunnison,el,"","",,Greek,Yiannis Banakakis,2024-01-11T22:40:10Z
46019,Γκρίζος Σκίουρος της Αριζόνα,el,"","",,Greek,Yiannis Banakakis,2024-01-11T23:52:59Z
42970,Θυλογαλή της Τασμανίας,el,"","",,Greek,Yiannis Banakakis,2024-01-11T23:53:37Z
46994,Ασπάλακας της Καλιφόρνια,el,"","",,Greek,Yiannis Banakakis,2024-01-11T23:55:00Z
42332,Ιππότραγος Ροάν,el,"","",,Greek,Yiannis Banakakis,2024-01-11T23:56:00Z
47056,Αστερόρυγχος Ασπάλακας,el,"","",,Greek,Yiannis Banakakis,2024-01-11T23:56:31Z
43294,Νότιο Καφέ Μπάντικουτ,el,"","",,Greek,Yiannis Banakakis,2024-01-11T23:57:08Z
41667,Ρακούν της Νότιας Αμερικής,el,"","",,Greek,Yiannis Banakakis,2024-01-11T23:57:30Z
41774,Γκριζοκέφαλη Ταΐρα,el,"","",,Greek,Yiannis Banakakis,2024-01-11T23:59:50Z
41879,Κουκουλοφόρος Μεφίτης,el,"","",,Greek,Yiannis Banakakis,2024-01-12T00:00:41Z
44126,Γερβίλος του Merriam,el,"","",,Greek,Yiannis Banakakis,2024-01-12T00:01:41Z
179995,Εδαφόβιος Σκίουρος του Belding,el,"","",,Greek,Yiannis Banakakis,2024-01-12T00:02:20Z
225755,Πευκοσκιουράκι,el,"","",,Greek,Yiannis Banakakis,2024-01-12T00:02:59Z
42390,Πρόβατο του Νταλ,el,"","",,Greek,Yiannis Banakakis,2024-01-12T00:03:29Z
41906,Κοινή Νανομανγκούστα,el,"","",,Greek,Yiannis Banakakis,2024-01-12T00:03:49Z
41911,Κίτρινη Μανγκούστα,el,"","",,Greek,Yiannis Banakakis,2024-01-12T00:04:13Z
42330,Αντιλόπη Κομπ,el,"","",,Greek,Yiannis Banakakis,2024-01-12T00:04:35Z
871614,Νοτιοαφρικανικός Εδαφόβιος Σκίουρος,el,"","",,Greek,Yiannis Banakakis,2024-01-12T00:04:58Z
46014,Σκίουρος του Allen,el,"","",,Greek,Yiannis Banakakis,2024-01-12T00:05:40Z
225757,Σκιουράκι της Γιούτα,el,"","",,Greek,Yiannis Banakakis,2024-01-12T00:06:36Z
46266,Βόρειος Ιπτάμενος Σκίουρος,el,"","",,Greek,Yiannis Banakakis,2024-01-12T00:06:55Z
46030,Ινδικός Γιγάντιος Σκίουρος,el,"","",,Greek,Yiannis Banakakis,2024-01-12T00:07:16Z
41006,Μεγάλη Φρουτονυχτερίδα,el,"","",,Greek,Yiannis Banakakis,2024-01-12T00:07:36Z
45723,Ριγωτός Αγροποντικός του Ακρωτηρίου,el,"","",,Greek,Yiannis Banakakis,2024-01-12T00:08:28Z
47049,Τριχόουρος Ασπάλακας,el,"","",,Greek,Yiannis Banakakis,2024-01-12T00:08:46Z
74111,Ινδικό Γκαούρ,el,"","",,Greek,Yiannis Banakakis,2024-01-12T00:09:06Z
42228,Ελάφι των βάλτων,el,"","",,Greek,Yiannis Banakakis,2024-01-12T00:09:23Z
41481,Ρινοδέλφινο του Ινδοειρηνικού,el,"","",,Greek,Yiannis Banakakis,2024-01-12T00:09:50Z
45292,Κοινός Υδρόμυς,el,"","",,Greek,Yiannis Banakakis,2024-01-12T00:16:48Z
44570,Αυστραλιανός Θαμνοποντικός,el,"","",,Greek,Yiannis Banakakis,2024-01-12T00:17:08Z
41337,Μεγάλη Θυλακόφτερη Νυχτερίδα,el,"","",,Greek,Yiannis Banakakis,2024-01-12T00:17:44Z
42961,Κοκκινοπόδαρη Θυλογαλή,el,"","",,Greek,Yiannis Banakakis,2024-01-12T00:18:01Z
179937,Εδαφόβιος Σκίουρος του Φράνκλιν,el,"","",,Greek,Yiannis Banakakis,2024-01-12T00:18:20Z
41625,Μασκοφόρο Σιβέτ των φοινίκων,el,"","",,Greek,Yiannis Banakakis,2024-01-12T00:18:50Z
74414,Λεπτή Μανγκούστα,el,"","",,Greek,Yiannis Banakakis,2024-01-12T00:19:33Z
74659,Ινδικό Κόκκινο Ελάφι,el,"","",,Greek,Yiannis Banakakis,2024-01-12T00:19:58Z
43306,Μακρύρυγχο Μπάντικουτ,el,"","",,Greek,Yiannis Banakakis,2024-01-12T00:20:19Z
197791,Μεξικανικός Δενδροακανθόχοιρος,el,"","",,Greek,Yiannis Banakakis,2024-01-12T00:21:50Z
47051,Αμερικανικός Μυγαλοασπάλακας,el,"","",,Greek,Yiannis Banakakis,2024-01-12T00:22:19Z
179987,Εδαφόβιος Σκίουρος του Ρίο Γκράντε,el,"","",,Greek,Yiannis Banakakis,2024-01-12T00:22:59Z
41919,Νερομανγκούστα,el,"","",,Greek,Yiannis Banakakis,2024-01-12T00:23:14Z
46033,Μαύρος Γιγάντιος Σκίουρος,el,"","",,Greek,Yiannis Banakakis,2024-01-12T00:23:33Z
179992,Στικτός Εδαφόβιος Σκίουρος,el,"","",,Greek,Yiannis Banakakis,2024-01-12T00:23:50Z
42334,Μαύρος Ιππότραγος,el,"","",,Greek,Yiannis Banakakis,2024-01-12T00:24:10Z
41503,Στικτοδέλφινο του Ατλαντικού,el,"","",,Greek,Yiannis Banakakis,2024-01-12T00:24:41Z
41678,Κινκαγιού,el,"","",,Greek,Yiannis Banakakis,2024-01-12T00:24:58Z
925977,Ινδική Γκρίζα Μανγκούστα,el,"","",,Greek,Yiannis Banakakis,2024-01-12T00:25:38Z
74413,Γκρίζα Μανγκούστα του Ακρωτηρίου,el,"","",,Greek,Yiannis Banakakis,2024-01-12T00:25:54Z
42176,Κοινό Κόκκινο Μαζάμα,el,"","",,Greek,Yiannis Banakakis,2024-01-12T00:26:42Z
46004,Σκίουρος του Γκουαγιακουίλ,el,"","",,Greek,Yiannis Banakakis,2024-01-12T00:27:30Z
42416,Ινδική Αντιλόπη,el,"","",,Greek,Yiannis Banakakis,2024-01-12T00:28:18Z
58393,Δυτικός Στικτός Μεφίτης,el,"","",,Greek,Yiannis Banakakis,2024-01-12T00:29:24Z
179999,Εδαφόβιος Σκίουρος της Νεβάδα,el,"","",,Greek,Yiannis Banakakis,2024-01-12T00:29:44Z
925950,Μεφίτης της Παταγονίας,el,"","",,Greek,Yiannis Banakakis,2024-01-12T00:30:29Z
43301,Βόρειο Καφέ Μπάντικουτ,el,"","",,Greek,Yiannis Banakakis,2024-01-12T00:30:55Z
42657,Κοινό Βραζιλιανό Οπόσουμ,el,"","",,Greek,Yiannis Banakakis,2024-01-12T00:31:16Z
43099,Μεξικανικό Αγριοκούνελο,el,"","",,Greek,Yiannis Banakakis,2024-01-12T00:31:36Z
1431249,Αγροποντικός του Gambel,el,"","",,Greek,Yiannis Banakakis,2024-01-12T00:32:04Z
40793,Μικρή Κοντόρυγχη Φρουτονυχτερίδα,el,"","",,Greek,Yiannis Banakakis,2024-01-12T00:32:35Z
453111,Κουνάβι του Ειρηνικού,el,"","",,Greek,Yiannis Banakakis,2024-01-12T00:33:03Z
43088,Κιτρινόστικτο Ύραξ,el,"","",,Greek,Yiannis Banakakis,2024-01-12T00:33:24Z
40569,Νυχτερίδα του σούρουπου,el,"","",,Greek,Yiannis Banakakis,2024-01-12T00:35:51Z
180004,Μακρόουρος Εδαφόβιος Σκίουρος,el,"","",,Greek,Yiannis Banakakis,2024-01-12T00:36:09Z
42955,Κουόκα,el,"","",,Greek,Yiannis Banakakis,2024-01-12T00:36:24Z
46016,Σκίουρος του Collie,el,"","",,Greek,Yiannis Banakakis,2024-01-12T00:37:33Z
43721,Αγούτι του Αζάρα,el,"","",,Greek,Yiannis Banakakis,2024-01-12T00:37:54Z
46841,Βορειοαμερικανική Νανομυγαλή,el,"","",,Greek,Yiannis Banakakis,2024-01-12T00:39:24Z
40792,Μεγάλη Κοντόρυγχη Φρουτονυχτερίδα,el,"","",,Greek,Yiannis Banakakis,2024-01-12T00:39:50Z
40187,Κιτρινοπόδαρος Αντεχίνος,el,"","",,Greek,Yiannis Banakakis,2024-01-12T00:40:15Z
47088,Μεγάλος Τριχωτός Αρμαδίλλος,el,"","",,Greek,Yiannis Banakakis,2024-01-12T00:40:36Z
45941,Γκριζόγαστρος Σκίουρος,el,"","",,Greek,Yiannis Banakakis,2024-01-12T00:41:07Z
553059,Ιπτάμενος Σκίουρος του Όρεγκον,el,"","",,Greek,Yiannis Banakakis,2024-01-12T00:41:25Z
44066,Βόρειος Γεώμυς,el,"","",,Greek,Yiannis Banakakis,2024-01-12T00:42:08Z
42380,Αντιλόπη Ορίμπι,el,"","",,Greek,Yiannis Banakakis,2024-01-12T00:42:31Z
42783,Μεγάλος Πέταυρος,el,"","",,Greek,Yiannis Banakakis,2024-01-12T00:42:51Z
1431274,Κόκκινος Σκαπτοποντικός,el,"","",,Greek,Yiannis Banakakis,2024-01-12T00:44:18Z
42376,Γκρισμπόκ του Ακρωτηρίου,el,"","",,Greek,Yiannis Banakakis,2024-01-12T00:44:53Z
47007,Ασπάλακας του Ειρηνικού,el,"","",,Greek,Yiannis Banakakis,2024-01-12T00:45:14Z
46531,Ασιατική Σπιτομυγαλή,el,"","",,Greek,Yiannis Banakakis,2024-01-12T00:45:35Z
1453439,Κόκκινο Καγκουρό,el,"","",,Greek,Yiannis Banakakis,2024-01-12T00:45:49Z
41500,Τροπικό Στικτοδέλφινο,el,"","",,Greek,Yiannis Banakakis,2024-01-12T00:46:21Z
225754,Σκιουράκι του Σονόμα,el,"","",,Greek,Yiannis Banakakis,2024-01-12T00:46:43Z
42336,Γκρίζο Ρέμποκ,el,"","",,Greek,Yiannis Banakakis,2024-01-12T00:48:03Z
41627,Αφρικανικό Σιβέτ,el,"","",,Greek,Yiannis Banakakis,2024-01-12T00:48:20Z
45997,Σκίουρος του Deppe,el,"","",,Greek,Yiannis Banakakis,2024-01-12T00:48:40Z
46886,Νότια Κοντόουρη Μυγαλή,el,"","",,Greek,Yiannis Banakakis,2024-01-12T00:49:02Z
42304,Μποχόρ,el,"","",,Greek,Yiannis Banakakis,2024-01-12T00:49:27Z
46296,Βόρεια Δενδρομυγαλή,el,"","",,Greek,Yiannis Banakakis,2024-01-12T00:49:46Z
42281,Μαύρο Γκνου,el,"","",,Greek,Yiannis Banakakis,2024-01-12T00:50:01Z
42329,Κόκκινο Λέτσγουε,el,"","",,Greek,Yiannis Banakakis,2024-01-12T00:50:57Z
42305,Νότιο Ρίντμπακ,el,"","",,Greek,Yiannis Banakakis,2024-01-12T00:51:44Z
225749,Σκιουράκι του Κολοράντο,el,"","",,Greek,Yiannis Banakakis,2024-01-12T00:52:03Z
1407675,Κουέντα,el,"","",,Greek,Yiannis Banakakis,2024-01-12T00:53:59Z
41153,Τεντονυχτερίδα,el,"","",,Greek,Yiannis Banakakis,2024-01-12T00:54:32Z
74870,Μπλε Ντουίκερ,el,"","",,Greek,Yiannis Banakakis,2024-01-12T00:55:33Z
47083,Εξάζωνος Αρμαδίλλος,el,"","",,Greek,Yiannis Banakakis,2024-01-12T00:56:39Z
64102,Μακρόωτος Ξυλοποντικός,el,"","",,Greek,Yiannis Banakakis,2024-01-12T00:57:03Z
697692,Ζωνοσκίουρος των Ιμαλαίων,el,"","",,Greek,Yiannis Banakakis,2024-01-12T00:57:35Z
852338,Βραζιλιανό Αγούτι,el,"","",,Greek,Yiannis Banakakis,2024-01-12T00:57:52Z
42171,Ελάφι της Πάμπας,el,"","",,Greek,Yiannis Banakakis,2024-01-12T00:58:09Z
42809,Κοντόωτο Οπόσουμ,el,"","",,Greek,Yiannis Banakakis,2024-01-12T00:58:31Z
46176,Μεξικανικός Κυνώμυς,el,"","",,Greek,Yiannis Banakakis,2024-01-12T00:58:51Z
42138,Ποταμόχοιρος,el,"","",,Greek,Yiannis Banakakis,2024-01-12T00:59:17Z
42550,Κεντροαμερικανικό Τριχωτό Οπόσουμ,el,"","",,Greek,Yiannis Banakakis,2024-01-12T01:00:12Z
1458045,Αυστραλιανός Βαλτοαρουραίος,el,"","",,Greek,Yiannis Banakakis,2024-01-12T01:00:31Z
46024,Μεξικανικός Σκίουρος-Αλεπού,el,"","",,Greek,Yiannis Banakakis,2024-01-12T01:00:52Z
42968,Ερυθρόλαιμη Θυλογαλή,el,"","",,Greek,Yiannis Banakakis,2024-01-12T01:01:10Z
40911,Διοπτροφόρα Ιπτάμενη Αλεπού,el,"","",,Greek,Yiannis Banakakis,2024-01-12T01:01:29Z
45937,Φοινικοσκίουρος της ζούγκλας,el,"","",,Greek,Yiannis Banakakis,2024-01-12T01:02:03Z
46241,Εδαφόβιος Σκίουρος της Βαρβαρίας,el,"","",,Greek,Yiannis Banakakis,2024-01-12T01:02:26Z
43759,Τυφλοπόντικας του Ακρωτηρίου,el,"","",,Greek,Yiannis Banakakis,2024-01-12T01:02:47Z
1510573,Σομαλική Καμηλοπάρδαλη,el,"","",,Greek,Yiannis Banakakis,2024-01-12T01:03:04Z
42115,Λευκόχειλο Πέκαρι,el,"","",,Greek,Yiannis Banakakis,2024-01-12T01:03:37Z
44172,Ανατολικοασιατικός Ακανθόχοιρος,el,"","",,Greek,Yiannis Banakakis,2024-01-12T01:04:01Z
41472,Ποταμοδέλφινο του Αμαζονίου,el,"","",,Greek,Yiannis Banakakis,2024-01-12T01:04:43Z
46177,Λευκόουρος Κυνώμυς,el,"","",,Greek,Yiannis Banakakis,2024-01-12T01:05:02Z
42722,Σκιουροπέταυρος,el,"","",,Greek,Yiannis Banakakis,2024-01-12T01:05:18Z
1453430,Ουάλαμπι με μαστιγωτή ουρά,el,"","",,Greek,Yiannis Banakakis,2024-01-12T01:06:09Z
1353295,Ταπέτι των Άνδεων,el,"","",,Greek,Yiannis Banakakis,2024-01-12T01:07:43Z
46150,Λεπτός Σκίουρος,el,"","",,Greek,Yiannis Banakakis,2024-01-12T01:08:10Z
44761,Θαμνόουρος Ξυλοποντικός,el,"","",,Greek,Yiannis Banakakis,2024-01-12T01:08:30Z
43715,Μαύρο Αγούτι,el,"","",,Greek,Yiannis Banakakis,2024-01-12T01:08:44Z
1490570,Βόρειο Τετράφθαλμο Οπόσουμ,el,"","",,Greek,Yiannis Banakakis,2024-01-12T01:09:08Z
42807,Βουνίσιο Βουρτσόουρο Οπόσουμ,el,"","",,Greek,Yiannis Banakakis,2024-01-12T01:09:31Z
44431,Δυτικός Νανοποντικός,el,"","",,Greek,Yiannis Banakakis,2024-01-12T01:10:35Z
552456,Δενδροακανθόχοιρος της Παραγουάης,el,"","",,Greek,Yiannis Banakakis,2024-01-12T01:11:05Z
40717,Μεγάλος Φυλλορινόλοφος,el,"","",,Greek,Yiannis Banakakis,2024-01-12T01:11:55Z
44120,Διποδόμυς της ερήμου,el,"","",,Greek,Yiannis Banakakis,2024-01-12T01:12:31Z
46283,Κοινή Δενδρομυγαλή,el,"","",,Greek,Yiannis Banakakis,2024-01-12T01:12:45Z
41791,Κιτρινόλαιμο Κουνάβι,el,"","",,Greek,Yiannis Banakakis,2024-01-12T01:13:04Z
41824,Μικρό Γκριζόν,el,"","",,Greek,Yiannis Banakakis,2024-01-12T01:13:27Z
69991,Ανατολικός Όρυξ,el,"","",,Greek,Yiannis Banakakis,2024-01-12T01:13:45Z
1431002,Κόκκινο Δασόβιο Ντουίκερ,el,"","",,Greek,Yiannis Banakakis,2024-01-12T01:14:37Z
46008,Σκίουρος του Πίτερ,el,"","",,Greek,Yiannis Banakakis,2024-01-12T01:14:52Z
42364,Γκέρενουκ,el,"","",,Greek,Yiannis Banakakis,2024-01-12T01:15:07Z
41446,Φώκαινα του Νταλλ,el,"","",,Greek,Yiannis Banakakis,2024-01-12T01:15:26Z
1430935,Ντικ-ντικ του Cavendish,el,"","",,Greek,Yiannis Banakakis,2024-01-12T01:16:22Z
41387,Γκρίζα Θυλακόφτερη Νυχτερίδα,el,"","",,Greek,Yiannis Banakakis,2024-01-12T01:17:16Z
44748,Λευκόλαιμος Ξυλοποντικός,el,"","",,Greek,Yiannis Banakakis,2024-01-12T01:17:37Z
210285,Αυτί της θάλασσας,el,"","",,Greek,Dimitra Vasileiadou,2024-01-17T19:44:01Z
44059,Γεώμυς των Πεδιάδων,el,"","",,Greek,Yiannis Banakakis,2024-01-18T19:37:40Z
41813,Νυφίτσα της Σιβηρίας,el,"","",,Greek,Yiannis Banakakis,2024-01-18T19:38:13Z
40179,Μεγάλη Φασκογαλή,el,"","",,Greek,Yiannis Banakakis,2024-01-18T19:38:43Z
854000,Νοτιοασιατικό Σιβέτ των Φοινίκων,el,"","",,Greek,Yiannis Banakakis,2024-01-18T19:39:36Z
46254,Αμμοσπερμόφιλος του Νέλσον,el,"","",,Greek,Yiannis Banakakis,2024-01-18T19:40:00Z
500648,Καστανή Ύαινα,el,"","",,Greek,Yiannis Banakakis,2024-01-18T19:40:16Z
41110,Κοντόουρη Νυχτερίδα του Seba,el,"","",,Greek,Yiannis Banakakis,2024-01-18T19:41:13Z
44744,Αρουραίος της Φλόριντας,el,"","",,Greek,Yiannis Banakakis,2024-01-18T19:41:30Z
43122,Ινδικός Λαγός,el,"","",,Greek,Yiannis Banakakis,2024-01-18T19:41:49Z
40342,Μυωτίδα της Καλιφόρνιας,el,"","",,Greek,Yiannis Banakakis,2024-01-18T19:42:07Z
925966,Καβουροφάγος Μανγκούστα,el,"","",,Greek,Yiannis Banakakis,2024-01-18T19:42:34Z
42253,Ινδική Γαζέλα,el,"","",,Greek,Yiannis Banakakis,2024-01-18T19:42:59Z
40908,Μικρή Κόκκινη Ιπτάμενη Αλεπού,el,"","",,Greek,Yiannis Banakakis,2024-01-18T19:43:16Z
74144,Σέρροου του Ταιβάν,el,"","",,Greek,Yiannis Banakakis,2024-01-18T19:43:42Z
44124,Διποδόμυς του Ord,el,"","",,Greek,Yiannis Banakakis,2024-01-18T19:44:42Z
44319,Πευκοσκαπτοποντικός,el,"","",,Greek,Yiannis Banakakis,2024-01-18T19:45:00Z
41595,Γεννέτα του Ακρωτηρίου,el,"","",,Greek,Yiannis Banakakis,2024-01-18T19:45:22Z
42326,Αντιλόπη Πουκού,el,"","",,Greek,Yiannis Banakakis,2024-01-18T19:45:54Z
46093,Ολυμπιακή Μαρμότα,el,"","",,Greek,Yiannis Banakakis,2024-01-18T19:46:10Z
42921,Μαυροπόδαρο Ουάλαμπι των βράχων,el,"","",,Greek,Yiannis Banakakis,2024-01-18T19:46:53Z
44899,Αρουραίος του βαμβακιού της Αριζόνα,el,"","",,Greek,Yiannis Banakakis,2024-01-18T19:47:17Z
74209,Σκούρος Γκόφερ,el,"","",,Greek,Yiannis Banakakis,2024-01-18T19:47:54Z
45955,Σκίουρος του Prevost,el,"","",,Greek,Yiannis Banakakis,2024-01-18T19:48:21Z
40192,Ευέλικτος Αντεχίνος,el,"","",,Greek,Yiannis Banakakis,2024-01-18T19:49:00Z
42136,Δυτικός Γενειοφόρος Χοίρος,el,"","",,Greek,Yiannis Banakakis,2024-01-18T19:49:32Z
43305,Ανατολικό Γραμμωτό Μπάντικουτ,el,"","",,Greek,Yiannis Banakakis,2024-01-18T19:50:00Z
44094,Ποντικός της ερήμου,el,"","",,Greek,Yiannis Banakakis,2024-01-18T19:50:32Z
46031,Γιγάντιος Σκίουρος της Σρι Λάνκα,el,"","",,Greek,Yiannis Banakakis,2024-01-18T19:50:52Z
43802,Μάρα της Παταγονίας,el,"","",,Greek,Yiannis Banakakis,2024-01-18T19:51:09Z
41057,Λευκή Νυχτερίδα της Ονδούρας,el,"","",,Greek,Yiannis Banakakis,2024-01-18T19:52:28Z
41776,Θαλάσσια Βίδρα,el,"","",,Greek,Yiannis Banakakis,2024-01-18T19:52:46Z
46168,Ανατολικός Γραμμωτός Σκίουρος,el,"","",,Greek,Yiannis Banakakis,2024-01-18T19:54:08Z
43848,Ποντικός-Άλτης του δάσους,el,"","",,Greek,Yiannis Banakakis,2024-01-18T19:56:10Z
75193,Μικρός Ανατολικός Τράγουλος,el,"","",,Greek,Yiannis Banakakis,2024-01-18T19:56:41Z
522201,Ξυλοποντικός της ερήμου,el,"","",,Greek,Yiannis Banakakis,2024-01-18T19:57:00Z
45953,Γκριζόγαστρος Σκίουρος,el,"","",,Greek,Yiannis Banakakis,2024-01-18T19:58:35Z
42165,Ινδικό Χοιροελάφι,el,"","",,Greek,Yiannis Banakakis,2024-01-18T19:59:31Z
1369291,Περουβιανός Λευκοπρόσωπος Καπουτσίνος,el,"","",,Greek,Yiannis Banakakis,2024-01-18T20:00:03Z
1453433,Μαύρο Γραμμωτό Ουάλαμπι,el,"","",,Greek,Yiannis Banakakis,2024-01-18T20:00:38Z
43047,Ανατολικός Σκαντζόχοιρος,el,"","",,Greek,Yiannis Banakakis,2024-01-18T20:01:03Z
58371,Αγριάδα,el,"","",,Greek,Eleftherios Katsillis,2024-02-03T00:18:02Z
118943,Ποσειδωνία,el,"","",,Greek,Roxani Naasan Aga Spyridopoulou,2024-02-08T07:52:15Z
47260,Κιτρινοστομόλουτσος,el,"","",,Greek,iSea,2024-02-08T07:56:19Z
617424,Μονόχειρος,el,"","",,Greek,iSea,2024-02-08T08:36:59Z
326443,Στρόμπος,el,"","",,Greek,iSea,2024-02-08T08:59:34Z
58461,Θρούμπι,el,"","",,Greek,Eleftherios Katsillis,2024-02-10T11:14:20Z
363963,Αγριομεθύστρα,el,"","",,Greek,iSea,2024-02-14T08:10:18Z
71725,Ψαραετοί,el,"","",,Greek,Valia Pavlou,2024-02-19T18:22:04Z
607460,Ρυγχαετόψαρο,el,"","",,Greek,iSea,2024-02-21T12:01:06Z
92984,Λεστιά,el,Greece,GR,,Greek,iSea,2024-02-27T18:43:13Z
118693,Σαλιάρα,el,"","",,Greek,iSea,2024-02-27T18:45:24Z
93696,Αλεπού της θάλασσας,el,"","",,Greek,iSea,2024-02-27T18:58:15Z
93696,Αλεπόσκυλος,el,Greece,GR,,Greek,iSea,2024-02-27T18:58:55Z
120667,Ζαγκέτα του Θωρ,el,"","",,Greek,iSea,2024-02-27T19:19:40Z
94786,Αθερίνα,el,Greece,GR,,Greek,iSea,2024-02-27T19:25:38Z
118622,Χριστόψαρο,el,"","",,Greek,Johan Devos,2024-02-28T20:19:57Z
118637,Παρδαλοζαγκέτα,el,"","",,Greek,Johan Devos,2024-02-28T20:31:52Z
342287,Χρωματιστός γωβιός,el,"","",,Greek,Johan Devos,2024-02-28T21:00:43Z
110039,Γωβιός του Μπαθ,el,"","",,Greek,Johan Devos,2024-02-28T21:03:38Z
93695,Αλωπίας μεγαλόματος,el,"","",,Greek,iSea,2024-03-02T15:02:31Z
94258,Ζαχαριάς,el,"","",,Greek,iSea,2024-03-02T15:06:37Z
120641,Ζαλούπαρδος,el,"","",,Greek,iSea,2024-03-02T15:08:46Z
95260,Μπριάνα,el,Greece,GR,,Greek,iSea,2024-03-02T15:10:44Z
95260,Μπράνα,el,Greece,GR,,Greek,iSea,2024-03-02T15:11:17Z
95313,Μπριάνα,el,"","",,Greek,iSea,2024-03-02T15:14:30Z
95313,Χαμοσούρτης,el,"","",,Greek,iSea,2024-03-02T15:14:51Z
96762,Σκοτεινόχρωμος καρχαρίνος,el,"","",,Greek,iSea,2024-03-02T15:17:25Z
317033,Μικροκεντροφόρος,el,"","",,Greek,iSea,2024-03-02T15:24:54Z
118713,Κορδέλα,el,"","",,Greek,iSea,2024-03-02T15:25:58Z
118713,Τσίπουλα,el,"","",,Greek,iSea,2024-03-02T15:26:20Z
120666,Μούντριζα,el,"","",,Greek,iSea,2024-03-02T15:27:42Z
48403,Σταυρίδι,el,"","",,Greek,iSea,2024-03-02T16:07:17Z
48403,Σκυλόψαρο,el,"","",,Greek,iSea,2024-03-02T16:07:40Z
103912,Μαργιορί,el,"","",,Greek,iSea,2024-03-02T16:08:56Z
613166,Κυνηγός,el,"","",,Greek,iSea,2024-03-02T17:15:51Z
106742,Νεογωβιός ποταμού,el,"","",,Greek,iSea,2024-03-02T17:26:44Z
111212,Γλαυκοτρυγόνα,el,"","",,Greek,iSea,2024-03-02T17:28:12Z
111526,Ματόβατος,el,"","",,Greek,iSea,2024-03-02T17:41:13Z
1416287,Μαρκόβα,el,"","",,Greek,iSea,2024-03-02T17:42:21Z
52306,Κεντρόνι,el,Greece,GR,,Greek,iSea,2024-03-02T17:44:18Z
113028,Γκριζοκεντρόνι,el,"","",,Greek,iSea,2024-03-02T17:45:23Z
113028,Κοκκαλάς,el,"","",,Greek,iSea,2024-03-02T17:45:46Z
115188,Παπαγάλος,el,"","",,Greek,iSea,2024-03-02T17:47:30Z
115188,Χτένι,el,"","",,Greek,iSea,2024-03-02T17:47:55Z
102646,Επτακαρχαρίας,el,Greece,GR,,Greek,iSea,2024-03-02T17:48:53Z
49504,Μπλε Καβούρι,el,Greece,GR,,Greek,iSea,2024-03-05T09:22:30Z
254640,Πολύχρωμος τρίτωνας,el,Greece,GR,,Greek,iSea,2024-03-05T09:41:57Z
112393,Καραβίδα,el,"","",,Greek,iSea,2024-03-05T09:44:38Z
363962,Καλογριά,el,Greece,GR,,Greek,iSea,2024-03-05T09:55:09Z
59285,Ακανθωτός στρόμπος,el,Greece,GR,,Greek,iSea,2024-03-05T10:24:19Z
635878,Κατσαρίδα,el,"","",,Greek,iSea,2024-03-05T10:30:05Z
448229,Ψευτοκύδωνο,el,"","",,Greek,iSea,2024-03-05T10:34:17Z
113004,Λεσβόψαρο,el,"","",,Greek,iSea,2024-03-05T10:37:27Z
54784,Δρυς η κόκκινη κόκκινη,el,"","",https://www.inaturalist.org/taxon_names/2247950/edit,Greek,,2024-03-08T06:21:59Z
54784,Δρυς η ερυθρά ερυθρά,el,"","",https://www.inaturalist.org/taxon_names/2247951/edit,Greek,,2024-03-08T06:22:00Z
120693,Πρασινοκοκκάλι,el,Greece,GR,,Greek,iSea,2024-03-09T22:51:40Z
58612,Αγριοχρυσόψαρο Ασίας,el,Greece,GR,,Greek,iSea,2024-03-09T22:53:06Z
424997,Αγριοχρυσόψαρο Ευρώπης,el,"","",,Greek,iSea,2024-03-09T22:54:03Z
424997,Πεταλούδα,el,"","",,Greek,iSea,2024-03-09T22:55:24Z
53583,Τεφρός Καρχαρίνος,el,Greece,GR,,Greek,iSea,2024-03-09T22:56:34Z
96768,Ταυροκαρχαρίας,el,Greece,GR,,Greek,iSea,2024-03-09T22:57:29Z
82128,Προσκυνητής,el,"","",,Greek,iSea,2024-03-09T22:59:53Z
481839,Κιθαροζαγκέτα,el,"","",,Greek,iSea,2024-03-09T23:01:44Z
118714,Ασημένια Kλινοσαλιάρα,el,Greece,GR,,Greek,iSea,2024-03-09T23:03:15Z
98113,Θρακοβελονίτσα,el,"","",,Greek,iSea,2024-03-09T23:04:21Z
118692,Γλινός,el,Greece,GR,,Greek,iSea,2024-03-09T23:05:47Z
128500,Χορτοφάγος κυπρίνος,el,"","",,Greek,iSea,2024-03-09T23:07:01Z
53911,Κυπρίνος,el,"","",,Greek,iSea,2024-03-09T23:07:59Z
51322,Σκυμνοσκυλόψαρο,el,Greece,GR,,Greek,iSea,2024-03-09T23:08:49Z
118667,Κακαρέλλος,el,"","",,Greek,iSea,2024-03-10T14:41:37Z
48844,Κολλησόψαρο,el,"","",,Greek,iSea,2024-03-10T14:42:23Z
48844,Κολαούζος,el,"","",,Greek,iSea,2024-03-10T14:43:13Z
57399,Φλογέρα,el,"","",,Greek,iSea,2024-03-10T14:45:10Z
101176,Σκυλογαλέος,el,Greece,GR,,Greek,iSea,2024-03-10T14:47:02Z
101184,Μελανόσκυλος,el,Greece,GR,,Greek,iSea,2024-03-10T14:47:38Z
101581,Γυφτόψαρο,el,"","",,Greek,iSea,2024-03-10T14:48:42Z
118708,Γωβιός του Μπούκιτς,el,Greece,GR,,Greek,iSea,2024-03-10T14:50:20Z
118615,Αμμόχελο,el,"","",,Greek,iSea,2024-03-10T14:52:51Z
101906,Πλατυσέλαχο,el,"","",,Greek,iSea,2024-03-10T14:53:35Z
102743,Εξακαρχαρίας,el,"","",,Greek,iSea,2024-03-10T14:58:20Z
102821,Μακρύρρυγχος ιππόκαμπος,el,Greece,GR,,Greek,iSea,2024-03-10T14:59:28Z
84969,Αλογάκι της θάλασσας,el,"","",,Greek,iSea,2024-03-10T15:00:39Z
132368,Ασημένιος λαγοκέφαλος,el,Greece,GR,,Greek,iSea,2024-03-10T15:02:20Z
472138,Τζιτζίκι,el,"","",,Greek,iSea,2024-03-10T15:04:37Z
104519,Μικρόσιρκο,el,"","",,Greek,iSea,2024-03-10T15:30:03Z
342285,Σαλιάρα,el,"","",,Greek,iSea,2024-03-10T15:31:28Z
47240,Μπεκατσόψαρο,el,"","",,Greek,iSea,2024-03-10T15:33:07Z
47240,Μπεκάτσα,el,"","",,Greek,iSea,2024-03-10T15:33:49Z
118634,Ματόγλωσσα,el,"","",,Greek,iSea,2024-03-10T15:34:57Z
105923,Διαβολόψαρο,el,"","",,Greek,iSea,2024-03-10T15:36:00Z
118632,Καψώρα,el,"","",,Greek,iSea,2024-03-10T15:39:33Z
56050,Γκριζογαλέος,el,Greece,GR,,Greek,iSea,2024-03-10T15:41:19Z
49311,Αετόψαρο,el,Greece,GR,,Greek,iSea,2024-03-10T15:42:15Z
118710,Κολαούζος,el,Greece,GR,,Greek,iSea,2024-03-10T15:43:13Z
118710,Πιλότος,el,Greece,GR,,Greek,iSea,2024-03-10T15:44:00Z
107353,Αγριοκαρχαρίας,el,Greece,GR,,Greek,iSea,2024-03-10T15:44:53Z
118617,Γρέντζος,el,Greece,GR,,Greek,iSea,2024-03-10T15:45:32Z
121324,Τιλάπια,el,"","",,Greek,iSea,2024-03-12T11:34:44Z
108104,Πετροχείλι,el,"","",,Greek,iSea,2024-03-12T11:35:15Z
108112,Οξύνωτος,el,Greece,GR,,Greek,iSea,2024-03-12T11:35:50Z
109010,Στυμφαλικός Πελασγός,el,"","",,Greek,iSea,2024-03-12T11:39:33Z
109010,Μαρίδα,el,"","",,Greek,iSea,2024-03-12T11:41:08Z
109011,Θεσπρωτικός Πελασγός,el,"","",,Greek,iSea,2024-03-12T11:41:40Z
109062,Περκί,el,"","",,Greek,iSea,2024-03-12T11:42:35Z
109213,Τσαϊλάκι,el,"","",,Greek,iSea,2024-03-12T11:43:06Z
109319,Στρυμονόγαστρος,el,"","",,Greek,iSea,2024-03-12T11:43:34Z
109631,Φασί,el,"","",,Greek,iSea,2024-03-12T11:44:11Z
109631,Χειμάρα,el,"","",,Greek,iSea,2024-03-12T11:44:55Z
110671,Ρινογωβιός,el,"","",,Greek,iSea,2024-03-14T19:23:54Z
110361,Γλαυκός Καρχαρίας,el,Greece,GR,,Greek,iSea,2024-03-14T19:24:38Z
204776,Κοκκάλι,el,"","",,Greek,iSea,2024-03-14T19:25:19Z
111759,Βαβούκι,el,"","",,Greek,iSea,2024-03-14T19:27:01Z
111861,Μυλωνάκι,el,Greece,GR,,Greek,iSea,2024-03-14T19:27:39Z
69989,Τσιρόνι,el,"","",,Greek,iSea,2024-03-14T19:28:13Z
194885,Ρουβέττος,el,"","",,Greek,iSea,2024-03-14T19:29:06Z
111909,Χρυσοβελονίτσα,el,"","",,Greek,iSea,2024-03-14T19:29:45Z
430030,Ιονική Πέστροφα,el,"","",,Greek,iSea,2024-03-14T19:35:40Z
111945,Πέστροφα Νέστου,el,Greece,GR,,Greek,iSea,2024-03-14T19:36:27Z
111952,Πέστροφα των Πρεσπών,el,Greece,GR,,Greek,iSea,2024-03-14T19:37:11Z
48648,Σολομός Ατλαντικού,el,Greece,GR,,Greek,iSea,2024-03-14T19:38:02Z
112118,Κοκκινοφτέρα,el,"","",,Greek,iSea,2024-03-14T19:40:03Z
118636,Ρομβοπισί,el,Greece,GR,,Greek,iSea,2024-03-14T19:47:46Z
112372,Σκυλόψαρακι,el,Greece,GR,,Greek,iSea,2024-03-14T19:49:24Z
112381,Γατοψαράκι,el,Greece,GR,,Greek,iSea,2024-03-14T19:51:29Z
118673,Καψομούλα,el,"","",,Greek,iSea,2024-03-14T19:52:36Z
118711,Μένουλα,el,Greece,GR,,Greek,iSea,2024-03-14T19:56:25Z
118712,Σμαρίδα,el,"","",,Greek,iSea,2024-03-14T19:57:37Z
113013,Ποταμοκέφαλος Θράκης,el,"","",,Greek,iSea,2024-03-14T19:58:25Z
113015,Κέφαλος της Πελοποννήσου,el,"","",,Greek,iSea,2024-03-14T19:59:11Z
118625,Κατουρλίδα,el,Greece,GR,,Greek,iSea,2024-03-14T21:54:11Z
114177,Λασπόψαρο,el,"","",,Greek,iSea,2024-03-14T21:57:10Z
446572,Πιτσιλωτός τετραόδοντας,el,"","",,Greek,iSea,2024-03-14T21:58:55Z
120699,Γραμμοδράκαινα,el,"","",,Greek,iSea,2024-03-14T22:02:31Z
114588,Χρυσή Μενίδα,el,"","",,Greek,iSea,2024-03-14T22:04:38Z
118680,Μυλοκόπι,el,Greece,GR,,Greek,iSea,2024-03-14T22:05:26Z
118641,Τσιγαράς,el,"","",,Greek,iSea,2024-03-14T22:06:38Z
114978,Μαλαμίδα,el,"","",,Greek,iSea,2024-03-14T22:07:30Z
1303403,Ταινίουρα,el,"","",,Greek,iSea,2024-03-15T08:53:42Z
111515,Αστρόβατος,el,"","",,Greek,iSea,2024-03-15T08:55:38Z
102744,Μεγαλόματος εξαβράγχιος,el,"","",,Greek,iSea,2024-03-15T09:00:26Z
623822,Ακανθοτρυγόνα,el,"","",,Greek,iSea,2024-03-15T09:03:52Z
435314,Μαυρορινόβατος,el,"","",,Greek,iSea,2024-03-15T09:05:53Z
1377466,Κλαίουσα ιτιά,el,"","",https://www.inaturalist.org/taxon_names/2170950/edit,Greek,,2024-03-16T12:04:00Z
995125,Ραπανάκι Daikon,el,"","",,Greek,Eleftherios Katsillis,2024-03-27T02:38:30Z
40290,Μικρή Μεγαλοπόδαρη Μυωτίδα,el,"","",,Greek,Yiannis Banakakis,2024-04-04T20:13:40Z
925969,Καστανή Μανγκούστα,el,"","",,Greek,Yiannis Banakakis,2024-04-04T20:14:11Z
41618,Μικρό Ινδικό Σιβέτ,el,"","",,Greek,Yiannis Banakakis,2024-04-04T20:14:30Z
42935,Ουάλαμπι των βράχων,el,"","",,Greek,Yiannis Banakakis,2024-04-04T20:14:56Z
42909,Δενδρόβιο Καγκουρό του Lumholtz,el,"","",,Greek,Yiannis Banakakis,2024-04-04T20:15:33Z
1453013,Πρασινόφρυνος,el,"","",,Greek,Yiannis Banakakis,2024-04-05T11:20:24Z
1424710,Κροκοδειλάκι,el,"","",,Greek,Yiannis Banakakis,2024-04-05T11:22:19Z
1287675,Ανατολικός Αβλέφαρος,el,"","",,Greek,Yiannis Banakakis,2024-04-05T11:22:39Z
1362871,Μαργαριτοφόρο στρείδι,el,"","",,Greek,iSea,2024-04-07T20:35:56Z
118945,Πίννα,el,"","",,Greek,iSea,2024-04-07T21:07:12Z
118945,Πίνα,el,"","",,Greek,iSea,2024-04-07T21:07:39Z
461184,Κώνος της Περσίας,el,"","",,Greek,iSea,2024-04-07T21:08:19Z
53858,Πατάτα,el,"","",,Greek,Eleftherios Katsillis,2024-04-10T20:08:28Z
992310,Γαρίδα Ατλαντικού,el,"","",,Greek,iSea,2024-04-14T14:37:03Z
48032,Αχινός,el,"","",,Greek,iSea,2024-04-14T14:38:10Z
243643,Σμέρνα,el,"","",,Greek,iSea,2024-04-14T14:56:27Z
110029,Ψευτογρυλόψαρο,el,"","",,Greek,iSea,2024-04-14T14:57:23Z
451072,Φτερά αγγέλων,el,"","",,Greek,iSea,2024-04-14T14:59:03Z
451072,Δάκτυλο,el,"","",,Greek,iSea,2024-04-14T14:59:30Z
102646,Επταβράγχιος,el,Greece,GR,,Greek,iSea,2024-04-19T09:16:24Z
102743,Γκρίζος καρχαρίας,el,Greece,GR,,Greek,iSea,2024-04-19T09:28:06Z
93696,Αλεπού,el,Greece,GR,,Greek,iSea,2024-04-19T09:36:57Z
101184,Μελανόστομος,el,Greece,GR,,Greek,iSea,2024-04-19T09:37:48Z
112372,Σκυλάκι,el,Greece,GR,,Greek,iSea,2024-04-19T09:39:54Z
112372,Γάτος,el,Greece,GR,,Greek,iSea,2024-04-19T09:40:07Z
112381,Γάτος,el,"","",,Greek,iSea,2024-04-19T09:42:02Z
106253,Αστρογαλέος,el,"","",,Greek,iSea,2024-04-19T09:42:49Z
106268,Στικτογαλέος,el,"","",,Greek,iSea,2024-04-19T09:45:10Z
101176,Δροσίτης,el,"","",,Greek,iSea,2024-04-19T09:46:13Z
53583,Σταχτοκαρχαρίας,el,Greece,GR,,Greek,iSea,2024-04-19T09:48:21Z
110361,Γαλάζιος,el,Greece,GR,,Greek,iSea,2024-04-19T09:49:40Z
56765,Ζύγαινα,el,Greece,GR,,Greek,iSea,2024-04-19T09:50:33Z
100597,Μαυροαγκαθίτης,el,"","",,Greek,iSea,2024-04-19T09:52:14Z
108112,Αχινόγατος,el,Greece,GR,,Greek,iSea,2024-04-19T09:53:39Z
99681,Αχινοσκυλόψαρο,el,"","",,Greek,iSea,2024-04-19T13:31:55Z
113061,Ματορίνα,el,"","",,Greek,iSea,2024-04-19T13:38:39Z
113064,Αγγελοκαρχαρίας,el,"","",,Greek,iSea,2024-04-27T12:51:54Z
113064,Ρίνα,el,"","",,Greek,iSea,2024-04-27T12:52:16Z
50963,Ρινόβατος,el,Greece,GR,,Greek,iSea,2024-04-27T12:57:52Z
99416,Νόνα,el,"","",,Greek,iSea,2024-04-28T20:10:00Z
104531,Στρογγυλόβατος,el,"","",,Greek,iSea,2024-04-28T20:10:42Z
104539,Ψηφιδόβατος,el,"","",,Greek,iSea,2024-04-28T20:41:12Z
111518,Ξανθόβατος,el,"","",,Greek,iSea,2024-04-28T20:47:12Z
111528,Στικτόβατος,el,"","",,Greek,iSea,2024-04-28T20:49:15Z
61753,Λευκόβατος,el,"","",,Greek,iSea,2024-04-28T20:50:41Z
516612,Τρυγόνα,el,"","",,Greek,iSea,2024-04-28T20:51:32Z
97517,Χίμαιρα,el,"","",,Greek,iSea,2024-04-28T21:01:10Z
1551489,Μεσογειακό Καβούρι,el,"","",https://www.inaturalist.org/taxon_names/2266287/edit,Greek,,2024-05-09T14:09:34Z
1551492,Αγριοκάβουρας,el,"","",https://www.inaturalist.org/taxon_names/2327380/edit,Greek,,2024-05-09T14:18:50Z
41545,Στενόρυγχο δελφίνι,el,"","",,Greek,iSea,2024-05-10T13:15:00Z
188248,Pestrofa,el,"","",http://www.catalogueoflife.org/annual-checklist/details/species/id/10085787/common/350665,Greek,,2024-05-18T16:12:33Z
188248,Πέστροφα,el,"","",http://www.catalogueoflife.org/annual-checklist/details/species/id/10085787/common/350660,Greek,,2024-05-18T16:12:33Z
41402,Μεσοπλόδοντας,el,"","",,Greek,iSea,2024-05-18T17:51:44Z
41413,Δίδοντος μεσοπλόδοντας,el,"","",,Greek,iSea,2024-05-18T17:56:55Z
118753,Βιολετής αχινός,el,"","",,Greek,iSea,2024-05-19T21:09:25Z
324819,Αγγούρι της θάλασσας,el,"","",,Greek,iSea,2024-05-20T15:44:54Z
1545891,graphikos,el,"","",,Greek,hossein_nabizadeh,2024-05-22T15:17:46Z
326322,Φτερωτός αστερίας,el,"","",,Greek,iSea,2024-06-01T14:27:13Z
326332,Αστερίας,el,"","",,Greek,iSea,2024-06-01T14:27:49Z
359120,Θαλασσινό Αγγούρι,el,"","",,Greek,iSea,2024-06-01T18:25:01Z
154577,Μωβ αστερίας,el,"","",,Greek,iSea,2024-06-01T18:25:56Z
154578,Οφιόδερμος εύθραυστος αστερίας,el,"","",,Greek,iSea,2024-06-01T18:28:38Z
255607,Καλισταχινός,el,"","",,Greek,iSea,2024-06-01T18:29:31Z
627408,Αχινός άμμου,el,"","",,Greek,iSea,2024-06-01T18:30:33Z
433004,Χρυσάγγουρο,el,"","",,Greek,iSea,2024-06-01T18:31:51Z
481243,Αστεράκι,el,"","",,Greek,iSea,2024-06-01T18:32:31Z
469007,Καπάδικο,el,"","",,Greek,iSea,2024-06-02T14:38:30Z
357376,Ματαπάς,el,"","",,Greek,iSea,2024-06-02T14:49:18Z
357376,Φίνο,el,"","",,Greek,iSea,2024-06-02T14:51:11Z
337985,Λαγόφυτο,el,"","",,Greek,iSea,2024-06-02T17:27:21Z
337985,Αυτί του ελέφαντα,el,"","",,Greek,iSea,2024-06-02T17:28:15Z
337985,Ψαθούρι,el,"","",,Greek,iSea,2024-06-02T17:28:41Z
337985,Λαφίνα,el,"","",,Greek,iSea,2024-06-02T17:29:03Z
341970,Λαγόφυτο,el,"","",,Greek,iSea,2024-06-02T17:31:32Z
341970,Ψαθούρι,el,"","",,Greek,iSea,2024-06-02T17:31:50Z
341970,Λαφίνα,el,"","",,Greek,iSea,2024-06-02T17:32:06Z
341970,Αυτί ελέφαντα,el,"","",,Greek,iSea,2024-06-02T17:32:34Z
1225409,Tσιμούχα,el,"","",,Greek,iSea,2024-06-02T17:35:22Z
1225409,Δερματώδης Σπόγγος,el,"","",,Greek,iSea,2024-06-02T17:35:43Z
1289986,Δυτικός Βουνοτσιροβάκος,el,"","",,Greek,Valia Pavlou,2024-06-20T13:27:49Z
1289959,Ιταλικός Κοκκινοτσιροβάκος,el,"","",,Greek,Valia Pavlou,2024-06-21T11:35:54Z
1289958,Βαλκανικός Κοκκινοτσιροβάκος,el,"","",,Greek,Valia Pavlou,2024-06-21T11:36:38Z
28457,Ωχρό Αγιόφιδο,el,"","",,Greek,Valia Pavlou,2024-06-21T21:56:47Z
35671,Σιλιβούτι της Μάλτας,el,"","",,Greek,Yiannis Banakakis,2024-06-27T15:58:50Z
118895,Θαλάσσια Ανεμώνη,el,"","",,Greek,iSea,2024-07-06T16:22:31Z
483326,Κόκκινο Kοράλλι,el,"","",,Greek,iSea,2024-07-06T16:23:54Z
358839,Γοργονία,el,"","",,Greek,iSea,2024-07-06T16:24:38Z
338012,Σπειρογράφος,el,"","",,Greek,iSea,2024-07-06T16:26:27Z
359065,Προτούλα,el,"","",,Greek,iSea,2024-07-06T16:27:31Z
117446,Αστερίας,el,"","",,Greek,iSea,2024-07-09T15:22:50Z
293157,Αστερίας,el,"","",,Greek,iSea,2024-07-09T15:24:06Z
293157,Οφίουρος,el,"","",,Greek,iSea,2024-07-09T15:24:26Z
324536,Αστακός,el,"","",,Greek,iSea,2024-07-09T15:25:56Z
62410,Καραβιδομάνα,el,"","",,Greek,iSea,2024-07-09T15:26:39Z
114126,Κυανόπτερος τόνος,el,"","",,Greek,iSea,2024-07-09T15:28:08Z
114122,Τονάκι,el,"","",,Greek,iSea,2024-07-09T15:29:14Z
118678,Σκουμπρί,el,"","",,Greek,iSea,2024-07-09T15:29:52Z
69840,Κολιός,el,"","",,Greek,iSea,2024-07-09T15:31:08Z
118600,Σαρδέλα,el,"","",,Greek,iSea,2024-07-09T15:33:21Z
51910,Γαύρος,el,"","",,Greek,iSea,2024-07-09T15:34:07Z
118695,Σαφρίδι,el,"","",,Greek,iSea,2024-07-09T15:35:18Z
118695,Σαβρίδι,el,"","",,Greek,iSea,2024-07-09T15:35:37Z
118603,Μπακαλιάρος,el,"","",,Greek,iSea,2024-07-09T15:36:17Z
118610,Πεσκαντρίτσα,el,"","",,Greek,iSea,2024-07-09T15:38:47Z
118610,Βατραχόψαρο,el,"","",,Greek,iSea,2024-07-09T15:39:07Z
84861,Σκορπίνα,el,Greece,GR,,Greek,iSea,2024-07-09T15:40:11Z
112860,Κρητικός,el,"","",,Greek,iSea,2024-07-09T15:41:15Z
1562919,Ποντικοκάβουρας,el,"","",https://www.inaturalist.org/taxon_names/2797057/edit,Greek,,2024-07-23T17:17:22Z
1562069,Λαψάνα,el,"","",https://www.inaturalist.org/taxon_names/2337087/edit,Greek,,2024-07-25T14:25:55Z
1562069,Αγριοσινάπι,el,"","",https://www.inaturalist.org/taxon_names/2337089/edit,Greek,,2024-07-25T14:25:55Z
1562069,Βρούβα,el,"","",https://www.inaturalist.org/taxon_names/2337090/edit,Greek,,2024-07-25T14:25:56Z
118514,Καρδινάλιος,el,Greece,GR,,Greek,iSea,2024-07-29T12:54:09Z
118606,Τζιτζίκι του Ντε Καντόλ,el,Greece,GR,,Greek,iSea,2024-07-29T14:01:00Z
118709,Λίτσα,el,Greece,GR,,Greek,iSea,2024-07-30T06:32:53Z
317398,Γυάλινος,el,Greece,GR,,Greek,iSea,2024-07-30T07:48:15Z
317398,Αυτοκρατορικό μπαρακούντα,el,Greece,GR,,Greek,iSea,2024-07-30T07:49:18Z
94251,Ζαχαριάς Αλμυρής,el,Greece,GR,,Greek,iSea,2024-07-30T08:20:03Z
613181,Κατσαρίδα του Αχελώου,el,Greece,GR,,Greek,iSea,2024-07-30T08:29:09Z
41440,Φώκαινα,el,Greece,GR,,Greek,iSea,2024-07-30T08:39:05Z
41405,Μεσοπλόδοντας του Γκρέυ,el,Greece,GR,,Greek,iSea,2024-07-30T09:08:21Z
324540,Kυδώνι,el,Greece,GR,,Greek,iSea,2024-07-30T10:31:37Z
366851,Αχιβάδα,el,Greece,GR,,Greek,iSea,2024-07-30T10:35:28Z
49315,Χταπόδι,el,Greece,GR,,Greek,iSea,2024-07-30T10:50:40Z
151429,Σουπιά,el,Greece,GR,,Greek,iSea,2024-07-30T10:54:04Z
110361,Γλαυκοκαρχαρίας,el,Greece,GR,,Greek,iSea,2024-07-30T12:29:30Z
95353,Μπριάνα,el,Greece,GR,,Greek,iSea,2024-07-30T13:04:49Z
359068,Πεταλίδα,el,Greece,GR,,Greek,iSea,2024-07-30T13:12:42Z
128500,Κυπρίνος,el,Greece,GR,,Greek,iSea,2024-07-31T06:31:25Z
114122,Μακρύπτερος τόννος,el,Greece,GR,,Greek,iSea,2024-07-31T07:28:38Z
578607,Ασκορδηλός,el,Greece,GR,,Greek,iSea,2024-08-05T13:11:58Z
578607,Κατσαβός,el,Greece,GR,,Greek,iSea,2024-08-05T13:14:27Z
578607,Κατσιλαϊνός,el,Greece,GR,,Greek,iSea,2024-08-05T13:23:00Z
578607,Κατσουλιανός,el,Greece,GR,,Greek,iSea,2024-08-05T13:24:50Z
578607,Κατσουλιέρος (Αχαΐα),el,Greece,GR,,Greek,iSea,2024-08-05T13:26:03Z
578607,Κατσουλογιάννης,el,Greece,GR,,Greek,iSea,2024-08-05T13:28:25Z
578607,Κορδιαλός,el,Greece,GR,,Greek,iSea,2024-08-05T13:29:56Z
578607,Κόρυδος και Κορυδός,el,Greece,GR,,Greek,iSea,2024-08-05T13:31:10Z
578607,Κουρκουλιάνος (Μακεδονία),el,Greece,GR,,Greek,iSea,2024-08-05T13:32:08Z
578607,Κουρτσολιός,el,Greece,GR,,Greek,iSea,2024-08-05T13:33:15Z
578607,Σκορδιαλός,el,Greece,GR,,Greek,iSea,2024-08-05T13:34:29Z
578607,Τσολοβίτης (Καρδίτσα),el,Greece,GR,,Greek,iSea,2024-08-05T13:35:22Z
578607,Τσουρτσουλιάνος (Έβρος),el,Greece,GR,,Greek,iSea,2024-08-05T13:36:18Z
578607,Τσουτσουλίγκα,el,Greece,GR,,Greek,iSea,2024-08-05T13:37:48Z
578607,Χλούφτης (Ρέθυμνο),el,Greece,GR,,Greek,iSea,2024-08-05T13:38:45Z
578607,Σκαρτσουλιέρα,el,Greece,GR,,Greek,iSea,2024-08-05T13:40:07Z
578607,Λοφιοκορυδαλός,el,Greece,GR,,Greek,iSea,2024-08-05T13:40:56Z
578607,"Τσιουτσιουλιάνος (Νικήτη Χαλκιδικής, Σιθωνία)",el,Greece,GR,,Greek,iSea,2024-08-05T13:42:17Z
4994,(Ξανθός) Κρυπτοτσικνιάς,el,Greece,GR,,Greek,iSea,2024-08-06T06:49:08Z
6921,(Κοινός) Κύκνος,el,Greece,GR,,Greek,iSea,2024-08-06T07:12:06Z
73222,Φλαμίνγκο,el,Greece,GR,,Greek,iSea,2024-08-06T07:18:56Z
979813,(Μικρό) Καραμπατάκι,el,Greece,GR,,Greek,iSea,2024-08-06T10:00:56Z
144517,Σκυλοκούταβος,el,Greece,GR,,Greek,iSea,2024-08-06T10:20:02Z
204533,Ασημόγλαρος,el,Greece,GR,,Greek,iSea,2024-08-06T10:32:25Z
4170,Πετρίλος,el,Greece,GR,,Greek,iSea,2024-08-06T10:36:25Z
1289604,Θαλασσοκόρακας,el,Greece,GR,,Greek,iSea,2024-08-06T10:51:49Z
525506,Σταυρομούττης,el,Cyprus,"",,Greek,dum1,2024-08-28T01:32:38Z
559059,Δυτικός Τσίφτης,el,"","",,Greek,Valia Pavlou,2024-08-29T12:41:47Z
210229,Αμμοσωλήνας,el,"","",,Greek,Eleftherios Katsillis,2024-09-02T22:18:17Z
509656,Αρτέμης,el,"","",,Greek,iSea,2024-09-13T08:48:01Z
144501,Ροδόγλαρος,el,"","",,Greek,iSea,2024-09-13T10:20:24Z
51401,Λιτσομελάνουρο,el,"","",,Greek,Eleftherios Katsillis,2024-09-13T22:33:31Z
64452,Πίγκα,el,"","","Philips TK, Moretto P (2025) Revision of the genus _Pseudopedaria_ Felsche, 1904, with descriptions of three new species and a subspecies from Central Africa (Coleoptera: Scarabaeinae: Coprini). Catharsius La Revue (N.S.) 5: 1–26. doi:10.5281/zenodo.17036002.",Greek,,2024-09-14T06:27:53Z
47811,Ασκιδιοειδή,el,"","",,Greek,Eleftherios Katsillis,2024-09-14T19:49:50Z
60583,Ασβεστόσπογγοι,el,"","",,Greek,Eleftherios Katsillis,2024-09-15T19:30:19Z
57736,Δημόσπογγοι,el,"","",,Greek,Eleftherios Katsillis,2024-09-15T19:32:32Z
152110,Εξακτινελλίδες,el,"","",,Greek,Eleftherios Katsillis,2024-09-15T19:33:28Z
152110,Πυριτιόσπογγοι,el,"","",,Greek,Eleftherios Katsillis,2024-09-15T19:34:14Z
95353,Βιργιάνα,el,"","",,Greek,iSea,2024-09-16T07:16:03Z
94105,Χέλι,el,"","",,Greek,iSea,2024-09-16T07:24:11Z
49614,Ηλιόψαρο,el,"","",,Greek,iSea,2024-09-16T07:27:03Z
108153,Μαυροτσιρώνι,el,"","",,Greek,iSea,2024-09-16T07:42:13Z
113013,Θρακοτυλινάρι,el,"","",,Greek,iSea,2024-09-16T07:45:38Z
114177,Γλίνι,el,"","",,Greek,iSea,2024-09-16T07:49:23Z
55387,Τούρνα,el,"","",,Greek,iSea,2024-09-16T07:51:34Z
1578532,Κρικομυγοχάφτης × Μαυρομυγοχάφτης,el,"","",,Greek,Valia Pavlou,2024-09-26T21:35:19Z
48328,Γυαλί,el,"","",,Greek,iSea,2024-10-02T07:38:17Z
324852,Σαλούφα,el,"","",,Greek,iSea,2024-10-02T07:48:42Z
324852,Τηγανητό Αβγό,el,"","",,Greek,iSea,2024-10-02T07:49:09Z
118943,Ποσειδωνία η ωκεάνια,el,"","",,Greek,iSea,2024-10-02T08:32:18Z
53872,Καβούρι φάντασμα,el,"","",,Greek,iSea,2024-10-02T09:04:19Z
243643,Τιγρόσμερνα,el,"","",,Greek,iSea,2024-10-02T09:23:01Z
451072,Φολάδα,el,"","",,Greek,iSea,2024-10-02T09:31:14Z
324589,Λιθοδόμος,el,"","",,Greek,iSea,2024-10-02T09:38:08Z
324589,Χουρμάς,el,"","",,Greek,iSea,2024-10-02T09:38:40Z
627408,Πράσινος Αχινός,el,"","",,Greek,iSea,2024-10-02T10:08:37Z
135331,Βερικοκιά,el,"","",,Greek,Eleftherios Katsillis,2024-10-06T17:46:49Z
78755,Ροδακινιά,el,"","",,Greek,Eleftherios Katsillis,2024-10-06T17:47:36Z
133220,Τριζόνι,el,"","",,Greek,Eleftherios Katsillis,2024-10-10T06:44:50Z
1578578,Χελιδόνι του Ειρηνικού,el,"","",https://www.inaturalist.org/taxon_names/2224442/edit,Greek,,2024-10-22T21:32:00Z
1578973,Αφρικανικό Διπλοσάινο,el,"","",https://www.inaturalist.org/taxon_names/1927326/edit,Greek,,2024-10-23T02:01:41Z
1581937,Κοινό Σαΐνι,el,"","",https://www.inaturalist.org/taxon_names/1527305/edit,Greek,,2024-10-23T17:55:25Z
1578961,Ευρωπαϊκός Μικροτσικνιάς,el,"","",https://www.inaturalist.org/taxon_names/1527093/edit,Greek,,2024-10-23T22:12:50Z
1579015,Διπλοσάινο,el,"","",https://www.inaturalist.org/taxon_names/1527300/edit,Greek,Raúl MT,2024-10-24T23:42:23Z
1583224,Σαΐνι Σίκρα,el,"","",https://www.inaturalist.org/taxon_names/2609519/edit,Greek,Nelly Semenova,2024-10-24T23:57:35Z
1583256,Καφέ Διπλοσάινο,el,"","",https://www.inaturalist.org/taxon_names/1927332/edit,Greek,Raúl MT,2024-10-25T02:09:18Z
1580336,Ποταμοσφυριχτής,el,"","",https://www.inaturalist.org/taxon_names/1531233/edit,Greek,,2024-10-27T23:01:33Z
367879,Κεντροευρωπαϊκός Αιγίθαλος,el,"","",,Greek,Valia Pavlou,2024-10-31T08:13:34Z
629602,Βόρειος Αιγίθαλος,el,"","",,Greek,Valia Pavlou,2024-10-31T08:14:34Z
1585309,Βόρειος × Κεντροευρωπαïκός Αιγίθαλος,el,"","",,Greek,Valia Pavlou,2024-10-31T08:16:33Z
341569,Δυτικοευρωπαϊκό Κοτσύφι,el,"","",,Greek,Valia Pavlou,2024-10-31T10:16:03Z
411086,Γελαδάρης,el,"","",https://www.inaturalist.org/taxon_names/1527098/edit,Greek,Sean Cozart,2024-11-03T09:37:29Z
95313,Πελοποννησιακή Μπριάνα,el,"","",,Greek,iSea,2024-11-11T08:41:47Z
84862,Ποταμίσια Καραβίδα,el,"","",,Greek,iSea,2024-11-11T09:10:38Z
336399,Κάργια,el,"","",https://www.inaturalist.org/taxon_names/1475080/edit,Greek,,2024-11-17T14:29:18Z
1589697,Κάργια της Ανατολής,el,"","",https://www.inaturalist.org/taxon_names/1901183/edit,Greek,Donald Davesne,2024-11-17T14:29:51Z
1431644,Μικρό πενταδάχτυλο Ζέρμποα,el,"","",https://www.inaturalist.org/taxon_names/2499934/edit,Greek,,2024-12-11T12:16:09Z
1595824,Ανατολική Τιγρόγατα,el,"","",https://www.inaturalist.org/taxon_names/2901625/edit,Greek,Víctor de Paiva,2024-12-16T16:40:25Z
1596103,Γκρίζο Μπρόκετ,el,"","",https://www.inaturalist.org/taxon_names/3539475/edit,Greek,Sean Cozart,2024-12-17T08:19:30Z
115167,Ξιφιός,el,"","","Philips TK, Moretto P (2025) Revision of the genus _Pseudopedaria_ Felsche, 1904, with descriptions of three new species and a subspecies from Central Africa (Coleoptera: Scarabaeinae: Coprini). Catharsius La Revue (N.S.) 5: 1–26. doi:10.5281/zenodo.17036002.",Greek,,2024-12-27T01:53:55Z
96740,Κοκάλι,el,"","","Philips TK, Moretto P (2025) Revision of the genus _Pseudopedaria_ Felsche, 1904, with descriptions of three new species and a subspecies from Central Africa (Coleoptera: Scarabaeinae: Coprini). Catharsius La Revue (N.S.) 5: 1–26. doi:10.5281/zenodo.17036002.",Greek,,2024-12-28T14:52:29Z
120693,Κοκάλι,el,"","","Philips TK, Moretto P (2025) Revision of the genus _Pseudopedaria_ Felsche, 1904, with descriptions of three new species and a subspecies from Central Africa (Coleoptera: Scarabaeinae: Coprini). Catharsius La Revue (N.S.) 5: 1–26. doi:10.5281/zenodo.17036002.",Greek,,2024-12-28T14:52:30Z
204776,Κοκάλι,el,"","","Philips TK, Moretto P (2025) Revision of the genus _Pseudopedaria_ Felsche, 1904, with descriptions of three new species and a subspecies from Central Africa (Coleoptera: Scarabaeinae: Coprini). Catharsius La Revue (N.S.) 5: 1–26. doi:10.5281/zenodo.17036002.",Greek,,2024-12-28T14:52:30Z
47230,Αλογοκοκάλι,el,"","",,Greek,Zane Roskoph,2024-12-28T14:53:06Z
47230,Κοκάλι,el,"","",,Greek,Zane Roskoph,2024-12-28T14:55:08Z
114853,Ζουρνάς,el,"","","Philips TK, Moretto P (2025) Revision of the genus _Pseudopedaria_ Felsche, 1904, with descriptions of three new species and a subspecies from Central Africa (Coleoptera: Scarabaeinae: Coprini). Catharsius La Revue (N.S.) 5: 1–26. doi:10.5281/zenodo.17036002.",Greek,,2025-01-01T02:36:48Z
114854,Ζουρνάς,el,"","",,Greek,Zane Roskoph,2025-01-01T02:37:11Z
902550,Μαλκόλμια η παράκτια,el,"","",https://www.inaturalist.org/taxon_names/2149496/edit,Greek,,2025-01-16T09:47:52Z
30899,Βαλκανικός Αστρίτης,el,"","",,Greek,Valia Pavlou,2025-01-16T22:48:58Z
53462,Κοινό Στρείδι,el,"","",,Greek,spyrusmt,2025-02-07T20:47:21Z
210224,Μεγάλος τροχός,el,"","",,Greek,Johan Devos,2025-03-11T00:56:40Z
469321,Μαγικός τροχός,el,"","",,Greek,Johan Devos,2025-03-16T15:14:27Z
482222,Τραχύς τροχός,el,"","",,Greek,Johan Devos,2025-03-16T16:08:29Z
143439,Κιτρινοσουσουράδα (feldegg),el,"","",,Greek,Valia Pavlou,2025-03-27T09:14:57Z
497039,Κιτρινοσουσουράδα (flava),el,"","",,Greek,Valia Pavlou,2025-03-30T08:54:04Z
425965,Κιτρινοσουσουράδα (cinereocapilla),el,"","",,Greek,Valia Pavlou,2025-04-22T10:36:49Z
512042,Μελάμπυρο το βλεφαριδωτό,el,"","",,Greek,Nicolas Schwab,2025-05-20T20:45:25Z
1624576,Βικούνια,el,"","",https://www.inaturalist.org/taxon_names/2670693/edit,Greek,,2025-05-22T15:46:23Z
319688,Αλπακά,el,"","",https://www.inaturalist.org/taxon_names/2500330/edit,Greek,,2025-05-22T15:49:14Z
1624661,Γκόφερ του Botta,el,"","",https://www.inaturalist.org/taxon_names/2498435/edit,Greek,,2025-05-22T20:22:55Z
516508,Σκαρίδες,el,"","",https://www.inaturalist.org/taxon_names/2187023/edit,Greek,,2025-05-23T08:56:05Z
1628098,Ιβίσκος ο σινικός,el,"","",https://www.inaturalist.org/taxon_names/2199409/edit,Greek,Víctor de Paiva,2025-05-30T05:16:36Z
1628098,Ιβίσκος η σινική ροδή,el,"","",https://www.inaturalist.org/taxon_names/2199410/edit,Greek,Víctor de Paiva,2025-05-30T05:16:38Z
1584768,Ευρωπαϊκό Μιλτοχελίδονο,el,"","",,Greek,Valia Pavlou,2025-05-30T21:05:52Z
144792,Ασιατικό Μιλτοχελίδονο,el,"","",,Greek,Valia Pavlou,2025-05-30T21:06:38Z
1223389,Χρυσαφλοίδα,el,"","",,Greek,Ilias Strachinis,2025-06-12T16:11:20Z
1633142,Μουρούνα,el,"","",http://www.catalogueoflife.org/annual-checklist/details/species/id/10053446/common/175317,Greek,,2025-07-07T12:06:42Z
1633142,Στουριόνι,el,"","",http://www.catalogueoflife.org/annual-checklist/details/species/id/10053446/common/175315,Greek,,2025-07-07T12:06:42Z
1633171,Στουριόνι,el,"","",http://www.catalogueoflife.org/annual-checklist/details/species/id/10053453/common/174915,Greek,,2025-07-07T13:07:39Z
1633756,Αλπικός Τρίτωνας,el,"","",https://www.inaturalist.org/taxon_names/1530703/edit,Greek,,2025-07-11T12:58:15Z
1638841,Αφρικανική Άνυχη Βίδρα,el,"","",https://www.inaturalist.org/taxon_names/3539599/edit,Greek,Sean Cozart,2025-08-10T04:17:05Z
1638842,Ινδική Βίδρα,el,"","",https://www.inaturalist.org/taxon_names/3539520/edit,Greek,,2025-08-10T04:17:08Z
697894,Μεσογειακό Γιδοβύζι,el,"","",,Greek,Valia Pavlou,2025-08-20T22:36:22Z
1641421,Ινδική Ιπτάμενη Αλεπού,el,"","",https://www.inaturalist.org/taxon_names/2498274/edit,Greek,,2025-08-29T19:00:27Z
1596135,Τρανονυχτερίδα της Ισαμπελίνας,el,"","",https://www.inaturalist.org/taxon_names/2499966/edit,Greek,Sean Cozart,2025-09-02T22:03:42Z
1596132,Βόρεια Τρανονυχτερίδα,el,"","",https://www.inaturalist.org/taxon_names/2499049/edit,Greek,Sean Cozart,2025-09-02T22:06:41Z
1596127,Τρανονυχτερίδα,el,"","",https://www.inaturalist.org/taxon_names/2229657/edit,Greek,Sean Cozart,2025-09-02T22:12:23Z
1641889,Ασιατική Τρανονυχτερίδα,el,"","",https://www.inaturalist.org/taxon_names/2229656/edit,Greek,,2025-09-02T22:15:15Z
1431859,Νότιος Σκαπτοποντικός,el,"","",,Greek,max kirsch,2025-09-02T23:24:20Z
45592,Αγκαθοπόντικας,el,"","",https://www.inaturalist.org/taxon_names/2346028/edit,Greek,,2025-09-11T13:11:30Z
45592,Ακανθοποντικός της Κύπρου,el,"","",https://www.inaturalist.org/taxon_names/2500324/edit,Greek,,2025-09-11T13:12:08Z
1643992,Μεγαλόστικτη Γενέτα,el,"","",https://www.inaturalist.org/taxon_names/3539574/edit,Greek,Sean Cozart,2025-09-16T21:26:49Z
64694,Zizyfia,el,"","",,Greek,Johan Devos,2025-09-24T17:58:11Z
1290249,Μεσογειακός Θαλασσοκόρακας,el,"","",,Greek,Valia Pavlou,2025-09-24T22:29:21Z
1613859,Βάτραχος της Καρπάθου,el,"","",,Greek,Cole Gaerber,2025-10-05T10:57:26Z
1647283,Μεγασκόλια η Ποικιλωτή,el,"","",https://www.inaturalist.org/taxon_names/2262638/edit,Greek,,2025-10-09T18:05:56Z
1580325,Λαγόποδας της Σκωτίας,el,"","",https://www.inaturalist.org/taxon_names/2594066/edit,Greek,,2025-11-01T22:37:08Z
48,Νυφογερανός,el,"","",https://www.inaturalist.org/taxon_names/1531194/edit,Greek,,2025-11-02T14:29:22Z
17550,Γκαλμπουλόμορφα,el,"","",https://www.inaturalist.org/taxon_names/2359258/edit,Greek,,2025-11-06T15:21:48Z
112568,Γερμανός,el,"","","Philips TK, Moretto P (2025) Revision of the genus _Pseudopedaria_ Felsche, 1904, with descriptions of three new species and a subspecies from Central Africa (Coleoptera: Scarabaeinae: Coprini). Catharsius La Revue (N.S.) 5: 1–26. doi:10.5281/zenodo.17036002.",Greek,,2025-11-19T08:11:06Z
330489,Φαιόπτερο Ερπετόγραμμα,el,"","",,Greek,Alec Gosewehr,2025-11-20T19:46:05Z
514851,Σφιγκτή Άμυνα,el,"","",,Greek,Alec Gosewehr,2025-11-20T19:48:26Z
50615,Μιραβιλίδες,el,"","",,Greek,Alec Gosewehr,2025-11-20T19:50:17Z
49564,Τεξανό λούπινο,el,"","",,Greek,Alec Gosewehr,2025-11-20T19:53:26Z
53817,Ελειώδεις,el,"","",,Greek,Alec Gosewehr,2025-11-20T19:56:24Z
47961,Κεραμβυκίδες,el,"","",,Greek,Alec Gosewehr,2025-11-20T20:00:07Z
245535,Σκαριδιίδες,el,"","",,Greek,Alec Gosewehr,2025-11-20T20:02:47Z
121850,Ερεβίδες,el,"","",,Greek,Alec Gosewehr,2025-11-20T20:07:12Z
91879,Σάτυροι,el,"","",,Greek,Alec Gosewehr,2025-11-20T20:11:14Z
48670,Νοκτουίδες,el,"","",,Greek,Alec Gosewehr,2025-11-20T20:13:21Z
346965,Λοφοπίδες,el,"","",,Greek,Alec Gosewehr,2025-11-20T20:14:46Z
52002,Κραμβίδες,el,"","",,Greek,Alec Gosewehr,2025-11-20T20:16:17Z
47606,Αρκτίνες,el,"","",,Greek,Alec Gosewehr,2025-11-20T20:18:31Z
321500,Κεραμβυκίνες,el,"","",,Greek,Alec Gosewehr,2025-11-20T20:26:33Z
202104,Αρπαλίνες,el,"","",,Greek,Alec Gosewehr,2025-11-20T20:28:17Z
49567,Καραβίδες,el,"","",,Greek,Alec Gosewehr,2025-11-20T20:30:05Z
132004,Σκύμνοι,el,"","",,Greek,Alec Gosewehr,2025-11-20T20:34:58Z
475616,Σκυμνίνοι,el,"","",,Greek,Alec Gosewehr,2025-11-20T20:35:32Z
354096,Σκυμνίνες,el,"","",,Greek,Alec Gosewehr,2025-11-20T20:36:02Z
471714,Κοκκινελοειδή,el,"","",,Greek,Alec Gosewehr,2025-11-20T20:37:17Z
202105,Πτεροστιχίνες,el,"","",,Greek,Alec Gosewehr,2025-11-20T20:38:58Z
373437,Παιδερίνες,el,"","",,Greek,Alec Gosewehr,2025-11-20T20:41:04Z
429700,Ριζανθέλες,el,"","",,Greek,Alec Gosewehr,2025-11-20T20:44:54Z
52441,Εντερολόβια,el,"","",,Greek,Alec Gosewehr,2025-11-20T20:46:25Z
83470,Φούλγορες,el,"","",,Greek,Alec Gosewehr,2025-11-20T20:47:55Z
708511,Φουλγορίνες,el,"","",,Greek,Alec Gosewehr,2025-11-20T20:48:36Z
54944,Φουλγορίδες,el,"","",,Greek,Alec Gosewehr,2025-11-20T20:49:05Z
52073,Φουλγοροειδή,el,"","",,Greek,Alec Gosewehr,2025-11-20T20:49:37Z
372860,Φουλγορόμορφα,el,"","",,Greek,Alec Gosewehr,2025-11-20T20:50:15Z
154055,Γληνείες,el,"","",,Greek,Alec Gosewehr,2025-11-20T20:52:10Z
342233,Κίξιοι,el,"","",,Greek,Alec Gosewehr,2025-11-20T20:53:08Z
472484,Κιξίνοι,el,"","",,Greek,Alec Gosewehr,2025-11-20T20:53:39Z
472483,Κιξίνες,el,"","",,Greek,Alec Gosewehr,2025-11-20T20:54:06Z
84074,Κιξίδες,el,"","",,Greek,Alec Gosewehr,2025-11-20T20:54:37Z
1473811,Δελφακοειδή,el,"","",,Greek,Alec Gosewehr,2025-11-20T20:55:41Z
602008,Ραβδοκαλυπτοί,el,"","",,Greek,Alec Gosewehr,2025-11-20T20:56:58Z
424718,Ροσσελίδες,el,"","",,Greek,Alec Gosewehr,2025-11-20T20:57:47Z
551713,Εξαστηροφόρα,el,"","",,Greek,Alec Gosewehr,2025-11-20T20:59:13Z
67329,Φολκοί,el,"","",,Greek,Alec Gosewehr,2025-11-20T23:06:57Z
1471930,Φολκίνες,el,"","",,Greek,Alec Gosewehr,2025-11-20T23:08:05Z
47823,Φολκίδες,el,"","",,Greek,Alec Gosewehr,2025-11-20T23:08:39Z
367163,Φολκοειδή,el,"","",,Greek,Alec Gosewehr,2025-11-20T23:10:45Z
367158,Απλόγυνες,el,"","",,Greek,Alec Gosewehr,2025-11-20T23:12:08Z
174813,Θρόμβια,el,"","",,Greek,Alec Gosewehr,2025-11-20T23:13:30Z
131962,Στενοί,el,"","",,Greek,Alec Gosewehr,2025-11-20T23:15:19Z
251264,Κυφές,el,"","",,Greek,Alec Gosewehr,2025-11-20T23:16:40Z
17007,Σαυόρνιθες,el,"","",,Greek,Alec Gosewehr,2025-11-21T00:34:42Z
17007,Φοίβες,el,"","",,Greek,Alec Gosewehr,2025-11-21T00:36:11Z
218974,Τρίπλευρος ελειώδης,el,"","",,Greek,Alec Gosewehr,2025-11-21T00:46:17Z
60340,Λιθοβάτες,el,"","",,Greek,Alec Gosewehr,2025-11-21T00:48:46Z
84752,Ρομβόφυλλο μικροκέντρο,el,"","",,Greek,Alec Gosewehr,2025-11-21T00:51:22Z
48131,Μικροκέντρα,el,"","",,Greek,Alec Gosewehr,2025-11-21T00:52:40Z
56536,Χλωροφύλλα,el,"","",,Greek,Alec Gosewehr,2025-11-21T00:57:14Z
47906,Ασκληπιάδες,el,"","",,Greek,Alec Gosewehr,2025-11-21T01:01:08Z
49564,μπλούμποννετ,el,"","",,Greek,Alec Gosewehr,2025-11-21T01:07:02Z
7575,Θυρομανές,el,"","",,Greek,Alec Gosewehr,2025-11-21T01:09:26Z
69391,Παρατρεχίνες,el,"","",,Greek,Alec Gosewehr,2025-11-21T01:11:18Z
53868,Ερυθημίδες,el,"","",,Greek,Alec Gosewehr,2025-11-21T01:13:28Z
47155,Τορτρικίδες,el,"","",,Greek,Alec Gosewehr,2025-11-21T01:22:03Z
1654557,Σακχαροπέταυρος,el,"","",https://www.inaturalist.org/taxon_names/3539518/edit,Greek,,2025-11-25T12:21:40Z
728584,Ανατολικός Πράσινος Δρυοκολάπτης,el,"","",,Greek,Valia Pavlou,2025-12-28T16:19:30Z
46653,Κρητική μυγαλή,el,"Crete, GR","",,Greek,dum1,2026-01-06T04:13:10Z
362399,δίκταμο,el,Greece,GR,,Greek,dum1,2026-01-06T04:22:14Z
899653,Πορτογαλικός γυμνοσάλιαγκας,el,"","",https://www.inaturalist.org/taxon_names/2186663/edit,Greek,,2026-01-22T19:05:22Z
1664971,Ζωνοδέλφινο του Ειρηνικού,el,"","",https://www.inaturalist.org/taxon_names/3539596/edit,Greek,Sean Cozart,2026-01-27T04:53:16Z
1664972,Σκουροδέλφινο,el,"","",https://www.inaturalist.org/taxon_names/3539676/edit,Greek,,2026-01-27T04:54:06Z
142698,Ευρασιατικός Νανόμπουφος,el,"","",,Greek,Valia Pavlou,2026-02-05T11:10:15Z
1319807,Βάτραχος του Μπεντριάγκα,el,"","",https://www.inaturalist.org/taxon_names/1530721/edit,Greek,Chris Thawley,2026-03-03T10:28:02Z
1319807,Βάτραχος της Καρπάθου,el,"","",https://www.inaturalist.org/taxon_names/1530722/edit,Greek,Chris Thawley,2026-03-03T10:28:03Z
1319807,Βαλτοβάτραχος,el,"","",https://www.inaturalist.org/taxon_names/1530728/edit,Greek,Chris Thawley,2026-03-03T10:28:08Z
1319807,Ελληνικός Βαλτοβάτραχος,el,"","",https://www.inaturalist.org/taxon_names/1530726/edit,Greek,Chris Thawley,2026-03-03T10:28:11Z
960281,Βαλκανικό Αγριόγιδο,el,"","",,Greek,Valia Pavlou,2026-03-06T22:04:38Z
515483,Στεπόγλαρος,el,"","",,Greek,Valia Pavlou,2026-03-06T23:34:15Z
332965,Σιβηρικός Μελανόγλαρος,el,"","",,Greek,Valia Pavlou,2026-03-06T23:37:35Z
515475,Βαλτικός Μελανόγλαρος,el,"","",,Greek,Valia Pavlou,2026-03-06T23:38:20Z
728378,Σκανδιναβικός Δεντροφυλλοσκόπος,el,"","",,Greek,Valia Pavlou,2026-03-08T22:28:42Z
370399,Ινδομαλαισιακή Τυτώ,el,"","",,Greek,Valia Pavlou,2026-03-09T10:22:00Z
1578502,Αμερικανική Τυτώ,el,"","",,Greek,Valia Pavlou,2026-03-09T10:23:20Z
337559,Δυτικός Καρβουνιάρης,el,"","",,Greek,Valia Pavlou,2026-03-16T20:36:31Z
1678340,Λευκόστικτο χταπόδι,el,"","",https://www.inaturalist.org/taxon_names/1621314/edit,Greek,Bobby McCabe,2026-04-16T19:10:45Z
1505608,Ιταλικό × Χωραφοσπουργίτι,el,"","",,Greek,Valia Pavlou,2026-05-15T18:59:55Z
507967,Σπιτοσπουργίτι × Ιταλικό Σπουργίτι,el,"","",,Greek,Valia Pavlou,2026-05-16T13:20:00Z
122629,Πασίμαχοι,el,"","",,Greek,Alec Gosewehr,2026-06-07T22:46:13Z
1687537,Ιβίσκος ο καννάβινος,el,"","",https://www.inaturalist.org/taxon_names/2199408/edit,Greek,,2026-06-17T05:54:42Z
1687652,Ιβίσκος η σαβδαρίφη,el,"","",https://www.inaturalist.org/taxon_names/2199412/edit,Greek,,2026-06-17T06:22:06Z
1687652,Ιβίσκος της Ερυθραίας,el,"","",https://www.inaturalist.org/taxon_names/2199411/edit,Greek,,2026-06-17T06:22:06Z
85611,Αθερινίνες,el,"","",https://www.inaturalist.org/taxon_names/2210630/edit,Greek,,2026-06-25T10:52:36Z
85611,Αθερινίναι,el,"","",https://www.inaturalist.org/taxon_names/2210636/edit,Greek,,2026-06-25T10:52:36Z
63482,Τυλόπιλοι,el,"","",,Greek,Alec Gosewehr,2026-07-13T21:29:17Z
196745,Βασιλιάς Των Ρεγγών,el,"","",,Greek,operculum_ben,2026-07-18T15:59:59Z
516774,Μεσογειακός Φλώρος,el,"","",,Greek,Valia Pavlou,2026-07-27T12:09:09Z
208700,Αμερικανικός Βίσωνας,el,"","",https://www.inaturalist.org/taxon_names/2497812/edit,Greek,Sean Cozart,2026-07-29T04:19:39Z
1696537,Ευρασιατικός Βίσωνας,el,"","",https://www.inaturalist.org/taxon_names/2499017/edit,Greek,Sean Cozart,2026-07-29T04:22:37Z
1696537,ευρωπαϊκός βίσονας,el,"","",https://www.inaturalist.org/taxon_names/2655323/edit,Greek,Sean Cozart,2026-07-29T04:22:53Z
1696537,ευρωπαϊκός βίσωνας,el,"","",https://www.inaturalist.org/taxon_names/2655324/edit,Greek,Sean Cozart,2026-07-29T04:22:56Z
1698436,Κόκκινο Τίτι,el,"","",https://www.inaturalist.org/taxon_names/2902167/edit,Greek,Sean Cozart,2026-08-04T19:33:25Z
698428,Ανατολικός Σταχτομυγοχάφτης,el,"","",,Greek,Valia Pavlou,2026-08-06T14:48:34Z
709370,Νεροκότσυφας,el,Cyprus,"",,Greek,dum1,2026-08-21T02:43:57Z
