id,vernacularName,language,locality,countryCode,source,lexicon,contributor,created
47336,Iimbovane,und,"","",,Xhosa,Peter Slingsby,2018-03-14T07:04:49Z
41964,iNgwenyama,und,"","",,Xhosa,Bobby McCabe,2018-03-24T16:39:30Z
41964,iNgonyama,und,"","",,Xhosa,Bobby McCabe,2018-03-24T16:40:10Z
43125,Umvundla,und,"","",,Xhosa,Bobby McCabe,2018-04-13T15:30:11Z
559225,Umhlunguthi,und,"","",,Xhosa,Brendan O'Loughlin,2018-08-22T18:01:06Z
559225,Ulonwabo,und,"","",,Xhosa,Brendan O'Loughlin,2018-08-22T18:01:37Z
123070,Ibhokhwe,und,"","",,Xhosa,John E. Christensen,2018-12-30T16:15:02Z
47735,ukushonga,und,"","",,Xhosa,Joachim Louis,2019-01-15T09:49:11Z
58127,Umfino,und,"","",,Xhosa,Andrew Massyn,2019-03-24T10:30:16Z
133538,umvumvu,und,"","",,Xhosa,Chris Vynbos,2019-11-03T13:59:46Z
118668,Intimla,und,"","",,Xhosa,Chris Vynbos,2019-11-14T13:26:53Z
430630,ikhala,und,"","",,Xhosa,Bobby McCabe,2019-12-06T14:18:12Z
505478,Inkuku,und,"","",,Xhosa,John E. Christensen,2020-01-03T08:09:40Z
131236,iintsholongwane,und,"","",,Xhosa,James K. Douch,2020-02-23T03:11:55Z
925659,Inyhwagi,und,"","",,Xhosa,Bobby McCabe,2020-02-23T04:59:27Z
41595,Inyhwagi,und,"","",,Xhosa,Bobby McCabe,2020-02-23T05:28:48Z
52884,inYenzane,und,"","",,Xhosa,Dewald du Plessis,2020-03-14T13:31:01Z
67688,inKumbi,und,"","",,Xhosa,Dewald du Plessis,2020-03-14T13:35:22Z
42283,Ibhadi,und,"","",,Xhosa,Bobby McCabe,2020-03-19T16:21:31Z
60583,isiPonji,und,"","",,Xhosa,Dewald du Plessis,2020-03-23T12:25:27Z
120407,Shongololo,und,"Free State, ZA","",,Xhosa,Dewald du Plessis,2020-03-31T19:01:21Z
63081,isiFunxigazi,und,"","",,Xhosa,Dewald du Plessis,2020-04-06T10:09:29Z
333586,umSundulu,und,"","",,Xhosa,Dewald du Plessis,2020-04-06T18:03:30Z
121639,uNonkala,und,"","",,Xhosa,Dewald du Plessis,2020-04-06T18:43:50Z
342910,iProwuni,und,"","",,Xhosa,Dewald du Plessis,2020-04-06T18:56:23Z
61384,uNamvuna,und,"","",,Xhosa,Dewald du Plessis,2020-04-07T10:29:08Z
311310,"iKhreyifishi, uNamvuna",und,"","",,Xhosa,Dewald du Plessis,2020-04-07T10:32:28Z
85493,isiDalwa esineqokobhe solwandle,und,"","",,Xhosa,Dewald du Plessis,2020-04-07T10:44:18Z
49556,inKume,und,"","",,Xhosa,Dewald du Plessis,2020-04-07T11:19:57Z
47735,iShongololo,und,"","",,Xhosa,Dewald du Plessis,2020-04-07T18:11:13Z
1,isiLwanyana,und,"","",,Xhosa,Dewald du Plessis,2020-04-09T18:02:08Z
47114,inKumba,und,"","",,Xhosa,Dewald du Plessis,2020-04-09T18:12:59Z
42283,Tsepe,und,"","",,Xhosa,Dewald du Plessis,2020-04-24T13:06:05Z
75192,iMpoof,und,"","",,Xhosa,Dewald du Plessis,2020-04-24T13:31:13Z
132658,Caama,und,"","",,Xhosa,Dewald du Plessis,2020-04-24T13:42:45Z
42149,iMfoobo,und,"","",,Xhosa,Dewald du Plessis,2020-04-24T18:01:26Z
50333,uButywala bentaka,und,"","",,Xhosa,Dewald du Plessis,2020-05-24T07:45:40Z
119673,umsintsi,und,"","",,Xhosa,botswanabugs,2020-08-07T09:52:18Z
138594,umgxam,und,"","",,Xhosa,botswanabugs,2020-08-07T10:12:48Z
340228,umphafa,und,"","",,Xhosa,botswanabugs,2020-08-12T00:47:29Z
51672,iKhalane,und,"","",,Xhosa,Dewald du Plessis,2020-08-21T11:24:57Z
51673,iKhalane,und,"","",,Xhosa,Dewald du Plessis,2020-08-21T11:34:57Z
123675,iKhalane,und,"","",,Xhosa,Dewald du Plessis,2020-08-21T12:05:20Z
28948,inKwakhwa,und,"","",,Xhosa,Andrew Durso,2020-08-28T14:25:43Z
28985,inTlangu,und,"","",,Xhosa,Andrew Durso,2020-08-28T14:30:23Z
30358,iNambezulu,und,"","",,Xhosa,Andrew Durso,2020-08-28T14:45:35Z
30358,iNyushu,und,"","",,Xhosa,Andrew Durso,2020-08-28T14:45:52Z
30464,inKamela,und,"","",,Xhosa,Andrew Durso,2020-08-28T14:54:13Z
106446,isiKhotsholo,und,"","",,Xhosa,Andrew Durso,2020-08-28T15:19:39Z
30487,umDlezinye,und,"","",,Xhosa,Andrew Durso,2020-08-28T15:34:49Z
30488,iPhimpi,und,"","",,Xhosa,Andrew Durso,2020-08-28T15:40:51Z
30405,iMamba emnyama,und,"","",,Xhosa,Andrew Durso,2020-08-28T15:53:07Z
55854,umHlavuthwa,und,South Africa,ZA,,Xhosa,Dewald du Plessis,2020-11-02T13:21:33Z
320739,isiHihi,und,"","",,Xhosa,Dewald du Plessis,2020-11-09T18:37:34Z
525722,umSenge,und,"","",,Xhosa,Dewald du Plessis,2020-11-09T18:51:33Z
598589,umSenge,und,Maloti-Drakensberg Park World Heritage Site,"",,Xhosa,Dewald du Plessis,2020-11-09T18:58:52Z
143538,umSenge,und,Maloti-Drakensberg Park World Heritage Site,"",,Xhosa,Dewald du Plessis,2020-11-09T19:07:53Z
185371,umKhobeza,und,South Africa,ZA,,Xhosa,Dewald du Plessis,2020-11-09T19:24:45Z
184342,umBhaba,und,"","",,Xhosa,Dewald du Plessis,2020-11-09T19:34:39Z
166935,umKhwenkwe,und,South Africa,ZA,,Xhosa,Dewald du Plessis,2020-11-09T19:41:19Z
334567,umNqabaza,und,"","",,Xhosa,Dewald du Plessis,2020-11-09T19:46:55Z
75917,umNceba,und,"","",,Xhosa,Dewald du Plessis,2020-11-09T19:53:54Z
185514,umBere-bere,und,"","",,Xhosa,Dewald du Plessis,2020-11-09T19:58:09Z
185514,uNdalu,und,"","",,Xhosa,Dewald du Plessis,2020-11-09T19:58:30Z
211103,iLotyane,und,"","",,Xhosa,Dewald du Plessis,2020-11-12T10:48:27Z
340324,umVilo,und,"","",,Xhosa,Dewald du Plessis,2020-11-12T11:19:37Z
469308,umBhongisa,und,South Africa,ZA,,Xhosa,Dewald du Plessis,2020-11-12T13:28:35Z
502780,umNga,und,"","",,Xhosa,Dewald du Plessis,2020-11-12T13:33:18Z
489282,umTyityi,und,"","",,Xhosa,Dewald du Plessis,2020-11-12T13:36:44Z
489282,isiDwadwa,und,"","",,Xhosa,Dewald du Plessis,2020-11-12T13:37:06Z
136323,umKhoba,und,"City of Johannesburg, GT, ZA | Maloti-Drakensberg Park World Heritage Site","",,Xhosa,Dewald du Plessis,2020-11-12T14:53:39Z
132930,umCheya,und,Maloti-Drakensberg Park World Heritage Site,"",,Xhosa,Dewald du Plessis,2020-11-12T14:58:20Z
135389,umDubu,und,South Africa,ZA,,Xhosa,Dewald du Plessis,2020-11-12T15:12:42Z
135389,umDubi,und,"","",,Xhosa,Dewald du Plessis,2020-11-12T15:13:03Z
133950,umVumvu,und,"","",,Xhosa,Dewald du Plessis,2020-11-12T15:18:09Z
57140,umNquma,und,South Africa,ZA,,Xhosa,Dewald du Plessis,2020-11-12T20:40:21Z
586670,umQaqoba,und,"","",,Xhosa,Dewald du Plessis,2020-11-12T20:46:55Z
428559,iliTye,und,"","",,Xhosa,Dewald du Plessis,2020-11-12T20:55:17Z
428559,umGqalutye,und,"","",,Xhosa,Dewald du Plessis,2020-11-12T20:55:43Z
559229,umNgampunzi,und,South Africa,ZA,,Xhosa,Dewald du Plessis,2020-11-13T10:00:42Z
402272,umBinza,und,"","",,Xhosa,Dewald du Plessis,2020-11-13T10:03:51Z
119178,umVethi,und,"","",,Xhosa,Dewald du Plessis,2020-11-13T10:12:05Z
119178,umAthamandi,und,"","",,Xhosa,Dewald du Plessis,2020-11-13T10:12:35Z
119178,umKhokhokho,und,"","",,Xhosa,Dewald du Plessis,2020-11-13T10:12:54Z
70260,iYeza lenkomo,und,South Africa,ZA,,Xhosa,Dewald du Plessis,2020-11-13T10:25:02Z
70260,umBovini,und,South Africa,ZA,,Xhosa,Dewald du Plessis,2020-11-13T10:25:22Z
79020,umHlakotshane,und,"","",,Xhosa,Dewald du Plessis,2020-11-13T10:31:18Z
558688,umGwali,und,South Africa,ZA,,Xhosa,Dewald du Plessis,2020-11-13T11:13:11Z
558688,umTshekisane,und,South Africa,ZA,,Xhosa,Dewald du Plessis,2020-11-13T11:14:03Z
342039,umBulunyathi,und,South Africa,ZA,,Xhosa,Dewald du Plessis,2020-11-13T11:22:13Z
342039,inTekaza,und,South Africa,ZA,,Xhosa,Dewald du Plessis,2020-11-13T11:22:35Z
541445,umTenatane,und,"","",,Xhosa,Dewald du Plessis,2020-11-13T11:41:34Z
541445,inTsazimane,und,"","",,Xhosa,Dewald du Plessis,2020-11-13T11:42:01Z
337799,isiBetha-nkunzi,und,"","",,Xhosa,Dewald du Plessis,2020-11-13T11:44:16Z
593043,umGlindi,und,"","",,Xhosa,Dewald du Plessis,2020-11-13T11:46:04Z
590764,uQudu,und,"","",,Xhosa,Dewald du Plessis,2020-11-13T11:48:51Z
340354,umBangandlela,und,"","",,Xhosa,Dewald du Plessis,2020-11-13T11:52:24Z
346399,mHleli,und,"","",,Xhosa,Dewald du Plessis,2020-11-13T11:58:17Z
346399,umBotshani,und,"","",,Xhosa,Dewald du Plessis,2020-11-13T11:58:35Z
362174,umLungumabele,und,"","",,Xhosa,Dewald du Plessis,2020-11-13T12:04:30Z
362174,umNungumabele,und,"","",,Xhosa,Dewald du Plessis,2020-11-13T12:04:50Z
474039,mathola,und,"","",,Xhosa,botswanabugs,2020-11-20T14:02:29Z
185490,uvelabahleke,und,"","",,Xhosa,Yann Kemper,2020-12-02T07:33:25Z
43694,nDlovu,und,"","",,Xhosa,Dewald du Plessis,2020-12-13T22:53:30Z
42149,mVubu,und,"","",,Xhosa,Dewald du Plessis,2020-12-13T22:55:26Z
43348,mKombe,und,"","",,Xhosa,Dewald du Plessis,2020-12-13T22:57:05Z
43350,umKhombe,und,"","",,Xhosa,Dewald du Plessis,2020-12-13T22:59:15Z
42405,nYathi,und,"","",,Xhosa,Dewald du Plessis,2020-12-13T23:02:58Z
43330,Dauwa,und,"","",,Xhosa,Dewald du Plessis,2020-12-13T23:04:21Z
132668,Dauwa,und,"","",,Xhosa,Dewald du Plessis,2020-12-13T23:04:48Z
43335,Dube,und,"","",,Xhosa,Dewald du Plessis,2020-12-13T23:07:31Z
447362,Dube,und,"","",,Xhosa,Dewald du Plessis,2020-12-13T23:10:20Z
119542,Gonnia,und,"","",,Xhosa,Dewald du Plessis,2020-12-18T20:25:36Z
42280,nKonkoni,und,"","",,Xhosa,Dewald du Plessis,2020-12-18T22:19:30Z
75192,mPofu,und,"","",,Xhosa,Dewald du Plessis,2020-12-18T22:25:24Z
42418,Xhama,und,"","",,Xhosa,Dewald du Plessis,2020-12-18T22:28:59Z
132658,Xhama,und,"","",,Xhosa,Dewald du Plessis,2020-12-18T22:30:18Z
42306,nXala,und,"","",,Xhosa,Dewald du Plessis,2020-12-18T22:38:16Z
42305,nTlangu,und,"","",,Xhosa,Dewald du Plessis,2020-12-18T22:39:39Z
42336,Liza,und,"","",,Xhosa,Dewald du Plessis,2020-12-18T22:42:42Z
42339,Qudu,und,"","",,Xhosa,Dewald du Plessis,2020-12-18T22:47:53Z
42341,iMbabala,und,"","",,Xhosa,Dewald du Plessis,2020-12-18T22:49:36Z
42380,Wula,und,"","",,Xhosa,Dewald du Plessis,2020-12-18T22:52:11Z
42380,iWula,und,"","",,Xhosa,Dewald du Plessis,2020-12-18T22:52:23Z
42424,mPunzi,und,"","",,Xhosa,Dewald du Plessis,2020-12-18T22:53:26Z
42138,nGulube,und,"","",,Xhosa,Dewald du Plessis,2020-12-18T22:57:30Z
41963,inGwe,und,"","",,Xhosa,Dewald du Plessis,2020-12-18T23:01:58Z
42025,Hlosi,und,"","",,Xhosa,Dewald du Plessis,2020-12-18T23:04:10Z
430601,inHlungunyembe,und,"Eastern Cape, ZA","",,Xhosa,Dewald du Plessis,2020-12-30T19:58:11Z
430601,umHlakashiso,und,"Eastern Cape, ZA","",,Xhosa,Dewald du Plessis,2020-12-30T19:59:02Z
430601,uBuhlungu,und,"Eastern Cape, ZA","",,Xhosa,Dewald du Plessis,2020-12-30T19:59:39Z
430601,inTlungunyembe,und,"Eastern Cape, ZA","",,Xhosa,Dewald du Plessis,2020-12-30T20:00:02Z
430601,inXinebe,und,"Eastern Cape, ZA","",,Xhosa,Dewald du Plessis,2020-12-30T20:00:23Z
430600,uBuhlungu,und,"Eastern Cape, ZA","",,Xhosa,Dewald du Plessis,2020-12-30T20:02:38Z
430600,uBuhlungu-benyoka,und,"Eastern Cape, ZA","",,Xhosa,Dewald du Plessis,2020-12-30T20:02:57Z
430600,inTlungunyembe,und,"Eastern Cape, ZA","",,Xhosa,Dewald du Plessis,2020-12-30T20:03:17Z
135626,umSonti,und,"","",,Xhosa,Dewald du Plessis,2021-04-20T21:58:43Z
85284,umSonti,und,"","",,Xhosa,Dewald du Plessis,2021-04-20T21:59:42Z
516178,mthangazana,und,"","",,Xhosa,botswanabugs,2021-05-19T09:57:21Z
340308,itunga,und,"","",,Xhosa,botswanabugs,2021-05-22T06:04:18Z
190367,igqwaka,und,"","",,Xhosa,botswanabugs,2021-05-24T13:18:38Z
489301,umdakane,und,"","",,Xhosa,botswanabugs,2021-05-24T13:22:13Z
567695,isifutha,und,"","",,Xhosa,botswanabugs,2021-05-24T13:33:12Z
431512,unthathi,und,"","",,Xhosa,botswanabugs,2021-05-24T13:41:03Z
582093,ifense,und,"","",,Xhosa,botswanabugs,2021-06-09T04:19:08Z
582093,isisefo,und,"","",,Xhosa,botswanabugs,2021-06-09T04:19:46Z
582105,isisefo,und,"","",,Xhosa,botswanabugs,2021-06-09T04:21:18Z
578946,umthombothi,und,"","",,Xhosa,botswanabugs,2021-06-09T04:23:51Z
569363,isinonya,und,"","",,Xhosa,botswanabugs,2021-06-09T04:26:16Z
569363,isityatyisa,und,"","",,Xhosa,botswanabugs,2021-06-09T04:26:52Z
569363,iyeza lentshulube,und,"","",,Xhosa,botswanabugs,2021-06-09T04:27:31Z
569363,umanzamnyama,und,"","",,Xhosa,botswanabugs,2021-06-09T04:28:04Z
157960,isinama sebhokhwe,und,"","",,Xhosa,botswanabugs,2021-06-09T04:30:26Z
157960,isanama sokugabha,und,"","",,Xhosa,botswanabugs,2021-06-09T04:31:19Z
157960,isanama,und,"","",,Xhosa,botswanabugs,2021-06-09T04:31:48Z
502780,umngampunzi,und,"","",,Xhosa,botswanabugs,2021-06-09T04:37:49Z
75249,iwintili,und,"","",,Xhosa,botswanabugs,2021-06-09T05:02:29Z
75249,iwatile,und,"","",,Xhosa,botswanabugs,2021-06-09T05:03:18Z
75250,iwatlisi,und,"","",,Xhosa,botswanabugs,2021-06-09T05:05:07Z
75250,idywabasi,und,"","",,Xhosa,botswanabugs,2021-06-09T05:05:41Z
349702,isigagisa,und,"","",,Xhosa,botswanabugs,2021-06-09T05:09:17Z
349702,ukakayi,und,"","",,Xhosa,botswanabugs,2021-06-09T05:09:47Z
349702,uthekwane,und,"","",,Xhosa,botswanabugs,2021-06-09T05:10:10Z
119911,inqwebeba,und,"","",,Xhosa,botswanabugs,2021-06-09T05:12:12Z
119911,inqwebaba,und,"","",,Xhosa,botswanabugs,2021-06-09T05:12:47Z
579936,umthi wamaqhakuva,und,"","",,Xhosa,botswanabugs,2021-06-09T05:15:05Z
579936,umsantsana,und,"","",,Xhosa,botswanabugs,2021-06-09T05:15:32Z
340136,umtyongi,und,"","",,Xhosa,botswanabugs,2021-06-09T05:16:31Z
589815,intelezi,und,"","",,Xhosa,botswanabugs,2021-06-09T05:17:58Z
199511,ikritsi,und,"","",,Xhosa,botswanabugs,2021-06-09T05:19:03Z
505798,ubulawu obumhlope,und,"","",,Xhosa,botswanabugs,2021-06-09T05:21:24Z
505798,umthunzi,und,"","",,Xhosa,botswanabugs,2021-06-09T05:22:03Z
505798,ivane,und,"","",,Xhosa,botswanabugs,2021-06-09T05:22:44Z
505798,umdumizulu ibangana,und,"","",,Xhosa,botswanabugs,2021-06-09T05:23:31Z
580348,umqhaphu,und,"","",,Xhosa,botswanabugs,2021-06-09T05:25:01Z
580348,igontsi,und,"","",,Xhosa,botswanabugs,2021-06-09T05:25:40Z
580348,unyawo lwenkukhu,und,"","",,Xhosa,botswanabugs,2021-06-09T05:26:16Z
52351,ukakhayi,und,"","",,Xhosa,botswanabugs,2021-06-09T05:27:40Z
52351,igwada,und,"","",,Xhosa,botswanabugs,2021-06-09T05:28:09Z
580338,isumtshekane,und,"","",,Xhosa,botswanabugs,2021-06-09T05:29:52Z
334567,umvilani,und,"","",,Xhosa,botswanabugs,2021-06-09T09:50:04Z
334567,uhlolo,und,"","",,Xhosa,botswanabugs,2021-06-09T09:51:02Z
334567,oluncinci,und,"","",,Xhosa,botswanabugs,2021-06-09T09:51:47Z
334567,umnqaza,und,"","",,Xhosa,botswanabugs,2021-06-09T09:52:56Z
334567,unyenye,und,"","",,Xhosa,botswanabugs,2021-06-09T09:53:30Z
431073,umhlolo,und,"","",,Xhosa,botswanabugs,2021-06-09T09:55:41Z
431073,uhlokhulu,und,"","",,Xhosa,botswanabugs,2021-06-09T09:56:13Z
431073,uhlolo,und,"","",,Xhosa,botswanabugs,2021-06-09T09:56:44Z
431073,olukhulu,und,"","",,Xhosa,botswanabugs,2021-06-09T09:57:13Z
586652,iphuzi lomlambo,und,"","",,Xhosa,botswanabugs,2021-06-09T10:00:27Z
586652,upuzi,und,"","",,Xhosa,botswanabugs,2021-06-09T10:00:52Z
431073,upuzana lomfula,und,"","",,Xhosa,botswanabugs,2021-06-09T10:01:09Z
586652,ithangazana,und,"","",,Xhosa,botswanabugs,2021-06-09T10:03:28Z
586652,uphuzana,und,"","",,Xhosa,botswanabugs,2021-06-09T10:03:55Z
586652,indlebe yebokwe,und,"","",,Xhosa,botswanabugs,2021-06-09T10:04:48Z
586652,ithanga lomlambo,und,"","",,Xhosa,botswanabugs,2021-06-09T10:05:08Z
586652,iphuzi,und,"","",,Xhosa,botswanabugs,2021-06-09T10:06:58Z
402272,iliminza,und,"","",,Xhosa,botswanabugs,2021-06-09T10:10:21Z
402272,umbinzai,und,"","",,Xhosa,botswanabugs,2021-06-09T10:10:47Z
402272,inkobe,und,"","",,Xhosa,botswanabugs,2021-06-09T10:11:30Z
402272,isibethankunzi,und,"","",,Xhosa,botswanabugs,2021-06-09T10:12:26Z
346399,umhleli,und,"","",,Xhosa,botswanabugs,2021-06-09T10:34:46Z
346399,ungobogobana,und,"","",,Xhosa,botswanabugs,2021-06-09T10:35:18Z
346399,umbotshane,und,"","",,Xhosa,botswanabugs,2021-06-09T10:35:55Z
506952,umnyamati,und,"","",,Xhosa,botswanabugs,2021-06-09T10:39:22Z
506952,umgwenye,und,"","",,Xhosa,botswanabugs,2021-06-09T10:39:44Z
506952,umgwenyobomvu,und,"","",,Xhosa,botswanabugs,2021-06-09T10:40:03Z
506952,umlahleni selefile,und,"","",,Xhosa,botswanabugs,2021-06-09T10:40:23Z
506952,umanaye,und,"","",,Xhosa,botswanabugs,2021-06-09T10:40:41Z
506952,umgwenye wezinja,und,"","",,Xhosa,botswanabugs,2021-06-09T10:42:08Z
119178,umfayenkomo,und,"","",,Xhosa,botswanabugs,2021-06-09T11:33:48Z
119178,umveti,und,"","",,Xhosa,botswanabugs,2021-06-09T11:35:09Z
119178,umofunofu,und,"","",,Xhosa,botswanabugs,2021-06-09T11:35:28Z
119178,umduma,und,"","",,Xhosa,botswanabugs,2021-06-09T11:36:46Z
119178,umhlinzinyati,und,"","",,Xhosa,botswanabugs,2021-06-09T11:37:10Z
119178,ingcondo,und,"","",,Xhosa,botswanabugs,2021-06-09T11:37:44Z
119178,umhlandela,und,"","",,Xhosa,botswanabugs,2021-06-09T11:38:04Z
119178,umnovunovu,und,"","",,Xhosa,botswanabugs,2021-06-09T11:38:38Z
119178,umluvuluvu,und,"","",,Xhosa,botswanabugs,2021-06-09T11:38:58Z
119178,umathamnandi,und,"","",,Xhosa,botswanabugs,2021-06-09T11:39:20Z
431203,uthuvana,und,"","",,Xhosa,botswanabugs,2021-06-09T12:18:47Z
431203,uthuvishe,und,"","",,Xhosa,botswanabugs,2021-06-09T12:19:27Z
431203,utyuthu umadliwa,und,"","",,Xhosa,botswanabugs,2021-06-09T12:19:57Z
338719,umswi,und,"","",,Xhosa,botswanabugs,2021-06-12T07:55:28Z
595101,umjomewehlathi,und,"","",,Xhosa,botswanabugs,2021-06-12T08:03:26Z
593894,intlokolotshane-ebomvu,und,"","",,Xhosa,botswanabugs,2021-07-21T05:18:05Z
593894,umchane,und,"","",,Xhosa,botswanabugs,2021-07-21T05:18:48Z
593894,amapozi,und,"","",,Xhosa,botswanabugs,2021-07-21T05:19:15Z
367465,incwadi,und,"","",,Xhosa,botswanabugs,2021-07-30T17:05:59Z
430600,nthunguyembe,und,"","",,Xhosa,botswanabugs,2021-07-30T17:17:13Z
594959,umhlambamase,und,"","",,Xhosa,botswanabugs,2021-07-30T17:40:17Z
79020,Inhlangutshane,und,"","",,Xhosa,botswanabugs,2021-08-07T11:12:32Z
334379,umhlondo,und,"","",,Xhosa,botswanabugs,2021-08-11T13:27:55Z
334379,umhlontlo,und,"","",,Xhosa,botswanabugs,2021-08-11T13:29:07Z
334379,umthi wamawele,und,"","",,Xhosa,botswanabugs,2021-08-11T13:29:48Z
162855,omhlondo,und,"","",,Xhosa,Khama III Memorial Museum in Serowe,2021-08-11T18:00:06Z
132849,Umfincafincane,und,"","",,Xhosa,botswanabugs,2021-08-14T21:46:52Z
43086,Imbila,und,"","",,Xhosa,Bobby McCabe,2021-08-29T03:01:14Z
590257,iHlamvu lentaba,und,"Grassveld National Park, EC, ZA","",,Xhosa,Dewald du Plessis,2021-10-02T21:55:09Z
76425,uHlotshane,und,"","",,Xhosa,Dewald du Plessis,2021-10-02T23:44:00Z
48894,unomadudwane,und,"","",,Xhosa,Dewald du Plessis,2021-10-19T20:20:36Z
122098,umuthi wenhlanhla,und,"","",South African National Biodiversity Institute. 2021. Botanical Database of Southern Africa (BODATSA) [offline dataset]. http://newposa.sanbi.org [Note that these data are not available at this URL as of 2021],Xhosa,Ken-ichi Ueda,2021-10-21T20:49:35Z
567417,umnga,und,"","",South African National Biodiversity Institute. 2021. Botanical Database of Southern Africa (BODATSA) [offline dataset]. http://newposa.sanbi.org [Note that these data are not available at this URL as of 2021],Xhosa,Ken-ichi Ueda,2021-10-21T20:49:35Z
502780,umga,und,"","",South African National Biodiversity Institute. 2021. Botanical Database of Southern Africa (BODATSA) [offline dataset]. http://newposa.sanbi.org [Note that these data are not available at this URL as of 2021],Xhosa,Ken-ichi Ueda,2021-10-21T20:49:36Z
502780,umnga-mpunzi,und,"","",South African National Biodiversity Institute. 2021. Botanical Database of Southern Africa (BODATSA) [offline dataset]. http://newposa.sanbi.org [Note that these data are not available at this URL as of 2021],Xhosa,Ken-ichi Ueda,2021-10-21T20:49:36Z
502780,umuNga,und,"","",South African National Biodiversity Institute. 2021. Botanical Database of Southern Africa (BODATSA) [offline dataset]. http://newposa.sanbi.org [Note that these data are not available at this URL as of 2021],Xhosa,Ken-ichi Ueda,2021-10-21T20:49:37Z
594424,ubobo,und,"","",South African National Biodiversity Institute. 2021. Botanical Database of Southern Africa (BODATSA) [offline dataset]. http://newposa.sanbi.org [Note that these data are not available at this URL as of 2021],Xhosa,Ken-ichi Ueda,2021-10-21T20:49:37Z
578946,isithomboti,und,"","",South African National Biodiversity Institute. 2021. Botanical Database of Southern Africa (BODATSA) [offline dataset]. http://newposa.sanbi.org [Note that these data are not available at this URL as of 2021],Xhosa,Ken-ichi Ueda,2021-10-21T20:49:37Z
430601,ubuhlungu benyo,und,"","",South African National Biodiversity Institute. 2021. Botanical Database of Southern Africa (BODATSA) [offline dataset]. http://newposa.sanbi.org [Note that these data are not available at this URL as of 2021],Xhosa,Ken-ichi Ueda,2021-10-21T20:49:38Z
430601,ziMlungu,und,"","",South African National Biodiversity Institute. 2021. Botanical Database of Southern Africa (BODATSA) [offline dataset]. http://newposa.sanbi.org [Note that these data are not available at this URL as of 2021],Xhosa,Ken-ichi Ueda,2021-10-21T20:49:38Z
430600,inNtlungunyembe,und,"","",South African National Biodiversity Institute. 2021. Botanical Database of Southern Africa (BODATSA) [offline dataset]. http://newposa.sanbi.org [Note that these data are not available at this URL as of 2021],Xhosa,Ken-ichi Ueda,2021-10-21T20:49:39Z
430600,iNxinene,und,"","",South African National Biodiversity Institute. 2021. Botanical Database of Southern Africa (BODATSA) [offline dataset]. http://newposa.sanbi.org [Note that these data are not available at this URL as of 2021],Xhosa,Ken-ichi Ueda,2021-10-21T20:49:39Z
430600,ubuhlunga,und,"","",South African National Biodiversity Institute. 2021. Botanical Database of Southern Africa (BODATSA) [offline dataset]. http://newposa.sanbi.org [Note that these data are not available at this URL as of 2021],Xhosa,Ken-ichi Ueda,2021-10-21T20:49:40Z
430600,ubuhlungu benam,und,"","",South African National Biodiversity Institute. 2021. Botanical Database of Southern Africa (BODATSA) [offline dataset]. http://newposa.sanbi.org [Note that these data are not available at this URL as of 2021],Xhosa,Ken-ichi Ueda,2021-10-21T20:49:40Z
430600,ubuHlungu benyoka,und,"","",South African National Biodiversity Institute. 2021. Botanical Database of Southern Africa (BODATSA) [offline dataset]. http://newposa.sanbi.org [Note that these data are not available at this URL as of 2021],Xhosa,Ken-ichi Ueda,2021-10-21T20:49:41Z
430600,umHlungu,und,"","",South African National Biodiversity Institute. 2021. Botanical Database of Southern Africa (BODATSA) [offline dataset]. http://newposa.sanbi.org [Note that these data are not available at this URL as of 2021],Xhosa,Ken-ichi Ueda,2021-10-21T20:49:41Z
430600,umHlungu-wenamba,und,"","",South African National Biodiversity Institute. 2021. Botanical Database of Southern Africa (BODATSA) [offline dataset]. http://newposa.sanbi.org [Note that these data are not available at this URL as of 2021],Xhosa,Ken-ichi Ueda,2021-10-21T20:49:41Z
597514,umaBopha,und,"","",South African National Biodiversity Institute. 2021. Botanical Database of Southern Africa (BODATSA) [offline dataset]. http://newposa.sanbi.org [Note that these data are not available at this URL as of 2021],Xhosa,Ken-ichi Ueda,2021-10-21T20:49:42Z
579167,umnqayi mbila,und,"","",South African National Biodiversity Institute. 2021. Botanical Database of Southern Africa (BODATSA) [offline dataset]. http://newposa.sanbi.org [Note that these data are not available at this URL as of 2021],Xhosa,Ken-ichi Ueda,2021-10-21T20:49:42Z
579167,umsantulane,und,"","",South African National Biodiversity Institute. 2021. Botanical Database of Southern Africa (BODATSA) [offline dataset]. http://newposa.sanbi.org [Note that these data are not available at this URL as of 2021],Xhosa,Ken-ichi Ueda,2021-10-21T20:49:42Z
579167,undilambele,und,"","",South African National Biodiversity Institute. 2021. Botanical Database of Southern Africa (BODATSA) [offline dataset]. http://newposa.sanbi.org [Note that these data are not available at this URL as of 2021],Xhosa,Ken-ichi Ueda,2021-10-21T20:49:43Z
336864,ugebeleweni,und,"","",South African National Biodiversity Institute. 2021. Botanical Database of Southern Africa (BODATSA) [offline dataset]. http://newposa.sanbi.org [Note that these data are not available at this URL as of 2021],Xhosa,Ken-ichi Ueda,2021-10-21T20:49:43Z
199324,isicakathi,und,"","",South African National Biodiversity Institute. 2021. Botanical Database of Southern Africa (BODATSA) [offline dataset]. http://newposa.sanbi.org [Note that these data are not available at this URL as of 2021],Xhosa,Ken-ichi Ueda,2021-10-21T20:49:43Z
579225,ibuchu,und,"","",South African National Biodiversity Institute. 2021. Botanical Database of Southern Africa (BODATSA) [offline dataset]. http://newposa.sanbi.org [Note that these data are not available at this URL as of 2021],Xhosa,Ken-ichi Ueda,2021-10-21T20:49:43Z
579350,inyinga,und,"","",South African National Biodiversity Institute. 2021. Botanical Database of Southern Africa (BODATSA) [offline dataset]. http://newposa.sanbi.org [Note that these data are not available at this URL as of 2021],Xhosa,Ken-ichi Ueda,2021-10-21T20:49:44Z
579350,inzinziniba,und,"","",South African National Biodiversity Institute. 2021. Botanical Database of Southern Africa (BODATSA) [offline dataset]. http://newposa.sanbi.org [Note that these data are not available at this URL as of 2021],Xhosa,Ken-ichi Ueda,2021-10-21T20:49:44Z
189108,isiqalaba,und,"","",South African National Biodiversity Institute. 2021. Botanical Database of Southern Africa (BODATSA) [offline dataset]. http://newposa.sanbi.org [Note that these data are not available at this URL as of 2021],Xhosa,Ken-ichi Ueda,2021-10-21T20:49:44Z
189108,isiqalana,und,"","",South African National Biodiversity Institute. 2021. Botanical Database of Southern Africa (BODATSA) [offline dataset]. http://newposa.sanbi.org [Note that these data are not available at this URL as of 2021],Xhosa,Ken-ichi Ueda,2021-10-21T20:49:45Z
189108,umabophe,und,"","",South African National Biodiversity Institute. 2021. Botanical Database of Southern Africa (BODATSA) [offline dataset]. http://newposa.sanbi.org [Note that these data are not available at this URL as of 2021],Xhosa,Ken-ichi Ueda,2021-10-21T20:49:45Z
597591,isicangca,und,"","",South African National Biodiversity Institute. 2021. Botanical Database of Southern Africa (BODATSA) [offline dataset]. http://newposa.sanbi.org [Note that these data are not available at this URL as of 2021],Xhosa,Ken-ichi Ueda,2021-10-21T20:49:45Z
597591,umGadawenkawu,und,"","",South African National Biodiversity Institute. 2021. Botanical Database of Southern Africa (BODATSA) [offline dataset]. http://newposa.sanbi.org [Note that these data are not available at this URL as of 2021],Xhosa,Ken-ichi Ueda,2021-10-21T20:49:46Z
597591,umHlandlothi,und,"","",South African National Biodiversity Institute. 2021. Botanical Database of Southern Africa (BODATSA) [offline dataset]. http://newposa.sanbi.org [Note that these data are not available at this URL as of 2021],Xhosa,Ken-ichi Ueda,2021-10-21T20:49:46Z
597591,umKhankga,und,"","",South African National Biodiversity Institute. 2021. Botanical Database of Southern Africa (BODATSA) [offline dataset]. http://newposa.sanbi.org [Note that these data are not available at this URL as of 2021],Xhosa,Ken-ichi Ueda,2021-10-21T20:49:46Z
597591,umnebelela,und,"","",South African National Biodiversity Institute. 2021. Botanical Database of Southern Africa (BODATSA) [offline dataset]. http://newposa.sanbi.org [Note that these data are not available at this URL as of 2021],Xhosa,Ken-ichi Ueda,2021-10-21T20:49:47Z
579546,iqwili,und,"","",South African National Biodiversity Institute. 2021. Botanical Database of Southern Africa (BODATSA) [offline dataset]. http://newposa.sanbi.org [Note that these data are not available at this URL as of 2021],Xhosa,Ken-ichi Ueda,2021-10-21T20:49:47Z
597611,Igwili,und,"","",South African National Biodiversity Institute. 2021. Botanical Database of Southern Africa (BODATSA) [offline dataset]. http://newposa.sanbi.org [Note that these data are not available at this URL as of 2021],Xhosa,Ken-ichi Ueda,2021-10-21T20:49:47Z
597611,iqwila,und,"","",South African National Biodiversity Institute. 2021. Botanical Database of Southern Africa (BODATSA) [offline dataset]. http://newposa.sanbi.org [Note that these data are not available at this URL as of 2021],Xhosa,Ken-ichi Ueda,2021-10-21T20:49:48Z
506717,inqala,und,"","",South African National Biodiversity Institute. 2021. Botanical Database of Southern Africa (BODATSA) [offline dataset]. http://newposa.sanbi.org [Note that these data are not available at this URL as of 2021],Xhosa,Ken-ichi Ueda,2021-10-21T20:49:48Z
507335,umcandathambo,und,"","",South African National Biodiversity Institute. 2021. Botanical Database of Southern Africa (BODATSA) [offline dataset]. http://newposa.sanbi.org [Note that these data are not available at this URL as of 2021],Xhosa,Ken-ichi Ueda,2021-10-21T20:49:49Z
507335,uthathabani,und,"","",South African National Biodiversity Institute. 2021. Botanical Database of Southern Africa (BODATSA) [offline dataset]. http://newposa.sanbi.org [Note that these data are not available at this URL as of 2021],Xhosa,Ken-ichi Ueda,2021-10-21T20:49:49Z
579578,ilitiye,und,"","",South African National Biodiversity Institute. 2021. Botanical Database of Southern Africa (BODATSA) [offline dataset]. http://newposa.sanbi.org [Note that these data are not available at this URL as of 2021],Xhosa,Ken-ichi Ueda,2021-10-21T20:49:49Z
579578,umthabathani,und,"","",South African National Biodiversity Institute. 2021. Botanical Database of Southern Africa (BODATSA) [offline dataset]. http://newposa.sanbi.org [Note that these data are not available at this URL as of 2021],Xhosa,Ken-ichi Ueda,2021-10-21T20:49:49Z
579578,uthabathani,und,"","",South African National Biodiversity Institute. 2021. Botanical Database of Southern Africa (BODATSA) [offline dataset]. http://newposa.sanbi.org [Note that these data are not available at this URL as of 2021],Xhosa,Ken-ichi Ueda,2021-10-21T20:49:50Z
559313,umgqalagquzu,und,"","",South African National Biodiversity Institute. 2021. Botanical Database of Southern Africa (BODATSA) [offline dataset]. http://newposa.sanbi.org [Note that these data are not available at this URL as of 2021],Xhosa,Ken-ichi Ueda,2021-10-21T20:49:50Z
559313,umgqalagquzulu,und,"","",South African National Biodiversity Institute. 2021. Botanical Database of Southern Africa (BODATSA) [offline dataset]. http://newposa.sanbi.org [Note that these data are not available at this URL as of 2021],Xhosa,Ken-ichi Ueda,2021-10-21T20:49:50Z
559313,uzingathi,und,"","",South African National Biodiversity Institute. 2021. Botanical Database of Southern Africa (BODATSA) [offline dataset]. http://newposa.sanbi.org [Note that these data are not available at this URL as of 2021],Xhosa,Ken-ichi Ueda,2021-10-21T20:49:51Z
81518,ingcelwane,und,"","",South African National Biodiversity Institute. 2021. Botanical Database of Southern Africa (BODATSA) [offline dataset]. http://newposa.sanbi.org [Note that these data are not available at this URL as of 2021],Xhosa,Ken-ichi Ueda,2021-10-21T20:49:51Z
81518,unomaweni,und,"","",South African National Biodiversity Institute. 2021. Botanical Database of Southern Africa (BODATSA) [offline dataset]. http://newposa.sanbi.org [Note that these data are not available at this URL as of 2021],Xhosa,Ken-ichi Ueda,2021-10-21T20:49:52Z
560374,umgxwala,und,"","",South African National Biodiversity Institute. 2021. Botanical Database of Southern Africa (BODATSA) [offline dataset]. http://newposa.sanbi.org [Note that these data are not available at this URL as of 2021],Xhosa,Ken-ichi Ueda,2021-10-21T20:49:52Z
560374,uphondonde,und,"","",South African National Biodiversity Institute. 2021. Botanical Database of Southern Africa (BODATSA) [offline dataset]. http://newposa.sanbi.org [Note that these data are not available at this URL as of 2021],Xhosa,Ken-ichi Ueda,2021-10-21T20:49:52Z
560374,upondonde,und,"","",South African National Biodiversity Institute. 2021. Botanical Database of Southern Africa (BODATSA) [offline dataset]. http://newposa.sanbi.org [Note that these data are not available at this URL as of 2021],Xhosa,Ken-ichi Ueda,2021-10-21T20:49:52Z
124412,umhlaba,und,"","",South African National Biodiversity Institute. 2021. Botanical Database of Southern Africa (BODATSA) [offline dataset]. http://newposa.sanbi.org [Note that these data are not available at this URL as of 2021],Xhosa,Ken-ichi Ueda,2021-10-21T20:49:53Z
468146,ikhlala,und,"","",South African National Biodiversity Institute. 2021. Botanical Database of Southern Africa (BODATSA) [offline dataset]. http://newposa.sanbi.org [Note that these data are not available at this URL as of 2021],Xhosa,Ken-ichi Ueda,2021-10-21T20:49:53Z
579681,ikhalene,und,"","",South African National Biodiversity Institute. 2021. Botanical Database of Southern Africa (BODATSA) [offline dataset]. http://newposa.sanbi.org [Note that these data are not available at this URL as of 2021],Xhosa,Ken-ichi Ueda,2021-10-21T20:49:53Z
320739,umgomgom,und,"","",South African National Biodiversity Institute. 2021. Botanical Database of Southern Africa (BODATSA) [offline dataset]. http://newposa.sanbi.org [Note that these data are not available at this URL as of 2021],Xhosa,Ken-ichi Ueda,2021-10-21T20:49:54Z
158255,uqupose,und,"","",South African National Biodiversity Institute. 2021. Botanical Database of Southern Africa (BODATSA) [offline dataset]. http://newposa.sanbi.org [Note that these data are not available at this URL as of 2021],Xhosa,Ken-ichi Ueda,2021-10-21T20:49:56Z
579805,isipambata,und,"","",South African National Biodiversity Institute. 2021. Botanical Database of Southern Africa (BODATSA) [offline dataset]. http://newposa.sanbi.org [Note that these data are not available at this URL as of 2021],Xhosa,Ken-ichi Ueda,2021-10-21T20:49:57Z
579805,isiphambatho,und,"","",South African National Biodiversity Institute. 2021. Botanical Database of Southern Africa (BODATSA) [offline dataset]. http://newposa.sanbi.org [Note that these data are not available at this URL as of 2021],Xhosa,Ken-ichi Ueda,2021-10-21T20:49:57Z
579805,umnqumaswele,und,"","",South African National Biodiversity Institute. 2021. Botanical Database of Southern Africa (BODATSA) [offline dataset]. http://newposa.sanbi.org [Note that these data are not available at this URL as of 2021],Xhosa,Ken-ichi Ueda,2021-10-21T20:49:57Z
872673,umvathuza,und,"","",South African National Biodiversity Institute. 2021. Botanical Database of Southern Africa (BODATSA) [offline dataset]. http://newposa.sanbi.org [Note that these data are not available at this URL as of 2021],Xhosa,Ken-ichi Ueda,2021-10-21T20:49:59Z
597739,umdakana,und,"","",South African National Biodiversity Institute. 2021. Botanical Database of Southern Africa (BODATSA) [offline dataset]. http://newposa.sanbi.org [Note that these data are not available at this URL as of 2021],Xhosa,Ken-ichi Ueda,2021-10-21T20:50:01Z
597739,umkhwenkwe,und,"","",South African National Biodiversity Institute. 2021. Botanical Database of Southern Africa (BODATSA) [offline dataset]. http://newposa.sanbi.org [Note that these data are not available at this URL as of 2021],Xhosa,Ken-ichi Ueda,2021-10-21T20:50:02Z
580125,ubushwa,und,"","",South African National Biodiversity Institute. 2021. Botanical Database of Southern Africa (BODATSA) [offline dataset]. http://newposa.sanbi.org [Note that these data are not available at this URL as of 2021],Xhosa,Ken-ichi Ueda,2021-10-21T20:50:02Z
505798,ubulawu ubumhlope,und,"","",South African National Biodiversity Institute. 2021. Botanical Database of Southern Africa (BODATSA) [offline dataset]. http://newposa.sanbi.org [Note that these data are not available at this URL as of 2021],Xhosa,Ken-ichi Ueda,2021-10-21T20:50:02Z
580689,mvane,und,"","",South African National Biodiversity Institute. 2021. Botanical Database of Southern Africa (BODATSA) [offline dataset]. http://newposa.sanbi.org [Note that these data are not available at this URL as of 2021],Xhosa,Ken-ichi Ueda,2021-10-21T20:50:03Z
857018,noxgxekana,und,"","",South African National Biodiversity Institute. 2021. Botanical Database of Southern Africa (BODATSA) [offline dataset]. http://newposa.sanbi.org [Note that these data are not available at this URL as of 2021],Xhosa,Ken-ichi Ueda,2021-10-21T20:50:03Z
857018,umthekisana,und,"","",South African National Biodiversity Institute. 2021. Botanical Database of Southern Africa (BODATSA) [offline dataset]. http://newposa.sanbi.org [Note that these data are not available at this URL as of 2021],Xhosa,Ken-ichi Ueda,2021-10-21T20:50:03Z
857018,unozixekana,und,"","",South African National Biodiversity Institute. 2021. Botanical Database of Southern Africa (BODATSA) [offline dataset]. http://newposa.sanbi.org [Note that these data are not available at this URL as of 2021],Xhosa,Ken-ichi Ueda,2021-10-21T20:50:04Z
469309,icholocholo,und,"","",South African National Biodiversity Institute. 2021. Botanical Database of Southern Africa (BODATSA) [offline dataset]. http://newposa.sanbi.org [Note that these data are not available at this URL as of 2021],Xhosa,Ken-ichi Ueda,2021-10-21T20:50:04Z
75723,isikhungathi,und,"","",South African National Biodiversity Institute. 2021. Botanical Database of Southern Africa (BODATSA) [offline dataset]. http://newposa.sanbi.org [Note that these data are not available at this URL as of 2021],Xhosa,Ken-ichi Ueda,2021-10-21T20:50:04Z
184447,icegceya,und,"","",South African National Biodiversity Institute. 2021. Botanical Database of Southern Africa (BODATSA) [offline dataset]. http://newposa.sanbi.org [Note that these data are not available at this URL as of 2021],Xhosa,Ken-ichi Ueda,2021-10-21T20:50:05Z
184447,igcegceleya,und,"","",South African National Biodiversity Institute. 2021. Botanical Database of Southern Africa (BODATSA) [offline dataset]. http://newposa.sanbi.org [Note that these data are not available at this URL as of 2021],Xhosa,Ken-ichi Ueda,2021-10-21T20:50:05Z
184447,igceya,und,"","",South African National Biodiversity Institute. 2021. Botanical Database of Southern Africa (BODATSA) [offline dataset]. http://newposa.sanbi.org [Note that these data are not available at this URL as of 2021],Xhosa,Ken-ichi Ueda,2021-10-21T20:50:05Z
184447,ugegaya,und,"","",South African National Biodiversity Institute. 2021. Botanical Database of Southern Africa (BODATSA) [offline dataset]. http://newposa.sanbi.org [Note that these data are not available at this URL as of 2021],Xhosa,Ken-ichi Ueda,2021-10-21T20:50:06Z
580937,umphunzisa,und,"","",South African National Biodiversity Institute. 2021. Botanical Database of Southern Africa (BODATSA) [offline dataset]. http://newposa.sanbi.org [Note that these data are not available at this URL as of 2021],Xhosa,Ken-ichi Ueda,2021-10-21T20:50:06Z
580937,umtswantswantsa,und,"","",South African National Biodiversity Institute. 2021. Botanical Database of Southern Africa (BODATSA) [offline dataset]. http://newposa.sanbi.org [Note that these data are not available at this URL as of 2021],Xhosa,Ken-ichi Ueda,2021-10-21T20:50:06Z
580951,isifithi,und,"","",South African National Biodiversity Institute. 2021. Botanical Database of Southern Africa (BODATSA) [offline dataset]. http://newposa.sanbi.org [Note that these data are not available at this URL as of 2021],Xhosa,Ken-ichi Ueda,2021-10-21T20:50:07Z
580951,utshupu,und,"","",South African National Biodiversity Institute. 2021. Botanical Database of Southern Africa (BODATSA) [offline dataset]. http://newposa.sanbi.org [Note that these data are not available at this URL as of 2021],Xhosa,Ken-ichi Ueda,2021-10-21T20:50:07Z
189664,umdlandlovu,und,"","",South African National Biodiversity Institute. 2021. Botanical Database of Southern Africa (BODATSA) [offline dataset]. http://newposa.sanbi.org [Note that these data are not available at this URL as of 2021],Xhosa,Ken-ichi Ueda,2021-10-21T20:50:07Z
581106,indlebe-lenkomo,und,"","",South African National Biodiversity Institute. 2021. Botanical Database of Southern Africa (BODATSA) [offline dataset]. http://newposa.sanbi.org [Note that these data are not available at this URL as of 2021],Xhosa,Ken-ichi Ueda,2021-10-21T20:50:08Z
581115,uNdlandla,und,"","",South African National Biodiversity Institute. 2021. Botanical Database of Southern Africa (BODATSA) [offline dataset]. http://newposa.sanbi.org [Note that these data are not available at this URL as of 2021],Xhosa,Ken-ichi Ueda,2021-10-21T20:50:08Z
581116,umdlandla,und,"","",South African National Biodiversity Institute. 2021. Botanical Database of Southern Africa (BODATSA) [offline dataset]. http://newposa.sanbi.org [Note that these data are not available at this URL as of 2021],Xhosa,Ken-ichi Ueda,2021-10-21T20:50:09Z
581116,undiyandiya,und,"","",South African National Biodiversity Institute. 2021. Botanical Database of Southern Africa (BODATSA) [offline dataset]. http://newposa.sanbi.org [Note that these data are not available at this URL as of 2021],Xhosa,Ken-ichi Ueda,2021-10-21T20:50:09Z
581116,uNdiyaza,und,"","",South African National Biodiversity Institute. 2021. Botanical Database of Southern Africa (BODATSA) [offline dataset]. http://newposa.sanbi.org [Note that these data are not available at this URL as of 2021],Xhosa,Ken-ichi Ueda,2021-10-21T20:50:09Z
581117,andiandia,und,"","",South African National Biodiversity Institute. 2021. Botanical Database of Southern Africa (BODATSA) [offline dataset]. http://newposa.sanbi.org [Note that these data are not available at this URL as of 2021],Xhosa,Ken-ichi Ueda,2021-10-21T20:50:10Z
581117,endiaza,und,"","",South African National Biodiversity Institute. 2021. Botanical Database of Southern Africa (BODATSA) [offline dataset]. http://newposa.sanbi.org [Note that these data are not available at this URL as of 2021],Xhosa,Ken-ichi Ueda,2021-10-21T20:50:10Z
581117,iNdiyandiya,und,"","",South African National Biodiversity Institute. 2021. Botanical Database of Southern Africa (BODATSA) [offline dataset]. http://newposa.sanbi.org [Note that these data are not available at this URL as of 2021],Xhosa,Ken-ichi Ueda,2021-10-21T20:50:10Z
581117,indiyaza,und,"","",South African National Biodiversity Institute. 2021. Botanical Database of Southern Africa (BODATSA) [offline dataset]. http://newposa.sanbi.org [Note that these data are not available at this URL as of 2021],Xhosa,Ken-ichi Ueda,2021-10-21T20:50:11Z
581117,isibhara,und,"","",South African National Biodiversity Institute. 2021. Botanical Database of Southern Africa (BODATSA) [offline dataset]. http://newposa.sanbi.org [Note that these data are not available at this URL as of 2021],Xhosa,Ken-ichi Ueda,2021-10-21T20:50:11Z
50203,umhlabangubo,und,"","",South African National Biodiversity Institute. 2021. Botanical Database of Southern Africa (BODATSA) [offline dataset]. http://newposa.sanbi.org [Note that these data are not available at this URL as of 2021],Xhosa,Ken-ichi Ueda,2021-10-21T20:50:11Z
367465,iswadi,und,"","",South African National Biodiversity Institute. 2021. Botanical Database of Southern Africa (BODATSA) [offline dataset]. http://newposa.sanbi.org [Note that these data are not available at this URL as of 2021],Xhosa,Ken-ichi Ueda,2021-10-21T20:50:12Z
70065,umgqomogqomo,und,"","",South African National Biodiversity Institute. 2021. Botanical Database of Southern Africa (BODATSA) [offline dataset]. http://newposa.sanbi.org [Note that these data are not available at this URL as of 2021],Xhosa,Ken-ichi Ueda,2021-10-21T20:50:12Z
70065,umpunzito,und,"","",South African National Biodiversity Institute. 2021. Botanical Database of Southern Africa (BODATSA) [offline dataset]. http://newposa.sanbi.org [Note that these data are not available at this URL as of 2021],Xhosa,Ken-ichi Ueda,2021-10-21T20:50:12Z
581231,umgqamagqama,und,"","",South African National Biodiversity Institute. 2021. Botanical Database of Southern Africa (BODATSA) [offline dataset]. http://newposa.sanbi.org [Note that these data are not available at this URL as of 2021],Xhosa,Ken-ichi Ueda,2021-10-21T20:50:13Z
581231,umgqomo-gqomo,und,"","",South African National Biodiversity Institute. 2021. Botanical Database of Southern Africa (BODATSA) [offline dataset]. http://newposa.sanbi.org [Note that these data are not available at this URL as of 2021],Xhosa,Ken-ichi Ueda,2021-10-21T20:50:13Z
428536,umagaquana,und,"","",South African National Biodiversity Institute. 2021. Botanical Database of Southern Africa (BODATSA) [offline dataset]. http://newposa.sanbi.org [Note that these data are not available at this URL as of 2021],Xhosa,Ken-ichi Ueda,2021-10-21T20:50:13Z
598017,umagaqana,und,"","",South African National Biodiversity Institute. 2021. Botanical Database of Southern Africa (BODATSA) [offline dataset]. http://newposa.sanbi.org [Note that these data are not available at this URL as of 2021],Xhosa,Ken-ichi Ueda,2021-10-21T20:50:14Z
598017,Umagaquana,und,"","",South African National Biodiversity Institute. 2021. Botanical Database of Southern Africa (BODATSA) [offline dataset]. http://newposa.sanbi.org [Note that these data are not available at this URL as of 2021],Xhosa,Ken-ichi Ueda,2021-10-21T20:50:14Z
598017,umgaqana,und,"","",South African National Biodiversity Institute. 2021. Botanical Database of Southern Africa (BODATSA) [offline dataset]. http://newposa.sanbi.org [Note that these data are not available at this URL as of 2021],Xhosa,Ken-ichi Ueda,2021-10-21T20:50:14Z
430735,igqabi-lesiduli,und,"","",South African National Biodiversity Institute. 2021. Botanical Database of Southern Africa (BODATSA) [offline dataset]. http://newposa.sanbi.org [Note that these data are not available at this URL as of 2021],Xhosa,Ken-ichi Ueda,2021-10-21T20:50:14Z
560519,Gu,und,"","",South African National Biodiversity Institute. 2021. Botanical Database of Southern Africa (BODATSA) [offline dataset]. http://newposa.sanbi.org [Note that these data are not available at this URL as of 2021],Xhosa,Ken-ichi Ueda,2021-10-21T20:50:15Z
567699,isiphaluga,und,"","",South African National Biodiversity Institute. 2021. Botanical Database of Southern Africa (BODATSA) [offline dataset]. http://newposa.sanbi.org [Note that these data are not available at this URL as of 2021],Xhosa,Ken-ichi Ueda,2021-10-21T20:50:16Z
567699,umduli,und,"","",South African National Biodiversity Institute. 2021. Botanical Database of Southern Africa (BODATSA) [offline dataset]. http://newposa.sanbi.org [Note that these data are not available at this URL as of 2021],Xhosa,Ken-ichi Ueda,2021-10-21T20:50:16Z
581261,isagqeba,und,"","",South African National Biodiversity Institute. 2021. Botanical Database of Southern Africa (BODATSA) [offline dataset]. http://newposa.sanbi.org [Note that these data are not available at this URL as of 2021],Xhosa,Ken-ichi Ueda,2021-10-21T20:50:16Z
581261,uduliwehlathi,und,"","",South African National Biodiversity Institute. 2021. Botanical Database of Southern Africa (BODATSA) [offline dataset]. http://newposa.sanbi.org [Note that these data are not available at this URL as of 2021],Xhosa,Ken-ichi Ueda,2021-10-21T20:50:17Z
581262,amacirha,und,"","",South African National Biodiversity Institute. 2021. Botanical Database of Southern Africa (BODATSA) [offline dataset]. http://newposa.sanbi.org [Note that these data are not available at this URL as of 2021],Xhosa,Ken-ichi Ueda,2021-10-21T20:50:17Z
581262,umphahla wehlathi,und,"","",South African National Biodiversity Institute. 2021. Botanical Database of Southern Africa (BODATSA) [offline dataset]. http://newposa.sanbi.org [Note that these data are not available at this URL as of 2021],Xhosa,Ken-ichi Ueda,2021-10-21T20:50:17Z
581263,umgqeba,und,"","",South African National Biodiversity Institute. 2021. Botanical Database of Southern Africa (BODATSA) [offline dataset]. http://newposa.sanbi.org [Note that these data are not available at this URL as of 2021],Xhosa,Ken-ichi Ueda,2021-10-21T20:50:18Z
132932,umhlahlahlungulu,und,"","",South African National Biodiversity Institute. 2021. Botanical Database of Southern Africa (BODATSA) [offline dataset]. http://newposa.sanbi.org [Note that these data are not available at this URL as of 2021],Xhosa,Ken-ichi Ueda,2021-10-21T20:50:18Z
132932,umHlahlamakhwaba,und,"","",South African National Biodiversity Institute. 2021. Botanical Database of Southern Africa (BODATSA) [offline dataset]. http://newposa.sanbi.org [Note that these data are not available at this URL as of 2021],Xhosa,Ken-ichi Ueda,2021-10-21T20:50:18Z
132932,umhlahla-makhwaba,und,"","",South African National Biodiversity Institute. 2021. Botanical Database of Southern Africa (BODATSA) [offline dataset]. http://newposa.sanbi.org [Note that these data are not available at this URL as of 2021],Xhosa,Ken-ichi Ueda,2021-10-21T20:50:19Z
132932,umhlahlamakwaba,und,"","",South African National Biodiversity Institute. 2021. Botanical Database of Southern Africa (BODATSA) [offline dataset]. http://newposa.sanbi.org [Note that these data are not available at this URL as of 2021],Xhosa,Ken-ichi Ueda,2021-10-21T20:50:19Z
132932,umhlahlangu,und,"","",South African National Biodiversity Institute. 2021. Botanical Database of Southern Africa (BODATSA) [offline dataset]. http://newposa.sanbi.org [Note that these data are not available at this URL as of 2021],Xhosa,Ken-ichi Ueda,2021-10-21T20:50:19Z
553578,isichwe,und,"","",South African National Biodiversity Institute. 2021. Botanical Database of Southern Africa (BODATSA) [offline dataset]. http://newposa.sanbi.org [Note that these data are not available at this URL as of 2021],Xhosa,Ken-ichi Ueda,2021-10-21T20:50:20Z
581465,utile,und,"","",South African National Biodiversity Institute. 2021. Botanical Database of Southern Africa (BODATSA) [offline dataset]. http://newposa.sanbi.org [Note that these data are not available at this URL as of 2021],Xhosa,Ken-ichi Ueda,2021-10-21T20:50:21Z
75917,igqange,und,"","",South African National Biodiversity Institute. 2021. Botanical Database of Southern Africa (BODATSA) [offline dataset]. http://newposa.sanbi.org [Note that these data are not available at this URL as of 2021],Xhosa,Ken-ichi Ueda,2021-10-21T20:50:21Z
75917,umgeba,und,"","",South African National Biodiversity Institute. 2021. Botanical Database of Southern Africa (BODATSA) [offline dataset]. http://newposa.sanbi.org [Note that these data are not available at this URL as of 2021],Xhosa,Ken-ichi Ueda,2021-10-21T20:50:21Z
211103,cwanci,und,"","",South African National Biodiversity Institute. 2021. Botanical Database of Southern Africa (BODATSA) [offline dataset]. http://newposa.sanbi.org [Note that these data are not available at this URL as of 2021],Xhosa,Ken-ichi Ueda,2021-10-21T20:50:22Z
211103,cwangi,und,"","",South African National Biodiversity Institute. 2021. Botanical Database of Southern Africa (BODATSA) [offline dataset]. http://newposa.sanbi.org [Note that these data are not available at this URL as of 2021],Xhosa,Ken-ichi Ueda,2021-10-21T20:50:22Z
211103,igcwizigcwizi,und,"","",South African National Biodiversity Institute. 2021. Botanical Database of Southern Africa (BODATSA) [offline dataset]. http://newposa.sanbi.org [Note that these data are not available at this URL as of 2021],Xhosa,Ken-ichi Ueda,2021-10-21T20:50:22Z
211103,i-lotana,und,"","",South African National Biodiversity Institute. 2021. Botanical Database of Southern Africa (BODATSA) [offline dataset]. http://newposa.sanbi.org [Note that these data are not available at this URL as of 2021],Xhosa,Ken-ichi Ueda,2021-10-21T20:50:23Z
211103,ilothane,und,"","",South African National Biodiversity Institute. 2021. Botanical Database of Southern Africa (BODATSA) [offline dataset]. http://newposa.sanbi.org [Note that these data are not available at this URL as of 2021],Xhosa,Ken-ichi Ueda,2021-10-21T20:50:23Z
581503,howelenyoka,und,"","",South African National Biodiversity Institute. 2021. Botanical Database of Southern Africa (BODATSA) [offline dataset]. http://newposa.sanbi.org [Note that these data are not available at this URL as of 2021],Xhosa,Ken-ichi Ueda,2021-10-21T20:50:23Z
581503,hswele-lenyonka,und,"","",South African National Biodiversity Institute. 2021. Botanical Database of Southern Africa (BODATSA) [offline dataset]. http://newposa.sanbi.org [Note that these data are not available at this URL as of 2021],Xhosa,Ken-ichi Ueda,2021-10-21T20:50:24Z
581503,hsweli-lenyonka,und,"","",South African National Biodiversity Institute. 2021. Botanical Database of Southern Africa (BODATSA) [offline dataset]. http://newposa.sanbi.org [Note that these data are not available at this URL as of 2021],Xhosa,Ken-ichi Ueda,2021-10-21T20:50:24Z
581503,itswelemyoka,und,"","",South African National Biodiversity Institute. 2021. Botanical Database of Southern Africa (BODATSA) [offline dataset]. http://newposa.sanbi.org [Note that these data are not available at this URL as of 2021],Xhosa,Ken-ichi Ueda,2021-10-21T20:50:24Z
581503,itswelenyonka,und,"","",South African National Biodiversity Institute. 2021. Botanical Database of Southern Africa (BODATSA) [offline dataset]. http://newposa.sanbi.org [Note that these data are not available at this URL as of 2021],Xhosa,Ken-ichi Ueda,2021-10-21T20:50:25Z
581503,iyeza-lehadhi,und,"","",South African National Biodiversity Institute. 2021. Botanical Database of Southern Africa (BODATSA) [offline dataset]. http://newposa.sanbi.org [Note that these data are not available at this URL as of 2021],Xhosa,Ken-ichi Ueda,2021-10-21T20:50:25Z
581503,iyeza-lehashi,und,"","",South African National Biodiversity Institute. 2021. Botanical Database of Southern Africa (BODATSA) [offline dataset]. http://newposa.sanbi.org [Note that these data are not available at this URL as of 2021],Xhosa,Ken-ichi Ueda,2021-10-21T20:50:25Z
428049,itswele lenyoka,und,"","",South African National Biodiversity Institute. 2021. Botanical Database of Southern Africa (BODATSA) [offline dataset]. http://newposa.sanbi.org [Note that these data are not available at this URL as of 2021],Xhosa,Ken-ichi Ueda,2021-10-21T20:50:26Z
534443,ibhucu,und,"","",South African National Biodiversity Institute. 2021. Botanical Database of Southern Africa (BODATSA) [offline dataset]. http://newposa.sanbi.org [Note that these data are not available at this URL as of 2021],Xhosa,Ken-ichi Ueda,2021-10-21T20:50:26Z
534443,incelwane,und,"","",South African National Biodiversity Institute. 2021. Botanical Database of Southern Africa (BODATSA) [offline dataset]. http://newposa.sanbi.org [Note that these data are not available at this URL as of 2021],Xhosa,Ken-ichi Ueda,2021-10-21T20:50:26Z
320155,ithobankomo,und,"","",South African National Biodiversity Institute. 2021. Botanical Database of Southern Africa (BODATSA) [offline dataset]. http://newposa.sanbi.org [Note that these data are not available at this URL as of 2021],Xhosa,Ken-ichi Ueda,2021-10-21T20:50:26Z
320155,izothwane,und,"","",South African National Biodiversity Institute. 2021. Botanical Database of Southern Africa (BODATSA) [offline dataset]. http://newposa.sanbi.org [Note that these data are not available at this URL as of 2021],Xhosa,Ken-ichi Ueda,2021-10-21T20:50:27Z
320155,umficane,und,"","",South African National Biodiversity Institute. 2021. Botanical Database of Southern Africa (BODATSA) [offline dataset]. http://newposa.sanbi.org [Note that these data are not available at this URL as of 2021],Xhosa,Ken-ichi Ueda,2021-10-21T20:50:27Z
320155,umfincane,und,"","",South African National Biodiversity Institute. 2021. Botanical Database of Southern Africa (BODATSA) [offline dataset]. http://newposa.sanbi.org [Note that these data are not available at this URL as of 2021],Xhosa,Ken-ichi Ueda,2021-10-21T20:50:27Z
320155,umfincane wehlathi,und,"","",South African National Biodiversity Institute. 2021. Botanical Database of Southern Africa (BODATSA) [offline dataset]. http://newposa.sanbi.org [Note that these data are not available at this URL as of 2021],Xhosa,Ken-ichi Ueda,2021-10-21T20:50:28Z
320155,umfincane wehlati,und,"","",South African National Biodiversity Institute. 2021. Botanical Database of Southern Africa (BODATSA) [offline dataset]. http://newposa.sanbi.org [Note that these data are not available at this URL as of 2021],Xhosa,Ken-ichi Ueda,2021-10-21T20:50:28Z
320155,utobankomo,und,"","",South African National Biodiversity Institute. 2021. Botanical Database of Southern Africa (BODATSA) [offline dataset]. http://newposa.sanbi.org [Note that these data are not available at this URL as of 2021],Xhosa,Ken-ichi Ueda,2021-10-21T20:50:28Z
581597,gala-gala,und,"","",South African National Biodiversity Institute. 2021. Botanical Database of Southern Africa (BODATSA) [offline dataset]. http://newposa.sanbi.org [Note that these data are not available at this URL as of 2021],Xhosa,Ken-ichi Ueda,2021-10-21T20:50:29Z
581597,garagara,und,"","",South African National Biodiversity Institute. 2021. Botanical Database of Southern Africa (BODATSA) [offline dataset]. http://newposa.sanbi.org [Note that these data are not available at this URL as of 2021],Xhosa,Ken-ichi Ueda,2021-10-21T20:50:29Z
581597,umgalagala,und,"","",South African National Biodiversity Institute. 2021. Botanical Database of Southern Africa (BODATSA) [offline dataset]. http://newposa.sanbi.org [Note that these data are not available at this URL as of 2021],Xhosa,Ken-ichi Ueda,2021-10-21T20:50:29Z
581597,umgala-gala,und,"","",South African National Biodiversity Institute. 2021. Botanical Database of Southern Africa (BODATSA) [offline dataset]. http://newposa.sanbi.org [Note that these data are not available at this URL as of 2021],Xhosa,Ken-ichi Ueda,2021-10-21T20:50:30Z
581598,igalagala,und,"","",South African National Biodiversity Institute. 2021. Botanical Database of Southern Africa (BODATSA) [offline dataset]. http://newposa.sanbi.org [Note that these data are not available at this URL as of 2021],Xhosa,Ken-ichi Ueda,2021-10-21T20:50:30Z
581598,isixesa,und,"","",South African National Biodiversity Institute. 2021. Botanical Database of Southern Africa (BODATSA) [offline dataset]. http://newposa.sanbi.org [Note that these data are not available at this URL as of 2021],Xhosa,Ken-ichi Ueda,2021-10-21T20:50:30Z
581598,ukuxeza,und,"","",South African National Biodiversity Institute. 2021. Botanical Database of Southern Africa (BODATSA) [offline dataset]. http://newposa.sanbi.org [Note that these data are not available at this URL as of 2021],Xhosa,Ken-ichi Ueda,2021-10-21T20:50:31Z
581598,umngquzu,und,"","",South African National Biodiversity Institute. 2021. Botanical Database of Southern Africa (BODATSA) [offline dataset]. http://newposa.sanbi.org [Note that these data are not available at this URL as of 2021],Xhosa,Ken-ichi Ueda,2021-10-21T20:50:31Z
524340,usitorhom,und,"","",South African National Biodiversity Institute. 2021. Botanical Database of Southern Africa (BODATSA) [offline dataset]. http://newposa.sanbi.org [Note that these data are not available at this URL as of 2021],Xhosa,Ken-ichi Ueda,2021-10-21T20:50:31Z
184342,umBaba,und,"","",South African National Biodiversity Institute. 2021. Botanical Database of Southern Africa (BODATSA) [offline dataset]. http://newposa.sanbi.org [Note that these data are not available at this URL as of 2021],Xhosa,Ken-ichi Ueda,2021-10-21T20:50:32Z
184342,umemezi,und,"","",South African National Biodiversity Institute. 2021. Botanical Database of Southern Africa (BODATSA) [offline dataset]. http://newposa.sanbi.org [Note that these data are not available at this URL as of 2021],Xhosa,Ken-ichi Ueda,2021-10-21T20:50:32Z
184342,umsitshana,und,"","",South African National Biodiversity Institute. 2021. Botanical Database of Southern Africa (BODATSA) [offline dataset]. http://newposa.sanbi.org [Note that these data are not available at this URL as of 2021],Xhosa,Ken-ichi Ueda,2021-10-21T20:50:32Z
598053,idywadi,und,"","",South African National Biodiversity Institute. 2021. Botanical Database of Southern Africa (BODATSA) [offline dataset]. http://newposa.sanbi.org [Note that these data are not available at this URL as of 2021],Xhosa,Ken-ichi Ueda,2021-10-21T20:50:32Z
598053,umbhaleni,und,"","",South African National Biodiversity Institute. 2021. Botanical Database of Southern Africa (BODATSA) [offline dataset]. http://newposa.sanbi.org [Note that these data are not available at this URL as of 2021],Xhosa,Ken-ichi Ueda,2021-10-21T20:50:33Z
598053,undlole,und,"","",South African National Biodiversity Institute. 2021. Botanical Database of Southern Africa (BODATSA) [offline dataset]. http://newposa.sanbi.org [Note that these data are not available at this URL as of 2021],Xhosa,Ken-ichi Ueda,2021-10-21T20:50:33Z
128773,umya,und,"","",South African National Biodiversity Institute. 2021. Botanical Database of Southern Africa (BODATSA) [offline dataset]. http://newposa.sanbi.org [Note that these data are not available at this URL as of 2021],Xhosa,Ken-ichi Ueda,2021-10-21T20:50:33Z
581725,ubuchopho,und,"","",South African National Biodiversity Institute. 2021. Botanical Database of Southern Africa (BODATSA) [offline dataset]. http://newposa.sanbi.org [Note that these data are not available at this URL as of 2021],Xhosa,Ken-ichi Ueda,2021-10-21T20:50:34Z
581725,umnyulushube,und,"","",South African National Biodiversity Institute. 2021. Botanical Database of Southern Africa (BODATSA) [offline dataset]. http://newposa.sanbi.org [Note that these data are not available at this URL as of 2021],Xhosa,Ken-ichi Ueda,2021-10-21T20:50:34Z
581725,umnyushulube,und,"","",South African National Biodiversity Institute. 2021. Botanical Database of Southern Africa (BODATSA) [offline dataset]. http://newposa.sanbi.org [Note that these data are not available at this URL as of 2021],Xhosa,Ken-ichi Ueda,2021-10-21T20:50:34Z
559528,ubuchotshana,und,"","",South African National Biodiversity Institute. 2021. Botanical Database of Southern Africa (BODATSA) [offline dataset]. http://newposa.sanbi.org [Note that these data are not available at this URL as of 2021],Xhosa,Ken-ichi Ueda,2021-10-21T20:50:35Z
559528,umvuthwamini,und,"","",South African National Biodiversity Institute. 2021. Botanical Database of Southern Africa (BODATSA) [offline dataset]. http://newposa.sanbi.org [Note that these data are not available at this URL as of 2021],Xhosa,Ken-ichi Ueda,2021-10-21T20:50:35Z
581727,ubuchopho benja,und,"","",South African National Biodiversity Institute. 2021. Botanical Database of Southern Africa (BODATSA) [offline dataset]. http://newposa.sanbi.org [Note that these data are not available at this URL as of 2021],Xhosa,Ken-ichi Ueda,2021-10-21T20:50:35Z
340364,imfishlo,und,"","",South African National Biodiversity Institute. 2021. Botanical Database of Southern Africa (BODATSA) [offline dataset]. http://newposa.sanbi.org [Note that these data are not available at this URL as of 2021],Xhosa,Ken-ichi Ueda,2021-10-21T20:50:36Z
340364,intshihlo,und,"","",South African National Biodiversity Institute. 2021. Botanical Database of Southern Africa (BODATSA) [offline dataset]. http://newposa.sanbi.org [Note that these data are not available at this URL as of 2021],Xhosa,Ken-ichi Ueda,2021-10-21T20:50:36Z
340364,upasimani,und,"","",South African National Biodiversity Institute. 2021. Botanical Database of Southern Africa (BODATSA) [offline dataset]. http://newposa.sanbi.org [Note that these data are not available at this URL as of 2021],Xhosa,Ken-ichi Ueda,2021-10-21T20:50:36Z
340364,uqapula,und,"","",South African National Biodiversity Institute. 2021. Botanical Database of Southern Africa (BODATSA) [offline dataset]. http://newposa.sanbi.org [Note that these data are not available at this URL as of 2021],Xhosa,Ken-ichi Ueda,2021-10-21T20:50:37Z
342724,iMfishlo,und,"","",South African National Biodiversity Institute. 2021. Botanical Database of Southern Africa (BODATSA) [offline dataset]. http://newposa.sanbi.org [Note that these data are not available at this URL as of 2021],Xhosa,Ken-ichi Ueda,2021-10-21T20:50:37Z
342724,inTshihlo,und,"","",South African National Biodiversity Institute. 2021. Botanical Database of Southern Africa (BODATSA) [offline dataset]. http://newposa.sanbi.org [Note that these data are not available at this URL as of 2021],Xhosa,Ken-ichi Ueda,2021-10-21T20:50:37Z
342724,inTsihlo,und,"","",South African National Biodiversity Institute. 2021. Botanical Database of Southern Africa (BODATSA) [offline dataset]. http://newposa.sanbi.org [Note that these data are not available at this URL as of 2021],Xhosa,Ken-ichi Ueda,2021-10-21T20:50:38Z
342724,itsihlo,und,"","",South African National Biodiversity Institute. 2021. Botanical Database of Southern Africa (BODATSA) [offline dataset]. http://newposa.sanbi.org [Note that these data are not available at this URL as of 2021],Xhosa,Ken-ichi Ueda,2021-10-21T20:50:38Z
342724,umpasimani,und,"","",South African National Biodiversity Institute. 2021. Botanical Database of Southern Africa (BODATSA) [offline dataset]. http://newposa.sanbi.org [Note that these data are not available at this URL as of 2021],Xhosa,Ken-ichi Ueda,2021-10-21T20:50:38Z
337799,beta-umtumzi,und,"","",South African National Biodiversity Institute. 2021. Botanical Database of Southern Africa (BODATSA) [offline dataset]. http://newposa.sanbi.org [Note that these data are not available at this URL as of 2021],Xhosa,Ken-ichi Ueda,2021-10-21T20:50:39Z
337803,incumncum,und,"","",South African National Biodiversity Institute. 2021. Botanical Database of Southern Africa (BODATSA) [offline dataset]. http://newposa.sanbi.org [Note that these data are not available at this URL as of 2021],Xhosa,Ken-ichi Ueda,2021-10-21T20:50:39Z
528768,isivusankunzi,und,"","",South African National Biodiversity Institute. 2021. Botanical Database of Southern Africa (BODATSA) [offline dataset]. http://newposa.sanbi.org [Note that these data are not available at this URL as of 2021],Xhosa,Ken-ichi Ueda,2021-10-21T20:50:39Z
528768,umthungulu,und,"","",South African National Biodiversity Institute. 2021. Botanical Database of Southern Africa (BODATSA) [offline dataset]. http://newposa.sanbi.org [Note that these data are not available at this URL as of 2021],Xhosa,Ken-ichi Ueda,2021-10-21T20:50:40Z
130215,amanthungula,und,"","",South African National Biodiversity Institute. 2021. Botanical Database of Southern Africa (BODATSA) [offline dataset]. http://newposa.sanbi.org [Note that these data are not available at this URL as of 2021],Xhosa,Ken-ichi Ueda,2021-10-21T20:50:40Z
130215,amathungula,und,"","",South African National Biodiversity Institute. 2021. Botanical Database of Southern Africa (BODATSA) [offline dataset]. http://newposa.sanbi.org [Note that these data are not available at this URL as of 2021],Xhosa,Ken-ichi Ueda,2021-10-21T20:50:40Z
130215,umthungula,und,"","",South African National Biodiversity Institute. 2021. Botanical Database of Southern Africa (BODATSA) [offline dataset]. http://newposa.sanbi.org [Note that these data are not available at this URL as of 2021],Xhosa,Ken-ichi Ueda,2021-10-21T20:50:41Z
527633,ikhukhuzi,und,"","",South African National Biodiversity Institute. 2021. Botanical Database of Southern Africa (BODATSA) [offline dataset]. http://newposa.sanbi.org [Note that these data are not available at this URL as of 2021],Xhosa,Ken-ichi Ueda,2021-10-21T20:50:42Z
598071,umbovane,und,"","",South African National Biodiversity Institute. 2021. Botanical Database of Southern Africa (BODATSA) [offline dataset]. http://newposa.sanbi.org [Note that these data are not available at this URL as of 2021],Xhosa,Ken-ichi Ueda,2021-10-21T20:50:42Z
581795,isibethankunzi-sehlatini,und,"","",South African National Biodiversity Institute. 2021. Botanical Database of Southern Africa (BODATSA) [offline dataset]. http://newposa.sanbi.org [Note that these data are not available at this URL as of 2021],Xhosa,Ken-ichi Ueda,2021-10-21T20:50:43Z
581795,isibethankunzi-sehlathi,und,"","",South African National Biodiversity Institute. 2021. Botanical Database of Southern Africa (BODATSA) [offline dataset]. http://newposa.sanbi.org [Note that these data are not available at this URL as of 2021],Xhosa,Ken-ichi Ueda,2021-10-21T20:50:43Z
581795,ukhovothi,und,"","",South African National Biodiversity Institute. 2021. Botanical Database of Southern Africa (BODATSA) [offline dataset]. http://newposa.sanbi.org [Note that these data are not available at this URL as of 2021],Xhosa,Ken-ichi Ueda,2021-10-21T20:50:43Z
581796,umhlaza,und,"","",South African National Biodiversity Institute. 2021. Botanical Database of Southern Africa (BODATSA) [offline dataset]. http://newposa.sanbi.org [Note that these data are not available at this URL as of 2021],Xhosa,Ken-ichi Ueda,2021-10-21T20:50:44Z
581796,unhlaza,und,"","",South African National Biodiversity Institute. 2021. Botanical Database of Southern Africa (BODATSA) [offline dataset]. http://newposa.sanbi.org [Note that these data are not available at this URL as of 2021],Xhosa,Ken-ichi Ueda,2021-10-21T20:50:44Z
190347,ummemezi,und,"","",South African National Biodiversity Institute. 2021. Botanical Database of Southern Africa (BODATSA) [offline dataset]. http://newposa.sanbi.org [Note that these data are not available at this URL as of 2021],Xhosa,Ken-ichi Ueda,2021-10-21T20:50:44Z
342720,uMemezi,und,"","",South African National Biodiversity Institute. 2021. Botanical Database of Southern Africa (BODATSA) [offline dataset]. http://newposa.sanbi.org [Note that these data are not available at this URL as of 2021],Xhosa,Ken-ichi Ueda,2021-10-21T20:50:45Z
342720,umKhathane,und,"","",South African National Biodiversity Institute. 2021. Botanical Database of Southern Africa (BODATSA) [offline dataset]. http://newposa.sanbi.org [Note that these data are not available at this URL as of 2021],Xhosa,Ken-ichi Ueda,2021-10-21T20:50:45Z
342720,umQonga,und,"","",South African National Biodiversity Institute. 2021. Botanical Database of Southern Africa (BODATSA) [offline dataset]. http://newposa.sanbi.org [Note that these data are not available at this URL as of 2021],Xhosa,Ken-ichi Ueda,2021-10-21T20:50:45Z
342720,umQongo,und,"","",South African National Biodiversity Institute. 2021. Botanical Database of Southern Africa (BODATSA) [offline dataset]. http://newposa.sanbi.org [Note that these data are not available at this URL as of 2021],Xhosa,Ken-ichi Ueda,2021-10-21T20:50:45Z
133564,umkhanga,und,"","",South African National Biodiversity Institute. 2021. Botanical Database of Southern Africa (BODATSA) [offline dataset]. http://newposa.sanbi.org [Note that these data are not available at this URL as of 2021],Xhosa,Ken-ichi Ueda,2021-10-21T20:50:46Z
133563,iqonga,und,"","",South African National Biodiversity Institute. 2021. Botanical Database of Southern Africa (BODATSA) [offline dataset]. http://newposa.sanbi.org [Note that these data are not available at this URL as of 2021],Xhosa,Ken-ichi Ueda,2021-10-21T20:50:46Z
133563,umbetyana,und,"","",South African National Biodiversity Institute. 2021. Botanical Database of Southern Africa (BODATSA) [offline dataset]. http://newposa.sanbi.org [Note that these data are not available at this URL as of 2021],Xhosa,Ken-ichi Ueda,2021-10-21T20:50:47Z
133563,umbiko,und,"","",South African National Biodiversity Institute. 2021. Botanical Database of Southern Africa (BODATSA) [offline dataset]. http://newposa.sanbi.org [Note that these data are not available at this URL as of 2021],Xhosa,Ken-ichi Ueda,2021-10-21T20:50:47Z
342720,umhlamalala,und,"","",South African National Biodiversity Institute. 2021. Botanical Database of Southern Africa (BODATSA) [offline dataset]. http://newposa.sanbi.org [Note that these data are not available at this URL as of 2021],Xhosa,Ken-ichi Ueda,2021-10-21T20:50:47Z
190367,umhlwazi,und,"","",South African National Biodiversity Institute. 2021. Botanical Database of Southern Africa (BODATSA) [offline dataset]. http://newposa.sanbi.org [Note that these data are not available at this URL as of 2021],Xhosa,Ken-ichi Ueda,2021-10-21T20:50:48Z
160294,inyongo,und,"","",South African National Biodiversity Institute. 2021. Botanical Database of Southern Africa (BODATSA) [offline dataset]. http://newposa.sanbi.org [Note that these data are not available at this URL as of 2021],Xhosa,Ken-ichi Ueda,2021-10-21T20:50:48Z
160294,inyonqwana,und,"","",South African National Biodiversity Institute. 2021. Botanical Database of Southern Africa (BODATSA) [offline dataset]. http://newposa.sanbi.org [Note that these data are not available at this URL as of 2021],Xhosa,Ken-ichi Ueda,2021-10-21T20:50:48Z
160294,nongobozana,und,"","",South African National Biodiversity Institute. 2021. Botanical Database of Southern Africa (BODATSA) [offline dataset]. http://newposa.sanbi.org [Note that these data are not available at this URL as of 2021],Xhosa,Ken-ichi Ueda,2021-10-21T20:50:49Z
160294,nongotyazana,und,"","",South African National Biodiversity Institute. 2021. Botanical Database of Southern Africa (BODATSA) [offline dataset]. http://newposa.sanbi.org [Note that these data are not available at this URL as of 2021],Xhosa,Ken-ichi Ueda,2021-10-21T20:50:49Z
469317,umkaboti,und,"","",South African National Biodiversity Institute. 2021. Botanical Database of Southern Africa (BODATSA) [offline dataset]. http://newposa.sanbi.org [Note that these data are not available at this URL as of 2021],Xhosa,Ken-ichi Ueda,2021-10-21T20:50:49Z
469317,umkhovothi,und,"","",South African National Biodiversity Institute. 2021. Botanical Database of Southern Africa (BODATSA) [offline dataset]. http://newposa.sanbi.org [Note that these data are not available at this URL as of 2021],Xhosa,Ken-ichi Ueda,2021-10-21T20:50:50Z
469317,umkoveti,und,"","",South African National Biodiversity Institute. 2021. Botanical Database of Southern Africa (BODATSA) [offline dataset]. http://newposa.sanbi.org [Note that these data are not available at this URL as of 2021],Xhosa,Ken-ichi Ueda,2021-10-21T20:50:50Z
53263,umnyana,und,"","",South African National Biodiversity Institute. 2021. Botanical Database of Southern Africa (BODATSA) [offline dataset]. http://newposa.sanbi.org [Note that these data are not available at this URL as of 2021],Xhosa,Ken-ichi Ueda,2021-10-21T20:50:50Z
53263,unobothungwana,und,"","",South African National Biodiversity Institute. 2021. Botanical Database of Southern Africa (BODATSA) [offline dataset]. http://newposa.sanbi.org [Note that these data are not available at this URL as of 2021],Xhosa,Ken-ichi Ueda,2021-10-21T20:50:51Z
76746,imhlabampethu,und,"","",South African National Biodiversity Institute. 2021. Botanical Database of Southern Africa (BODATSA) [offline dataset]. http://newposa.sanbi.org [Note that these data are not available at this URL as of 2021],Xhosa,Ken-ichi Ueda,2021-10-21T20:50:51Z
76746,mangalisa,und,"","",South African National Biodiversity Institute. 2021. Botanical Database of Southern Africa (BODATSA) [offline dataset]. http://newposa.sanbi.org [Note that these data are not available at this URL as of 2021],Xhosa,Ken-ichi Ueda,2021-10-21T20:50:51Z
76746,puniyi,und,"","",South African National Biodiversity Institute. 2021. Botanical Database of Southern Africa (BODATSA) [offline dataset]. http://newposa.sanbi.org [Note that these data are not available at this URL as of 2021],Xhosa,Ken-ichi Ueda,2021-10-21T20:50:52Z
76746,unukani,und,"","",South African National Biodiversity Institute. 2021. Botanical Database of Southern Africa (BODATSA) [offline dataset]. http://newposa.sanbi.org [Note that these data are not available at this URL as of 2021],Xhosa,Ken-ichi Ueda,2021-10-21T20:50:52Z
62918,umadolwana,und,"","",South African National Biodiversity Institute. 2021. Botanical Database of Southern Africa (BODATSA) [offline dataset]. http://newposa.sanbi.org [Note that these data are not available at this URL as of 2021],Xhosa,Ken-ichi Ueda,2021-10-21T20:50:53Z
322492,ujejane,und,"","",South African National Biodiversity Institute. 2021. Botanical Database of Southern Africa (BODATSA) [offline dataset]. http://newposa.sanbi.org [Note that these data are not available at this URL as of 2021],Xhosa,Ken-ichi Ueda,2021-10-21T20:50:53Z
404420,itholonja,und,"","",South African National Biodiversity Institute. 2021. Botanical Database of Southern Africa (BODATSA) [offline dataset]. http://newposa.sanbi.org [Note that these data are not available at this URL as of 2021],Xhosa,Ken-ichi Ueda,2021-10-21T20:50:53Z
404420,ulwamfithi,und,"","",South African National Biodiversity Institute. 2021. Botanical Database of Southern Africa (BODATSA) [offline dataset]. http://newposa.sanbi.org [Note that these data are not available at this URL as of 2021],Xhosa,Ken-ichi Ueda,2021-10-21T20:50:54Z
70054,umxoxosi,und,"","",South African National Biodiversity Institute. 2021. Botanical Database of Southern Africa (BODATSA) [offline dataset]. http://newposa.sanbi.org [Note that these data are not available at this URL as of 2021],Xhosa,Ken-ichi Ueda,2021-10-21T20:50:54Z
342748,isitutu,und,"","",South African National Biodiversity Institute. 2021. Botanical Database of Southern Africa (BODATSA) [offline dataset]. http://newposa.sanbi.org [Note that these data are not available at this URL as of 2021],Xhosa,Ken-ichi Ueda,2021-10-21T20:50:54Z
342748,umtuto,und,"","",South African National Biodiversity Institute. 2021. Botanical Database of Southern Africa (BODATSA) [offline dataset]. http://newposa.sanbi.org [Note that these data are not available at this URL as of 2021],Xhosa,Ken-ichi Ueda,2021-10-21T20:50:55Z
598203,isifutho,und,"","",South African National Biodiversity Institute. 2021. Botanical Database of Southern Africa (BODATSA) [offline dataset]. http://newposa.sanbi.org [Note that these data are not available at this URL as of 2021],Xhosa,Ken-ichi Ueda,2021-10-21T20:50:55Z
598203,umnukambiba,und,"","",South African National Biodiversity Institute. 2021. Botanical Database of Southern Africa (BODATSA) [offline dataset]. http://newposa.sanbi.org [Note that these data are not available at this URL as of 2021],Xhosa,Ken-ichi Ueda,2021-10-21T20:50:55Z
598203,umnukandiba,und,"","",South African National Biodiversity Institute. 2021. Botanical Database of Southern Africa (BODATSA) [offline dataset]. http://newposa.sanbi.org [Note that these data are not available at this URL as of 2021],Xhosa,Ken-ichi Ueda,2021-10-21T20:50:56Z
582302,ityolo,und,"","",South African National Biodiversity Institute. 2021. Botanical Database of Southern Africa (BODATSA) [offline dataset]. http://newposa.sanbi.org [Note that these data are not available at this URL as of 2021],Xhosa,Ken-ichi Ueda,2021-10-21T20:50:56Z
598231,umbele,und,"","",South African National Biodiversity Institute. 2021. Botanical Database of Southern Africa (BODATSA) [offline dataset]. http://newposa.sanbi.org [Note that these data are not available at this URL as of 2021],Xhosa,Ken-ichi Ueda,2021-10-21T20:50:58Z
598231,untswabantswaba,und,"","",South African National Biodiversity Institute. 2021. Botanical Database of Southern Africa (BODATSA) [offline dataset]. http://newposa.sanbi.org [Note that these data are not available at this URL as of 2021],Xhosa,Ken-ichi Ueda,2021-10-21T20:50:58Z
598231,unwele,und,"","",South African National Biodiversity Institute. 2021. Botanical Database of Southern Africa (BODATSA) [offline dataset]. http://newposa.sanbi.org [Note that these data are not available at this URL as of 2021],Xhosa,Ken-ichi Ueda,2021-10-21T20:50:59Z
582447,umnwele,und,"","",South African National Biodiversity Institute. 2021. Botanical Database of Southern Africa (BODATSA) [offline dataset]. http://newposa.sanbi.org [Note that these data are not available at this URL as of 2021],Xhosa,Ken-ichi Ueda,2021-10-21T20:50:59Z
342732,umagqatshala,und,"","",South African National Biodiversity Institute. 2021. Botanical Database of Southern Africa (BODATSA) [offline dataset]. http://newposa.sanbi.org [Note that these data are not available at this URL as of 2021],Xhosa,Ken-ichi Ueda,2021-10-21T20:50:59Z
582488,iqadi,und,"","",South African National Biodiversity Institute. 2021. Botanical Database of Southern Africa (BODATSA) [offline dataset]. http://newposa.sanbi.org [Note that these data are not available at this URL as of 2021],Xhosa,Ken-ichi Ueda,2021-10-21T20:51:00Z
582488,ufiyo,und,"","",South African National Biodiversity Institute. 2021. Botanical Database of Southern Africa (BODATSA) [offline dataset]. http://newposa.sanbi.org [Note that these data are not available at this URL as of 2021],Xhosa,Ken-ichi Ueda,2021-10-21T20:51:00Z
582488,umsipane,und,"","",South African National Biodiversity Institute. 2021. Botanical Database of Southern Africa (BODATSA) [offline dataset]. http://newposa.sanbi.org [Note that these data are not available at this URL as of 2021],Xhosa,Ken-ichi Ueda,2021-10-21T20:51:00Z
582500,intsinde,und,"","",South African National Biodiversity Institute. 2021. Botanical Database of Southern Africa (BODATSA) [offline dataset]. http://newposa.sanbi.org [Note that these data are not available at this URL as of 2021],Xhosa,Ken-ichi Ueda,2021-10-21T20:51:01Z
582500,umgxube,und,"","",South African National Biodiversity Institute. 2021. Botanical Database of Southern Africa (BODATSA) [offline dataset]. http://newposa.sanbi.org [Note that these data are not available at this URL as of 2021],Xhosa,Ken-ichi Ueda,2021-10-21T20:51:01Z
582516,imbalonyathi,und,"","",South African National Biodiversity Institute. 2021. Botanical Database of Southern Africa (BODATSA) [offline dataset]. http://newposa.sanbi.org [Note that these data are not available at this URL as of 2021],Xhosa,Ken-ichi Ueda,2021-10-21T20:51:01Z
582516,umnqayana,und,"","",South African National Biodiversity Institute. 2021. Botanical Database of Southern Africa (BODATSA) [offline dataset]. http://newposa.sanbi.org [Note that these data are not available at this URL as of 2021],Xhosa,Ken-ichi Ueda,2021-10-21T20:51:02Z
582516,umthenenenda,und,"","",South African National Biodiversity Institute. 2021. Botanical Database of Southern Africa (BODATSA) [offline dataset]. http://newposa.sanbi.org [Note that these data are not available at this URL as of 2021],Xhosa,Ken-ichi Ueda,2021-10-21T20:51:02Z
556563,uqotho,und,"","",South African National Biodiversity Institute. 2021. Botanical Database of Southern Africa (BODATSA) [offline dataset]. http://newposa.sanbi.org [Note that these data are not available at this URL as of 2021],Xhosa,Ken-ichi Ueda,2021-10-21T20:51:02Z
135389,umdubo,und,"","",South African National Biodiversity Institute. 2021. Botanical Database of Southern Africa (BODATSA) [offline dataset]. http://newposa.sanbi.org [Note that these data are not available at this URL as of 2021],Xhosa,Ken-ichi Ueda,2021-10-21T20:51:03Z
135389,umdubu-wehlathi,und,"","",South African National Biodiversity Institute. 2021. Botanical Database of Southern Africa (BODATSA) [offline dataset]. http://newposa.sanbi.org [Note that these data are not available at this URL as of 2021],Xhosa,Ken-ichi Ueda,2021-10-21T20:51:04Z
135386,ulandile,und,"","",South African National Biodiversity Institute. 2021. Botanical Database of Southern Africa (BODATSA) [offline dataset]. http://newposa.sanbi.org [Note that these data are not available at this URL as of 2021],Xhosa,Ken-ichi Ueda,2021-10-21T20:51:04Z
135386,umdubu wehlathi,und,"","",South African National Biodiversity Institute. 2021. Botanical Database of Southern Africa (BODATSA) [offline dataset]. http://newposa.sanbi.org [Note that these data are not available at this URL as of 2021],Xhosa,Ken-ichi Ueda,2021-10-21T20:51:04Z
135386,umDubu wehlati,und,"","",South African National Biodiversity Institute. 2021. Botanical Database of Southern Africa (BODATSA) [offline dataset]. http://newposa.sanbi.org [Note that these data are not available at this URL as of 2021],Xhosa,Ken-ichi Ueda,2021-10-21T20:51:05Z
135386,umDubu-wehlathi,und,"","",South African National Biodiversity Institute. 2021. Botanical Database of Southern Africa (BODATSA) [offline dataset]. http://newposa.sanbi.org [Note that these data are not available at this URL as of 2021],Xhosa,Ken-ichi Ueda,2021-10-21T20:51:05Z
141185,lekzotswana,und,"","",South African National Biodiversity Institute. 2021. Botanical Database of Southern Africa (BODATSA) [offline dataset]. http://newposa.sanbi.org [Note that these data are not available at this URL as of 2021],Xhosa,Ken-ichi Ueda,2021-10-21T20:51:05Z
559225,ulonwaba,und,"","",South African National Biodiversity Institute. 2021. Botanical Database of Southern Africa (BODATSA) [offline dataset]. http://newposa.sanbi.org [Note that these data are not available at this URL as of 2021],Xhosa,Ken-ichi Ueda,2021-10-21T20:51:06Z
582640,iminele,und,"","",South African National Biodiversity Institute. 2021. Botanical Database of Southern Africa (BODATSA) [offline dataset]. http://newposa.sanbi.org [Note that these data are not available at this URL as of 2021],Xhosa,Ken-ichi Ueda,2021-10-21T20:51:06Z
582640,umhluguthi wehlathi,und,"","",South African National Biodiversity Institute. 2021. Botanical Database of Southern Africa (BODATSA) [offline dataset]. http://newposa.sanbi.org [Note that these data are not available at this URL as of 2021],Xhosa,Ken-ichi Ueda,2021-10-21T20:51:07Z
582640,umhlunguthi wehlathi,und,"","",South African National Biodiversity Institute. 2021. Botanical Database of Southern Africa (BODATSA) [offline dataset]. http://newposa.sanbi.org [Note that these data are not available at this URL as of 2021],Xhosa,Ken-ichi Ueda,2021-10-21T20:51:07Z
582640,wehlathi,und,"","",South African National Biodiversity Institute. 2021. Botanical Database of Southern Africa (BODATSA) [offline dataset]. http://newposa.sanbi.org [Note that these data are not available at this URL as of 2021],Xhosa,Ken-ichi Ueda,2021-10-21T20:51:07Z
578265,uvuma omhlope,und,"","",South African National Biodiversity Institute. 2021. Botanical Database of Southern Africa (BODATSA) [offline dataset]. http://newposa.sanbi.org [Note that these data are not available at this URL as of 2021],Xhosa,Ken-ichi Ueda,2021-10-21T20:51:08Z
577631,inabulele,und,"","",South African National Biodiversity Institute. 2021. Botanical Database of Southern Africa (BODATSA) [offline dataset]. http://newposa.sanbi.org [Note that these data are not available at this URL as of 2021],Xhosa,Ken-ichi Ueda,2021-10-21T20:51:08Z
577631,uboqo,und,"","",South African National Biodiversity Institute. 2021. Botanical Database of Southern Africa (BODATSA) [offline dataset]. http://newposa.sanbi.org [Note that these data are not available at this URL as of 2021],Xhosa,Ken-ichi Ueda,2021-10-21T20:51:08Z
847544,isavu,und,"","",South African National Biodiversity Institute. 2021. Botanical Database of Southern Africa (BODATSA) [offline dataset]. http://newposa.sanbi.org [Note that these data are not available at this URL as of 2021],Xhosa,Ken-ichi Ueda,2021-10-21T20:51:09Z
598420,ukudliwa ngumlambo,und,"","",South African National Biodiversity Institute. 2021. Botanical Database of Southern Africa (BODATSA) [offline dataset]. http://newposa.sanbi.org [Note that these data are not available at this URL as of 2021],Xhosa,Ken-ichi Ueda,2021-10-21T20:51:10Z
598420,umhlonyane omncane,und,"","",South African National Biodiversity Institute. 2021. Botanical Database of Southern Africa (BODATSA) [offline dataset]. http://newposa.sanbi.org [Note that these data are not available at this URL as of 2021],Xhosa,Ken-ichi Ueda,2021-10-21T20:51:10Z
598420,umsolo,und,"","",South African National Biodiversity Institute. 2021. Botanical Database of Southern Africa (BODATSA) [offline dataset]. http://newposa.sanbi.org [Note that these data are not available at this URL as of 2021],Xhosa,Ken-ichi Ueda,2021-10-21T20:51:10Z
598425,ipewula,und,"","",South African National Biodiversity Institute. 2021. Botanical Database of Southern Africa (BODATSA) [offline dataset]. http://newposa.sanbi.org [Note that these data are not available at this URL as of 2021],Xhosa,Ken-ichi Ueda,2021-10-21T20:51:10Z
582863,manxasana,und,"","",South African National Biodiversity Institute. 2021. Botanical Database of Southern Africa (BODATSA) [offline dataset]. http://newposa.sanbi.org [Note that these data are not available at this URL as of 2021],Xhosa,Ken-ichi Ueda,2021-10-21T20:51:11Z
76465,umxhalaguba,und,"","",South African National Biodiversity Institute. 2021. Botanical Database of Southern Africa (BODATSA) [offline dataset]. http://newposa.sanbi.org [Note that these data are not available at this URL as of 2021],Xhosa,Ken-ichi Ueda,2021-10-21T20:51:11Z
583028,ihlolo getyane,und,"","",South African National Biodiversity Institute. 2021. Botanical Database of Southern Africa (BODATSA) [offline dataset]. http://newposa.sanbi.org [Note that these data are not available at this URL as of 2021],Xhosa,Ken-ichi Ueda,2021-10-21T20:51:11Z
430901,mgwagane,und,"","",South African National Biodiversity Institute. 2021. Botanical Database of Southern Africa (BODATSA) [offline dataset]. http://newposa.sanbi.org [Note that these data are not available at this URL as of 2021],Xhosa,Ken-ichi Ueda,2021-10-21T20:51:12Z
430901,mgwaqane,und,"","",South African National Biodiversity Institute. 2021. Botanical Database of Southern Africa (BODATSA) [offline dataset]. http://newposa.sanbi.org [Note that these data are not available at this URL as of 2021],Xhosa,Ken-ichi Ueda,2021-10-21T20:51:12Z
430901,umagwaqani,und,"","",South African National Biodiversity Institute. 2021. Botanical Database of Southern Africa (BODATSA) [offline dataset]. http://newposa.sanbi.org [Note that these data are not available at this URL as of 2021],Xhosa,Ken-ichi Ueda,2021-10-21T20:51:12Z
430901,uMakhwakane,und,"","",South African National Biodiversity Institute. 2021. Botanical Database of Southern Africa (BODATSA) [offline dataset]. http://newposa.sanbi.org [Note that these data are not available at this URL as of 2021],Xhosa,Ken-ichi Ueda,2021-10-21T20:51:13Z
430901,umegwaqane,und,"","",South African National Biodiversity Institute. 2021. Botanical Database of Southern Africa (BODATSA) [offline dataset]. http://newposa.sanbi.org [Note that these data are not available at this URL as of 2021],Xhosa,Ken-ichi Ueda,2021-10-21T20:51:13Z
430901,umFeze,und,"","",South African National Biodiversity Institute. 2021. Botanical Database of Southern Africa (BODATSA) [offline dataset]. http://newposa.sanbi.org [Note that these data are not available at this URL as of 2021],Xhosa,Ken-ichi Ueda,2021-10-21T20:51:13Z
430901,umGqwagane,und,"","",South African National Biodiversity Institute. 2021. Botanical Database of Southern Africa (BODATSA) [offline dataset]. http://newposa.sanbi.org [Note that these data are not available at this URL as of 2021],Xhosa,Ken-ichi Ueda,2021-10-21T20:51:14Z
430901,umGqwaganisa,und,"","",South African National Biodiversity Institute. 2021. Botanical Database of Southern Africa (BODATSA) [offline dataset]. http://newposa.sanbi.org [Note that these data are not available at this URL as of 2021],Xhosa,Ken-ichi Ueda,2021-10-21T20:51:14Z
430901,umGwaqanisa,und,"","",South African National Biodiversity Institute. 2021. Botanical Database of Southern Africa (BODATSA) [offline dataset]. http://newposa.sanbi.org [Note that these data are not available at this URL as of 2021],Xhosa,Ken-ichi Ueda,2021-10-21T20:51:14Z
430901,umMakhwakane,und,"","",South African National Biodiversity Institute. 2021. Botanical Database of Southern Africa (BODATSA) [offline dataset]. http://newposa.sanbi.org [Note that these data are not available at this URL as of 2021],Xhosa,Ken-ichi Ueda,2021-10-21T20:51:15Z
583084,umgxaleba,und,"","",South African National Biodiversity Institute. 2021. Botanical Database of Southern Africa (BODATSA) [offline dataset]. http://newposa.sanbi.org [Note that these data are not available at this URL as of 2021],Xhosa,Ken-ichi Ueda,2021-10-21T20:51:15Z
583084,umGxobothi,und,"","",South African National Biodiversity Institute. 2021. Botanical Database of Southern Africa (BODATSA) [offline dataset]. http://newposa.sanbi.org [Note that these data are not available at this URL as of 2021],Xhosa,Ken-ichi Ueda,2021-10-21T20:51:15Z
583084,umncatyana,und,"","",South African National Biodiversity Institute. 2021. Botanical Database of Southern Africa (BODATSA) [offline dataset]. http://newposa.sanbi.org [Note that these data are not available at this URL as of 2021],Xhosa,Ken-ichi Ueda,2021-10-21T20:51:16Z
583084,umThongwa,und,"","",South African National Biodiversity Institute. 2021. Botanical Database of Southern Africa (BODATSA) [offline dataset]. http://newposa.sanbi.org [Note that these data are not available at this URL as of 2021],Xhosa,Ken-ichi Ueda,2021-10-21T20:51:16Z
583084,umThongwane,und,"","",South African National Biodiversity Institute. 2021. Botanical Database of Southern Africa (BODATSA) [offline dataset]. http://newposa.sanbi.org [Note that these data are not available at this URL as of 2021],Xhosa,Ken-ichi Ueda,2021-10-21T20:51:16Z
583084,umThungwa,und,"","",South African National Biodiversity Institute. 2021. Botanical Database of Southern Africa (BODATSA) [offline dataset]. http://newposa.sanbi.org [Note that these data are not available at this URL as of 2021],Xhosa,Ken-ichi Ueda,2021-10-21T20:51:17Z
583084,umtungwa,und,"","",South African National Biodiversity Institute. 2021. Botanical Database of Southern Africa (BODATSA) [offline dataset]. http://newposa.sanbi.org [Note that these data are not available at this URL as of 2021],Xhosa,Ken-ichi Ueda,2021-10-21T20:51:17Z
583086,isithungwa,und,"","",South African National Biodiversity Institute. 2021. Botanical Database of Southern Africa (BODATSA) [offline dataset]. http://newposa.sanbi.org [Note that these data are not available at this URL as of 2021],Xhosa,Ken-ichi Ueda,2021-10-21T20:51:17Z
583086,umGqebe,und,"","",South African National Biodiversity Institute. 2021. Botanical Database of Southern Africa (BODATSA) [offline dataset]. http://newposa.sanbi.org [Note that these data are not available at this URL as of 2021],Xhosa,Ken-ichi Ueda,2021-10-21T20:51:17Z
583086,umqqebe,und,"","",South African National Biodiversity Institute. 2021. Botanical Database of Southern Africa (BODATSA) [offline dataset]. http://newposa.sanbi.org [Note that these data are not available at this URL as of 2021],Xhosa,Ken-ichi Ueda,2021-10-21T20:51:18Z
583086,umthungwa,und,"","",South African National Biodiversity Institute. 2021. Botanical Database of Southern Africa (BODATSA) [offline dataset]. http://newposa.sanbi.org [Note that these data are not available at this URL as of 2021],Xhosa,Ken-ichi Ueda,2021-10-21T20:51:18Z
486957,inqayana,und,"","",South African National Biodiversity Institute. 2021. Botanical Database of Southern Africa (BODATSA) [offline dataset]. http://newposa.sanbi.org [Note that these data are not available at this URL as of 2021],Xhosa,Ken-ichi Ueda,2021-10-21T20:51:18Z
486957,ixoboti,und,"","",South African National Biodiversity Institute. 2021. Botanical Database of Southern Africa (BODATSA) [offline dataset]. http://newposa.sanbi.org [Note that these data are not available at this URL as of 2021],Xhosa,Ken-ichi Ueda,2021-10-21T20:51:19Z
486957,umxaleba,und,"","",South African National Biodiversity Institute. 2021. Botanical Database of Southern Africa (BODATSA) [offline dataset]. http://newposa.sanbi.org [Note that these data are not available at this URL as of 2021],Xhosa,Ken-ichi Ueda,2021-10-21T20:51:19Z
583088,ixobothi,und,"","",South African National Biodiversity Institute. 2021. Botanical Database of Southern Africa (BODATSA) [offline dataset]. http://newposa.sanbi.org [Note that these data are not available at this URL as of 2021],Xhosa,Ken-ichi Ueda,2021-10-21T20:51:19Z
583088,umnqayane,und,"","",South African National Biodiversity Institute. 2021. Botanical Database of Southern Africa (BODATSA) [offline dataset]. http://newposa.sanbi.org [Note that these data are not available at this URL as of 2021],Xhosa,Ken-ichi Ueda,2021-10-21T20:51:20Z
516178,ithangazana lethafa,und,"","",South African National Biodiversity Institute. 2021. Botanical Database of Southern Africa (BODATSA) [offline dataset]. http://newposa.sanbi.org [Note that these data are not available at this URL as of 2021],Xhosa,Ken-ichi Ueda,2021-10-21T20:51:20Z
516178,uthangazana,und,"","",South African National Biodiversity Institute. 2021. Botanical Database of Southern Africa (BODATSA) [offline dataset]. http://newposa.sanbi.org [Note that these data are not available at this URL as of 2021],Xhosa,Ken-ichi Ueda,2021-10-21T20:51:20Z
183938,igqwakra,und,"","",South African National Biodiversity Institute. 2021. Botanical Database of Southern Africa (BODATSA) [offline dataset]. http://newposa.sanbi.org [Note that these data are not available at this URL as of 2021],Xhosa,Ken-ichi Ueda,2021-10-21T20:51:21Z
183938,umqwashube,und,"","",South African National Biodiversity Institute. 2021. Botanical Database of Southern Africa (BODATSA) [offline dataset]. http://newposa.sanbi.org [Note that these data are not available at this URL as of 2021],Xhosa,Ken-ichi Ueda,2021-10-21T20:51:21Z
490221,isibande,und,"","",South African National Biodiversity Institute. 2021. Botanical Database of Southern Africa (BODATSA) [offline dataset]. http://newposa.sanbi.org [Note that these data are not available at this URL as of 2021],Xhosa,Ken-ichi Ueda,2021-10-21T20:51:21Z
490221,omhlebe,und,"","",South African National Biodiversity Institute. 2021. Botanical Database of Southern Africa (BODATSA) [offline dataset]. http://newposa.sanbi.org [Note that these data are not available at this URL as of 2021],Xhosa,Ken-ichi Ueda,2021-10-21T20:51:22Z
490221,umGuna,und,"","",South African National Biodiversity Institute. 2021. Botanical Database of Southern Africa (BODATSA) [offline dataset]. http://newposa.sanbi.org [Note that these data are not available at this URL as of 2021],Xhosa,Ken-ichi Ueda,2021-10-21T20:51:22Z
490221,umgxcina,und,"","",South African National Biodiversity Institute. 2021. Botanical Database of Southern Africa (BODATSA) [offline dataset]. http://newposa.sanbi.org [Note that these data are not available at this URL as of 2021],Xhosa,Ken-ichi Ueda,2021-10-21T20:51:22Z
490221,umgxina,und,"","",South African National Biodiversity Institute. 2021. Botanical Database of Southern Africa (BODATSA) [offline dataset]. http://newposa.sanbi.org [Note that these data are not available at this URL as of 2021],Xhosa,Ken-ichi Ueda,2021-10-21T20:51:23Z
490221,umhlahleni,und,"","",South African National Biodiversity Institute. 2021. Botanical Database of Southern Africa (BODATSA) [offline dataset]. http://newposa.sanbi.org [Note that these data are not available at this URL as of 2021],Xhosa,Ken-ichi Ueda,2021-10-21T20:51:23Z
490221,umLahleni,und,"","",South African National Biodiversity Institute. 2021. Botanical Database of Southern Africa (BODATSA) [offline dataset]. http://newposa.sanbi.org [Note that these data are not available at this URL as of 2021],Xhosa,Ken-ichi Ueda,2021-10-21T20:51:23Z
490221,unHlebe,und,"","",South African National Biodiversity Institute. 2021. Botanical Database of Southern Africa (BODATSA) [offline dataset]. http://newposa.sanbi.org [Note that these data are not available at this URL as of 2021],Xhosa,Ken-ichi Ueda,2021-10-21T20:51:23Z
490221,unLahleni,und,"","",South African National Biodiversity Institute. 2021. Botanical Database of Southern Africa (BODATSA) [offline dataset]. http://newposa.sanbi.org [Note that these data are not available at this URL as of 2021],Xhosa,Ken-ichi Ueda,2021-10-21T20:51:24Z
490221,uSirayi,und,"","",South African National Biodiversity Institute. 2021. Botanical Database of Southern Africa (BODATSA) [offline dataset]. http://newposa.sanbi.org [Note that these data are not available at this URL as of 2021],Xhosa,Ken-ichi Ueda,2021-10-21T20:51:24Z
543240,umngqokhwe,und,"","",South African National Biodiversity Institute. 2021. Botanical Database of Southern Africa (BODATSA) [offline dataset]. http://newposa.sanbi.org [Note that these data are not available at this URL as of 2021],Xhosa,Ken-ichi Ueda,2021-10-21T20:51:24Z
559488,umsenge wehlati,und,"","",South African National Biodiversity Institute. 2021. Botanical Database of Southern Africa (BODATSA) [offline dataset]. http://newposa.sanbi.org [Note that these data are not available at this URL as of 2021],Xhosa,Ken-ichi Ueda,2021-10-21T20:51:25Z
143538,umboza,und,"","",South African National Biodiversity Institute. 2021. Botanical Database of Southern Africa (BODATSA) [offline dataset]. http://newposa.sanbi.org [Note that these data are not available at this URL as of 2021],Xhosa,Ken-ichi Ueda,2021-10-21T20:51:25Z
415490,umagoswana,und,"","",South African National Biodiversity Institute. 2021. Botanical Database of Southern Africa (BODATSA) [offline dataset]. http://newposa.sanbi.org [Note that these data are not available at this URL as of 2021],Xhosa,Ken-ichi Ueda,2021-10-21T20:51:25Z
447717,umkhoma-khoma,und,"","",South African National Biodiversity Institute. 2021. Botanical Database of Southern Africa (BODATSA) [offline dataset]. http://newposa.sanbi.org [Note that these data are not available at this URL as of 2021],Xhosa,Ken-ichi Ueda,2021-10-21T20:51:26Z
320739,isi-hihi,und,"","",South African National Biodiversity Institute. 2021. Botanical Database of Southern Africa (BODATSA) [offline dataset]. http://newposa.sanbi.org [Note that these data are not available at this URL as of 2021],Xhosa,Ken-ichi Ueda,2021-10-21T20:51:26Z
583181,injanga,und,"","",South African National Biodiversity Institute. 2021. Botanical Database of Southern Africa (BODATSA) [offline dataset]. http://newposa.sanbi.org [Note that these data are not available at this URL as of 2021],Xhosa,Ken-ichi Ueda,2021-10-21T20:51:26Z
184182,umqunga,und,"","",South African National Biodiversity Institute. 2021. Botanical Database of Southern Africa (BODATSA) [offline dataset]. http://newposa.sanbi.org [Note that these data are not available at this URL as of 2021],Xhosa,Ken-ichi Ueda,2021-10-21T20:51:27Z
58371,uqaqaqa,und,"","",South African National Biodiversity Institute. 2021. Botanical Database of Southern Africa (BODATSA) [offline dataset]. http://newposa.sanbi.org [Note that these data are not available at this URL as of 2021],Xhosa,Ken-ichi Ueda,2021-10-21T20:51:27Z
436134,imizi,und,"","",South African National Biodiversity Institute. 2021. Botanical Database of Southern Africa (BODATSA) [offline dataset]. http://newposa.sanbi.org [Note that these data are not available at this URL as of 2021],Xhosa,Ken-ichi Ueda,2021-10-21T20:51:27Z
436134,ingculu,und,"","",South African National Biodiversity Institute. 2021. Botanical Database of Southern Africa (BODATSA) [offline dataset]. http://newposa.sanbi.org [Note that these data are not available at this URL as of 2021],Xhosa,Ken-ichi Ueda,2021-10-21T20:51:28Z
583341,utywala bentsikizi,und,"","",South African National Biodiversity Institute. 2021. Botanical Database of Southern Africa (BODATSA) [offline dataset]. http://newposa.sanbi.org [Note that these data are not available at this URL as of 2021],Xhosa,Ken-ichi Ueda,2021-10-21T20:51:28Z
598667,isilawu esimhlophe,und,"","",South African National Biodiversity Institute. 2021. Botanical Database of Southern Africa (BODATSA) [offline dataset]. http://newposa.sanbi.org [Note that these data are not available at this URL as of 2021],Xhosa,Ken-ichi Ueda,2021-10-21T20:51:28Z
583419,intozane,und,"","",South African National Biodiversity Institute. 2021. Botanical Database of Southern Africa (BODATSA) [offline dataset]. http://newposa.sanbi.org [Note that these data are not available at this URL as of 2021],Xhosa,Ken-ichi Ueda,2021-10-21T20:51:29Z
430922,omqokolo,und,"","",South African National Biodiversity Institute. 2021. Botanical Database of Southern Africa (BODATSA) [offline dataset]. http://newposa.sanbi.org [Note that these data are not available at this URL as of 2021],Xhosa,Ken-ichi Ueda,2021-10-21T20:51:29Z
430922,umzungulu,und,"","",South African National Biodiversity Institute. 2021. Botanical Database of Southern Africa (BODATSA) [offline dataset]. http://newposa.sanbi.org [Note that these data are not available at this URL as of 2021],Xhosa,Ken-ichi Ueda,2021-10-21T20:51:29Z
583421,uzungu,und,"","",South African National Biodiversity Institute. 2021. Botanical Database of Southern Africa (BODATSA) [offline dataset]. http://newposa.sanbi.org [Note that these data are not available at this URL as of 2021],Xhosa,Ken-ichi Ueda,2021-10-21T20:51:29Z
583423,umzungu,und,"","",South African National Biodiversity Institute. 2021. Botanical Database of Southern Africa (BODATSA) [offline dataset]. http://newposa.sanbi.org [Note that these data are not available at this URL as of 2021],Xhosa,Ken-ichi Ueda,2021-10-21T20:51:30Z
55854,ijoyi,und,"","",South African National Biodiversity Institute. 2021. Botanical Database of Southern Africa (BODATSA) [offline dataset]. http://newposa.sanbi.org [Note that these data are not available at this URL as of 2021],Xhosa,Ken-ichi Ueda,2021-10-21T20:51:30Z
55854,umhlabavuthwa,und,"","",South African National Biodiversity Institute. 2021. Botanical Database of Southern Africa (BODATSA) [offline dataset]. http://newposa.sanbi.org [Note that these data are not available at this URL as of 2021],Xhosa,Ken-ichi Ueda,2021-10-21T20:51:30Z
55854,umvumbangwe,und,"","",South African National Biodiversity Institute. 2021. Botanical Database of Southern Africa (BODATSA) [offline dataset]. http://newposa.sanbi.org [Note that these data are not available at this URL as of 2021],Xhosa,Ken-ichi Ueda,2021-10-21T20:51:31Z
55854,uvumbangwe,und,"","",South African National Biodiversity Institute. 2021. Botanical Database of Southern Africa (BODATSA) [offline dataset]. http://newposa.sanbi.org [Note that these data are not available at this URL as of 2021],Xhosa,Ken-ichi Ueda,2021-10-21T20:51:31Z
430931,umasibele,und,"","",South African National Biodiversity Institute. 2021. Botanical Database of Southern Africa (BODATSA) [offline dataset]. http://newposa.sanbi.org [Note that these data are not available at this URL as of 2021],Xhosa,Ken-ichi Ueda,2021-10-21T20:51:31Z
430931,umbangabanga,und,"","",South African National Biodiversity Institute. 2021. Botanical Database of Southern Africa (BODATSA) [offline dataset]. http://newposa.sanbi.org [Note that these data are not available at this URL as of 2021],Xhosa,Ken-ichi Ueda,2021-10-21T20:51:32Z
600191,umlunge,und,"","",South African National Biodiversity Institute. 2021. Botanical Database of Southern Africa (BODATSA) [offline dataset]. http://newposa.sanbi.org [Note that these data are not available at this URL as of 2021],Xhosa,Ken-ichi Ueda,2021-10-21T20:51:32Z
600191,umqele,und,"","",South African National Biodiversity Institute. 2021. Botanical Database of Southern Africa (BODATSA) [offline dataset]. http://newposa.sanbi.org [Note that these data are not available at this URL as of 2021],Xhosa,Ken-ichi Ueda,2021-10-21T20:51:32Z
583843,umtane,und,"","",South African National Biodiversity Institute. 2021. Botanical Database of Southern Africa (BODATSA) [offline dataset]. http://newposa.sanbi.org [Note that these data are not available at this URL as of 2021],Xhosa,Ken-ichi Ueda,2021-10-21T20:51:33Z
583845,ingxolo,und,"","",South African National Biodiversity Institute. 2021. Botanical Database of Southern Africa (BODATSA) [offline dataset]. http://newposa.sanbi.org [Note that these data are not available at this URL as of 2021],Xhosa,Ken-ichi Ueda,2021-10-21T20:51:33Z
583850,senlila,und,"","",South African National Biodiversity Institute. 2021. Botanical Database of Southern Africa (BODATSA) [offline dataset]. http://newposa.sanbi.org [Note that these data are not available at this URL as of 2021],Xhosa,Ken-ichi Ueda,2021-10-21T20:51:33Z
1139114,umbongisa,und,"","",South African National Biodiversity Institute. 2021. Botanical Database of Southern Africa (BODATSA) [offline dataset]. http://newposa.sanbi.org [Note that these data are not available at this URL as of 2021],Xhosa,Ken-ichi Ueda,2021-10-21T20:51:34Z
578253,umtshiwane,und,"","",South African National Biodiversity Institute. 2021. Botanical Database of Southern Africa (BODATSA) [offline dataset]. http://newposa.sanbi.org [Note that these data are not available at this URL as of 2021],Xhosa,Ken-ichi Ueda,2021-10-21T20:51:34Z
583887,intshikivane,und,"","",South African National Biodiversity Institute. 2021. Botanical Database of Southern Africa (BODATSA) [offline dataset]. http://newposa.sanbi.org [Note that these data are not available at this URL as of 2021],Xhosa,Ken-ichi Ueda,2021-10-21T20:51:34Z
583887,umtyshone,und,"","",South African National Biodiversity Institute. 2021. Botanical Database of Southern Africa (BODATSA) [offline dataset]. http://newposa.sanbi.org [Note that these data are not available at this URL as of 2021],Xhosa,Ken-ichi Ueda,2021-10-21T20:51:35Z
583892,inyamempunzi,und,"","",South African National Biodiversity Institute. 2021. Botanical Database of Southern Africa (BODATSA) [offline dataset]. http://newposa.sanbi.org [Note that these data are not available at this URL as of 2021],Xhosa,Ken-ichi Ueda,2021-10-21T20:51:35Z
598750,umcandane,und,"","",South African National Biodiversity Institute. 2021. Botanical Database of Southern Africa (BODATSA) [offline dataset]. http://newposa.sanbi.org [Note that these data are not available at this URL as of 2021],Xhosa,Ken-ichi Ueda,2021-10-21T20:51:35Z
541445,intsanzimane,und,"","",South African National Biodiversity Institute. 2021. Botanical Database of Southern Africa (BODATSA) [offline dataset]. http://newposa.sanbi.org [Note that these data are not available at this URL as of 2021],Xhosa,Ken-ichi Ueda,2021-10-21T20:51:36Z
541445,umkhaza,und,"","",South African National Biodiversity Institute. 2021. Botanical Database of Southern Africa (BODATSA) [offline dataset]. http://newposa.sanbi.org [Note that these data are not available at this URL as of 2021],Xhosa,Ken-ichi Ueda,2021-10-21T20:51:36Z
541445,umtenatene,und,"","",South African National Biodiversity Institute. 2021. Botanical Database of Southern Africa (BODATSA) [offline dataset]. http://newposa.sanbi.org [Note that these data are not available at this URL as of 2021],Xhosa,Ken-ichi Ueda,2021-10-21T20:51:36Z
430958,umsengathi,und,"","",South African National Biodiversity Institute. 2021. Botanical Database of Southern Africa (BODATSA) [offline dataset]. http://newposa.sanbi.org [Note that these data are not available at this URL as of 2021],Xhosa,Ken-ichi Ueda,2021-10-21T20:51:37Z
584108,ityibo,und,"","",South African National Biodiversity Institute. 2021. Botanical Database of Southern Africa (BODATSA) [offline dataset]. http://newposa.sanbi.org [Note that these data are not available at this URL as of 2021],Xhosa,Ken-ichi Ueda,2021-10-21T20:51:37Z
584113,umnyezana,und,"","",South African National Biodiversity Institute. 2021. Botanical Database of Southern Africa (BODATSA) [offline dataset]. http://newposa.sanbi.org [Note that these data are not available at this URL as of 2021],Xhosa,Ken-ichi Ueda,2021-10-21T20:51:37Z
584113,umqaqoba,und,"","",South African National Biodiversity Institute. 2021. Botanical Database of Southern Africa (BODATSA) [offline dataset]. http://newposa.sanbi.org [Note that these data are not available at this URL as of 2021],Xhosa,Ken-ichi Ueda,2021-10-21T20:51:37Z
132590,ikholokotho,und,"","",South African National Biodiversity Institute. 2021. Botanical Database of Southern Africa (BODATSA) [offline dataset]. http://newposa.sanbi.org [Note that these data are not available at this URL as of 2021],Xhosa,Ken-ichi Ueda,2021-10-21T20:51:38Z
340301,umgudlamfene,und,"","",South African National Biodiversity Institute. 2021. Botanical Database of Southern Africa (BODATSA) [offline dataset]. http://newposa.sanbi.org [Note that these data are not available at this URL as of 2021],Xhosa,Ken-ichi Ueda,2021-10-21T20:51:38Z
340301,umhlagela,und,"","",South African National Biodiversity Institute. 2021. Botanical Database of Southern Africa (BODATSA) [offline dataset]. http://newposa.sanbi.org [Note that these data are not available at this URL as of 2021],Xhosa,Ken-ichi Ueda,2021-10-21T20:51:38Z
340301,umhlakele,und,"","",South African National Biodiversity Institute. 2021. Botanical Database of Southern Africa (BODATSA) [offline dataset]. http://newposa.sanbi.org [Note that these data are not available at this URL as of 2021],Xhosa,Ken-ichi Ueda,2021-10-21T20:51:39Z
340301,umnqungqute,und,"","",South African National Biodiversity Institute. 2021. Botanical Database of Southern Africa (BODATSA) [offline dataset]. http://newposa.sanbi.org [Note that these data are not available at this URL as of 2021],Xhosa,Ken-ichi Ueda,2021-10-21T20:51:39Z
132959,idwesa,und,"","",South African National Biodiversity Institute. 2021. Botanical Database of Southern Africa (BODATSA) [offline dataset]. http://newposa.sanbi.org [Note that these data are not available at this URL as of 2021],Xhosa,Ken-ichi Ueda,2021-10-21T20:51:39Z
132959,umhlakela,und,"","",South African National Biodiversity Institute. 2021. Botanical Database of Southern Africa (BODATSA) [offline dataset]. http://newposa.sanbi.org [Note that these data are not available at this URL as of 2021],Xhosa,Ken-ichi Ueda,2021-10-21T20:51:40Z
588188,ihlwehlwe,und,"","",South African National Biodiversity Institute. 2021. Botanical Database of Southern Africa (BODATSA) [offline dataset]. http://newposa.sanbi.org [Note that these data are not available at this URL as of 2021],Xhosa,Ken-ichi Ueda,2021-10-21T20:51:40Z
588188,isepheka,und,"","",South African National Biodiversity Institute. 2021. Botanical Database of Southern Africa (BODATSA) [offline dataset]. http://newposa.sanbi.org [Note that these data are not available at this URL as of 2021],Xhosa,Ken-ichi Ueda,2021-10-21T20:51:40Z
588188,isibiko,und,"","",South African National Biodiversity Institute. 2021. Botanical Database of Southern Africa (BODATSA) [offline dataset]. http://newposa.sanbi.org [Note that these data are not available at this URL as of 2021],Xhosa,Ken-ichi Ueda,2021-10-21T20:51:41Z
584363,ibotshane,und,"","",South African National Biodiversity Institute. 2021. Botanical Database of Southern Africa (BODATSA) [offline dataset]. http://newposa.sanbi.org [Note that these data are not available at this URL as of 2021],Xhosa,Ken-ichi Ueda,2021-10-21T20:51:41Z
584363,inqobogobana,und,"","",South African National Biodiversity Institute. 2021. Botanical Database of Southern Africa (BODATSA) [offline dataset]. http://newposa.sanbi.org [Note that these data are not available at this URL as of 2021],Xhosa,Ken-ichi Ueda,2021-10-21T20:51:41Z
584363,umhlele,und,"","",South African National Biodiversity Institute. 2021. Botanical Database of Southern Africa (BODATSA) [offline dataset]. http://newposa.sanbi.org [Note that these data are not available at this URL as of 2021],Xhosa,Ken-ichi Ueda,2021-10-21T20:51:42Z
598819,Umhleli,und,"","",South African National Biodiversity Institute. 2021. Botanical Database of Southern Africa (BODATSA) [offline dataset]. http://newposa.sanbi.org [Note that these data are not available at this URL as of 2021],Xhosa,Ken-ichi Ueda,2021-10-21T20:51:42Z
506952,umGwenya-wezinja,und,"","",South African National Biodiversity Institute. 2021. Botanical Database of Southern Africa (BODATSA) [offline dataset]. http://newposa.sanbi.org [Note that these data are not available at this URL as of 2021],Xhosa,Ken-ichi Ueda,2021-10-21T20:51:42Z
506952,umgwenye wezinya,und,"","",South African National Biodiversity Institute. 2021. Botanical Database of Southern Africa (BODATSA) [offline dataset]. http://newposa.sanbi.org [Note that these data are not available at this URL as of 2021],Xhosa,Ken-ichi Ueda,2021-10-21T20:51:42Z
506952,umGwenye-wezinja,und,"","",South African National Biodiversity Institute. 2021. Botanical Database of Southern Africa (BODATSA) [offline dataset]. http://newposa.sanbi.org [Note that these data are not available at this URL as of 2021],Xhosa,Ken-ichi Ueda,2021-10-21T20:51:43Z
506952,umGwenyezinja,und,"","",South African National Biodiversity Institute. 2021. Botanical Database of Southern Africa (BODATSA) [offline dataset]. http://newposa.sanbi.org [Note that these data are not available at this URL as of 2021],Xhosa,Ken-ichi Ueda,2021-10-21T20:51:43Z
506952,umGwenyuizinja,und,"","",South African National Biodiversity Institute. 2021. Botanical Database of Southern Africa (BODATSA) [offline dataset]. http://newposa.sanbi.org [Note that these data are not available at this URL as of 2021],Xhosa,Ken-ichi Ueda,2021-10-21T20:51:43Z
506952,umGwenyuizinya,und,"","",South African National Biodiversity Institute. 2021. Botanical Database of Southern Africa (BODATSA) [offline dataset]. http://newposa.sanbi.org [Note that these data are not available at this URL as of 2021],Xhosa,Ken-ichi Ueda,2021-10-21T20:51:44Z
506952,unGwenye wezinja,und,"","",South African National Biodiversity Institute. 2021. Botanical Database of Southern Africa (BODATSA) [offline dataset]. http://newposa.sanbi.org [Note that these data are not available at this URL as of 2021],Xhosa,Ken-ichi Ueda,2021-10-21T20:51:44Z
506952,wesinja,und,"","",South African National Biodiversity Institute. 2021. Botanical Database of Southern Africa (BODATSA) [offline dataset]. http://newposa.sanbi.org [Note that these data are not available at this URL as of 2021],Xhosa,Ken-ichi Ueda,2021-10-21T20:51:44Z
557692,umbimvane,und,"","",South African National Biodiversity Institute. 2021. Botanical Database of Southern Africa (BODATSA) [offline dataset]. http://newposa.sanbi.org [Note that these data are not available at this URL as of 2021],Xhosa,Ken-ichi Ueda,2021-10-21T20:51:45Z
557692,umbomvane,und,"","",South African National Biodiversity Institute. 2021. Botanical Database of Southern Africa (BODATSA) [offline dataset]. http://newposa.sanbi.org [Note that these data are not available at this URL as of 2021],Xhosa,Ken-ichi Ueda,2021-10-21T20:51:45Z
557692,umBovana,und,"","",South African National Biodiversity Institute. 2021. Botanical Database of Southern Africa (BODATSA) [offline dataset]. http://newposa.sanbi.org [Note that these data are not available at this URL as of 2021],Xhosa,Ken-ichi Ueda,2021-10-21T20:51:45Z
557692,umBovane,und,"","",South African National Biodiversity Institute. 2021. Botanical Database of Southern Africa (BODATSA) [offline dataset]. http://newposa.sanbi.org [Note that these data are not available at this URL as of 2021],Xhosa,Ken-ichi Ueda,2021-10-21T20:51:46Z
557692,ummakhankatha,und,"","",South African National Biodiversity Institute. 2021. Botanical Database of Southern Africa (BODATSA) [offline dataset]. http://newposa.sanbi.org [Note that these data are not available at this URL as of 2021],Xhosa,Ken-ichi Ueda,2021-10-21T20:51:46Z
584389,ummaqundeni,und,"","",South African National Biodiversity Institute. 2021. Botanical Database of Southern Africa (BODATSA) [offline dataset]. http://newposa.sanbi.org [Note that these data are not available at this URL as of 2021],Xhosa,Ken-ichi Ueda,2021-10-21T20:51:46Z
584389,umthunyalele,und,"","",South African National Biodiversity Institute. 2021. Botanical Database of Southern Africa (BODATSA) [offline dataset]. http://newposa.sanbi.org [Note that these data are not available at this URL as of 2021],Xhosa,Ken-ichi Ueda,2021-10-21T20:51:47Z
584477,isiceza,und,"","",South African National Biodiversity Institute. 2021. Botanical Database of Southern Africa (BODATSA) [offline dataset]. http://newposa.sanbi.org [Note that these data are not available at this URL as of 2021],Xhosa,Ken-ichi Ueda,2021-10-21T20:51:48Z
584479,isigila-mtonjane,und,"","",South African National Biodiversity Institute. 2021. Botanical Database of Southern Africa (BODATSA) [offline dataset]. http://newposa.sanbi.org [Note that these data are not available at this URL as of 2021],Xhosa,Ken-ichi Ueda,2021-10-21T20:51:48Z
584481,umdlesa,und,"","",South African National Biodiversity Institute. 2021. Botanical Database of Southern Africa (BODATSA) [offline dataset]. http://newposa.sanbi.org [Note that these data are not available at this URL as of 2021],Xhosa,Ken-ichi Ueda,2021-10-21T20:51:48Z
136096,isundu,und,"","",South African National Biodiversity Institute. 2021. Botanical Database of Southern Africa (BODATSA) [offline dataset]. http://newposa.sanbi.org [Note that these data are not available at this URL as of 2021],Xhosa,Ken-ichi Ueda,2021-10-21T20:51:49Z
136096,umGuza,und,"","",South African National Biodiversity Institute. 2021. Botanical Database of Southern Africa (BODATSA) [offline dataset]. http://newposa.sanbi.org [Note that these data are not available at this URL as of 2021],Xhosa,Ken-ichi Ueda,2021-10-21T20:51:49Z
136096,umPhanga,und,"","",South African National Biodiversity Institute. 2021. Botanical Database of Southern Africa (BODATSA) [offline dataset]. http://newposa.sanbi.org [Note that these data are not available at this URL as of 2021],Xhosa,Ken-ichi Ueda,2021-10-21T20:51:49Z
136114,umguza,und,"","",South African National Biodiversity Institute. 2021. Botanical Database of Southern Africa (BODATSA) [offline dataset]. http://newposa.sanbi.org [Note that these data are not available at this URL as of 2021],Xhosa,Ken-ichi Ueda,2021-10-21T20:51:49Z
136114,umphanga,und,"","",South African National Biodiversity Institute. 2021. Botanical Database of Southern Africa (BODATSA) [offline dataset]. http://newposa.sanbi.org [Note that these data are not available at this URL as of 2021],Xhosa,Ken-ichi Ueda,2021-10-21T20:51:50Z
136112,isiDawu,und,"","",South African National Biodiversity Institute. 2021. Botanical Database of Southern Africa (BODATSA) [offline dataset]. http://newposa.sanbi.org [Note that these data are not available at this URL as of 2021],Xhosa,Ken-ichi Ueda,2021-10-21T20:51:50Z
135968,umgusa,und,"","",South African National Biodiversity Institute. 2021. Botanical Database of Southern Africa (BODATSA) [offline dataset]. http://newposa.sanbi.org [Note that these data are not available at this URL as of 2021],Xhosa,Ken-ichi Ueda,2021-10-21T20:51:50Z
584492,uluzi,und,"","",South African National Biodiversity Institute. 2021. Botanical Database of Southern Africa (BODATSA) [offline dataset]. http://newposa.sanbi.org [Note that these data are not available at this URL as of 2021],Xhosa,Ken-ichi Ueda,2021-10-21T20:51:51Z
570462,umhloza,und,"","",South African National Biodiversity Institute. 2021. Botanical Database of Southern Africa (BODATSA) [offline dataset]. http://newposa.sanbi.org [Note that these data are not available at this URL as of 2021],Xhosa,Ken-ichi Ueda,2021-10-21T20:51:51Z
143536,ithunga,und,"","",South African National Biodiversity Institute. 2021. Botanical Database of Southern Africa (BODATSA) [offline dataset]. http://newposa.sanbi.org [Note that these data are not available at this URL as of 2021],Xhosa,Ken-ichi Ueda,2021-10-21T20:51:51Z
143536,umthongwane,und,"","",South African National Biodiversity Institute. 2021. Botanical Database of Southern Africa (BODATSA) [offline dataset]. http://newposa.sanbi.org [Note that these data are not available at this URL as of 2021],Xhosa,Ken-ichi Ueda,2021-10-21T20:51:52Z
584623,idumba,und,"","",South African National Biodiversity Institute. 2021. Botanical Database of Southern Africa (BODATSA) [offline dataset]. http://newposa.sanbi.org [Note that these data are not available at this URL as of 2021],Xhosa,Ken-ichi Ueda,2021-10-21T20:51:52Z
427617,umsintsane,und,"","",South African National Biodiversity Institute. 2021. Botanical Database of Southern Africa (BODATSA) [offline dataset]. http://newposa.sanbi.org [Note that these data are not available at this URL as of 2021],Xhosa,Ken-ichi Ueda,2021-10-21T20:51:52Z
427617,utambuki,und,"","",South African National Biodiversity Institute. 2021. Botanical Database of Southern Africa (BODATSA) [offline dataset]. http://newposa.sanbi.org [Note that these data are not available at this URL as of 2021],Xhosa,Ken-ichi Ueda,2021-10-21T20:51:53Z
139165,umgqwane,und,"","",South African National Biodiversity Institute. 2021. Botanical Database of Southern Africa (BODATSA) [offline dataset]. http://newposa.sanbi.org [Note that these data are not available at this URL as of 2021],Xhosa,Ken-ichi Ueda,2021-10-21T20:51:53Z
139165,umnqwane,und,"","",South African National Biodiversity Institute. 2021. Botanical Database of Southern Africa (BODATSA) [offline dataset]. http://newposa.sanbi.org [Note that these data are not available at this URL as of 2021],Xhosa,Ken-ichi Ueda,2021-10-21T20:51:53Z
119673,umkloka,und,"","",South African National Biodiversity Institute. 2021. Botanical Database of Southern Africa (BODATSA) [offline dataset]. http://newposa.sanbi.org [Note that these data are not available at this URL as of 2021],Xhosa,Ken-ichi Ueda,2021-10-21T20:51:54Z
119673,umsintsana,und,"","",South African National Biodiversity Institute. 2021. Botanical Database of Southern Africa (BODATSA) [offline dataset]. http://newposa.sanbi.org [Note that these data are not available at this URL as of 2021],Xhosa,Ken-ichi Ueda,2021-10-21T20:51:54Z
340139,itamani,und,"","",South African National Biodiversity Institute. 2021. Botanical Database of Southern Africa (BODATSA) [offline dataset]. http://newposa.sanbi.org [Note that these data are not available at this URL as of 2021],Xhosa,Ken-ichi Ueda,2021-10-21T20:51:54Z
340139,ugqadantsube,und,"","",South African National Biodiversity Institute. 2021. Botanical Database of Southern Africa (BODATSA) [offline dataset]. http://newposa.sanbi.org [Note that these data are not available at this URL as of 2021],Xhosa,Ken-ichi Ueda,2021-10-21T20:51:55Z
340139,utimani,und,"","",South African National Biodiversity Institute. 2021. Botanical Database of Southern Africa (BODATSA) [offline dataset]. http://newposa.sanbi.org [Note that these data are not available at this URL as of 2021],Xhosa,Ken-ichi Ueda,2021-10-21T20:51:55Z
585484,intozani,und,"","",South African National Biodiversity Institute. 2021. Botanical Database of Southern Africa (BODATSA) [offline dataset]. http://newposa.sanbi.org [Note that these data are not available at this URL as of 2021],Xhosa,Ken-ichi Ueda,2021-10-21T20:51:55Z
585484,umgcamache,und,"","",South African National Biodiversity Institute. 2021. Botanical Database of Southern Africa (BODATSA) [offline dataset]. http://newposa.sanbi.org [Note that these data are not available at this URL as of 2021],Xhosa,Ken-ichi Ueda,2021-10-21T20:51:56Z
585484,umndwibi,und,"","",South African National Biodiversity Institute. 2021. Botanical Database of Southern Africa (BODATSA) [offline dataset]. http://newposa.sanbi.org [Note that these data are not available at this URL as of 2021],Xhosa,Ken-ichi Ueda,2021-10-21T20:51:56Z
599235,umhlungu,und,"","",South African National Biodiversity Institute. 2021. Botanical Database of Southern Africa (BODATSA) [offline dataset]. http://newposa.sanbi.org [Note that these data are not available at this URL as of 2021],Xhosa,Ken-ichi Ueda,2021-10-21T20:51:56Z
599235,umtshekisane,und,"","",South African National Biodiversity Institute. 2021. Botanical Database of Southern Africa (BODATSA) [offline dataset]. http://newposa.sanbi.org [Note that these data are not available at this URL as of 2021],Xhosa,Ken-ichi Ueda,2021-10-21T20:51:57Z
585514,umkaza,und,"","",South African National Biodiversity Institute. 2021. Botanical Database of Southern Africa (BODATSA) [offline dataset]. http://newposa.sanbi.org [Note that these data are not available at this URL as of 2021],Xhosa,Ken-ichi Ueda,2021-10-21T20:51:57Z
430991,umkhasa,und,"","",South African National Biodiversity Institute. 2021. Botanical Database of Southern Africa (BODATSA) [offline dataset]. http://newposa.sanbi.org [Note that these data are not available at this URL as of 2021],Xhosa,Ken-ichi Ueda,2021-10-21T20:51:57Z
599238,idungampunzi,und,"","",South African National Biodiversity Institute. 2021. Botanical Database of Southern Africa (BODATSA) [offline dataset]. http://newposa.sanbi.org [Note that these data are not available at this URL as of 2021],Xhosa,Ken-ichi Ueda,2021-10-21T20:51:58Z
430992,ubuhlungu becanti,und,"","",South African National Biodiversity Institute. 2021. Botanical Database of Southern Africa (BODATSA) [offline dataset]. http://newposa.sanbi.org [Note that these data are not available at this URL as of 2021],Xhosa,Ken-ichi Ueda,2021-10-21T20:51:58Z
401783,ubuhlungu-becanti,und,"","",South African National Biodiversity Institute. 2021. Botanical Database of Southern Africa (BODATSA) [offline dataset]. http://newposa.sanbi.org [Note that these data are not available at this URL as of 2021],Xhosa,Ken-ichi Ueda,2021-10-21T20:51:58Z
599255,umbelwana,und,"","",South African National Biodiversity Institute. 2021. Botanical Database of Southern Africa (BODATSA) [offline dataset]. http://newposa.sanbi.org [Note that these data are not available at this URL as of 2021],Xhosa,Ken-ichi Ueda,2021-10-21T20:51:59Z
599255,umpofana,und,"","",South African National Biodiversity Institute. 2021. Botanical Database of Southern Africa (BODATSA) [offline dataset]. http://newposa.sanbi.org [Note that these data are not available at this URL as of 2021],Xhosa,Ken-ichi Ueda,2021-10-21T20:51:59Z
599255,umtsheka,und,"","",South African National Biodiversity Institute. 2021. Botanical Database of Southern Africa (BODATSA) [offline dataset]. http://newposa.sanbi.org [Note that these data are not available at this URL as of 2021],Xhosa,Ken-ichi Ueda,2021-10-21T20:51:59Z
192150,ilijambi,und,"","",South African National Biodiversity Institute. 2021. Botanical Database of Southern Africa (BODATSA) [offline dataset]. http://newposa.sanbi.org [Note that these data are not available at this URL as of 2021],Xhosa,Ken-ichi Ueda,2021-10-21T20:52:00Z
192150,isiduli sehlathi,und,"","",South African National Biodiversity Institute. 2021. Botanical Database of Southern Africa (BODATSA) [offline dataset]. http://newposa.sanbi.org [Note that these data are not available at this URL as of 2021],Xhosa,Ken-ichi Ueda,2021-10-21T20:52:00Z
564122,insema,und,"","",South African National Biodiversity Institute. 2021. Botanical Database of Southern Africa (BODATSA) [offline dataset]. http://newposa.sanbi.org [Note that these data are not available at this URL as of 2021],Xhosa,Ken-ichi Ueda,2021-10-21T20:52:00Z
564122,intsele,und,"","",South African National Biodiversity Institute. 2021. Botanical Database of Southern Africa (BODATSA) [offline dataset]. http://newposa.sanbi.org [Note that these data are not available at this URL as of 2021],Xhosa,Ken-ichi Ueda,2021-10-21T20:52:00Z
338321,umHlonhlo,und,"","",South African National Biodiversity Institute. 2021. Botanical Database of Southern Africa (BODATSA) [offline dataset]. http://newposa.sanbi.org [Note that these data are not available at this URL as of 2021],Xhosa,Ken-ichi Ueda,2021-10-21T20:52:01Z
338321,umhlonthlo,und,"","",South African National Biodiversity Institute. 2021. Botanical Database of Southern Africa (BODATSA) [offline dataset]. http://newposa.sanbi.org [Note that these data are not available at this URL as of 2021],Xhosa,Ken-ichi Ueda,2021-10-21T20:52:01Z
585736,umsola,und,"","",South African National Biodiversity Institute. 2021. Botanical Database of Southern Africa (BODATSA) [offline dataset]. http://newposa.sanbi.org [Note that these data are not available at this URL as of 2021],Xhosa,Ken-ichi Ueda,2021-10-21T20:52:02Z
183411,Magulugulu,und,"","",South African National Biodiversity Institute. 2021. Botanical Database of Southern Africa (BODATSA) [offline dataset]. http://newposa.sanbi.org [Note that these data are not available at this URL as of 2021],Xhosa,Ken-ichi Ueda,2021-10-21T20:52:02Z
183411,Monengenenge,und,"","",South African National Biodiversity Institute. 2021. Botanical Database of Southern Africa (BODATSA) [offline dataset]. http://newposa.sanbi.org [Note that these data are not available at this URL as of 2021],Xhosa,Ken-ichi Ueda,2021-10-21T20:52:02Z
183411,Sicalaba,und,"","",South African National Biodiversity Institute. 2021. Botanical Database of Southern Africa (BODATSA) [offline dataset]. http://newposa.sanbi.org [Note that these data are not available at this URL as of 2021],Xhosa,Ken-ichi Ueda,2021-10-21T20:52:03Z
192380,cubalatole,und,"","",South African National Biodiversity Institute. 2021. Botanical Database of Southern Africa (BODATSA) [offline dataset]. http://newposa.sanbi.org [Note that these data are not available at this URL as of 2021],Xhosa,Ken-ichi Ueda,2021-10-21T20:52:03Z
192380,cubalotale,und,"","",South African National Biodiversity Institute. 2021. Botanical Database of Southern Africa (BODATSA) [offline dataset]. http://newposa.sanbi.org [Note that these data are not available at this URL as of 2021],Xhosa,Ken-ichi Ueda,2021-10-21T20:52:03Z
192380,icuba lethole,und,"","",South African National Biodiversity Institute. 2021. Botanical Database of Southern Africa (BODATSA) [offline dataset]. http://newposa.sanbi.org [Note that these data are not available at this URL as of 2021],Xhosa,Ken-ichi Ueda,2021-10-21T20:52:04Z
192380,inKhumbane,und,"","",South African National Biodiversity Institute. 2021. Botanical Database of Southern Africa (BODATSA) [offline dataset]. http://newposa.sanbi.org [Note that these data are not available at this URL as of 2021],Xhosa,Ken-ichi Ueda,2021-10-21T20:52:04Z
192380,isafa,und,"","",South African National Biodiversity Institute. 2021. Botanical Database of Southern Africa (BODATSA) [offline dataset]. http://newposa.sanbi.org [Note that these data are not available at this URL as of 2021],Xhosa,Ken-ichi Ueda,2021-10-21T20:52:04Z
192380,isafo,und,"","",South African National Biodiversity Institute. 2021. Botanical Database of Southern Africa (BODATSA) [offline dataset]. http://newposa.sanbi.org [Note that these data are not available at this URL as of 2021],Xhosa,Ken-ichi Ueda,2021-10-21T20:52:04Z
192380,isafu,und,"","",South African National Biodiversity Institute. 2021. Botanical Database of Southern Africa (BODATSA) [offline dataset]. http://newposa.sanbi.org [Note that these data are not available at this URL as of 2021],Xhosa,Ken-ichi Ueda,2021-10-21T20:52:05Z
192380,isefi,und,"","",South African National Biodiversity Institute. 2021. Botanical Database of Southern Africa (BODATSA) [offline dataset]. http://newposa.sanbi.org [Note that these data are not available at this URL as of 2021],Xhosa,Ken-ichi Ueda,2021-10-21T20:52:05Z
192380,isefo,und,"","",South African National Biodiversity Institute. 2021. Botanical Database of Southern Africa (BODATSA) [offline dataset]. http://newposa.sanbi.org [Note that these data are not available at this URL as of 2021],Xhosa,Ken-ichi Ueda,2021-10-21T20:52:06Z
192380,isiqwane,und,"","",South African National Biodiversity Institute. 2021. Botanical Database of Southern Africa (BODATSA) [offline dataset]. http://newposa.sanbi.org [Note that these data are not available at this URL as of 2021],Xhosa,Ken-ichi Ueda,2021-10-21T20:52:06Z
192380,isiSefo,und,"","",South African National Biodiversity Institute. 2021. Botanical Database of Southern Africa (BODATSA) [offline dataset]. http://newposa.sanbi.org [Note that these data are not available at this URL as of 2021],Xhosa,Ken-ichi Ueda,2021-10-21T20:52:06Z
192380,safo,und,"","",South African National Biodiversity Institute. 2021. Botanical Database of Southern Africa (BODATSA) [offline dataset]. http://newposa.sanbi.org [Note that these data are not available at this URL as of 2021],Xhosa,Ken-ichi Ueda,2021-10-21T20:52:07Z
192380,tato,und,"","",South African National Biodiversity Institute. 2021. Botanical Database of Southern Africa (BODATSA) [offline dataset]. http://newposa.sanbi.org [Note that these data are not available at this URL as of 2021],Xhosa,Ken-ichi Ueda,2021-10-21T20:52:07Z
192380,umKhubane,und,"","",South African National Biodiversity Institute. 2021. Botanical Database of Southern Africa (BODATSA) [offline dataset]. http://newposa.sanbi.org [Note that these data are not available at this URL as of 2021],Xhosa,Ken-ichi Ueda,2021-10-21T20:52:07Z
585801,Mogwapi,und,"","",South African National Biodiversity Institute. 2021. Botanical Database of Southern Africa (BODATSA) [offline dataset]. http://newposa.sanbi.org [Note that these data are not available at this URL as of 2021],Xhosa,Ken-ichi Ueda,2021-10-21T20:52:08Z
585801,mugarahungwe,und,"","",South African National Biodiversity Institute. 2021. Botanical Database of Southern Africa (BODATSA) [offline dataset]. http://newposa.sanbi.org [Note that these data are not available at this URL as of 2021],Xhosa,Ken-ichi Ueda,2021-10-21T20:52:08Z
585801,mugarohorwe,und,"","",South African National Biodiversity Institute. 2021. Botanical Database of Southern Africa (BODATSA) [offline dataset]. http://newposa.sanbi.org [Note that these data are not available at this URL as of 2021],Xhosa,Ken-ichi Ueda,2021-10-21T20:52:08Z
585801,munhanganza,und,"","",South African National Biodiversity Institute. 2021. Botanical Database of Southern Africa (BODATSA) [offline dataset]. http://newposa.sanbi.org [Note that these data are not available at this URL as of 2021],Xhosa,Ken-ichi Ueda,2021-10-21T20:52:08Z
585801,muzhenje,und,"","",South African National Biodiversity Institute. 2021. Botanical Database of Southern Africa (BODATSA) [offline dataset]. http://newposa.sanbi.org [Note that these data are not available at this URL as of 2021],Xhosa,Ken-ichi Ueda,2021-10-21T20:52:09Z
585801,Segwapi,und,"","",South African National Biodiversity Institute. 2021. Botanical Database of Southern Africa (BODATSA) [offline dataset]. http://newposa.sanbi.org [Note that these data are not available at this URL as of 2021],Xhosa,Ken-ichi Ueda,2021-10-21T20:52:09Z
585801,umdwadwa,und,"","",South African National Biodiversity Institute. 2021. Botanical Database of Southern Africa (BODATSA) [offline dataset]. http://newposa.sanbi.org [Note that these data are not available at this URL as of 2021],Xhosa,Ken-ichi Ueda,2021-10-21T20:52:09Z
428367,incuba lethole,und,"","",South African National Biodiversity Institute. 2021. Botanical Database of Southern Africa (BODATSA) [offline dataset]. http://newposa.sanbi.org [Note that these data are not available at this URL as of 2021],Xhosa,Ken-ichi Ueda,2021-10-21T20:52:10Z
428367,isiQalaba,und,"","",South African National Biodiversity Institute. 2021. Botanical Database of Southern Africa (BODATSA) [offline dataset]. http://newposa.sanbi.org [Note that these data are not available at this URL as of 2021],Xhosa,Ken-ichi Ueda,2021-10-21T20:52:10Z
428367,Mofufu,und,"","",South African National Biodiversity Institute. 2021. Botanical Database of Southern Africa (BODATSA) [offline dataset]. http://newposa.sanbi.org [Note that these data are not available at this URL as of 2021],Xhosa,Ken-ichi Ueda,2021-10-21T20:52:10Z
428367,Mohlako,und,"","",South African National Biodiversity Institute. 2021. Botanical Database of Southern Africa (BODATSA) [offline dataset]. http://newposa.sanbi.org [Note that these data are not available at this URL as of 2021],Xhosa,Ken-ichi Ueda,2021-10-21T20:52:11Z
428367,Mongena,und,"","",South African National Biodiversity Institute. 2021. Botanical Database of Southern Africa (BODATSA) [offline dataset]. http://newposa.sanbi.org [Note that these data are not available at this URL as of 2021],Xhosa,Ken-ichi Ueda,2021-10-21T20:52:11Z
428367,Monyena,und,"","",South African National Biodiversity Institute. 2021. Botanical Database of Southern Africa (BODATSA) [offline dataset]. http://newposa.sanbi.org [Note that these data are not available at this URL as of 2021],Xhosa,Ken-ichi Ueda,2021-10-21T20:52:11Z
428367,mugarahorwe,und,"","",South African National Biodiversity Institute. 2021. Botanical Database of Southern Africa (BODATSA) [offline dataset]. http://newposa.sanbi.org [Note that these data are not available at this URL as of 2021],Xhosa,Ken-ichi Ueda,2021-10-21T20:52:12Z
428367,munyanganza,und,"","",South African National Biodiversity Institute. 2021. Botanical Database of Southern Africa (BODATSA) [offline dataset]. http://newposa.sanbi.org [Note that these data are not available at this URL as of 2021],Xhosa,Ken-ichi Ueda,2021-10-21T20:52:12Z
428367,muTango,und,"","",South African National Biodiversity Institute. 2021. Botanical Database of Southern Africa (BODATSA) [offline dataset]. http://newposa.sanbi.org [Note that these data are not available at this URL as of 2021],Xhosa,Ken-ichi Ueda,2021-10-21T20:52:12Z
428367,N'wamidzumba,und,"","",South African National Biodiversity Institute. 2021. Botanical Database of Southern Africa (BODATSA) [offline dataset]. http://newposa.sanbi.org [Note that these data are not available at this URL as of 2021],Xhosa,Ken-ichi Ueda,2021-10-21T20:52:13Z
428367,Siqalaba,und,"","",South African National Biodiversity Institute. 2021. Botanical Database of Southern Africa (BODATSA) [offline dataset]. http://newposa.sanbi.org [Note that these data are not available at this URL as of 2021],Xhosa,Ken-ichi Ueda,2021-10-21T20:52:13Z
428367,umCalathole,und,"","",South African National Biodiversity Institute. 2021. Botanical Database of Southern Africa (BODATSA) [offline dataset]. http://newposa.sanbi.org [Note that these data are not available at this URL as of 2021],Xhosa,Ken-ichi Ueda,2021-10-21T20:52:13Z
192394,umkovoti,und,"","",South African National Biodiversity Institute. 2021. Botanical Database of Southern Africa (BODATSA) [offline dataset]. http://newposa.sanbi.org [Note that these data are not available at this URL as of 2021],Xhosa,Ken-ichi Ueda,2021-10-21T20:52:14Z
192394,umthombe,und,"","",South African National Biodiversity Institute. 2021. Botanical Database of Southern Africa (BODATSA) [offline dataset]. http://newposa.sanbi.org [Note that these data are not available at this URL as of 2021],Xhosa,Ken-ichi Ueda,2021-10-21T20:52:14Z
585957,umdendekwana,und,"","",South African National Biodiversity Institute. 2021. Botanical Database of Southern Africa (BODATSA) [offline dataset]. http://newposa.sanbi.org [Note that these data are not available at this URL as of 2021],Xhosa,Ken-ichi Ueda,2021-10-21T20:52:14Z
340123,amakhiwani,und,"","",South African National Biodiversity Institute. 2021. Botanical Database of Southern Africa (BODATSA) [offline dataset]. http://newposa.sanbi.org [Note that these data are not available at this URL as of 2021],Xhosa,Ken-ichi Ueda,2021-10-21T20:52:15Z
132586,umgwenyezinja,und,"","",South African National Biodiversity Institute. 2021. Botanical Database of Southern Africa (BODATSA) [offline dataset]. http://newposa.sanbi.org [Note that these data are not available at this URL as of 2021],Xhosa,Ken-ichi Ueda,2021-10-21T20:52:15Z
133182,mkwane,und,"","",South African National Biodiversity Institute. 2021. Botanical Database of Southern Africa (BODATSA) [offline dataset]. http://newposa.sanbi.org [Note that these data are not available at this URL as of 2021],Xhosa,Ken-ichi Ueda,2021-10-21T20:52:15Z
133182,umkwane,und,"","",South African National Biodiversity Institute. 2021. Botanical Database of Southern Africa (BODATSA) [offline dataset]. http://newposa.sanbi.org [Note that these data are not available at this URL as of 2021],Xhosa,Ken-ichi Ueda,2021-10-21T20:52:15Z
1038374,iqina,und,"","",South African National Biodiversity Institute. 2021. Botanical Database of Southern Africa (BODATSA) [offline dataset]. http://newposa.sanbi.org [Note that these data are not available at this URL as of 2021],Xhosa,Ken-ichi Ueda,2021-10-21T20:52:16Z
586123,isibinda,und,"","",South African National Biodiversity Institute. 2021. Botanical Database of Southern Africa (BODATSA) [offline dataset]. http://newposa.sanbi.org [Note that these data are not available at this URL as of 2021],Xhosa,Ken-ichi Ueda,2021-10-21T20:52:16Z
586123,isiKhwelamfene,und,"","",South African National Biodiversity Institute. 2021. Botanical Database of Southern Africa (BODATSA) [offline dataset]. http://newposa.sanbi.org [Note that these data are not available at this URL as of 2021],Xhosa,Ken-ichi Ueda,2021-10-21T20:52:16Z
586123,umbande,und,"","",South African National Biodiversity Institute. 2021. Botanical Database of Southern Africa (BODATSA) [offline dataset]. http://newposa.sanbi.org [Note that these data are not available at this URL as of 2021],Xhosa,Ken-ichi Ueda,2021-10-21T20:52:17Z
586123,umBindi,und,"","",South African National Biodiversity Institute. 2021. Botanical Database of Southern Africa (BODATSA) [offline dataset]. http://newposa.sanbi.org [Note that these data are not available at this URL as of 2021],Xhosa,Ken-ichi Ueda,2021-10-21T20:52:17Z
466979,isende,und,"","",South African National Biodiversity Institute. 2021. Botanical Database of Southern Africa (BODATSA) [offline dataset]. http://newposa.sanbi.org [Note that these data are not available at this URL as of 2021],Xhosa,Ken-ichi Ueda,2021-10-21T20:52:17Z
466979,umkancaza,und,"","",South African National Biodiversity Institute. 2021. Botanical Database of Southern Africa (BODATSA) [offline dataset]. http://newposa.sanbi.org [Note that these data are not available at this URL as of 2021],Xhosa,Ken-ichi Ueda,2021-10-21T20:52:18Z
466979,umkangaze,und,"","",South African National Biodiversity Institute. 2021. Botanical Database of Southern Africa (BODATSA) [offline dataset]. http://newposa.sanbi.org [Note that these data are not available at this URL as of 2021],Xhosa,Ken-ichi Ueda,2021-10-21T20:52:18Z
466979,umkhangazi,und,"","",South African National Biodiversity Institute. 2021. Botanical Database of Southern Africa (BODATSA) [offline dataset]. http://newposa.sanbi.org [Note that these data are not available at this URL as of 2021],Xhosa,Ken-ichi Ueda,2021-10-21T20:52:18Z
599429,intelezi-bubuwane,und,"","",South African National Biodiversity Institute. 2021. Botanical Database of Southern Africa (BODATSA) [offline dataset]. http://newposa.sanbi.org [Note that these data are not available at this URL as of 2021],Xhosa,Ken-ichi Ueda,2021-10-21T20:52:19Z
599429,intelezi-bululwane,und,"","",South African National Biodiversity Institute. 2021. Botanical Database of Southern Africa (BODATSA) [offline dataset]. http://newposa.sanbi.org [Note that these data are not available at this URL as of 2021],Xhosa,Ken-ichi Ueda,2021-10-21T20:52:19Z
119582,umkwinti,und,"","",South African National Biodiversity Institute. 2021. Botanical Database of Southern Africa (BODATSA) [offline dataset]. http://newposa.sanbi.org [Note that these data are not available at this URL as of 2021],Xhosa,Ken-ichi Ueda,2021-10-21T20:52:19Z
119581,isapokwe,und,"","",South African National Biodiversity Institute. 2021. Botanical Database of Southern Africa (BODATSA) [offline dataset]. http://newposa.sanbi.org [Note that these data are not available at this URL as of 2021],Xhosa,Ken-ichi Ueda,2021-10-21T20:52:20Z
586206,ubendle,und,"","",South African National Biodiversity Institute. 2021. Botanical Database of Southern Africa (BODATSA) [offline dataset]. http://newposa.sanbi.org [Note that these data are not available at this URL as of 2021],Xhosa,Ken-ichi Ueda,2021-10-21T20:52:20Z
473244,ubulawu,und,"","",South African National Biodiversity Institute. 2021. Botanical Database of Southern Africa (BODATSA) [offline dataset]. http://newposa.sanbi.org [Note that these data are not available at this URL as of 2021],Xhosa,Ken-ichi Ueda,2021-10-21T20:52:20Z
473244,umqwashu,und,"","",South African National Biodiversity Institute. 2021. Botanical Database of Southern Africa (BODATSA) [offline dataset]. http://newposa.sanbi.org [Note that these data are not available at this URL as of 2021],Xhosa,Ken-ichi Ueda,2021-10-21T20:52:20Z
569500,isepha kanonkala,und,"","",South African National Biodiversity Institute. 2021. Botanical Database of Southern Africa (BODATSA) [offline dataset]. http://newposa.sanbi.org [Note that these data are not available at this URL as of 2021],Xhosa,Ken-ichi Ueda,2021-10-21T20:52:21Z
586622,igala-gala,und,"","",South African National Biodiversity Institute. 2021. Botanical Database of Southern Africa (BODATSA) [offline dataset]. http://newposa.sanbi.org [Note that these data are not available at this URL as of 2021],Xhosa,Ken-ichi Ueda,2021-10-21T20:52:21Z
77302,Ha'iki,und,"","",South African National Biodiversity Institute. 2021. Botanical Database of Southern Africa (BODATSA) [offline dataset]. http://newposa.sanbi.org [Note that these data are not available at this URL as of 2021],Xhosa,Ken-ichi Ueda,2021-10-21T20:52:21Z
77302,He-oka,und,"","",South African National Biodiversity Institute. 2021. Botanical Database of Southern Africa (BODATSA) [offline dataset]. http://newposa.sanbi.org [Note that these data are not available at this URL as of 2021],Xhosa,Ken-ichi Ueda,2021-10-21T20:52:22Z
77302,Ke'oke'o,und,"","",South African National Biodiversity Institute. 2021. Botanical Database of Southern Africa (BODATSA) [offline dataset]. http://newposa.sanbi.org [Note that these data are not available at this URL as of 2021],Xhosa,Ken-ichi Ueda,2021-10-21T20:52:22Z
77302,Oka-kilika,und,"","",South African National Biodiversity Institute. 2021. Botanical Database of Southern Africa (BODATSA) [offline dataset]. http://newposa.sanbi.org [Note that these data are not available at this URL as of 2021],Xhosa,Ken-ichi Ueda,2021-10-21T20:52:22Z
431073,uhlolo olukhulu,und,"","",South African National Biodiversity Institute. 2021. Botanical Database of Southern Africa (BODATSA) [offline dataset]. http://newposa.sanbi.org [Note that these data are not available at this URL as of 2021],Xhosa,Ken-ichi Ueda,2021-10-21T20:52:23Z
185512,umvilani-wamaxhegokazi,und,"","",South African National Biodiversity Institute. 2021. Botanical Database of Southern Africa (BODATSA) [offline dataset]. http://newposa.sanbi.org [Note that these data are not available at this URL as of 2021],Xhosa,Ken-ichi Ueda,2021-10-21T20:52:24Z
185512,usinya,und,"","",South African National Biodiversity Institute. 2021. Botanical Database of Southern Africa (BODATSA) [offline dataset]. http://newposa.sanbi.org [Note that these data are not available at this URL as of 2021],Xhosa,Ken-ichi Ueda,2021-10-21T20:52:24Z
185514,indalu,und,"","",South African National Biodiversity Institute. 2021. Botanical Database of Southern Africa (BODATSA) [offline dataset]. http://newposa.sanbi.org [Note that these data are not available at this URL as of 2021],Xhosa,Ken-ichi Ueda,2021-10-21T20:52:24Z
185514,usinga-lwamaxhegokazi,und,"","",South African National Biodiversity Institute. 2021. Botanical Database of Southern Africa (BODATSA) [offline dataset]. http://newposa.sanbi.org [Note that these data are not available at this URL as of 2021],Xhosa,Ken-ichi Ueda,2021-10-21T20:52:25Z
185514,umberebere,und,"","",South African National Biodiversity Institute. 2021. Botanical Database of Southern Africa (BODATSA) [offline dataset]. http://newposa.sanbi.org [Note that these data are not available at this URL as of 2021],Xhosa,Ken-ichi Ueda,2021-10-21T20:52:25Z
586652,ighobo,und,"","",South African National Biodiversity Institute. 2021. Botanical Database of Southern Africa (BODATSA) [offline dataset]. http://newposa.sanbi.org [Note that these data are not available at this URL as of 2021],Xhosa,Ken-ichi Ueda,2021-10-21T20:52:26Z
586652,iphuzi-lomlambo,und,"","",South African National Biodiversity Institute. 2021. Botanical Database of Southern Africa (BODATSA) [offline dataset]. http://newposa.sanbi.org [Note that these data are not available at this URL as of 2021],Xhosa,Ken-ichi Ueda,2021-10-21T20:52:26Z
586652,iPuzi lomlambo,und,"","",South African National Biodiversity Institute. 2021. Botanical Database of Southern Africa (BODATSA) [offline dataset]. http://newposa.sanbi.org [Note that these data are not available at this URL as of 2021],Xhosa,Ken-ichi Ueda,2021-10-21T20:52:26Z
586652,iqhobo,und,"","",South African National Biodiversity Institute. 2021. Botanical Database of Southern Africa (BODATSA) [offline dataset]. http://newposa.sanbi.org [Note that these data are not available at this URL as of 2021],Xhosa,Ken-ichi Ueda,2021-10-21T20:52:27Z
586652,lomlambo,und,"","",South African National Biodiversity Institute. 2021. Botanical Database of Southern Africa (BODATSA) [offline dataset]. http://newposa.sanbi.org [Note that these data are not available at this URL as of 2021],Xhosa,Ken-ichi Ueda,2021-10-21T20:52:27Z
586652,uxobo,und,"","",South African National Biodiversity Institute. 2021. Botanical Database of Southern Africa (BODATSA) [offline dataset]. http://newposa.sanbi.org [Note that these data are not available at this URL as of 2021],Xhosa,Ken-ichi Ueda,2021-10-21T20:52:27Z
586670,umhlangwe,und,"","",South African National Biodiversity Institute. 2021. Botanical Database of Southern Africa (BODATSA) [offline dataset]. http://newposa.sanbi.org [Note that these data are not available at this URL as of 2021],Xhosa,Ken-ichi Ueda,2021-10-21T20:52:28Z
586670,umhlongwe,und,"","",South African National Biodiversity Institute. 2021. Botanical Database of Southern Africa (BODATSA) [offline dataset]. http://newposa.sanbi.org [Note that these data are not available at this URL as of 2021],Xhosa,Ken-ichi Ueda,2021-10-21T20:52:28Z
586670,umquqoba,und,"","",South African National Biodiversity Institute. 2021. Botanical Database of Southern Africa (BODATSA) [offline dataset]. http://newposa.sanbi.org [Note that these data are not available at this URL as of 2021],Xhosa,Ken-ichi Ueda,2021-10-21T20:52:28Z
599503,ingqwangane,und,"","",South African National Biodiversity Institute. 2021. Botanical Database of Southern Africa (BODATSA) [offline dataset]. http://newposa.sanbi.org [Note that these data are not available at this URL as of 2021],Xhosa,Ken-ichi Ueda,2021-10-21T20:52:29Z
599503,ingqwangane yehlathi,und,"","",South African National Biodiversity Institute. 2021. Botanical Database of Southern Africa (BODATSA) [offline dataset]. http://newposa.sanbi.org [Note that these data are not available at this URL as of 2021],Xhosa,Ken-ichi Ueda,2021-10-21T20:52:29Z
586758,isikhali,und,"","",South African National Biodiversity Institute. 2021. Botanical Database of Southern Africa (BODATSA) [offline dataset]. http://newposa.sanbi.org [Note that these data are not available at this URL as of 2021],Xhosa,Ken-ichi Ueda,2021-10-21T20:52:30Z
586758,umkhanzi,und,"","",South African National Biodiversity Institute. 2021. Botanical Database of Southern Africa (BODATSA) [offline dataset]. http://newposa.sanbi.org [Note that these data are not available at this URL as of 2021],Xhosa,Ken-ichi Ueda,2021-10-21T20:52:30Z
586768,isinama,und,"","",South African National Biodiversity Institute. 2021. Botanical Database of Southern Africa (BODATSA) [offline dataset]. http://newposa.sanbi.org [Note that these data are not available at this URL as of 2021],Xhosa,Ken-ichi Ueda,2021-10-21T20:52:32Z
567844,indlebevu,und,"","",South African National Biodiversity Institute. 2021. Botanical Database of Southern Africa (BODATSA) [offline dataset]. http://newposa.sanbi.org [Note that these data are not available at this URL as of 2021],Xhosa,Ken-ichi Ueda,2021-10-21T20:52:32Z
553490,umuthi wechanti,und,"","",South African National Biodiversity Institute. 2021. Botanical Database of Southern Africa (BODATSA) [offline dataset]. http://newposa.sanbi.org [Note that these data are not available at this URL as of 2021],Xhosa,Ken-ichi Ueda,2021-10-21T20:52:32Z
586963,isicwe,und,"","",South African National Biodiversity Institute. 2021. Botanical Database of Southern Africa (BODATSA) [offline dataset]. http://newposa.sanbi.org [Note that these data are not available at this URL as of 2021],Xhosa,Ken-ichi Ueda,2021-10-21T20:52:32Z
599713,icolocolo,und,"","",South African National Biodiversity Institute. 2021. Botanical Database of Southern Africa (BODATSA) [offline dataset]. http://newposa.sanbi.org [Note that these data are not available at this URL as of 2021],Xhosa,Ken-ichi Ueda,2021-10-21T20:52:33Z
599714,uzandokwa,und,"","",South African National Biodiversity Institute. 2021. Botanical Database of Southern Africa (BODATSA) [offline dataset]. http://newposa.sanbi.org [Note that these data are not available at this URL as of 2021],Xhosa,Ken-ichi Ueda,2021-10-21T20:52:33Z
599716,isiCwe,und,"","",South African National Biodiversity Institute. 2021. Botanical Database of Southern Africa (BODATSA) [offline dataset]. http://newposa.sanbi.org [Note that these data are not available at this URL as of 2021],Xhosa,Ken-ichi Ueda,2021-10-21T20:52:33Z
599716,isiGqutsi,und,"","",South African National Biodiversity Institute. 2021. Botanical Database of Southern Africa (BODATSA) [offline dataset]. http://newposa.sanbi.org [Note that these data are not available at this URL as of 2021],Xhosa,Ken-ichi Ueda,2021-10-21T20:52:34Z
587074,ubulawu obude,und,"","",South African National Biodiversity Institute. 2021. Botanical Database of Southern Africa (BODATSA) [offline dataset]. http://newposa.sanbi.org [Note that these data are not available at this URL as of 2021],Xhosa,Ken-ichi Ueda,2021-10-21T20:52:34Z
587074,ukumbuqwekwe,und,"","",South African National Biodiversity Institute. 2021. Botanical Database of Southern Africa (BODATSA) [offline dataset]. http://newposa.sanbi.org [Note that these data are not available at this URL as of 2021],Xhosa,Ken-ichi Ueda,2021-10-21T20:52:34Z
599784,umBangandlala,und,"","",South African National Biodiversity Institute. 2021. Botanical Database of Southern Africa (BODATSA) [offline dataset]. http://newposa.sanbi.org [Note that these data are not available at this URL as of 2021],Xhosa,Ken-ichi Ueda,2021-10-21T20:52:35Z
599784,umbangandlatho,und,"","",South African National Biodiversity Institute. 2021. Botanical Database of Southern Africa (BODATSA) [offline dataset]. http://newposa.sanbi.org [Note that these data are not available at this URL as of 2021],Xhosa,Ken-ichi Ueda,2021-10-21T20:52:35Z
599784,umbangeza,und,"","",South African National Biodiversity Institute. 2021. Botanical Database of Southern Africa (BODATSA) [offline dataset]. http://newposa.sanbi.org [Note that these data are not available at this URL as of 2021],Xhosa,Ken-ichi Ueda,2021-10-21T20:52:35Z
599784,umBhangandlahla,und,"","",South African National Biodiversity Institute. 2021. Botanical Database of Southern Africa (BODATSA) [offline dataset]. http://newposa.sanbi.org [Note that these data are not available at this URL as of 2021],Xhosa,Ken-ichi Ueda,2021-10-21T20:52:36Z
587461,umnebelele,und,"","",South African National Biodiversity Institute. 2021. Botanical Database of Southern Africa (BODATSA) [offline dataset]. http://newposa.sanbi.org [Note that these data are not available at this URL as of 2021],Xhosa,Ken-ichi Ueda,2021-10-21T20:52:36Z
62868,umlolwa,und,"","",South African National Biodiversity Institute. 2021. Botanical Database of Southern Africa (BODATSA) [offline dataset]. http://newposa.sanbi.org [Note that these data are not available at this URL as of 2021],Xhosa,Ken-ichi Ueda,2021-10-21T20:52:36Z
599802,umilolo,und,"","",South African National Biodiversity Institute. 2021. Botanical Database of Southern Africa (BODATSA) [offline dataset]. http://newposa.sanbi.org [Note that these data are not available at this URL as of 2021],Xhosa,Ken-ichi Ueda,2021-10-21T20:52:37Z
567695,onengxolo,und,"","",South African National Biodiversity Institute. 2021. Botanical Database of Southern Africa (BODATSA) [offline dataset]. http://newposa.sanbi.org [Note that these data are not available at this URL as of 2021],Xhosa,Ken-ichi Ueda,2021-10-21T20:52:38Z
567695,ulwathile,und,"","",South African National Biodiversity Institute. 2021. Botanical Database of Southern Africa (BODATSA) [offline dataset]. http://newposa.sanbi.org [Note that these data are not available at this URL as of 2021],Xhosa,Ken-ichi Ueda,2021-10-21T20:52:38Z
567695,ulwatile,und,"","",South African National Biodiversity Institute. 2021. Botanical Database of Southern Africa (BODATSA) [offline dataset]. http://newposa.sanbi.org [Note that these data are not available at this URL as of 2021],Xhosa,Ken-ichi Ueda,2021-10-21T20:52:39Z
567695,umfazi,und,"","",South African National Biodiversity Institute. 2021. Botanical Database of Southern Africa (BODATSA) [offline dataset]. http://newposa.sanbi.org [Note that these data are not available at this URL as of 2021],Xhosa,Ken-ichi Ueda,2021-10-21T20:52:39Z
567695,umFazi onengxolo,und,"","",South African National Biodiversity Institute. 2021. Botanical Database of Southern Africa (BODATSA) [offline dataset]. http://newposa.sanbi.org [Note that these data are not available at this URL as of 2021],Xhosa,Ken-ichi Ueda,2021-10-21T20:52:39Z
567695,umfazonengxolo,und,"","",South African National Biodiversity Institute. 2021. Botanical Database of Southern Africa (BODATSA) [offline dataset]. http://newposa.sanbi.org [Note that these data are not available at this URL as of 2021],Xhosa,Ken-ichi Ueda,2021-10-21T20:52:40Z
567695,umHlwathile,und,"","",South African National Biodiversity Institute. 2021. Botanical Database of Southern Africa (BODATSA) [offline dataset]. http://newposa.sanbi.org [Note that these data are not available at this URL as of 2021],Xhosa,Ken-ichi Ueda,2021-10-21T20:52:40Z
567695,umnakambila,und,"","",South African National Biodiversity Institute. 2021. Botanical Database of Southern Africa (BODATSA) [offline dataset]. http://newposa.sanbi.org [Note that these data are not available at this URL as of 2021],Xhosa,Ken-ichi Ueda,2021-10-21T20:52:40Z
567695,umnukambila,und,"","",South African National Biodiversity Institute. 2021. Botanical Database of Southern Africa (BODATSA) [offline dataset]. http://newposa.sanbi.org [Note that these data are not available at this URL as of 2021],Xhosa,Ken-ichi Ueda,2021-10-21T20:52:41Z
587545,igqabela,und,"","",South African National Biodiversity Institute. 2021. Botanical Database of Southern Africa (BODATSA) [offline dataset]. http://newposa.sanbi.org [Note that these data are not available at this URL as of 2021],Xhosa,Ken-ichi Ueda,2021-10-21T20:52:42Z
587545,ikomanci,und,"","",South African National Biodiversity Institute. 2021. Botanical Database of Southern Africa (BODATSA) [offline dataset]. http://newposa.sanbi.org [Note that these data are not available at this URL as of 2021],Xhosa,Ken-ichi Ueda,2021-10-21T20:52:42Z
587545,umgqamkhulu,und,"","",South African National Biodiversity Institute. 2021. Botanical Database of Southern Africa (BODATSA) [offline dataset]. http://newposa.sanbi.org [Note that these data are not available at this URL as of 2021],Xhosa,Ken-ichi Ueda,2021-10-21T20:52:42Z
587545,uphantsi komnga,und,"","",South African National Biodiversity Institute. 2021. Botanical Database of Southern Africa (BODATSA) [offline dataset]. http://newposa.sanbi.org [Note that these data are not available at this URL as of 2021],Xhosa,Ken-ichi Ueda,2021-10-21T20:52:42Z
587571,bellabella,und,"","",South African National Biodiversity Institute. 2021. Botanical Database of Southern Africa (BODATSA) [offline dataset]. http://newposa.sanbi.org [Note that these data are not available at this URL as of 2021],Xhosa,Ken-ichi Ueda,2021-10-21T20:52:43Z
311268,idolo-lenkonyane,und,"","",South African National Biodiversity Institute. 2021. Botanical Database of Southern Africa (BODATSA) [offline dataset]. http://newposa.sanbi.org [Note that these data are not available at this URL as of 2021],Xhosa,Ken-ichi Ueda,2021-10-21T20:52:43Z
311268,idolo-lenkoyane,und,"","",South African National Biodiversity Institute. 2021. Botanical Database of Southern Africa (BODATSA) [offline dataset]. http://newposa.sanbi.org [Note that these data are not available at this URL as of 2021],Xhosa,Ken-ichi Ueda,2021-10-21T20:52:43Z
311268,ubuklunga,und,"","",South African National Biodiversity Institute. 2021. Botanical Database of Southern Africa (BODATSA) [offline dataset]. http://newposa.sanbi.org [Note that these data are not available at this URL as of 2021],Xhosa,Ken-ichi Ueda,2021-10-21T20:52:44Z
163871,inyongwane,und,"","",South African National Biodiversity Institute. 2021. Botanical Database of Southern Africa (BODATSA) [offline dataset]. http://newposa.sanbi.org [Note that these data are not available at this URL as of 2021],Xhosa,Ken-ichi Ueda,2021-10-21T20:52:44Z
587646,umthongothi,und,"","",South African National Biodiversity Institute. 2021. Botanical Database of Southern Africa (BODATSA) [offline dataset]. http://newposa.sanbi.org [Note that these data are not available at this URL as of 2021],Xhosa,Ken-ichi Ueda,2021-10-21T20:52:44Z
53104,umkhothane,und,"","",South African National Biodiversity Institute. 2021. Botanical Database of Southern Africa (BODATSA) [offline dataset]. http://newposa.sanbi.org [Note that these data are not available at this URL as of 2021],Xhosa,Ken-ichi Ueda,2021-10-21T20:52:45Z
571052,ixalanxa,und,"","",South African National Biodiversity Institute. 2021. Botanical Database of Southern Africa (BODATSA) [offline dataset]. http://newposa.sanbi.org [Note that these data are not available at this URL as of 2021],Xhosa,Ken-ichi Ueda,2021-10-21T20:52:45Z
133558,isidumo,und,"","",South African National Biodiversity Institute. 2021. Botanical Database of Southern Africa (BODATSA) [offline dataset]. http://newposa.sanbi.org [Note that these data are not available at this URL as of 2021],Xhosa,Ken-ichi Ueda,2021-10-21T20:52:45Z
133558,umduduma,und,"","",South African National Biodiversity Institute. 2021. Botanical Database of Southern Africa (BODATSA) [offline dataset]. http://newposa.sanbi.org [Note that these data are not available at this URL as of 2021],Xhosa,Ken-ichi Ueda,2021-10-21T20:52:46Z
133558,unduduma,und,"","",South African National Biodiversity Institute. 2021. Botanical Database of Southern Africa (BODATSA) [offline dataset]. http://newposa.sanbi.org [Note that these data are not available at this URL as of 2021],Xhosa,Ken-ichi Ueda,2021-10-21T20:52:46Z
133558,unDuma,und,"","",South African National Biodiversity Institute. 2021. Botanical Database of Southern Africa (BODATSA) [offline dataset]. http://newposa.sanbi.org [Note that these data are not available at this URL as of 2021],Xhosa,Ken-ichi Ueda,2021-10-21T20:52:46Z
587848,umsitshane,und,"","",South African National Biodiversity Institute. 2021. Botanical Database of Southern Africa (BODATSA) [offline dataset]. http://newposa.sanbi.org [Note that these data are not available at this URL as of 2021],Xhosa,Ken-ichi Ueda,2021-10-21T20:52:47Z
52344,imbotyikatsana,und,"","",South African National Biodiversity Institute. 2021. Botanical Database of Southern Africa (BODATSA) [offline dataset]. http://newposa.sanbi.org [Note that these data are not available at this URL as of 2021],Xhosa,Ken-ichi Ueda,2021-10-21T20:52:47Z
52344,urhododo,und,"","",South African National Biodiversity Institute. 2021. Botanical Database of Southern Africa (BODATSA) [offline dataset]. http://newposa.sanbi.org [Note that these data are not available at this URL as of 2021],Xhosa,Ken-ichi Ueda,2021-10-21T20:52:47Z
587943,amagantsi,und,"","",South African National Biodiversity Institute. 2021. Botanical Database of Southern Africa (BODATSA) [offline dataset]. http://newposa.sanbi.org [Note that these data are not available at this URL as of 2021],Xhosa,Ken-ichi Ueda,2021-10-21T20:52:48Z
524338,igwanishe lenyoka,und,"","",South African National Biodiversity Institute. 2021. Botanical Database of Southern Africa (BODATSA) [offline dataset]. http://newposa.sanbi.org [Note that these data are not available at this URL as of 2021],Xhosa,Ken-ichi Ueda,2021-10-21T20:52:48Z
526999,mfayisele yasehlatini,und,"","",South African National Biodiversity Institute. 2021. Botanical Database of Southern Africa (BODATSA) [offline dataset]. http://newposa.sanbi.org [Note that these data are not available at this URL as of 2021],Xhosa,Ken-ichi Ueda,2021-10-21T20:52:49Z
533400,utywala bentaka,und,"","",South African National Biodiversity Institute. 2021. Botanical Database of Southern Africa (BODATSA) [offline dataset]. http://newposa.sanbi.org [Note that these data are not available at this URL as of 2021],Xhosa,Ken-ichi Ueda,2021-10-21T20:52:49Z
119178,iDungamuzi,und,"","",South African National Biodiversity Institute. 2021. Botanical Database of Southern Africa (BODATSA) [offline dataset]. http://newposa.sanbi.org [Note that these data are not available at this URL as of 2021],Xhosa,Ken-ichi Ueda,2021-10-21T20:52:50Z
119178,luvuluvu,und,"","",South African National Biodiversity Institute. 2021. Botanical Database of Southern Africa (BODATSA) [offline dataset]. http://newposa.sanbi.org [Note that these data are not available at this URL as of 2021],Xhosa,Ken-ichi Ueda,2021-10-21T20:52:50Z
119178,umathamadi,und,"","",South African National Biodiversity Institute. 2021. Botanical Database of Southern Africa (BODATSA) [offline dataset]. http://newposa.sanbi.org [Note that these data are not available at this URL as of 2021],Xhosa,Ken-ichi Ueda,2021-10-21T20:52:50Z
119178,umhlandlela,und,"","",South African National Biodiversity Institute. 2021. Botanical Database of Southern Africa (BODATSA) [offline dataset]. http://newposa.sanbi.org [Note that these data are not available at this URL as of 2021],Xhosa,Ken-ichi Ueda,2021-10-21T20:52:51Z
119178,umHlizinyathi,und,"","",South African National Biodiversity Institute. 2021. Botanical Database of Southern Africa (BODATSA) [offline dataset]. http://newposa.sanbi.org [Note that these data are not available at this URL as of 2021],Xhosa,Ken-ichi Ueda,2021-10-21T20:52:51Z
119178,umKhokohkho,und,"","",South African National Biodiversity Institute. 2021. Botanical Database of Southern Africa (BODATSA) [offline dataset]. http://newposa.sanbi.org [Note that these data are not available at this URL as of 2021],Xhosa,Ken-ichi Ueda,2021-10-21T20:52:52Z
119178,umKokoko,und,"","",South African National Biodiversity Institute. 2021. Botanical Database of Southern Africa (BODATSA) [offline dataset]. http://newposa.sanbi.org [Note that these data are not available at this URL as of 2021],Xhosa,Ken-ichi Ueda,2021-10-21T20:52:52Z
119178,umNgcondo,und,"","",South African National Biodiversity Institute. 2021. Botanical Database of Southern Africa (BODATSA) [offline dataset]. http://newposa.sanbi.org [Note that these data are not available at this URL as of 2021],Xhosa,Ken-ichi Ueda,2021-10-21T20:52:53Z
119178,uveti,und,"","",South African National Biodiversity Institute. 2021. Botanical Database of Southern Africa (BODATSA) [offline dataset]. http://newposa.sanbi.org [Note that these data are not available at this URL as of 2021],Xhosa,Ken-ichi Ueda,2021-10-21T20:52:53Z
588285,inxonya,und,"","",South African National Biodiversity Institute. 2021. Botanical Database of Southern Africa (BODATSA) [offline dataset]. http://newposa.sanbi.org [Note that these data are not available at this URL as of 2021],Xhosa,Ken-ichi Ueda,2021-10-21T20:52:54Z
872673,umvuthuza,und,"","",South African National Biodiversity Institute. 2021. Botanical Database of Southern Africa (BODATSA) [offline dataset]. http://newposa.sanbi.org [Note that these data are not available at this URL as of 2021],Xhosa,Ken-ichi Ueda,2021-10-21T20:52:54Z
588306,ikhubalo elimnayama,und,"","",South African National Biodiversity Institute. 2021. Botanical Database of Southern Africa (BODATSA) [offline dataset]. http://newposa.sanbi.org [Note that these data are not available at this URL as of 2021],Xhosa,Ken-ichi Ueda,2021-10-21T20:52:54Z
588306,ikhubalo elimnyama,und,"","",South African National Biodiversity Institute. 2021. Botanical Database of Southern Africa (BODATSA) [offline dataset]. http://newposa.sanbi.org [Note that these data are not available at this URL as of 2021],Xhosa,Ken-ichi Ueda,2021-10-21T20:52:54Z
588306,labantwana,und,"","",South African National Biodiversity Institute. 2021. Botanical Database of Southern Africa (BODATSA) [offline dataset]. http://newposa.sanbi.org [Note that these data are not available at this URL as of 2021],Xhosa,Ken-ichi Ueda,2021-10-21T20:52:55Z
588682,utyani-bentaka,und,"","",South African National Biodiversity Institute. 2021. Botanical Database of Southern Africa (BODATSA) [offline dataset]. http://newposa.sanbi.org [Note that these data are not available at this URL as of 2021],Xhosa,Ken-ichi Ueda,2021-10-21T20:52:55Z
588682,uTywala bentaka,und,"","",South African National Biodiversity Institute. 2021. Botanical Database of Southern Africa (BODATSA) [offline dataset]. http://newposa.sanbi.org [Note that these data are not available at this URL as of 2021],Xhosa,Ken-ichi Ueda,2021-10-21T20:52:56Z
588682,utywala-bentaka,und,"","",South African National Biodiversity Institute. 2021. Botanical Database of Southern Africa (BODATSA) [offline dataset]. http://newposa.sanbi.org [Note that these data are not available at this URL as of 2021],Xhosa,Ken-ichi Ueda,2021-10-21T20:52:56Z
588709,ubazi,und,"","",South African National Biodiversity Institute. 2021. Botanical Database of Southern Africa (BODATSA) [offline dataset]. http://newposa.sanbi.org [Note that these data are not available at this URL as of 2021],Xhosa,Ken-ichi Ueda,2021-10-21T20:52:56Z
600021,ububasa,und,"","",South African National Biodiversity Institute. 2021. Botanical Database of Southern Africa (BODATSA) [offline dataset]. http://newposa.sanbi.org [Note that these data are not available at this URL as of 2021],Xhosa,Ken-ichi Ueda,2021-10-21T20:52:56Z
77627,isifikane,und,"","",South African National Biodiversity Institute. 2021. Botanical Database of Southern Africa (BODATSA) [offline dataset]. http://newposa.sanbi.org [Note that these data are not available at this URL as of 2021],Xhosa,Ken-ichi Ueda,2021-10-21T20:52:57Z
588764,umdlavuza,und,"","",South African National Biodiversity Institute. 2021. Botanical Database of Southern Africa (BODATSA) [offline dataset]. http://newposa.sanbi.org [Note that these data are not available at this URL as of 2021],Xhosa,Ken-ichi Ueda,2021-10-21T20:52:57Z
1267997,iDumu,und,"","",South African National Biodiversity Institute. 2021. Botanical Database of Southern Africa (BODATSA) [offline dataset]. http://newposa.sanbi.org [Note that these data are not available at this URL as of 2021],Xhosa,Ken-ichi Ueda,2021-10-21T20:52:57Z
569174,isikholokotho,und,"","",South African National Biodiversity Institute. 2021. Botanical Database of Southern Africa (BODATSA) [offline dataset]. http://newposa.sanbi.org [Note that these data are not available at this URL as of 2021],Xhosa,Ken-ichi Ueda,2021-10-21T20:52:58Z
490656,inqwebebane,und,"","",South African National Biodiversity Institute. 2021. Botanical Database of Southern Africa (BODATSA) [offline dataset]. http://newposa.sanbi.org [Note that these data are not available at this URL as of 2021],Xhosa,Ken-ichi Ueda,2021-10-21T20:52:58Z
490656,ubuHlungu,und,"","",South African National Biodiversity Institute. 2021. Botanical Database of Southern Africa (BODATSA) [offline dataset]. http://newposa.sanbi.org [Note that these data are not available at this URL as of 2021],Xhosa,Ken-ichi Ueda,2021-10-21T20:52:58Z
132849,bengcungcu,und,"","",South African National Biodiversity Institute. 2021. Botanical Database of Southern Africa (BODATSA) [offline dataset]. http://newposa.sanbi.org [Note that these data are not available at this URL as of 2021],Xhosa,Ken-ichi Ueda,2021-10-21T20:52:59Z
132849,imVovo,und,"","",South African National Biodiversity Institute. 2021. Botanical Database of Southern Africa (BODATSA) [offline dataset]. http://newposa.sanbi.org [Note that these data are not available at this URL as of 2021],Xhosa,Ken-ichi Ueda,2021-10-21T20:52:59Z
132849,umFinafincane,und,"","",South African National Biodiversity Institute. 2021. Botanical Database of Southern Africa (BODATSA) [offline dataset]. http://newposa.sanbi.org [Note that these data are not available at this URL as of 2021],Xhosa,Ken-ichi Ueda,2021-10-21T20:52:59Z
132849,utywala,und,"","",South African National Biodiversity Institute. 2021. Botanical Database of Southern Africa (BODATSA) [offline dataset]. http://newposa.sanbi.org [Note that these data are not available at this URL as of 2021],Xhosa,Ken-ichi Ueda,2021-10-21T20:53:00Z
132849,uTywala bencungcu,und,"","",South African National Biodiversity Institute. 2021. Botanical Database of Southern Africa (BODATSA) [offline dataset]. http://newposa.sanbi.org [Note that these data are not available at this URL as of 2021],Xhosa,Ken-ichi Ueda,2021-10-21T20:53:00Z
132849,uTywala bengcungcu,und,"","",South African National Biodiversity Institute. 2021. Botanical Database of Southern Africa (BODATSA) [offline dataset]. http://newposa.sanbi.org [Note that these data are not available at this URL as of 2021],Xhosa,Ken-ichi Ueda,2021-10-21T20:53:00Z
403274,fincane,und,"","",South African National Biodiversity Institute. 2021. Botanical Database of Southern Africa (BODATSA) [offline dataset]. http://newposa.sanbi.org [Note that these data are not available at this URL as of 2021],Xhosa,Ken-ichi Ueda,2021-10-21T20:53:01Z
403274,isihlungu sedobo,und,"","",South African National Biodiversity Institute. 2021. Botanical Database of Southern Africa (BODATSA) [offline dataset]. http://newposa.sanbi.org [Note that these data are not available at this URL as of 2021],Xhosa,Ken-ichi Ueda,2021-10-21T20:53:01Z
403274,umuncwane,und,"","",South African National Biodiversity Institute. 2021. Botanical Database of Southern Africa (BODATSA) [offline dataset]. http://newposa.sanbi.org [Note that these data are not available at this URL as of 2021],Xhosa,Ken-ichi Ueda,2021-10-21T20:53:01Z
489282,intshitshi,und,"","",South African National Biodiversity Institute. 2021. Botanical Database of Southern Africa (BODATSA) [offline dataset]. http://newposa.sanbi.org [Note that these data are not available at this URL as of 2021],Xhosa,Ken-ichi Ueda,2021-10-21T20:53:02Z
489282,isi-dwadwa,und,"","",South African National Biodiversity Institute. 2021. Botanical Database of Southern Africa (BODATSA) [offline dataset]. http://newposa.sanbi.org [Note that these data are not available at this URL as of 2021],Xhosa,Ken-ichi Ueda,2021-10-21T20:53:02Z
589132,gombate,und,"","",South African National Biodiversity Institute. 2021. Botanical Database of Southern Africa (BODATSA) [offline dataset]. http://newposa.sanbi.org [Note that these data are not available at this URL as of 2021],Xhosa,Ken-ichi Ueda,2021-10-21T20:53:03Z
589151,umbungashe,und,"","",South African National Biodiversity Institute. 2021. Botanical Database of Southern Africa (BODATSA) [offline dataset]. http://newposa.sanbi.org [Note that these data are not available at this URL as of 2021],Xhosa,Ken-ichi Ueda,2021-10-21T20:53:03Z
343067,umzinzinibe,und,"","",South African National Biodiversity Institute. 2021. Botanical Database of Southern Africa (BODATSA) [offline dataset]. http://newposa.sanbi.org [Note that these data are not available at this URL as of 2021],Xhosa,Ken-ichi Ueda,2021-10-21T20:53:03Z
343067,uvivane,und,"","",South African National Biodiversity Institute. 2021. Botanical Database of Southern Africa (BODATSA) [offline dataset]. http://newposa.sanbi.org [Note that these data are not available at this URL as of 2021],Xhosa,Ken-ichi Ueda,2021-10-21T20:53:04Z
589317,itshilizi,und,"","",South African National Biodiversity Institute. 2021. Botanical Database of Southern Africa (BODATSA) [offline dataset]. http://newposa.sanbi.org [Note that these data are not available at this URL as of 2021],Xhosa,Ken-ichi Ueda,2021-10-21T20:53:04Z
567838,iTshilizi,und,"","",South African National Biodiversity Institute. 2021. Botanical Database of Southern Africa (BODATSA) [offline dataset]. http://newposa.sanbi.org [Note that these data are not available at this URL as of 2021],Xhosa,Ken-ichi Ueda,2021-10-21T20:53:04Z
589476,isibara,und,"","",South African National Biodiversity Institute. 2021. Botanical Database of Southern Africa (BODATSA) [offline dataset]. http://newposa.sanbi.org [Note that these data are not available at this URL as of 2021],Xhosa,Ken-ichi Ueda,2021-10-21T20:53:04Z
181615,ubovu,und,"","",South African National Biodiversity Institute. 2021. Botanical Database of Southern Africa (BODATSA) [offline dataset]. http://newposa.sanbi.org [Note that these data are not available at this URL as of 2021],Xhosa,Ken-ichi Ueda,2021-10-21T20:53:05Z
133555,umBengele,und,"","",South African National Biodiversity Institute. 2021. Botanical Database of Southern Africa (BODATSA) [offline dataset]. http://newposa.sanbi.org [Note that these data are not available at this URL as of 2021],Xhosa,Ken-ichi Ueda,2021-10-21T20:53:05Z
600188,umbengele,und,"","",South African National Biodiversity Institute. 2021. Botanical Database of Southern Africa (BODATSA) [offline dataset]. http://newposa.sanbi.org [Note that these data are not available at this URL as of 2021],Xhosa,Ken-ichi Ueda,2021-10-21T20:53:05Z
589553,umphunziza,und,"","",South African National Biodiversity Institute. 2021. Botanical Database of Southern Africa (BODATSA) [offline dataset]. http://newposa.sanbi.org [Note that these data are not available at this URL as of 2021],Xhosa,Ken-ichi Ueda,2021-10-21T20:53:06Z
133587,iNtendekwane,und,"","",South African National Biodiversity Institute. 2021. Botanical Database of Southern Africa (BODATSA) [offline dataset]. http://newposa.sanbi.org [Note that these data are not available at this URL as of 2021],Xhosa,Ken-ichi Ueda,2021-10-21T20:53:06Z
133587,intentekiwane,und,"","",South African National Biodiversity Institute. 2021. Botanical Database of Southern Africa (BODATSA) [offline dataset]. http://newposa.sanbi.org [Note that these data are not available at this URL as of 2021],Xhosa,Ken-ichi Ueda,2021-10-21T20:53:07Z
133587,isitende,und,"","",South African National Biodiversity Institute. 2021. Botanical Database of Southern Africa (BODATSA) [offline dataset]. http://newposa.sanbi.org [Note that these data are not available at this URL as of 2021],Xhosa,Ken-ichi Ueda,2021-10-21T20:53:07Z
133587,isithende,und,"","",South African National Biodiversity Institute. 2021. Botanical Database of Southern Africa (BODATSA) [offline dataset]. http://newposa.sanbi.org [Note that these data are not available at this URL as of 2021],Xhosa,Ken-ichi Ueda,2021-10-21T20:53:07Z
133587,isithendi,und,"","",South African National Biodiversity Institute. 2021. Botanical Database of Southern Africa (BODATSA) [offline dataset]. http://newposa.sanbi.org [Note that these data are not available at this URL as of 2021],Xhosa,Ken-ichi Ueda,2021-10-21T20:53:08Z
133587,iTentekwane,und,"","",South African National Biodiversity Institute. 2021. Botanical Database of Southern Africa (BODATSA) [offline dataset]. http://newposa.sanbi.org [Note that these data are not available at this URL as of 2021],Xhosa,Ken-ichi Ueda,2021-10-21T20:53:08Z
133587,umtentekwani,und,"","",South African National Biodiversity Institute. 2021. Botanical Database of Southern Africa (BODATSA) [offline dataset]. http://newposa.sanbi.org [Note that these data are not available at this URL as of 2021],Xhosa,Ken-ichi Ueda,2021-10-21T20:53:08Z
58202,unomolwana,und,"","",South African National Biodiversity Institute. 2021. Botanical Database of Southern Africa (BODATSA) [offline dataset]. http://newposa.sanbi.org [Note that these data are not available at this URL as of 2021],Xhosa,Ken-ichi Ueda,2021-10-21T20:53:09Z
340113,umphunzito,und,"","",South African National Biodiversity Institute. 2021. Botanical Database of Southern Africa (BODATSA) [offline dataset]. http://newposa.sanbi.org [Note that these data are not available at this URL as of 2021],Xhosa,Ken-ichi Ueda,2021-10-21T20:53:09Z
600217,umphanzite,und,"","",South African National Biodiversity Institute. 2021. Botanical Database of Southern Africa (BODATSA) [offline dataset]. http://newposa.sanbi.org [Note that these data are not available at this URL as of 2021],Xhosa,Ken-ichi Ueda,2021-10-21T20:53:09Z
161425,intsasela,und,"","",South African National Biodiversity Institute. 2021. Botanical Database of Southern Africa (BODATSA) [offline dataset]. http://newposa.sanbi.org [Note that these data are not available at this URL as of 2021],Xhosa,Ken-ichi Ueda,2021-10-21T20:53:10Z
557508,umzungulwa,und,"","",South African National Biodiversity Institute. 2021. Botanical Database of Southern Africa (BODATSA) [offline dataset]. http://newposa.sanbi.org [Note that these data are not available at this URL as of 2021],Xhosa,Ken-ichi Ueda,2021-10-21T20:53:10Z
589697,umnqayi,und,"","",South African National Biodiversity Institute. 2021. Botanical Database of Southern Africa (BODATSA) [offline dataset]. http://newposa.sanbi.org [Note that these data are not available at this URL as of 2021],Xhosa,Ken-ichi Ueda,2021-10-21T20:53:10Z
589697,umnqayinqayi,und,"","",South African National Biodiversity Institute. 2021. Botanical Database of Southern Africa (BODATSA) [offline dataset]. http://newposa.sanbi.org [Note that these data are not available at this URL as of 2021],Xhosa,Ken-ichi Ueda,2021-10-21T20:53:10Z
589697,umnqayi-nqayi,und,"","",South African National Biodiversity Institute. 2021. Botanical Database of Southern Africa (BODATSA) [offline dataset]. http://newposa.sanbi.org [Note that these data are not available at this URL as of 2021],Xhosa,Ken-ichi Ueda,2021-10-21T20:53:11Z
527443,umphono-phono,und,"","",South African National Biodiversity Institute. 2021. Botanical Database of Southern Africa (BODATSA) [offline dataset]. http://newposa.sanbi.org [Note that these data are not available at this URL as of 2021],Xhosa,Ken-ichi Ueda,2021-10-21T20:53:11Z
589698,iNqayi-elibomvu,und,"","",South African National Biodiversity Institute. 2021. Botanical Database of Southern Africa (BODATSA) [offline dataset]. http://newposa.sanbi.org [Note that these data are not available at this URL as of 2021],Xhosa,Ken-ichi Ueda,2021-10-21T20:53:11Z
589698,iNqayi-elimbomvu,und,"","",South African National Biodiversity Institute. 2021. Botanical Database of Southern Africa (BODATSA) [offline dataset]. http://newposa.sanbi.org [Note that these data are not available at this URL as of 2021],Xhosa,Ken-ichi Ueda,2021-10-21T20:53:12Z
589698,umGora,und,"","",South African National Biodiversity Institute. 2021. Botanical Database of Southern Africa (BODATSA) [offline dataset]. http://newposa.sanbi.org [Note that these data are not available at this URL as of 2021],Xhosa,Ken-ichi Ueda,2021-10-21T20:53:12Z
589698,umkokane,und,"","",South African National Biodiversity Institute. 2021. Botanical Database of Southern Africa (BODATSA) [offline dataset]. http://newposa.sanbi.org [Note that these data are not available at this URL as of 2021],Xhosa,Ken-ichi Ueda,2021-10-21T20:53:12Z
589698,umKokuza,und,"","",South African National Biodiversity Institute. 2021. Botanical Database of Southern Africa (BODATSA) [offline dataset]. http://newposa.sanbi.org [Note that these data are not available at this URL as of 2021],Xhosa,Ken-ichi Ueda,2021-10-21T20:53:13Z
589698,umnqayimpofu,und,"","",South African National Biodiversity Institute. 2021. Botanical Database of Southern Africa (BODATSA) [offline dataset]. http://newposa.sanbi.org [Note that these data are not available at this URL as of 2021],Xhosa,Ken-ichi Ueda,2021-10-21T20:53:13Z
589698,umNqayi-mpofu,und,"","",South African National Biodiversity Institute. 2021. Botanical Database of Southern Africa (BODATSA) [offline dataset]. http://newposa.sanbi.org [Note that these data are not available at this URL as of 2021],Xhosa,Ken-ichi Ueda,2021-10-21T20:53:13Z
589698,umqaqeba wehlathi,und,"","",South African National Biodiversity Institute. 2021. Botanical Database of Southern Africa (BODATSA) [offline dataset]. http://newposa.sanbi.org [Note that these data are not available at this URL as of 2021],Xhosa,Ken-ichi Ueda,2021-10-21T20:53:14Z
120228,ubuHlungu bemamba,und,"","",South African National Biodiversity Institute. 2021. Botanical Database of Southern Africa (BODATSA) [offline dataset]. http://newposa.sanbi.org [Note that these data are not available at this URL as of 2021],Xhosa,Ken-ichi Ueda,2021-10-21T20:53:14Z
120228,ubutyayi,und,"","",South African National Biodiversity Institute. 2021. Botanical Database of Southern Africa (BODATSA) [offline dataset]. http://newposa.sanbi.org [Note that these data are not available at this URL as of 2021],Xhosa,Ken-ichi Ueda,2021-10-21T20:53:14Z
181791,ubuHlungu - bemamba,und,"","",South African National Biodiversity Institute. 2021. Botanical Database of Southern Africa (BODATSA) [offline dataset]. http://newposa.sanbi.org [Note that these data are not available at this URL as of 2021],Xhosa,Ken-ichi Ueda,2021-10-21T20:53:15Z
181791,ubuhlungu bemamba,und,"","",South African National Biodiversity Institute. 2021. Botanical Database of Southern Africa (BODATSA) [offline dataset]. http://newposa.sanbi.org [Note that these data are not available at this URL as of 2021],Xhosa,Ken-ichi Ueda,2021-10-21T20:53:15Z
181791,ubulungubemamba,und,"","",South African National Biodiversity Institute. 2021. Botanical Database of Southern Africa (BODATSA) [offline dataset]. http://newposa.sanbi.org [Note that these data are not available at this URL as of 2021],Xhosa,Ken-ichi Ueda,2021-10-21T20:53:15Z
589779,umbondi,und,"","",South African National Biodiversity Institute. 2021. Botanical Database of Southern Africa (BODATSA) [offline dataset]. http://newposa.sanbi.org [Note that these data are not available at this URL as of 2021],Xhosa,Ken-ichi Ueda,2021-10-21T20:53:15Z
589781,ugalagala-oluncinci,und,"","",South African National Biodiversity Institute. 2021. Botanical Database of Southern Africa (BODATSA) [offline dataset]. http://newposa.sanbi.org [Note that these data are not available at this URL as of 2021],Xhosa,Ken-ichi Ueda,2021-10-21T20:53:16Z
589781,ugalagala-oluncini,und,"","",South African National Biodiversity Institute. 2021. Botanical Database of Southern Africa (BODATSA) [offline dataset]. http://newposa.sanbi.org [Note that these data are not available at this URL as of 2021],Xhosa,Ken-ichi Ueda,2021-10-21T20:53:16Z
77990,ityaleba,und,"","",South African National Biodiversity Institute. 2021. Botanical Database of Southern Africa (BODATSA) [offline dataset]. http://newposa.sanbi.org [Note that these data are not available at this URL as of 2021],Xhosa,Ken-ichi Ueda,2021-10-21T20:53:16Z
600255,inixina,und,"","",South African National Biodiversity Institute. 2021. Botanical Database of Southern Africa (BODATSA) [offline dataset]. http://newposa.sanbi.org [Note that these data are not available at this URL as of 2021],Xhosa,Ken-ichi Ueda,2021-10-21T20:53:17Z
600255,inxina,und,"","",South African National Biodiversity Institute. 2021. Botanical Database of Southern Africa (BODATSA) [offline dataset]. http://newposa.sanbi.org [Note that these data are not available at this URL as of 2021],Xhosa,Ken-ichi Ueda,2021-10-21T20:53:17Z
589985,inkanga yehlathi,und,"","",South African National Biodiversity Institute. 2021. Botanical Database of Southern Africa (BODATSA) [offline dataset]. http://newposa.sanbi.org [Note that these data are not available at this URL as of 2021],Xhosa,Ken-ichi Ueda,2021-10-21T20:53:17Z
589985,inyothi,und,"","",South African National Biodiversity Institute. 2021. Botanical Database of Southern Africa (BODATSA) [offline dataset]. http://newposa.sanbi.org [Note that these data are not available at this URL as of 2021],Xhosa,Ken-ichi Ueda,2021-10-21T20:53:18Z
589985,ububu,und,"","",South African National Biodiversity Institute. 2021. Botanical Database of Southern Africa (BODATSA) [offline dataset]. http://newposa.sanbi.org [Note that these data are not available at this URL as of 2021],Xhosa,Ken-ichi Ueda,2021-10-21T20:53:18Z
557150,umkunye,und,"","",South African National Biodiversity Institute. 2021. Botanical Database of Southern Africa (BODATSA) [offline dataset]. http://newposa.sanbi.org [Note that these data are not available at this URL as of 2021],Xhosa,Ken-ichi Ueda,2021-10-21T20:53:18Z
557150,umsimbithi,und,"","",South African National Biodiversity Institute. 2021. Botanical Database of Southern Africa (BODATSA) [offline dataset]. http://newposa.sanbi.org [Note that these data are not available at this URL as of 2021],Xhosa,Ken-ichi Ueda,2021-10-21T20:53:19Z
591946,umkhunye,und,"","",South African National Biodiversity Institute. 2021. Botanical Database of Southern Africa (BODATSA) [offline dataset]. http://newposa.sanbi.org [Note that these data are not available at this URL as of 2021],Xhosa,Ken-ichi Ueda,2021-10-21T20:53:19Z
591946,umqunye,und,"","",South African National Biodiversity Institute. 2021. Botanical Database of Southern Africa (BODATSA) [offline dataset]. http://newposa.sanbi.org [Note that these data are not available at this URL as of 2021],Xhosa,Ken-ichi Ueda,2021-10-21T20:53:19Z
590029,amasethole,und,"","",South African National Biodiversity Institute. 2021. Botanical Database of Southern Africa (BODATSA) [offline dataset]. http://newposa.sanbi.org [Note that these data are not available at this URL as of 2021],Xhosa,Ken-ichi Ueda,2021-10-21T20:53:20Z
590029,umtunzi wehlathi,und,"","",South African National Biodiversity Institute. 2021. Botanical Database of Southern Africa (BODATSA) [offline dataset]. http://newposa.sanbi.org [Note that these data are not available at this URL as of 2021],Xhosa,Ken-ichi Ueda,2021-10-21T20:53:21Z
120324,igqitha,und,"","",South African National Biodiversity Institute. 2021. Botanical Database of Southern Africa (BODATSA) [offline dataset]. http://newposa.sanbi.org [Note that these data are not available at this URL as of 2021],Xhosa,Ken-ichi Ueda,2021-10-21T20:53:22Z
590086,gqita,und,"","",South African National Biodiversity Institute. 2021. Botanical Database of Southern Africa (BODATSA) [offline dataset]. http://newposa.sanbi.org [Note that these data are not available at this URL as of 2021],Xhosa,Ken-ichi Ueda,2021-10-21T20:53:22Z
590086,noboyana,und,"","",South African National Biodiversity Institute. 2021. Botanical Database of Southern Africa (BODATSA) [offline dataset]. http://newposa.sanbi.org [Note that these data are not available at this URL as of 2021],Xhosa,Ken-ichi Ueda,2021-10-21T20:53:23Z
492352,umakhuthula,und,"","",South African National Biodiversity Institute. 2021. Botanical Database of Southern Africa (BODATSA) [offline dataset]. http://newposa.sanbi.org [Note that these data are not available at this URL as of 2021],Xhosa,Ken-ichi Ueda,2021-10-21T20:53:23Z
492352,umaluleka,und,"","",South African National Biodiversity Institute. 2021. Botanical Database of Southern Africa (BODATSA) [offline dataset]. http://newposa.sanbi.org [Note that these data are not available at this URL as of 2021],Xhosa,Ken-ichi Ueda,2021-10-21T20:53:23Z
590443,iqande,und,"","",South African National Biodiversity Institute. 2021. Botanical Database of Southern Africa (BODATSA) [offline dataset]. http://newposa.sanbi.org [Note that these data are not available at this URL as of 2021],Xhosa,Ken-ichi Ueda,2021-10-21T20:53:24Z
78217,gqwangugqangu,und,"","",South African National Biodiversity Institute. 2021. Botanical Database of Southern Africa (BODATSA) [offline dataset]. http://newposa.sanbi.org [Note that these data are not available at this URL as of 2021],Xhosa,Ken-ichi Ueda,2021-10-21T20:53:24Z
78217,umpungempu,und,"","",South African National Biodiversity Institute. 2021. Botanical Database of Southern Africa (BODATSA) [offline dataset]. http://newposa.sanbi.org [Note that these data are not available at this URL as of 2021],Xhosa,Ken-ichi Ueda,2021-10-21T20:53:24Z
58334,umgqomagqoma,und,"","",South African National Biodiversity Institute. 2021. Botanical Database of Southern Africa (BODATSA) [offline dataset]. http://newposa.sanbi.org [Note that these data are not available at this URL as of 2021],Xhosa,Ken-ichi Ueda,2021-10-21T20:53:25Z
470687,iphalode,und,"","",South African National Biodiversity Institute. 2021. Botanical Database of Southern Africa (BODATSA) [offline dataset]. http://newposa.sanbi.org [Note that these data are not available at this URL as of 2021],Xhosa,Ken-ichi Ueda,2021-10-21T20:53:25Z
470687,umglindi,und,"","",South African National Biodiversity Institute. 2021. Botanical Database of Southern Africa (BODATSA) [offline dataset]. http://newposa.sanbi.org [Note that these data are not available at this URL as of 2021],Xhosa,Ken-ichi Ueda,2021-10-21T20:53:25Z
470687,umkhuthuhla,und,"","",South African National Biodiversity Institute. 2021. Botanical Database of Southern Africa (BODATSA) [offline dataset]. http://newposa.sanbi.org [Note that these data are not available at this URL as of 2021],Xhosa,Ken-ichi Ueda,2021-10-21T20:53:26Z
470687,umkuthuhla,und,"","",South African National Biodiversity Institute. 2021. Botanical Database of Southern Africa (BODATSA) [offline dataset]. http://newposa.sanbi.org [Note that these data are not available at this URL as of 2021],Xhosa,Ken-ichi Ueda,2021-10-21T20:53:26Z
427261,ingqota,und,"","",South African National Biodiversity Institute. 2021. Botanical Database of Southern Africa (BODATSA) [offline dataset]. http://newposa.sanbi.org [Note that these data are not available at this URL as of 2021],Xhosa,Ken-ichi Ueda,2021-10-21T20:53:26Z
427261,isiKali,und,"","",South African National Biodiversity Institute. 2021. Botanical Database of Southern Africa (BODATSA) [offline dataset]. http://newposa.sanbi.org [Note that these data are not available at this URL as of 2021],Xhosa,Ken-ichi Ueda,2021-10-21T20:53:27Z
427261,umquaqo,und,"","",South African National Biodiversity Institute. 2021. Botanical Database of Southern Africa (BODATSA) [offline dataset]. http://newposa.sanbi.org [Note that these data are not available at this URL as of 2021],Xhosa,Ken-ichi Ueda,2021-10-21T20:53:27Z
321501,ikhubalo lechanti,und,"","",South African National Biodiversity Institute. 2021. Botanical Database of Southern Africa (BODATSA) [offline dataset]. http://newposa.sanbi.org [Note that these data are not available at this URL as of 2021],Xhosa,Ken-ichi Ueda,2021-10-21T20:53:27Z
321502,intekwane,und,"","",South African National Biodiversity Institute. 2021. Botanical Database of Southern Africa (BODATSA) [offline dataset]. http://newposa.sanbi.org [Note that these data are not available at this URL as of 2021],Xhosa,Ken-ichi Ueda,2021-10-21T20:53:28Z
503912,uluza,und,"","",South African National Biodiversity Institute. 2021. Botanical Database of Southern Africa (BODATSA) [offline dataset]. http://newposa.sanbi.org [Note that these data are not available at this URL as of 2021],Xhosa,Ken-ichi Ueda,2021-10-21T20:53:28Z
590679,umthentsema,und,"","",South African National Biodiversity Institute. 2021. Botanical Database of Southern Africa (BODATSA) [offline dataset]. http://newposa.sanbi.org [Note that these data are not available at this URL as of 2021],Xhosa,Ken-ichi Ueda,2021-10-21T20:53:28Z
600369,umtelele,und,"","",South African National Biodiversity Institute. 2021. Botanical Database of Southern Africa (BODATSA) [offline dataset]. http://newposa.sanbi.org [Note that these data are not available at this URL as of 2021],Xhosa,Ken-ichi Ueda,2021-10-21T20:53:29Z
600369,umvithi,und,"","",South African National Biodiversity Institute. 2021. Botanical Database of Southern Africa (BODATSA) [offline dataset]. http://newposa.sanbi.org [Note that these data are not available at this URL as of 2021],Xhosa,Ken-ichi Ueda,2021-10-21T20:53:29Z
568613,ngqelene,und,"","",South African National Biodiversity Institute. 2021. Botanical Database of Southern Africa (BODATSA) [offline dataset]. http://newposa.sanbi.org [Note that these data are not available at this URL as of 2021],Xhosa,Ken-ichi Ueda,2021-10-21T20:53:29Z
340356,isibomvu,und,"","",South African National Biodiversity Institute. 2021. Botanical Database of Southern Africa (BODATSA) [offline dataset]. http://newposa.sanbi.org [Note that these data are not available at this URL as of 2021],Xhosa,Ken-ichi Ueda,2021-10-21T20:53:30Z
340356,umbovane-ncici,und,"","",South African National Biodiversity Institute. 2021. Botanical Database of Southern Africa (BODATSA) [offline dataset]. http://newposa.sanbi.org [Note that these data are not available at this URL as of 2021],Xhosa,Ken-ichi Ueda,2021-10-21T20:53:30Z
340356,umtensema,und,"","",South African National Biodiversity Institute. 2021. Botanical Database of Southern Africa (BODATSA) [offline dataset]. http://newposa.sanbi.org [Note that these data are not available at this URL as of 2021],Xhosa,Ken-ichi Ueda,2021-10-21T20:53:30Z
557940,umhlungulu,und,"","",South African National Biodiversity Institute. 2021. Botanical Database of Southern Africa (BODATSA) [offline dataset]. http://newposa.sanbi.org [Note that these data are not available at this URL as of 2021],Xhosa,Ken-ichi Ueda,2021-10-21T20:53:31Z
557940,umnimbithi,und,"","",South African National Biodiversity Institute. 2021. Botanical Database of Southern Africa (BODATSA) [offline dataset]. http://newposa.sanbi.org [Note that these data are not available at this URL as of 2021],Xhosa,Ken-ichi Ueda,2021-10-21T20:53:31Z
557940,umnukane,und,"","",South African National Biodiversity Institute. 2021. Botanical Database of Southern Africa (BODATSA) [offline dataset]. http://newposa.sanbi.org [Note that these data are not available at this URL as of 2021],Xhosa,Ken-ichi Ueda,2021-10-21T20:53:31Z
557940,umNukani,und,"","",South African National Biodiversity Institute. 2021. Botanical Database of Southern Africa (BODATSA) [offline dataset]. http://newposa.sanbi.org [Note that these data are not available at this URL as of 2021],Xhosa,Ken-ichi Ueda,2021-10-21T20:53:32Z
600390,igqwanxe,und,"","",South African National Biodiversity Institute. 2021. Botanical Database of Southern Africa (BODATSA) [offline dataset]. http://newposa.sanbi.org [Note that these data are not available at this URL as of 2021],Xhosa,Ken-ichi Ueda,2021-10-21T20:53:32Z
600390,umnquma-swile,und,"","",South African National Biodiversity Institute. 2021. Botanical Database of Southern Africa (BODATSA) [offline dataset]. http://newposa.sanbi.org [Note that these data are not available at this URL as of 2021],Xhosa,Ken-ichi Ueda,2021-10-21T20:53:32Z
524915,ugqwangxe,und,"","",South African National Biodiversity Institute. 2021. Botanical Database of Southern Africa (BODATSA) [offline dataset]. http://newposa.sanbi.org [Note that these data are not available at this URL as of 2021],Xhosa,Ken-ichi Ueda,2021-10-21T20:53:33Z
590756,usintlwa,und,"","",South African National Biodiversity Institute. 2021. Botanical Database of Southern Africa (BODATSA) [offline dataset]. http://newposa.sanbi.org [Note that these data are not available at this URL as of 2021],Xhosa,Ken-ichi Ueda,2021-10-21T20:53:33Z
600392,umgqukunqa,und,"","",South African National Biodiversity Institute. 2021. Botanical Database of Southern Africa (BODATSA) [offline dataset]. http://newposa.sanbi.org [Note that these data are not available at this URL as of 2021],Xhosa,Ken-ichi Ueda,2021-10-21T20:53:33Z
600392,umNqugunya,und,"","",South African National Biodiversity Institute. 2021. Botanical Database of Southern Africa (BODATSA) [offline dataset]. http://newposa.sanbi.org [Note that these data are not available at this URL as of 2021],Xhosa,Ken-ichi Ueda,2021-10-21T20:53:33Z
600392,Umqogunja,und,"","",South African National Biodiversity Institute. 2021. Botanical Database of Southern Africa (BODATSA) [offline dataset]. http://newposa.sanbi.org [Note that these data are not available at this URL as of 2021],Xhosa,Ken-ichi Ueda,2021-10-21T20:53:34Z
590764,umngona-lahlo,und,"","",South African National Biodiversity Institute. 2021. Botanical Database of Southern Africa (BODATSA) [offline dataset]. http://newposa.sanbi.org [Note that these data are not available at this URL as of 2021],Xhosa,Ken-ichi Ueda,2021-10-21T20:53:34Z
590767,inqudu,und,"","",South African National Biodiversity Institute. 2021. Botanical Database of Southern Africa (BODATSA) [offline dataset]. http://newposa.sanbi.org [Note that these data are not available at this URL as of 2021],Xhosa,Ken-ichi Ueda,2021-10-21T20:53:35Z
590767,umphanzi,und,"","",South African National Biodiversity Institute. 2021. Botanical Database of Southern Africa (BODATSA) [offline dataset]. http://newposa.sanbi.org [Note that these data are not available at this URL as of 2021],Xhosa,Ken-ichi Ueda,2021-10-21T20:53:35Z
590767,umphunzi,und,"","",South African National Biodiversity Institute. 2021. Botanical Database of Southern Africa (BODATSA) [offline dataset]. http://newposa.sanbi.org [Note that these data are not available at this URL as of 2021],Xhosa,Ken-ichi Ueda,2021-10-21T20:53:35Z
557509,ingobamakhosi,und,"","",South African National Biodiversity Institute. 2021. Botanical Database of Southern Africa (BODATSA) [offline dataset]. http://newposa.sanbi.org [Note that these data are not available at this URL as of 2021],Xhosa,Ken-ichi Ueda,2021-10-21T20:53:36Z
557509,umngenalahla,und,"","",South African National Biodiversity Institute. 2021. Botanical Database of Southern Africa (BODATSA) [offline dataset]. http://newposa.sanbi.org [Note that these data are not available at this URL as of 2021],Xhosa,Ken-ichi Ueda,2021-10-21T20:53:36Z
590770,ubuka,und,"","",South African National Biodiversity Institute. 2021. Botanical Database of Southern Africa (BODATSA) [offline dataset]. http://newposa.sanbi.org [Note that these data are not available at this URL as of 2021],Xhosa,Ken-ichi Ueda,2021-10-21T20:53:36Z
367839,Masxabana,und,"","",South African National Biodiversity Institute. 2021. Botanical Database of Southern Africa (BODATSA) [offline dataset]. http://newposa.sanbi.org [Note that these data are not available at this URL as of 2021],Xhosa,Ken-ichi Ueda,2021-10-21T20:53:37Z
590984,uqoboquba,und,"","",South African National Biodiversity Institute. 2021. Botanical Database of Southern Africa (BODATSA) [offline dataset]. http://newposa.sanbi.org [Note that these data are not available at this URL as of 2021],Xhosa,Ken-ichi Ueda,2021-10-21T20:53:37Z
527438,intekaza,und,"","",South African National Biodiversity Institute. 2021. Botanical Database of Southern Africa (BODATSA) [offline dataset]. http://newposa.sanbi.org [Note that these data are not available at this URL as of 2021],Xhosa,Ken-ichi Ueda,2021-10-21T20:53:37Z
527438,intekeza,und,"","",South African National Biodiversity Institute. 2021. Botanical Database of Southern Africa (BODATSA) [offline dataset]. http://newposa.sanbi.org [Note that these data are not available at this URL as of 2021],Xhosa,Ken-ichi Ueda,2021-10-21T20:53:38Z
527438,umbulunyathi,und,"","",South African National Biodiversity Institute. 2021. Botanical Database of Southern Africa (BODATSA) [offline dataset]. http://newposa.sanbi.org [Note that these data are not available at this URL as of 2021],Xhosa,Ken-ichi Ueda,2021-10-21T20:53:38Z
567850,inkolowane,und,"","",South African National Biodiversity Institute. 2021. Botanical Database of Southern Africa (BODATSA) [offline dataset]. http://newposa.sanbi.org [Note that these data are not available at this URL as of 2021],Xhosa,Ken-ichi Ueda,2021-10-21T20:53:38Z
567850,izotho,und,"","",South African National Biodiversity Institute. 2021. Botanical Database of Southern Africa (BODATSA) [offline dataset]. http://newposa.sanbi.org [Note that these data are not available at this URL as of 2021],Xhosa,Ken-ichi Ueda,2021-10-21T20:53:39Z
600533,isibika,und,"","",South African National Biodiversity Institute. 2021. Botanical Database of Southern Africa (BODATSA) [offline dataset]. http://newposa.sanbi.org [Note that these data are not available at this URL as of 2021],Xhosa,Ken-ichi Ueda,2021-10-21T20:53:39Z
600533,umbindi,und,"","",South African National Biodiversity Institute. 2021. Botanical Database of Southern Africa (BODATSA) [offline dataset]. http://newposa.sanbi.org [Note that these data are not available at this URL as of 2021],Xhosa,Ken-ichi Ueda,2021-10-21T20:53:39Z
591314,umphemba,und,"","",South African National Biodiversity Institute. 2021. Botanical Database of Southern Africa (BODATSA) [offline dataset]. http://newposa.sanbi.org [Note that these data are not available at this URL as of 2021],Xhosa,Ken-ichi Ueda,2021-10-21T20:53:40Z
600543,isifuku,und,"","",South African National Biodiversity Institute. 2021. Botanical Database of Southern Africa (BODATSA) [offline dataset]. http://newposa.sanbi.org [Note that these data are not available at this URL as of 2021],Xhosa,Ken-ichi Ueda,2021-10-21T20:53:40Z
591431,inwele,und,"","",South African National Biodiversity Institute. 2021. Botanical Database of Southern Africa (BODATSA) [offline dataset]. http://newposa.sanbi.org [Note that these data are not available at this URL as of 2021],Xhosa,Ken-ichi Ueda,2021-10-21T20:53:41Z
591474,ilitoba,und,"","",South African National Biodiversity Institute. 2021. Botanical Database of Southern Africa (BODATSA) [offline dataset]. http://newposa.sanbi.org [Note that these data are not available at this URL as of 2021],Xhosa,Ken-ichi Ueda,2021-10-21T20:53:42Z
591474,umhleza,und,"","",South African National Biodiversity Institute. 2021. Botanical Database of Southern Africa (BODATSA) [offline dataset]. http://newposa.sanbi.org [Note that these data are not available at this URL as of 2021],Xhosa,Ken-ichi Ueda,2021-10-21T20:53:42Z
591476,umgonogono,und,"","",South African National Biodiversity Institute. 2021. Botanical Database of Southern Africa (BODATSA) [offline dataset]. http://newposa.sanbi.org [Note that these data are not available at this URL as of 2021],Xhosa,Ken-ichi Ueda,2021-10-21T20:53:42Z
591476,umphonyana,und,"","",South African National Biodiversity Institute. 2021. Botanical Database of Southern Africa (BODATSA) [offline dataset]. http://newposa.sanbi.org [Note that these data are not available at this URL as of 2021],Xhosa,Ken-ichi Ueda,2021-10-21T20:53:43Z
591476,umponyane,und,"","",South African National Biodiversity Institute. 2021. Botanical Database of Southern Africa (BODATSA) [offline dataset]. http://newposa.sanbi.org [Note that these data are not available at this URL as of 2021],Xhosa,Ken-ichi Ueda,2021-10-21T20:53:43Z
591479,isifufufu,und,"","",South African National Biodiversity Institute. 2021. Botanical Database of Southern Africa (BODATSA) [offline dataset]. http://newposa.sanbi.org [Note that these data are not available at this URL as of 2021],Xhosa,Ken-ichi Ueda,2021-10-21T20:53:43Z
591479,mponjane,und,"","",South African National Biodiversity Institute. 2021. Botanical Database of Southern Africa (BODATSA) [offline dataset]. http://newposa.sanbi.org [Note that these data are not available at this URL as of 2021],Xhosa,Ken-ichi Ueda,2021-10-21T20:53:44Z
591479,umcilikishe,und,"","",South African National Biodiversity Institute. 2021. Botanical Database of Southern Africa (BODATSA) [offline dataset]. http://newposa.sanbi.org [Note that these data are not available at this URL as of 2021],Xhosa,Ken-ichi Ueda,2021-10-21T20:53:44Z
591479,uskolpati,und,"","",South African National Biodiversity Institute. 2021. Botanical Database of Southern Africa (BODATSA) [offline dataset]. http://newposa.sanbi.org [Note that these data are not available at this URL as of 2021],Xhosa,Ken-ichi Ueda,2021-10-21T20:53:44Z
591505,gcamche,und,"","",South African National Biodiversity Institute. 2021. Botanical Database of Southern Africa (BODATSA) [offline dataset]. http://newposa.sanbi.org [Note that these data are not available at this URL as of 2021],Xhosa,Ken-ichi Ueda,2021-10-21T20:53:45Z
591505,isifufu,und,"","",South African National Biodiversity Institute. 2021. Botanical Database of Southern Africa (BODATSA) [offline dataset]. http://newposa.sanbi.org [Note that these data are not available at this URL as of 2021],Xhosa,Ken-ichi Ueda,2021-10-21T20:53:45Z
591505,usinga-olusalugazi,und,"","",South African National Biodiversity Institute. 2021. Botanical Database of Southern Africa (BODATSA) [offline dataset]. http://newposa.sanbi.org [Note that these data are not available at this URL as of 2021],Xhosa,Ken-ichi Ueda,2021-10-21T20:53:45Z
568518,inkubele,und,"","",South African National Biodiversity Institute. 2021. Botanical Database of Southern Africa (BODATSA) [offline dataset]. http://newposa.sanbi.org [Note that these data are not available at this URL as of 2021],Xhosa,Ken-ichi Ueda,2021-10-21T20:53:46Z
600650,icikamlilo,und,"","",South African National Biodiversity Institute. 2021. Botanical Database of Southern Africa (BODATSA) [offline dataset]. http://newposa.sanbi.org [Note that these data are not available at this URL as of 2021],Xhosa,Ken-ichi Ueda,2021-10-21T20:53:46Z
600650,i-Cimamlilo,und,"","",South African National Biodiversity Institute. 2021. Botanical Database of Southern Africa (BODATSA) [offline dataset]. http://newposa.sanbi.org [Note that these data are not available at this URL as of 2021],Xhosa,Ken-ichi Ueda,2021-10-21T20:53:46Z
600650,icishamlilo,und,"","",South African National Biodiversity Institute. 2021. Botanical Database of Southern Africa (BODATSA) [offline dataset]. http://newposa.sanbi.org [Note that these data are not available at this URL as of 2021],Xhosa,Ken-ichi Ueda,2021-10-21T20:53:46Z
600650,ircebuxa,und,"","",South African National Biodiversity Institute. 2021. Botanical Database of Southern Africa (BODATSA) [offline dataset]. http://newposa.sanbi.org [Note that these data are not available at this URL as of 2021],Xhosa,Ken-ichi Ueda,2021-10-21T20:53:47Z
600650,iRubuxa,und,"","",South African National Biodiversity Institute. 2021. Botanical Database of Southern Africa (BODATSA) [offline dataset]. http://newposa.sanbi.org [Note that these data are not available at this URL as of 2021],Xhosa,Ken-ichi Ueda,2021-10-21T20:53:47Z
600650,isiCimamlilo,und,"","",South African National Biodiversity Institute. 2021. Botanical Database of Southern Africa (BODATSA) [offline dataset]. http://newposa.sanbi.org [Note that these data are not available at this URL as of 2021],Xhosa,Ken-ichi Ueda,2021-10-21T20:53:47Z
166729,idama,und,"","",South African National Biodiversity Institute. 2021. Botanical Database of Southern Africa (BODATSA) [offline dataset]. http://newposa.sanbi.org [Note that these data are not available at this URL as of 2021],Xhosa,Ken-ichi Ueda,2021-10-21T20:53:48Z
61374,impungempu,und,"","",South African National Biodiversity Institute. 2021. Botanical Database of Southern Africa (BODATSA) [offline dataset]. http://newposa.sanbi.org [Note that these data are not available at this URL as of 2021],Xhosa,Ken-ichi Ueda,2021-10-21T20:53:48Z
51988,iguzu,und,"","",South African National Biodiversity Institute. 2021. Botanical Database of Southern Africa (BODATSA) [offline dataset]. http://newposa.sanbi.org [Note that these data are not available at this URL as of 2021],Xhosa,Ken-ichi Ueda,2021-10-21T20:53:48Z
592153,umnyanja,und,"","",South African National Biodiversity Institute. 2021. Botanical Database of Southern Africa (BODATSA) [offline dataset]. http://newposa.sanbi.org [Note that these data are not available at this URL as of 2021],Xhosa,Ken-ichi Ueda,2021-10-21T20:53:49Z
155483,amahashe,und,"","",South African National Biodiversity Institute. 2021. Botanical Database of Southern Africa (BODATSA) [offline dataset]. http://newposa.sanbi.org [Note that these data are not available at this URL as of 2021],Xhosa,Ken-ichi Ueda,2021-10-21T20:53:49Z
155483,ayatsala,und,"","",South African National Biodiversity Institute. 2021. Botanical Database of Southern Africa (BODATSA) [offline dataset]. http://newposa.sanbi.org [Note that these data are not available at this URL as of 2021],Xhosa,Ken-ichi Ueda,2021-10-21T20:53:49Z
155483,umnanja,und,"","",South African National Biodiversity Institute. 2021. Botanical Database of Southern Africa (BODATSA) [offline dataset]. http://newposa.sanbi.org [Note that these data are not available at this URL as of 2021],Xhosa,Ken-ichi Ueda,2021-10-21T20:53:50Z
166935,umGqwengqwe,und,"","",South African National Biodiversity Institute. 2021. Botanical Database of Southern Africa (BODATSA) [offline dataset]. http://newposa.sanbi.org [Note that these data are not available at this URL as of 2021],Xhosa,Ken-ichi Ueda,2021-10-21T20:53:50Z
166935,umkhwenkhwe,und,"","",South African National Biodiversity Institute. 2021. Botanical Database of Southern Africa (BODATSA) [offline dataset]. http://newposa.sanbi.org [Note that these data are not available at this URL as of 2021],Xhosa,Ken-ichi Ueda,2021-10-21T20:53:50Z
166935,umkwenkwe,und,"","",South African National Biodiversity Institute. 2021. Botanical Database of Southern Africa (BODATSA) [offline dataset]. http://newposa.sanbi.org [Note that these data are not available at this URL as of 2021],Xhosa,Ken-ichi Ueda,2021-10-21T20:53:51Z
1278864,itapile,und,"","",South African National Biodiversity Institute. 2021. Botanical Database of Southern Africa (BODATSA) [offline dataset]. http://newposa.sanbi.org [Note that these data are not available at this URL as of 2021],Xhosa,Ken-ichi Ueda,2021-10-21T20:53:51Z
500502,mbomvana,und,"","",South African National Biodiversity Institute. 2021. Botanical Database of Southern Africa (BODATSA) [offline dataset]. http://newposa.sanbi.org [Note that these data are not available at this URL as of 2021],Xhosa,Ken-ichi Ueda,2021-10-21T20:53:51Z
500502,umBovane-ontsaka,und,"","",South African National Biodiversity Institute. 2021. Botanical Database of Southern Africa (BODATSA) [offline dataset]. http://newposa.sanbi.org [Note that these data are not available at this URL as of 2021],Xhosa,Ken-ichi Ueda,2021-10-21T20:53:52Z
500502,umngqangqa,und,"","",South African National Biodiversity Institute. 2021. Botanical Database of Southern Africa (BODATSA) [offline dataset]. http://newposa.sanbi.org [Note that these data are not available at this URL as of 2021],Xhosa,Ken-ichi Ueda,2021-10-21T20:53:52Z
500502,umThunyelo,und,"","",South African National Biodiversity Institute. 2021. Botanical Database of Southern Africa (BODATSA) [offline dataset]. http://newposa.sanbi.org [Note that these data are not available at this URL as of 2021],Xhosa,Ken-ichi Ueda,2021-10-21T20:53:52Z
500502,umthunywalele,und,"","",South African National Biodiversity Institute. 2021. Botanical Database of Southern Africa (BODATSA) [offline dataset]. http://newposa.sanbi.org [Note that these data are not available at this URL as of 2021],Xhosa,Ken-ichi Ueda,2021-10-21T20:53:53Z
78631,umatshintshine,und,"","",South African National Biodiversity Institute. 2021. Botanical Database of Southern Africa (BODATSA) [offline dataset]. http://newposa.sanbi.org [Note that these data are not available at this URL as of 2021],Xhosa,Ken-ichi Ueda,2021-10-21T20:53:53Z
78631,umthiwa-amadoda,und,"","",South African National Biodiversity Institute. 2021. Botanical Database of Southern Africa (BODATSA) [offline dataset]. http://newposa.sanbi.org [Note that these data are not available at this URL as of 2021],Xhosa,Ken-ichi Ueda,2021-10-21T20:53:53Z
78631,umuthi wamadoda,und,"","",South African National Biodiversity Institute. 2021. Botanical Database of Southern Africa (BODATSA) [offline dataset]. http://newposa.sanbi.org [Note that these data are not available at this URL as of 2021],Xhosa,Ken-ichi Ueda,2021-10-21T20:53:53Z
136323,umkolaya,und,"","",South African National Biodiversity Institute. 2021. Botanical Database of Southern Africa (BODATSA) [offline dataset]. http://newposa.sanbi.org [Note that these data are not available at this URL as of 2021],Xhosa,Ken-ichi Ueda,2021-10-21T20:53:54Z
136323,umngcondo,und,"","",South African National Biodiversity Institute. 2021. Botanical Database of Southern Africa (BODATSA) [offline dataset]. http://newposa.sanbi.org [Note that these data are not available at this URL as of 2021],Xhosa,Ken-ichi Ueda,2021-10-21T20:53:54Z
132930,umceya,und,"","",South African National Biodiversity Institute. 2021. Botanical Database of Southern Africa (BODATSA) [offline dataset]. http://newposa.sanbi.org [Note that these data are not available at this URL as of 2021],Xhosa,Ken-ichi Ueda,2021-10-21T20:53:55Z
132930,umkoba,und,"","",South African National Biodiversity Institute. 2021. Botanical Database of Southern Africa (BODATSA) [offline dataset]. http://newposa.sanbi.org [Note that these data are not available at this URL as of 2021],Xhosa,Ken-ichi Ueda,2021-10-21T20:53:55Z
592315,amangabangaba,und,"","",South African National Biodiversity Institute. 2021. Botanical Database of Southern Africa (BODATSA) [offline dataset]. http://newposa.sanbi.org [Note that these data are not available at this URL as of 2021],Xhosa,Ken-ichi Ueda,2021-10-21T20:53:55Z
592315,behlungulu,und,"","",South African National Biodiversity Institute. 2021. Botanical Database of Southern Africa (BODATSA) [offline dataset]. http://newposa.sanbi.org [Note that these data are not available at this URL as of 2021],Xhosa,Ken-ichi Ueda,2021-10-21T20:53:56Z
569505,thembupolygala,und,"","",South African National Biodiversity Institute. 2021. Botanical Database of Southern Africa (BODATSA) [offline dataset]. http://newposa.sanbi.org [Note that these data are not available at this URL as of 2021],Xhosa,Ken-ichi Ueda,2021-10-21T20:53:56Z
181610,ulopesi,und,"","",South African National Biodiversity Institute. 2021. Botanical Database of Southern Africa (BODATSA) [offline dataset]. http://newposa.sanbi.org [Note that these data are not available at this URL as of 2021],Xhosa,Ken-ichi Ueda,2021-10-21T20:53:56Z
181610,umabala-bala,und,"","",South African National Biodiversity Institute. 2021. Botanical Database of Southern Africa (BODATSA) [offline dataset]. http://newposa.sanbi.org [Note that these data are not available at this URL as of 2021],Xhosa,Ken-ichi Ueda,2021-10-21T20:53:57Z
405101,umobopha,und,"","",South African National Biodiversity Institute. 2021. Botanical Database of Southern Africa (BODATSA) [offline dataset]. http://newposa.sanbi.org [Note that these data are not available at this URL as of 2021],Xhosa,Ken-ichi Ueda,2021-10-21T20:53:57Z
600813,umabopha,und,"","",South African National Biodiversity Institute. 2021. Botanical Database of Southern Africa (BODATSA) [offline dataset]. http://newposa.sanbi.org [Note that these data are not available at this URL as of 2021],Xhosa,Ken-ichi Ueda,2021-10-21T20:53:57Z
58991,igwanitsha,und,"","",South African National Biodiversity Institute. 2021. Botanical Database of Southern Africa (BODATSA) [offline dataset]. http://newposa.sanbi.org [Note that these data are not available at this URL as of 2021],Xhosa,Ken-ichi Ueda,2021-10-21T20:53:58Z
426476,amalenjani,und,"","",South African National Biodiversity Institute. 2021. Botanical Database of Southern Africa (BODATSA) [offline dataset]. http://newposa.sanbi.org [Note that these data are not available at this URL as of 2021],Xhosa,Ken-ichi Ueda,2021-10-21T20:53:58Z
426476,myeyane,und,"","",South African National Biodiversity Institute. 2021. Botanical Database of Southern Africa (BODATSA) [offline dataset]. http://newposa.sanbi.org [Note that these data are not available at this URL as of 2021],Xhosa,Ken-ichi Ueda,2021-10-21T20:53:58Z
326086,igqwanitsha,und,"","",South African National Biodiversity Institute. 2021. Botanical Database of Southern Africa (BODATSA) [offline dataset]. http://newposa.sanbi.org [Note that these data are not available at this URL as of 2021],Xhosa,Ken-ichi Ueda,2021-10-21T20:53:58Z
326086,igwanishe,und,"","",South African National Biodiversity Institute. 2021. Botanical Database of Southern Africa (BODATSA) [offline dataset]. http://newposa.sanbi.org [Note that these data are not available at this URL as of 2021],Xhosa,Ken-ichi Ueda,2021-10-21T20:53:59Z
326086,umfayisele,und,"","",South African National Biodiversity Institute. 2021. Botanical Database of Southern Africa (BODATSA) [offline dataset]. http://newposa.sanbi.org [Note that these data are not available at this URL as of 2021],Xhosa,Ken-ichi Ueda,2021-10-21T20:53:59Z
326086,umfayisele wehlathi,und,"","",South African National Biodiversity Institute. 2021. Botanical Database of Southern Africa (BODATSA) [offline dataset]. http://newposa.sanbi.org [Note that these data are not available at this URL as of 2021],Xhosa,Ken-ichi Ueda,2021-10-21T20:53:59Z
78707,ikhubalo lomkhondo wempahla,und,"","",South African National Biodiversity Institute. 2021. Botanical Database of Southern Africa (BODATSA) [offline dataset]. http://newposa.sanbi.org [Note that these data are not available at this URL as of 2021],Xhosa,Ken-ichi Ueda,2021-10-21T20:54:00Z
592460,umchachambane,und,"","",South African National Biodiversity Institute. 2021. Botanical Database of Southern Africa (BODATSA) [offline dataset]. http://newposa.sanbi.org [Note that these data are not available at this URL as of 2021],Xhosa,Ken-ichi Ueda,2021-10-21T20:54:00Z
592460,umtyatyambane,und,"","",South African National Biodiversity Institute. 2021. Botanical Database of Southern Africa (BODATSA) [offline dataset]. http://newposa.sanbi.org [Note that these data are not available at this URL as of 2021],Xhosa,Ken-ichi Ueda,2021-10-21T20:54:00Z
436918,intsikane,und,"","",South African National Biodiversity Institute. 2021. Botanical Database of Southern Africa (BODATSA) [offline dataset]. http://newposa.sanbi.org [Note that these data are not available at this URL as of 2021],Xhosa,Ken-ichi Ueda,2021-10-21T20:54:01Z
132848,Indlungi,und,"","",South African National Biodiversity Institute. 2021. Botanical Database of Southern Africa (BODATSA) [offline dataset]. http://newposa.sanbi.org [Note that these data are not available at this URL as of 2021],Xhosa,Ken-ichi Ueda,2021-10-21T20:54:04Z
132848,Isindhlunge,und,"","",South African National Biodiversity Institute. 2021. Botanical Database of Southern Africa (BODATSA) [offline dataset]. http://newposa.sanbi.org [Note that these data are not available at this URL as of 2021],Xhosa,Ken-ichi Ueda,2021-10-21T20:54:04Z
132848,Isindhlungu,und,"","",South African National Biodiversity Institute. 2021. Botanical Database of Southern Africa (BODATSA) [offline dataset]. http://newposa.sanbi.org [Note that these data are not available at this URL as of 2021],Xhosa,Ken-ichi Ueda,2021-10-21T20:54:05Z
132848,Isiqalaba,und,"","",South African National Biodiversity Institute. 2021. Botanical Database of Southern Africa (BODATSA) [offline dataset]. http://newposa.sanbi.org [Note that these data are not available at this URL as of 2021],Xhosa,Ken-ichi Ueda,2021-10-21T20:54:05Z
132848,Isiqwane,und,"","",South African National Biodiversity Institute. 2021. Botanical Database of Southern Africa (BODATSA) [offline dataset]. http://newposa.sanbi.org [Note that these data are not available at this URL as of 2021],Xhosa,Ken-ichi Ueda,2021-10-21T20:54:05Z
132848,Izadlung,und,"","",South African National Biodiversity Institute. 2021. Botanical Database of Southern Africa (BODATSA) [offline dataset]. http://newposa.sanbi.org [Note that these data are not available at this URL as of 2021],Xhosa,Ken-ichi Ueda,2021-10-21T20:54:06Z
568506,chirapanzungu,und,"","",South African National Biodiversity Institute. 2021. Botanical Database of Southern Africa (BODATSA) [offline dataset]. http://newposa.sanbi.org [Note that these data are not available at this URL as of 2021],Xhosa,Ken-ichi Ueda,2021-10-21T20:54:06Z
568506,mubonda,und,"","",South African National Biodiversity Institute. 2021. Botanical Database of Southern Africa (BODATSA) [offline dataset]. http://newposa.sanbi.org [Note that these data are not available at this URL as of 2021],Xhosa,Ken-ichi Ueda,2021-10-21T20:54:06Z
568506,Muririra,und,"","",South African National Biodiversity Institute. 2021. Botanical Database of Southern Africa (BODATSA) [offline dataset]. http://newposa.sanbi.org [Note that these data are not available at this URL as of 2021],Xhosa,Ken-ichi Ueda,2021-10-21T20:54:07Z
568506,musitsuru,und,"","",South African National Biodiversity Institute. 2021. Botanical Database of Southern Africa (BODATSA) [offline dataset]. http://newposa.sanbi.org [Note that these data are not available at this URL as of 2021],Xhosa,Ken-ichi Ueda,2021-10-21T20:54:07Z
515952,Adlunge,und,"","",South African National Biodiversity Institute. 2021. Botanical Database of Southern Africa (BODATSA) [offline dataset]. http://newposa.sanbi.org [Note that these data are not available at this URL as of 2021],Xhosa,Ken-ichi Ueda,2021-10-21T20:54:07Z
515952,isAdlunge,und,"","",South African National Biodiversity Institute. 2021. Botanical Database of Southern Africa (BODATSA) [offline dataset]. http://newposa.sanbi.org [Note that these data are not available at this URL as of 2021],Xhosa,Ken-ichi Ueda,2021-10-21T20:54:07Z
355849,isiquane,und,"","",South African National Biodiversity Institute. 2021. Botanical Database of Southern Africa (BODATSA) [offline dataset]. http://newposa.sanbi.org [Note that these data are not available at this URL as of 2021],Xhosa,Ken-ichi Ueda,2021-10-21T20:54:08Z
521001,Sekile,und,"","",South African National Biodiversity Institute. 2021. Botanical Database of Southern Africa (BODATSA) [offline dataset]. http://newposa.sanbi.org [Note that these data are not available at this URL as of 2021],Xhosa,Ken-ichi Ueda,2021-10-21T20:54:08Z
521001,Seqalaba,und,"","",South African National Biodiversity Institute. 2021. Botanical Database of Southern Africa (BODATSA) [offline dataset]. http://newposa.sanbi.org [Note that these data are not available at this URL as of 2021],Xhosa,Ken-ichi Ueda,2021-10-21T20:54:09Z
521001,uQhambathi,und,"","",South African National Biodiversity Institute. 2021. Botanical Database of Southern Africa (BODATSA) [offline dataset]. http://newposa.sanbi.org [Note that these data are not available at this URL as of 2021],Xhosa,Ken-ichi Ueda,2021-10-21T20:54:09Z
405256,isiqane,und,"","",South African National Biodiversity Institute. 2021. Botanical Database of Southern Africa (BODATSA) [offline dataset]. http://newposa.sanbi.org [Note that these data are not available at this URL as of 2021],Xhosa,Ken-ichi Ueda,2021-10-21T20:54:09Z
405256,Seqalaba-se-sesweu,und,"","",South African National Biodiversity Institute. 2021. Botanical Database of Southern Africa (BODATSA) [offline dataset]. http://newposa.sanbi.org [Note that these data are not available at this URL as of 2021],Xhosa,Ken-ichi Ueda,2021-10-21T20:54:09Z
367323,iKhubalo,und,"","",South African National Biodiversity Institute. 2021. Botanical Database of Southern Africa (BODATSA) [offline dataset]. http://newposa.sanbi.org [Note that these data are not available at this URL as of 2021],Xhosa,Ken-ichi Ueda,2021-10-21T20:54:10Z
367323,umHluthi,und,"","",South African National Biodiversity Institute. 2021. Botanical Database of Southern Africa (BODATSA) [offline dataset]. http://newposa.sanbi.org [Note that these data are not available at this URL as of 2021],Xhosa,Ken-ichi Ueda,2021-10-21T20:54:10Z
367323,umHluthi-wezinja,und,"","",South African National Biodiversity Institute. 2021. Botanical Database of Southern Africa (BODATSA) [offline dataset]. http://newposa.sanbi.org [Note that these data are not available at this URL as of 2021],Xhosa,Ken-ichi Ueda,2021-10-21T20:54:10Z
367323,umKhambathi,und,"","",South African National Biodiversity Institute. 2021. Botanical Database of Southern Africa (BODATSA) [offline dataset]. http://newposa.sanbi.org [Note that these data are not available at this URL as of 2021],Xhosa,Ken-ichi Ueda,2021-10-21T20:54:11Z
367323,umkhomiso,und,"","",South African National Biodiversity Institute. 2021. Botanical Database of Southern Africa (BODATSA) [offline dataset]. http://newposa.sanbi.org [Note that these data are not available at this URL as of 2021],Xhosa,Ken-ichi Ueda,2021-10-21T20:54:11Z
367323,umKhumiso,und,"","",South African National Biodiversity Institute. 2021. Botanical Database of Southern Africa (BODATSA) [offline dataset]. http://newposa.sanbi.org [Note that these data are not available at this URL as of 2021],Xhosa,Ken-ichi Ueda,2021-10-21T20:54:11Z
367323,umkomiso,und,"","",South African National Biodiversity Institute. 2021. Botanical Database of Southern Africa (BODATSA) [offline dataset]. http://newposa.sanbi.org [Note that these data are not available at this URL as of 2021],Xhosa,Ken-ichi Ueda,2021-10-21T20:54:12Z
367323,umpupati,und,"","",South African National Biodiversity Institute. 2021. Botanical Database of Southern Africa (BODATSA) [offline dataset]. http://newposa.sanbi.org [Note that these data are not available at this URL as of 2021],Xhosa,Ken-ichi Ueda,2021-10-21T20:54:12Z
367323,uZintlwa,und,"","",South African National Biodiversity Institute. 2021. Botanical Database of Southern Africa (BODATSA) [offline dataset]. http://newposa.sanbi.org [Note that these data are not available at this URL as of 2021],Xhosa,Ken-ichi Ueda,2021-10-21T20:54:12Z
435322,inyazangoma,und,"","",South African National Biodiversity Institute. 2021. Botanical Database of Southern Africa (BODATSA) [offline dataset]. http://newposa.sanbi.org [Note that these data are not available at this URL as of 2021],Xhosa,Ken-ichi Ueda,2021-10-21T20:54:13Z
435322,itywina-elikhul,und,"","",South African National Biodiversity Institute. 2021. Botanical Database of Southern Africa (BODATSA) [offline dataset]. http://newposa.sanbi.org [Note that these data are not available at this URL as of 2021],Xhosa,Ken-ichi Ueda,2021-10-21T20:54:13Z
435322,itywina-elikhulu,und,"","",South African National Biodiversity Institute. 2021. Botanical Database of Southern Africa (BODATSA) [offline dataset]. http://newposa.sanbi.org [Note that these data are not available at this URL as of 2021],Xhosa,Ken-ichi Ueda,2021-10-21T20:54:13Z
435322,umdumizulu,und,"","",South African National Biodiversity Institute. 2021. Botanical Database of Southern Africa (BODATSA) [offline dataset]. http://newposa.sanbi.org [Note that these data are not available at this URL as of 2021],Xhosa,Ken-ichi Ueda,2021-10-21T20:54:14Z
435322,umkakase,und,"","",South African National Biodiversity Institute. 2021. Botanical Database of Southern Africa (BODATSA) [offline dataset]. http://newposa.sanbi.org [Note that these data are not available at this URL as of 2021],Xhosa,Ken-ichi Ueda,2021-10-21T20:54:14Z
435322,umkhakhase,und,"","",South African National Biodiversity Institute. 2021. Botanical Database of Southern Africa (BODATSA) [offline dataset]. http://newposa.sanbi.org [Note that these data are not available at this URL as of 2021],Xhosa,Ken-ichi Ueda,2021-10-21T20:54:14Z
435322,umKhakhazi,und,"","",South African National Biodiversity Institute. 2021. Botanical Database of Southern Africa (BODATSA) [offline dataset]. http://newposa.sanbi.org [Note that these data are not available at this URL as of 2021],Xhosa,Ken-ichi Ueda,2021-10-21T20:54:14Z
592626,umhlonitshwa,und,"","",South African National Biodiversity Institute. 2021. Botanical Database of Southern Africa (BODATSA) [offline dataset]. http://newposa.sanbi.org [Note that these data are not available at this URL as of 2021],Xhosa,Ken-ichi Ueda,2021-10-21T20:54:15Z
431505,umgono-gono,und,"","",South African National Biodiversity Institute. 2021. Botanical Database of Southern Africa (BODATSA) [offline dataset]. http://newposa.sanbi.org [Note that these data are not available at this URL as of 2021],Xhosa,Ken-ichi Ueda,2021-10-21T20:54:15Z
592653,umbombemfene,und,"","",South African National Biodiversity Institute. 2021. Botanical Database of Southern Africa (BODATSA) [offline dataset]. http://newposa.sanbi.org [Note that these data are not available at this URL as of 2021],Xhosa,Ken-ichi Ueda,2021-10-21T20:54:17Z
472436,umgupe,und,"","",South African National Biodiversity Institute. 2021. Botanical Database of Southern Africa (BODATSA) [offline dataset]. http://newposa.sanbi.org [Note that these data are not available at this URL as of 2021],Xhosa,Ken-ichi Ueda,2021-10-21T20:54:17Z
431512,omtata,und,"","",South African National Biodiversity Institute. 2021. Botanical Database of Southern Africa (BODATSA) [offline dataset]. http://newposa.sanbi.org [Note that these data are not available at this URL as of 2021],Xhosa,Ken-ichi Ueda,2021-10-21T20:54:18Z
431512,umtata,und,"","",South African National Biodiversity Institute. 2021. Botanical Database of Southern Africa (BODATSA) [offline dataset]. http://newposa.sanbi.org [Note that these data are not available at this URL as of 2021],Xhosa,Ken-ichi Ueda,2021-10-21T20:54:18Z
431512,Umthathe,und,"","",South African National Biodiversity Institute. 2021. Botanical Database of Southern Africa (BODATSA) [offline dataset]. http://newposa.sanbi.org [Note that these data are not available at this URL as of 2021],Xhosa,Ken-ichi Ueda,2021-10-21T20:54:18Z
431512,umthathi,und,"","",South African National Biodiversity Institute. 2021. Botanical Database of Southern Africa (BODATSA) [offline dataset]. http://newposa.sanbi.org [Note that these data are not available at this URL as of 2021],Xhosa,Ken-ichi Ueda,2021-10-21T20:54:19Z
431512,umthote,und,"","",South African National Biodiversity Institute. 2021. Botanical Database of Southern Africa (BODATSA) [offline dataset]. http://newposa.sanbi.org [Note that these data are not available at this URL as of 2021],Xhosa,Ken-ichi Ueda,2021-10-21T20:54:19Z
431512,unthothe,und,"","",South African National Biodiversity Institute. 2021. Botanical Database of Southern Africa (BODATSA) [offline dataset]. http://newposa.sanbi.org [Note that these data are not available at this URL as of 2021],Xhosa,Ken-ichi Ueda,2021-10-21T20:54:19Z
592660,ibholo,und,"","",South African National Biodiversity Institute. 2021. Botanical Database of Southern Africa (BODATSA) [offline dataset]. http://newposa.sanbi.org [Note that these data are not available at this URL as of 2021],Xhosa,Ken-ichi Ueda,2021-10-21T20:54:19Z
592660,inqayi-elimbomvu,und,"","",South African National Biodiversity Institute. 2021. Botanical Database of Southern Africa (BODATSA) [offline dataset]. http://newposa.sanbi.org [Note that these data are not available at this URL as of 2021],Xhosa,Ken-ichi Ueda,2021-10-21T20:54:20Z
592660,umGobandlovu,und,"","",South African National Biodiversity Institute. 2021. Botanical Database of Southern Africa (BODATSA) [offline dataset]. http://newposa.sanbi.org [Note that these data are not available at this URL as of 2021],Xhosa,Ken-ichi Ueda,2021-10-21T20:54:20Z
592662,itywina,und,"","",South African National Biodiversity Institute. 2021. Botanical Database of Southern Africa (BODATSA) [offline dataset]. http://newposa.sanbi.org [Note that these data are not available at this URL as of 2021],Xhosa,Ken-ichi Ueda,2021-10-21T20:54:20Z
526208,ibolo,und,"","",South African National Biodiversity Institute. 2021. Botanical Database of Southern Africa (BODATSA) [offline dataset]. http://newposa.sanbi.org [Note that these data are not available at this URL as of 2021],Xhosa,Ken-ichi Ueda,2021-10-21T20:54:21Z
526208,itwyina,und,"","",South African National Biodiversity Institute. 2021. Botanical Database of Southern Africa (BODATSA) [offline dataset]. http://newposa.sanbi.org [Note that these data are not available at this URL as of 2021],Xhosa,Ken-ichi Ueda,2021-10-21T20:54:21Z
526208,uGobandlovu,und,"","",South African National Biodiversity Institute. 2021. Botanical Database of Southern Africa (BODATSA) [offline dataset]. http://newposa.sanbi.org [Note that these data are not available at this URL as of 2021],Xhosa,Ken-ichi Ueda,2021-10-21T20:54:21Z
526208,umgobandlovu,und,"","",South African National Biodiversity Institute. 2021. Botanical Database of Southern Africa (BODATSA) [offline dataset]. http://newposa.sanbi.org [Note that these data are not available at this URL as of 2021],Xhosa,Ken-ichi Ueda,2021-10-21T20:54:22Z
526208,utwina,und,"","",South African National Biodiversity Institute. 2021. Botanical Database of Southern Africa (BODATSA) [offline dataset]. http://newposa.sanbi.org [Note that these data are not available at this URL as of 2021],Xhosa,Ken-ichi Ueda,2021-10-21T20:54:22Z
526208,utwyina,und,"","",South African National Biodiversity Institute. 2021. Botanical Database of Southern Africa (BODATSA) [offline dataset]. http://newposa.sanbi.org [Note that these data are not available at this URL as of 2021],Xhosa,Ken-ichi Ueda,2021-10-21T20:54:22Z
526208,utywina,und,"","",South African National Biodiversity Institute. 2021. Botanical Database of Southern Africa (BODATSA) [offline dataset]. http://newposa.sanbi.org [Note that these data are not available at this URL as of 2021],Xhosa,Ken-ichi Ueda,2021-10-21T20:54:23Z
524315,intlangwana,und,"","",South African National Biodiversity Institute. 2021. Botanical Database of Southern Africa (BODATSA) [offline dataset]. http://newposa.sanbi.org [Note that these data are not available at this URL as of 2021],Xhosa,Ken-ichi Ueda,2021-10-21T20:54:23Z
592777,inthlangwana,und,"","",South African National Biodiversity Institute. 2021. Botanical Database of Southern Africa (BODATSA) [offline dataset]. http://newposa.sanbi.org [Note that these data are not available at this URL as of 2021],Xhosa,Ken-ichi Ueda,2021-10-21T20:54:23Z
1246931,umquotho,und,"","",South African National Biodiversity Institute. 2021. Botanical Database of Southern Africa (BODATSA) [offline dataset]. http://newposa.sanbi.org [Note that these data are not available at this URL as of 2021],Xhosa,Ken-ichi Ueda,2021-10-21T20:54:24Z
578244,isiqalaba-sehla,und,"","",South African National Biodiversity Institute. 2021. Botanical Database of Southern Africa (BODATSA) [offline dataset]. http://newposa.sanbi.org [Note that these data are not available at this URL as of 2021],Xhosa,Ken-ichi Ueda,2021-10-21T20:54:24Z
578244,isiqalaba-sehlathi,und,"","",South African National Biodiversity Institute. 2021. Botanical Database of Southern Africa (BODATSA) [offline dataset]. http://newposa.sanbi.org [Note that these data are not available at this URL as of 2021],Xhosa,Ken-ichi Ueda,2021-10-21T20:54:24Z
578244,isiqwandashube,und,"","",South African National Biodiversity Institute. 2021. Botanical Database of Southern Africa (BODATSA) [offline dataset]. http://newposa.sanbi.org [Note that these data are not available at this URL as of 2021],Xhosa,Ken-ichi Ueda,2021-10-21T20:54:25Z
578244,isiQwandwemshube,und,"","",South African National Biodiversity Institute. 2021. Botanical Database of Southern Africa (BODATSA) [offline dataset]. http://newposa.sanbi.org [Note that these data are not available at this URL as of 2021],Xhosa,Ken-ichi Ueda,2021-10-21T20:54:25Z
578244,isiQwane sehlathi,und,"","",South African National Biodiversity Institute. 2021. Botanical Database of Southern Africa (BODATSA) [offline dataset]. http://newposa.sanbi.org [Note that these data are not available at this URL as of 2021],Xhosa,Ken-ichi Ueda,2021-10-21T20:54:25Z
578244,isiqwane sehlhathi,und,"","",South African National Biodiversity Institute. 2021. Botanical Database of Southern Africa (BODATSA) [offline dataset]. http://newposa.sanbi.org [Note that these data are not available at this URL as of 2021],Xhosa,Ken-ichi Ueda,2021-10-21T20:54:26Z
578244,isiqwane we-hlati,und,"","",South African National Biodiversity Institute. 2021. Botanical Database of Southern Africa (BODATSA) [offline dataset]. http://newposa.sanbi.org [Note that these data are not available at this URL as of 2021],Xhosa,Ken-ichi Ueda,2021-10-21T20:54:26Z
578244,isiqwane-sehlathi,und,"","",South African National Biodiversity Institute. 2021. Botanical Database of Southern Africa (BODATSA) [offline dataset]. http://newposa.sanbi.org [Note that these data are not available at this URL as of 2021],Xhosa,Ken-ichi Ueda,2021-10-21T20:54:26Z
578244,isiqwani-sehlathi,und,"","",South African National Biodiversity Institute. 2021. Botanical Database of Southern Africa (BODATSA) [offline dataset]. http://newposa.sanbi.org [Note that these data are not available at this URL as of 2021],Xhosa,Ken-ichi Ueda,2021-10-21T20:54:26Z
592860,mzizi,und,"","",South African National Biodiversity Institute. 2021. Botanical Database of Southern Africa (BODATSA) [offline dataset]. http://newposa.sanbi.org [Note that these data are not available at this URL as of 2021],Xhosa,Ken-ichi Ueda,2021-10-21T20:54:27Z
577859,intsema,und,"","",South African National Biodiversity Institute. 2021. Botanical Database of Southern Africa (BODATSA) [offline dataset]. http://newposa.sanbi.org [Note that these data are not available at this URL as of 2021],Xhosa,Ken-ichi Ueda,2021-10-21T20:54:27Z
133551,umlongo,und,"","",South African National Biodiversity Institute. 2021. Botanical Database of Southern Africa (BODATSA) [offline dataset]. http://newposa.sanbi.org [Note that these data are not available at this URL as of 2021],Xhosa,Ken-ichi Ueda,2021-10-21T20:54:29Z
133551,umnqandabukuku,und,"","",South African National Biodiversity Institute. 2021. Botanical Database of Southern Africa (BODATSA) [offline dataset]. http://newposa.sanbi.org [Note that these data are not available at this URL as of 2021],Xhosa,Ken-ichi Ueda,2021-10-21T20:54:30Z
133551,umnqayi maphuthi,und,"","",South African National Biodiversity Institute. 2021. Botanical Database of Southern Africa (BODATSA) [offline dataset]. http://newposa.sanbi.org [Note that these data are not available at this URL as of 2021],Xhosa,Ken-ichi Ueda,2021-10-21T20:54:30Z
133551,umnqayi weputi,und,"","",South African National Biodiversity Institute. 2021. Botanical Database of Southern Africa (BODATSA) [offline dataset]. http://newposa.sanbi.org [Note that these data are not available at this URL as of 2021],Xhosa,Ken-ichi Ueda,2021-10-21T20:54:30Z
133551,umnqayi-masende,und,"","",South African National Biodiversity Institute. 2021. Botanical Database of Southern Africa (BODATSA) [offline dataset]. http://newposa.sanbi.org [Note that these data are not available at this URL as of 2021],Xhosa,Ken-ichi Ueda,2021-10-21T20:54:31Z
593043,ulunyenye,und,"","",South African National Biodiversity Institute. 2021. Botanical Database of Southern Africa (BODATSA) [offline dataset]. http://newposa.sanbi.org [Note that these data are not available at this URL as of 2021],Xhosa,Ken-ichi Ueda,2021-10-21T20:54:31Z
593043,umflindi,und,"","",South African National Biodiversity Institute. 2021. Botanical Database of Southern Africa (BODATSA) [offline dataset]. http://newposa.sanbi.org [Note that these data are not available at this URL as of 2021],Xhosa,Ken-ichi Ueda,2021-10-21T20:54:31Z
593043,umlindi,und,"","",South African National Biodiversity Institute. 2021. Botanical Database of Southern Africa (BODATSA) [offline dataset]. http://newposa.sanbi.org [Note that these data are not available at this URL as of 2021],Xhosa,Ken-ichi Ueda,2021-10-21T20:54:32Z
593043,umnyenye,und,"","",South African National Biodiversity Institute. 2021. Botanical Database of Southern Africa (BODATSA) [offline dataset]. http://newposa.sanbi.org [Note that these data are not available at this URL as of 2021],Xhosa,Ken-ichi Ueda,2021-10-21T20:54:32Z
593043,unyenya,und,"","",South African National Biodiversity Institute. 2021. Botanical Database of Southern Africa (BODATSA) [offline dataset]. http://newposa.sanbi.org [Note that these data are not available at this URL as of 2021],Xhosa,Ken-ichi Ueda,2021-10-21T20:54:32Z
593077,intwanza,und,"","",South African National Biodiversity Institute. 2021. Botanical Database of Southern Africa (BODATSA) [offline dataset]. http://newposa.sanbi.org [Note that these data are not available at this URL as of 2021],Xhosa,Ken-ichi Ueda,2021-10-21T20:54:33Z
593077,isaqoni,und,"","",South African National Biodiversity Institute. 2021. Botanical Database of Southern Africa (BODATSA) [offline dataset]. http://newposa.sanbi.org [Note that these data are not available at this URL as of 2021],Xhosa,Ken-ichi Ueda,2021-10-21T20:54:33Z
593077,isaqoni esincini,und,"","",South African National Biodiversity Institute. 2021. Botanical Database of Southern Africa (BODATSA) [offline dataset]. http://newposa.sanbi.org [Note that these data are not available at this URL as of 2021],Xhosa,Ken-ichi Ueda,2021-10-21T20:54:33Z
593077,mtwanza,und,"","",South African National Biodiversity Institute. 2021. Botanical Database of Southern Africa (BODATSA) [offline dataset]. http://newposa.sanbi.org [Note that these data are not available at this URL as of 2021],Xhosa,Ken-ichi Ueda,2021-10-21T20:54:34Z
593084,umnxeba,und,"","",South African National Biodiversity Institute. 2021. Botanical Database of Southern Africa (BODATSA) [offline dataset]. http://newposa.sanbi.org [Note that these data are not available at this URL as of 2021],Xhosa,Ken-ichi Ueda,2021-10-21T20:54:34Z
593084,umthwazi,und,"","",South African National Biodiversity Institute. 2021. Botanical Database of Southern Africa (BODATSA) [offline dataset]. http://newposa.sanbi.org [Note that these data are not available at this URL as of 2021],Xhosa,Ken-ichi Ueda,2021-10-21T20:54:34Z
566441,uchihibhunga,und,"","",South African National Biodiversity Institute. 2021. Botanical Database of Southern Africa (BODATSA) [offline dataset]. http://newposa.sanbi.org [Note that these data are not available at this URL as of 2021],Xhosa,Ken-ichi Ueda,2021-10-21T20:54:34Z
600943,uchithibhunga,und,"","",South African National Biodiversity Institute. 2021. Botanical Database of Southern Africa (BODATSA) [offline dataset]. http://newposa.sanbi.org [Note that these data are not available at this URL as of 2021],Xhosa,Ken-ichi Ueda,2021-10-21T20:54:35Z
600943,ulatile,und,"","",South African National Biodiversity Institute. 2021. Botanical Database of Southern Africa (BODATSA) [offline dataset]. http://newposa.sanbi.org [Note that these data are not available at this URL as of 2021],Xhosa,Ken-ichi Ueda,2021-10-21T20:54:35Z
557697,incakotsa,und,"","",South African National Biodiversity Institute. 2021. Botanical Database of Southern Africa (BODATSA) [offline dataset]. http://newposa.sanbi.org [Note that these data are not available at this URL as of 2021],Xhosa,Ken-ichi Ueda,2021-10-21T20:54:35Z
557697,intlokolotshane enkulu,und,"","",South African National Biodiversity Institute. 2021. Botanical Database of Southern Africa (BODATSA) [offline dataset]. http://newposa.sanbi.org [Note that these data are not available at this URL as of 2021],Xhosa,Ken-ichi Ueda,2021-10-21T20:54:36Z
557697,omkhulu,und,"","",South African National Biodiversity Institute. 2021. Botanical Database of Southern Africa (BODATSA) [offline dataset]. http://newposa.sanbi.org [Note that these data are not available at this URL as of 2021],Xhosa,Ken-ichi Ueda,2021-10-21T20:54:36Z
557697,umhlakothi,und,"","",South African National Biodiversity Institute. 2021. Botanical Database of Southern Africa (BODATSA) [offline dataset]. http://newposa.sanbi.org [Note that these data are not available at this URL as of 2021],Xhosa,Ken-ichi Ueda,2021-10-21T20:54:36Z
557697,umhlskothi,und,"","",South African National Biodiversity Institute. 2021. Botanical Database of Southern Africa (BODATSA) [offline dataset]. http://newposa.sanbi.org [Note that these data are not available at this URL as of 2021],Xhosa,Ken-ichi Ueda,2021-10-21T20:54:37Z
593871,umhlokotshane,und,"","",South African National Biodiversity Institute. 2021. Botanical Database of Southern Africa (BODATSA) [offline dataset]. http://newposa.sanbi.org [Note that these data are not available at this URL as of 2021],Xhosa,Ken-ichi Ueda,2021-10-21T20:54:37Z
593873,incakotshi,und,"","",South African National Biodiversity Institute. 2021. Botanical Database of Southern Africa (BODATSA) [offline dataset]. http://newposa.sanbi.org [Note that these data are not available at this URL as of 2021],Xhosa,Ken-ichi Ueda,2021-10-21T20:54:37Z
593873,intlakotshana,und,"","",South African National Biodiversity Institute. 2021. Botanical Database of Southern Africa (BODATSA) [offline dataset]. http://newposa.sanbi.org [Note that these data are not available at this URL as of 2021],Xhosa,Ken-ichi Ueda,2021-10-21T20:54:38Z
593873,intlolokotshane yedobo,und,"","",South African National Biodiversity Institute. 2021. Botanical Database of Southern Africa (BODATSA) [offline dataset]. http://newposa.sanbi.org [Note that these data are not available at this URL as of 2021],Xhosa,Ken-ichi Ueda,2021-10-21T20:54:38Z
593874,inkobesehlungulu,und,"","",South African National Biodiversity Institute. 2021. Botanical Database of Southern Africa (BODATSA) [offline dataset]. http://newposa.sanbi.org [Note that these data are not available at this URL as of 2021],Xhosa,Ken-ichi Ueda,2021-10-21T20:54:38Z
593874,intlokotshane,und,"","",South African National Biodiversity Institute. 2021. Botanical Database of Southern Africa (BODATSA) [offline dataset]. http://newposa.sanbi.org [Note that these data are not available at this URL as of 2021],Xhosa,Ken-ichi Ueda,2021-10-21T20:54:39Z
593874,umnungamabele,und,"","",South African National Biodiversity Institute. 2021. Botanical Database of Southern Africa (BODATSA) [offline dataset]. http://newposa.sanbi.org [Note that these data are not available at this URL as of 2021],Xhosa,Ken-ichi Ueda,2021-10-21T20:54:39Z
593880,intlokolotshane encinane,und,"","",South African National Biodiversity Institute. 2021. Botanical Database of Southern Africa (BODATSA) [offline dataset]. http://newposa.sanbi.org [Note that these data are not available at this URL as of 2021],Xhosa,Ken-ichi Ueda,2021-10-21T20:54:39Z
593880,intlokolotshane yedobo,und,"","",South African National Biodiversity Institute. 2021. Botanical Database of Southern Africa (BODATSA) [offline dataset]. http://newposa.sanbi.org [Note that these data are not available at this URL as of 2021],Xhosa,Ken-ichi Ueda,2021-10-21T20:54:40Z
524612,unongqutu,und,"","",South African National Biodiversity Institute. 2021. Botanical Database of Southern Africa (BODATSA) [offline dataset]. http://newposa.sanbi.org [Note that these data are not available at this URL as of 2021],Xhosa,Ken-ichi Ueda,2021-10-21T20:54:40Z
79020,iqunguwe,und,"","",South African National Biodiversity Institute. 2021. Botanical Database of Southern Africa (BODATSA) [offline dataset]. http://newposa.sanbi.org [Note that these data are not available at this URL as of 2021],Xhosa,Ken-ichi Ueda,2021-10-21T20:54:42Z
79020,iqwela,und,"","",South African National Biodiversity Institute. 2021. Botanical Database of Southern Africa (BODATSA) [offline dataset]. http://newposa.sanbi.org [Note that these data are not available at this URL as of 2021],Xhosa,Ken-ichi Ueda,2021-10-21T20:54:42Z
593902,ingwele,und,"","",South African National Biodiversity Institute. 2021. Botanical Database of Southern Africa (BODATSA) [offline dataset]. http://newposa.sanbi.org [Note that these data are not available at this URL as of 2021],Xhosa,Ken-ichi Ueda,2021-10-21T20:54:44Z
593902,ugana,und,"","",South African National Biodiversity Institute. 2021. Botanical Database of Southern Africa (BODATSA) [offline dataset]. http://newposa.sanbi.org [Note that these data are not available at this URL as of 2021],Xhosa,Ken-ichi Ueda,2021-10-21T20:54:44Z
593902,umgwele,und,"","",South African National Biodiversity Institute. 2021. Botanical Database of Southern Africa (BODATSA) [offline dataset]. http://newposa.sanbi.org [Note that these data are not available at this URL as of 2021],Xhosa,Ken-ichi Ueda,2021-10-21T20:54:45Z
593913,intlolokotshane,und,"","",South African National Biodiversity Institute. 2021. Botanical Database of Southern Africa (BODATSA) [offline dataset]. http://newposa.sanbi.org [Note that these data are not available at this URL as of 2021],Xhosa,Ken-ichi Ueda,2021-10-21T20:54:46Z
601104,intlokolotshane ephakathi,und,"","",South African National Biodiversity Institute. 2021. Botanical Database of Southern Africa (BODATSA) [offline dataset]. http://newposa.sanbi.org [Note that these data are not available at this URL as of 2021],Xhosa,Ken-ichi Ueda,2021-10-21T20:54:46Z
593118,isikolpati sethafa,und,"","",South African National Biodiversity Institute. 2021. Botanical Database of Southern Africa (BODATSA) [offline dataset]. http://newposa.sanbi.org [Note that these data are not available at this URL as of 2021],Xhosa,Ken-ichi Ueda,2021-10-21T20:54:46Z
600953,iyeza lesisu,und,"","",South African National Biodiversity Institute. 2021. Botanical Database of Southern Africa (BODATSA) [offline dataset]. http://newposa.sanbi.org [Note that these data are not available at this URL as of 2021],Xhosa,Ken-ichi Ueda,2021-10-21T20:54:47Z
56739,umhlakuva,und,"","",South African National Biodiversity Institute. 2021. Botanical Database of Southern Africa (BODATSA) [offline dataset]. http://newposa.sanbi.org [Note that these data are not available at this URL as of 2021],Xhosa,Ken-ichi Ueda,2021-10-21T20:54:47Z
600966,ugudha-mfeni,und,"","",South African National Biodiversity Institute. 2021. Botanical Database of Southern Africa (BODATSA) [offline dataset]. http://newposa.sanbi.org [Note that these data are not available at this URL as of 2021],Xhosa,Ken-ichi Ueda,2021-10-21T20:54:47Z
600966,ukutyakwemfene,und,"","",South African National Biodiversity Institute. 2021. Botanical Database of Southern Africa (BODATSA) [offline dataset]. http://newposa.sanbi.org [Note that these data are not available at this URL as of 2021],Xhosa,Ken-ichi Ueda,2021-10-21T20:54:47Z
593230,ibhosisi,und,"","",South African National Biodiversity Institute. 2021. Botanical Database of Southern Africa (BODATSA) [offline dataset]. http://newposa.sanbi.org [Note that these data are not available at this URL as of 2021],Xhosa,Ken-ichi Ueda,2021-10-21T20:54:48Z
431566,isithebe,und,"","",South African National Biodiversity Institute. 2021. Botanical Database of Southern Africa (BODATSA) [offline dataset]. http://newposa.sanbi.org [Note that these data are not available at this URL as of 2021],Xhosa,Ken-ichi Ueda,2021-10-21T20:54:48Z
431566,umguba,und,"","",South African National Biodiversity Institute. 2021. Botanical Database of Southern Africa (BODATSA) [offline dataset]. http://newposa.sanbi.org [Note that these data are not available at this URL as of 2021],Xhosa,Ken-ichi Ueda,2021-10-21T20:54:48Z
431566,umzukuza,und,"","",South African National Biodiversity Institute. 2021. Botanical Database of Southern Africa (BODATSA) [offline dataset]. http://newposa.sanbi.org [Note that these data are not available at this URL as of 2021],Xhosa,Ken-ichi Ueda,2021-10-21T20:54:49Z
431565,umgubhe,und,"","",South African National Biodiversity Institute. 2021. Botanical Database of Southern Africa (BODATSA) [offline dataset]. http://newposa.sanbi.org [Note that these data are not available at this URL as of 2021],Xhosa,Ken-ichi Ueda,2021-10-21T20:54:49Z
431565,umsugusu,und,"","",South African National Biodiversity Institute. 2021. Botanical Database of Southern Africa (BODATSA) [offline dataset]. http://newposa.sanbi.org [Note that these data are not available at this URL as of 2021],Xhosa,Ken-ichi Ueda,2021-10-21T20:54:49Z
593372,amakonubie,und,"","",South African National Biodiversity Institute. 2021. Botanical Database of Southern Africa (BODATSA) [offline dataset]. http://newposa.sanbi.org [Note that these data are not available at this URL as of 2021],Xhosa,Ken-ichi Ueda,2021-10-21T20:54:50Z
593372,Iqunube,und,"","",South African National Biodiversity Institute. 2021. Botanical Database of Southern Africa (BODATSA) [offline dataset]. http://newposa.sanbi.org [Note that these data are not available at this URL as of 2021],Xhosa,Ken-ichi Ueda,2021-10-21T20:54:50Z
593374,umgcunube,und,"","",South African National Biodiversity Institute. 2021. Botanical Database of Southern Africa (BODATSA) [offline dataset]. http://newposa.sanbi.org [Note that these data are not available at this URL as of 2021],Xhosa,Ken-ichi Ueda,2021-10-21T20:54:50Z
53197,idololenkonyana,und,"","",South African National Biodiversity Institute. 2021. Botanical Database of Southern Africa (BODATSA) [offline dataset]. http://newposa.sanbi.org [Note that these data are not available at this URL as of 2021],Xhosa,Ken-ichi Ueda,2021-10-21T20:54:51Z
53197,idololenkonyane,und,"","",South African National Biodiversity Institute. 2021. Botanical Database of Southern Africa (BODATSA) [offline dataset]. http://newposa.sanbi.org [Note that these data are not available at this URL as of 2021],Xhosa,Ken-ichi Ueda,2021-10-21T20:54:51Z
53197,indololenkonyane,und,"","",South African National Biodiversity Institute. 2021. Botanical Database of Southern Africa (BODATSA) [offline dataset]. http://newposa.sanbi.org [Note that these data are not available at this URL as of 2021],Xhosa,Ken-ichi Ueda,2021-10-21T20:54:51Z
593393,dolonyana,und,"","",South African National Biodiversity Institute. 2021. Botanical Database of Southern Africa (BODATSA) [offline dataset]. http://newposa.sanbi.org [Note that these data are not available at this URL as of 2021],Xhosa,Ken-ichi Ueda,2021-10-21T20:54:52Z
593393,Idololenkonyane,und,"","",South African National Biodiversity Institute. 2021. Botanical Database of Southern Africa (BODATSA) [offline dataset]. http://newposa.sanbi.org [Note that these data are not available at this URL as of 2021],Xhosa,Ken-ichi Ueda,2021-10-21T20:54:52Z
593393,idolonjana,und,"","",South African National Biodiversity Institute. 2021. Botanical Database of Southern Africa (BODATSA) [offline dataset]. http://newposa.sanbi.org [Note that these data are not available at this URL as of 2021],Xhosa,Ken-ichi Ueda,2021-10-21T20:54:52Z
593393,idolonyana,und,"","",South African National Biodiversity Institute. 2021. Botanical Database of Southern Africa (BODATSA) [offline dataset]. http://newposa.sanbi.org [Note that these data are not available at this URL as of 2021],Xhosa,Ken-ichi Ueda,2021-10-21T20:54:52Z
601034,umngcunube,und,"","",South African National Biodiversity Institute. 2021. Botanical Database of Southern Africa (BODATSA) [offline dataset]. http://newposa.sanbi.org [Note that these data are not available at this URL as of 2021],Xhosa,Ken-ichi Ueda,2021-10-21T20:54:53Z
133191,omhlope,und,"","",South African National Biodiversity Institute. 2021. Botanical Database of Southern Africa (BODATSA) [offline dataset]. http://newposa.sanbi.org [Note that these data are not available at this URL as of 2021],Xhosa,Ken-ichi Ueda,2021-10-21T20:54:53Z
133191,umbongolo,und,"","",South African National Biodiversity Institute. 2021. Botanical Database of Southern Africa (BODATSA) [offline dataset]. http://newposa.sanbi.org [Note that these data are not available at this URL as of 2021],Xhosa,Ken-ichi Ueda,2021-10-21T20:54:53Z
133191,umhongolo,und,"","",South African National Biodiversity Institute. 2021. Botanical Database of Southern Africa (BODATSA) [offline dataset]. http://newposa.sanbi.org [Note that these data are not available at this URL as of 2021],Xhosa,Ken-ichi Ueda,2021-10-21T20:54:54Z
133191,umphanzite umwongolo,und,"","",South African National Biodiversity Institute. 2021. Botanical Database of Southern Africa (BODATSA) [offline dataset]. http://newposa.sanbi.org [Note that these data are not available at this URL as of 2021],Xhosa,Ken-ichi Ueda,2021-10-21T20:54:54Z
515686,umbelebele,und,"","",South African National Biodiversity Institute. 2021. Botanical Database of Southern Africa (BODATSA) [offline dataset]. http://newposa.sanbi.org [Note that these data are not available at this URL as of 2021],Xhosa,Ken-ichi Ueda,2021-10-21T20:54:55Z
85047,ilelemimoya,und,"","",South African National Biodiversity Institute. 2021. Botanical Database of Southern Africa (BODATSA) [offline dataset]. http://newposa.sanbi.org [Note that these data are not available at this URL as of 2021],Xhosa,Ken-ichi Ueda,2021-10-21T20:54:55Z
85047,isilawu esikhulu,und,"","",South African National Biodiversity Institute. 2021. Botanical Database of Southern Africa (BODATSA) [offline dataset]. http://newposa.sanbi.org [Note that these data are not available at this URL as of 2021],Xhosa,Ken-ichi Ueda,2021-10-21T20:54:55Z
85047,iyeza lamehlo,und,"","",South African National Biodiversity Institute. 2021. Botanical Database of Southern Africa (BODATSA) [offline dataset]. http://newposa.sanbi.org [Note that these data are not available at this URL as of 2021],Xhosa,Ken-ichi Ueda,2021-10-21T20:54:56Z
85047,iyeza-lamehlo,und,"","",South African National Biodiversity Institute. 2021. Botanical Database of Southern Africa (BODATSA) [offline dataset]. http://newposa.sanbi.org [Note that these data are not available at this URL as of 2021],Xhosa,Ken-ichi Ueda,2021-10-21T20:54:56Z
85047,makgha,und,"","",South African National Biodiversity Institute. 2021. Botanical Database of Southern Africa (BODATSA) [offline dataset]. http://newposa.sanbi.org [Note that these data are not available at this URL as of 2021],Xhosa,Ken-ichi Ueda,2021-10-21T20:54:56Z
1269678,umgezisa,und,"","",South African National Biodiversity Institute. 2021. Botanical Database of Southern Africa (BODATSA) [offline dataset]. http://newposa.sanbi.org [Note that these data are not available at this URL as of 2021],Xhosa,Ken-ichi Ueda,2021-10-21T20:54:57Z
1269678,umrongo,und,"","",South African National Biodiversity Institute. 2021. Botanical Database of Southern Africa (BODATSA) [offline dataset]. http://newposa.sanbi.org [Note that these data are not available at this URL as of 2021],Xhosa,Ken-ichi Ueda,2021-10-21T20:54:57Z
1269678,umsengane,und,"","",South African National Biodiversity Institute. 2021. Botanical Database of Southern Africa (BODATSA) [offline dataset]. http://newposa.sanbi.org [Note that these data are not available at this URL as of 2021],Xhosa,Ken-ichi Ueda,2021-10-21T20:54:57Z
601088,intiza,und,"","",South African National Biodiversity Institute. 2021. Botanical Database of Southern Africa (BODATSA) [offline dataset]. http://newposa.sanbi.org [Note that these data are not available at this URL as of 2021],Xhosa,Ken-ichi Ueda,2021-10-21T20:54:58Z
601088,umqongci,und,"","",South African National Biodiversity Institute. 2021. Botanical Database of Southern Africa (BODATSA) [offline dataset]. http://newposa.sanbi.org [Note that these data are not available at this URL as of 2021],Xhosa,Ken-ichi Ueda,2021-10-21T20:54:58Z
369448,ishimnumyane,und,"","",South African National Biodiversity Institute. 2021. Botanical Database of Southern Africa (BODATSA) [offline dataset]. http://newposa.sanbi.org [Note that these data are not available at this URL as of 2021],Xhosa,Ken-ichi Ueda,2021-10-21T20:54:58Z
369448,isShimnumyane,und,"","",South African National Biodiversity Institute. 2021. Botanical Database of Southern Africa (BODATSA) [offline dataset]. http://newposa.sanbi.org [Note that these data are not available at this URL as of 2021],Xhosa,Ken-ichi Ueda,2021-10-21T20:54:59Z
369448,mfofof,und,"","",South African National Biodiversity Institute. 2021. Botanical Database of Southern Africa (BODATSA) [offline dataset]. http://newposa.sanbi.org [Note that these data are not available at this URL as of 2021],Xhosa,Ken-ichi Ueda,2021-10-21T20:54:59Z
369448,shimnum yaan,und,"","",South African National Biodiversity Institute. 2021. Botanical Database of Southern Africa (BODATSA) [offline dataset]. http://newposa.sanbi.org [Note that these data are not available at this URL as of 2021],Xhosa,Ken-ichi Ueda,2021-10-21T20:54:59Z
369448,shimnum-yam,und,"","",South African National Biodiversity Institute. 2021. Botanical Database of Southern Africa (BODATSA) [offline dataset]. http://newposa.sanbi.org [Note that these data are not available at this URL as of 2021],Xhosa,Ken-ichi Ueda,2021-10-21T20:55:00Z
369448,umfofofo,und,"","",South African National Biodiversity Institute. 2021. Botanical Database of Southern Africa (BODATSA) [offline dataset]. http://newposa.sanbi.org [Note that these data are not available at this URL as of 2021],Xhosa,Ken-ichi Ueda,2021-10-21T20:55:00Z
369448,umGxam,und,"","",South African National Biodiversity Institute. 2021. Botanical Database of Southern Africa (BODATSA) [offline dataset]. http://newposa.sanbi.org [Note that these data are not available at this URL as of 2021],Xhosa,Ken-ichi Ueda,2021-10-21T20:55:00Z
426624,umaphipha,und,"","",South African National Biodiversity Institute. 2021. Botanical Database of Southern Africa (BODATSA) [offline dataset]. http://newposa.sanbi.org [Note that these data are not available at this URL as of 2021],Xhosa,Ken-ichi Ueda,2021-10-21T20:55:01Z
538727,umgwenyehlangul,und,"","",South African National Biodiversity Institute. 2021. Botanical Database of Southern Africa (BODATSA) [offline dataset]. http://newposa.sanbi.org [Note that these data are not available at this URL as of 2021],Xhosa,Ken-ichi Ueda,2021-10-21T20:55:01Z
556790,magaqana,und,"","",South African National Biodiversity Institute. 2021. Botanical Database of Southern Africa (BODATSA) [offline dataset]. http://newposa.sanbi.org [Note that these data are not available at this URL as of 2021],Xhosa,Ken-ichi Ueda,2021-10-21T20:55:01Z
556790,magaquana,und,"","",South African National Biodiversity Institute. 2021. Botanical Database of Southern Africa (BODATSA) [offline dataset]. http://newposa.sanbi.org [Note that these data are not available at this URL as of 2021],Xhosa,Ken-ichi Ueda,2021-10-21T20:55:02Z
147440,isithibothi,und,"","",South African National Biodiversity Institute. 2021. Botanical Database of Southern Africa (BODATSA) [offline dataset]. http://newposa.sanbi.org [Note that these data are not available at this URL as of 2021],Xhosa,Ken-ichi Ueda,2021-10-21T20:55:02Z
147440,umhlalani,und,"","",South African National Biodiversity Institute. 2021. Botanical Database of Southern Africa (BODATSA) [offline dataset]. http://newposa.sanbi.org [Note that these data are not available at this URL as of 2021],Xhosa,Ken-ichi Ueda,2021-10-21T20:55:02Z
593860,umnguni,und,"","",South African National Biodiversity Institute. 2021. Botanical Database of Southern Africa (BODATSA) [offline dataset]. http://newposa.sanbi.org [Note that these data are not available at this URL as of 2021],Xhosa,Ken-ichi Ueda,2021-10-21T20:55:03Z
593861,iqumza,und,"","",South African National Biodiversity Institute. 2021. Botanical Database of Southern Africa (BODATSA) [offline dataset]. http://newposa.sanbi.org [Note that these data are not available at this URL as of 2021],Xhosa,Ken-ichi Ueda,2021-10-21T20:55:03Z
593861,isinqandazembe,und,"","",South African National Biodiversity Institute. 2021. Botanical Database of Southern Africa (BODATSA) [offline dataset]. http://newposa.sanbi.org [Note that these data are not available at this URL as of 2021],Xhosa,Ken-ichi Ueda,2021-10-21T20:55:03Z
593861,umnqanqa,und,"","",South African National Biodiversity Institute. 2021. Botanical Database of Southern Africa (BODATSA) [offline dataset]. http://newposa.sanbi.org [Note that these data are not available at this URL as of 2021],Xhosa,Ken-ichi Ueda,2021-10-21T20:55:03Z
593861,umnquanqa,und,"","",South African National Biodiversity Institute. 2021. Botanical Database of Southern Africa (BODATSA) [offline dataset]. http://newposa.sanbi.org [Note that these data are not available at this URL as of 2021],Xhosa,Ken-ichi Ueda,2021-10-21T20:55:04Z
557693,iqumza elinameva,und,"","",South African National Biodiversity Institute. 2021. Botanical Database of Southern Africa (BODATSA) [offline dataset]. http://newposa.sanbi.org [Note that these data are not available at this URL as of 2021],Xhosa,Ken-ichi Ueda,2021-10-21T20:55:04Z
557693,umkhakboda,und,"","",South African National Biodiversity Institute. 2021. Botanical Database of Southern Africa (BODATSA) [offline dataset]. http://newposa.sanbi.org [Note that these data are not available at this URL as of 2021],Xhosa,Ken-ichi Ueda,2021-10-21T20:55:04Z
464684,isincumncum,und,"","",South African National Biodiversity Institute. 2021. Botanical Database of Southern Africa (BODATSA) [offline dataset]. http://newposa.sanbi.org [Note that these data are not available at this URL as of 2021],Xhosa,Ken-ichi Ueda,2021-10-21T20:55:05Z
464684,isiphingo,und,"","",South African National Biodiversity Institute. 2021. Botanical Database of Southern Africa (BODATSA) [offline dataset]. http://newposa.sanbi.org [Note that these data are not available at this URL as of 2021],Xhosa,Ken-ichi Ueda,2021-10-21T20:55:05Z
464684,isipinga,und,"","",South African National Biodiversity Institute. 2021. Botanical Database of Southern Africa (BODATSA) [offline dataset]. http://newposa.sanbi.org [Note that these data are not available at this URL as of 2021],Xhosa,Ken-ichi Ueda,2021-10-21T20:55:05Z
464684,umqapuma,und,"","",South African National Biodiversity Institute. 2021. Botanical Database of Southern Africa (BODATSA) [offline dataset]. http://newposa.sanbi.org [Note that these data are not available at this URL as of 2021],Xhosa,Ken-ichi Ueda,2021-10-21T20:55:06Z
557697,intlokolotshane enkule,und,"","",South African National Biodiversity Institute. 2021. Botanical Database of Southern Africa (BODATSA) [offline dataset]. http://newposa.sanbi.org [Note that these data are not available at this URL as of 2021],Xhosa,Ken-ichi Ueda,2021-10-21T20:55:06Z
593873,intlolokotshane yedobe,und,"","",South African National Biodiversity Institute. 2021. Botanical Database of Southern Africa (BODATSA) [offline dataset]. http://newposa.sanbi.org [Note that these data are not available at this URL as of 2021],Xhosa,Ken-ichi Ueda,2021-10-21T20:55:06Z
593880,intlokolotshane yedoba,und,"","",South African National Biodiversity Institute. 2021. Botanical Database of Southern Africa (BODATSA) [offline dataset]. http://newposa.sanbi.org [Note that these data are not available at this URL as of 2021],Xhosa,Ken-ichi Ueda,2021-10-21T20:55:07Z
493489,isinyangani,und,"","",South African National Biodiversity Institute. 2021. Botanical Database of Southern Africa (BODATSA) [offline dataset]. http://newposa.sanbi.org [Note that these data are not available at this URL as of 2021],Xhosa,Ken-ichi Ueda,2021-10-21T20:55:07Z
593894,intlakotshane-bomvu,und,"","",South African National Biodiversity Institute. 2021. Botanical Database of Southern Africa (BODATSA) [offline dataset]. http://newposa.sanbi.org [Note that these data are not available at this URL as of 2021],Xhosa,Ken-ichi Ueda,2021-10-21T20:55:07Z
593894,intlokolotshane ebomvu,und,"","",South African National Biodiversity Institute. 2021. Botanical Database of Southern Africa (BODATSA) [offline dataset]. http://newposa.sanbi.org [Note that these data are not available at this URL as of 2021],Xhosa,Ken-ichi Ueda,2021-10-21T20:55:08Z
593894,intlokolotshane ebomva,und,"","",South African National Biodiversity Institute. 2021. Botanical Database of Southern Africa (BODATSA) [offline dataset]. http://newposa.sanbi.org [Note that these data are not available at this URL as of 2021],Xhosa,Ken-ichi Ueda,2021-10-21T20:55:08Z
601103,intlokolotshane ephaka,und,"","",South African National Biodiversity Institute. 2021. Botanical Database of Southern Africa (BODATSA) [offline dataset]. http://newposa.sanbi.org [Note that these data are not available at this URL as of 2021],Xhosa,Ken-ichi Ueda,2021-10-21T20:55:08Z
593977,umaweni,und,"","",South African National Biodiversity Institute. 2021. Botanical Database of Southern Africa (BODATSA) [offline dataset]. http://newposa.sanbi.org [Note that these data are not available at this URL as of 2021],Xhosa,Ken-ichi Ueda,2021-10-21T20:55:09Z
601138,unodlwabiyele,und,"","",South African National Biodiversity Institute. 2021. Botanical Database of Southern Africa (BODATSA) [offline dataset]. http://newposa.sanbi.org [Note that these data are not available at this URL as of 2021],Xhosa,Ken-ichi Ueda,2021-10-21T20:55:09Z
363595,ichungwane,und,"","",South African National Biodiversity Institute. 2021. Botanical Database of Southern Africa (BODATSA) [offline dataset]. http://newposa.sanbi.org [Note that these data are not available at this URL as of 2021],Xhosa,Ken-ichi Ueda,2021-10-21T20:55:09Z
594196,iphunga,und,"","",South African National Biodiversity Institute. 2021. Botanical Database of Southern Africa (BODATSA) [offline dataset]. http://newposa.sanbi.org [Note that these data are not available at this URL as of 2021],Xhosa,Ken-ichi Ueda,2021-10-21T20:55:10Z
574133,idwarane,und,"","",South African National Biodiversity Institute. 2021. Botanical Database of Southern Africa (BODATSA) [offline dataset]. http://newposa.sanbi.org [Note that these data are not available at this URL as of 2021],Xhosa,Ken-ichi Ueda,2021-10-21T20:55:10Z
569535,ikhubalo lesikhova,und,"","",South African National Biodiversity Institute. 2021. Botanical Database of Southern Africa (BODATSA) [offline dataset]. http://newposa.sanbi.org [Note that these data are not available at this URL as of 2021],Xhosa,Ken-ichi Ueda,2021-10-21T20:55:11Z
594226,undenze,und,"","",South African National Biodiversity Institute. 2021. Botanical Database of Southern Africa (BODATSA) [offline dataset]. http://newposa.sanbi.org [Note that these data are not available at this URL as of 2021],Xhosa,Ken-ichi Ueda,2021-10-21T20:55:11Z
79044,izuba,und,"","",South African National Biodiversity Institute. 2021. Botanical Database of Southern Africa (BODATSA) [offline dataset]. http://newposa.sanbi.org [Note that these data are not available at this URL as of 2021],Xhosa,Ken-ichi Ueda,2021-10-21T20:55:11Z
601139,uvelemonti,und,"","",South African National Biodiversity Institute. 2021. Botanical Database of Southern Africa (BODATSA) [offline dataset]. http://newposa.sanbi.org [Note that these data are not available at this URL as of 2021],Xhosa,Ken-ichi Ueda,2021-10-21T20:55:12Z
568317,inkanga,und,"","",South African National Biodiversity Institute. 2021. Botanical Database of Southern Africa (BODATSA) [offline dataset]. http://newposa.sanbi.org [Note that these data are not available at this URL as of 2021],Xhosa,Ken-ichi Ueda,2021-10-21T20:55:12Z
55607,inkwandlankwandlane,und,"","",South African National Biodiversity Institute. 2021. Botanical Database of Southern Africa (BODATSA) [offline dataset]. http://newposa.sanbi.org [Note that these data are not available at this URL as of 2021],Xhosa,Ken-ichi Ueda,2021-10-21T20:55:12Z
405995,idwara,und,"","",South African National Biodiversity Institute. 2021. Botanical Database of Southern Africa (BODATSA) [offline dataset]. http://newposa.sanbi.org [Note that these data are not available at this URL as of 2021],Xhosa,Ken-ichi Ueda,2021-10-21T20:55:13Z
405995,iyesa lasekaya,und,"","",South African National Biodiversity Institute. 2021. Botanical Database of Southern Africa (BODATSA) [offline dataset]. http://newposa.sanbi.org [Note that these data are not available at this URL as of 2021],Xhosa,Ken-ichi Ueda,2021-10-21T20:55:13Z
430218,ihlaba lenkomo,und,"","",South African National Biodiversity Institute. 2021. Botanical Database of Southern Africa (BODATSA) [offline dataset]. http://newposa.sanbi.org [Note that these data are not available at this URL as of 2021],Xhosa,Ken-ichi Ueda,2021-10-21T20:55:13Z
594327,inkwandla,und,"","",South African National Biodiversity Institute. 2021. Botanical Database of Southern Africa (BODATSA) [offline dataset]. http://newposa.sanbi.org [Note that these data are not available at this URL as of 2021],Xhosa,Ken-ichi Ueda,2021-10-21T20:55:13Z
594355,uchantikhulu,und,"","",South African National Biodiversity Institute. 2021. Botanical Database of Southern Africa (BODATSA) [offline dataset]. http://newposa.sanbi.org [Note that these data are not available at this URL as of 2021],Xhosa,Ken-ichi Ueda,2021-10-21T20:55:14Z
569624,idambiso,und,"","",South African National Biodiversity Institute. 2021. Botanical Database of Southern Africa (BODATSA) [offline dataset]. http://newposa.sanbi.org [Note that these data are not available at this URL as of 2021],Xhosa,Ken-ichi Ueda,2021-10-21T20:55:14Z
569624,umdambiso,und,"","",South African National Biodiversity Institute. 2021. Botanical Database of Southern Africa (BODATSA) [offline dataset]. http://newposa.sanbi.org [Note that these data are not available at this URL as of 2021],Xhosa,Ken-ichi Ueda,2021-10-21T20:55:14Z
133191,umphanzite omhlope,und,"","",South African National Biodiversity Institute. 2021. Botanical Database of Southern Africa (BODATSA) [offline dataset]. http://newposa.sanbi.org [Note that these data are not available at this URL as of 2021],Xhosa,Ken-ichi Ueda,2021-10-21T20:55:15Z
133191,umwongolo,und,"","",South African National Biodiversity Institute. 2021. Botanical Database of Southern Africa (BODATSA) [offline dataset]. http://newposa.sanbi.org [Note that these data are not available at this URL as of 2021],Xhosa,Ken-ichi Ueda,2021-10-21T20:55:15Z
607067,iyeza lehashe,und,"","",South African National Biodiversity Institute. 2021. Botanical Database of Southern Africa (BODATSA) [offline dataset]. http://newposa.sanbi.org [Note that these data are not available at this URL as of 2021],Xhosa,Ken-ichi Ueda,2021-10-21T20:55:15Z
594565,intovane,und,"","",South African National Biodiversity Institute. 2021. Botanical Database of Southern Africa (BODATSA) [offline dataset]. http://newposa.sanbi.org [Note that these data are not available at this URL as of 2021],Xhosa,Ken-ichi Ueda,2021-10-21T20:55:16Z
594565,umthomvane,und,"","",South African National Biodiversity Institute. 2021. Botanical Database of Southern Africa (BODATSA) [offline dataset]. http://newposa.sanbi.org [Note that these data are not available at this URL as of 2021],Xhosa,Ken-ichi Ueda,2021-10-21T20:55:16Z
280892,umthuma,und,"","",South African National Biodiversity Institute. 2021. Botanical Database of Southern Africa (BODATSA) [offline dataset]. http://newposa.sanbi.org [Note that these data are not available at this URL as of 2021],Xhosa,Ken-ichi Ueda,2021-10-21T20:55:16Z
594569,umthumana,und,"","",South African National Biodiversity Institute. 2021. Botanical Database of Southern Africa (BODATSA) [offline dataset]. http://newposa.sanbi.org [Note that these data are not available at this URL as of 2021],Xhosa,Ken-ichi Ueda,2021-10-21T20:55:17Z
594574,icuba lasendle,und,"","",South African National Biodiversity Institute. 2021. Botanical Database of Southern Africa (BODATSA) [offline dataset]. http://newposa.sanbi.org [Note that these data are not available at this URL as of 2021],Xhosa,Ken-ichi Ueda,2021-10-21T20:55:17Z
594574,icubalasendle,und,"","",South African National Biodiversity Institute. 2021. Botanical Database of Southern Africa (BODATSA) [offline dataset]. http://newposa.sanbi.org [Note that these data are not available at this URL as of 2021],Xhosa,Ken-ichi Ueda,2021-10-21T20:55:17Z
336677,msobosobo,und,"","",South African National Biodiversity Institute. 2021. Botanical Database of Southern Africa (BODATSA) [offline dataset]. http://newposa.sanbi.org [Note that these data are not available at this URL as of 2021],Xhosa,Ken-ichi Ueda,2021-10-21T20:55:18Z
336677,sobosobo,und,"","",South African National Biodiversity Institute. 2021. Botanical Database of Southern Africa (BODATSA) [offline dataset]. http://newposa.sanbi.org [Note that these data are not available at this URL as of 2021],Xhosa,Ken-ichi Ueda,2021-10-21T20:55:18Z
79141,seshoabohloko,und,"","",South African National Biodiversity Institute. 2021. Botanical Database of Southern Africa (BODATSA) [offline dataset]. http://newposa.sanbi.org [Note that these data are not available at this URL as of 2021],Xhosa,Ken-ichi Ueda,2021-10-21T20:55:18Z
79141,umsobosobo,und,"","",South African National Biodiversity Institute. 2021. Botanical Database of Southern Africa (BODATSA) [offline dataset]. http://newposa.sanbi.org [Note that these data are not available at this URL as of 2021],Xhosa,Ken-ichi Ueda,2021-10-21T20:55:19Z
326781,umsobo wesinja,und,"","",South African National Biodiversity Institute. 2021. Botanical Database of Southern Africa (BODATSA) [offline dataset]. http://newposa.sanbi.org [Note that these data are not available at this URL as of 2021],Xhosa,Ken-ichi Ueda,2021-10-21T20:55:19Z
53294,ihlaba,und,"","",South African National Biodiversity Institute. 2021. Botanical Database of Southern Africa (BODATSA) [offline dataset]. http://newposa.sanbi.org [Note that these data are not available at this URL as of 2021],Xhosa,Ken-ichi Ueda,2021-10-21T20:55:19Z
53294,rwaba,und,"","",South African National Biodiversity Institute. 2021. Botanical Database of Southern Africa (BODATSA) [offline dataset]. http://newposa.sanbi.org [Note that these data are not available at this URL as of 2021],Xhosa,Ken-ichi Ueda,2021-10-21T20:55:19Z
135513,imfingwane,und,"","",South African National Biodiversity Institute. 2021. Botanical Database of Southern Africa (BODATSA) [offline dataset]. http://newposa.sanbi.org [Note that these data are not available at this URL as of 2021],Xhosa,Ken-ichi Ueda,2021-10-21T20:55:20Z
135513,imfingwanii,und,"","",South African National Biodiversity Institute. 2021. Botanical Database of Southern Africa (BODATSA) [offline dataset]. http://newposa.sanbi.org [Note that these data are not available at this URL as of 2021],Xhosa,Ken-ichi Ueda,2021-10-21T20:55:20Z
135513,imifingwane,und,"","",South African National Biodiversity Institute. 2021. Botanical Database of Southern Africa (BODATSA) [offline dataset]. http://newposa.sanbi.org [Note that these data are not available at this URL as of 2021],Xhosa,Ken-ichi Ueda,2021-10-21T20:55:20Z
135513,umFingwani,und,"","",South African National Biodiversity Institute. 2021. Botanical Database of Southern Africa (BODATSA) [offline dataset]. http://newposa.sanbi.org [Note that these data are not available at this URL as of 2021],Xhosa,Ken-ichi Ueda,2021-10-21T20:55:21Z
135513,umNcuma,und,"","",South African National Biodiversity Institute. 2021. Botanical Database of Southern Africa (BODATSA) [offline dataset]. http://newposa.sanbi.org [Note that these data are not available at this URL as of 2021],Xhosa,Ken-ichi Ueda,2021-10-21T20:55:21Z
135250,ikhamanga,und,"","",South African National Biodiversity Institute. 2021. Botanical Database of Southern Africa (BODATSA) [offline dataset]. http://newposa.sanbi.org [Note that these data are not available at this URL as of 2021],Xhosa,Ken-ichi Ueda,2021-10-21T20:55:21Z
135250,isigceba,und,"","",South African National Biodiversity Institute. 2021. Botanical Database of Southern Africa (BODATSA) [offline dataset]. http://newposa.sanbi.org [Note that these data are not available at this URL as of 2021],Xhosa,Ken-ichi Ueda,2021-10-21T20:55:22Z
594954,umnaka,und,"","",South African National Biodiversity Institute. 2021. Botanical Database of Southern Africa (BODATSA) [offline dataset]. http://newposa.sanbi.org [Note that these data are not available at this URL as of 2021],Xhosa,Ken-ichi Ueda,2021-10-21T20:55:22Z
84832,igalo,und,"","",South African National Biodiversity Institute. 2021. Botanical Database of Southern Africa (BODATSA) [offline dataset]. http://newposa.sanbi.org [Note that these data are not available at this URL as of 2021],Xhosa,Ken-ichi Ueda,2021-10-21T20:55:22Z
594959,amakhukhumezane,und,"","",South African National Biodiversity Institute. 2021. Botanical Database of Southern Africa (BODATSA) [offline dataset]. http://newposa.sanbi.org [Note that these data are not available at this URL as of 2021],Xhosa,Ken-ichi Ueda,2021-10-21T20:55:23Z
594959,ukukhukhumeza,und,"","",South African National Biodiversity Institute. 2021. Botanical Database of Southern Africa (BODATSA) [offline dataset]. http://newposa.sanbi.org [Note that these data are not available at this URL as of 2021],Xhosa,Ken-ichi Ueda,2021-10-21T20:55:23Z
431656,umkhukhumeza,und,"","",South African National Biodiversity Institute. 2021. Botanical Database of Southern Africa (BODATSA) [offline dataset]. http://newposa.sanbi.org [Note that these data are not available at this URL as of 2021],Xhosa,Ken-ichi Ueda,2021-10-21T20:55:23Z
429380,udlambalala,und,"","",South African National Biodiversity Institute. 2021. Botanical Database of Southern Africa (BODATSA) [offline dataset]. http://newposa.sanbi.org [Note that these data are not available at this URL as of 2021],Xhosa,Ken-ichi Ueda,2021-10-21T20:55:24Z
429380,umhlamahlala,und,"","",South African National Biodiversity Institute. 2021. Botanical Database of Southern Africa (BODATSA) [offline dataset]. http://newposa.sanbi.org [Note that these data are not available at this URL as of 2021],Xhosa,Ken-ichi Ueda,2021-10-21T20:55:24Z
429380,umkhangele,und,"","",South African National Biodiversity Institute. 2021. Botanical Database of Southern Africa (BODATSA) [offline dataset]. http://newposa.sanbi.org [Note that these data are not available at this URL as of 2021],Xhosa,Ken-ichi Ueda,2021-10-21T20:55:24Z
340252,uhlambalala,und,"","",South African National Biodiversity Institute. 2021. Botanical Database of Southern Africa (BODATSA) [offline dataset]. http://newposa.sanbi.org [Note that these data are not available at this URL as of 2021],Xhosa,Ken-ichi Ueda,2021-10-21T20:55:24Z
340252,uManono,und,"","",South African National Biodiversity Institute. 2021. Botanical Database of Southern Africa (BODATSA) [offline dataset]. http://newposa.sanbi.org [Note that these data are not available at this URL as of 2021],Xhosa,Ken-ichi Ueda,2021-10-21T20:55:25Z
340252,umcaloti,und,"","",South African National Biodiversity Institute. 2021. Botanical Database of Southern Africa (BODATSA) [offline dataset]. http://newposa.sanbi.org [Note that these data are not available at this URL as of 2021],Xhosa,Ken-ichi Ueda,2021-10-21T20:55:25Z
340252,umhlabalala,und,"","",South African National Biodiversity Institute. 2021. Botanical Database of Southern Africa (BODATSA) [offline dataset]. http://newposa.sanbi.org [Note that these data are not available at this URL as of 2021],Xhosa,Ken-ichi Ueda,2021-10-21T20:55:25Z
340252,umkaloti,und,"","",South African National Biodiversity Institute. 2021. Botanical Database of Southern Africa (BODATSA) [offline dataset]. http://newposa.sanbi.org [Note that these data are not available at this URL as of 2021],Xhosa,Ken-ichi Ueda,2021-10-21T20:55:26Z
340170,umgulugula,und,"","",South African National Biodiversity Institute. 2021. Botanical Database of Southern Africa (BODATSA) [offline dataset]. http://newposa.sanbi.org [Note that these data are not available at this URL as of 2021],Xhosa,Ken-ichi Ueda,2021-10-21T20:55:26Z
595011,umngqungquthi,und,"","",South African National Biodiversity Institute. 2021. Botanical Database of Southern Africa (BODATSA) [offline dataset]. http://newposa.sanbi.org [Note that these data are not available at this URL as of 2021],Xhosa,Ken-ichi Ueda,2021-10-21T20:55:26Z
595011,umnqonqodi,und,"","",South African National Biodiversity Institute. 2021. Botanical Database of Southern Africa (BODATSA) [offline dataset]. http://newposa.sanbi.org [Note that these data are not available at this URL as of 2021],Xhosa,Ken-ichi Ueda,2021-10-21T20:55:27Z
169414,inhalo,und,"","",South African National Biodiversity Institute. 2021. Botanical Database of Southern Africa (BODATSA) [offline dataset]. http://newposa.sanbi.org [Note that these data are not available at this URL as of 2021],Xhosa,Ken-ichi Ueda,2021-10-21T20:55:27Z
169414,isihlele,und,"","",South African National Biodiversity Institute. 2021. Botanical Database of Southern Africa (BODATSA) [offline dataset]. http://newposa.sanbi.org [Note that these data are not available at this URL as of 2021],Xhosa,Ken-ichi Ueda,2021-10-21T20:55:27Z
169414,umhlalakolontshe,und,"","",South African National Biodiversity Institute. 2021. Botanical Database of Southern Africa (BODATSA) [offline dataset]. http://newposa.sanbi.org [Note that these data are not available at this URL as of 2021],Xhosa,Ken-ichi Ueda,2021-10-21T20:55:28Z
340209,umdlamalala,und,"","",South African National Biodiversity Institute. 2021. Botanical Database of Southern Africa (BODATSA) [offline dataset]. http://newposa.sanbi.org [Note that these data are not available at this URL as of 2021],Xhosa,Ken-ichi Ueda,2021-10-21T20:55:28Z
340209,undlunye,und,"","",South African National Biodiversity Institute. 2021. Botanical Database of Southern Africa (BODATSA) [offline dataset]. http://newposa.sanbi.org [Note that these data are not available at this URL as of 2021],Xhosa,Ken-ichi Ueda,2021-10-21T20:55:28Z
595028,isithubi,und,"","",South African National Biodiversity Institute. 2021. Botanical Database of Southern Africa (BODATSA) [offline dataset]. http://newposa.sanbi.org [Note that these data are not available at this URL as of 2021],Xhosa,Ken-ichi Ueda,2021-10-21T20:55:29Z
338719,umjomi,und,"","",South African National Biodiversity Institute. 2021. Botanical Database of Southern Africa (BODATSA) [offline dataset]. http://newposa.sanbi.org [Note that these data are not available at this URL as of 2021],Xhosa,Ken-ichi Ueda,2021-10-21T20:55:29Z
601313,umJomi,und,"","",South African National Biodiversity Institute. 2021. Botanical Database of Southern Africa (BODATSA) [offline dataset]. http://newposa.sanbi.org [Note that these data are not available at this URL as of 2021],Xhosa,Ken-ichi Ueda,2021-10-21T20:55:29Z
595101,isitholothi,und,"","",South African National Biodiversity Institute. 2021. Botanical Database of Southern Africa (BODATSA) [offline dataset]. http://newposa.sanbi.org [Note that these data are not available at this URL as of 2021],Xhosa,Ken-ichi Ueda,2021-10-21T20:55:30Z
595101,umansane,und,"","",South African National Biodiversity Institute. 2021. Botanical Database of Southern Africa (BODATSA) [offline dataset]. http://newposa.sanbi.org [Note that these data are not available at this URL as of 2021],Xhosa,Ken-ichi Ueda,2021-10-21T20:55:30Z
595101,umjomi-wehlathi,und,"","",South African National Biodiversity Institute. 2021. Botanical Database of Southern Africa (BODATSA) [offline dataset]. http://newposa.sanbi.org [Note that these data are not available at this URL as of 2021],Xhosa,Ken-ichi Ueda,2021-10-21T20:55:30Z
595104,umhlambamasi,und,"","",South African National Biodiversity Institute. 2021. Botanical Database of Southern Africa (BODATSA) [offline dataset]. http://newposa.sanbi.org [Note that these data are not available at this URL as of 2021],Xhosa,Ken-ichi Ueda,2021-10-21T20:55:31Z
47602,irwabe lenyoka,und,"","",South African National Biodiversity Institute. 2021. Botanical Database of Southern Africa (BODATSA) [offline dataset]. http://newposa.sanbi.org [Note that these data are not available at this URL as of 2021],Xhosa,Ken-ichi Ueda,2021-10-21T20:55:31Z
474039,isiduli-sasendle,und,"","",South African National Biodiversity Institute. 2021. Botanical Database of Southern Africa (BODATSA) [offline dataset]. http://newposa.sanbi.org [Note that these data are not available at this URL as of 2021],Xhosa,Ken-ichi Ueda,2021-10-21T20:55:31Z
595129,isiduli selindle,und,"","",South African National Biodiversity Institute. 2021. Botanical Database of Southern Africa (BODATSA) [offline dataset]. http://newposa.sanbi.org [Note that these data are not available at this URL as of 2021],Xhosa,Ken-ichi Ueda,2021-10-21T20:55:32Z
595991,inzanyana,und,"","",South African National Biodiversity Institute. 2021. Botanical Database of Southern Africa (BODATSA) [offline dataset]. http://newposa.sanbi.org [Note that these data are not available at this URL as of 2021],Xhosa,Ken-ichi Ueda,2021-10-21T20:55:32Z
595991,umozane,und,"","",South African National Biodiversity Institute. 2021. Botanical Database of Southern Africa (BODATSA) [offline dataset]. http://newposa.sanbi.org [Note that these data are not available at this URL as of 2021],Xhosa,Ken-ichi Ueda,2021-10-21T20:55:32Z
595988,umgani,und,"","",South African National Biodiversity Institute. 2021. Botanical Database of Southern Africa (BODATSA) [offline dataset]. http://newposa.sanbi.org [Note that these data are not available at this URL as of 2021],Xhosa,Ken-ichi Ueda,2021-10-21T20:55:33Z
595988,umsingomzane,und,"","",South African National Biodiversity Institute. 2021. Botanical Database of Southern Africa (BODATSA) [offline dataset]. http://newposa.sanbi.org [Note that these data are not available at this URL as of 2021],Xhosa,Ken-ichi Ueda,2021-10-21T20:55:33Z
286772,icakatha,und,"","",South African National Biodiversity Institute. 2021. Botanical Database of Southern Africa (BODATSA) [offline dataset]. http://newposa.sanbi.org [Note that these data are not available at this URL as of 2021],Xhosa,Ken-ichi Ueda,2021-10-21T20:55:33Z
286772,umsilingi,und,"","",South African National Biodiversity Institute. 2021. Botanical Database of Southern Africa (BODATSA) [offline dataset]. http://newposa.sanbi.org [Note that these data are not available at this URL as of 2021],Xhosa,Ken-ichi Ueda,2021-10-21T20:55:34Z
286772,umkoto,und,"","",South African National Biodiversity Institute. 2021. Botanical Database of Southern Africa (BODATSA) [offline dataset]. http://newposa.sanbi.org [Note that these data are not available at this URL as of 2021],Xhosa,Ken-ichi Ueda,2021-10-21T20:55:34Z
406462,iboza,und,"","",South African National Biodiversity Institute. 2021. Botanical Database of Southern Africa (BODATSA) [offline dataset]. http://newposa.sanbi.org [Note that these data are not available at this URL as of 2021],Xhosa,Ken-ichi Ueda,2021-10-21T20:55:34Z
595218,umSwi,und,"","",South African National Biodiversity Institute. 2021. Botanical Database of Southern Africa (BODATSA) [offline dataset]. http://newposa.sanbi.org [Note that these data are not available at this URL as of 2021],Xhosa,Ken-ichi Ueda,2021-10-21T20:55:35Z
147425,ubatima,und,"","",South African National Biodiversity Institute. 2021. Botanical Database of Southern Africa (BODATSA) [offline dataset]. http://newposa.sanbi.org [Note that these data are not available at this URL as of 2021],Xhosa,Ken-ichi Ueda,2021-10-21T20:55:35Z
147425,umvangazi,und,"","",South African National Biodiversity Institute. 2021. Botanical Database of Southern Africa (BODATSA) [offline dataset]. http://newposa.sanbi.org [Note that these data are not available at this URL as of 2021],Xhosa,Ken-ichi Ueda,2021-10-21T20:55:35Z
147425,uphakane,und,"","",South African National Biodiversity Institute. 2021. Botanical Database of Southern Africa (BODATSA) [offline dataset]. http://newposa.sanbi.org [Note that these data are not available at this URL as of 2021],Xhosa,Ken-ichi Ueda,2021-10-21T20:55:36Z
584481,isixeza,und,"","",South African National Biodiversity Institute. 2021. Botanical Database of Southern Africa (BODATSA) [offline dataset]. http://newposa.sanbi.org [Note that these data are not available at this URL as of 2021],Xhosa,Ken-ichi Ueda,2021-10-21T20:55:36Z
584481,umbonyane,und,"","",South African National Biodiversity Institute. 2021. Botanical Database of Southern Africa (BODATSA) [offline dataset]. http://newposa.sanbi.org [Note that these data are not available at this URL as of 2021],Xhosa,Ken-ichi Ueda,2021-10-21T20:55:36Z
584481,umdhlesa,und,"","",South African National Biodiversity Institute. 2021. Botanical Database of Southern Africa (BODATSA) [offline dataset]. http://newposa.sanbi.org [Note that these data are not available at this URL as of 2021],Xhosa,Ken-ichi Ueda,2021-10-21T20:55:37Z
147420,umKhuhlu,und,"","",South African National Biodiversity Institute. 2021. Botanical Database of Southern Africa (BODATSA) [offline dataset]. http://newposa.sanbi.org [Note that these data are not available at this URL as of 2021],Xhosa,Ken-ichi Ueda,2021-10-21T20:55:37Z
147420,umkhuhlwa,und,"","",South African National Biodiversity Institute. 2021. Botanical Database of Southern Africa (BODATSA) [offline dataset]. http://newposa.sanbi.org [Note that these data are not available at this URL as of 2021],Xhosa,Ken-ichi Ueda,2021-10-21T20:55:37Z
601427,umkhulu,und,"","",South African National Biodiversity Institute. 2021. Botanical Database of Southern Africa (BODATSA) [offline dataset]. http://newposa.sanbi.org [Note that these data are not available at this URL as of 2021],Xhosa,Ken-ichi Ueda,2021-10-21T20:55:38Z
186718,ithambo,und,"","",South African National Biodiversity Institute. 2021. Botanical Database of Southern Africa (BODATSA) [offline dataset]. http://newposa.sanbi.org [Note that these data are not available at this URL as of 2021],Xhosa,Ken-ichi Ueda,2021-10-21T20:55:38Z
186720,ugqonci,und,"","",South African National Biodiversity Institute. 2021. Botanical Database of Southern Africa (BODATSA) [offline dataset]. http://newposa.sanbi.org [Note that these data are not available at this URL as of 2021],Xhosa,Ken-ichi Ueda,2021-10-21T20:55:38Z
186720,umgqonci,und,"","",South African National Biodiversity Institute. 2021. Botanical Database of Southern Africa (BODATSA) [offline dataset]. http://newposa.sanbi.org [Note that these data are not available at this URL as of 2021],Xhosa,Ken-ichi Ueda,2021-10-21T20:55:39Z
186720,umnqundu-wenyati,und,"","",South African National Biodiversity Institute. 2021. Botanical Database of Southern Africa (BODATSA) [offline dataset]. http://newposa.sanbi.org [Note that these data are not available at this URL as of 2021],Xhosa,Ken-ichi Ueda,2021-10-21T20:55:39Z
186720,umva wenyathi,und,"","",South African National Biodiversity Institute. 2021. Botanical Database of Southern Africa (BODATSA) [offline dataset]. http://newposa.sanbi.org [Note that these data are not available at this URL as of 2021],Xhosa,Ken-ichi Ueda,2021-10-21T20:55:39Z
601453,idlebe-lendlovu,und,"","",South African National Biodiversity Institute. 2021. Botanical Database of Southern Africa (BODATSA) [offline dataset]. http://newposa.sanbi.org [Note that these data are not available at this URL as of 2021],Xhosa,Ken-ichi Ueda,2021-10-21T20:55:39Z
601453,igqabi,und,"","",South African National Biodiversity Institute. 2021. Botanical Database of Southern Africa (BODATSA) [offline dataset]. http://newposa.sanbi.org [Note that these data are not available at this URL as of 2021],Xhosa,Ken-ichi Ueda,2021-10-21T20:55:40Z
601453,umnqabane,und,"","",South African National Biodiversity Institute. 2021. Botanical Database of Southern Africa (BODATSA) [offline dataset]. http://newposa.sanbi.org [Note that these data are not available at this URL as of 2021],Xhosa,Ken-ichi Ueda,2021-10-21T20:55:40Z
595798,iVimba' mpunzi,und,"","",South African National Biodiversity Institute. 2021. Botanical Database of Southern Africa (BODATSA) [offline dataset]. http://newposa.sanbi.org [Note that these data are not available at this URL as of 2021],Xhosa,Ken-ichi Ueda,2021-10-21T20:55:40Z
595798,ivimba-'mpunzi,und,"","",South African National Biodiversity Institute. 2021. Botanical Database of Southern Africa (BODATSA) [offline dataset]. http://newposa.sanbi.org [Note that these data are not available at this URL as of 2021],Xhosa,Ken-ichi Ueda,2021-10-21T20:55:41Z
595798,mpunzi,und,"","",South African National Biodiversity Institute. 2021. Botanical Database of Southern Africa (BODATSA) [offline dataset]. http://newposa.sanbi.org [Note that these data are not available at this URL as of 2021],Xhosa,Ken-ichi Ueda,2021-10-21T20:55:41Z
595801,ivimbampunzi,und,"","",South African National Biodiversity Institute. 2021. Botanical Database of Southern Africa (BODATSA) [offline dataset]. http://newposa.sanbi.org [Note that these data are not available at this URL as of 2021],Xhosa,Ken-ichi Ueda,2021-10-21T20:55:41Z
595801,Ivimba-'Mpunzi,und,"","",South African National Biodiversity Institute. 2021. Botanical Database of Southern Africa (BODATSA) [offline dataset]. http://newposa.sanbi.org [Note that these data are not available at this URL as of 2021],Xhosa,Ken-ichi Ueda,2021-10-21T20:55:42Z
320900,umadlozana,und,"","",South African National Biodiversity Institute. 2021. Botanical Database of Southern Africa (BODATSA) [offline dataset]. http://newposa.sanbi.org [Note that these data are not available at this URL as of 2021],Xhosa,Ken-ichi Ueda,2021-10-21T20:55:42Z
320900,umHlatholana,und,"","",South African National Biodiversity Institute. 2021. Botanical Database of Southern Africa (BODATSA) [offline dataset]. http://newposa.sanbi.org [Note that these data are not available at this URL as of 2021],Xhosa,Ken-ichi Ueda,2021-10-21T20:55:42Z
320900,umLahlama,und,"","",South African National Biodiversity Institute. 2021. Botanical Database of Southern Africa (BODATSA) [offline dataset]. http://newposa.sanbi.org [Note that these data are not available at this URL as of 2021],Xhosa,Ken-ichi Ueda,2021-10-21T20:55:43Z
320900,umLahlana,und,"","",South African National Biodiversity Institute. 2021. Botanical Database of Southern Africa (BODATSA) [offline dataset]. http://newposa.sanbi.org [Note that these data are not available at this URL as of 2021],Xhosa,Ken-ichi Ueda,2021-10-21T20:55:43Z
320900,umVuma,und,"","",South African National Biodiversity Institute. 2021. Botanical Database of Southern Africa (BODATSA) [offline dataset]. http://newposa.sanbi.org [Note that these data are not available at this URL as of 2021],Xhosa,Ken-ichi Ueda,2021-10-21T20:55:43Z
437103,ingcongolo,und,"","",South African National Biodiversity Institute. 2021. Botanical Database of Southern Africa (BODATSA) [offline dataset]. http://newposa.sanbi.org [Note that these data are not available at this URL as of 2021],Xhosa,Ken-ichi Ueda,2021-10-21T20:55:44Z
444539,umthiza,und,"","",South African National Biodiversity Institute. 2021. Botanical Database of Southern Africa (BODATSA) [offline dataset]. http://newposa.sanbi.org [Note that these data are not available at this URL as of 2021],Xhosa,Ken-ichi Ueda,2021-10-21T20:55:44Z
584162,in Jobo,und,"","",South African National Biodiversity Institute. 2021. Botanical Database of Southern Africa (BODATSA) [offline dataset]. http://newposa.sanbi.org [Note that these data are not available at this URL as of 2021],Xhosa,Ken-ichi Ueda,2021-10-21T20:55:44Z
584162,injoba,und,"","",South African National Biodiversity Institute. 2021. Botanical Database of Southern Africa (BODATSA) [offline dataset]. http://newposa.sanbi.org [Note that these data are not available at this URL as of 2021],Xhosa,Ken-ichi Ueda,2021-10-21T20:55:45Z
584162,injobo,und,"","",South African National Biodiversity Institute. 2021. Botanical Database of Southern Africa (BODATSA) [offline dataset]. http://newposa.sanbi.org [Note that these data are not available at this URL as of 2021],Xhosa,Ken-ichi Ueda,2021-10-21T20:55:45Z
53315,imbabazane,und,"","",South African National Biodiversity Institute. 2021. Botanical Database of Southern Africa (BODATSA) [offline dataset]. http://newposa.sanbi.org [Note that these data are not available at this URL as of 2021],Xhosa,Ken-ichi Ueda,2021-10-21T20:55:45Z
53315,ububaze,und,"","",South African National Biodiversity Institute. 2021. Botanical Database of Southern Africa (BODATSA) [offline dataset]. http://newposa.sanbi.org [Note that these data are not available at this URL as of 2021],Xhosa,Ken-ichi Ueda,2021-10-21T20:55:46Z
53315,ububazi,und,"","",South African National Biodiversity Institute. 2021. Botanical Database of Southern Africa (BODATSA) [offline dataset]. http://newposa.sanbi.org [Note that these data are not available at this URL as of 2021],Xhosa,Ken-ichi Ueda,2021-10-21T20:55:46Z
601546,umviluka,und,"","",South African National Biodiversity Institute. 2021. Botanical Database of Southern Africa (BODATSA) [offline dataset]. http://newposa.sanbi.org [Note that these data are not available at this URL as of 2021],Xhosa,Ken-ichi Ueda,2021-10-21T20:55:47Z
340338,umn- gamazwele,und,"","",South African National Biodiversity Institute. 2021. Botanical Database of Southern Africa (BODATSA) [offline dataset]. http://newposa.sanbi.org [Note that these data are not available at this URL as of 2021],Xhosa,Ken-ichi Ueda,2021-10-21T20:55:47Z
340338,umngamazele,und,"","",South African National Biodiversity Institute. 2021. Botanical Database of Southern Africa (BODATSA) [offline dataset]. http://newposa.sanbi.org [Note that these data are not available at this URL as of 2021],Xhosa,Ken-ichi Ueda,2021-10-21T20:55:47Z
340338,umngamazwele,und,"","",South African National Biodiversity Institute. 2021. Botanical Database of Southern Africa (BODATSA) [offline dataset]. http://newposa.sanbi.org [Note that these data are not available at this URL as of 2021],Xhosa,Ken-ichi Ueda,2021-10-21T20:55:48Z
340338,umzane,und,"","",South African National Biodiversity Institute. 2021. Botanical Database of Southern Africa (BODATSA) [offline dataset]. http://newposa.sanbi.org [Note that these data are not available at this URL as of 2021],Xhosa,Ken-ichi Ueda,2021-10-21T20:55:48Z
568399,umzitsikama,und,"","",South African National Biodiversity Institute. 2021. Botanical Database of Southern Africa (BODATSA) [offline dataset]. http://newposa.sanbi.org [Note that these data are not available at this URL as of 2021],Xhosa,Ken-ichi Ueda,2021-10-21T20:55:48Z
367416,umhlambamaas,und,"","",South African National Biodiversity Institute. 2021. Botanical Database of Southern Africa (BODATSA) [offline dataset]. http://newposa.sanbi.org [Note that these data are not available at this URL as of 2021],Xhosa,Ken-ichi Ueda,2021-10-21T20:55:49Z
367416,umthofu,und,"","",South African National Biodiversity Institute. 2021. Botanical Database of Southern Africa (BODATSA) [offline dataset]. http://newposa.sanbi.org [Note that these data are not available at this URL as of 2021],Xhosa,Ken-ichi Ueda,2021-10-21T20:55:49Z
367416,umthomfi,und,"","",South African National Biodiversity Institute. 2021. Botanical Database of Southern Africa (BODATSA) [offline dataset]. http://newposa.sanbi.org [Note that these data are not available at this URL as of 2021],Xhosa,Ken-ichi Ueda,2021-10-21T20:55:49Z
367416,umthundisa,und,"","",South African National Biodiversity Institute. 2021. Botanical Database of Southern Africa (BODATSA) [offline dataset]. http://newposa.sanbi.org [Note that these data are not available at this URL as of 2021],Xhosa,Ken-ichi Ueda,2021-10-21T20:55:50Z
182191,ubuvuma,und,"","",South African National Biodiversity Institute. 2021. Botanical Database of Southern Africa (BODATSA) [offline dataset]. http://newposa.sanbi.org [Note that these data are not available at this URL as of 2021],Xhosa,Ken-ichi Ueda,2021-10-21T20:55:50Z
132925,ikomanzi,und,"","",South African National Biodiversity Institute. 2021. Botanical Database of Southern Africa (BODATSA) [offline dataset]. http://newposa.sanbi.org [Note that these data are not available at this URL as of 2021],Xhosa,Ken-ichi Ueda,2021-10-21T20:55:50Z
132925,ubhoko-bhoko,und,"","",South African National Biodiversity Institute. 2021. Botanical Database of Southern Africa (BODATSA) [offline dataset]. http://newposa.sanbi.org [Note that these data are not available at this URL as of 2021],Xhosa,Ken-ichi Ueda,2021-10-21T20:55:51Z
132925,uvethe,und,"","",South African National Biodiversity Institute. 2021. Botanical Database of Southern Africa (BODATSA) [offline dataset]. http://newposa.sanbi.org [Note that these data are not available at this URL as of 2021],Xhosa,Ken-ichi Ueda,2021-10-21T20:55:51Z
596370,iyeza elimhlophe,und,"","",South African National Biodiversity Institute. 2021. Botanical Database of Southern Africa (BODATSA) [offline dataset]. http://newposa.sanbi.org [Note that these data are not available at this URL as of 2021],Xhosa,Ken-ichi Ueda,2021-10-21T20:55:51Z
601616,ishongwane,und,"","",South African National Biodiversity Institute. 2021. Botanical Database of Southern Africa (BODATSA) [offline dataset]. http://newposa.sanbi.org [Note that these data are not available at this URL as of 2021],Xhosa,Ken-ichi Ueda,2021-10-21T20:55:51Z
601616,nwachaba,und,"","",South African National Biodiversity Institute. 2021. Botanical Database of Southern Africa (BODATSA) [offline dataset]. http://newposa.sanbi.org [Note that these data are not available at this URL as of 2021],Xhosa,Ken-ichi Ueda,2021-10-21T20:55:52Z
56006,intebe,und,"","",South African National Biodiversity Institute. 2021. Botanical Database of Southern Africa (BODATSA) [offline dataset]. http://newposa.sanbi.org [Note that these data are not available at this URL as of 2021],Xhosa,Ken-ichi Ueda,2021-10-21T20:55:52Z
362174,umhlungumabele,und,"","",South African National Biodiversity Institute. 2021. Botanical Database of Southern Africa (BODATSA) [offline dataset]. http://newposa.sanbi.org [Note that these data are not available at this URL as of 2021],Xhosa,Ken-ichi Ueda,2021-10-21T20:55:52Z
362174,umlungumable,und,"","",South African National Biodiversity Institute. 2021. Botanical Database of Southern Africa (BODATSA) [offline dataset]. http://newposa.sanbi.org [Note that these data are not available at this URL as of 2021],Xhosa,Ken-ichi Ueda,2021-10-21T20:55:53Z
362174,umnikandiba,und,"","",South African National Biodiversity Institute. 2021. Botanical Database of Southern Africa (BODATSA) [offline dataset]. http://newposa.sanbi.org [Note that these data are not available at this URL as of 2021],Xhosa,Ken-ichi Ueda,2021-10-21T20:55:53Z
469304,umLungamabele,und,"","",South African National Biodiversity Institute. 2021. Botanical Database of Southern Africa (BODATSA) [offline dataset]. http://newposa.sanbi.org [Note that these data are not available at this URL as of 2021],Xhosa,Ken-ichi Ueda,2021-10-21T20:55:53Z
340229,umPhafa,und,"","",South African National Biodiversity Institute. 2021. Botanical Database of Southern Africa (BODATSA) [offline dataset]. http://newposa.sanbi.org [Note that these data are not available at this URL as of 2021],Xhosa,Ken-ichi Ueda,2021-10-21T20:55:55Z
142774,ubhobhoyi,und,"","",,Xhosa,botswanabugs,2022-01-09T04:35:32Z
3687,intshili,und,"","",,Xhosa,botswanabugs,2022-01-09T04:52:29Z
3687,indlazi,und,"","",,Xhosa,botswanabugs,2022-01-09T04:53:02Z
1361284,isikhangathi,und,"","",South African National Biodiversity Institute. 2021. Botanical Database of Southern Africa (BODATSA) [offline dataset]. http://newposa.sanbi.org [Note that these data are not available at this URL as of 2021],Xhosa,Thomas Mesaglio,2022-02-23T08:01:17Z
1361284,umhluma,und,"","",South African National Biodiversity Institute. 2021. Botanical Database of Southern Africa (BODATSA) [offline dataset]. http://newposa.sanbi.org [Note that these data are not available at this URL as of 2021],Xhosa,Thomas Mesaglio,2022-02-23T08:01:17Z
1306005,Ingci,und,"","",https://www.inaturalist.org/taxon_names/2899692/edit,Xhosa,Bobby McCabe,2022-02-28T01:14:36Z
595985,inzanyane,und,"","",South African National Biodiversity Institute. 2021. Botanical Database of Southern Africa (BODATSA) [offline dataset]. http://newposa.sanbi.org [Note that these data are not available at this URL as of 2021],Xhosa,,2022-03-06T15:39:30Z
1363476,umBezo,und,"","",South African National Biodiversity Institute. 2021. Botanical Database of Southern Africa (BODATSA) [offline dataset]. http://newposa.sanbi.org [Note that these data are not available at this URL as of 2021],Xhosa,,2022-03-06T21:21:14Z
1363476,umbhezo,und,"","",South African National Biodiversity Institute. 2021. Botanical Database of Southern Africa (BODATSA) [offline dataset]. http://newposa.sanbi.org [Note that these data are not available at this URL as of 2021],Xhosa,,2022-03-06T21:21:14Z
1363476,umGquata,und,"","",South African National Biodiversity Institute. 2021. Botanical Database of Southern Africa (BODATSA) [offline dataset]. http://newposa.sanbi.org [Note that these data are not available at this URL as of 2021],Xhosa,,2022-03-06T21:21:14Z
1363476,umGqwata,und,"","",South African National Biodiversity Institute. 2021. Botanical Database of Southern Africa (BODATSA) [offline dataset]. http://newposa.sanbi.org [Note that these data are not available at this URL as of 2021],Xhosa,,2022-03-06T21:21:15Z
1210966,Impungutye,und,"","",,Xhosa,botswanabugs,2022-03-10T10:46:03Z
1210966,udyakalashe,und,"","",,Xhosa,botswanabugs,2022-03-10T10:48:47Z
371414,ingada,und,"","",,Xhosa,botswanabugs,2022-03-10T10:54:25Z
42042,insimbaluthi,und,"","",,Xhosa,botswanabugs,2022-03-24T04:06:54Z
42042,Inthwana,und,"","",,Xhosa,botswanabugs,2022-03-24T04:09:23Z
42042,Ingqawa,und,"","",,Xhosa,botswanabugs,2022-03-24T04:19:33Z
469472,apile,und,"","",,Xhosa,,2022-03-27T05:08:04Z
1371229,intzane,und,"","",South African National Biodiversity Institute. 2021. Botanical Database of Southern Africa (BODATSA) [offline dataset]. http://newposa.sanbi.org [Note that these data are not available at this URL as of 2021],Xhosa,,2022-03-31T08:46:22Z
1371229,umvilo wehlathi,und,"","",South African National Biodiversity Institute. 2021. Botanical Database of Southern Africa (BODATSA) [offline dataset]. http://newposa.sanbi.org [Note that these data are not available at this URL as of 2021],Xhosa,,2022-03-31T08:46:22Z
596042,uqangazana,und,"","",South African National Biodiversity Institute. 2021. Botanical Database of Southern Africa (BODATSA) [offline dataset]. http://newposa.sanbi.org [Note that these data are not available at this URL as of 2021],Xhosa,,2022-04-13T07:19:58Z
596042,inunkisiqaqa,und,"","",South African National Biodiversity Institute. 2021. Botanical Database of Southern Africa (BODATSA) [offline dataset]. http://newposa.sanbi.org [Note that these data are not available at this URL as of 2021],Xhosa,,2022-04-13T07:19:58Z
596042,uluvethe,und,"","",South African National Biodiversity Institute. 2021. Botanical Database of Southern Africa (BODATSA) [offline dataset]. http://newposa.sanbi.org [Note that these data are not available at this URL as of 2021],Xhosa,,2022-04-13T07:19:58Z
596042,umkangazani,und,"","",South African National Biodiversity Institute. 2021. Botanical Database of Southern Africa (BODATSA) [offline dataset]. http://newposa.sanbi.org [Note that these data are not available at this URL as of 2021],Xhosa,,2022-04-13T07:19:58Z
596042,umqangazani,und,"","",South African National Biodiversity Institute. 2021. Botanical Database of Southern Africa (BODATSA) [offline dataset]. http://newposa.sanbi.org [Note that these data are not available at this URL as of 2021],Xhosa,,2022-04-13T07:19:58Z
596042,umqwaqu,und,"","",South African National Biodiversity Institute. 2021. Botanical Database of Southern Africa (BODATSA) [offline dataset]. http://newposa.sanbi.org [Note that these data are not available at this URL as of 2021],Xhosa,,2022-04-13T07:19:58Z
595643,Isibara,und,"","",,Xhosa,botswanabugs,2022-04-28T10:16:47Z
595643,Umkhulu,und,"","",,Xhosa,botswanabugs,2022-04-28T10:17:40Z
579681,inhlaba empofu,und,"","",South African National Biodiversity Institute. 2021. Botanical Database of Southern Africa (BODATSA) [offline dataset]. http://newposa.sanbi.org [Note that these data are not available at this URL as of 2021],Xhosa,,2022-05-13T15:43:18Z
579681,Intelezi,und,"","",,Xhosa,Jeremy Gilmore,2022-05-13T15:46:07Z
41939,Ingqwalashu,und,"","",,Xhosa,botswanabugs,2022-07-18T03:20:48Z
1,Izilwanyana,und,"","",,Xhosa,Yann Kemper,2022-11-18T04:55:20Z
1431002,Impunzi,und,"","",https://www.inaturalist.org/taxon_names/2002332/edit,Xhosa,,2022-12-06T06:52:24Z
1431869,Imbabala,und,"","",https://www.inaturalist.org/taxon_names/1088693/edit,Xhosa,lwnrngr,2022-12-06T23:52:08Z
42093,Isitshetshe,und,"","",,Xhosa,botswanabugs,2023-01-04T19:28:49Z
559229,umngaphunzi,und,"","",,Xhosa,botswanabugs,2023-03-20T11:44:52Z
709629,Umathamnandi,und,"","",,Xhosa,Tony Rebelo,2023-04-03T07:57:29Z
47062,Ihodi,und,"","",,Xhosa,botswanabugs,2023-04-25T07:27:47Z
32806,ilovani,und,"","",,Xhosa,botswanabugs,2023-04-25T07:50:47Z
32806,ilovane,und,"","",,Xhosa,botswanabugs,2023-04-25T07:53:48Z
19350,isikhova,und,"","",,Xhosa,botswanabugs,2023-04-25T08:02:48Z
593708,Usikiki,und,"","",,Xhosa,Mark,2023-05-07T13:40:46Z
517053,ixoxo,und,"","",,Xhosa,botswanabugs,2023-05-14T02:52:49Z
517053,igogode,und,"","",,Xhosa,botswanabugs,2023-05-14T02:53:25Z
1473182,umini,und,"","",South African National Biodiversity Institute. 2021. Botanical Database of Southern Africa (BODATSA) [offline dataset]. http://newposa.sanbi.org [Note that these data are not available at this URL as of 2021],Xhosa,,2023-06-09T14:00:41Z
1473182,umnini,und,"","",South African National Biodiversity Institute. 2021. Botanical Database of Southern Africa (BODATSA) [offline dataset]. http://newposa.sanbi.org [Note that these data are not available at this URL as of 2021],Xhosa,,2023-06-09T14:00:41Z
201031,usilwangula,und,"","",,Xhosa,botswanabugs,2023-07-14T09:05:23Z
1484786,in Tolwane,und,"","",South African National Biodiversity Institute. 2021. Botanical Database of Southern Africa (BODATSA) [offline dataset]. http://newposa.sanbi.org [Note that these data are not available at this URL as of 2021],Xhosa,Riaan Stals,2023-07-25T18:16:04Z
1484786,intolyane,und,"","",South African National Biodiversity Institute. 2021. Botanical Database of Southern Africa (BODATSA) [offline dataset]. http://newposa.sanbi.org [Note that these data are not available at this URL as of 2021],Xhosa,Riaan Stals,2023-07-25T18:16:04Z
57920,itshungu,und,"","",,Xhosa,Kobus Meyer,2023-10-13T23:34:50Z
57920,ikhakakhaka,und,"","",,Xhosa,Kobus Meyer,2023-10-13T23:35:30Z
8257,Umbhankro,und,"","",,Xhosa,lwnrngr,2023-10-15T11:13:32Z
337669,umavumbuka,und,"","",South African National Biodiversity Institute. 2021. Botanical Database of Southern Africa (BODATSA) [offline dataset]. http://newposa.sanbi.org [Note that these data are not available at this URL as of 2021],Xhosa,,2023-10-24T02:41:22Z
1505670,Inggolane,und,"","",https://www.inaturalist.org/taxon_names/3440305/edit,Xhosa,Victor HOYEAU,2023-10-29T22:14:00Z
1505670,Unomakhwezana,und,"","",https://www.inaturalist.org/taxon_names/3440306/edit,Xhosa,Victor HOYEAU,2023-10-29T22:14:00Z
698515,Unomatse,und,"","",,Xhosa,Tony Rebelo,2024-02-10T15:45:28Z
343067,inzinziniba,und,"","",,Xhosa,botswanabugs,2024-05-21T09:48:14Z
182206,umzungulu,und,"","",,Xhosa,botswanabugs,2024-05-21T10:01:37Z
596042,Umqwaqwanam,und,"","",,Xhosa,botswanabugs,2024-07-18T10:03:06Z
47824,isigcawu esingu Romani,und,South Africa,ZA,,Xhosa,botswanabugs,2024-10-13T10:46:45Z
1582755,Ukhetshana,und,"","",https://www.inaturalist.org/taxon_names/3439037/edit,Xhosa,,2024-10-23T04:50:41Z
411086,iLanda,und,"","",https://www.inaturalist.org/taxon_names/2912305/edit,Xhosa,Sean Cozart,2024-11-03T09:37:32Z
1588182,umqokolo,und,"","",https://www.inaturalist.org/taxon_names/2865608/edit,Xhosa,Wynand Uys,2024-11-11T17:29:20Z
1588182,umKokola,und,"","",https://www.inaturalist.org/taxon_names/2520777/edit,Xhosa,Wynand Uys,2024-11-11T17:29:20Z
1588195,umhlambamase,und,"","",https://www.inaturalist.org/taxon_names/2627552/edit,Xhosa,,2024-11-11T17:43:02Z
1588195,umThundisa,und,"","",South African National Biodiversity Institute. 2021. Botanical Database of Southern Africa (BODATSA) [offline dataset]. http://newposa.sanbi.org [Note that these data are not available at this URL as of 2021],Xhosa,,2024-11-11T17:43:03Z
1588195,umhlabamase,und,"","",South African National Biodiversity Institute. 2021. Botanical Database of Southern Africa (BODATSA) [offline dataset]. http://newposa.sanbi.org [Note that these data are not available at this URL as of 2021],Xhosa,,2024-11-11T17:43:05Z
1588195,umjela,und,"","",South African National Biodiversity Institute. 2021. Botanical Database of Southern Africa (BODATSA) [offline dataset]. http://newposa.sanbi.org [Note that these data are not available at this URL as of 2021],Xhosa,,2024-11-11T17:43:06Z
1588195,umJele,und,"","",South African National Biodiversity Institute. 2021. Botanical Database of Southern Africa (BODATSA) [offline dataset]. http://newposa.sanbi.org [Note that these data are not available at this URL as of 2021],Xhosa,,2024-11-11T17:43:07Z
1588195,umJelo,und,"","",South African National Biodiversity Institute. 2021. Botanical Database of Southern Africa (BODATSA) [offline dataset]. http://newposa.sanbi.org [Note that these data are not available at this URL as of 2021],Xhosa,,2024-11-11T17:43:07Z
1588195,umThondisa,und,"","",South African National Biodiversity Institute. 2021. Botanical Database of Southern Africa (BODATSA) [offline dataset]. http://newposa.sanbi.org [Note that these data are not available at this URL as of 2021],Xhosa,,2024-11-11T17:43:07Z
1588206,isaDlunge,und,"","",South African National Biodiversity Institute. 2021. Botanical Database of Southern Africa (BODATSA) [offline dataset]. http://newposa.sanbi.org [Note that these data are not available at this URL as of 2021],Xhosa,,2024-11-11T17:56:10Z
1588206,Isicalabane,und,"","",South African National Biodiversity Institute. 2021. Botanical Database of Southern Africa (BODATSA) [offline dataset]. http://newposa.sanbi.org [Note that these data are not available at this URL as of 2021],Xhosa,,2024-11-11T17:56:11Z
1588206,Isidlungu,und,"","",South African National Biodiversity Institute. 2021. Botanical Database of Southern Africa (BODATSA) [offline dataset]. http://newposa.sanbi.org [Note that these data are not available at this URL as of 2021],Xhosa,,2024-11-11T17:56:11Z
1588206,isiQalaba-sentaba,und,"","",South African National Biodiversity Institute. 2021. Botanical Database of Southern Africa (BODATSA) [offline dataset]. http://newposa.sanbi.org [Note that these data are not available at this URL as of 2021],Xhosa,,2024-11-11T17:56:11Z
1588206,Sekila,und,"","",South African National Biodiversity Institute. 2021. Botanical Database of Southern Africa (BODATSA) [offline dataset]. http://newposa.sanbi.org [Note that these data are not available at this URL as of 2021],Xhosa,,2024-11-11T17:56:11Z
1588206,Mogalagala,und,"","",South African National Biodiversity Institute. 2021. Botanical Database of Southern Africa (BODATSA) [offline dataset]. http://newposa.sanbi.org [Note that these data are not available at this URL as of 2021],Xhosa,,2024-11-11T17:56:11Z
1588206,uHlinkihlane,und,"","",South African National Biodiversity Institute. 2021. Botanical Database of Southern Africa (BODATSA) [offline dataset]. http://newposa.sanbi.org [Note that these data are not available at this URL as of 2021],Xhosa,,2024-11-11T17:56:11Z
1588206,indlunge,und,"","",South African National Biodiversity Institute. 2021. Botanical Database of Southern Africa (BODATSA) [offline dataset]. http://newposa.sanbi.org [Note that these data are not available at this URL as of 2021],Xhosa,,2024-11-11T17:56:12Z
1587989,isiQwane,und,"","",https://www.inaturalist.org/taxon_names/2301759/edit,Xhosa,,2024-11-11T18:47:16Z
1587989,iSadlunge,und,"","",https://www.inaturalist.org/taxon_names/2301758/edit,Xhosa,,2024-11-11T18:47:17Z
1588264,mlovulovu,und,"","",South African National Biodiversity Institute. 2021. Botanical Database of Southern Africa (BODATSA) [offline dataset]. http://newposa.sanbi.org [Note that these data are not available at this URL as of 2021],Xhosa,,2024-11-11T18:57:29Z
1588264,umlovulovu,und,"","",South African National Biodiversity Institute. 2021. Botanical Database of Southern Africa (BODATSA) [offline dataset]. http://newposa.sanbi.org [Note that these data are not available at this URL as of 2021],Xhosa,,2024-11-11T18:57:29Z
1588280,umdubu,und,"","",South African National Biodiversity Institute. 2021. Botanical Database of Southern Africa (BODATSA) [offline dataset]. http://newposa.sanbi.org [Note that these data are not available at this URL as of 2021],Xhosa,,2024-11-11T19:03:14Z
1588323,umThole,und,"","",https://www.inaturalist.org/taxon_names/2301741/edit,Xhosa,,2024-11-11T20:30:17Z
1588323,umNyamanzi,und,"","",https://www.inaturalist.org/taxon_names/2301743/edit,Xhosa,,2024-11-11T20:30:17Z
1588323,umngamanzi,und,"","",https://www.inaturalist.org/taxon_names/2568649/edit,Xhosa,,2024-11-11T20:30:25Z
1588530,ikomba,und,"","",South African National Biodiversity Institute. 2021. Botanical Database of Southern Africa (BODATSA) [offline dataset]. http://newposa.sanbi.org [Note that these data are not available at this URL as of 2021],Xhosa,,2024-11-12T05:26:19Z
1588530,inkomba,und,"","",South African National Biodiversity Institute. 2021. Botanical Database of Southern Africa (BODATSA) [offline dataset]. http://newposa.sanbi.org [Note that these data are not available at this URL as of 2021],Xhosa,,2024-11-12T05:26:19Z
1588568,inGwenve,und,"","",South African National Biodiversity Institute. 2021. Botanical Database of Southern Africa (BODATSA) [offline dataset]. http://newposa.sanbi.org [Note that these data are not available at this URL as of 2021],Xhosa,,2024-11-12T07:38:45Z
1588568,inGwenye,und,"","",South African National Biodiversity Institute. 2021. Botanical Database of Southern Africa (BODATSA) [offline dataset]. http://newposa.sanbi.org [Note that these data are not available at this URL as of 2021],Xhosa,,2024-11-12T07:38:46Z
1588568,umGwenya,und,"","",South African National Biodiversity Institute. 2021. Botanical Database of Southern Africa (BODATSA) [offline dataset]. http://newposa.sanbi.org [Note that these data are not available at this URL as of 2021],Xhosa,,2024-11-12T07:38:46Z
1588568,umgwenye-hangul,und,"","",South African National Biodiversity Institute. 2021. Botanical Database of Southern Africa (BODATSA) [offline dataset]. http://newposa.sanbi.org [Note that these data are not available at this URL as of 2021],Xhosa,,2024-11-12T07:38:46Z
1588592,elinmyana,und,"","",South African National Biodiversity Institute. 2021. Botanical Database of Southern Africa (BODATSA) [offline dataset]. http://newposa.sanbi.org [Note that these data are not available at this URL as of 2021],Xhosa,,2024-11-12T08:20:34Z
1588592,iyesa,und,"","",South African National Biodiversity Institute. 2021. Botanical Database of Southern Africa (BODATSA) [offline dataset]. http://newposa.sanbi.org [Note that these data are not available at this URL as of 2021],Xhosa,,2024-11-12T08:20:34Z
1588592,iYesa elimnyama,und,"","",South African National Biodiversity Institute. 2021. Botanical Database of Southern Africa (BODATSA) [offline dataset]. http://newposa.sanbi.org [Note that these data are not available at this URL as of 2021],Xhosa,,2024-11-12T08:20:34Z
1588592,iYeza elimnyama,und,"","",South African National Biodiversity Institute. 2021. Botanical Database of Southern Africa (BODATSA) [offline dataset]. http://newposa.sanbi.org [Note that these data are not available at this URL as of 2021],Xhosa,,2024-11-12T08:20:34Z
1588592,iYeza elinmyama,und,"","",South African National Biodiversity Institute. 2021. Botanical Database of Southern Africa (BODATSA) [offline dataset]. http://newposa.sanbi.org [Note that these data are not available at this URL as of 2021],Xhosa,,2024-11-12T08:20:34Z
1588592,iyezaelinmyama,und,"","",South African National Biodiversity Institute. 2021. Botanical Database of Southern Africa (BODATSA) [offline dataset]. http://newposa.sanbi.org [Note that these data are not available at this URL as of 2021],Xhosa,,2024-11-12T08:20:35Z
1588634,umqomoqomo,und,"","",South African National Biodiversity Institute. 2021. Botanical Database of Southern Africa (BODATSA) [offline dataset]. http://newposa.sanbi.org [Note that these data are not available at this URL as of 2021],Xhosa,,2024-11-12T10:17:36Z
1588641,idwaba,und,"","",South African National Biodiversity Institute. 2021. Botanical Database of Southern Africa (BODATSA) [offline dataset]. http://newposa.sanbi.org [Note that these data are not available at this URL as of 2021],Xhosa,,2024-11-12T10:44:23Z
1588644,idwabe,und,"","",South African National Biodiversity Institute. 2021. Botanical Database of Southern Africa (BODATSA) [offline dataset]. http://newposa.sanbi.org [Note that these data are not available at this URL as of 2021],Xhosa,,2024-11-12T11:04:17Z
1588644,isidwaba,und,"","",South African National Biodiversity Institute. 2021. Botanical Database of Southern Africa (BODATSA) [offline dataset]. http://newposa.sanbi.org [Note that these data are not available at this URL as of 2021],Xhosa,,2024-11-12T11:04:17Z
1588644,iviriga,und,"","",South African National Biodiversity Institute. 2021. Botanical Database of Southern Africa (BODATSA) [offline dataset]. http://newposa.sanbi.org [Note that these data are not available at this URL as of 2021],Xhosa,,2024-11-12T11:04:17Z
1588645,umtunzi,und,"","",https://www.inaturalist.org/taxon_names/2571583/edit,Xhosa,,2024-11-12T11:10:19Z
1588645,uchole,und,"","",https://www.inaturalist.org/taxon_names/2571584/edit,Xhosa,,2024-11-12T11:10:19Z
1588645,umhlope,und,"","",https://www.inaturalist.org/taxon_names/2571586/edit,Xhosa,,2024-11-12T11:10:19Z
1588645,umntunzi,und,"","",https://www.inaturalist.org/taxon_names/2571587/edit,Xhosa,,2024-11-12T11:10:19Z
1588645,amasetole,und,"","",https://www.inaturalist.org/taxon_names/2571585/edit,Xhosa,,2024-11-12T11:10:19Z
1588645,umhlumgulu,und,"","",South African National Biodiversity Institute. 2021. Botanical Database of Southern Africa (BODATSA) [offline dataset]. http://newposa.sanbi.org [Note that these data are not available at this URL as of 2021],Xhosa,,2024-11-12T11:10:20Z
1588645,umnweba,und,"","",South African National Biodiversity Institute. 2021. Botanical Database of Southern Africa (BODATSA) [offline dataset]. http://newposa.sanbi.org [Note that these data are not available at this URL as of 2021],Xhosa,,2024-11-12T11:10:20Z
1600183,umdlebe,und,"","",South African National Biodiversity Institute. 2021. Botanical Database of Southern Africa (BODATSA) [offline dataset]. http://newposa.sanbi.org [Note that these data are not available at this URL as of 2021],Xhosa,,2025-01-10T12:26:47Z
1600183,umqumaswile,und,"","",South African National Biodiversity Institute. 2021. Botanical Database of Southern Africa (BODATSA) [offline dataset]. http://newposa.sanbi.org [Note that these data are not available at this URL as of 2021],Xhosa,,2025-01-10T12:26:48Z
589008,Umnwele,und,"","",,Xhosa,botswanabugs,2025-02-18T02:22:00Z
75997,Umya,und,"","",,Xhosa,botswanabugs,2025-03-01T14:15:32Z
517132,Ixoxo elirhabaxa,und,South Africa,ZA,,Xhosa,Fortunate Mafeta Phaka,2025-04-21T19:39:50Z
56090,Iqunube,und,"","",,Xhosa,botswanabugs,2025-09-12T14:16:35Z
56090,amaqunube,und,"","",,Xhosa,botswanabugs,2025-09-12T14:17:28Z
57,Igwampi,und,"","",https://www.inaturalist.org/taxon_names/3439025/edit,Xhosa,,2025-11-02T13:54:37Z
57,Iqaqolo,und,"","",https://www.inaturalist.org/taxon_names/3439024/edit,Xhosa,,2025-11-02T13:54:37Z
558307,inyongana,und,"","",,Xhosa,botswanabugs,2025-11-04T05:41:20Z
558307,Inyongwana,und,"","",,Xhosa,botswanabugs,2025-12-16T10:06:26Z
469307,umlunge,und,"","",,Xhosa,botswanabugs,2025-12-16T10:19:14Z
469307,umgele,und,"","",,Xhosa,botswanabugs,2025-12-16T10:41:45Z
601540,Umngampunzi,und,"","",,Xhosa,botswanabugs,2026-06-07T07:20:54Z
340113,umpazito,und,"","",,Xhosa,botswanabugs,2026-07-16T04:19:10Z
597515,umabophe,und,"","",,Xhosa,botswanabugs,2026-07-22T07:21:30Z
579041,umabope,und,"","",,Xhosa,botswanabugs,2026-07-22T07:22:35Z
579105,umlungumabele,und,"","",,Xhosa,botswanabugs,2026-07-22T08:06:49Z
430601,ubuhlungu benyoka,und,"","",,Xhosa,botswanabugs,2026-07-22T08:09:48Z
430600,ubuhlungu  benamba,und,"","",,Xhosa,botswanabugs,2026-07-22T08:13:10Z
578912,ibhosisi,und,"","",,Xhosa,botswanabugs,2026-07-22T08:25:23Z
578912,yendlebe,und,"","",,Xhosa,botswanabugs,2026-07-22T08:26:12Z
199324,umpofu,und,"","",,Xhosa,botswanabugs,2026-07-22T08:40:04Z
199324,umgobeleweni,und,"","",,Xhosa,botswanabugs,2026-07-22T08:41:28Z
199324,umkhondo,und,"","",,Xhosa,botswanabugs,2026-07-22T08:42:25Z
56019,isiscakathi,und,"","",,Xhosa,botswanabugs,2026-07-22T08:44:21Z
336864,umgwebeleweni,und,"","",,Xhosa,botswanabugs,2026-07-22T08:47:09Z
597577,umgwebeleweni,und,"","",,Xhosa,botswanabugs,2026-07-22T08:48:26Z
