id,vernacularName,language,locality,countryCode,source,lexicon,contributor,created
47115,Lindýr,und,"","",,Faroese,John E. Christensen,2017-11-29T22:09:20Z
1,Dýr,und,"","",,Faroese,John E. Christensen,2017-12-09T10:40:09Z
41708,Steinkópur,und,"","",,Faroese,John E. Christensen,2017-12-12T13:11:21Z
47120,Liðadýr,und,"","",,Faroese,John E. Christensen,2018-01-18T15:51:29Z
10070,Bókígða,und,"","",,Faroese,John E. Christensen,2018-02-12T12:52:28Z
40019,Landskjaldbøkur,und,"","",,Faroese,John E. Christensen,2018-04-15T12:56:09Z
43042,Tindasvín,und,"","",,Faroese,John E. Christensen,2018-05-24T15:36:09Z
6930,Villdunna,und,"","",,Faroese,John E. Christensen,2018-12-14T15:04:53Z
40151,Súgdjór,und,"","",,Faroese,John E. Christensen,2019-02-07T18:21:59Z
47549,Tindadýr,und,"","",,Faroese,John E. Christensen,2019-03-01T09:30:49Z
43698,Gnagdýr,und,"","",,Faroese,John E. Christensen,2019-03-05T06:34:51Z
47170,Soppar,und,"","",,Faroese,John E. Christensen,2019-04-03T13:18:11Z
233598,Pólrevur,und,"","",,Faroese,John E. Christensen,2019-10-06T20:13:05Z
47114,Sniglar,und,"","",,Faroese,John E. Christensen,2020-04-24T14:44:36Z
1105043,margblømdur rølikur,und,Faroe Islands,FO,"Hansen, L. J. (n.d.). Vernacular species names—Tjóðsavnið. Tjóðsavnið. Retrieved June 18, 2021, from https://www.tjodsavnid.fo/vernacular-species-names
",Faroese,Ken-ichi Ueda,2021-06-18T20:12:23Z
54055,snúsrølikur,und,Faroe Islands,FO,"Hansen, L. J. (n.d.). Vernacular species names—Tjóðsavnið. Tjóðsavnið. Retrieved June 18, 2021, from https://www.tjodsavnid.fo/vernacular-species-names
",Faroese,Ken-ichi Ueda,2021-06-18T20:12:24Z
325916,sevkendur kveiki,und,Faroe Islands,FO,"Hansen, L. J. (n.d.). Vernacular species names—Tjóðsavnið. Tjóðsavnið. Retrieved June 18, 2021, from https://www.tjodsavnid.fo/vernacular-species-names
",Faroese,Ken-ichi Ueda,2021-06-18T20:12:25Z
60284,víðgongdur kveiki,und,Faroe Islands,FO,"Hansen, L. J. (n.d.). Vernacular species names—Tjóðsavnið. Tjóðsavnið. Retrieved June 18, 2021, from https://www.tjodsavnid.fo/vernacular-species-names
",Faroese,Ken-ichi Ueda,2021-06-18T20:12:25Z
158132,hundafínagras,und,Faroe Islands,FO,"Hansen, L. J. (n.d.). Vernacular species names—Tjóðsavnið. Tjóðsavnið. Retrieved June 18, 2021, from https://www.tjodsavnid.fo/vernacular-species-names
",Faroese,Ken-ichi Ueda,2021-06-18T20:12:29Z
69931,skriðfínagras,und,Faroe Islands,FO,"Hansen, L. J. (n.d.). Vernacular species names—Tjóðsavnið. Tjóðsavnið. Retrieved June 18, 2021, from https://www.tjodsavnid.fo/vernacular-species-names
",Faroese,Ken-ichi Ueda,2021-06-18T20:12:29Z
75312,vanligt fínagras,und,Faroe Islands,FO,"Hansen, L. J. (n.d.). Vernacular species names—Tjóðsavnið. Tjóðsavnið. Retrieved June 18, 2021, from https://www.tjodsavnid.fo/vernacular-species-names
",Faroese,Ken-ichi Ueda,2021-06-18T20:12:30Z
61058,mjátt dvørgastrá,und,Faroe Islands,FO,"Hansen, L. J. (n.d.). Vernacular species names—Tjóðsavnið. Tjóðsavnið. Retrieved June 18, 2021, from https://www.tjodsavnid.fo/vernacular-species-names
",Faroese,Ken-ichi Ueda,2021-06-18T20:12:30Z
85441,mikilskøra,und,Faroe Islands,FO,"Hansen, L. J. (n.d.). Vernacular species names—Tjóðsavnið. Tjóðsavnið. Retrieved June 18, 2021, from https://www.tjodsavnid.fo/vernacular-species-names
",Faroese,Ken-ichi Ueda,2021-06-18T20:12:31Z
940058,føroyaskøra,und,Faroe Islands,FO,"Hansen, L. J. (n.d.). Vernacular species names—Tjóðsavnið. Tjóðsavnið. Retrieved June 18, 2021, from https://www.tjodsavnid.fo/vernacular-species-names
",Faroese,Ken-ichi Ueda,2021-06-18T20:12:31Z
158145,sjeyskøra,und,Faroe Islands,FO,"Hansen, L. J. (n.d.). Vernacular species names—Tjóðsavnið. Tjóðsavnið. Retrieved June 18, 2021, from https://www.tjodsavnid.fo/vernacular-species-names
",Faroese,Ken-ichi Ueda,2021-06-18T20:12:32Z
450264,hvasstent skøra,und,Faroe Islands,FO,"Hansen, L. J. (n.d.). Vernacular species names—Tjóðsavnið. Tjóðsavnið. Retrieved June 18, 2021, from https://www.tjodsavnid.fo/vernacular-species-names
",Faroese,Ken-ichi Ueda,2021-06-18T20:12:33Z
71140,knæboygt syftunsøkugras,und,Faroe Islands,FO,"Hansen, L. J. (n.d.). Vernacular species names—Tjóðsavnið. Tjóðsavnið. Retrieved June 18, 2021, from https://www.tjodsavnid.fo/vernacular-species-names
",Faroese,Ken-ichi Ueda,2021-06-18T20:12:33Z
792228,neyðarnartl,und,Faroe Islands,FO,"Hansen, L. J. (n.d.). Vernacular species names—Tjóðsavnið. Tjóðsavnið. Retrieved June 18, 2021, from https://www.tjodsavnid.fo/vernacular-species-names
",Faroese,Ken-ichi Ueda,2021-06-18T20:12:34Z
158380,bakkasløkja,und,Faroe Islands,FO,"Hansen, L. J. (n.d.). Vernacular species names—Tjóðsavnið. Tjóðsavnið. Retrieved June 18, 2021, from https://www.tjodsavnid.fo/vernacular-species-names
",Faroese,Ken-ichi Ueda,2021-06-18T20:12:34Z
75475,angaroykgras,und,Faroe Islands,FO,"Hansen, L. J. (n.d.). Vernacular species names—Tjóðsavnið. Tjóðsavnið. Retrieved June 18, 2021, from https://www.tjodsavnid.fo/vernacular-species-names
",Faroese,Ken-ichi Ueda,2021-06-18T20:12:35Z
75487,fínt broddagras,und,Faroe Islands,FO,"Hansen, L. J. (n.d.). Vernacular species names—Tjóðsavnið. Tjóðsavnið. Retrieved June 18, 2021, from https://www.tjodsavnid.fo/vernacular-species-names
",Faroese,Ken-ichi Ueda,2021-06-18T20:12:36Z
62336,heimahvonn,und,Faroe Islands,FO,"Hansen, L. J. (n.d.). Vernacular species names—Tjóðsavnið. Tjóðsavnið. Retrieved June 18, 2021, from https://www.tjodsavnid.fo/vernacular-species-names
",Faroese,Ken-ichi Ueda,2021-06-18T20:12:36Z
62336,bjargahvonn,und,Faroe Islands,FO,"Hansen, L. J. (n.d.). Vernacular species names—Tjóðsavnið. Tjóðsavnið. Retrieved June 18, 2021, from https://www.tjodsavnid.fo/vernacular-species-names
",Faroese,Ken-ichi Ueda,2021-06-18T20:12:37Z
60476,mjátt sjógras,und,Faroe Islands,FO,"Hansen, L. J. (n.d.). Vernacular species names—Tjóðsavnið. Tjóðsavnið. Retrieved June 18, 2021, from https://www.tjodsavnid.fo/vernacular-species-names
",Faroese,Ken-ichi Ueda,2021-06-18T20:12:37Z
159069,fjørurímbløðka,und,Faroe Islands,FO,"Hansen, L. J. (n.d.). Vernacular species names—Tjóðsavnið. Tjóðsavnið. Retrieved June 18, 2021, from https://www.tjodsavnid.fo/vernacular-species-names
",Faroese,Ken-ichi Ueda,2021-06-18T20:12:38Z
131144,fjallatrøllsurt,und,Faroe Islands,FO,"Hansen, L. J. (n.d.). Vernacular species names—Tjóðsavnið. Tjóðsavnið. Retrieved June 18, 2021, from https://www.tjodsavnid.fo/vernacular-species-names
",Faroese,Ken-ichi Ueda,2021-06-18T20:12:38Z
55563,støðugblómandi summardái,und,Faroe Islands,FO,"Hansen, L. J. (n.d.). Vernacular species names—Tjóðsavnið. Tjóðsavnið. Retrieved June 18, 2021, from https://www.tjodsavnid.fo/vernacular-species-names
",Faroese,Ken-ichi Ueda,2021-06-18T20:12:39Z
52703,Loðið faksagras,und,Faroe Islands,FO,"Hansen, L. J. (n.d.). Vernacular species names—Tjóðsavnið. Tjóðsavnið. Retrieved June 18, 2021, from https://www.tjodsavnid.fo/vernacular-species-names
",Faroese,Ken-ichi Ueda,2021-06-18T20:12:40Z
488783,sandfjørukál,und,Faroe Islands,FO,"Hansen, L. J. (n.d.). Vernacular species names—Tjóðsavnið. Tjóðsavnið. Retrieved June 18, 2021, from https://www.tjodsavnid.fo/vernacular-species-names
",Faroese,Ken-ichi Ueda,2021-06-18T20:12:40Z
159685,heystspógvagras,und,Faroe Islands,FO,"Hansen, L. J. (n.d.). Vernacular species names—Tjóðsavnið. Tjóðsavnið. Retrieved June 18, 2021, from https://www.tjodsavnid.fo/vernacular-species-names
",Faroese,Ken-ichi Ueda,2021-06-18T20:12:41Z
198916,løkjarspógvagras,und,Faroe Islands,FO,"Hansen, L. J. (n.d.). Vernacular species names—Tjóðsavnið. Tjóðsavnið. Retrieved June 18, 2021, from https://www.tjodsavnid.fo/vernacular-species-names
",Faroese,Ken-ichi Ueda,2021-06-18T20:12:41Z
190112,várspógvagras,und,Faroe Islands,FO,"Hansen, L. J. (n.d.). Vernacular species names—Tjóðsavnið. Tjóðsavnið. Retrieved June 18, 2021, from https://www.tjodsavnid.fo/vernacular-species-names
",Faroese,Ken-ichi Ueda,2021-06-18T20:12:42Z
75938,hyljarspógvagras,und,Faroe Islands,FO,"Hansen, L. J. (n.d.). Vernacular species names—Tjóðsavnið. Tjóðsavnið. Retrieved June 18, 2021, from https://www.tjodsavnid.fo/vernacular-species-names
",Faroese,Ken-ichi Ueda,2021-06-18T20:12:42Z
119450,vanligur heiðalyngur,und,Faroe Islands,FO,"Hansen, L. J. (n.d.). Vernacular species names—Tjóðsavnið. Tjóðsavnið. Retrieved June 18, 2021, from https://www.tjodsavnid.fo/vernacular-species-names
",Faroese,Ken-ichi Ueda,2021-06-18T20:12:43Z
56224,vanlig mýrisólja,und,Faroe Islands,FO,"Hansen, L. J. (n.d.). Vernacular species names—Tjóðsavnið. Tjóðsavnið. Retrieved June 18, 2021, from https://www.tjodsavnid.fo/vernacular-species-names
",Faroese,Ken-ichi Ueda,2021-06-18T20:12:43Z
984576,bláklokka,und,Faroe Islands,FO,"Hansen, L. J. (n.d.). Vernacular species names—Tjóðsavnið. Tjóðsavnið. Retrieved June 18, 2021, from https://www.tjodsavnid.fo/vernacular-species-names
",Faroese,Ken-ichi Ueda,2021-06-18T20:12:44Z
56121,hirðahjartaarvi,und,Faroe Islands,FO,"Hansen, L. J. (n.d.). Vernacular species names—Tjóðsavnið. Tjóðsavnið. Retrieved June 18, 2021, from https://www.tjodsavnid.fo/vernacular-species-names
",Faroese,Ken-ichi Ueda,2021-06-18T20:12:44Z
69636,bylgjutur karsi,und,Faroe Islands,FO,"Hansen, L. J. (n.d.). Vernacular species names—Tjóðsavnið. Tjóðsavnið. Retrieved June 18, 2021, from https://www.tjodsavnid.fo/vernacular-species-names
",Faroese,Ken-ichi Ueda,2021-06-18T20:12:46Z
55829,títlingskarsi,und,Faroe Islands,FO,"Hansen, L. J. (n.d.). Vernacular species names—Tjóðsavnið. Tjóðsavnið. Retrieved June 18, 2021, from https://www.tjodsavnid.fo/vernacular-species-names
",Faroese,Ken-ichi Ueda,2021-06-18T20:12:46Z
54531,eingjarkarsi,und,Faroe Islands,FO,"Hansen, L. J. (n.d.). Vernacular species names—Tjóðsavnið. Tjóðsavnið. Retrieved June 18, 2021, from https://www.tjodsavnid.fo/vernacular-species-names
",Faroese,Ken-ichi Ueda,2021-06-18T20:12:47Z
359545,klettaskriðublóma,und,Faroe Islands,FO,"Hansen, L. J. (n.d.). Vernacular species names—Tjóðsavnið. Tjóðsavnið. Retrieved June 18, 2021, from https://www.tjodsavnid.fo/vernacular-species-names
",Faroese,Ken-ichi Ueda,2021-06-18T20:12:47Z
290498,høvuðsvørt stør,und,Faroe Islands,FO,"Hansen, L. J. (n.d.). Vernacular species names—Tjóðsavnið. Tjóðsavnið. Retrieved June 18, 2021, from https://www.tjodsavnid.fo/vernacular-species-names
",Faroese,Ken-ichi Ueda,2021-06-18T20:12:48Z
127596,fjallastør,und,Faroe Islands,FO,"Hansen, L. J. (n.d.). Vernacular species names—Tjóðsavnið. Tjóðsavnið. Retrieved June 18, 2021, from https://www.tjodsavnid.fo/vernacular-species-names
",Faroese,Ken-ichi Ueda,2021-06-18T20:12:48Z
338380,tvírivjut stør,und,Faroe Islands,FO,"Hansen, L. J. (n.d.). Vernacular species names—Tjóðsavnið. Tjóðsavnið. Retrieved June 18, 2021, from https://www.tjodsavnid.fo/vernacular-species-names
",Faroese,Ken-ichi Ueda,2021-06-18T20:12:49Z
437963,tvíbýlisstør,und,Faroe Islands,FO,"Hansen, L. J. (n.d.). Vernacular species names—Tjóðsavnið. Tjóðsavnið. Retrieved June 18, 2021, from https://www.tjodsavnid.fo/vernacular-species-names
",Faroese,Ken-ichi Ueda,2021-06-18T20:12:49Z
76035,tindastør,und,Faroe Islands,FO,"Hansen, L. J. (n.d.). Vernacular species names—Tjóðsavnið. Tjóðsavnið. Retrieved June 18, 2021, from https://www.tjodsavnid.fo/vernacular-species-names
",Faroese,Ken-ichi Ueda,2021-06-18T20:12:49Z
159951,følin stør,und,Faroe Islands,FO,"Hansen, L. J. (n.d.). Vernacular species names—Tjóðsavnið. Tjóðsavnið. Retrieved June 18, 2021, from https://www.tjodsavnid.fo/vernacular-species-names
",Faroese,Ken-ichi Ueda,2021-06-18T20:12:50Z
159979,díkisstør,und,Faroe Islands,FO,"Hansen, L. J. (n.d.). Vernacular species names—Tjóðsavnið. Tjóðsavnið. Retrieved June 18, 2021, from https://www.tjodsavnid.fo/vernacular-species-names
",Faroese,Ken-ichi Ueda,2021-06-18T20:12:51Z
76076,lyngbyestør,und,Faroe Islands,FO,"Hansen, L. J. (n.d.). Vernacular species names—Tjóðsavnið. Tjóðsavnið. Retrieved June 18, 2021, from https://www.tjodsavnid.fo/vernacular-species-names
",Faroese,Ken-ichi Ueda,2021-06-18T20:12:51Z
160010,bogin stør,und,Faroe Islands,FO,"Hansen, L. J. (n.d.). Vernacular species names—Tjóðsavnið. Tjóðsavnið. Retrieved June 18, 2021, from https://www.tjodsavnid.fo/vernacular-species-names
",Faroese,Ken-ichi Ueda,2021-06-18T20:12:51Z
160036,graskend stør,und,Faroe Islands,FO,"Hansen, L. J. (n.d.). Vernacular species names—Tjóðsavnið. Tjóðsavnið. Retrieved June 18, 2021, from https://www.tjodsavnid.fo/vernacular-species-names
",Faroese,Ken-ichi Ueda,2021-06-18T20:12:52Z
76067,harustør,und,Faroe Islands,FO,"Hansen, L. J. (n.d.). Vernacular species names—Tjóðsavnið. Tjóðsavnið. Retrieved June 18, 2021, from https://www.tjodsavnid.fo/vernacular-species-names
",Faroese,Ken-ichi Ueda,2021-06-18T20:12:53Z
160056,trútin stør,und,Faroe Islands,FO,"Hansen, L. J. (n.d.). Vernacular species names—Tjóðsavnið. Tjóðsavnið. Retrieved June 18, 2021, from https://www.tjodsavnid.fo/vernacular-species-names
",Faroese,Ken-ichi Ueda,2021-06-18T20:12:53Z
437973,linastør,und,Faroe Islands,FO,"Hansen, L. J. (n.d.). Vernacular species names—Tjóðsavnið. Tjóðsavnið. Retrieved June 18, 2021, from https://www.tjodsavnid.fo/vernacular-species-names
",Faroese,Ken-ichi Ueda,2021-06-18T20:12:54Z
437979,loppustør,und,Faroe Islands,FO,"Hansen, L. J. (n.d.). Vernacular species names—Tjóðsavnið. Tjóðsavnið. Retrieved June 18, 2021, from https://www.tjodsavnid.fo/vernacular-species-names
",Faroese,Ken-ichi Ueda,2021-06-18T20:12:54Z
160096,ravnastør,und,Faroe Islands,FO,"Hansen, L. J. (n.d.). Vernacular species names—Tjóðsavnið. Tjóðsavnið. Retrieved June 18, 2021, from https://www.tjodsavnid.fo/vernacular-species-names
",Faroese,Ken-ichi Ueda,2021-06-18T20:12:54Z
160162,donsk kumman,und,Faroe Islands,FO,"Hansen, L. J. (n.d.). Vernacular species names—Tjóðsavnið. Tjóðsavnið. Retrieved June 18, 2021, from https://www.tjodsavnid.fo/vernacular-species-names
",Faroese,Ken-ichi Ueda,2021-06-18T20:12:55Z
823732,trímerkishøsnagras,und,Faroe Islands,FO,"Hansen, L. J. (n.d.). Vernacular species names—Tjóðsavnið. Tjóðsavnið. Retrieved June 18, 2021, from https://www.tjodsavnid.fo/vernacular-species-names
",Faroese,Ken-ichi Ueda,2021-06-18T20:12:55Z
52973,tættblømt høsnagras,und,Faroe Islands,FO,"Hansen, L. J. (n.d.). Vernacular species names—Tjóðsavnið. Tjóðsavnið. Retrieved June 18, 2021, from https://www.tjodsavnid.fo/vernacular-species-names
",Faroese,Ken-ichi Ueda,2021-06-18T20:12:56Z
76220,fýrmenningshøsnagras,und,Faroe Islands,FO,"Hansen, L. J. (n.d.). Vernacular species names—Tjóðsavnið. Tjóðsavnið. Retrieved June 18, 2021, from https://www.tjodsavnid.fo/vernacular-species-names
",Faroese,Ken-ichi Ueda,2021-06-18T20:12:57Z
53307,vanligt høsnagras,und,Faroe Islands,FO,"Hansen, L. J. (n.d.). Vernacular species names—Tjóðsavnið. Tjóðsavnið. Retrieved June 18, 2021, from https://www.tjodsavnid.fo/vernacular-species-names
",Faroese,Ken-ichi Ueda,2021-06-18T20:12:57Z
564969,sigurskúvur,und,Faroe Islands,FO,"Hansen, L. J. (n.d.). Vernacular species names—Tjóðsavnið. Tjóðsavnið. Retrieved June 18, 2021, from https://www.tjodsavnid.fo/vernacular-species-names
",Faroese,Ken-ichi Ueda,2021-06-18T20:12:58Z
56057,hvítt oksaeyga,und,Faroe Islands,FO,"Hansen, L. J. (n.d.). Vernacular species names—Tjóðsavnið. Tjóðsavnið. Retrieved June 18, 2021, from https://www.tjodsavnid.fo/vernacular-species-names
",Faroese,Ken-ichi Ueda,2021-06-18T20:12:59Z
77281,gul gullblóma,und,Faroe Islands,FO,"Hansen, L. J. (n.d.). Vernacular species names—Tjóðsavnið. Tjóðsavnið. Retrieved June 18, 2021, from https://www.tjodsavnid.fo/vernacular-species-names
",Faroese,Ken-ichi Ueda,2021-06-18T20:13:00Z
60132,akurtistil,und,Faroe Islands,FO,"Hansen, L. J. (n.d.). Vernacular species names—Tjóðsavnið. Tjóðsavnið. Retrieved June 18, 2021, from https://www.tjodsavnid.fo/vernacular-species-names
",Faroese,Ken-ichi Ueda,2021-06-18T20:13:01Z
160623,mýritistil,und,Faroe Islands,FO,"Hansen, L. J. (n.d.). Vernacular species names—Tjóðsavnið. Tjóðsavnið. Retrieved June 18, 2021, from https://www.tjodsavnid.fo/vernacular-species-names
",Faroese,Ken-ichi Ueda,2021-06-18T20:13:02Z
55838,læknaeirisgras,und,Faroe Islands,FO,"Hansen, L. J. (n.d.). Vernacular species names—Tjóðsavnið. Tjóðsavnið. Retrieved June 18, 2021, from https://www.tjodsavnid.fo/vernacular-species-names
",Faroese,Ken-ichi Ueda,2021-06-18T20:13:03Z
128599,grønlig barnarót,und,Faroe Islands,FO,"Hansen, L. J. (n.d.). Vernacular species names—Tjóðsavnið. Tjóðsavnið. Retrieved June 18, 2021, from https://www.tjodsavnid.fo/vernacular-species-names
",Faroese,Ken-ichi Ueda,2021-06-18T20:13:03Z
134125,svensk royðuber,und,Faroe Islands,FO,"Hansen, L. J. (n.d.). Vernacular species names—Tjóðsavnið. Tjóðsavnið. Retrieved June 18, 2021, from https://www.tjodsavnid.fo/vernacular-species-names
",Faroese,Ken-ichi Ueda,2021-06-18T20:13:04Z
76581,hanakambsgras,und,Faroe Islands,FO,"Hansen, L. J. (n.d.). Vernacular species names—Tjóðsavnið. Tjóðsavnið. Retrieved June 18, 2021, from https://www.tjodsavnid.fo/vernacular-species-names
",Faroese,Ken-ichi Ueda,2021-06-18T20:13:04Z
52720,tættblømt hundagras,und,Faroe Islands,FO,"Hansen, L. J. (n.d.). Vernacular species names—Tjóðsavnið. Tjóðsavnið. Retrieved June 18, 2021, from https://www.tjodsavnid.fo/vernacular-species-names
",Faroese,Ken-ichi Ueda,2021-06-18T20:13:05Z
161695,fjallapuntalastrá,und,Faroe Islands,FO,"Hansen, L. J. (n.d.). Vernacular species names—Tjóðsavnið. Tjóðsavnið. Retrieved June 18, 2021, from https://www.tjodsavnid.fo/vernacular-species-names
",Faroese,Ken-ichi Ueda,2021-06-18T20:13:06Z
76639,túvupuntalastrá,und,Faroe Islands,FO,"Hansen, L. J. (n.d.). Vernacular species names—Tjóðsavnið. Tjóðsavnið. Retrieved June 18, 2021, from https://www.tjodsavnid.fo/vernacular-species-names
",Faroese,Ken-ichi Ueda,2021-06-18T20:13:06Z
288069,skyggjandi puntalastrá,und,Faroe Islands,FO,"Hansen, L. J. (n.d.). Vernacular species names—Tjóðsavnið. Tjóðsavnið. Retrieved June 18, 2021, from https://www.tjodsavnid.fo/vernacular-species-names
",Faroese,Ken-ichi Ueda,2021-06-18T20:13:07Z
162029,grálig várperla,und,Faroe Islands,FO,"Hansen, L. J. (n.d.). Vernacular species names—Tjóðsavnið. Tjóðsavnið. Retrieved June 18, 2021, from https://www.tjodsavnid.fo/vernacular-species-names
",Faroese,Ken-ichi Ueda,2021-06-18T20:13:07Z
162045,fjallavárperla,und,Faroe Islands,FO,"Hansen, L. J. (n.d.). Vernacular species names—Tjóðsavnið. Tjóðsavnið. Retrieved June 18, 2021, from https://www.tjodsavnid.fo/vernacular-species-names
",Faroese,Ken-ichi Ueda,2021-06-18T20:13:08Z
52658,rundblaðað sóldøgg,und,Faroe Islands,FO,"Hansen, L. J. (n.d.). Vernacular species names—Tjóðsavnið. Tjóðsavnið. Retrieved June 18, 2021, from https://www.tjodsavnid.fo/vernacular-species-names
",Faroese,Ken-ichi Ueda,2021-06-18T20:13:08Z
83541,fjallabrúður,und,Faroe Islands,FO,"Hansen, L. J. (n.d.). Vernacular species names—Tjóðsavnið. Tjóðsavnið. Retrieved June 18, 2021, from https://www.tjodsavnid.fo/vernacular-species-names
",Faroese,Ken-ichi Ueda,2021-06-18T20:13:09Z
359752,stórur kalskampur,und,Faroe Islands,FO,"Hansen, L. J. (n.d.). Vernacular species names—Tjóðsavnið. Tjóðsavnið. Retrieved June 18, 2021, from https://www.tjodsavnid.fo/vernacular-species-names
",Faroese,Ken-ichi Ueda,2021-06-18T20:13:09Z
76721,trøllakalskampur,und,Faroe Islands,FO,"Hansen, L. J. (n.d.). Vernacular species names—Tjóðsavnið. Tjóðsavnið. Retrieved June 18, 2021, from https://www.tjodsavnid.fo/vernacular-species-names
",Faroese,Ken-ichi Ueda,2021-06-18T20:13:10Z
338059,margleggjað mýristrá,und,Faroe Islands,FO,"Hansen, L. J. (n.d.). Vernacular species names—Tjóðsavnið. Tjóðsavnið. Retrieved June 18, 2021, from https://www.tjodsavnid.fo/vernacular-species-names
",Faroese,Ken-ichi Ueda,2021-06-18T20:13:11Z
76782,eingjarmýristrá,und,Faroe Islands,FO,"Hansen, L. J. (n.d.). Vernacular species names—Tjóðsavnið. Tjóðsavnið. Retrieved June 18, 2021, from https://www.tjodsavnid.fo/vernacular-species-names
",Faroese,Ken-ichi Ueda,2021-06-18T20:13:11Z
76785,fáblømt mýristrá,und,Faroe Islands,FO,"Hansen, L. J. (n.d.). Vernacular species names—Tjóðsavnið. Tjóðsavnið. Retrieved June 18, 2021, from https://www.tjodsavnid.fo/vernacular-species-names
",Faroese,Ken-ichi Ueda,2021-06-18T20:13:12Z
162264,einagnað mýristrá,und,Faroe Islands,FO,"Hansen, L. J. (n.d.). Vernacular species names—Tjóðsavnið. Tjóðsavnið. Retrieved June 18, 2021, from https://www.tjodsavnid.fo/vernacular-species-names
",Faroese,Ken-ichi Ueda,2021-06-18T20:13:12Z
164671,breitt sævarkorn,und,Faroe Islands,FO,"Hansen, L. J. (n.d.). Vernacular species names—Tjóðsavnið. Tjóðsavnið. Retrieved June 18, 2021, from https://www.tjodsavnid.fo/vernacular-species-names
",Faroese,Ken-ichi Ueda,2021-06-18T20:13:12Z
76812,vanligur berjalyngur,und,Faroe Islands,FO,"Hansen, L. J. (n.d.). Vernacular species names—Tjóðsavnið. Tjóðsavnið. Retrieved June 18, 2021, from https://www.tjodsavnid.fo/vernacular-species-names
",Faroese,Ken-ichi Ueda,2021-06-18T20:13:13Z
322341,áardúnurt,und,Faroe Islands,FO,"Hansen, L. J. (n.d.). Vernacular species names—Tjóðsavnið. Tjóðsavnið. Retrieved June 18, 2021, from https://www.tjodsavnid.fo/vernacular-species-names
",Faroese,Ken-ichi Ueda,2021-06-18T20:13:14Z
76826,arvadúnurt,und,Faroe Islands,FO,"Hansen, L. J. (n.d.). Vernacular species names—Tjóðsavnið. Tjóðsavnið. Retrieved June 18, 2021, from https://www.tjodsavnid.fo/vernacular-species-names
",Faroese,Ken-ichi Ueda,2021-06-18T20:13:14Z
76834,ljós dúnurt,und,Faroe Islands,FO,"Hansen, L. J. (n.d.). Vernacular species names—Tjóðsavnið. Tjóðsavnið. Retrieved June 18, 2021, from https://www.tjodsavnid.fo/vernacular-species-names
",Faroese,Ken-ichi Ueda,2021-06-18T20:13:15Z
162364,fjalladúnurt,und,Faroe Islands,FO,"Hansen, L. J. (n.d.). Vernacular species names—Tjóðsavnið. Tjóðsavnið. Retrieved June 18, 2021, from https://www.tjodsavnid.fo/vernacular-species-names
",Faroese,Ken-ichi Ueda,2021-06-18T20:13:15Z
76841,eingjardúnurt,und,Faroe Islands,FO,"Hansen, L. J. (n.d.). Vernacular species names—Tjóðsavnið. Tjóðsavnið. Retrieved June 18, 2021, from https://www.tjodsavnid.fo/vernacular-species-names
",Faroese,Ken-ichi Ueda,2021-06-18T20:13:16Z
55775,føroyskur klokkulyngur,und,Faroe Islands,FO,"Hansen, L. J. (n.d.). Vernacular species names—Tjóðsavnið. Tjóðsavnið. Retrieved June 18, 2021, from https://www.tjodsavnid.fo/vernacular-species-names
",Faroese,Ken-ichi Ueda,2021-06-18T20:13:16Z
127215,mýrifípa,und,Faroe Islands,FO,"Hansen, L. J. (n.d.). Vernacular species names—Tjóðsavnið. Tjóðsavnið. Retrieved June 18, 2021, from https://www.tjodsavnid.fo/vernacular-species-names
",Faroese,Ken-ichi Ueda,2021-06-18T20:13:17Z
128735,fjallafípa,und,Faroe Islands,FO,"Hansen, L. J. (n.d.). Vernacular species names—Tjóðsavnið. Tjóðsavnið. Retrieved June 18, 2021, from https://www.tjodsavnid.fo/vernacular-species-names
",Faroese,Ken-ichi Ueda,2021-06-18T20:13:17Z
866252,stórvingul,und,Faroe Islands,FO,"Hansen, L. J. (n.d.). Vernacular species names—Tjóðsavnið. Tjóðsavnið. Retrieved June 18, 2021, from https://www.tjodsavnid.fo/vernacular-species-names
",Faroese,Ken-ichi Ueda,2021-06-18T20:13:18Z
61061,reyðvingul,und,Faroe Islands,FO,"Hansen, L. J. (n.d.). Vernacular species names—Tjóðsavnið. Tjóðsavnið. Retrieved June 18, 2021, from https://www.tjodsavnid.fo/vernacular-species-names
",Faroese,Ken-ichi Ueda,2021-06-18T20:13:18Z
363734,seyðavingul,und,Faroe Islands,FO,"Hansen, L. J. (n.d.). Vernacular species names—Tjóðsavnið. Tjóðsavnið. Retrieved June 18, 2021, from https://www.tjodsavnid.fo/vernacular-species-names
",Faroese,Ken-ichi Ueda,2021-06-18T20:13:18Z
63134,atarmjaðarurt,und,Faroe Islands,FO,"Hansen, L. J. (n.d.). Vernacular species names—Tjóðsavnið. Tjóðsavnið. Retrieved June 18, 2021, from https://www.tjodsavnid.fo/vernacular-species-names
",Faroese,Ken-ichi Ueda,2021-06-18T20:13:19Z
55979,fýrstrentur dái,und,Faroe Islands,FO,"Hansen, L. J. (n.d.). Vernacular species names—Tjóðsavnið. Tjóðsavnið. Retrieved June 18, 2021, from https://www.tjodsavnid.fo/vernacular-species-names
",Faroese,Ken-ichi Ueda,2021-06-18T20:13:19Z
53059,krøkin steinbrá,und,Faroe Islands,FO,"Hansen, L. J. (n.d.). Vernacular species names—Tjóðsavnið. Tjóðsavnið. Retrieved June 18, 2021, from https://www.tjodsavnid.fo/vernacular-species-names
",Faroese,Ken-ichi Ueda,2021-06-18T20:13:20Z
130303,tálgarsteinbrá,und,Faroe Islands,FO,"Hansen, L. J. (n.d.). Vernacular species names—Tjóðsavnið. Tjóðsavnið. Retrieved June 18, 2021, from https://www.tjodsavnid.fo/vernacular-species-names
",Faroese,Ken-ichi Ueda,2021-06-18T20:13:21Z
163184,mýristeinbrá,und,Faroe Islands,FO,"Hansen, L. J. (n.d.). Vernacular species names—Tjóðsavnið. Tjóðsavnið. Retrieved June 18, 2021, from https://www.tjodsavnid.fo/vernacular-species-names
",Faroese,Ken-ichi Ueda,2021-06-18T20:13:22Z
245736,íslendskt loppugras,und,Faroe Islands,FO,"Hansen, L. J. (n.d.). Vernacular species names—Tjóðsavnið. Tjóðsavnið. Retrieved June 18, 2021, from https://www.tjodsavnid.fo/vernacular-species-names
",Faroese,Ken-ichi Ueda,2021-06-18T20:13:22Z
85429,litingarsortugras,und,Faroe Islands,FO,"Hansen, L. J. (n.d.). Vernacular species names—Tjóðsavnið. Tjóðsavnið. Retrieved June 18, 2021, from https://www.tjodsavnid.fo/vernacular-species-names
",Faroese,Ken-ichi Ueda,2021-06-18T20:13:22Z
55750,áarneliksrót,und,Faroe Islands,FO,"Hansen, L. J. (n.d.). Vernacular species names—Tjóðsavnið. Tjóðsavnið. Retrieved June 18, 2021, from https://www.tjodsavnid.fo/vernacular-species-names
",Faroese,Ken-ichi Ueda,2021-06-18T20:13:23Z
77290,flotamannagras,und,Faroe Islands,FO,"Hansen, L. J. (n.d.). Vernacular species names—Tjóðsavnið. Tjóðsavnið. Retrieved June 18, 2021, from https://www.tjodsavnid.fo/vernacular-species-names
",Faroese,Ken-ichi Ueda,2021-06-18T20:13:24Z
77422,vanligur vatnspíri,und,Faroe Islands,FO,"Hansen, L. J. (n.d.). Vernacular species names—Tjóðsavnið. Tjóðsavnið. Retrieved June 18, 2021, from https://www.tjodsavnid.fo/vernacular-species-names
",Faroese,Ken-ichi Ueda,2021-06-18T20:13:25Z
52793,ullhært legugras,und,Faroe Islands,FO,"Hansen, L. J. (n.d.). Vernacular species names—Tjóðsavnið. Tjóðsavnið. Retrieved June 18, 2021, from https://www.tjodsavnid.fo/vernacular-species-names
",Faroese,Ken-ichi Ueda,2021-06-18T20:13:25Z
77427,knæloðið legugras,und,Faroe Islands,FO,"Hansen, L. J. (n.d.). Vernacular species names—Tjóðsavnið. Tjóðsavnið. Retrieved June 18, 2021, from https://www.tjodsavnid.fo/vernacular-species-names
",Faroese,Ken-ichi Ueda,2021-06-18T20:13:26Z
129446,sanddunnuber,und,Faroe Islands,FO,"Hansen, L. J. (n.d.). Vernacular species names—Tjóðsavnið. Tjóðsavnið. Retrieved June 18, 2021, from https://www.tjodsavnid.fo/vernacular-species-names
",Faroese,Ken-ichi Ueda,2021-06-18T20:13:26Z
163978,fýrstrent pirikum,und,Faroe Islands,FO,"Hansen, L. J. (n.d.). Vernacular species names—Tjóðsavnið. Tjóðsavnið. Retrieved June 18, 2021, from https://www.tjodsavnid.fo/vernacular-species-names
",Faroese,Ken-ichi Ueda,2021-06-18T20:13:27Z
62018,fagurligt pirikum,und,Faroe Islands,FO,"Hansen, L. J. (n.d.). Vernacular species names—Tjóðsavnið. Tjóðsavnið. Retrieved June 18, 2021, from https://www.tjodsavnid.fo/vernacular-species-names
",Faroese,Ken-ichi Ueda,2021-06-18T20:13:28Z
62018,víriksgras,und,Faroe Islands,FO,"Hansen, L. J. (n.d.). Vernacular species names—Tjóðsavnið. Tjóðsavnið. Retrieved June 18, 2021, from https://www.tjodsavnid.fo/vernacular-species-names
",Faroese,Ken-ichi Ueda,2021-06-18T20:13:28Z
47779,gul mækja,und,Faroe Islands,FO,"Hansen, L. J. (n.d.). Vernacular species names—Tjóðsavnið. Tjóðsavnið. Retrieved June 18, 2021, from https://www.tjodsavnid.fo/vernacular-species-names
",Faroese,Ken-ichi Ueda,2021-06-18T20:13:28Z
77552,tjarnarsev,und,Faroe Islands,FO,"Hansen, L. J. (n.d.). Vernacular species names—Tjóðsavnið. Tjóðsavnið. Retrieved June 18, 2021, from https://www.tjodsavnid.fo/vernacular-species-names
",Faroese,Ken-ichi Ueda,2021-06-18T20:13:29Z
58347,sandsev,und,Faroe Islands,FO,"Hansen, L. J. (n.d.). Vernacular species names—Tjóðsavnið. Tjóðsavnið. Retrieved June 18, 2021, from https://www.tjodsavnid.fo/vernacular-species-names
",Faroese,Ken-ichi Ueda,2021-06-18T20:13:30Z
164254,tvíagnað sev,und,Faroe Islands,FO,"Hansen, L. J. (n.d.). Vernacular species names—Tjóðsavnið. Tjóðsavnið. Retrieved June 18, 2021, from https://www.tjodsavnid.fo/vernacular-species-names
",Faroese,Ken-ichi Ueda,2021-06-18T20:13:30Z
57107,kloddasev,und,Faroe Islands,FO,"Hansen, L. J. (n.d.). Vernacular species names—Tjóðsavnið. Tjóðsavnið. Retrieved June 18, 2021, from https://www.tjodsavnid.fo/vernacular-species-names
",Faroese,Ken-ichi Ueda,2021-06-18T20:13:31Z
132323,bøllusev,und,Faroe Islands,FO,"Hansen, L. J. (n.d.). Vernacular species names—Tjóðsavnið. Tjóðsavnið. Retrieved June 18, 2021, from https://www.tjodsavnid.fo/vernacular-species-names
",Faroese,Ken-ichi Ueda,2021-06-18T20:13:31Z
204335,smáveikasev,und,Faroe Islands,FO,"Hansen, L. J. (n.d.). Vernacular species names—Tjóðsavnið. Tjóðsavnið. Retrieved June 18, 2021, from https://www.tjodsavnid.fo/vernacular-species-names
",Faroese,Ken-ichi Ueda,2021-06-18T20:13:31Z
56153,stórveikasev,und,Faroe Islands,FO,"Hansen, L. J. (n.d.). Vernacular species names—Tjóðsavnið. Tjóðsavnið. Retrieved June 18, 2021, from https://www.tjodsavnid.fo/vernacular-species-names
",Faroese,Ken-ichi Ueda,2021-06-18T20:13:32Z
52633,borðsev,und,Faroe Islands,FO,"Hansen, L. J. (n.d.). Vernacular species names—Tjóðsavnið. Tjóðsavnið. Retrieved June 18, 2021, from https://www.tjodsavnid.fo/vernacular-species-names
",Faroese,Ken-ichi Ueda,2021-06-18T20:13:33Z
164288,tríagnað sev,und,Faroe Islands,FO,"Hansen, L. J. (n.d.). Vernacular species names—Tjóðsavnið. Tjóðsavnið. Retrieved June 18, 2021, from https://www.tjodsavnid.fo/vernacular-species-names
",Faroese,Ken-ichi Ueda,2021-06-18T20:13:33Z
58725,vanlig baraldur,und,Faroe Islands,FO,"Hansen, L. J. (n.d.). Vernacular species names—Tjóðsavnið. Tjóðsavnið. Retrieved June 18, 2021, from https://www.tjodsavnid.fo/vernacular-species-names
",Faroese,Ken-ichi Ueda,2021-06-18T20:13:34Z
58725,eini,und,Faroe Islands,FO,"Hansen, L. J. (n.d.). Vernacular species names—Tjóðsavnið. Tjóðsavnið. Retrieved June 18, 2021, from https://www.tjodsavnid.fo/vernacular-species-names
",Faroese,Ken-ichi Ueda,2021-06-18T20:13:34Z
58725,einiber,und,Faroe Islands,FO,"Hansen, L. J. (n.d.). Vernacular species names—Tjóðsavnið. Tjóðsavnið. Retrieved June 18, 2021, from https://www.tjodsavnid.fo/vernacular-species-names
",Faroese,Ken-ichi Ueda,2021-06-18T20:13:35Z
157594,íslendskt nalvagras,und,Faroe Islands,FO,"Hansen, L. J. (n.d.). Vernacular species names—Tjóðsavnið. Tjóðsavnið. Retrieved June 18, 2021, from https://www.tjodsavnid.fo/vernacular-species-names
",Faroese,Ken-ichi Ueda,2021-06-18T20:13:36Z
55851,reyð tvítonn,und,Faroe Islands,FO,"Hansen, L. J. (n.d.). Vernacular species names—Tjóðsavnið. Tjóðsavnið. Retrieved June 18, 2021, from https://www.tjodsavnid.fo/vernacular-species-names
",Faroese,Ken-ichi Ueda,2021-06-18T20:13:37Z
125787,eingjarflatbjølgur,und,Faroe Islands,FO,"Hansen, L. J. (n.d.). Vernacular species names—Tjóðsavnið. Tjóðsavnið. Retrieved June 18, 2021, from https://www.tjodsavnid.fo/vernacular-species-names
",Faroese,Ken-ichi Ueda,2021-06-18T20:13:38Z
204167,vanlig heysthagasólja,und,Faroe Islands,FO,"Hansen, L. J. (n.d.). Vernacular species names—Tjóðsavnið. Tjóðsavnið. Retrieved June 18, 2021, from https://www.tjodsavnid.fo/vernacular-species-names
",Faroese,Ken-ichi Ueda,2021-06-18T20:13:39Z
209376,hvítgult hjúnagras,und,Faroe Islands,FO,"Hansen, L. J. (n.d.). Vernacular species names—Tjóðsavnið. Tjóðsavnið. Retrieved June 18, 2021, from https://www.tjodsavnid.fo/vernacular-species-names
",Faroese,Ken-ichi Ueda,2021-06-18T20:13:40Z
84280,villilín,und,Faroe Islands,FO,"Hansen, L. J. (n.d.). Vernacular species names—Tjóðsavnið. Tjóðsavnið. Retrieved June 18, 2021, from https://www.tjodsavnid.fo/vernacular-species-names
",Faroese,Ken-ichi Ueda,2021-06-18T20:13:40Z
204364,hjartatvíbløðka,und,Faroe Islands,FO,"Hansen, L. J. (n.d.). Vernacular species names—Tjóðsavnið. Tjóðsavnið. Retrieved June 18, 2021, from https://www.tjodsavnid.fo/vernacular-species-names
",Faroese,Ken-ichi Ueda,2021-06-18T20:13:41Z
197011,tjarnarsvanagras,und,Faroe Islands,FO,"Hansen, L. J. (n.d.). Vernacular species names—Tjóðsavnið. Tjóðsavnið. Retrieved June 18, 2021, from https://www.tjodsavnid.fo/vernacular-species-names
",Faroese,Ken-ichi Ueda,2021-06-18T20:13:41Z
62352,fínt botnagras,und,Faroe Islands,FO,"Hansen, L. J. (n.d.). Vernacular species names—Tjóðsavnið. Tjóðsavnið. Retrieved June 18, 2021, from https://www.tjodsavnid.fo/vernacular-species-names
",Faroese,Ken-ichi Ueda,2021-06-18T20:13:42Z
204337,seyðamergur,und,Faroe Islands,FO,"Hansen, L. J. (n.d.). Vernacular species names—Tjóðsavnið. Tjóðsavnið. Retrieved June 18, 2021, from https://www.tjodsavnid.fo/vernacular-species-names
",Faroese,Ken-ichi Ueda,2021-06-18T20:13:42Z
52801,snøgt reigras,und,Faroe Islands,FO,"Hansen, L. J. (n.d.). Vernacular species names—Tjóðsavnið. Tjóðsavnið. Retrieved June 18, 2021, from https://www.tjodsavnid.fo/vernacular-species-names
",Faroese,Ken-ichi Ueda,2021-06-18T20:13:42Z
47435,hornut tyriltunga,und,Faroe Islands,FO,"Hansen, L. J. (n.d.). Vernacular species names—Tjóðsavnið. Tjóðsavnið. Retrieved June 18, 2021, from https://www.tjodsavnid.fo/vernacular-species-names
",Faroese,Ken-ichi Ueda,2021-06-18T20:13:43Z
164834,díkistyriltunga,und,Faroe Islands,FO,"Hansen, L. J. (n.d.). Vernacular species names—Tjóðsavnið. Tjóðsavnið. Retrieved June 18, 2021, from https://www.tjodsavnid.fo/vernacular-species-names
",Faroese,Ken-ichi Ueda,2021-06-18T20:13:45Z
164942,fjallaryski,und,Faroe Islands,FO,"Hansen, L. J. (n.d.). Vernacular species names—Tjóðsavnið. Tjóðsavnið. Retrieved June 18, 2021, from https://www.tjodsavnid.fo/vernacular-species-names
",Faroese,Ken-ichi Ueda,2021-06-18T20:13:45Z
55795,tættblømt ryski,und,Faroe Islands,FO,"Hansen, L. J. (n.d.). Vernacular species names—Tjóðsavnið. Tjóðsavnið. Retrieved June 18, 2021, from https://www.tjodsavnid.fo/vernacular-species-names
",Faroese,Ken-ichi Ueda,2021-06-18T20:13:46Z
164948,margblømt ryski,und,Faroe Islands,FO,"Hansen, L. J. (n.d.). Vernacular species names—Tjóðsavnið. Tjóðsavnið. Retrieved June 18, 2021, from https://www.tjodsavnid.fo/vernacular-species-names
",Faroese,Ken-ichi Ueda,2021-06-18T20:13:46Z
338102,stórryski,und,Faroe Islands,FO,"Hansen, L. J. (n.d.). Vernacular species names—Tjóðsavnið. Tjóðsavnið. Retrieved June 18, 2021, from https://www.tjodsavnid.fo/vernacular-species-names
",Faroese,Ken-ichi Ueda,2021-06-18T20:13:47Z
77899,aksaryski,und,Faroe Islands,FO,"Hansen, L. J. (n.d.). Vernacular species names—Tjóðsavnið. Tjóðsavnið. Retrieved June 18, 2021, from https://www.tjodsavnid.fo/vernacular-species-names
",Faroese,Ken-ichi Ueda,2021-06-18T20:13:47Z
740984,reyðakkuleya,und,Faroe Islands,FO,"Hansen, L. J. (n.d.). Vernacular species names—Tjóðsavnið. Tjóðsavnið. Retrieved June 18, 2021, from https://www.tjodsavnid.fo/vernacular-species-names
",Faroese,Ken-ichi Ueda,2021-06-18T20:13:48Z
154224,lundararmingi,und,Faroe Islands,FO,"Hansen, L. J. (n.d.). Vernacular species names—Tjóðsavnið. Tjóðsavnið. Retrieved June 18, 2021, from https://www.tjodsavnid.fo/vernacular-species-names
",Faroese,Ken-ichi Ueda,2021-06-18T20:13:48Z
366367,vátlendismýggjagras,und,Faroe Islands,FO,"Hansen, L. J. (n.d.). Vernacular species names—Tjóðsavnið. Tjóðsavnið. Retrieved June 18, 2021, from https://www.tjodsavnid.fo/vernacular-species-names
",Faroese,Ken-ichi Ueda,2021-06-18T20:13:49Z
118873,hálshvít baldursbrá,und,Faroe Islands,FO,"Hansen, L. J. (n.d.). Vernacular species names—Tjóðsavnið. Tjóðsavnið. Retrieved June 18, 2021, from https://www.tjodsavnid.fo/vernacular-species-names
",Faroese,Ken-ichi Ueda,2021-06-18T20:13:49Z
52992,kollut baldursblóma,und,Faroe Islands,FO,"Hansen, L. J. (n.d.). Vernacular species names—Tjóðsavnið. Tjóðsavnið. Retrieved June 18, 2021, from https://www.tjodsavnid.fo/vernacular-species-names
",Faroese,Ken-ichi Ueda,2021-06-18T20:13:49Z
55759,reydlig bjargablóma,und,Faroe Islands,FO,"Hansen, L. J. (n.d.). Vernacular species names—Tjóðsavnið. Tjóðsavnið. Retrieved June 18, 2021, from https://www.tjodsavnid.fo/vernacular-species-names
",Faroese,Ken-ichi Ueda,2021-06-18T20:13:50Z
77990,hestamynta,und,Faroe Islands,FO,"Hansen, L. J. (n.d.). Vernacular species names—Tjóðsavnið. Tjóðsavnið. Retrieved June 18, 2021, from https://www.tjodsavnid.fo/vernacular-species-names
",Faroese,Ken-ichi Ueda,2021-06-18T20:13:51Z
78016,tríblaðað bukkablað,und,Faroe Islands,FO,"Hansen, L. J. (n.d.). Vernacular species names—Tjóðsavnið. Tjóðsavnið. Retrieved June 18, 2021, from https://www.tjodsavnid.fo/vernacular-species-names
",Faroese,Ken-ichi Ueda,2021-06-18T20:13:52Z
165350,sævarrossatunga,und,Faroe Islands,FO,"Hansen, L. J. (n.d.). Vernacular species names—Tjóðsavnið. Tjóðsavnið. Retrieved June 18, 2021, from https://www.tjodsavnid.fo/vernacular-species-names
",Faroese,Ken-ichi Ueda,2021-06-18T20:13:52Z
748403,fjalla nóra,und,Faroe Islands,FO,"Hansen, L. J. (n.d.). Vernacular species names—Tjóðsavnið. Tjóðsavnið. Retrieved June 18, 2021, from https://www.tjodsavnid.fo/vernacular-species-names
",Faroese,Ken-ichi Ueda,2021-06-18T20:13:53Z
165499,einkarblágresi,und,Faroe Islands,FO,"Hansen, L. J. (n.d.). Vernacular species names—Tjóðsavnið. Tjóðsavnið. Retrieved June 18, 2021, from https://www.tjodsavnid.fo/vernacular-species-names
",Faroese,Ken-ichi Ueda,2021-06-18T20:13:53Z
58990,grýtuvatnsarvi,und,Faroe Islands,FO,"Hansen, L. J. (n.d.). Vernacular species names—Tjóðsavnið. Tjóðsavnið. Retrieved June 18, 2021, from https://www.tjodsavnid.fo/vernacular-species-names
",Faroese,Ken-ichi Ueda,2021-06-18T20:13:54Z
51726,akurhoylús,und,Faroe Islands,FO,"Hansen, L. J. (n.d.). Vernacular species names—Tjóðsavnið. Tjóðsavnið. Retrieved June 18, 2021, from https://www.tjodsavnid.fo/vernacular-species-names
",Faroese,Ken-ichi Ueda,2021-06-18T20:13:54Z
70265,mislitt hoylús,und,Faroe Islands,FO,"Hansen, L. J. (n.d.). Vernacular species names—Tjóðsavnið. Tjóðsavnið. Retrieved June 18, 2021, from https://www.tjodsavnid.fo/vernacular-species-names
",Faroese,Ken-ichi Ueda,2021-06-18T20:13:55Z
49130,gloymmegei,und,Faroe Islands,FO,"Hansen, L. J. (n.d.). Vernacular species names—Tjóðsavnið. Tjóðsavnið. Retrieved June 18, 2021, from https://www.tjodsavnid.fo/vernacular-species-names
",Faroese,Ken-ichi Ueda,2021-06-18T20:13:55Z
49130,mýrihoylús,und,Faroe Islands,FO,"Hansen, L. J. (n.d.). Vernacular species names—Tjóðsavnið. Tjóðsavnið. Retrieved June 18, 2021, from https://www.tjodsavnid.fo/vernacular-species-names
",Faroese,Ken-ichi Ueda,2021-06-18T20:13:56Z
319387,skriðhoylús,und,Faroe Islands,FO,"Hansen, L. J. (n.d.). Vernacular species names—Tjóðsavnið. Tjóðsavnið. Retrieved June 18, 2021, from https://www.tjodsavnid.fo/vernacular-species-names
",Faroese,Ken-ichi Ueda,2021-06-18T20:13:57Z
165601,áartúsundblað,und,Faroe Islands,FO,"Hansen, L. J. (n.d.). Vernacular species names—Tjóðsavnið. Tjóðsavnið. Retrieved June 18, 2021, from https://www.tjodsavnid.fo/vernacular-species-names
",Faroese,Ken-ichi Ueda,2021-06-18T20:13:57Z
165653,rísið hvassagras,und,Faroe Islands,FO,"Hansen, L. J. (n.d.). Vernacular species names—Tjóðsavnið. Tjóðsavnið. Retrieved June 18, 2021, from https://www.tjodsavnid.fo/vernacular-species-names
",Faroese,Ken-ichi Ueda,2021-06-18T20:13:57Z
118858,beinbrotskattarklógv,und,Faroe Islands,FO,"Hansen, L. J. (n.d.). Vernacular species names—Tjóðsavnið. Tjóðsavnið. Retrieved June 18, 2021, from https://www.tjodsavnid.fo/vernacular-species-names
",Faroese,Ken-ichi Ueda,2021-06-18T20:13:58Z
82159,tjaldursbørkubóndi,und,Faroe Islands,FO,"Hansen, L. J. (n.d.). Vernacular species names—Tjóðsavnið. Tjóðsavnið. Retrieved June 18, 2021, from https://www.tjodsavnid.fo/vernacular-species-names
",Faroese,Ken-ichi Ueda,2021-06-18T20:13:58Z
132621,reytt mýrisnípugras,und,Faroe Islands,FO,"Hansen, L. J. (n.d.). Vernacular species names—Tjóðsavnið. Tjóðsavnið. Retrieved June 18, 2021, from https://www.tjodsavnid.fo/vernacular-species-names
",Faroese,Ken-ichi Ueda,2021-06-18T20:13:58Z
366371,reyður børkubóndi,und,Faroe Islands,FO,"Hansen, L. J. (n.d.). Vernacular species names—Tjóðsavnið. Tjóðsavnið. Retrieved June 18, 2021, from https://www.tjodsavnid.fo/vernacular-species-names
",Faroese,Ken-ichi Ueda,2021-06-18T20:13:59Z
69624,skarðssýrusmæra,und,Faroe Islands,FO,"Hansen, L. J. (n.d.). Vernacular species names—Tjóðsavnið. Tjóðsavnið. Retrieved June 18, 2021, from https://www.tjodsavnid.fo/vernacular-species-names
",Faroese,Ken-ichi Ueda,2021-06-18T20:13:59Z
67591,bergeirissýra,und,Faroe Islands,FO,"Hansen, L. J. (n.d.). Vernacular species names—Tjóðsavnið. Tjóðsavnið. Retrieved June 18, 2021, from https://www.tjodsavnid.fo/vernacular-species-names
",Faroese,Ken-ichi Ueda,2021-06-18T20:14:00Z
118803,lúsaórøkja,und,Faroe Islands,FO,"Hansen, L. J. (n.d.). Vernacular species names—Tjóðsavnið. Tjóðsavnið. Retrieved June 18, 2021, from https://www.tjodsavnid.fo/vernacular-species-names
",Faroese,Ken-ichi Ueda,2021-06-18T20:14:01Z
63337,royðraroyggj,und,Faroe Islands,FO,"Hansen, L. J. (n.d.). Vernacular species names—Tjóðsavnið. Tjóðsavnið. Retrieved June 18, 2021, from https://www.tjodsavnid.fo/vernacular-species-names
",Faroese,Ken-ichi Ueda,2021-06-18T20:14:02Z
57190,eingjartimotey,und,Faroe Islands,FO,"Hansen, L. J. (n.d.). Vernacular species names—Tjóðsavnið. Tjóðsavnið. Retrieved June 18, 2021, from https://www.tjodsavnid.fo/vernacular-species-names
",Faroese,Ken-ichi Ueda,2021-06-18T20:14:02Z
121266,vanligt undirløgugras,und,Faroe Islands,FO,"Hansen, L. J. (n.d.). Vernacular species names—Tjóðsavnið. Tjóðsavnið. Retrieved June 18, 2021, from https://www.tjodsavnid.fo/vernacular-species-names
",Faroese,Ken-ichi Ueda,2021-06-18T20:14:03Z
58960,ravnagøtubrá,und,Faroe Islands,FO,"Hansen, L. J. (n.d.). Vernacular species names—Tjóðsavnið. Tjóðsavnið. Retrieved June 18, 2021, from https://www.tjodsavnid.fo/vernacular-species-names
",Faroese,Ken-ichi Ueda,2021-06-18T20:14:04Z
53178,jóansøkugøtubrá,und,Faroe Islands,FO,"Hansen, L. J. (n.d.). Vernacular species names—Tjóðsavnið. Tjóðsavnið. Retrieved June 18, 2021, from https://www.tjodsavnid.fo/vernacular-species-names
",Faroese,Ken-ichi Ueda,2021-06-18T20:14:04Z
53178,jóansøkugras,und,Faroe Islands,FO,"Hansen, L. J. (n.d.). Vernacular species names—Tjóðsavnið. Tjóðsavnið. Retrieved June 18, 2021, from https://www.tjodsavnid.fo/vernacular-species-names
",Faroese,Ken-ichi Ueda,2021-06-18T20:14:06Z
58961,stórvaksin gøtubrá,und,Faroe Islands,FO,"Hansen, L. J. (n.d.). Vernacular species names—Tjóðsavnið. Tjóðsavnið. Retrieved June 18, 2021, from https://www.tjodsavnid.fo/vernacular-species-names
",Faroese,Ken-ichi Ueda,2021-06-18T20:14:07Z
68543,sævargøtubrá,und,Faroe Islands,FO,"Hansen, L. J. (n.d.). Vernacular species names—Tjóðsavnið. Tjóðsavnið. Retrieved June 18, 2021, from https://www.tjodsavnid.fo/vernacular-species-names
",Faroese,Ken-ichi Ueda,2021-06-18T20:14:09Z
167076,fjallahúsagras,und,Faroe Islands,FO,"Hansen, L. J. (n.d.). Vernacular species names—Tjóðsavnið. Tjóðsavnið. Retrieved June 18, 2021, from https://www.tjodsavnid.fo/vernacular-species-names
",Faroese,Ken-ichi Ueda,2021-06-18T20:14:10Z
52808,árshúsagras,und,Faroe Islands,FO,"Hansen, L. J. (n.d.). Vernacular species names—Tjóðsavnið. Tjóðsavnið. Retrieved June 18, 2021, from https://www.tjodsavnid.fo/vernacular-species-names
",Faroese,Ken-ichi Ueda,2021-06-18T20:14:10Z
78641,bláleitt húsagras,und,Faroe Islands,FO,"Hansen, L. J. (n.d.). Vernacular species names—Tjóðsavnið. Tjóðsavnið. Retrieved June 18, 2021, from https://www.tjodsavnid.fo/vernacular-species-names
",Faroese,Ken-ichi Ueda,2021-06-18T20:14:11Z
78649,urðarhúsagras,und,Faroe Islands,FO,"Hansen, L. J. (n.d.). Vernacular species names—Tjóðsavnið. Tjóðsavnið. Retrieved June 18, 2021, from https://www.tjodsavnid.fo/vernacular-species-names
",Faroese,Ken-ichi Ueda,2021-06-18T20:14:12Z
60307,eingjarhúsagras,und,Faroe Islands,FO,"Hansen, L. J. (n.d.). Vernacular species names—Tjóðsavnið. Tjóðsavnið. Retrieved June 18, 2021, from https://www.tjodsavnid.fo/vernacular-species-names
",Faroese,Ken-ichi Ueda,2021-06-18T20:14:12Z
78657,rísið húsagras,und,Faroe Islands,FO,"Hansen, L. J. (n.d.). Vernacular species names—Tjóðsavnið. Tjóðsavnið. Retrieved June 18, 2021, from https://www.tjodsavnid.fo/vernacular-species-names
",Faroese,Ken-ichi Ueda,2021-06-18T20:14:13Z
130302,smá silkibond,und,Faroe Islands,FO,"Hansen, L. J. (n.d.). Vernacular species names—Tjóðsavnið. Tjóðsavnið. Retrieved June 18, 2021, from https://www.tjodsavnid.fo/vernacular-species-names
",Faroese,Ken-ichi Ueda,2021-06-18T20:14:13Z
167210,stór silkibond,und,Faroe Islands,FO,"Hansen, L. J. (n.d.). Vernacular species names—Tjóðsavnið. Tjóðsavnið. Retrieved June 18, 2021, from https://www.tjodsavnid.fo/vernacular-species-names
",Faroese,Ken-ichi Ueda,2021-06-18T20:14:14Z
78450,tjarnarbløðkuurt,und,Faroe Islands,FO,"Hansen, L. J. (n.d.). Vernacular species names—Tjóðsavnið. Tjóðsavnið. Retrieved June 18, 2021, from https://www.tjodsavnid.fo/vernacular-species-names
",Faroese,Ken-ichi Ueda,2021-06-18T20:14:15Z
78678,smáfuglabløðkuurt,und,Faroe Islands,FO,"Hansen, L. J. (n.d.). Vernacular species names—Tjóðsavnið. Tjóðsavnið. Retrieved June 18, 2021, from https://www.tjodsavnid.fo/vernacular-species-names
",Faroese,Ken-ichi Ueda,2021-06-18T20:14:15Z
77129,snúin klivurt,und,Faroe Islands,FO,"Hansen, L. J. (n.d.). Vernacular species names—Tjóðsavnið. Tjóðsavnið. Retrieved June 18, 2021, from https://www.tjodsavnid.fo/vernacular-species-names
",Faroese,Ken-ichi Ueda,2021-06-18T20:14:16Z
63886,loðin bløðkuurt,und,Faroe Islands,FO,"Hansen, L. J. (n.d.). Vernacular species names—Tjóðsavnið. Tjóðsavnið. Retrieved June 18, 2021, from https://www.tjodsavnid.fo/vernacular-species-names
",Faroese,Ken-ichi Ueda,2021-06-18T20:14:17Z
56166,blettut bløðkuurt,und,Faroe Islands,FO,"Hansen, L. J. (n.d.). Vernacular species names—Tjóðsavnið. Tjóðsavnið. Retrieved June 18, 2021, from https://www.tjodsavnid.fo/vernacular-species-names
",Faroese,Ken-ichi Ueda,2021-06-18T20:14:18Z
130545,aksgrógvin bløðkuurt,und,Faroe Islands,FO,"Hansen, L. J. (n.d.). Vernacular species names—Tjóðsavnið. Tjóðsavnið. Retrieved June 18, 2021, from https://www.tjodsavnid.fo/vernacular-species-names
",Faroese,Ken-ichi Ueda,2021-06-18T20:14:19Z
78697,hvassur skjaldakampur,und,Faroe Islands,FO,"Hansen, L. J. (n.d.). Vernacular species names—Tjóðsavnið. Tjóðsavnið. Retrieved June 18, 2021, from https://www.tjodsavnid.fo/vernacular-species-names
",Faroese,Ken-ichi Ueda,2021-06-18T20:14:19Z
78704,fjallatjarnaks,und,Faroe Islands,FO,"Hansen, L. J. (n.d.). Vernacular species names—Tjóðsavnið. Tjóðsavnið. Retrieved June 18, 2021, from https://www.tjodsavnid.fo/vernacular-species-names
",Faroese,Ken-ichi Ueda,2021-06-18T20:14:19Z
78710,graskent tjarnaks,und,Faroe Islands,FO,"Hansen, L. J. (n.d.). Vernacular species names—Tjóðsavnið. Tjóðsavnið. Retrieved June 18, 2021, from https://www.tjodsavnid.fo/vernacular-species-names
",Faroese,Ken-ichi Ueda,2021-06-18T20:14:20Z
78712,flottjarnaks,und,Faroe Islands,FO,"Hansen, L. J. (n.d.). Vernacular species names—Tjóðsavnið. Tjóðsavnið. Retrieved June 18, 2021, from https://www.tjodsavnid.fo/vernacular-species-names
",Faroese,Ken-ichi Ueda,2021-06-18T20:14:20Z
243550,avlangt tjarnaks,und,Faroe Islands,FO,"Hansen, L. J. (n.d.). Vernacular species names—Tjóðsavnið. Tjóðsavnið. Retrieved June 18, 2021, from https://www.tjodsavnid.fo/vernacular-species-names
",Faroese,Ken-ichi Ueda,2021-06-18T20:14:21Z
167328,hjartatjarnaks,und,Faroe Islands,FO,"Hansen, L. J. (n.d.). Vernacular species names—Tjóðsavnið. Tjóðsavnið. Retrieved June 18, 2021, from https://www.tjodsavnid.fo/vernacular-species-names
",Faroese,Ken-ichi Ueda,2021-06-18T20:14:21Z
78713,tant tjarnaks,und,Faroe Islands,FO,"Hansen, L. J. (n.d.). Vernacular species names—Tjóðsavnið. Tjóðsavnið. Retrieved June 18, 2021, from https://www.tjodsavnid.fo/vernacular-species-names
",Faroese,Ken-ichi Ueda,2021-06-18T20:14:22Z
78714,pinkutjarnaks,und,Faroe Islands,FO,"Hansen, L. J. (n.d.). Vernacular species names—Tjóðsavnið. Tjóðsavnið. Retrieved June 18, 2021, from https://www.tjodsavnid.fo/vernacular-species-names
",Faroese,Ken-ichi Ueda,2021-06-18T20:14:22Z
158615,gásamura,und,Faroe Islands,FO,"Hansen, L. J. (n.d.). Vernacular species names—Tjóðsavnið. Tjóðsavnið. Retrieved June 18, 2021, from https://www.tjodsavnid.fo/vernacular-species-names
",Faroese,Ken-ichi Ueda,2021-06-18T20:14:23Z
167346,gullmura,und,Faroe Islands,FO,"Hansen, L. J. (n.d.). Vernacular species names—Tjóðsavnið. Tjóðsavnið. Retrieved June 18, 2021, from https://www.tjodsavnid.fo/vernacular-species-names
",Faroese,Ken-ichi Ueda,2021-06-18T20:14:24Z
132622,børkumura,und,Faroe Islands,FO,"Hansen, L. J. (n.d.). Vernacular species names—Tjóðsavnið. Tjóðsavnið. Retrieved June 18, 2021, from https://www.tjodsavnid.fo/vernacular-species-names
",Faroese,Ken-ichi Ueda,2021-06-18T20:14:24Z
132622,børkuvísa,und,Faroe Islands,FO,"Hansen, L. J. (n.d.). Vernacular species names—Tjóðsavnið. Tjóðsavnið. Retrieved June 18, 2021, from https://www.tjodsavnid.fo/vernacular-species-names
",Faroese,Ken-ichi Ueda,2021-06-18T20:14:25Z
62213,díkimura,und,Faroe Islands,FO,"Hansen, L. J. (n.d.). Vernacular species names—Tjóðsavnið. Tjóðsavnið. Retrieved June 18, 2021, from https://www.tjodsavnid.fo/vernacular-species-names
",Faroese,Ken-ichi Ueda,2021-06-18T20:14:25Z
52764,trøllabátsmanshattur,und,Faroe Islands,FO,"Hansen, L. J. (n.d.). Vernacular species names—Tjóðsavnið. Tjóðsavnið. Retrieved June 18, 2021, from https://www.tjodsavnid.fo/vernacular-species-names
",Faroese,Ken-ichi Ueda,2021-06-18T20:14:26Z
78780,bakkafjørugras,und,Faroe Islands,FO,"Hansen, L. J. (n.d.). Vernacular species names—Tjóðsavnið. Tjóðsavnið. Retrieved June 18, 2021, from https://www.tjodsavnid.fo/vernacular-species-names
",Faroese,Ken-ichi Ueda,2021-06-18T20:14:27Z
167588,strandafjørugras,und,Faroe Islands,FO,"Hansen, L. J. (n.d.). Vernacular species names—Tjóðsavnið. Tjóðsavnið. Retrieved June 18, 2021, from https://www.tjodsavnid.fo/vernacular-species-names
",Faroese,Ken-ichi Ueda,2021-06-18T20:14:28Z
78794,lítil vetrarlilja,und,Faroe Islands,FO,"Hansen, L. J. (n.d.). Vernacular species names—Tjóðsavnið. Tjóðsavnið. Retrieved June 18, 2021, from https://www.tjodsavnid.fo/vernacular-species-names
",Faroese,Ken-ichi Ueda,2021-06-18T20:14:28Z
56064,svínasólja,und,Faroe Islands,FO,"Hansen, L. J. (n.d.). Vernacular species names—Tjóðsavnið. Tjóðsavnið. Retrieved June 18, 2021, from https://www.tjodsavnid.fo/vernacular-species-names
",Faroese,Ken-ichi Ueda,2021-06-18T20:14:29Z
124817,gullsólja,und,Faroe Islands,FO,"Hansen, L. J. (n.d.). Vernacular species names—Tjóðsavnið. Tjóðsavnið. Retrieved June 18, 2021, from https://www.tjodsavnid.fo/vernacular-species-names
",Faroese,Ken-ichi Ueda,2021-06-18T20:14:29Z
67826,iglasólja,und,Faroe Islands,FO,"Hansen, L. J. (n.d.). Vernacular species names—Tjóðsavnið. Tjóðsavnið. Retrieved June 18, 2021, from https://www.tjodsavnid.fo/vernacular-species-names
",Faroese,Ken-ichi Ueda,2021-06-18T20:14:30Z
167723,snjósólja,und,Faroe Islands,FO,"Hansen, L. J. (n.d.). Vernacular species names—Tjóðsavnið. Tjóðsavnið. Retrieved June 18, 2021, from https://www.tjodsavnid.fo/vernacular-species-names
",Faroese,Ken-ichi Ueda,2021-06-18T20:14:30Z
48229,skriðsólja,und,Faroe Islands,FO,"Hansen, L. J. (n.d.). Vernacular species names—Tjóðsavnið. Tjóðsavnið. Retrieved June 18, 2021, from https://www.tjodsavnid.fo/vernacular-species-names
",Faroese,Ken-ichi Ueda,2021-06-18T20:14:31Z
517683,tjarnarsólja,und,Faroe Islands,FO,"Hansen, L. J. (n.d.). Vernacular species names—Tjóðsavnið. Tjóðsavnið. Retrieved June 18, 2021, from https://www.tjodsavnid.fo/vernacular-species-names
",Faroese,Ken-ichi Ueda,2021-06-18T20:14:32Z
1047010,grønlandsbjalla,und,Faroe Islands,FO,"Hansen, L. J. (n.d.). Vernacular species names—Tjóðsavnið. Tjóðsavnið. Retrieved June 18, 2021, from https://www.tjodsavnid.fo/vernacular-species-names
",Faroese,Ken-ichi Ueda,2021-06-18T20:14:32Z
61470,snjallabjalla,und,Faroe Islands,FO,"Hansen, L. J. (n.d.). Vernacular species names—Tjóðsavnið. Tjóðsavnið. Retrieved June 18, 2021, from https://www.tjodsavnid.fo/vernacular-species-names
",Faroese,Ken-ichi Ueda,2021-06-18T20:14:32Z
447878,klettarossaber,und,Faroe Islands,FO,"Hansen, L. J. (n.d.). Vernacular species names—Tjóðsavnið. Tjóðsavnið. Retrieved June 18, 2021, from https://www.tjodsavnid.fo/vernacular-species-names
",Faroese,Ken-ichi Ueda,2021-06-18T20:14:33Z
55821,sýra,und,Faroe Islands,FO,"Hansen, L. J. (n.d.). Vernacular species names—Tjóðsavnið. Tjóðsavnið. Retrieved June 18, 2021, from https://www.tjodsavnid.fo/vernacular-species-names
",Faroese,Ken-ichi Ueda,2021-06-18T20:14:34Z
55821,sýruleggur,und,Faroe Islands,FO,"Hansen, L. J. (n.d.). Vernacular species names—Tjóðsavnið. Tjóðsavnið. Retrieved June 18, 2021, from https://www.tjodsavnid.fo/vernacular-species-names
",Faroese,Ken-ichi Ueda,2021-06-18T20:14:34Z
55821,leggsýra,und,Faroe Islands,FO,"Hansen, L. J. (n.d.). Vernacular species names—Tjóðsavnið. Tjóðsavnið. Retrieved June 18, 2021, from https://www.tjodsavnid.fo/vernacular-species-names
",Faroese,Ken-ichi Ueda,2021-06-18T20:14:35Z
53195,hundasýra,und,Faroe Islands,FO,"Hansen, L. J. (n.d.). Vernacular species names—Tjóðsavnið. Tjóðsavnið. Retrieved June 18, 2021, from https://www.tjodsavnid.fo/vernacular-species-names
",Faroese,Ken-ichi Ueda,2021-06-18T20:14:35Z
53197,smárukkut hømilia,und,Faroe Islands,FO,"Hansen, L. J. (n.d.). Vernacular species names—Tjóðsavnið. Tjóðsavnið. Retrieved June 18, 2021, from https://www.tjodsavnid.fo/vernacular-species-names
",Faroese,Ken-ichi Ueda,2021-06-18T20:14:36Z
168241,stórrukkut hømilia,und,Faroe Islands,FO,"Hansen, L. J. (n.d.). Vernacular species names—Tjóðsavnið. Tjóðsavnið. Retrieved June 18, 2021, from https://www.tjodsavnid.fo/vernacular-species-names
",Faroese,Ken-ichi Ueda,2021-06-18T20:14:37Z
63371,kubbut hømilia,und,Faroe Islands,FO,"Hansen, L. J. (n.d.). Vernacular species names—Tjóðsavnið. Tjóðsavnið. Retrieved June 18, 2021, from https://www.tjodsavnid.fo/vernacular-species-names
",Faroese,Ken-ichi Ueda,2021-06-18T20:14:38Z
61090,tráðmjátt havgras,und,Faroe Islands,FO,"Hansen, L. J. (n.d.). Vernacular species names—Tjóðsavnið. Tjóðsavnið. Retrieved June 18, 2021, from https://www.tjodsavnid.fo/vernacular-species-names
",Faroese,Ken-ichi Ueda,2021-06-18T20:14:38Z
168290,snjókrásarvi,und,Faroe Islands,FO,"Hansen, L. J. (n.d.). Vernacular species names—Tjóðsavnið. Tjóðsavnið. Retrieved June 18, 2021, from https://www.tjodsavnid.fo/vernacular-species-names
",Faroese,Ken-ichi Ueda,2021-06-18T20:14:39Z
168291,knortlakrásarvi,und,Faroe Islands,FO,"Hansen, L. J. (n.d.). Vernacular species names—Tjóðsavnið. Tjóðsavnið. Retrieved June 18, 2021, from https://www.tjodsavnid.fo/vernacular-species-names
",Faroese,Ken-ichi Ueda,2021-06-18T20:14:39Z
55667,jarðlagdur krásarvi,und,Faroe Islands,FO,"Hansen, L. J. (n.d.). Vernacular species names—Tjóðsavnið. Tjóðsavnið. Retrieved June 18, 2021, from https://www.tjodsavnid.fo/vernacular-species-names
",Faroese,Ken-ichi Ueda,2021-06-18T20:14:40Z
78924,broddakrásarvi,und,Faroe Islands,FO,"Hansen, L. J. (n.d.). Vernacular species names—Tjóðsavnið. Tjóðsavnið. Retrieved June 18, 2021, from https://www.tjodsavnid.fo/vernacular-species-names
",Faroese,Ken-ichi Ueda,2021-06-18T20:14:40Z
67799,arktiskur pílur,und,Faroe Islands,FO,"Hansen, L. J. (n.d.). Vernacular species names—Tjóðsavnið. Tjóðsavnið. Retrieved June 18, 2021, from https://www.tjodsavnid.fo/vernacular-species-names
",Faroese,Ken-ichi Ueda,2021-06-18T20:14:41Z
168337,urtapílur,und,Faroe Islands,FO,"Hansen, L. J. (n.d.). Vernacular species names—Tjóðsavnið. Tjóðsavnið. Retrieved June 18, 2021, from https://www.tjodsavnid.fo/vernacular-species-names
",Faroese,Ken-ichi Ueda,2021-06-18T20:14:41Z
405808,pálmapílur,und,Faroe Islands,FO,"Hansen, L. J. (n.d.). Vernacular species names—Tjóðsavnið. Tjóðsavnið. Retrieved June 18, 2021, from https://www.tjodsavnid.fo/vernacular-species-names
",Faroese,Ken-ichi Ueda,2021-06-18T20:14:42Z
319323,klettasteinbrot,und,Faroe Islands,FO,"Hansen, L. J. (n.d.). Vernacular species names—Tjóðsavnið. Tjóðsavnið. Retrieved June 18, 2021, from https://www.tjodsavnid.fo/vernacular-species-names
",Faroese,Ken-ichi Ueda,2021-06-18T20:14:42Z
549001,snjósteinbrot,und,Faroe Islands,FO,"Hansen, L. J. (n.d.). Vernacular species names—Tjóðsavnið. Tjóðsavnið. Retrieved June 18, 2021, from https://www.tjodsavnid.fo/vernacular-species-names
",Faroese,Ken-ichi Ueda,2021-06-18T20:14:42Z
128880,vetrarsteinbrot,und,Faroe Islands,FO,"Hansen, L. J. (n.d.). Vernacular species names—Tjóðsavnið. Tjóðsavnið. Retrieved June 18, 2021, from https://www.tjodsavnid.fo/vernacular-species-names
",Faroese,Ken-ichi Ueda,2021-06-18T20:14:43Z
128879,áarsteinbrot,und,Faroe Islands,FO,"Hansen, L. J. (n.d.). Vernacular species names—Tjóðsavnið. Tjóðsavnið. Retrieved June 18, 2021, from https://www.tjodsavnid.fo/vernacular-species-names
",Faroese,Ken-ichi Ueda,2021-06-18T20:14:45Z
321297,eyrtúvusteinbrot,und,Faroe Islands,FO,"Hansen, L. J. (n.d.). Vernacular species names—Tjóðsavnið. Tjóðsavnið. Retrieved June 18, 2021, from https://www.tjodsavnid.fo/vernacular-species-names
",Faroese,Ken-ichi Ueda,2021-06-18T20:14:45Z
357948,stjørnusteinbrot,und,Faroe Islands,FO,"Hansen, L. J. (n.d.). Vernacular species names—Tjóðsavnið. Tjóðsavnið. Retrieved June 18, 2021, from https://www.tjodsavnid.fo/vernacular-species-names
",Faroese,Ken-ichi Ueda,2021-06-18T20:14:45Z
357937,dvørgasteinbrot,und,Faroe Islands,FO,"Hansen, L. J. (n.d.). Vernacular species names—Tjóðsavnið. Tjóðsavnið. Retrieved June 18, 2021, from https://www.tjodsavnid.fo/vernacular-species-names
",Faroese,Ken-ichi Ueda,2021-06-18T20:14:46Z
129499,várblálilja,und,Faroe Islands,FO,"Hansen, L. J. (n.d.). Vernacular species names—Tjóðsavnið. Tjóðsavnið. Retrieved June 18, 2021, from https://www.tjodsavnid.fo/vernacular-species-names
",Faroese,Ken-ichi Ueda,2021-06-18T20:14:46Z
84436,rósuhjálpirót,und,Faroe Islands,FO,"Hansen, L. J. (n.d.). Vernacular species names—Tjóðsavnið. Tjóðsavnið. Retrieved June 18, 2021, from https://www.tjodsavnid.fo/vernacular-species-names
",Faroese,Ken-ichi Ueda,2021-06-18T20:14:47Z
168753,sanddeyda,und,Faroe Islands,FO,"Hansen, L. J. (n.d.). Vernacular species names—Tjóðsavnið. Tjóðsavnið. Retrieved June 18, 2021, from https://www.tjodsavnid.fo/vernacular-species-names
",Faroese,Ken-ichi Ueda,2021-06-18T20:14:47Z
53211,loðin danadái,und,Faroe Islands,FO,"Hansen, L. J. (n.d.). Vernacular species names—Tjóðsavnið. Tjóðsavnið. Retrieved June 18, 2021, from https://www.tjodsavnid.fo/vernacular-species-names
",Faroese,Ken-ichi Ueda,2021-06-18T20:14:47Z
79076,krýkin fjallasmæra,und,Faroe Islands,FO,"Hansen, L. J. (n.d.). Vernacular species names—Tjóðsavnið. Tjóðsavnið. Retrieved June 18, 2021, from https://www.tjodsavnid.fo/vernacular-species-names
",Faroese,Ken-ichi Ueda,2021-06-18T20:14:48Z
76603,jarðlagt tannagras,und,Faroe Islands,FO,"Hansen, L. J. (n.d.). Vernacular species names—Tjóðsavnið. Tjóðsavnið. Retrieved June 18, 2021, from https://www.tjodsavnid.fo/vernacular-species-names
",Faroese,Ken-ichi Ueda,2021-06-18T20:14:49Z
68886,leggstutt túvublóma,und,Faroe Islands,FO,"Hansen, L. J. (n.d.). Vernacular species names—Tjóðsavnið. Tjóðsavnið. Retrieved June 18, 2021, from https://www.tjodsavnid.fo/vernacular-species-names
",Faroese,Ken-ichi Ueda,2021-06-18T20:14:49Z
79156,akursvínamjólk,und,Faroe Islands,FO,"Hansen, L. J. (n.d.). Vernacular species names—Tjóðsavnið. Tjóðsavnið. Retrieved June 18, 2021, from https://www.tjodsavnid.fo/vernacular-species-names
",Faroese,Ken-ichi Ueda,2021-06-18T20:14:50Z
79161,tjarnartindakollur,und,Faroe Islands,FO,"Hansen, L. J. (n.d.). Vernacular species names—Tjóðsavnið. Tjóðsavnið. Retrieved June 18, 2021, from https://www.tjodsavnid.fo/vernacular-species-names
",Faroese,Ken-ichi Ueda,2021-06-18T20:14:50Z
57005,erkulínbendil,und,Faroe Islands,FO,"Hansen, L. J. (n.d.). Vernacular species names—Tjóðsavnið. Tjóðsavnið. Retrieved June 18, 2021, from https://www.tjodsavnid.fo/vernacular-species-names
",Faroese,Ken-ichi Ueda,2021-06-18T20:14:51Z
169330,áararvi,und,Faroe Islands,FO,"Hansen, L. J. (n.d.). Vernacular species names—Tjóðsavnið. Tjóðsavnið. Retrieved June 18, 2021, from https://www.tjodsavnid.fo/vernacular-species-names
",Faroese,Ken-ichi Ueda,2021-06-18T20:14:51Z
79289,tjarnarálagras,und,Faroe Islands,FO,"Hansen, L. J. (n.d.). Vernacular species names—Tjóðsavnið. Tjóðsavnið. Retrieved June 18, 2021, from https://www.tjodsavnid.fo/vernacular-species-names
",Faroese,Ken-ichi Ueda,2021-06-18T20:14:52Z
131203,líragras,und,Faroe Islands,FO,"Hansen, L. J. (n.d.). Vernacular species names—Tjóðsavnið. Tjóðsavnið. Retrieved June 18, 2021, from https://www.tjodsavnid.fo/vernacular-species-names
",Faroese,Ken-ichi Ueda,2021-06-18T20:14:52Z
55971,vanlig reinfann,und,Faroe Islands,FO,"Hansen, L. J. (n.d.). Vernacular species names—Tjóðsavnið. Tjóðsavnið. Retrieved June 18, 2021, from https://www.tjodsavnid.fo/vernacular-species-names
",Faroese,Ken-ichi Ueda,2021-06-18T20:14:53Z
79342,fjallabróstagras,und,Faroe Islands,FO,"Hansen, L. J. (n.d.). Vernacular species names—Tjóðsavnið. Tjóðsavnið. Retrieved June 18, 2021, from https://www.tjodsavnid.fo/vernacular-species-names
",Faroese,Ken-ichi Ueda,2021-06-18T20:14:54Z
169783,eingjarbjarnarbroddur,und,Faroe Islands,FO,"Hansen, L. J. (n.d.). Vernacular species names—Tjóðsavnið. Tjóðsavnið. Retrieved June 18, 2021, from https://www.tjodsavnid.fo/vernacular-species-names
",Faroese,Ken-ichi Ueda,2021-06-18T20:14:54Z
51875,reyðsmæra,und,Faroe Islands,FO,"Hansen, L. J. (n.d.). Vernacular species names—Tjóðsavnið. Tjóðsavnið. Retrieved June 18, 2021, from https://www.tjodsavnid.fo/vernacular-species-names
",Faroese,Ken-ichi Ueda,2021-06-18T20:14:55Z
55745,seyðasmæra,und,Faroe Islands,FO,"Hansen, L. J. (n.d.). Vernacular species names—Tjóðsavnið. Tjóðsavnið. Retrieved June 18, 2021, from https://www.tjodsavnid.fo/vernacular-species-names
",Faroese,Ken-ichi Ueda,2021-06-18T20:14:57Z
60264,strandarseyðaleykur,und,Faroe Islands,FO,"Hansen, L. J. (n.d.). Vernacular species names—Tjóðsavnið. Tjóðsavnið. Retrieved June 18, 2021, from https://www.tjodsavnid.fo/vernacular-species-names
",Faroese,Ken-ichi Ueda,2021-06-18T20:14:59Z
79436,mýriseyðaleykur,und,Faroe Islands,FO,"Hansen, L. J. (n.d.). Vernacular species names—Tjóðsavnið. Tjóðsavnið. Retrieved June 18, 2021, from https://www.tjodsavnid.fo/vernacular-species-names
",Faroese,Ken-ichi Ueda,2021-06-18T20:15:00Z
56222,loðið hovblað,und,Faroe Islands,FO,"Hansen, L. J. (n.d.). Vernacular species names—Tjóðsavnið. Tjóðsavnið. Retrieved June 18, 2021, from https://www.tjodsavnid.fo/vernacular-species-names
",Faroese,Ken-ichi Ueda,2021-06-18T20:15:00Z
51884,tvíbýlisnota,und,Faroe Islands,FO,"Hansen, L. J. (n.d.). Vernacular species names—Tjóðsavnið. Tjóðsavnið. Retrieved June 18, 2021, from https://www.tjodsavnid.fo/vernacular-species-names
",Faroese,Ken-ichi Ueda,2021-06-18T20:15:01Z
154150,vanlig bløðrurót,und,Faroe Islands,FO,"Hansen, L. J. (n.d.). Vernacular species names—Tjóðsavnið. Tjóðsavnið. Retrieved June 18, 2021, from https://www.tjodsavnid.fo/vernacular-species-names
",Faroese,Ken-ichi Ueda,2021-06-18T20:15:03Z
127029,aðalbláber,und,Faroe Islands,FO,"Hansen, L. J. (n.d.). Vernacular species names—Tjóðsavnið. Tjóðsavnið. Retrieved June 18, 2021, from https://www.tjodsavnid.fo/vernacular-species-names
",Faroese,Ken-ichi Ueda,2021-06-18T20:15:03Z
64714,heiðabláber,und,Faroe Islands,FO,"Hansen, L. J. (n.d.). Vernacular species names—Tjóðsavnið. Tjóðsavnið. Retrieved June 18, 2021, from https://www.tjodsavnid.fo/vernacular-species-names
",Faroese,Ken-ichi Ueda,2021-06-18T20:15:04Z
56312,vínbláber,und,Faroe Islands,FO,"Hansen, L. J. (n.d.). Vernacular species names—Tjóðsavnið. Tjóðsavnið. Retrieved June 18, 2021, from https://www.tjodsavnid.fo/vernacular-species-names
",Faroese,Ken-ichi Ueda,2021-06-18T20:15:05Z
55748,akurbládepla,und,Faroe Islands,FO,"Hansen, L. J. (n.d.). Vernacular species names—Tjóðsavnið. Tjóðsavnið. Retrieved June 18, 2021, from https://www.tjodsavnid.fo/vernacular-species-names
",Faroese,Ken-ichi Ueda,2021-06-18T20:15:05Z
170185,fjallabládepla,und,Faroe Islands,FO,"Hansen, L. J. (n.d.). Vernacular species names—Tjóðsavnið. Tjóðsavnið. Retrieved June 18, 2021, from https://www.tjodsavnid.fo/vernacular-species-names
",Faroese,Ken-ichi Ueda,2021-06-18T20:15:06Z
54333,veitarbládepla,und,Faroe Islands,FO,"Hansen, L. J. (n.d.). Vernacular species names—Tjóðsavnið. Tjóðsavnið. Retrieved June 18, 2021, from https://www.tjodsavnid.fo/vernacular-species-names
",Faroese,Ken-ichi Ueda,2021-06-18T20:15:07Z
51610,tvískeggjut bládepla,und,Faroe Islands,FO,"Hansen, L. J. (n.d.). Vernacular species names—Tjóðsavnið. Tjóðsavnið. Retrieved June 18, 2021, from https://www.tjodsavnid.fo/vernacular-species-names
",Faroese,Ken-ichi Ueda,2021-06-18T20:15:07Z
208923,runnabládepla,und,Faroe Islands,FO,"Hansen, L. J. (n.d.). Vernacular species names—Tjóðsavnið. Tjóðsavnið. Retrieved June 18, 2021, from https://www.tjodsavnid.fo/vernacular-species-names
",Faroese,Ken-ichi Ueda,2021-06-18T20:15:08Z
129020,læknabládepla,und,Faroe Islands,FO,"Hansen, L. J. (n.d.). Vernacular species names—Tjóðsavnið. Tjóðsavnið. Retrieved June 18, 2021, from https://www.tjodsavnid.fo/vernacular-species-names
",Faroese,Ken-ichi Ueda,2021-06-18T20:15:09Z
55749,mýribládepla,und,Faroe Islands,FO,"Hansen, L. J. (n.d.). Vernacular species names—Tjóðsavnið. Tjóðsavnið. Retrieved June 18, 2021, from https://www.tjodsavnid.fo/vernacular-species-names
",Faroese,Ken-ichi Ueda,2021-06-18T20:15:09Z
52471,skrykkjukrøkja,und,Faroe Islands,FO,"Hansen, L. J. (n.d.). Vernacular species names—Tjóðsavnið. Tjóðsavnið. Retrieved June 18, 2021, from https://www.tjodsavnid.fo/vernacular-species-names
",Faroese,Ken-ichi Ueda,2021-06-18T20:15:10Z
127345,garðakrøkja,und,Faroe Islands,FO,"Hansen, L. J. (n.d.). Vernacular species names—Tjóðsavnið. Tjóðsavnið. Retrieved June 18, 2021, from https://www.tjodsavnid.fo/vernacular-species-names
",Faroese,Ken-ichi Ueda,2021-06-18T20:15:11Z
79514,ljós blákolla,und,Faroe Islands,FO,"Hansen, L. J. (n.d.). Vernacular species names—Tjóðsavnið. Tjóðsavnið. Retrieved June 18, 2021, from https://www.tjodsavnid.fo/vernacular-species-names
",Faroese,Ken-ichi Ueda,2021-06-18T20:15:12Z
61481,dimm blákolla,und,Faroe Islands,FO,"Hansen, L. J. (n.d.). Vernacular species names—Tjóðsavnið. Tjóðsavnið. Retrieved June 18, 2021, from https://www.tjodsavnid.fo/vernacular-species-names
",Faroese,Ken-ichi Ueda,2021-06-18T20:15:12Z
55739,trílitt blákolla,und,Faroe Islands,FO,"Hansen, L. J. (n.d.). Vernacular species names—Tjóðsavnið. Tjóðsavnið. Retrieved June 18, 2021, from https://www.tjodsavnid.fo/vernacular-species-names
",Faroese,Ken-ichi Ueda,2021-06-18T20:15:13Z
52614,langt bendlatang,und,Faroe Islands,FO,"Hansen, L. J. (n.d.). Vernacular species names—Tjóðsavnið. Tjóðsavnið. Retrieved June 18, 2021, from https://www.tjodsavnid.fo/vernacular-species-names
",Faroese,Ken-ichi Ueda,2021-06-18T20:15:14Z
204321,kirkjubøsólja,und,Faroe Islands,FO,"Hansen, L. J. (n.d.). Vernacular species names—Tjóðsavnið. Tjóðsavnið. Retrieved June 18, 2021, from https://www.tjodsavnid.fo/vernacular-species-names
",Faroese,Ken-ichi Ueda,2021-06-18T20:15:14Z
169752,skaldabrobber,und,Faroe Islands,FO,"Hansen, L. J. (n.d.). Vernacular species names—Tjóðsavnið. Tjóðsavnið. Retrieved June 18, 2021, from https://www.tjodsavnid.fo/vernacular-species-names
",Faroese,Ken-ichi Ueda,2021-06-18T20:15:15Z
158472,hvítur fjallakarsi,und,Faroe Islands,FO,"Hansen, L. J. (n.d.). Vernacular species names—Tjóðsavnið. Tjóðsavnið. Retrieved June 18, 2021, from https://www.tjodsavnid.fo/vernacular-species-names
",Faroese,Ken-ichi Ueda,2021-06-18T20:15:16Z
163336,stórt mannagras,und,Faroe Islands,FO,"Hansen, L. J. (n.d.). Vernacular species names—Tjóðsavnið. Tjóðsavnið. Retrieved June 18, 2021, from https://www.tjodsavnid.fo/vernacular-species-names
",Faroese,Ken-ichi Ueda,2021-06-18T20:15:16Z
78540,fjallatimotey,und,Faroe Islands,FO,"Hansen, L. J. (n.d.). Vernacular species names—Tjóðsavnið. Tjóðsavnið. Retrieved June 18, 2021, from https://www.tjodsavnid.fo/vernacular-species-names
",Faroese,Ken-ichi Ueda,2021-06-18T20:15:17Z
57182,seksraðað bygg,und,Faroe Islands,FO,"Hansen, L. J. (n.d.). Vernacular species names—Tjóðsavnið. Tjóðsavnið. Retrieved June 18, 2021, from https://www.tjodsavnid.fo/vernacular-species-names
",Faroese,Ken-ichi Ueda,2021-06-18T20:15:17Z
57156,mathavri,und,Faroe Islands,FO,"Hansen, L. J. (n.d.). Vernacular species names—Tjóðsavnið. Tjóðsavnið. Retrieved June 18, 2021, from https://www.tjodsavnid.fo/vernacular-species-names
",Faroese,Ken-ichi Ueda,2021-06-18T20:15:18Z
124485,bøllut brúnrót,und,Faroe Islands,FO,"Hansen, L. J. (n.d.). Vernacular species names—Tjóðsavnið. Tjóðsavnið. Retrieved June 18, 2021, from https://www.tjodsavnid.fo/vernacular-species-names
",Faroese,Ken-ichi Ueda,2021-06-18T20:15:18Z
51741,tásársgeitarkál,und,Faroe Islands,FO,"Hansen, L. J. (n.d.). Vernacular species names—Tjóðsavnið. Tjóðsavnið. Retrieved June 18, 2021, from https://www.tjodsavnid.fo/vernacular-species-names
",Faroese,Ken-ichi Ueda,2021-06-18T20:15:19Z
84344,stór kornblóma,und,Faroe Islands,FO,"Hansen, L. J. (n.d.). Vernacular species names—Tjóðsavnið. Tjóðsavnið. Retrieved June 18, 2021, from https://www.tjodsavnid.fo/vernacular-species-names
",Faroese,Ken-ichi Ueda,2021-06-18T20:15:20Z
152956,nevstør,und,Faroe Islands,FO,"Hansen, L. J. (n.d.). Vernacular species names—Tjóðsavnið. Tjóðsavnið. Retrieved June 18, 2021, from https://www.tjodsavnid.fo/vernacular-species-names
",Faroese,Ken-ichi Ueda,2021-06-18T20:15:20Z
159903,hárstør,und,Faroe Islands,FO,"Hansen, L. J. (n.d.). Vernacular species names—Tjóðsavnið. Tjóðsavnið. Retrieved June 18, 2021, from https://www.tjodsavnid.fo/vernacular-species-names
",Faroese,Ken-ichi Ueda,2021-06-18T20:15:21Z
124359,fjallablákolla,und,Faroe Islands,FO,"Hansen, L. J. (n.d.). Vernacular species names—Tjóðsavnið. Tjóðsavnið. Retrieved June 18, 2021, from https://www.tjodsavnid.fo/vernacular-species-names
",Faroese,Ken-ichi Ueda,2021-06-18T20:15:21Z
470643,gul apublóma,und,Faroe Islands,FO,"Hansen, L. J. (n.d.). Vernacular species names—Tjóðsavnið. Tjóðsavnið. Retrieved June 18, 2021, from https://www.tjodsavnid.fo/vernacular-species-names
",Faroese,Ken-ichi Ueda,2021-06-18T20:15:22Z
56136,leggstutt fransagras,und,Faroe Islands,FO,"Hansen, L. J. (n.d.). Vernacular species names—Tjóðsavnið. Tjóðsavnið. Retrieved June 18, 2021, from https://www.tjodsavnid.fo/vernacular-species-names
",Faroese,Ken-ichi Ueda,2021-06-18T20:15:23Z
204400,loðin rósa,und,Faroe Islands,FO,"Hansen, L. J. (n.d.). Vernacular species names—Tjóðsavnið. Tjóðsavnið. Retrieved June 18, 2021, from https://www.tjodsavnid.fo/vernacular-species-names
",Faroese,Ken-ichi Ueda,2021-06-18T20:15:23Z
51618,søtur urtakervil,und,Faroe Islands,FO,"Hansen, L. J. (n.d.). Vernacular species names—Tjóðsavnið. Tjóðsavnið. Retrieved June 18, 2021, from https://www.tjodsavnid.fo/vernacular-species-names
",Faroese,Ken-ichi Ueda,2021-06-18T20:15:24Z
53050,kertildúnurt,und,Faroe Islands,FO,"Hansen, L. J. (n.d.). Vernacular species names—Tjóðsavnið. Tjóðsavnið. Retrieved June 18, 2021, from https://www.tjodsavnid.fo/vernacular-species-names
",Faroese,Ken-ichi Ueda,2021-06-18T20:15:24Z
336378,várdanadái,und,Faroe Islands,FO,"Hansen, L. J. (n.d.). Vernacular species names—Tjóðsavnið. Tjóðsavnið. Retrieved June 18, 2021, from https://www.tjodsavnid.fo/vernacular-species-names
",Faroese,Ken-ichi Ueda,2021-06-18T20:15:25Z
53271,ekrulínbinda,und,Faroe Islands,FO,"Hansen, L. J. (n.d.). Vernacular species names—Tjóðsavnið. Tjóðsavnið. Retrieved June 18, 2021, from https://www.tjodsavnid.fo/vernacular-species-names
",Faroese,Ken-ichi Ueda,2021-06-18T20:15:25Z
62652,aksmynta,und,Faroe Islands,FO,"Hansen, L. J. (n.d.). Vernacular species names—Tjóðsavnið. Tjóðsavnið. Retrieved June 18, 2021, from https://www.tjodsavnid.fo/vernacular-species-names
",Faroese,Ken-ichi Ueda,2021-06-18T20:15:26Z
324812,loðpílur,und,Faroe Islands,FO,"Hansen, L. J. (n.d.). Vernacular species names—Tjóðsavnið. Tjóðsavnið. Retrieved June 18, 2021, from https://www.tjodsavnid.fo/vernacular-species-names
",Faroese,Ken-ichi Ueda,2021-06-18T20:15:27Z
129115,reyð kúpa,und,Faroe Islands,FO,"Hansen, L. J. (n.d.). Vernacular species names—Tjóðsavnið. Tjóðsavnið. Retrieved June 18, 2021, from https://www.tjodsavnid.fo/vernacular-species-names
",Faroese,Ken-ichi Ueda,2021-06-18T20:15:28Z
163165,hampadái,und,Faroe Islands,FO,"Hansen, L. J. (n.d.). Vernacular species names—Tjóðsavnið. Tjóðsavnið. Retrieved June 18, 2021, from https://www.tjodsavnid.fo/vernacular-species-names
",Faroese,Ken-ichi Ueda,2021-06-18T20:15:30Z
336269,fjallatistil,und,Faroe Islands,FO,"Hansen, L. J. (n.d.). Vernacular species names—Tjóðsavnið. Tjóðsavnið. Retrieved June 18, 2021, from https://www.tjodsavnid.fo/vernacular-species-names
",Faroese,Ken-ichi Ueda,2021-06-18T20:15:30Z
371672,Læknaeygnagras,und,Faroe Islands,FO,"Hansen, L. J. (n.d.). Vernacular species names—Tjóðsavnið. Tjóðsavnið. Retrieved June 18, 2021, from https://www.tjodsavnid.fo/vernacular-species-names
",Faroese,Ken-ichi Ueda,2021-06-18T20:15:31Z
371678,Heiðaeygnagras,und,Faroe Islands,FO,"Hansen, L. J. (n.d.). Vernacular species names—Tjóðsavnið. Tjóðsavnið. Retrieved June 18, 2021, from https://www.tjodsavnid.fo/vernacular-species-names
",Faroese,Ken-ichi Ueda,2021-06-18T20:15:31Z
898866,Reytt eygnagras,und,Faroe Islands,FO,"Hansen, L. J. (n.d.). Vernacular species names—Tjóðsavnið. Tjóðsavnið. Retrieved June 18, 2021, from https://www.tjodsavnid.fo/vernacular-species-names
",Faroese,Ken-ichi Ueda,2021-06-18T20:15:32Z
162860,Fjallaeygnagras,und,Faroe Islands,FO,"Hansen, L. J. (n.d.). Vernacular species names—Tjóðsavnið. Tjóðsavnið. Retrieved June 18, 2021, from https://www.tjodsavnid.fo/vernacular-species-names
",Faroese,Ken-ichi Ueda,2021-06-18T20:15:32Z
371679,Fugloyareygnagras,und,Faroe Islands,FO,"Hansen, L. J. (n.d.). Vernacular species names—Tjóðsavnið. Tjóðsavnið. Retrieved June 18, 2021, from https://www.tjodsavnid.fo/vernacular-species-names
",Faroese,Ken-ichi Ueda,2021-06-18T20:15:33Z
371682,Ostenfeldseygnagras,und,Faroe Islands,FO,"Hansen, L. J. (n.d.). Vernacular species names—Tjóðsavnið. Tjóðsavnið. Retrieved June 18, 2021, from https://www.tjodsavnid.fo/vernacular-species-names
",Faroese,Ken-ichi Ueda,2021-06-18T20:15:33Z
162862,Lyngeygnagras,und,Faroe Islands,FO,"Hansen, L. J. (n.d.). Vernacular species names—Tjóðsavnið. Tjóðsavnið. Retrieved June 18, 2021, from https://www.tjodsavnid.fo/vernacular-species-names
",Faroese,Ken-ichi Ueda,2021-06-18T20:15:33Z
124544,villikervil,und,Faroe Islands,FO,"Hansen, L. J. (n.d.). Vernacular species names—Tjóðsavnið. Tjóðsavnið. Retrieved June 18, 2021, from https://www.tjodsavnid.fo/vernacular-species-names
",Faroese,Ken-ichi Ueda,2021-06-18T20:15:34Z
55767,garðalisa,und,Faroe Islands,FO,"Hansen, L. J. (n.d.). Vernacular species names—Tjóðsavnið. Tjóðsavnið. Retrieved June 18, 2021, from https://www.tjodsavnid.fo/vernacular-species-names
",Faroese,Ken-ichi Ueda,2021-06-18T20:15:35Z
61424,stór jarðarnøt,und,Faroe Islands,FO,"Hansen, L. J. (n.d.). Vernacular species names—Tjóðsavnið. Tjóðsavnið. Retrieved June 18, 2021, from https://www.tjodsavnid.fo/vernacular-species-names
",Faroese,Ken-ichi Ueda,2021-06-18T20:15:35Z
62009,hvít nykurt,und,Faroe Islands,FO,"Hansen, L. J. (n.d.). Vernacular species names—Tjóðsavnið. Tjóðsavnið. Retrieved June 18, 2021, from https://www.tjodsavnid.fo/vernacular-species-names
",Faroese,Ken-ichi Ueda,2021-06-18T20:15:36Z
190109,Ymislitt spógvagras,und,Faroe Islands,FO,"Hansen, L. J. (n.d.). Vernacular species names—Tjóðsavnið. Tjóðsavnið. Retrieved June 18, 2021, from https://www.tjodsavnid.fo/vernacular-species-names
",Faroese,Ken-ichi Ueda,2021-06-18T20:15:37Z
58127,Hvítur gásarfótur,und,Faroe Islands,FO,"Hansen, L. J. (n.d.). Vernacular species names—Tjóðsavnið. Tjóðsavnið. Retrieved June 18, 2021, from https://www.tjodsavnid.fo/vernacular-species-names
",Faroese,Ken-ichi Ueda,2021-06-18T20:15:37Z
159452,Miðalhjartagras,und,Faroe Islands,FO,"Hansen, L. J. (n.d.). Vernacular species names—Tjóðsavnið. Tjóðsavnið. Retrieved June 18, 2021, from https://www.tjodsavnid.fo/vernacular-species-names
",Faroese,Ken-ichi Ueda,2021-06-18T20:15:38Z
199394,Mosamaðkur,und,Faroe Islands,FO,"Hansen, L. J. (n.d.). Vernacular species names—Tjóðsavnið. Tjóðsavnið. Retrieved June 18, 2021, from https://www.tjodsavnid.fo/vernacular-species-names
",Faroese,Ken-ichi Ueda,2021-06-18T20:15:38Z
347614,Áarmaðkur,und,Faroe Islands,FO,"Hansen, L. J. (n.d.). Vernacular species names—Tjóðsavnið. Tjóðsavnið. Retrieved June 18, 2021, from https://www.tjodsavnid.fo/vernacular-species-names
",Faroese,Ken-ichi Ueda,2021-06-18T20:15:39Z
484186,Bømaðkur,und,Faroe Islands,FO,"Hansen, L. J. (n.d.). Vernacular species names—Tjóðsavnið. Tjóðsavnið. Retrieved June 18, 2021, from https://www.tjodsavnid.fo/vernacular-species-names
",Faroese,Ken-ichi Ueda,2021-06-18T20:15:39Z
199376,Hagamaðkur,und,Faroe Islands,FO,"Hansen, L. J. (n.d.). Vernacular species names—Tjóðsavnið. Tjóðsavnið. Retrieved June 18, 2021, from https://www.tjodsavnid.fo/vernacular-species-names
",Faroese,Ken-ichi Ueda,2021-06-18T20:15:40Z
81545,Stórmaðkur,und,Faroe Islands,FO,"Hansen, L. J. (n.d.). Vernacular species names—Tjóðsavnið. Tjóðsavnið. Retrieved June 18, 2021, from https://www.tjodsavnid.fo/vernacular-species-names
",Faroese,Ken-ichi Ueda,2021-06-18T20:15:40Z
51671,Skógarmotta,und,Faroe Islands,FO,"Hansen, L. J. (n.d.). Vernacular species names—Tjóðsavnið. Tjóðsavnið. Retrieved June 18, 2021, from https://www.tjodsavnid.fo/vernacular-species-names
",Faroese,Ken-ichi Ueda,2021-06-18T20:15:42Z
120956,Urðaroksi,und,Faroe Islands,FO,"Hansen, L. J. (n.d.). Vernacular species names—Tjóðsavnið. Tjóðsavnið. Retrieved June 18, 2021, from https://www.tjodsavnid.fo/vernacular-species-names
",Faroese,Ken-ichi Ueda,2021-06-18T20:15:42Z
263127,Smærumotta,und,Faroe Islands,FO,"Hansen, L. J. (n.d.). Vernacular species names—Tjóðsavnið. Tjóðsavnið. Retrieved June 18, 2021, from https://www.tjodsavnid.fo/vernacular-species-names
",Faroese,Ken-ichi Ueda,2021-06-18T20:15:43Z
362339,Fjørutrøll,und,Faroe Islands,FO,"Hansen, L. J. (n.d.). Vernacular species names—Tjóðsavnið. Tjóðsavnið. Retrieved June 18, 2021, from https://www.tjodsavnid.fo/vernacular-species-names
",Faroese,Ken-ichi Ueda,2021-06-18T20:15:43Z
396021,Avstralsk tjóvaklukka,und,Faroe Islands,FO,"Hansen, L. J. (n.d.). Vernacular species names—Tjóðsavnið. Tjóðsavnið. Retrieved June 18, 2021, from https://www.tjodsavnid.fo/vernacular-species-names
",Faroese,Ken-ichi Ueda,2021-06-18T20:15:44Z
130147,Blá svartaklukka,und,Faroe Islands,FO,"Hansen, L. J. (n.d.). Vernacular species names—Tjóðsavnið. Tjóðsavnið. Retrieved June 18, 2021, from https://www.tjodsavnid.fo/vernacular-species-names
",Faroese,Ken-ichi Ueda,2021-06-18T20:15:44Z
61524,Tvísterta,und,Faroe Islands,FO,"Hansen, L. J. (n.d.). Vernacular species names—Tjóðsavnið. Tjóðsavnið. Retrieved June 18, 2021, from https://www.tjodsavnid.fo/vernacular-species-names
",Faroese,Ken-ichi Ueda,2021-06-18T20:15:45Z
623074,norðurskinfluga,und,Faroe Islands,FO,"Hansen, L. J. (n.d.). Vernacular species names—Tjóðsavnið. Tjóðsavnið. Retrieved June 18, 2021, from https://www.tjodsavnid.fo/vernacular-species-names
",Faroese,Ken-ichi Ueda,2021-06-18T20:15:45Z
119115,vanlig skinfluga,und,Faroe Islands,FO,"Hansen, L. J. (n.d.). Vernacular species names—Tjóðsavnið. Tjóðsavnið. Retrieved June 18, 2021, from https://www.tjodsavnid.fo/vernacular-species-names
",Faroese,Ken-ichi Ueda,2021-06-18T20:15:46Z
70151,øsreyð skinfluga,und,Faroe Islands,FO,"Hansen, L. J. (n.d.). Vernacular species names—Tjóðsavnið. Tjóðsavnið. Retrieved June 18, 2021, from https://www.tjodsavnid.fo/vernacular-species-names
",Faroese,Ken-ichi Ueda,2021-06-18T20:15:47Z
322691,skortgul skinfluga,und,Faroe Islands,FO,"Hansen, L. J. (n.d.). Vernacular species names—Tjóðsavnið. Tjóðsavnið. Retrieved June 18, 2021, from https://www.tjodsavnid.fo/vernacular-species-names
",Faroese,Ken-ichi Ueda,2021-06-18T20:15:47Z
490429,glitskinfluga,und,Faroe Islands,FO,"Hansen, L. J. (n.d.). Vernacular species names—Tjóðsavnið. Tjóðsavnið. Retrieved June 18, 2021, from https://www.tjodsavnid.fo/vernacular-species-names
",Faroese,Ken-ichi Ueda,2021-06-18T20:15:48Z
410002,Førilús,und,Faroe Islands,FO,"Hansen, L. J. (n.d.). Vernacular species names—Tjóðsavnið. Tjóðsavnið. Retrieved June 18, 2021, from https://www.tjodsavnid.fo/vernacular-species-names
",Faroese,Ken-ichi Ueda,2021-06-18T20:15:48Z
1144274,Strandarkøstafluga,und,Faroe Islands,FO,"Hansen, L. J. (n.d.). Vernacular species names—Tjóðsavnið. Tjóðsavnið. Retrieved June 18, 2021, from https://www.tjodsavnid.fo/vernacular-species-names
",Faroese,Ken-ichi Ueda,2021-06-18T20:15:48Z
423755,Hagakøstafluga,und,Faroe Islands,FO,"Hansen, L. J. (n.d.). Vernacular species names—Tjóðsavnið. Tjóðsavnið. Retrieved June 18, 2021, from https://www.tjodsavnid.fo/vernacular-species-names
",Faroese,Ken-ichi Ueda,2021-06-18T20:15:49Z
1096721,Fjørukøstafluga,und,Faroe Islands,FO,"Hansen, L. J. (n.d.). Vernacular species names—Tjóðsavnið. Tjóðsavnið. Retrieved June 18, 2021, from https://www.tjodsavnid.fo/vernacular-species-names
",Faroese,Ken-ichi Ueda,2021-06-18T20:15:49Z
132718,Eingjarkøstafluga,und,Faroe Islands,FO,"Hansen, L. J. (n.d.). Vernacular species names—Tjóðsavnið. Tjóðsavnið. Retrieved June 18, 2021, from https://www.tjodsavnid.fo/vernacular-species-names
",Faroese,Ken-ichi Ueda,2021-06-18T20:15:50Z
52482,Tvírandabressa,und,Faroe Islands,FO,"Hansen, L. J. (n.d.). Vernacular species names—Tjóðsavnið. Tjóðsavnið. Retrieved June 18, 2021, from https://www.tjodsavnid.fo/vernacular-species-names
",Faroese,Ken-ichi Ueda,2021-06-18T20:15:50Z
320786,Fenbressa,und,Faroe Islands,FO,"Hansen, L. J. (n.d.). Vernacular species names—Tjóðsavnið. Tjóðsavnið. Retrieved June 18, 2021, from https://www.tjodsavnid.fo/vernacular-species-names
",Faroese,Ken-ichi Ueda,2021-06-18T20:15:51Z
69190,Reðurbressa,und,Faroe Islands,FO,"Hansen, L. J. (n.d.). Vernacular species names—Tjóðsavnið. Tjóðsavnið. Retrieved June 18, 2021, from https://www.tjodsavnid.fo/vernacular-species-names
",Faroese,Ken-ichi Ueda,2021-06-18T20:15:51Z
52486,Tikarabressa,und,Faroe Islands,FO,"Hansen, L. J. (n.d.). Vernacular species names—Tjóðsavnið. Tjóðsavnið. Retrieved June 18, 2021, from https://www.tjodsavnid.fo/vernacular-species-names
",Faroese,Ken-ichi Ueda,2021-06-18T20:15:52Z
486798,Málmbressa,und,Faroe Islands,FO,"Hansen, L. J. (n.d.). Vernacular species names—Tjóðsavnið. Tjóðsavnið. Retrieved June 18, 2021, from https://www.tjodsavnid.fo/vernacular-species-names
",Faroese,Ken-ichi Ueda,2021-06-18T20:15:53Z
324344,Døkksveima,und,Faroe Islands,FO,"Hansen, L. J. (n.d.). Vernacular species names—Tjóðsavnið. Tjóðsavnið. Retrieved June 18, 2021, from https://www.tjodsavnid.fo/vernacular-species-names
",Faroese,Ken-ichi Ueda,2021-06-18T20:15:53Z
70405,Grímusveima,und,Faroe Islands,FO,"Hansen, L. J. (n.d.). Vernacular species names—Tjóðsavnið. Tjóðsavnið. Retrieved June 18, 2021, from https://www.tjodsavnid.fo/vernacular-species-names
",Faroese,Ken-ichi Ueda,2021-06-18T20:15:53Z
324637,Ferðabressa,und,Faroe Islands,FO,"Hansen, L. J. (n.d.). Vernacular species names—Tjóðsavnið. Tjóðsavnið. Retrieved June 18, 2021, from https://www.tjodsavnid.fo/vernacular-species-names
",Faroese,Ken-ichi Ueda,2021-06-18T20:15:54Z
486781,Ósabressa,und,Faroe Islands,FO,"Hansen, L. J. (n.d.). Vernacular species names—Tjóðsavnið. Tjóðsavnið. Retrieved June 18, 2021, from https://www.tjodsavnid.fo/vernacular-species-names
",Faroese,Ken-ichi Ueda,2021-06-18T20:15:54Z
486665,Skjaldsveima,und,Faroe Islands,FO,"Hansen, L. J. (n.d.). Vernacular species names—Tjóðsavnið. Tjóðsavnið. Retrieved June 18, 2021, from https://www.tjodsavnid.fo/vernacular-species-names
",Faroese,Ken-ichi Ueda,2021-06-18T20:15:55Z
486661,Trantsveima,und,Faroe Islands,FO,"Hansen, L. J. (n.d.). Vernacular species names—Tjóðsavnið. Tjóðsavnið. Retrieved June 18, 2021, from https://www.tjodsavnid.fo/vernacular-species-names
",Faroese,Ken-ichi Ueda,2021-06-18T20:15:55Z
486678,Huldusveima,und,Faroe Islands,FO,"Hansen, L. J. (n.d.). Vernacular species names—Tjóðsavnið. Tjóðsavnið. Retrieved June 18, 2021, from https://www.tjodsavnid.fo/vernacular-species-names
",Faroese,Ken-ichi Ueda,2021-06-18T20:15:55Z
486676,Norðsveima,und,Faroe Islands,FO,"Hansen, L. J. (n.d.). Vernacular species names—Tjóðsavnið. Tjóðsavnið. Retrieved June 18, 2021, from https://www.tjodsavnid.fo/vernacular-species-names
",Faroese,Ken-ichi Ueda,2021-06-18T20:15:56Z
486663,Klingrusveima,und,Faroe Islands,FO,"Hansen, L. J. (n.d.). Vernacular species names—Tjóðsavnið. Tjóðsavnið. Retrieved June 18, 2021, from https://www.tjodsavnid.fo/vernacular-species-names
",Faroese,Ken-ichi Ueda,2021-06-18T20:15:56Z
52160,Neistabressa,und,Faroe Islands,FO,"Hansen, L. J. (n.d.). Vernacular species names—Tjóðsavnið. Tjóðsavnið. Retrieved June 18, 2021, from https://www.tjodsavnid.fo/vernacular-species-names
",Faroese,Ken-ichi Ueda,2021-06-18T20:15:57Z
486414,Sóljubressa,und,Faroe Islands,FO,"Hansen, L. J. (n.d.). Vernacular species names—Tjóðsavnið. Tjóðsavnið. Retrieved June 18, 2021, from https://www.tjodsavnid.fo/vernacular-species-names
",Faroese,Ken-ichi Ueda,2021-06-18T20:15:57Z
356342,Lyngbressa,und,Faroe Islands,FO,"Hansen, L. J. (n.d.). Vernacular species names—Tjóðsavnið. Tjóðsavnið. Retrieved June 18, 2021, from https://www.tjodsavnid.fo/vernacular-species-names
",Faroese,Ken-ichi Ueda,2021-06-18T20:15:57Z
81979,Pípubressa,und,Faroe Islands,FO,"Hansen, L. J. (n.d.). Vernacular species names—Tjóðsavnið. Tjóðsavnið. Retrieved June 18, 2021, from https://www.tjodsavnid.fo/vernacular-species-names
",Faroese,Ken-ichi Ueda,2021-06-18T20:15:58Z
322366,Stapabressa,und,Faroe Islands,FO,"Hansen, L. J. (n.d.). Vernacular species names—Tjóðsavnið. Tjóðsavnið. Retrieved June 18, 2021, from https://www.tjodsavnid.fo/vernacular-species-names
",Faroese,Ken-ichi Ueda,2021-06-18T20:15:59Z
143426,Sunnanbressa,und,Faroe Islands,FO,"Hansen, L. J. (n.d.). Vernacular species names—Tjóðsavnið. Tjóðsavnið. Retrieved June 18, 2021, from https://www.tjodsavnid.fo/vernacular-species-names
",Faroese,Ken-ichi Ueda,2021-06-18T20:15:59Z
126802,Bulsvart loðmýggj,und,Faroe Islands,FO,"Hansen, L. J. (n.d.). Vernacular species names—Tjóðsavnið. Tjóðsavnið. Retrieved June 18, 2021, from https://www.tjodsavnid.fo/vernacular-species-names
",Faroese,Ken-ichi Ueda,2021-06-18T20:15:59Z
326631,Lærlitt loðmýggj,und,Faroe Islands,FO,"Hansen, L. J. (n.d.). Vernacular species names—Tjóðsavnið. Tjóðsavnið. Retrieved June 18, 2021, from https://www.tjodsavnid.fo/vernacular-species-names
",Faroese,Ken-ichi Ueda,2021-06-18T20:16:00Z
853329,Kambaloðmýggj,und,Faroe Islands,FO,"Hansen, L. J. (n.d.). Vernacular species names—Tjóðsavnið. Tjóðsavnið. Retrieved June 18, 2021, from https://www.tjodsavnid.fo/vernacular-species-names
",Faroese,Ken-ichi Ueda,2021-06-18T20:16:00Z
318506,Baraldsteka,und,Faroe Islands,FO,"Hansen, L. J. (n.d.). Vernacular species names—Tjóðsavnið. Tjóðsavnið. Retrieved June 18, 2021, from https://www.tjodsavnid.fo/vernacular-species-names
",Faroese,Ken-ichi Ueda,2021-06-18T20:16:00Z
318507,Leyvteka,und,Faroe Islands,FO,"Hansen, L. J. (n.d.). Vernacular species names—Tjóðsavnið. Tjóðsavnið. Retrieved June 18, 2021, from https://www.tjodsavnid.fo/vernacular-species-names
",Faroese,Ken-ichi Ueda,2021-06-18T20:16:01Z
410306,Reiðurteka,und,Faroe Islands,FO,"Hansen, L. J. (n.d.). Vernacular species names—Tjóðsavnið. Tjóðsavnið. Retrieved June 18, 2021, from https://www.tjodsavnid.fo/vernacular-species-names
",Faroese,Ken-ichi Ueda,2021-06-18T20:16:01Z
69658,lúsaveggjateka,und,Faroe Islands,FO,"Hansen, L. J. (n.d.). Vernacular species names—Tjóðsavnið. Tjóðsavnið. Retrieved June 18, 2021, from https://www.tjodsavnid.fo/vernacular-species-names
",Faroese,Ken-ichi Ueda,2021-06-18T20:16:02Z
1110425,Tjarnarteka,und,Faroe Islands,FO,"Hansen, L. J. (n.d.). Vernacular species names—Tjóðsavnið. Tjóðsavnið. Retrieved June 18, 2021, from https://www.tjodsavnid.fo/vernacular-species-names
",Faroese,Ken-ichi Ueda,2021-06-18T20:16:02Z
988526,Hyljarteka,und,Faroe Islands,FO,"Hansen, L. J. (n.d.). Vernacular species names—Tjóðsavnið. Tjóðsavnið. Retrieved June 18, 2021, from https://www.tjodsavnid.fo/vernacular-species-names
",Faroese,Ken-ichi Ueda,2021-06-18T20:16:03Z
261586,Birkiteka,und,Faroe Islands,FO,"Hansen, L. J. (n.d.). Vernacular species names—Tjóðsavnið. Tjóðsavnið. Retrieved June 18, 2021, from https://www.tjodsavnid.fo/vernacular-species-names
",Faroese,Ken-ichi Ueda,2021-06-18T20:16:03Z
130079,Stásteka,und,Faroe Islands,FO,"Hansen, L. J. (n.d.). Vernacular species names—Tjóðsavnið. Tjóðsavnið. Retrieved June 18, 2021, from https://www.tjodsavnid.fo/vernacular-species-names
",Faroese,Ken-ichi Ueda,2021-06-18T20:16:04Z
481260,eplateka,und,Faroe Islands,FO,"Hansen, L. J. (n.d.). Vernacular species names—Tjóðsavnið. Tjóðsavnið. Retrieved June 18, 2021, from https://www.tjodsavnid.fo/vernacular-species-names
",Faroese,Ken-ichi Ueda,2021-06-18T20:16:04Z
327194,Eingjarteka,und,Faroe Islands,FO,"Hansen, L. J. (n.d.). Vernacular species names—Tjóðsavnið. Tjóðsavnið. Retrieved June 18, 2021, from https://www.tjodsavnid.fo/vernacular-species-names
",Faroese,Ken-ichi Ueda,2021-06-18T20:16:04Z
451681,Ríputeka,und,Faroe Islands,FO,"Hansen, L. J. (n.d.). Vernacular species names—Tjóðsavnið. Tjóðsavnið. Retrieved June 18, 2021, from https://www.tjodsavnid.fo/vernacular-species-names
",Faroese,Ken-ichi Ueda,2021-06-18T20:16:05Z
451512,Fenteka,und,Faroe Islands,FO,"Hansen, L. J. (n.d.). Vernacular species names—Tjóðsavnið. Tjóðsavnið. Retrieved June 18, 2021, from https://www.tjodsavnid.fo/vernacular-species-names
",Faroese,Ken-ichi Ueda,2021-06-18T20:16:05Z
958008,Sekkjarskjaldlús,und,Faroe Islands,FO,"Hansen, L. J. (n.d.). Vernacular species names—Tjóðsavnið. Tjóðsavnið. Retrieved June 18, 2021, from https://www.tjodsavnid.fo/vernacular-species-names
",Faroese,Ken-ichi Ueda,2021-06-18T20:16:06Z
433295,lapplandshumla,und,Faroe Islands,FO,"Hansen, L. J. (n.d.). Vernacular species names—Tjóðsavnið. Tjóðsavnið. Retrieved June 18, 2021, from https://www.tjodsavnid.fo/vernacular-species-names
",Faroese,Ken-ichi Ueda,2021-06-18T20:16:06Z
1092510,húshumla,und,Faroe Islands,FO,"Hansen, L. J. (n.d.). Vernacular species names—Tjóðsavnið. Tjóðsavnið. Retrieved June 18, 2021, from https://www.tjodsavnid.fo/vernacular-species-names
",Faroese,Ken-ichi Ueda,2021-06-18T20:16:07Z
124910,akurhumla,und,Faroe Islands,FO,"Hansen, L. J. (n.d.). Vernacular species names—Tjóðsavnið. Tjóðsavnið. Retrieved June 18, 2021, from https://www.tjodsavnid.fo/vernacular-species-names
",Faroese,Ken-ichi Ueda,2021-06-18T20:16:07Z
127777,Vanlig vespa,und,Faroe Islands,FO,"Hansen, L. J. (n.d.). Vernacular species names—Tjóðsavnið. Tjóðsavnið. Retrieved June 18, 2021, from https://www.tjodsavnid.fo/vernacular-species-names
",Faroese,Ken-ichi Ueda,2021-06-18T20:16:07Z
385762,Bananvongur,und,Faroe Islands,FO,"Hansen, L. J. (n.d.). Vernacular species names—Tjóðsavnið. Tjóðsavnið. Retrieved June 18, 2021, from https://www.tjodsavnid.fo/vernacular-species-names
",Faroese,Ken-ichi Ueda,2021-06-18T20:16:08Z
217338,Sevmølur,und,Faroe Islands,FO,"Hansen, L. J. (n.d.). Vernacular species names—Tjóðsavnið. Tjóðsavnið. Retrieved June 18, 2021, from https://www.tjodsavnid.fo/vernacular-species-names
",Faroese,Ken-ichi Ueda,2021-06-18T20:16:08Z
217365,Birkimølur,und,Faroe Islands,FO,"Hansen, L. J. (n.d.). Vernacular species names—Tjóðsavnið. Tjóðsavnið. Retrieved June 18, 2021, from https://www.tjodsavnid.fo/vernacular-species-names
",Faroese,Ken-ichi Ueda,2021-06-18T20:16:09Z
217371,Rímbløðkumølur,und,Faroe Islands,FO,"Hansen, L. J. (n.d.). Vernacular species names—Tjóðsavnið. Tjóðsavnið. Retrieved June 18, 2021, from https://www.tjodsavnid.fo/vernacular-species-names
",Faroese,Ken-ichi Ueda,2021-06-18T20:16:09Z
526880,Fjallagrasmølur,und,Faroe Islands,FO,"Hansen, L. J. (n.d.). Vernacular species names—Tjóðsavnið. Tjóðsavnið. Retrieved June 18, 2021, from https://www.tjodsavnid.fo/vernacular-species-names
",Faroese,Ken-ichi Ueda,2021-06-18T20:16:10Z
124027,Ferðamølur,und,Faroe Islands,FO,"Hansen, L. J. (n.d.). Vernacular species names—Tjóðsavnið. Tjóðsavnið. Retrieved June 18, 2021, from https://www.tjodsavnid.fo/vernacular-species-names
",Faroese,Ken-ichi Ueda,2021-06-18T20:16:10Z
324136,Eingjarmølur,und,Faroe Islands,FO,"Hansen, L. J. (n.d.). Vernacular species names—Tjóðsavnið. Tjóðsavnið. Retrieved June 18, 2021, from https://www.tjodsavnid.fo/vernacular-species-names
",Faroese,Ken-ichi Ueda,2021-06-18T20:16:11Z
324928,Grasmølur guli,und,Faroe Islands,FO,"Hansen, L. J. (n.d.). Vernacular species names—Tjóðsavnið. Tjóðsavnið. Retrieved June 18, 2021, from https://www.tjodsavnid.fo/vernacular-species-names
",Faroese,Ken-ichi Ueda,2021-06-18T20:16:11Z
363405,Tistilmølur,und,Faroe Islands,FO,"Hansen, L. J. (n.d.). Vernacular species names—Tjóðsavnið. Tjóðsavnið. Retrieved June 18, 2021, from https://www.tjodsavnid.fo/vernacular-species-names
",Faroese,Ken-ichi Ueda,2021-06-18T20:16:12Z
805602,Flatmølur,und,Faroe Islands,FO,"Hansen, L. J. (n.d.). Vernacular species names—Tjóðsavnið. Tjóðsavnið. Retrieved June 18, 2021, from https://www.tjodsavnid.fo/vernacular-species-names
",Faroese,Ken-ichi Ueda,2021-06-18T20:16:12Z
847012,Fípumølur,und,Faroe Islands,FO,"Hansen, L. J. (n.d.). Vernacular species names—Tjóðsavnið. Tjóðsavnið. Retrieved June 18, 2021, from https://www.tjodsavnid.fo/vernacular-species-names
",Faroese,Ken-ichi Ueda,2021-06-18T20:16:12Z
68330,Tikaravongur,und,Faroe Islands,FO,"Hansen, L. J. (n.d.). Vernacular species names—Tjóðsavnið. Tjóðsavnið. Retrieved June 18, 2021, from https://www.tjodsavnid.fo/vernacular-species-names
",Faroese,Ken-ichi Ueda,2021-06-18T20:16:13Z
333915,Reyðnakki,und,Faroe Islands,FO,"Hansen, L. J. (n.d.). Vernacular species names—Tjóðsavnið. Tjóðsavnið. Retrieved June 18, 2021, from https://www.tjodsavnid.fo/vernacular-species-names
",Faroese,Ken-ichi Ueda,2021-06-18T20:16:13Z
143114,Kanelvongur,und,Faroe Islands,FO,"Hansen, L. J. (n.d.). Vernacular species names—Tjóðsavnið. Tjóðsavnið. Retrieved June 18, 2021, from https://www.tjodsavnid.fo/vernacular-species-names
",Faroese,Ken-ichi Ueda,2021-06-18T20:16:14Z
134078,Skarðvongur,und,Faroe Islands,FO,"Hansen, L. J. (n.d.). Vernacular species names—Tjóðsavnið. Tjóðsavnið. Retrieved June 18, 2021, from https://www.tjodsavnid.fo/vernacular-species-names
",Faroese,Ken-ichi Ueda,2021-06-18T20:16:15Z
61918,Skjóruspannari,und,Faroe Islands,FO,"Hansen, L. J. (n.d.). Vernacular species names—Tjóðsavnið. Tjóðsavnið. Retrieved June 18, 2021, from https://www.tjodsavnid.fo/vernacular-species-names
",Faroese,Ken-ichi Ueda,2021-06-18T20:16:15Z
483298,Jaspisspannari,und,Faroe Islands,FO,"Hansen, L. J. (n.d.). Vernacular species names—Tjóðsavnið. Tjóðsavnið. Retrieved June 18, 2021, from https://www.tjodsavnid.fo/vernacular-species-names
",Faroese,Ken-ichi Ueda,2021-06-18T20:16:16Z
483294,Klettaspannari,und,Faroe Islands,FO,"Hansen, L. J. (n.d.). Vernacular species names—Tjóðsavnið. Tjóðsavnið. Retrieved June 18, 2021, from https://www.tjodsavnid.fo/vernacular-species-names
",Faroese,Ken-ichi Ueda,2021-06-18T20:16:16Z
460198,Dvørgspannari,und,Faroe Islands,FO,"Hansen, L. J. (n.d.). Vernacular species names—Tjóðsavnið. Tjóðsavnið. Retrieved June 18, 2021, from https://www.tjodsavnid.fo/vernacular-species-names
",Faroese,Ken-ichi Ueda,2021-06-18T20:16:16Z
470707,Baraldsspannari,und,Faroe Islands,FO,"Hansen, L. J. (n.d.). Vernacular species names—Tjóðsavnið. Tjóðsavnið. Retrieved June 18, 2021, from https://www.tjodsavnid.fo/vernacular-species-names
",Faroese,Ken-ichi Ueda,2021-06-18T20:16:17Z
219829,Lyngspannari,und,Faroe Islands,FO,"Hansen, L. J. (n.d.). Vernacular species names—Tjóðsavnið. Tjóðsavnið. Retrieved June 18, 2021, from https://www.tjodsavnid.fo/vernacular-species-names
",Faroese,Ken-ichi Ueda,2021-06-18T20:16:17Z
60780,Frostspannari,und,Faroe Islands,FO,"Hansen, L. J. (n.d.). Vernacular species names—Tjóðsavnið. Tjóðsavnið. Retrieved June 18, 2021, from https://www.tjodsavnid.fo/vernacular-species-names
",Faroese,Ken-ichi Ueda,2021-06-18T20:16:17Z
201411,Summarspannari,und,Faroe Islands,FO,"Hansen, L. J. (n.d.). Vernacular species names—Tjóðsavnið. Tjóðsavnið. Retrieved June 18, 2021, from https://www.tjodsavnid.fo/vernacular-species-names
",Faroese,Ken-ichi Ueda,2021-06-18T20:16:18Z
483313,Eingjarspannari,und,Faroe Islands,FO,"Hansen, L. J. (n.d.). Vernacular species names—Tjóðsavnið. Tjóðsavnið. Retrieved June 18, 2021, from https://www.tjodsavnid.fo/vernacular-species-names
",Faroese,Ken-ichi Ueda,2021-06-18T20:16:18Z
233739,Skøruspannari,und,Faroe Islands,FO,"Hansen, L. J. (n.d.). Vernacular species names—Tjóðsavnið. Tjóðsavnið. Retrieved June 18, 2021, from https://www.tjodsavnid.fo/vernacular-species-names
",Faroese,Ken-ichi Ueda,2021-06-18T20:16:19Z
320282,Várspannari,und,Faroe Islands,FO,"Hansen, L. J. (n.d.). Vernacular species names—Tjóðsavnið. Tjóðsavnið. Retrieved June 18, 2021, from https://www.tjodsavnid.fo/vernacular-species-names
",Faroese,Ken-ichi Ueda,2021-06-18T20:16:19Z
243705,Kálspannari,und,Faroe Islands,FO,"Hansen, L. J. (n.d.). Vernacular species names—Tjóðsavnið. Tjóðsavnið. Retrieved June 18, 2021, from https://www.tjodsavnid.fo/vernacular-species-names
",Faroese,Ken-ichi Ueda,2021-06-18T20:16:20Z
325431,Gøtubráarmølur,und,Faroe Islands,FO,"Hansen, L. J. (n.d.). Vernacular species names—Tjóðsavnið. Tjóðsavnið. Retrieved June 18, 2021, from https://www.tjodsavnid.fo/vernacular-species-names
",Faroese,Ken-ichi Ueda,2021-06-18T20:16:20Z
205224,Hulda,und,Faroe Islands,FO,"Hansen, L. J. (n.d.). Vernacular species names—Tjóðsavnið. Tjóðsavnið. Retrieved June 18, 2021, from https://www.tjodsavnid.fo/vernacular-species-names
",Faroese,Ken-ichi Ueda,2021-06-18T20:16:20Z
126276,Perluvongur,und,Faroe Islands,FO,"Hansen, L. J. (n.d.). Vernacular species names—Tjóðsavnið. Tjóðsavnið. Retrieved June 18, 2021, from https://www.tjodsavnid.fo/vernacular-species-names
",Faroese,Ken-ichi Ueda,2021-06-18T20:16:21Z
84455,Akurvongur,und,Faroe Islands,FO,"Hansen, L. J. (n.d.). Vernacular species names—Tjóðsavnið. Tjóðsavnið. Retrieved June 18, 2021, from https://www.tjodsavnid.fo/vernacular-species-names
",Faroese,Ken-ichi Ueda,2021-06-18T20:16:22Z
483505,Royðuvongur,und,Faroe Islands,FO,"Hansen, L. J. (n.d.). Vernacular species names—Tjóðsavnið. Tjóðsavnið. Retrieved June 18, 2021, from https://www.tjodsavnid.fo/vernacular-species-names
",Faroese,Ken-ichi Ueda,2021-06-18T20:16:22Z
127564,Músarvongur,und,Faroe Islands,FO,"Hansen, L. J. (n.d.). Vernacular species names—Tjóðsavnið. Tjóðsavnið. Retrieved June 18, 2021, from https://www.tjodsavnid.fo/vernacular-species-names
",Faroese,Ken-ichi Ueda,2021-06-18T20:16:23Z
213514,Bordavongur,und,Faroe Islands,FO,"Hansen, L. J. (n.d.). Vernacular species names—Tjóðsavnið. Tjóðsavnið. Retrieved June 18, 2021, from https://www.tjodsavnid.fo/vernacular-species-names
",Faroese,Ken-ichi Ueda,2021-06-18T20:16:23Z
460241,Flekkuvongur,und,Faroe Islands,FO,"Hansen, L. J. (n.d.). Vernacular species names—Tjóðsavnið. Tjóðsavnið. Retrieved June 18, 2021, from https://www.tjodsavnid.fo/vernacular-species-names
",Faroese,Ken-ichi Ueda,2021-06-18T20:16:24Z
205753,Grasfirvaldur stóri,und,Faroe Islands,FO,"Hansen, L. J. (n.d.). Vernacular species names—Tjóðsavnið. Tjóðsavnið. Retrieved June 18, 2021, from https://www.tjodsavnid.fo/vernacular-species-names
",Faroese,Ken-ichi Ueda,2021-06-18T20:16:24Z
213855,Sprøkluvongur,und,Faroe Islands,FO,"Hansen, L. J. (n.d.). Vernacular species names—Tjóðsavnið. Tjóðsavnið. Retrieved June 18, 2021, from https://www.tjodsavnid.fo/vernacular-species-names
",Faroese,Ken-ichi Ueda,2021-06-18T20:16:24Z
55651,Gammavongur,und,Faroe Islands,FO,"Hansen, L. J. (n.d.). Vernacular species names—Tjóðsavnið. Tjóðsavnið. Retrieved June 18, 2021, from https://www.tjodsavnid.fo/vernacular-species-names
",Faroese,Ken-ichi Ueda,2021-06-18T20:16:25Z
460243,Korkavongur,und,Faroe Islands,FO,"Hansen, L. J. (n.d.). Vernacular species names—Tjóðsavnið. Tjóðsavnið. Retrieved June 18, 2021, from https://www.tjodsavnid.fo/vernacular-species-names
",Faroese,Ken-ichi Ueda,2021-06-18T20:16:25Z
216096,Gestvongur,und,Faroe Islands,FO,"Hansen, L. J. (n.d.). Vernacular species names—Tjóðsavnið. Tjóðsavnið. Retrieved June 18, 2021, from https://www.tjodsavnid.fo/vernacular-species-names
",Faroese,Ken-ichi Ueda,2021-06-18T20:16:26Z
128252,Blábendil,und,Faroe Islands,FO,"Hansen, L. J. (n.d.). Vernacular species names—Tjóðsavnið. Tjóðsavnið. Retrieved June 18, 2021, from https://www.tjodsavnid.fo/vernacular-species-names
",Faroese,Ken-ichi Ueda,2021-06-18T20:16:26Z
483124,Fípuvongur,und,Faroe Islands,FO,"Hansen, L. J. (n.d.). Vernacular species names—Tjóðsavnið. Tjóðsavnið. Retrieved June 18, 2021, from https://www.tjodsavnid.fo/vernacular-species-names
",Faroese,Ken-ichi Ueda,2021-06-18T20:16:26Z
324217,Ormafirvaldur,und,Faroe Islands,FO,"Hansen, L. J. (n.d.). Vernacular species names—Tjóðsavnið. Tjóðsavnið. Retrieved June 18, 2021, from https://www.tjodsavnid.fo/vernacular-species-names
",Faroese,Ken-ichi Ueda,2021-06-18T20:16:27Z
483413,Roðavongur,und,Faroe Islands,FO,"Hansen, L. J. (n.d.). Vernacular species names—Tjóðsavnið. Tjóðsavnið. Retrieved June 18, 2021, from https://www.tjodsavnid.fo/vernacular-species-names
",Faroese,Ken-ichi Ueda,2021-06-18T20:16:27Z
465843,Sóljuvongur,und,Faroe Islands,FO,"Hansen, L. J. (n.d.). Vernacular species names—Tjóðsavnið. Tjóðsavnið. Retrieved June 18, 2021, from https://www.tjodsavnid.fo/vernacular-species-names
",Faroese,Ken-ichi Ueda,2021-06-18T20:16:28Z
244708,Mánavongur,und,Faroe Islands,FO,"Hansen, L. J. (n.d.). Vernacular species names—Tjóðsavnið. Tjóðsavnið. Retrieved June 18, 2021, from https://www.tjodsavnid.fo/vernacular-species-names
",Faroese,Ken-ichi Ueda,2021-06-18T20:16:28Z
219856,Mosavongur,und,Faroe Islands,FO,"Hansen, L. J. (n.d.). Vernacular species names—Tjóðsavnið. Tjóðsavnið. Retrieved June 18, 2021, from https://www.tjodsavnid.fo/vernacular-species-names
",Faroese,Ken-ichi Ueda,2021-06-18T20:16:29Z
357809,Tannavongur,und,Faroe Islands,FO,"Hansen, L. J. (n.d.). Vernacular species names—Tjóðsavnið. Tjóðsavnið. Retrieved June 18, 2021, from https://www.tjodsavnid.fo/vernacular-species-names
",Faroese,Ken-ichi Ueda,2021-06-18T20:16:29Z
221586,Mækjuvongur,und,Faroe Islands,FO,"Hansen, L. J. (n.d.). Vernacular species names—Tjóðsavnið. Tjóðsavnið. Retrieved June 18, 2021, from https://www.tjodsavnid.fo/vernacular-species-names
",Faroese,Ken-ichi Ueda,2021-06-18T20:16:29Z
449402,Porfýrvongur,und,Faroe Islands,FO,"Hansen, L. J. (n.d.). Vernacular species names—Tjóðsavnið. Tjóðsavnið. Retrieved June 18, 2021, from https://www.tjodsavnid.fo/vernacular-species-names
",Faroese,Ken-ichi Ueda,2021-06-18T20:16:30Z
451665,Klóvongur,und,Faroe Islands,FO,"Hansen, L. J. (n.d.). Vernacular species names—Tjóðsavnið. Tjóðsavnið. Retrieved June 18, 2021, from https://www.tjodsavnid.fo/vernacular-species-names
",Faroese,Ken-ichi Ueda,2021-06-18T20:16:30Z
176963,Landnámsfirvaldur,und,Faroe Islands,FO,"Hansen, L. J. (n.d.). Vernacular species names—Tjóðsavnið. Tjóðsavnið. Retrieved June 18, 2021, from https://www.tjodsavnid.fo/vernacular-species-names
",Faroese,Ken-ichi Ueda,2021-06-18T20:16:31Z
205187,Lítli veingjaguli,und,Faroe Islands,FO,"Hansen, L. J. (n.d.). Vernacular species names—Tjóðsavnið. Tjóðsavnið. Retrieved June 18, 2021, from https://www.tjodsavnid.fo/vernacular-species-names
",Faroese,Ken-ichi Ueda,2021-06-18T20:16:32Z
325276,Blettvongur,und,Faroe Islands,FO,"Hansen, L. J. (n.d.). Vernacular species names—Tjóðsavnið. Tjóðsavnið. Retrieved June 18, 2021, from https://www.tjodsavnid.fo/vernacular-species-names
",Faroese,Ken-ichi Ueda,2021-06-18T20:16:32Z
81687,Veingjaguli,und,Faroe Islands,FO,"Hansen, L. J. (n.d.). Vernacular species names—Tjóðsavnið. Tjóðsavnið. Retrieved June 18, 2021, from https://www.tjodsavnid.fo/vernacular-species-names
",Faroese,Ken-ichi Ueda,2021-06-18T20:16:33Z
227098,Aspvongur,und,Faroe Islands,FO,"Hansen, L. J. (n.d.). Vernacular species names—Tjóðsavnið. Tjóðsavnið. Retrieved June 18, 2021, from https://www.tjodsavnid.fo/vernacular-species-names
",Faroese,Ken-ichi Ueda,2021-06-18T20:16:33Z
179339,Opalvongur,und,Faroe Islands,FO,"Hansen, L. J. (n.d.). Vernacular species names—Tjóðsavnið. Tjóðsavnið. Retrieved June 18, 2021, from https://www.tjodsavnid.fo/vernacular-species-names
",Faroese,Ken-ichi Ueda,2021-06-18T20:16:34Z
205151,Skreytvongur,und,Faroe Islands,FO,"Hansen, L. J. (n.d.). Vernacular species names—Tjóðsavnið. Tjóðsavnið. Retrieved June 18, 2021, from https://www.tjodsavnid.fo/vernacular-species-names
",Faroese,Ken-ichi Ueda,2021-06-18T20:16:34Z
229931,Fenvongur,und,Faroe Islands,FO,"Hansen, L. J. (n.d.). Vernacular species names—Tjóðsavnið. Tjóðsavnið. Retrieved June 18, 2021, from https://www.tjodsavnid.fo/vernacular-species-names
",Faroese,Ken-ichi Ueda,2021-06-18T20:16:35Z
231425,Mjávongur,und,Faroe Islands,FO,"Hansen, L. J. (n.d.). Vernacular species names—Tjóðsavnið. Tjóðsavnið. Retrieved June 18, 2021, from https://www.tjodsavnid.fo/vernacular-species-names
",Faroese,Ken-ichi Ueda,2021-06-18T20:16:35Z
483402,Steinbrotsvongur,und,Faroe Islands,FO,"Hansen, L. J. (n.d.). Vernacular species names—Tjóðsavnið. Tjóðsavnið. Retrieved June 18, 2021, from https://www.tjodsavnid.fo/vernacular-species-names
",Faroese,Ken-ichi Ueda,2021-06-18T20:16:36Z
326198,Gulvongur,und,Faroe Islands,FO,"Hansen, L. J. (n.d.). Vernacular species names—Tjóðsavnið. Tjóðsavnið. Retrieved June 18, 2021, from https://www.tjodsavnid.fo/vernacular-species-names
",Faroese,Ken-ichi Ueda,2021-06-18T20:16:36Z
483414,Bláberjavongur,und,Faroe Islands,FO,"Hansen, L. J. (n.d.). Vernacular species names—Tjóðsavnið. Tjóðsavnið. Retrieved June 18, 2021, from https://www.tjodsavnid.fo/vernacular-species-names
",Faroese,Ken-ichi Ueda,2021-06-18T20:16:37Z
1120872,Kulluvongur,und,Faroe Islands,FO,"Hansen, L. J. (n.d.). Vernacular species names—Tjóðsavnið. Tjóðsavnið. Retrieved June 18, 2021, from https://www.tjodsavnid.fo/vernacular-species-names
",Faroese,Ken-ichi Ueda,2021-06-18T20:16:37Z
483468,Kjarrvongur,und,Faroe Islands,FO,"Hansen, L. J. (n.d.). Vernacular species names—Tjóðsavnið. Tjóðsavnið. Retrieved June 18, 2021, from https://www.tjodsavnid.fo/vernacular-species-names
",Faroese,Ken-ichi Ueda,2021-06-18T20:16:37Z
54468,Notufirvaldur,und,Faroe Islands,FO,"Hansen, L. J. (n.d.). Vernacular species names—Tjóðsavnið. Tjóðsavnið. Retrieved June 18, 2021, from https://www.tjodsavnid.fo/vernacular-species-names
",Faroese,Ken-ichi Ueda,2021-06-18T20:16:38Z
56832,Randarfirvaldur,und,Faroe Islands,FO,"Hansen, L. J. (n.d.). Vernacular species names—Tjóðsavnið. Tjóðsavnið. Retrieved June 18, 2021, from https://www.tjodsavnid.fo/vernacular-species-names
",Faroese,Ken-ichi Ueda,2021-06-18T20:16:38Z
49133,Admirálur,und,Faroe Islands,FO,"Hansen, L. J. (n.d.). Vernacular species names—Tjóðsavnið. Tjóðsavnið. Retrieved June 18, 2021, from https://www.tjodsavnid.fo/vernacular-species-names
",Faroese,Ken-ichi Ueda,2021-06-18T20:16:39Z
48548,Tistilfirvaldur,und,Faroe Islands,FO,"Hansen, L. J. (n.d.). Vernacular species names—Tjóðsavnið. Tjóðsavnið. Retrieved June 18, 2021, from https://www.tjodsavnid.fo/vernacular-species-names
",Faroese,Ken-ichi Ueda,2021-06-18T20:16:41Z
205758,Húsvætti gráa,und,Faroe Islands,FO,"Hansen, L. J. (n.d.). Vernacular species names—Tjóðsavnið. Tjóðsavnið. Retrieved June 18, 2021, from https://www.tjodsavnid.fo/vernacular-species-names
",Faroese,Ken-ichi Ueda,2021-06-18T20:16:42Z
129570,Húsvætti brúna,und,Faroe Islands,FO,"Hansen, L. J. (n.d.). Vernacular species names—Tjóðsavnið. Tjóðsavnið. Retrieved June 18, 2021, from https://www.tjodsavnid.fo/vernacular-species-names
",Faroese,Ken-ichi Ueda,2021-06-18T20:16:42Z
143294,Brandgult fiðrildi,und,Faroe Islands,FO,"Hansen, L. J. (n.d.). Vernacular species names—Tjóðsavnið. Tjóðsavnið. Retrieved June 18, 2021, from https://www.tjodsavnid.fo/vernacular-species-names
",Faroese,Ken-ichi Ueda,2021-06-18T20:16:43Z
55401,Hvítfiðrildi,und,Faroe Islands,FO,"Hansen, L. J. (n.d.). Vernacular species names—Tjóðsavnið. Tjóðsavnið. Retrieved June 18, 2021, from https://www.tjodsavnid.fo/vernacular-species-names
",Faroese,Ken-ichi Ueda,2021-06-18T20:16:44Z
54087,Grønteinut fiðrildi,und,Faroe Islands,FO,"Hansen, L. J. (n.d.). Vernacular species names—Tjóðsavnið. Tjóðsavnið. Retrieved June 18, 2021, from https://www.tjodsavnid.fo/vernacular-species-names
",Faroese,Ken-ichi Ueda,2021-06-18T20:16:44Z
55626,Snjófiðrildi,und,Faroe Islands,FO,"Hansen, L. J. (n.d.). Vernacular species names—Tjóðsavnið. Tjóðsavnið. Retrieved June 18, 2021, from https://www.tjodsavnid.fo/vernacular-species-names
",Faroese,Ken-ichi Ueda,2021-06-18T20:16:45Z
126765,Kálmølur,und,Faroe Islands,FO,"Hansen, L. J. (n.d.). Vernacular species names—Tjóðsavnið. Tjóðsavnið. Retrieved June 18, 2021, from https://www.tjodsavnid.fo/vernacular-species-names
",Faroese,Ken-ichi Ueda,2021-06-18T20:16:46Z
522740,Eirisgrasmølur,und,Faroe Islands,FO,"Hansen, L. J. (n.d.). Vernacular species names—Tjóðsavnið. Tjóðsavnið. Retrieved June 18, 2021, from https://www.tjodsavnid.fo/vernacular-species-names
",Faroese,Ken-ichi Ueda,2021-06-18T20:16:47Z
522739,Skriðublómumølur,und,Faroe Islands,FO,"Hansen, L. J. (n.d.). Vernacular species names—Tjóðsavnið. Tjóðsavnið. Retrieved June 18, 2021, from https://www.tjodsavnid.fo/vernacular-species-names
",Faroese,Ken-ichi Ueda,2021-06-18T20:16:47Z
471300,Bløkumølur,und,Faroe Islands,FO,"Hansen, L. J. (n.d.). Vernacular species names—Tjóðsavnið. Tjóðsavnið. Retrieved June 18, 2021, from https://www.tjodsavnid.fo/vernacular-species-names
",Faroese,Ken-ichi Ueda,2021-06-18T20:16:48Z
526883,Hagagrasmølur,und,Faroe Islands,FO,"Hansen, L. J. (n.d.). Vernacular species names—Tjóðsavnið. Tjóðsavnið. Retrieved June 18, 2021, from https://www.tjodsavnid.fo/vernacular-species-names
",Faroese,Ken-ichi Ueda,2021-06-18T20:16:48Z
333907,Eingjargrasmølur,und,Faroe Islands,FO,"Hansen, L. J. (n.d.). Vernacular species names—Tjóðsavnið. Tjóðsavnið. Retrieved June 18, 2021, from https://www.tjodsavnid.fo/vernacular-species-names
",Faroese,Ken-ichi Ueda,2021-06-18T20:16:48Z
324913,Kongulmølur,und,Faroe Islands,FO,"Hansen, L. J. (n.d.). Vernacular species names—Tjóðsavnið. Tjóðsavnið. Retrieved June 18, 2021, from https://www.tjodsavnid.fo/vernacular-species-names
",Faroese,Ken-ichi Ueda,2021-06-18T20:16:49Z
524513,Suðurfruktarmølur,und,Faroe Islands,FO,"Hansen, L. J. (n.d.). Vernacular species names—Tjóðsavnið. Tjóðsavnið. Retrieved June 18, 2021, from https://www.tjodsavnid.fo/vernacular-species-names
",Faroese,Ken-ichi Ueda,2021-06-18T20:16:49Z
124184,Kornmølur,und,Faroe Islands,FO,"Hansen, L. J. (n.d.). Vernacular species names—Tjóðsavnið. Tjóðsavnið. Retrieved June 18, 2021, from https://www.tjodsavnid.fo/vernacular-species-names
",Faroese,Ken-ichi Ueda,2021-06-18T20:16:50Z
56530,Náhøvur,und,Faroe Islands,FO,"Hansen, L. J. (n.d.). Vernacular species names—Tjóðsavnið. Tjóðsavnið. Retrieved June 18, 2021, from https://www.tjodsavnid.fo/vernacular-species-names
",Faroese,Ken-ichi Ueda,2021-06-18T20:16:50Z
124031,Kongsfirvaldur,und,Faroe Islands,FO,"Hansen, L. J. (n.d.). Vernacular species names—Tjóðsavnið. Tjóðsavnið. Retrieved June 18, 2021, from https://www.tjodsavnid.fo/vernacular-species-names
",Faroese,Ken-ichi Ueda,2021-06-18T20:16:51Z
320279,Húsvætti svarta,und,Faroe Islands,FO,"Hansen, L. J. (n.d.). Vernacular species names—Tjóðsavnið. Tjóðsavnið. Retrieved June 18, 2021, from https://www.tjodsavnid.fo/vernacular-species-names
",Faroese,Ken-ichi Ueda,2021-06-18T20:16:51Z
232606,Klæðishúsvætti,und,Faroe Islands,FO,"Hansen, L. J. (n.d.). Vernacular species names—Tjóðsavnið. Tjóðsavnið. Retrieved June 18, 2021, from https://www.tjodsavnid.fo/vernacular-species-names
",Faroese,Ken-ichi Ueda,2021-06-18T20:16:52Z
460515,Muruvevjari,und,Faroe Islands,FO,"Hansen, L. J. (n.d.). Vernacular species names—Tjóðsavnið. Tjóðsavnið. Retrieved June 18, 2021, from https://www.tjodsavnid.fo/vernacular-species-names
",Faroese,Ken-ichi Ueda,2021-06-18T20:16:52Z
384863,Jarðberjavevjari,und,Faroe Islands,FO,"Hansen, L. J. (n.d.). Vernacular species names—Tjóðsavnið. Tjóðsavnið. Retrieved June 18, 2021, from https://www.tjodsavnid.fo/vernacular-species-names
",Faroese,Ken-ichi Ueda,2021-06-18T20:16:52Z
212339,Bláberjavevjari,und,Faroe Islands,FO,"Hansen, L. J. (n.d.). Vernacular species names—Tjóðsavnið. Tjóðsavnið. Retrieved June 18, 2021, from https://www.tjodsavnid.fo/vernacular-species-names
",Faroese,Ken-ichi Ueda,2021-06-18T20:16:53Z
212346,Birkivevjari lítli,und,Faroe Islands,FO,"Hansen, L. J. (n.d.). Vernacular species names—Tjóðsavnið. Tjóðsavnið. Retrieved June 18, 2021, from https://www.tjodsavnid.fo/vernacular-species-names
",Faroese,Ken-ichi Ueda,2021-06-18T20:16:53Z
371718,Lynvevjari,und,Faroe Islands,FO,"Hansen, L. J. (n.d.). Vernacular species names—Tjóðsavnið. Tjóðsavnið. Retrieved June 18, 2021, from https://www.tjodsavnid.fo/vernacular-species-names
",Faroese,Ken-ichi Ueda,2021-06-18T20:16:54Z
325883,Sevvevjari,und,Faroe Islands,FO,"Hansen, L. J. (n.d.). Vernacular species names—Tjóðsavnið. Tjóðsavnið. Retrieved June 18, 2021, from https://www.tjodsavnid.fo/vernacular-species-names
",Faroese,Ken-ichi Ueda,2021-06-18T20:16:54Z
477204,Lopvevjari,und,Faroe Islands,FO,"Hansen, L. J. (n.d.). Vernacular species names—Tjóðsavnið. Tjóðsavnið. Retrieved June 18, 2021, from https://www.tjodsavnid.fo/vernacular-species-names
",Faroese,Ken-ichi Ueda,2021-06-18T20:16:54Z
527168,Pílavevjari,und,Faroe Islands,FO,"Hansen, L. J. (n.d.). Vernacular species names—Tjóðsavnið. Tjóðsavnið. Retrieved June 18, 2021, from https://www.tjodsavnid.fo/vernacular-species-names
",Faroese,Ken-ichi Ueda,2021-06-18T20:16:55Z
527173,Brúðarvevjari,und,Faroe Islands,FO,"Hansen, L. J. (n.d.). Vernacular species names—Tjóðsavnið. Tjóðsavnið. Retrieved June 18, 2021, from https://www.tjodsavnid.fo/vernacular-species-names
",Faroese,Ken-ichi Ueda,2021-06-18T20:16:55Z
219346,Birkivevjari stóri,und,Faroe Islands,FO,"Hansen, L. J. (n.d.). Vernacular species names—Tjóðsavnið. Tjóðsavnið. Retrieved June 18, 2021, from https://www.tjodsavnid.fo/vernacular-species-names
",Faroese,Ken-ichi Ueda,2021-06-18T20:16:55Z
470708,Sjógrasvevjari,und,Faroe Islands,FO,"Hansen, L. J. (n.d.). Vernacular species names—Tjóðsavnið. Tjóðsavnið. Retrieved June 18, 2021, from https://www.tjodsavnid.fo/vernacular-species-names
",Faroese,Ken-ichi Ueda,2021-06-18T20:16:56Z
473850,Furuvevjari,und,Faroe Islands,FO,"Hansen, L. J. (n.d.). Vernacular species names—Tjóðsavnið. Tjóðsavnið. Retrieved June 18, 2021, from https://www.tjodsavnid.fo/vernacular-species-names
",Faroese,Ken-ichi Ueda,2021-06-18T20:16:57Z
271294,Dustlús,und,Faroe Islands,FO,"Hansen, L. J. (n.d.). Vernacular species names—Tjóðsavnið. Tjóðsavnið. Retrieved June 18, 2021, from https://www.tjodsavnid.fo/vernacular-species-names
",Faroese,Ken-ichi Ueda,2021-06-18T20:16:57Z
152974,Tarabrosma,und,Faroe Islands,FO,"Hansen, L. J. (n.d.). Vernacular species names—Tjóðsavnið. Tjóðsavnið. Retrieved June 18, 2021, from https://www.tjodsavnid.fo/vernacular-species-names
",Faroese,Ken-ichi Ueda,2021-06-18T20:16:58Z
47516,Ælabogasíl,und,Faroe Islands,FO,"Hansen, L. J. (n.d.). Vernacular species names—Tjóðsavnið. Tjóðsavnið. Retrieved June 18, 2021, from https://www.tjodsavnid.fo/vernacular-species-names
",Faroese,Ken-ichi Ueda,2021-06-18T20:16:58Z
111974,Bleikja,und,Faroe Islands,FO,"Hansen, L. J. (n.d.). Vernacular species names—Tjóðsavnið. Tjóðsavnið. Retrieved June 18, 2021, from https://www.tjodsavnid.fo/vernacular-species-names
",Faroese,Ken-ichi Ueda,2021-06-18T20:16:59Z
437907,Føroyableikja,und,Faroe Islands,FO,"Hansen, L. J. (n.d.). Vernacular species names—Tjóðsavnið. Tjóðsavnið. Retrieved June 18, 2021, from https://www.tjodsavnid.fo/vernacular-species-names
",Faroese,Ken-ichi Ueda,2021-06-18T20:16:59Z
5106,spurvaheykur,und,Faroe Islands,FO,"Hansen, L. J. (n.d.). Vernacular species names—Tjóðsavnið. Tjóðsavnið. Retrieved June 18, 2021, from https://www.tjodsavnid.fo/vernacular-species-names
",Faroese,Ken-ichi Ueda,2021-06-18T20:17:00Z
204472,músvákur,und,Faroe Islands,FO,"Hansen, L. J. (n.d.). Vernacular species names—Tjóðsavnið. Tjóðsavnið. Retrieved June 18, 2021, from https://www.tjodsavnid.fo/vernacular-species-names
",Faroese,Ken-ichi Ueda,2021-06-18T20:17:01Z
5200,fjallvákur,und,Faroe Islands,FO,"Hansen, L. J. (n.d.). Vernacular species names—Tjóðsavnið. Tjóðsavnið. Retrieved June 18, 2021, from https://www.tjodsavnid.fo/vernacular-species-names
",Faroese,Ken-ichi Ueda,2021-06-18T20:17:02Z
5173,blotaheykur,und,Faroe Islands,FO,"Hansen, L. J. (n.d.). Vernacular species names—Tjóðsavnið. Tjóðsavnið. Retrieved June 18, 2021, from https://www.tjodsavnid.fo/vernacular-species-names
",Faroese,Ken-ichi Ueda,2021-06-18T20:17:03Z
559064,fenheykur,und,Faroe Islands,FO,"Hansen, L. J. (n.d.). Vernacular species names—Tjóðsavnið. Tjóðsavnið. Retrieved June 18, 2021, from https://www.tjodsavnid.fo/vernacular-species-names
",Faroese,Ken-ichi Ueda,2021-06-18T20:17:03Z
5309,havørn,und,Faroe Islands,FO,"Hansen, L. J. (n.d.). Vernacular species names—Tjóðsavnið. Tjóðsavnið. Retrieved June 18, 2021, from https://www.tjodsavnid.fo/vernacular-species-names
",Faroese,Ken-ichi Ueda,2021-06-18T20:17:04Z
5325,bývákur,und,Faroe Islands,FO,"Hansen, L. J. (n.d.). Vernacular species names—Tjóðsavnið. Tjóðsavnið. Retrieved June 18, 2021, from https://www.tjodsavnid.fo/vernacular-species-names
",Faroese,Ken-ichi Ueda,2021-06-18T20:17:05Z
116999,fiskiørn,und,Faroe Islands,FO,"Hansen, L. J. (n.d.). Vernacular species names—Tjóðsavnið. Tjóðsavnið. Retrieved June 18, 2021, from https://www.tjodsavnid.fo/vernacular-species-names
",Faroese,Ken-ichi Ueda,2021-06-18T20:17:05Z
116999,gjóður,und,Faroe Islands,FO,"Hansen, L. J. (n.d.). Vernacular species names—Tjóðsavnið. Tjóðsavnið. Retrieved June 18, 2021, from https://www.tjodsavnid.fo/vernacular-species-names
",Faroese,Ken-ichi Ueda,2021-06-18T20:17:06Z
7106,seglont,und,Faroe Islands,FO,"Hansen, L. J. (n.d.). Vernacular species names—Tjóðsavnið. Tjóðsavnið. Retrieved June 18, 2021, from https://www.tjodsavnid.fo/vernacular-species-names
",Faroese,Ken-ichi Ueda,2021-06-18T20:17:08Z
6933,snælduont,und,Faroe Islands,FO,"Hansen, L. J. (n.d.). Vernacular species names—Tjóðsavnið. Tjóðsavnið. Retrieved June 18, 2021, from https://www.tjodsavnid.fo/vernacular-species-names
",Faroese,Ken-ichi Ueda,2021-06-18T20:17:08Z
6933,stikkont,und,Faroe Islands,FO,"Hansen, L. J. (n.d.). Vernacular species names—Tjóðsavnið. Tjóðsavnið. Retrieved June 18, 2021, from https://www.tjodsavnid.fo/vernacular-species-names
",Faroese,Ken-ichi Ueda,2021-06-18T20:17:09Z
485176,bolladunna,und,Faroe Islands,FO,"Hansen, L. J. (n.d.). Vernacular species names—Tjóðsavnið. Tjóðsavnið. Retrieved June 18, 2021, from https://www.tjodsavnid.fo/vernacular-species-names
",Faroese,Ken-ichi Ueda,2021-06-18T20:17:10Z
558438,spónont,und,Faroe Islands,FO,"Hansen, L. J. (n.d.). Vernacular species names—Tjóðsavnið. Tjóðsavnið. Retrieved June 18, 2021, from https://www.tjodsavnid.fo/vernacular-species-names
",Faroese,Ken-ichi Ueda,2021-06-18T20:17:11Z
6937,krikkont,und,Faroe Islands,FO,"Hansen, L. J. (n.d.). Vernacular species names—Tjóðsavnið. Tjóðsavnið. Retrieved June 18, 2021, from https://www.tjodsavnid.fo/vernacular-species-names
",Faroese,Ken-ichi Ueda,2021-06-18T20:17:12Z
558433,vongblá ont,und,Faroe Islands,FO,"Hansen, L. J. (n.d.). Vernacular species names—Tjóðsavnið. Tjóðsavnið. Retrieved June 18, 2021, from https://www.tjodsavnid.fo/vernacular-species-names
",Faroese,Ken-ichi Ueda,2021-06-18T20:17:13Z
558441,ennigul ont,und,Faroe Islands,FO,"Hansen, L. J. (n.d.). Vernacular species names—Tjóðsavnið. Tjóðsavnið. Retrieved June 18, 2021, from https://www.tjodsavnid.fo/vernacular-species-names
",Faroese,Ken-ichi Ueda,2021-06-18T20:17:14Z
558429,teymont,und,Faroe Islands,FO,"Hansen, L. J. (n.d.). Vernacular species names—Tjóðsavnið. Tjóðsavnið. Retrieved June 18, 2021, from https://www.tjodsavnid.fo/vernacular-species-names
",Faroese,Ken-ichi Ueda,2021-06-18T20:17:14Z
6924,dimmmorreyð ont,und,Faroe Islands,FO,"Hansen, L. J. (n.d.). Vernacular species names—Tjóðsavnið. Tjóðsavnið. Retrieved June 18, 2021, from https://www.tjodsavnid.fo/vernacular-species-names
",Faroese,Ken-ichi Ueda,2021-06-18T20:17:15Z
558439,sutlont,und,Faroe Islands,FO,"Hansen, L. J. (n.d.). Vernacular species names—Tjóðsavnið. Tjóðsavnið. Retrieved June 18, 2021, from https://www.tjodsavnid.fo/vernacular-species-names
",Faroese,Ken-ichi Ueda,2021-06-18T20:17:16Z
7019,korngás,und,Faroe Islands,FO,"Hansen, L. J. (n.d.). Vernacular species names—Tjóðsavnið. Tjóðsavnið. Retrieved June 18, 2021, from https://www.tjodsavnid.fo/vernacular-species-names
",Faroese,Ken-ichi Ueda,2021-06-18T20:17:16Z
7018,grágás,und,Faroe Islands,FO,"Hansen, L. J. (n.d.). Vernacular species names—Tjóðsavnið. Tjóðsavnið. Retrieved June 18, 2021, from https://www.tjodsavnid.fo/vernacular-species-names
",Faroese,Ken-ichi Ueda,2021-06-18T20:17:17Z
7007,íslandsgás,und,Faroe Islands,FO,"Hansen, L. J. (n.d.). Vernacular species names—Tjóðsavnið. Tjóðsavnið. Retrieved June 18, 2021, from https://www.tjodsavnid.fo/vernacular-species-names
",Faroese,Ken-ichi Ueda,2021-06-18T20:17:18Z
558426,snjógás,und,Faroe Islands,FO,"Hansen, L. J. (n.d.). Vernacular species names—Tjóðsavnið. Tjóðsavnið. Retrieved June 18, 2021, from https://www.tjodsavnid.fo/vernacular-species-names
",Faroese,Ken-ichi Ueda,2021-06-18T20:17:18Z
7009,ekrugás,und,Faroe Islands,FO,"Hansen, L. J. (n.d.). Vernacular species names—Tjóðsavnið. Tjóðsavnið. Retrieved June 18, 2021, from https://www.tjodsavnid.fo/vernacular-species-names
",Faroese,Ken-ichi Ueda,2021-06-18T20:17:19Z
7008,Indisk gás,und,Faroe Islands,FO,"Hansen, L. J. (n.d.). Vernacular species names—Tjóðsavnið. Tjóðsavnið. Retrieved June 18, 2021, from https://www.tjodsavnid.fo/vernacular-species-names
",Faroese,Ken-ichi Ueda,2021-06-18T20:17:20Z
558427,Lítil snjógás,und,Faroe Islands,FO,"Hansen, L. J. (n.d.). Vernacular species names—Tjóðsavnið. Tjóðsavnið. Retrieved June 18, 2021, from https://www.tjodsavnid.fo/vernacular-species-names
",Faroese,Ken-ichi Ueda,2021-06-18T20:17:20Z
144423,Frostmýru ekrugás,und,Faroe Islands,FO,"Hansen, L. J. (n.d.). Vernacular species names—Tjóðsavnið. Tjóðsavnið. Retrieved June 18, 2021, from https://www.tjodsavnid.fo/vernacular-species-names
",Faroese,Ken-ichi Ueda,2021-06-18T20:17:21Z
7044,helsut trøllont,und,Faroe Islands,FO,"Hansen, L. J. (n.d.). Vernacular species names—Tjóðsavnið. Tjóðsavnið. Retrieved June 18, 2021, from https://www.tjodsavnid.fo/vernacular-species-names
",Faroese,Ken-ichi Ueda,2021-06-18T20:17:21Z
7045,høvuðreyð ont,und,Faroe Islands,FO,"Hansen, L. J. (n.d.). Vernacular species names—Tjóðsavnið. Tjóðsavnið. Retrieved June 18, 2021, from https://www.tjodsavnid.fo/vernacular-species-names
",Faroese,Ken-ichi Ueda,2021-06-18T20:17:22Z
7046,trøllont,und,Faroe Islands,FO,"Hansen, L. J. (n.d.). Vernacular species names—Tjóðsavnið. Tjóðsavnið. Retrieved June 18, 2021, from https://www.tjodsavnid.fo/vernacular-species-names
",Faroese,Ken-ichi Ueda,2021-06-18T20:17:22Z
7047,grábøkut ont,und,Faroe Islands,FO,"Hansen, L. J. (n.d.). Vernacular species names—Tjóðsavnið. Tjóðsavnið. Retrieved June 18, 2021, from https://www.tjodsavnid.fo/vernacular-species-names
",Faroese,Ken-ichi Ueda,2021-06-18T20:17:23Z
7055,hvítoygd ont,und,Faroe Islands,FO,"Hansen, L. J. (n.d.). Vernacular species names—Tjóðsavnið. Tjóðsavnið. Retrieved June 18, 2021, from https://www.tjodsavnid.fo/vernacular-species-names
",Faroese,Ken-ichi Ueda,2021-06-18T20:17:23Z
7087,helsigás,und,Faroe Islands,FO,"Hansen, L. J. (n.d.). Vernacular species names—Tjóðsavnið. Tjóðsavnið. Retrieved June 18, 2021, from https://www.tjodsavnid.fo/vernacular-species-names
",Faroese,Ken-ichi Ueda,2021-06-18T20:17:24Z
7089,øshvít gás,und,Faroe Islands,FO,"Hansen, L. J. (n.d.). Vernacular species names—Tjóðsavnið. Tjóðsavnið. Retrieved June 18, 2021, from https://www.tjodsavnid.fo/vernacular-species-names
",Faroese,Ken-ichi Ueda,2021-06-18T20:17:25Z
7101,brandgás,und,Faroe Islands,FO,"Hansen, L. J. (n.d.). Vernacular species names—Tjóðsavnið. Tjóðsavnið. Retrieved June 18, 2021, from https://www.tjodsavnid.fo/vernacular-species-names
",Faroese,Ken-ichi Ueda,2021-06-18T20:17:26Z
6990,súgont,und,Faroe Islands,FO,"Hansen, L. J. (n.d.). Vernacular species names—Tjóðsavnið. Tjóðsavnið. Retrieved June 18, 2021, from https://www.tjodsavnid.fo/vernacular-species-names
",Faroese,Ken-ichi Ueda,2021-06-18T20:17:27Z
6994,íslendsk súgont,und,Faroe Islands,FO,"Hansen, L. J. (n.d.). Vernacular species names—Tjóðsavnið. Tjóðsavnið. Retrieved June 18, 2021, from https://www.tjodsavnid.fo/vernacular-species-names
",Faroese,Ken-ichi Ueda,2021-06-18T20:17:27Z
7170,ógvella,und,Faroe Islands,FO,"Hansen, L. J. (n.d.). Vernacular species names—Tjóðsavnið. Tjóðsavnið. Retrieved June 18, 2021, from https://www.tjodsavnid.fo/vernacular-species-names
",Faroese,Ken-ichi Ueda,2021-06-18T20:17:28Z
6916,svanur,und,Faroe Islands,FO,"Hansen, L. J. (n.d.). Vernacular species names—Tjóðsavnið. Tjóðsavnið. Retrieved June 18, 2021, from https://www.tjodsavnid.fo/vernacular-species-names
",Faroese,Ken-ichi Ueda,2021-06-18T20:17:28Z
6921,knópsvanur,und,Faroe Islands,FO,"Hansen, L. J. (n.d.). Vernacular species names—Tjóðsavnið. Tjóðsavnið. Retrieved June 18, 2021, from https://www.tjodsavnid.fo/vernacular-species-names
",Faroese,Ken-ichi Ueda,2021-06-18T20:17:29Z
7111,brimont,und,Faroe Islands,FO,"Hansen, L. J. (n.d.). Vernacular species names—Tjóðsavnið. Tjóðsavnið. Retrieved June 18, 2021, from https://www.tjodsavnid.fo/vernacular-species-names
",Faroese,Ken-ichi Ueda,2021-06-18T20:17:30Z
850858,spegilsont,und,Faroe Islands,FO,"Hansen, L. J. (n.d.). Vernacular species names—Tjóðsavnið. Tjóðsavnið. Retrieved June 18, 2021, from https://www.tjodsavnid.fo/vernacular-species-names
",Faroese,Ken-ichi Ueda,2021-06-18T20:17:31Z
144221,kolont,und,Faroe Islands,FO,"Hansen, L. J. (n.d.). Vernacular species names—Tjóðsavnið. Tjóðsavnið. Retrieved June 18, 2021, from https://www.tjodsavnid.fo/vernacular-species-names
",Faroese,Ken-ichi Ueda,2021-06-18T20:17:31Z
7036,nakkahvít kolont,und,Faroe Islands,FO,"Hansen, L. J. (n.d.). Vernacular species names—Tjóðsavnið. Tjóðsavnið. Retrieved June 18, 2021, from https://www.tjodsavnid.fo/vernacular-species-names
",Faroese,Ken-ichi Ueda,2021-06-18T20:17:32Z
7004,tannont,und,Faroe Islands,FO,"Hansen, L. J. (n.d.). Vernacular species names—Tjóðsavnið. Tjóðsavnið. Retrieved June 18, 2021, from https://www.tjodsavnid.fo/vernacular-species-names
",Faroese,Ken-ichi Ueda,2021-06-18T20:17:32Z
6996,toppont,und,Faroe Islands,FO,"Hansen, L. J. (n.d.). Vernacular species names—Tjóðsavnið. Tjóðsavnið. Retrieved June 18, 2021, from https://www.tjodsavnid.fo/vernacular-species-names
",Faroese,Ken-ichi Ueda,2021-06-18T20:17:33Z
850859,tonut skarvsont,und,Faroe Islands,FO,"Hansen, L. J. (n.d.). Vernacular species names—Tjóðsavnið. Tjóðsavnið. Retrieved June 18, 2021, from https://www.tjodsavnid.fo/vernacular-species-names
",Faroese,Ken-ichi Ueda,2021-06-18T20:17:34Z
7164,høvuðhvít æða,und,Faroe Islands,FO,"Hansen, L. J. (n.d.). Vernacular species names—Tjóðsavnið. Tjóðsavnið. Retrieved June 18, 2021, from https://www.tjodsavnid.fo/vernacular-species-names
",Faroese,Ken-ichi Ueda,2021-06-18T20:17:35Z
7024,æða,und,Faroe Islands,FO,"Hansen, L. J. (n.d.). Vernacular species names—Tjóðsavnið. Tjóðsavnið. Retrieved June 18, 2021, from https://www.tjodsavnid.fo/vernacular-species-names
",Faroese,Ken-ichi Ueda,2021-06-18T20:17:35Z
7030,æðukongur,und,Faroe Islands,FO,"Hansen, L. J. (n.d.). Vernacular species names—Tjóðsavnið. Tjóðsavnið. Retrieved June 18, 2021, from https://www.tjodsavnid.fo/vernacular-species-names
",Faroese,Ken-ichi Ueda,2021-06-18T20:17:35Z
7067,kápureyð ont,und,Faroe Islands,FO,"Hansen, L. J. (n.d.). Vernacular species names—Tjóðsavnið. Tjóðsavnið. Retrieved June 18, 2021, from https://www.tjodsavnid.fo/vernacular-species-names
",Faroese,Ken-ichi Ueda,2021-06-18T20:17:36Z
6638,Feigdarsveimari,und,Faroe Islands,FO,"Hansen, L. J. (n.d.). Vernacular species names—Tjóðsavnið. Tjóðsavnið. Retrieved June 18, 2021, from https://www.tjodsavnid.fo/vernacular-species-names
",Faroese,Ken-ichi Ueda,2021-06-18T20:17:36Z
6852,loftsveimari,und,Faroe Islands,FO,"Hansen, L. J. (n.d.). Vernacular species names—Tjóðsavnið. Tjóðsavnið. Retrieved June 18, 2021, from https://www.tjodsavnid.fo/vernacular-species-names
",Faroese,Ken-ichi Ueda,2021-06-18T20:17:37Z
19410,Náttkjarra,und,Faroe Islands,FO,"Hansen, L. J. (n.d.). Vernacular species names—Tjóðsavnið. Tjóðsavnið. Retrieved June 18, 2021, from https://www.tjodsavnid.fo/vernacular-species-names
",Faroese,Ken-ichi Ueda,2021-06-18T20:17:37Z
19577,lítil náttkjarra,und,Faroe Islands,FO,"Hansen, L. J. (n.d.). Vernacular species names—Tjóðsavnið. Tjóðsavnið. Retrieved June 18, 2021, from https://www.tjodsavnid.fo/vernacular-species-names
",Faroese,Ken-ichi Ueda,2021-06-18T20:17:38Z
4501,álka,und,Faroe Islands,FO,"Hansen, L. J. (n.d.). Vernacular species names—Tjóðsavnið. Tjóðsavnið. Retrieved June 18, 2021, from https://www.tjodsavnid.fo/vernacular-species-names
",Faroese,Ken-ichi Ueda,2021-06-18T20:17:39Z
4524,fulkubbi,und,Faroe Islands,FO,"Hansen, L. J. (n.d.). Vernacular species names—Tjóðsavnið. Tjóðsavnið. Retrieved June 18, 2021, from https://www.tjodsavnid.fo/vernacular-species-names
",Faroese,Ken-ichi Ueda,2021-06-18T20:17:39Z
4418,teisti,und,Faroe Islands,FO,"Hansen, L. J. (n.d.). Vernacular species names—Tjóðsavnið. Tjóðsavnið. Retrieved June 18, 2021, from https://www.tjodsavnid.fo/vernacular-species-names
",Faroese,Ken-ichi Ueda,2021-06-18T20:17:39Z
4504,lundi,und,Faroe Islands,FO,"Hansen, L. J. (n.d.). Vernacular species names—Tjóðsavnið. Tjóðsavnið. Retrieved June 18, 2021, from https://www.tjodsavnid.fo/vernacular-species-names
",Faroese,Ken-ichi Ueda,2021-06-18T20:17:40Z
4540,gorfuglur,und,Faroe Islands,FO,"Hansen, L. J. (n.d.). Vernacular species names—Tjóðsavnið. Tjóðsavnið. Retrieved June 18, 2021, from https://www.tjodsavnid.fo/vernacular-species-names
",Faroese,Ken-ichi Ueda,2021-06-18T20:17:40Z
4519,lomviga,und,Faroe Islands,FO,"Hansen, L. J. (n.d.). Vernacular species names—Tjóðsavnið. Tjóðsavnið. Retrieved June 18, 2021, from https://www.tjodsavnid.fo/vernacular-species-names
",Faroese,Ken-ichi Ueda,2021-06-18T20:17:41Z
4516,íslandslomviga,und,Faroe Islands,FO,"Hansen, L. J. (n.d.). Vernacular species names—Tjóðsavnið. Tjóðsavnið. Retrieved June 18, 2021, from https://www.tjodsavnid.fo/vernacular-species-names
",Faroese,Ken-ichi Ueda,2021-06-18T20:17:41Z
4801,svarthálsa,und,Faroe Islands,FO,"Hansen, L. J. (n.d.). Vernacular species names—Tjóðsavnið. Tjóðsavnið. Retrieved June 18, 2021, from https://www.tjodsavnid.fo/vernacular-species-names
",Faroese,Ken-ichi Ueda,2021-06-18T20:17:41Z
4793,tvíringd svarthálsa,und,Faroe Islands,FO,"Hansen, L. J. (n.d.). Vernacular species names—Tjóðsavnið. Tjóðsavnið. Retrieved June 18, 2021, from https://www.tjodsavnid.fo/vernacular-species-names
",Faroese,Ken-ichi Ueda,2021-06-18T20:17:43Z
4889,lógv,und,Faroe Islands,FO,"Hansen, L. J. (n.d.). Vernacular species names—Tjóðsavnið. Tjóðsavnið. Retrieved June 18, 2021, from https://www.tjodsavnid.fo/vernacular-species-names
",Faroese,Ken-ichi Ueda,2021-06-18T20:17:44Z
4892,fjørulógv,und,Faroe Islands,FO,"Hansen, L. J. (n.d.). Vernacular species names—Tjóðsavnið. Tjóðsavnið. Retrieved June 18, 2021, from https://www.tjodsavnid.fo/vernacular-species-names
",Faroese,Ken-ichi Ueda,2021-06-18T20:17:44Z
4857,vípa,und,Faroe Islands,FO,"Hansen, L. J. (n.d.). Vernacular species names—Tjóðsavnið. Tjóðsavnið. Retrieved June 18, 2021, from https://www.tjodsavnid.fo/vernacular-species-names
",Faroese,Ken-ichi Ueda,2021-06-18T20:17:45Z
4843,tjaldur,und,Faroe Islands,FO,"Hansen, L. J. (n.d.). Vernacular species names—Tjóðsavnið. Tjóðsavnið. Retrieved June 18, 2021, from https://www.tjodsavnid.fo/vernacular-species-names
",Faroese,Ken-ichi Ueda,2021-06-18T20:17:45Z
4514,vonghvít svartterna,und,Faroe Islands,FO,"Hansen, L. J. (n.d.). Vernacular species names—Tjóðsavnið. Tjóðsavnið. Retrieved June 18, 2021, from https://www.tjodsavnid.fo/vernacular-species-names
",Faroese,Ken-ichi Ueda,2021-06-18T20:17:46Z
4512,svartterna,und,Faroe Islands,FO,"Hansen, L. J. (n.d.). Vernacular species names—Tjóðsavnið. Tjóðsavnið. Retrieved June 18, 2021, from https://www.tjodsavnid.fo/vernacular-species-names
",Faroese,Ken-ichi Ueda,2021-06-18T20:17:46Z
204533,fiskimási,und,Faroe Islands,FO,"Hansen, L. J. (n.d.). Vernacular species names—Tjóðsavnið. Tjóðsavnið. Retrieved June 18, 2021, from https://www.tjodsavnid.fo/vernacular-species-names
",Faroese,Ken-ichi Ueda,2021-06-18T20:17:47Z
4356,skatumási,und,Faroe Islands,FO,"Hansen, L. J. (n.d.). Vernacular species names—Tjóðsavnið. Tjóðsavnið. Retrieved June 18, 2021, from https://www.tjodsavnid.fo/vernacular-species-names
",Faroese,Ken-ichi Ueda,2021-06-18T20:17:48Z
4364,sæðingur,und,Faroe Islands,FO,"Hansen, L. J. (n.d.). Vernacular species names—Tjóðsavnið. Tjóðsavnið. Retrieved June 18, 2021, from https://www.tjodsavnid.fo/vernacular-species-names
",Faroese,Ken-ichi Ueda,2021-06-18T20:17:49Z
4381,likka,und,Faroe Islands,FO,"Hansen, L. J. (n.d.). Vernacular species names—Tjóðsavnið. Tjóðsavnið. Retrieved June 18, 2021, from https://www.tjodsavnid.fo/vernacular-species-names
",Faroese,Ken-ichi Ueda,2021-06-18T20:17:49Z
4361,lítil valmási,und,Faroe Islands,FO,"Hansen, L. J. (n.d.). Vernacular species names—Tjóðsavnið. Tjóðsavnið. Retrieved June 18, 2021, from https://www.tjodsavnid.fo/vernacular-species-names
",Faroese,Ken-ichi Ueda,2021-06-18T20:17:50Z
4349,valmási,und,Faroe Islands,FO,"Hansen, L. J. (n.d.). Vernacular species names—Tjóðsavnið. Tjóðsavnið. Retrieved June 18, 2021, from https://www.tjodsavnid.fo/vernacular-species-names
",Faroese,Ken-ichi Ueda,2021-06-18T20:17:50Z
4368,svartbakur,und,Faroe Islands,FO,"Hansen, L. J. (n.d.). Vernacular species names—Tjóðsavnið. Tjóðsavnið. Retrieved June 18, 2021, from https://www.tjodsavnid.fo/vernacular-species-names
",Faroese,Ken-ichi Ueda,2021-06-18T20:17:51Z
144512,dvørgmási,und,Faroe Islands,FO,"Hansen, L. J. (n.d.). Vernacular species names—Tjóðsavnið. Tjóðsavnið. Retrieved June 18, 2021, from https://www.tjodsavnid.fo/vernacular-species-names
",Faroese,Ken-ichi Ueda,2021-06-18T20:17:51Z
144515,heygsmási,und,Faroe Islands,FO,"Hansen, L. J. (n.d.). Vernacular species names—Tjóðsavnið. Tjóðsavnið. Retrieved June 18, 2021, from https://www.tjodsavnid.fo/vernacular-species-names
",Faroese,Ken-ichi Ueda,2021-06-18T20:17:52Z
144510,fransaterna,und,Faroe Islands,FO,"Hansen, L. J. (n.d.). Vernacular species names—Tjóðsavnið. Tjóðsavnið. Retrieved June 18, 2021, from https://www.tjodsavnid.fo/vernacular-species-names
",Faroese,Ken-ichi Ueda,2021-06-18T20:17:53Z
4571,ternumási,und,Faroe Islands,FO,"Hansen, L. J. (n.d.). Vernacular species names—Tjóðsavnið. Tjóðsavnið. Retrieved June 18, 2021, from https://www.tjodsavnid.fo/vernacular-species-names
",Faroese,Ken-ichi Ueda,2021-06-18T20:17:54Z
4555,ísmási,und,Faroe Islands,FO,"Hansen, L. J. (n.d.). Vernacular species names—Tjóðsavnið. Tjóðsavnið. Retrieved June 18, 2021, from https://www.tjodsavnid.fo/vernacular-species-names
",Faroese,Ken-ichi Ueda,2021-06-18T20:17:54Z
4557,brandmási,und,Faroe Islands,FO,"Hansen, L. J. (n.d.). Vernacular species names—Tjóðsavnið. Tjóðsavnið. Retrieved June 18, 2021, from https://www.tjodsavnid.fo/vernacular-species-names
",Faroese,Ken-ichi Ueda,2021-06-18T20:17:55Z
4494,ryta,und,Faroe Islands,FO,"Hansen, L. J. (n.d.). Vernacular species names—Tjóðsavnið. Tjóðsavnið. Retrieved June 18, 2021, from https://www.tjodsavnid.fo/vernacular-species-names
",Faroese,Ken-ichi Ueda,2021-06-18T20:17:55Z
144529,fruntaterna,und,Faroe Islands,FO,"Hansen, L. J. (n.d.). Vernacular species names—Tjóðsavnið. Tjóðsavnið. Retrieved June 18, 2021, from https://www.tjodsavnid.fo/vernacular-species-names
",Faroese,Ken-ichi Ueda,2021-06-18T20:17:56Z
144537,brituterna,und,Faroe Islands,FO,"Hansen, L. J. (n.d.). Vernacular species names—Tjóðsavnið. Tjóðsavnið. Retrieved June 18, 2021, from https://www.tjodsavnid.fo/vernacular-species-names
",Faroese,Ken-ichi Ueda,2021-06-18T20:17:56Z
4450,kriterna,und,Faroe Islands,FO,"Hansen, L. J. (n.d.). Vernacular species names—Tjóðsavnið. Tjóðsavnið. Retrieved June 18, 2021, from https://www.tjodsavnid.fo/vernacular-species-names
",Faroese,Ken-ichi Ueda,2021-06-18T20:17:57Z
4449,terna,und,Faroe Islands,FO,"Hansen, L. J. (n.d.). Vernacular species names—Tjóðsavnið. Tjóðsavnið. Retrieved June 18, 2021, from https://www.tjodsavnid.fo/vernacular-species-names
",Faroese,Ken-ichi Ueda,2021-06-18T20:17:58Z
144541,faksaterna,und,Faroe Islands,FO,"Hansen, L. J. (n.d.). Vernacular species names—Tjóðsavnið. Tjóðsavnið. Retrieved June 18, 2021, from https://www.tjodsavnid.fo/vernacular-species-names
",Faroese,Ken-ichi Ueda,2021-06-18T20:17:58Z
4883,nevfatti,und,Faroe Islands,FO,"Hansen, L. J. (n.d.). Vernacular species names—Tjóðsavnið. Tjóðsavnið. Retrieved June 18, 2021, from https://www.tjodsavnid.fo/vernacular-species-names
",Faroese,Ken-ichi Ueda,2021-06-18T20:17:59Z
3978,fjørustelkur,und,Faroe Islands,FO,"Hansen, L. J. (n.d.). Vernacular species names—Tjóðsavnið. Tjóðsavnið. Retrieved June 18, 2021, from https://www.tjodsavnid.fo/vernacular-species-names
",Faroese,Ken-ichi Ueda,2021-06-18T20:17:59Z
3938,tjaldursgrælingur,und,Faroe Islands,FO,"Hansen, L. J. (n.d.). Vernacular species names—Tjóðsavnið. Tjóðsavnið. Retrieved June 18, 2021, from https://www.tjodsavnid.fo/vernacular-species-names
",Faroese,Ken-ichi Ueda,2021-06-18T20:18:00Z
3849,sandgrælingur,und,Faroe Islands,FO,"Hansen, L. J. (n.d.). Vernacular species names—Tjóðsavnið. Tjóðsavnið. Retrieved June 18, 2021, from https://www.tjodsavnid.fo/vernacular-species-names
",Faroese,Ken-ichi Ueda,2021-06-18T20:18:01Z
3857,fjallmurra,und,Faroe Islands,FO,"Hansen, L. J. (n.d.). Vernacular species names—Tjóðsavnið. Tjóðsavnið. Retrieved June 18, 2021, from https://www.tjodsavnid.fo/vernacular-species-names
",Faroese,Ken-ichi Ueda,2021-06-18T20:18:01Z
3845,íslandsgrælingur,und,Faroe Islands,FO,"Hansen, L. J. (n.d.). Vernacular species names—Tjóðsavnið. Tjóðsavnið. Retrieved June 18, 2021, from https://www.tjodsavnid.fo/vernacular-species-names
",Faroese,Ken-ichi Ueda,2021-06-18T20:18:02Z
3866,nevstuttur grælingur,und,Faroe Islands,FO,"Hansen, L. J. (n.d.). Vernacular species names—Tjóðsavnið. Tjóðsavnið. Retrieved June 18, 2021, from https://www.tjodsavnid.fo/vernacular-species-names
",Faroese,Ken-ichi Ueda,2021-06-18T20:18:03Z
3856,grágrælingur,und,Faroe Islands,FO,"Hansen, L. J. (n.d.). Vernacular species names—Tjóðsavnið. Tjóðsavnið. Retrieved June 18, 2021, from https://www.tjodsavnid.fo/vernacular-species-names
",Faroese,Ken-ichi Ueda,2021-06-18T20:18:03Z
3865,sjógrælingur,und,Faroe Islands,FO,"Hansen, L. J. (n.d.). Vernacular species names—Tjóðsavnið. Tjóðsavnið. Retrieved June 18, 2021, from https://www.tjodsavnid.fo/vernacular-species-names
",Faroese,Ken-ichi Ueda,2021-06-18T20:18:04Z
3838,dvørggrælingur,und,Faroe Islands,FO,"Hansen, L. J. (n.d.). Vernacular species names—Tjóðsavnið. Tjóðsavnið. Retrieved June 18, 2021, from https://www.tjodsavnid.fo/vernacular-species-names
",Faroese,Ken-ichi Ueda,2021-06-18T20:18:05Z
318836,mýrisnípa,und,Faroe Islands,FO,"Hansen, L. J. (n.d.). Vernacular species names—Tjóðsavnið. Tjóðsavnið. Retrieved June 18, 2021, from https://www.tjodsavnid.fo/vernacular-species-names
",Faroese,Ken-ichi Ueda,2021-06-18T20:18:05Z
3951,lónspógvi,und,Faroe Islands,FO,"Hansen, L. J. (n.d.). Vernacular species names—Tjóðsavnið. Tjóðsavnið. Retrieved June 18, 2021, from https://www.tjodsavnid.fo/vernacular-species-names
",Faroese,Ken-ichi Ueda,2021-06-18T20:18:06Z
3947,reyðspógvi,und,Faroe Islands,FO,"Hansen, L. J. (n.d.). Vernacular species names—Tjóðsavnið. Tjóðsavnið. Retrieved June 18, 2021, from https://www.tjodsavnid.fo/vernacular-species-names
",Faroese,Ken-ichi Ueda,2021-06-18T20:18:06Z
3911,lítil mýrisnípa,und,Faroe Islands,FO,"Hansen, L. J. (n.d.). Vernacular species names—Tjóðsavnið. Tjóðsavnið. Retrieved June 18, 2021, from https://www.tjodsavnid.fo/vernacular-species-names
",Faroese,Ken-ichi Ueda,2021-06-18T20:18:07Z
3896,tangspógvi,und,Faroe Islands,FO,"Hansen, L. J. (n.d.). Vernacular species names—Tjóðsavnið. Tjóðsavnið. Retrieved June 18, 2021, from https://www.tjodsavnid.fo/vernacular-species-names
",Faroese,Ken-ichi Ueda,2021-06-18T20:18:08Z
3901,spógvi,und,Faroe Islands,FO,"Hansen, L. J. (n.d.). Vernacular species names—Tjóðsavnið. Tjóðsavnið. Retrieved June 18, 2021, from https://www.tjodsavnid.fo/vernacular-species-names
",Faroese,Ken-ichi Ueda,2021-06-18T20:18:08Z
73203,sundgrælingur,und,Faroe Islands,FO,"Hansen, L. J. (n.d.). Vernacular species names—Tjóðsavnið. Tjóðsavnið. Retrieved June 18, 2021, from https://www.tjodsavnid.fo/vernacular-species-names
",Faroese,Ken-ichi Ueda,2021-06-18T20:18:09Z
3959,helsareyði,und,Faroe Islands,FO,"Hansen, L. J. (n.d.). Vernacular species names—Tjóðsavnið. Tjóðsavnið. Retrieved June 18, 2021, from https://www.tjodsavnid.fo/vernacular-species-names
",Faroese,Ken-ichi Ueda,2021-06-18T20:18:10Z
339593,kápugrælingur,und,Faroe Islands,FO,"Hansen, L. J. (n.d.). Vernacular species names—Tjóðsavnið. Tjóðsavnið. Retrieved June 18, 2021, from https://www.tjodsavnid.fo/vernacular-species-names
",Faroese,Ken-ichi Ueda,2021-06-18T20:18:10Z
3931,vendisnípa,und,Faroe Islands,FO,"Hansen, L. J. (n.d.). Vernacular species names—Tjóðsavnið. Tjóðsavnið. Retrieved June 18, 2021, from https://www.tjodsavnid.fo/vernacular-species-names
",Faroese,Ken-ichi Ueda,2021-06-18T20:18:11Z
3882,svartstelkur,und,Faroe Islands,FO,"Hansen, L. J. (n.d.). Vernacular species names—Tjóðsavnið. Tjóðsavnið. Retrieved June 18, 2021, from https://www.tjodsavnid.fo/vernacular-species-names
",Faroese,Ken-ichi Ueda,2021-06-18T20:18:11Z
3888,vaðstelkur,und,Faroe Islands,FO,"Hansen, L. J. (n.d.). Vernacular species names—Tjóðsavnið. Tjóðsavnið. Retrieved June 18, 2021, from https://www.tjodsavnid.fo/vernacular-species-names
",Faroese,Ken-ichi Ueda,2021-06-18T20:18:12Z
3878,hvítstelkur,und,Faroe Islands,FO,"Hansen, L. J. (n.d.). Vernacular species names—Tjóðsavnið. Tjóðsavnið. Retrieved June 18, 2021, from https://www.tjodsavnid.fo/vernacular-species-names
",Faroese,Ken-ichi Ueda,2021-06-18T20:18:12Z
3885,flykrustelkur,und,Faroe Islands,FO,"Hansen, L. J. (n.d.). Vernacular species names—Tjóðsavnið. Tjóðsavnið. Retrieved June 18, 2021, from https://www.tjodsavnid.fo/vernacular-species-names
",Faroese,Ken-ichi Ueda,2021-06-18T20:18:13Z
3879,stelkur,und,Faroe Islands,FO,"Hansen, L. J. (n.d.). Vernacular species names—Tjóðsavnið. Tjóðsavnið. Retrieved June 18, 2021, from https://www.tjodsavnid.fo/vernacular-species-names
",Faroese,Ken-ichi Ueda,2021-06-18T20:18:14Z
339596,roðagrælingur,und,Faroe Islands,FO,"Hansen, L. J. (n.d.). Vernacular species names—Tjóðsavnið. Tjóðsavnið. Retrieved June 18, 2021, from https://www.tjodsavnid.fo/vernacular-species-names
",Faroese,Ken-ichi Ueda,2021-06-18T20:18:14Z
4481,snældukjógvi,und,Faroe Islands,FO,"Hansen, L. J. (n.d.). Vernacular species names—Tjóðsavnið. Tjóðsavnið. Retrieved June 18, 2021, from https://www.tjodsavnid.fo/vernacular-species-names
",Faroese,Ken-ichi Ueda,2021-06-18T20:18:14Z
4489,kjógvi,und,Faroe Islands,FO,"Hansen, L. J. (n.d.). Vernacular species names—Tjóðsavnið. Tjóðsavnið. Retrieved June 18, 2021, from https://www.tjodsavnid.fo/vernacular-species-names
",Faroese,Ken-ichi Ueda,2021-06-18T20:18:15Z
4491,jói,und,Faroe Islands,FO,"Hansen, L. J. (n.d.). Vernacular species names—Tjóðsavnið. Tjóðsavnið. Retrieved June 18, 2021, from https://www.tjodsavnid.fo/vernacular-species-names
",Faroese,Ken-ichi Ueda,2021-06-18T20:18:15Z
144297,skúgvur,und,Faroe Islands,FO,"Hansen, L. J. (n.d.). Vernacular species names—Tjóðsavnið. Tjóðsavnið. Retrieved June 18, 2021, from https://www.tjodsavnid.fo/vernacular-species-names
",Faroese,Ken-ichi Ueda,2021-06-18T20:18:16Z
3017,bládúgva,und,Faroe Islands,FO,"Hansen, L. J. (n.d.). Vernacular species names—Tjóðsavnið. Tjóðsavnið. Retrieved June 18, 2021, from https://www.tjodsavnid.fo/vernacular-species-names
",Faroese,Ken-ichi Ueda,2021-06-18T20:18:16Z
3033,holudúgva,und,Faroe Islands,FO,"Hansen, L. J. (n.d.). Vernacular species names—Tjóðsavnið. Tjóðsavnið. Retrieved June 18, 2021, from https://www.tjodsavnid.fo/vernacular-species-names
",Faroese,Ken-ichi Ueda,2021-06-18T20:18:19Z
3048,mánadúgva,und,Faroe Islands,FO,"Hansen, L. J. (n.d.). Vernacular species names—Tjóðsavnið. Tjóðsavnið. Retrieved June 18, 2021, from https://www.tjodsavnid.fo/vernacular-species-names
",Faroese,Ken-ichi Ueda,2021-06-18T20:18:19Z
2969,turkadúgva,und,Faroe Islands,FO,"Hansen, L. J. (n.d.). Vernacular species names—Tjóðsavnið. Tjóðsavnið. Retrieved June 18, 2021, from https://www.tjodsavnid.fo/vernacular-species-names
",Faroese,Ken-ichi Ueda,2021-06-18T20:18:20Z
2927,eystanturtildúgva,und,Faroe Islands,FO,"Hansen, L. J. (n.d.). Vernacular species names—Tjóðsavnið. Tjóðsavnið. Retrieved June 18, 2021, from https://www.tjodsavnid.fo/vernacular-species-names
",Faroese,Ken-ichi Ueda,2021-06-18T20:18:21Z
2938,turtildúgva,und,Faroe Islands,FO,"Hansen, L. J. (n.d.). Vernacular species names—Tjóðsavnið. Tjóðsavnið. Retrieved June 18, 2021, from https://www.tjodsavnid.fo/vernacular-species-names
",Faroese,Ken-ichi Ueda,2021-06-18T20:18:22Z
3454,Harmadúgva,und,Faroe Islands,FO,"Hansen, L. J. (n.d.). Vernacular species names—Tjóðsavnið. Tjóðsavnið. Retrieved June 18, 2021, from https://www.tjodsavnid.fo/vernacular-species-names
",Faroese,Ken-ichi Ueda,2021-06-18T20:18:22Z
2599,kyrrfuglur,und,Faroe Islands,FO,"Hansen, L. J. (n.d.). Vernacular species names—Tjóðsavnið. Tjóðsavnið. Retrieved June 18, 2021, from https://www.tjodsavnid.fo/vernacular-species-names
",Faroese,Ken-ichi Ueda,2021-06-18T20:18:23Z
2266,bláfjatla,und,Faroe Islands,FO,"Hansen, L. J. (n.d.). Vernacular species names—Tjóðsavnið. Tjóðsavnið. Retrieved June 18, 2021, from https://www.tjodsavnid.fo/vernacular-species-names
",Faroese,Ken-ichi Ueda,2021-06-18T20:18:24Z
2191,býflugubítur,und,Faroe Islands,FO,"Hansen, L. J. (n.d.). Vernacular species names—Tjóðsavnið. Tjóðsavnið. Retrieved June 18, 2021, from https://www.tjodsavnid.fo/vernacular-species-names
",Faroese,Ken-ichi Ueda,2021-06-18T20:18:25Z
1907,geykur,und,Faroe Islands,FO,"Hansen, L. J. (n.d.). Vernacular species names—Tjóðsavnið. Tjóðsavnið. Retrieved June 18, 2021, from https://www.tjodsavnid.fo/vernacular-species-names
",Faroese,Ken-ichi Ueda,2021-06-18T20:18:25Z
4672,smyril,und,Faroe Islands,FO,"Hansen, L. J. (n.d.). Vernacular species names—Tjóðsavnið. Tjóðsavnið. Retrieved June 18, 2021, from https://www.tjodsavnid.fo/vernacular-species-names
",Faroese,Ken-ichi Ueda,2021-06-18T20:18:26Z
59845,reyðsmyril,und,Faroe Islands,FO,"Hansen, L. J. (n.d.). Vernacular species names—Tjóðsavnið. Tjóðsavnið. Retrieved June 18, 2021, from https://www.tjodsavnid.fo/vernacular-species-names
",Faroese,Ken-ichi Ueda,2021-06-18T20:18:26Z
4647,ferðafalkur,und,Faroe Islands,FO,"Hansen, L. J. (n.d.). Vernacular species names—Tjóðsavnið. Tjóðsavnið. Retrieved June 18, 2021, from https://www.tjodsavnid.fo/vernacular-species-names
",Faroese,Ken-ichi Ueda,2021-06-18T20:18:27Z
4657,veiðifalkur,und,Faroe Islands,FO,"Hansen, L. J. (n.d.). Vernacular species names—Tjóðsavnið. Tjóðsavnið. Retrieved June 18, 2021, from https://www.tjodsavnid.fo/vernacular-species-names
",Faroese,Ken-ichi Ueda,2021-06-18T20:18:28Z
4643,vákasmyril,und,Faroe Islands,FO,"Hansen, L. J. (n.d.). Vernacular species names—Tjóðsavnið. Tjóðsavnið. Retrieved June 18, 2021, from https://www.tjodsavnid.fo/vernacular-species-names
",Faroese,Ken-ichi Ueda,2021-06-18T20:18:28Z
472766,grýtissmyril,und,Faroe Islands,FO,"Hansen, L. J. (n.d.). Vernacular species names—Tjóðsavnið. Tjóðsavnið. Retrieved June 18, 2021, from https://www.tjodsavnid.fo/vernacular-species-names
",Faroese,Ken-ichi Ueda,2021-06-18T20:18:29Z
804,vaktil,und,Faroe Islands,FO,"Hansen, L. J. (n.d.). Vernacular species names—Tjóðsavnið. Tjóðsavnið. Retrieved June 18, 2021, from https://www.tjodsavnid.fo/vernacular-species-names
",Faroese,Ken-ichi Ueda,2021-06-18T20:18:30Z
931,heiðarýpa,und,Faroe Islands,FO,"Hansen, L. J. (n.d.). Vernacular species names—Tjóðsavnið. Tjóðsavnið. Retrieved June 18, 2021, from https://www.tjodsavnid.fo/vernacular-species-names
",Faroese,Ken-ichi Ueda,2021-06-18T20:18:30Z
949,fjallarýpa,und,Faroe Islands,FO,"Hansen, L. J. (n.d.). Vernacular species names—Tjóðsavnið. Tjóðsavnið. Retrieved June 18, 2021, from https://www.tjodsavnid.fo/vernacular-species-names
",Faroese,Ken-ichi Ueda,2021-06-18T20:18:31Z
981,fasánur,und,Faroe Islands,FO,"Hansen, L. J. (n.d.). Vernacular species names—Tjóðsavnið. Tjóðsavnið. Retrieved June 18, 2021, from https://www.tjodsavnid.fo/vernacular-species-names
",Faroese,Ken-ichi Ueda,2021-06-18T20:18:31Z
4622,nevgulur lómur,und,Faroe Islands,FO,"Hansen, L. J. (n.d.). Vernacular species names—Tjóðsavnið. Tjóðsavnið. Retrieved June 18, 2021, from https://www.tjodsavnid.fo/vernacular-species-names
",Faroese,Ken-ichi Ueda,2021-06-18T20:18:32Z
4623,øssvartur lómur,und,Faroe Islands,FO,"Hansen, L. J. (n.d.). Vernacular species names—Tjóðsavnið. Tjóðsavnið. Retrieved June 18, 2021, from https://www.tjodsavnid.fo/vernacular-species-names
",Faroese,Ken-ichi Ueda,2021-06-18T20:18:33Z
4626,havgás,und,Faroe Islands,FO,"Hansen, L. J. (n.d.). Vernacular species names—Tjóðsavnið. Tjóðsavnið. Retrieved June 18, 2021, from https://www.tjodsavnid.fo/vernacular-species-names
",Faroese,Ken-ichi Ueda,2021-06-18T20:18:34Z
4627,øsreyður lómur,und,Faroe Islands,FO,"Hansen, L. J. (n.d.). Vernacular species names—Tjóðsavnið. Tjóðsavnið. Retrieved June 18, 2021, from https://www.tjodsavnid.fo/vernacular-species-names
",Faroese,Ken-ichi Ueda,2021-06-18T20:18:34Z
508048,kanadatrani,und,Faroe Islands,FO,"Hansen, L. J. (n.d.). Vernacular species names—Tjóðsavnið. Tjóðsavnið. Retrieved June 18, 2021, from https://www.tjodsavnid.fo/vernacular-species-names
",Faroese,Ken-ichi Ueda,2021-06-18T20:18:35Z
41,trani,und,Faroe Islands,FO,"Hansen, L. J. (n.d.). Vernacular species names—Tjóðsavnið. Tjóðsavnið. Retrieved June 18, 2021, from https://www.tjodsavnid.fo/vernacular-species-names
",Faroese,Ken-ichi Ueda,2021-06-18T20:18:36Z
443,akurskritt,und,Faroe Islands,FO,"Hansen, L. J. (n.d.). Vernacular species names—Tjóðsavnið. Tjóðsavnið. Retrieved June 18, 2021, from https://www.tjodsavnid.fo/vernacular-species-names
",Faroese,Ken-ichi Ueda,2021-06-18T20:18:36Z
473,amerikonsk sjogvhøna,und,Faroe Islands,FO,"Hansen, L. J. (n.d.). Vernacular species names—Tjóðsavnið. Tjóðsavnið. Retrieved June 18, 2021, from https://www.tjodsavnid.fo/vernacular-species-names
",Faroese,Ken-ichi Ueda,2021-06-18T20:18:37Z
482,sjógvhøna,und,Faroe Islands,FO,"Hansen, L. J. (n.d.). Vernacular species names—Tjóðsavnið. Tjóðsavnið. Retrieved June 18, 2021, from https://www.tjodsavnid.fo/vernacular-species-names
",Faroese,Ken-ichi Ueda,2021-06-18T20:18:38Z
201282,sevhøna,und,Faroe Islands,FO,"Hansen, L. J. (n.d.). Vernacular species names—Tjóðsavnið. Tjóðsavnið. Retrieved June 18, 2021, from https://www.tjodsavnid.fo/vernacular-species-names
",Faroese,Ken-ichi Ueda,2021-06-18T20:18:39Z
178,døggsmetta,und,Faroe Islands,FO,"Hansen, L. J. (n.d.). Vernacular species names—Tjóðsavnið. Tjóðsavnið. Retrieved June 18, 2021, from https://www.tjodsavnid.fo/vernacular-species-names
",Faroese,Ken-ichi Ueda,2021-06-18T20:18:39Z
513926,jarðarkona,und,Faroe Islands,FO,"Hansen, L. J. (n.d.). Vernacular species names—Tjóðsavnið. Tjóðsavnið. Retrieved June 18, 2021, from https://www.tjodsavnid.fo/vernacular-species-names
",Faroese,Ken-ichi Ueda,2021-06-18T20:18:40Z
7347,lerkur,und,Faroe Islands,FO,"Hansen, L. J. (n.d.). Vernacular species names—Tjóðsavnið. Tjóðsavnið. Retrieved June 18, 2021, from https://www.tjodsavnid.fo/vernacular-species-names
",Faroese,Ken-ichi Ueda,2021-06-18T20:18:40Z
7294,knavalerkur,und,Faroe Islands,FO,"Hansen, L. J. (n.d.). Vernacular species names—Tjóðsavnið. Tjóðsavnið. Retrieved June 18, 2021, from https://www.tjodsavnid.fo/vernacular-species-names
",Faroese,Ken-ichi Ueda,2021-06-18T20:18:41Z
7363,trælerkur,und,Faroe Islands,FO,"Hansen, L. J. (n.d.). Vernacular species names—Tjóðsavnið. Tjóðsavnið. Retrieved June 18, 2021, from https://www.tjodsavnid.fo/vernacular-species-names
",Faroese,Ken-ichi Ueda,2021-06-18T20:18:42Z
7429,reyðstapi,und,Faroe Islands,FO,"Hansen, L. J. (n.d.). Vernacular species names—Tjóðsavnið. Tjóðsavnið. Retrieved June 18, 2021, from https://www.tjodsavnid.fo/vernacular-species-names
",Faroese,Ken-ichi Ueda,2021-06-18T20:18:42Z
7450,trætølpur,und,Faroe Islands,FO,"Hansen, L. J. (n.d.). Vernacular species names—Tjóðsavnið. Tjóðsavnið. Retrieved June 18, 2021, from https://www.tjodsavnid.fo/vernacular-species-names
",Faroese,Ken-ichi Ueda,2021-06-18T20:18:43Z
7647,áarkallur,und,Faroe Islands,FO,"Hansen, L. J. (n.d.). Vernacular species names—Tjóðsavnið. Tjóðsavnið. Retrieved June 18, 2021, from https://www.tjodsavnid.fo/vernacular-species-names
",Faroese,Ken-ichi Ueda,2021-06-18T20:18:43Z
8010,ravnur,und,Faroe Islands,FO,"Hansen, L. J. (n.d.). Vernacular species names—Tjóðsavnið. Tjóðsavnið. Retrieved June 18, 2021, from https://www.tjodsavnid.fo/vernacular-species-names
",Faroese,Ken-ichi Ueda,2021-06-18T20:18:44Z
144757,Kráka,und,Faroe Islands,FO,"Hansen, L. J. (n.d.). Vernacular species names—Tjóðsavnið. Tjóðsavnið. Retrieved June 18, 2021, from https://www.tjodsavnid.fo/vernacular-species-names
",Faroese,Ken-ichi Ueda,2021-06-18T20:18:45Z
204496,Hjaltakráka,und,Faroe Islands,FO,"Hansen, L. J. (n.d.). Vernacular species names—Tjóðsavnið. Tjóðsavnið. Retrieved June 18, 2021, from https://www.tjodsavnid.fo/vernacular-species-names
",Faroese,Ken-ichi Ueda,2021-06-18T20:18:46Z
8029,felliskráka,und,Faroe Islands,FO,"Hansen, L. J. (n.d.). Vernacular species names—Tjóðsavnið. Tjóðsavnið. Retrieved June 18, 2021, from https://www.tjodsavnid.fo/vernacular-species-names
",Faroese,Ken-ichi Ueda,2021-06-18T20:18:46Z
204552,krákukárn,und,Faroe Islands,FO,"Hansen, L. J. (n.d.). Vernacular species names—Tjóðsavnið. Tjóðsavnið. Retrieved June 18, 2021, from https://www.tjodsavnid.fo/vernacular-species-names
",Faroese,Ken-ichi Ueda,2021-06-18T20:18:48Z
116840,fjallasnjófuglur,und,Faroe Islands,FO,"Hansen, L. J. (n.d.). Vernacular species names—Tjóðsavnið. Tjóðsavnið. Retrieved June 18, 2021, from https://www.tjodsavnid.fo/vernacular-species-names
",Faroese,Ken-ichi Ueda,2021-06-18T20:18:49Z
9215,høvuðmorreyður spurvur,und,Faroe Islands,FO,"Hansen, L. J. (n.d.). Vernacular species names—Tjóðsavnið. Tjóðsavnið. Retrieved June 18, 2021, from https://www.tjodsavnid.fo/vernacular-species-names
",Faroese,Ken-ichi Ueda,2021-06-18T20:18:49Z
9195,gulspurvur,und,Faroe Islands,FO,"Hansen, L. J. (n.d.). Vernacular species names—Tjóðsavnið. Tjóðsavnið. Retrieved June 18, 2021, from https://www.tjodsavnid.fo/vernacular-species-names
",Faroese,Ken-ichi Ueda,2021-06-18T20:18:50Z
9196,øsgulur riðispurvur,und,Faroe Islands,FO,"Hansen, L. J. (n.d.). Vernacular species names—Tjóðsavnið. Tjóðsavnið. Retrieved June 18, 2021, from https://www.tjodsavnid.fo/vernacular-species-names
",Faroese,Ken-ichi Ueda,2021-06-18T20:18:50Z
9203,knokksvartur spurvur,und,Faroe Islands,FO,"Hansen, L. J. (n.d.). Vernacular species names—Tjóðsavnið. Tjóðsavnið. Retrieved June 18, 2021, from https://www.tjodsavnid.fo/vernacular-species-names
",Faroese,Ken-ichi Ueda,2021-06-18T20:18:51Z
9188,eyghvítríputur spurvur,und,Faroe Islands,FO,"Hansen, L. J. (n.d.). Vernacular species names—Tjóðsavnið. Tjóðsavnið. Retrieved June 18, 2021, from https://www.tjodsavnid.fo/vernacular-species-names
",Faroese,Ken-ichi Ueda,2021-06-18T20:18:51Z
9201,sevspurvur,und,Faroe Islands,FO,"Hansen, L. J. (n.d.). Vernacular species names—Tjóðsavnið. Tjóðsavnið. Retrieved June 18, 2021, from https://www.tjodsavnid.fo/vernacular-species-names
",Faroese,Ken-ichi Ueda,2021-06-18T20:18:51Z
117059,snjófuglur,und,Faroe Islands,FO,"Hansen, L. J. (n.d.). Vernacular species names—Tjóðsavnið. Tjóðsavnið. Retrieved June 18, 2021, from https://www.tjodsavnid.fo/vernacular-species-names
",Faroese,Ken-ichi Ueda,2021-06-18T20:18:52Z
145300,reyðkollur,und,Faroe Islands,FO,"Hansen, L. J. (n.d.). Vernacular species names—Tjóðsavnið. Tjóðsavnið. Retrieved June 18, 2021, from https://www.tjodsavnid.fo/vernacular-species-names
",Faroese,Ken-ichi Ueda,2021-06-18T20:18:53Z
9398,fagurígða,und,Faroe Islands,FO,"Hansen, L. J. (n.d.). Vernacular species names—Tjóðsavnið. Tjóðsavnið. Retrieved June 18, 2021, from https://www.tjodsavnid.fo/vernacular-species-names
",Faroese,Ken-ichi Ueda,2021-06-18T20:18:54Z
9639,roðaígða,und,Faroe Islands,FO,"Hansen, L. J. (n.d.). Vernacular species names—Tjóðsavnið. Tjóðsavnið. Retrieved June 18, 2021, from https://www.tjodsavnid.fo/vernacular-species-names
",Faroese,Ken-ichi Ueda,2021-06-18T20:18:55Z
145360,grønígða,und,Faroe Islands,FO,"Hansen, L. J. (n.d.). Vernacular species names—Tjóðsavnið. Tjóðsavnið. Retrieved June 18, 2021, from https://www.tjodsavnid.fo/vernacular-species-names
",Faroese,Ken-ichi Ueda,2021-06-18T20:18:55Z
9801,kjarnbítur,und,Faroe Islands,FO,"Hansen, L. J. (n.d.). Vernacular species names—Tjóðsavnið. Tjóðsavnið. Retrieved June 18, 2021, from https://www.tjodsavnid.fo/vernacular-species-names
",Faroese,Ken-ichi Ueda,2021-06-18T20:18:56Z
10069,fjallígða,und,Faroe Islands,FO,"Hansen, L. J. (n.d.). Vernacular species names—Tjóðsavnið. Tjóðsavnið. Retrieved June 18, 2021, from https://www.tjodsavnid.fo/vernacular-species-names
",Faroese,Ken-ichi Ueda,2021-06-18T20:18:57Z
558634,línígða,und,Faroe Islands,FO,"Hansen, L. J. (n.d.). Vernacular species names—Tjóðsavnið. Tjóðsavnið. Retrieved June 18, 2021, from https://www.tjodsavnid.fo/vernacular-species-names
",Faroese,Ken-ichi Ueda,2021-06-18T20:18:58Z
558633,íriskur,und,Faroe Islands,FO,"Hansen, L. J. (n.d.). Vernacular species names—Tjóðsavnið. Tjóðsavnið. Retrieved June 18, 2021, from https://www.tjodsavnid.fo/vernacular-species-names
",Faroese,Ken-ichi Ueda,2021-06-18T20:18:58Z
10411,krossnev,und,Faroe Islands,FO,"Hansen, L. J. (n.d.). Vernacular species names—Tjóðsavnið. Tjóðsavnið. Retrieved June 18, 2021, from https://www.tjodsavnid.fo/vernacular-species-names
",Faroese,Ken-ichi Ueda,2021-06-18T20:18:59Z
10423,vongblikut krossnev,und,Faroe Islands,FO,"Hansen, L. J. (n.d.). Vernacular species names—Tjóðsavnið. Tjóðsavnið. Retrieved June 18, 2021, from https://www.tjodsavnid.fo/vernacular-species-names
",Faroese,Ken-ichi Ueda,2021-06-18T20:19:00Z
10420,Stórt krossnev,und,Faroe Islands,FO,"Hansen, L. J. (n.d.). Vernacular species names—Tjóðsavnið. Tjóðsavnið. Retrieved June 18, 2021, from https://www.tjodsavnid.fo/vernacular-species-names
",Faroese,Ken-ichi Ueda,2021-06-18T20:19:00Z
9462,prýðisígða,und,Faroe Islands,FO,"Hansen, L. J. (n.d.). Vernacular species names—Tjóðsavnið. Tjóðsavnið. Retrieved June 18, 2021, from https://www.tjodsavnid.fo/vernacular-species-names
",Faroese,Ken-ichi Ueda,2021-06-18T20:19:01Z
145303,barrígða,und,Faroe Islands,FO,"Hansen, L. J. (n.d.). Vernacular species names—Tjóðsavnið. Tjóðsavnið. Retrieved June 18, 2021, from https://www.tjodsavnid.fo/vernacular-species-names
",Faroese,Ken-ichi Ueda,2021-06-18T20:19:01Z
64705,lonasvala,und,Faroe Islands,FO,"Hansen, L. J. (n.d.). Vernacular species names—Tjóðsavnið. Tjóðsavnið. Retrieved June 18, 2021, from https://www.tjodsavnid.fo/vernacular-species-names
",Faroese,Ken-ichi Ueda,2021-06-18T20:19:02Z
11901,svala,und,Faroe Islands,FO,"Hansen, L. J. (n.d.). Vernacular species names—Tjóðsavnið. Tjóðsavnið. Retrieved June 18, 2021, from https://www.tjodsavnid.fo/vernacular-species-names
",Faroese,Ken-ichi Ueda,2021-06-18T20:19:03Z
11941,áarsvala,und,Faroe Islands,FO,"Hansen, L. J. (n.d.). Vernacular species names—Tjóðsavnið. Tjóðsavnið. Retrieved June 18, 2021, from https://www.tjodsavnid.fo/vernacular-species-names
",Faroese,Ken-ichi Ueda,2021-06-18T20:19:05Z
12038,morbøkutur tyrningur,und,Faroe Islands,FO,"Hansen, L. J. (n.d.). Vernacular species names—Tjóðsavnið. Tjóðsavnið. Retrieved June 18, 2021, from https://www.tjodsavnid.fo/vernacular-species-names
",Faroese,Ken-ichi Ueda,2021-06-18T20:19:05Z
559070,grátyrningur,und,Faroe Islands,FO,"Hansen, L. J. (n.d.). Vernacular species names—Tjóðsavnið. Tjóðsavnið. Retrieved June 18, 2021, from https://www.tjodsavnid.fo/vernacular-species-names
",Faroese,Ken-ichi Ueda,2021-06-18T20:19:06Z
12054,ennissvartur tyrningur,und,Faroe Islands,FO,"Hansen, L. J. (n.d.). Vernacular species names—Tjóðsavnið. Tjóðsavnið. Retrieved June 18, 2021, from https://www.tjodsavnid.fo/vernacular-species-names
",Faroese,Ken-ichi Ueda,2021-06-18T20:19:07Z
13721,reyðtítlingur,und,Faroe Islands,FO,"Hansen, L. J. (n.d.). Vernacular species names—Tjóðsavnið. Tjóðsavnið. Retrieved June 18, 2021, from https://www.tjodsavnid.fo/vernacular-species-names
",Faroese,Ken-ichi Ueda,2021-06-18T20:19:08Z
13724,indiatítlingur,und,Faroe Islands,FO,"Hansen, L. J. (n.d.). Vernacular species names—Tjóðsavnið. Tjóðsavnið. Retrieved June 18, 2021, from https://www.tjodsavnid.fo/vernacular-species-names
",Faroese,Ken-ichi Ueda,2021-06-18T20:19:08Z
13734,grátítlingur,und,Faroe Islands,FO,"Hansen, L. J. (n.d.). Vernacular species names—Tjóðsavnið. Tjóðsavnið. Retrieved June 18, 2021, from https://www.tjodsavnid.fo/vernacular-species-names
",Faroese,Ken-ichi Ueda,2021-06-18T20:19:09Z
13729,Summartítlingur,und,Faroe Islands,FO,"Hansen, L. J. (n.d.). Vernacular species names—Tjóðsavnið. Tjóðsavnið. Retrieved June 18, 2021, from https://www.tjodsavnid.fo/vernacular-species-names
",Faroese,Ken-ichi Ueda,2021-06-18T20:19:09Z
13711,viðartítlingur,und,Faroe Islands,FO,"Hansen, L. J. (n.d.). Vernacular species names—Tjóðsavnið. Tjóðsavnið. Retrieved June 18, 2021, from https://www.tjodsavnid.fo/vernacular-species-names
",Faroese,Ken-ichi Ueda,2021-06-18T20:19:10Z
13695,erla kongsdóttir,und,Faroe Islands,FO,"Hansen, L. J. (n.d.). Vernacular species names—Tjóðsavnið. Tjóðsavnið. Retrieved June 18, 2021, from https://www.tjodsavnid.fo/vernacular-species-names
",Faroese,Ken-ichi Ueda,2021-06-18T20:19:10Z
13688,áarerla,und,Faroe Islands,FO,"Hansen, L. J. (n.d.). Vernacular species names—Tjóðsavnið. Tjóðsavnið. Retrieved June 18, 2021, from https://www.tjodsavnid.fo/vernacular-species-names
",Faroese,Ken-ichi Ueda,2021-06-18T20:19:11Z
13687,mýrierla,und,Faroe Islands,FO,"Hansen, L. J. (n.d.). Vernacular species names—Tjóðsavnið. Tjóðsavnið. Retrieved June 18, 2021, from https://www.tjodsavnid.fo/vernacular-species-names
",Faroese,Ken-ichi Ueda,2021-06-18T20:19:12Z
204545,gulerla,und,Faroe Islands,FO,"Hansen, L. J. (n.d.). Vernacular species names—Tjóðsavnið. Tjóðsavnið. Retrieved June 18, 2021, from https://www.tjodsavnid.fo/vernacular-species-names
",Faroese,Ken-ichi Ueda,2021-06-18T20:19:12Z
204512,flekkunápur,und,Faroe Islands,FO,"Hansen, L. J. (n.d.). Vernacular species names—Tjóðsavnið. Tjóðsavnið. Retrieved June 18, 2021, from https://www.tjodsavnid.fo/vernacular-species-names
",Faroese,Ken-ichi Ueda,2021-06-18T20:19:13Z
13113,smánápur,und,Faroe Islands,FO,"Hansen, L. J. (n.d.). Vernacular species names—Tjóðsavnið. Tjóðsavnið. Retrieved June 18, 2021, from https://www.tjodsavnid.fo/vernacular-species-names
",Faroese,Ken-ichi Ueda,2021-06-18T20:19:14Z
12971,gránápur,und,Faroe Islands,FO,"Hansen, L. J. (n.d.). Vernacular species names—Tjóðsavnið. Tjóðsavnið. Retrieved June 18, 2021, from https://www.tjodsavnid.fo/vernacular-species-names
",Faroese,Ken-ichi Ueda,2021-06-18T20:19:14Z
204556,gyllingur,und,Faroe Islands,FO,"Hansen, L. J. (n.d.). Vernacular species names—Tjóðsavnið. Tjóðsavnið. Retrieved June 18, 2021, from https://www.tjodsavnid.fo/vernacular-species-names
",Faroese,Ken-ichi Ueda,2021-06-18T20:19:15Z
203153,stórtíta,und,Faroe Islands,FO,"Hansen, L. J. (n.d.). Vernacular species names—Tjóðsavnið. Tjóðsavnið. Retrieved June 18, 2021, from https://www.tjodsavnid.fo/vernacular-species-names
",Faroese,Ken-ichi Ueda,2021-06-18T20:19:15Z
10286,ríputur ljómari,und,Faroe Islands,FO,"Hansen, L. J. (n.d.). Vernacular species names—Tjóðsavnið. Tjóðsavnið. Retrieved June 18, 2021, from https://www.tjodsavnid.fo/vernacular-species-names
",Faroese,Ken-ichi Ueda,2021-06-18T20:19:16Z
979756,skallabláur ljómari,und,Faroe Islands,FO,"Hansen, L. J. (n.d.). Vernacular species names—Tjóðsavnið. Tjóðsavnið. Retrieved June 18, 2021, from https://www.tjodsavnid.fo/vernacular-species-names
",Faroese,Ken-ichi Ueda,2021-06-18T20:19:17Z
13858,gráspurvur,und,Faroe Islands,FO,"Hansen, L. J. (n.d.). Vernacular species names—Tjóðsavnið. Tjóðsavnið. Retrieved June 18, 2021, from https://www.tjodsavnid.fo/vernacular-species-names
",Faroese,Ken-ichi Ueda,2021-06-18T20:19:18Z
13851,skógspurvur,und,Faroe Islands,FO,"Hansen, L. J. (n.d.). Vernacular species names—Tjóðsavnið. Tjóðsavnið. Retrieved June 18, 2021, from https://www.tjodsavnid.fo/vernacular-species-names
",Faroese,Ken-ichi Ueda,2021-06-18T20:19:20Z
13988,jarntítlingur,und,Faroe Islands,FO,"Hansen, L. J. (n.d.). Vernacular species names—Tjóðsavnið. Tjóðsavnið. Retrieved June 18, 2021, from https://www.tjodsavnid.fo/vernacular-species-names
",Faroese,Ken-ichi Ueda,2021-06-18T20:19:21Z
793469,títlingskongur,und,Faroe Islands,FO,"Hansen, L. J. (n.d.). Vernacular species names—Tjóðsavnið. Tjóðsavnið. Retrieved June 18, 2021, from https://www.tjodsavnid.fo/vernacular-species-names
",Faroese,Ken-ichi Ueda,2021-06-18T20:19:22Z
13094,bringureyði,und,Faroe Islands,FO,"Hansen, L. J. (n.d.). Vernacular species names—Tjóðsavnið. Tjóðsavnið. Retrieved June 18, 2021, from https://www.tjodsavnid.fo/vernacular-species-names
",Faroese,Ken-ichi Ueda,2021-06-18T20:19:23Z
13075,náttargali,und,Faroe Islands,FO,"Hansen, L. J. (n.d.). Vernacular species names—Tjóðsavnið. Tjóðsavnið. Retrieved June 18, 2021, from https://www.tjodsavnid.fo/vernacular-species-names
",Faroese,Ken-ichi Ueda,2021-06-18T20:19:24Z
13079,suðurnáttargali,und,Faroe Islands,FO,"Hansen, L. J. (n.d.). Vernacular species names—Tjóðsavnið. Tjóðsavnið. Retrieved June 18, 2021, from https://www.tjodsavnid.fo/vernacular-species-names
",Faroese,Ken-ichi Ueda,2021-06-18T20:19:24Z
13071,blákriki,und,Faroe Islands,FO,"Hansen, L. J. (n.d.). Vernacular species names—Tjóðsavnið. Tjóðsavnið. Retrieved June 18, 2021, from https://www.tjodsavnid.fo/vernacular-species-names
",Faroese,Ken-ichi Ueda,2021-06-18T20:19:25Z
12822,steinstólpa,und,Faroe Islands,FO,"Hansen, L. J. (n.d.). Vernacular species names—Tjóðsavnið. Tjóðsavnið. Retrieved June 18, 2021, from https://www.tjodsavnid.fo/vernacular-species-names
",Faroese,Ken-ichi Ueda,2021-06-18T20:19:25Z
13000,dimmur velreyði,und,Faroe Islands,FO,"Hansen, L. J. (n.d.). Vernacular species names—Tjóðsavnið. Tjóðsavnið. Retrieved June 18, 2021, from https://www.tjodsavnid.fo/vernacular-species-names
",Faroese,Ken-ichi Ueda,2021-06-18T20:19:26Z
12992,velreyði,und,Faroe Islands,FO,"Hansen, L. J. (n.d.). Vernacular species names—Tjóðsavnið. Tjóðsavnið. Retrieved June 18, 2021, from https://www.tjodsavnid.fo/vernacular-species-names
",Faroese,Ken-ichi Ueda,2021-06-18T20:19:26Z
12908,reyðstólpa,und,Faroe Islands,FO,"Hansen, L. J. (n.d.). Vernacular species names—Tjóðsavnið. Tjóðsavnið. Retrieved June 18, 2021, from https://www.tjodsavnid.fo/vernacular-species-names
",Faroese,Ken-ichi Ueda,2021-06-18T20:19:27Z
145108,brandstari,und,Faroe Islands,FO,"Hansen, L. J. (n.d.). Vernacular species names—Tjóðsavnið. Tjóðsavnið. Retrieved June 18, 2021, from https://www.tjodsavnid.fo/vernacular-species-names
",Faroese,Ken-ichi Ueda,2021-06-18T20:19:28Z
14850,stari,und,Faroe Islands,FO,"Hansen, L. J. (n.d.). Vernacular species names—Tjóðsavnið. Tjóðsavnið. Retrieved June 18, 2021, from https://www.tjodsavnid.fo/vernacular-species-names
",Faroese,Ken-ichi Ueda,2021-06-18T20:19:28Z
116791,siljuljómari,und,Faroe Islands,FO,"Hansen, L. J. (n.d.). Vernacular species names—Tjóðsavnið. Tjóðsavnið. Retrieved June 18, 2021, from https://www.tjodsavnid.fo/vernacular-species-names
",Faroese,Ken-ichi Ueda,2021-06-18T20:19:30Z
204456,trastljómari,und,Faroe Islands,FO,"Hansen, L. J. (n.d.). Vernacular species names—Tjóðsavnið. Tjóðsavnið. Retrieved June 18, 2021, from https://www.tjodsavnid.fo/vernacular-species-names
",Faroese,Ken-ichi Ueda,2021-06-18T20:19:31Z
116802,fenljómari,und,Faroe Islands,FO,"Hansen, L. J. (n.d.). Vernacular species names—Tjóðsavnið. Tjóðsavnið. Retrieved June 18, 2021, from https://www.tjodsavnid.fo/vernacular-species-names
",Faroese,Ken-ichi Ueda,2021-06-18T20:19:31Z
116804,sevljómari,und,Faroe Islands,FO,"Hansen, L. J. (n.d.). Vernacular species names—Tjóðsavnið. Tjóðsavnið. Retrieved June 18, 2021, from https://www.tjodsavnid.fo/vernacular-species-names
",Faroese,Ken-ichi Ueda,2021-06-18T20:19:32Z
204455,royljómari,und,Faroe Islands,FO,"Hansen, L. J. (n.d.). Vernacular species names—Tjóðsavnið. Tjóðsavnið. Retrieved June 18, 2021, from https://www.tjodsavnid.fo/vernacular-species-names
",Faroese,Ken-ichi Ueda,2021-06-18T20:19:32Z
116918,gulljómari,und,Faroe Islands,FO,"Hansen, L. J. (n.d.). Vernacular species names—Tjóðsavnið. Tjóðsavnið. Retrieved June 18, 2021, from https://www.tjodsavnid.fo/vernacular-species-names
",Faroese,Ken-ichi Ueda,2021-06-18T20:19:33Z
116923,hermiljómari,und,Faroe Islands,FO,"Hansen, L. J. (n.d.). Vernacular species names—Tjóðsavnið. Tjóðsavnið. Retrieved June 18, 2021, from https://www.tjodsavnid.fo/vernacular-species-names
",Faroese,Ken-ichi Ueda,2021-06-18T20:19:33Z
116941,urniljómari,und,Faroe Islands,FO,"Hansen, L. J. (n.d.). Vernacular species names—Tjóðsavnið. Tjóðsavnið. Retrieved June 18, 2021, from https://www.tjodsavnid.fo/vernacular-species-names
",Faroese,Ken-ichi Ueda,2021-06-18T20:19:33Z
117008,norðljómari,und,Faroe Islands,FO,"Hansen, L. J. (n.d.). Vernacular species names—Tjóðsavnið. Tjóðsavnið. Retrieved June 18, 2021, from https://www.tjodsavnid.fo/vernacular-species-names
",Faroese,Ken-ichi Ueda,2021-06-18T20:19:34Z
117016,grannljómari,und,Faroe Islands,FO,"Hansen, L. J. (n.d.). Vernacular species names—Tjóðsavnið. Tjóðsavnið. Retrieved June 18, 2021, from https://www.tjodsavnid.fo/vernacular-species-names
",Faroese,Ken-ichi Ueda,2021-06-18T20:19:35Z
117028,nilksljómari,und,Faroe Islands,FO,"Hansen, L. J. (n.d.). Vernacular species names—Tjóðsavnið. Tjóðsavnið. Retrieved June 18, 2021, from https://www.tjodsavnid.fo/vernacular-species-names
",Faroese,Ken-ichi Ueda,2021-06-18T20:19:35Z
117041,kongsljómari,und,Faroe Islands,FO,"Hansen, L. J. (n.d.). Vernacular species names—Tjóðsavnið. Tjóðsavnið. Retrieved June 18, 2021, from https://www.tjodsavnid.fo/vernacular-species-names
",Faroese,Ken-ichi Ueda,2021-06-18T20:19:36Z
117047,birkiljómari,und,Faroe Islands,FO,"Hansen, L. J. (n.d.). Vernacular species names—Tjóðsavnið. Tjóðsavnið. Retrieved June 18, 2021, from https://www.tjodsavnid.fo/vernacular-species-names
",Faroese,Ken-ichi Ueda,2021-06-18T20:19:36Z
117048,grønljómari,und,Faroe Islands,FO,"Hansen, L. J. (n.d.). Vernacular species names—Tjóðsavnið. Tjóðsavnið. Retrieved June 18, 2021, from https://www.tjodsavnid.fo/vernacular-species-names
",Faroese,Ken-ichi Ueda,2021-06-18T20:19:36Z
117055,leyvljómari,und,Faroe Islands,FO,"Hansen, L. J. (n.d.). Vernacular species names—Tjóðsavnið. Tjóðsavnið. Retrieved June 18, 2021, from https://www.tjodsavnid.fo/vernacular-species-names
",Faroese,Ken-ichi Ueda,2021-06-18T20:19:37Z
15282,munkur,und,Faroe Islands,FO,"Hansen, L. J. (n.d.). Vernacular species names—Tjóðsavnið. Tjóðsavnið. Retrieved June 18, 2021, from https://www.tjodsavnid.fo/vernacular-species-names
",Faroese,Ken-ichi Ueda,2021-06-18T20:19:37Z
15302,garðljómari,und,Faroe Islands,FO,"Hansen, L. J. (n.d.). Vernacular species names—Tjóðsavnið. Tjóðsavnið. Retrieved June 18, 2021, from https://www.tjodsavnid.fo/vernacular-species-names
",Faroese,Ken-ichi Ueda,2021-06-18T20:19:38Z
145363,mortítlingur,und,Faroe Islands,FO,"Hansen, L. J. (n.d.). Vernacular species names—Tjóðsavnið. Tjóðsavnið. Retrieved June 18, 2021, from https://www.tjodsavnid.fo/vernacular-species-names
",Faroese,Ken-ichi Ueda,2021-06-18T20:19:40Z
12749,óðinshani,und,Faroe Islands,FO,"Hansen, L. J. (n.d.). Vernacular species names—Tjóðsavnið. Tjóðsavnið. Retrieved June 18, 2021, from https://www.tjodsavnid.fo/vernacular-species-names
",Faroese,Ken-ichi Ueda,2021-06-18T20:19:41Z
12716,kvørkveggja,und,Faroe Islands,FO,"Hansen, L. J. (n.d.). Vernacular species names—Tjóðsavnið. Tjóðsavnið. Retrieved June 18, 2021, from https://www.tjodsavnid.fo/vernacular-species-names
",Faroese,Ken-ichi Ueda,2021-06-18T20:19:41Z
12748,ljómtrøstur,und,Faroe Islands,FO,"Hansen, L. J. (n.d.). Vernacular species names—Tjóðsavnið. Tjóðsavnið. Retrieved June 18, 2021, from https://www.tjodsavnid.fo/vernacular-species-names
",Faroese,Ken-ichi Ueda,2021-06-18T20:19:42Z
12707,fjalltrøstur,und,Faroe Islands,FO,"Hansen, L. J. (n.d.). Vernacular species names—Tjóðsavnið. Tjóðsavnið. Retrieved June 18, 2021, from https://www.tjodsavnid.fo/vernacular-species-names
",Faroese,Ken-ichi Ueda,2021-06-18T20:19:43Z
12740,sigdartrøstur,und,Faroe Islands,FO,"Hansen, L. J. (n.d.). Vernacular species names—Tjóðsavnið. Tjóðsavnið. Retrieved June 18, 2021, from https://www.tjodsavnid.fo/vernacular-species-names
",Faroese,Ken-ichi Ueda,2021-06-18T20:19:44Z
12735,diglutrøstur,und,Faroe Islands,FO,"Hansen, L. J. (n.d.). Vernacular species names—Tjóðsavnið. Tjóðsavnið. Retrieved June 18, 2021, from https://www.tjodsavnid.fo/vernacular-species-names
",Faroese,Ken-ichi Ueda,2021-06-18T20:19:44Z
4954,hegri,und,Faroe Islands,FO,"Hansen, L. J. (n.d.). Vernacular species names—Tjóðsavnið. Tjóðsavnið. Retrieved June 18, 2021, from https://www.tjodsavnid.fo/vernacular-species-names
",Faroese,Ken-ichi Ueda,2021-06-18T20:19:45Z
4951,korkahegri,und,Faroe Islands,FO,"Hansen, L. J. (n.d.). Vernacular species names—Tjóðsavnið. Tjóðsavnið. Retrieved June 18, 2021, from https://www.tjodsavnid.fo/vernacular-species-names
",Faroese,Ken-ichi Ueda,2021-06-18T20:19:46Z
5034,amerikanskur mækjuglámur,und,Faroe Islands,FO,"Hansen, L. J. (n.d.). Vernacular species names—Tjóðsavnið. Tjóðsavnið. Retrieved June 18, 2021, from https://www.tjodsavnid.fo/vernacular-species-names
",Faroese,Ken-ichi Ueda,2021-06-18T20:19:46Z
5033,mækjuglámur,und,Faroe Islands,FO,"Hansen, L. J. (n.d.). Vernacular species names—Tjóðsavnið. Tjóðsavnið. Retrieved June 18, 2021, from https://www.tjodsavnid.fo/vernacular-species-names
",Faroese,Ken-ichi Ueda,2021-06-18T20:19:47Z
4943,silkihegri,und,Faroe Islands,FO,"Hansen, L. J. (n.d.). Vernacular species names—Tjóðsavnið. Tjóðsavnið. Retrieved June 18, 2021, from https://www.tjodsavnid.fo/vernacular-species-names
",Faroese,Ken-ichi Ueda,2021-06-18T20:19:49Z
4981,nátthegri,und,Faroe Islands,FO,"Hansen, L. J. (n.d.). Vernacular species names—Tjóðsavnið. Tjóðsavnið. Retrieved June 18, 2021, from https://www.tjodsavnid.fo/vernacular-species-names
",Faroese,Ken-ichi Ueda,2021-06-18T20:19:50Z
3731,spónnev,und,Faroe Islands,FO,"Hansen, L. J. (n.d.). Vernacular species names—Tjóðsavnið. Tjóðsavnið. Retrieved June 18, 2021, from https://www.tjodsavnid.fo/vernacular-species-names
",Faroese,Ken-ichi Ueda,2021-06-18T20:19:51Z
3756,bognev,und,Faroe Islands,FO,"Hansen, L. J. (n.d.). Vernacular species names—Tjóðsavnið. Tjóðsavnið. Retrieved June 18, 2021, from https://www.tjodsavnid.fo/vernacular-species-names
",Faroese,Ken-ichi Ueda,2021-06-18T20:19:52Z
17871,stór flekkuspæta,und,Faroe Islands,FO,"Hansen, L. J. (n.d.). Vernacular species names—Tjóðsavnið. Tjóðsavnið. Retrieved June 18, 2021, from https://www.tjodsavnid.fo/vernacular-species-names
",Faroese,Ken-ichi Ueda,2021-06-18T20:19:52Z
18448,snúðurkriki,und,Faroe Islands,FO,"Hansen, L. J. (n.d.). Vernacular species names—Tjóðsavnið. Tjóðsavnið. Retrieved June 18, 2021, from https://www.tjodsavnid.fo/vernacular-species-names
",Faroese,Ken-ichi Ueda,2021-06-18T20:19:53Z
144243,spónspæta,und,Faroe Islands,FO,"Hansen, L. J. (n.d.). Vernacular species names—Tjóðsavnið. Tjóðsavnið. Retrieved June 18, 2021, from https://www.tjodsavnid.fo/vernacular-species-names
",Faroese,Ken-ichi Ueda,2021-06-18T20:19:54Z
4209,gjør,und,Faroe Islands,FO,"Hansen, L. J. (n.d.). Vernacular species names—Tjóðsavnið. Tjóðsavnið. Retrieved June 18, 2021, from https://www.tjodsavnid.fo/vernacular-species-names
",Faroese,Ken-ichi Ueda,2021-06-18T20:19:54Z
4224,øsgrá gjør,und,Faroe Islands,FO,"Hansen, L. J. (n.d.). Vernacular species names—Tjóðsavnið. Tjóðsavnið. Retrieved June 18, 2021, from https://www.tjodsavnid.fo/vernacular-species-names
",Faroese,Ken-ichi Ueda,2021-06-18T20:19:55Z
4237,smágjør,und,Faroe Islands,FO,"Hansen, L. J. (n.d.). Vernacular species names—Tjóðsavnið. Tjóðsavnið. Retrieved June 18, 2021, from https://www.tjodsavnid.fo/vernacular-species-names
",Faroese,Ken-ichi Ueda,2021-06-18T20:19:56Z
144433,súlukongur,und,Faroe Islands,FO,"Hansen, L. J. (n.d.). Vernacular species names—Tjóðsavnið. Tjóðsavnið. Retrieved June 18, 2021, from https://www.tjodsavnid.fo/vernacular-species-names
",Faroese,Ken-ichi Ueda,2021-06-18T20:19:56Z
4170,drunnhvíti,und,Faroe Islands,FO,"Hansen, L. J. (n.d.). Vernacular species names—Tjóðsavnið. Tjóðsavnið. Retrieved June 18, 2021, from https://www.tjodsavnid.fo/vernacular-species-names
",Faroese,Ken-ichi Ueda,2021-06-18T20:19:56Z
4170,havtyrðil,und,Faroe Islands,FO,"Hansen, L. J. (n.d.). Vernacular species names—Tjóðsavnið. Tjóðsavnið. Retrieved June 18, 2021, from https://www.tjodsavnid.fo/vernacular-species-names
",Faroese,Ken-ichi Ueda,2021-06-18T20:19:57Z
509656,nevgulur skrápur,und,Faroe Islands,FO,"Hansen, L. J. (n.d.). Vernacular species names—Tjóðsavnið. Tjóðsavnið. Retrieved June 18, 2021, from https://www.tjodsavnid.fo/vernacular-species-names
",Faroese,Ken-ichi Ueda,2021-06-18T20:19:58Z
4180,havhestur,und,Faroe Islands,FO,"Hansen, L. J. (n.d.). Vernacular species names—Tjóðsavnið. Tjóðsavnið. Retrieved June 18, 2021, from https://www.tjodsavnid.fo/vernacular-species-names
",Faroese,Ken-ichi Ueda,2021-06-18T20:19:58Z
475120,stórskrápur,und,Faroe Islands,FO,"Hansen, L. J. (n.d.). Vernacular species names—Tjóðsavnið. Tjóðsavnið. Retrieved June 18, 2021, from https://www.tjodsavnid.fo/vernacular-species-names
",Faroese,Ken-ichi Ueda,2021-06-18T20:19:59Z
502899,gráskrápur,und,Faroe Islands,FO,"Hansen, L. J. (n.d.). Vernacular species names—Tjóðsavnið. Tjóðsavnið. Retrieved June 18, 2021, from https://www.tjodsavnid.fo/vernacular-species-names
",Faroese,Ken-ichi Ueda,2021-06-18T20:19:59Z
4093,skrápur,und,Faroe Islands,FO,"Hansen, L. J. (n.d.). Vernacular species names—Tjóðsavnið. Tjóðsavnið. Retrieved June 18, 2021, from https://www.tjodsavnid.fo/vernacular-species-names
",Faroese,Ken-ichi Ueda,2021-06-18T20:20:00Z
117119,fornahøna,und,Faroe Islands,FO,"Hansen, L. J. (n.d.). Vernacular species names—Tjóðsavnið. Tjóðsavnið. Retrieved June 18, 2021, from https://www.tjodsavnid.fo/vernacular-species-names
",Faroese,Ken-ichi Ueda,2021-06-18T20:20:00Z
20315,uglubóndi,und,Faroe Islands,FO,"Hansen, L. J. (n.d.). Vernacular species names—Tjóðsavnið. Tjóðsavnið. Retrieved June 18, 2021, from https://www.tjodsavnid.fo/vernacular-species-names
",Faroese,Ken-ichi Ueda,2021-06-18T20:20:00Z
20307,kattúla,und,Faroe Islands,FO,"Hansen, L. J. (n.d.). Vernacular species names—Tjóðsavnið. Tjóðsavnið. Retrieved June 18, 2021, from https://www.tjodsavnid.fo/vernacular-species-names
",Faroese,Ken-ichi Ueda,2021-06-18T20:20:01Z
20244,lítil kattúla,und,Faroe Islands,FO,"Hansen, L. J. (n.d.). Vernacular species names—Tjóðsavnið. Tjóðsavnið. Retrieved June 18, 2021, from https://www.tjodsavnid.fo/vernacular-species-names
",Faroese,Ken-ichi Ueda,2021-06-18T20:20:02Z
19898,músagjóð,und,Faroe Islands,FO,"Hansen, L. J. (n.d.). Vernacular species names—Tjóðsavnið. Tjóðsavnið. Retrieved June 18, 2021, from https://www.tjodsavnid.fo/vernacular-species-names
",Faroese,Ken-ichi Ueda,2021-06-18T20:20:02Z
4270,hiplingur,und,Faroe Islands,FO,"Hansen, L. J. (n.d.). Vernacular species names—Tjóðsavnið. Tjóðsavnið. Retrieved June 18, 2021, from https://www.tjodsavnid.fo/vernacular-species-names
",Faroese,Ken-ichi Ueda,2021-06-18T20:20:04Z
3802,súla,und,Faroe Islands,FO,"Hansen, L. J. (n.d.). Vernacular species names—Tjóðsavnið. Tjóðsavnið. Retrieved June 18, 2021, from https://www.tjodsavnid.fo/vernacular-species-names
",Faroese,Ken-ichi Ueda,2021-06-18T20:20:05Z
20969,herfuglur,und,Faroe Islands,FO,"Hansen, L. J. (n.d.). Vernacular species names—Tjóðsavnið. Tjóðsavnið. Retrieved June 18, 2021, from https://www.tjodsavnid.fo/vernacular-species-names
",Faroese,Ken-ichi Ueda,2021-06-18T20:20:05Z
49223,Súgari,und,Faroe Islands,FO,"Hansen, L. J. (n.d.). Vernacular species names—Tjóðsavnið. Tjóðsavnið. Retrieved June 18, 2021, from https://www.tjodsavnid.fo/vernacular-species-names
",Faroese,Ken-ichi Ueda,2021-06-18T20:20:06Z
42048,Fjallaúlvur,und,Faroe Islands,FO,"Hansen, L. J. (n.d.). Vernacular species names—Tjóðsavnið. Tjóðsavnið. Retrieved June 18, 2021, from https://www.tjodsavnid.fo/vernacular-species-names
",Faroese,Ken-ichi Ueda,2021-06-18T20:20:07Z
41766,Roysningur,und,Faroe Islands,FO,"Hansen, L. J. (n.d.). Vernacular species names—Tjóðsavnið. Tjóðsavnið. Retrieved June 18, 2021, from https://www.tjodsavnid.fo/vernacular-species-names
",Faroese,Ken-ichi Ueda,2021-06-18T20:20:08Z
41720,Granarkópur,und,Faroe Islands,FO,"Hansen, L. J. (n.d.). Vernacular species names—Tjóðsavnið. Tjóðsavnið. Retrieved June 18, 2021, from https://www.tjodsavnid.fo/vernacular-species-names
",Faroese,Ken-ichi Ueda,2021-06-18T20:20:08Z
40573,Leislerflogmús,und,Faroe Islands,FO,"Hansen, L. J. (n.d.). Vernacular species names—Tjóðsavnið. Tjóðsavnið. Retrieved June 18, 2021, from https://www.tjodsavnid.fo/vernacular-species-names
",Faroese,Ken-ichi Ueda,2021-06-18T20:20:10Z
40391,Trøllflogmús,und,Faroe Islands,FO,"Hansen, L. J. (n.d.). Vernacular species names—Tjóðsavnið. Tjóðsavnið. Retrieved June 18, 2021, from https://www.tjodsavnid.fo/vernacular-species-names
",Faroese,Ken-ichi Ueda,2021-06-18T20:20:10Z
40446,Hýggiflogmús,und,Faroe Islands,FO,"Hansen, L. J. (n.d.). Vernacular species names—Tjóðsavnið. Tjóðsavnið. Retrieved June 18, 2021, from https://www.tjodsavnid.fo/vernacular-species-names
",Faroese,Ken-ichi Ueda,2021-06-18T20:20:11Z
43584,Menniskjað,und,Faroe Islands,FO,"Hansen, L. J. (n.d.). Vernacular species names—Tjóðsavnið. Tjóðsavnið. Retrieved June 18, 2021, from https://www.tjodsavnid.fo/vernacular-species-names
",Faroese,Ken-ichi Ueda,2021-06-18T20:20:11Z
44705,Eystanmús,und,Faroe Islands,FO,"Hansen, L. J. (n.d.). Vernacular species names—Tjóðsavnið. Tjóðsavnið. Retrieved June 18, 2021, from https://www.tjodsavnid.fo/vernacular-species-names
",Faroese,Ken-ichi Ueda,2021-06-18T20:20:13Z
44576,Brún rotta,und,Faroe Islands,FO,"Hansen, L. J. (n.d.). Vernacular species names—Tjóðsavnið. Tjóðsavnið. Retrieved June 18, 2021, from https://www.tjodsavnid.fo/vernacular-species-names
",Faroese,Ken-ichi Ueda,2021-06-18T20:20:14Z
44575,Svørt rotta,und,Faroe Islands,FO,"Hansen, L. J. (n.d.). Vernacular species names—Tjóðsavnið. Tjóðsavnið. Retrieved June 18, 2021, from https://www.tjodsavnid.fo/vernacular-species-names
",Faroese,Ken-ichi Ueda,2021-06-18T20:20:15Z
48648,Smolt,und,"","",http://www.catalogueoflife.org/annual-checklist/details/species/id/10078694/common/45703,Faroese,iSea,2021-07-09T13:29:36Z
48648,Laksur,und,"","",http://www.catalogueoflife.org/annual-checklist/details/species/id/10078694/common/45785,Faroese,iSea,2021-07-09T13:30:25Z
99413,Svartaskøta,und,"","",http://www.catalogueoflife.org/annual-checklist/details/species/id/10078127/common/40480,Faroese,,2021-07-19T15:43:42Z
196745,Sildasterril,und,"","",http://www.catalogueoflife.org/annual-checklist/details/species/id/10064533/common/117874,Faroese,max kirsch,2021-07-20T13:30:54Z
196745,Sildakongur,und,"","",,Faroese,Zane Roskoph,2021-07-20T13:31:12Z
1264432,Minkur,und,"","","Hansen, L. J. (n.d.). Vernacular species names—Tjóðsavnið. Tjóðsavnið. Retrieved June 18, 2021, from https://www.tjodsavnid.fo/vernacular-species-names
",Faroese,,2021-07-20T16:31:11Z
41970,Jaguarur,und,"","",,Faroese,Zane Roskoph,2021-07-30T11:59:53Z
42007,Fjalla-leyvur,und,"","",,Faroese,Zane Roskoph,2021-08-01T00:52:33Z
112841,Hákelling,und,"","",,Faroese,Zane Roskoph,2021-08-03T14:26:28Z
41644,Hvítabjørn,und,"","",,Faroese,Zane Roskoph,2021-08-11T16:10:51Z
41955,Gepardur,und,"","",,Faroese,Zane Roskoph,2021-08-13T11:59:27Z
41964,Leyva,und,"","",,Faroese,Zane Roskoph,2021-08-24T12:19:56Z
130796,Sibiriskur tikari,und,"","",,Faroese,Zane Roskoph,2021-08-26T13:54:43Z
41967,Tikari,und,"","",,Faroese,Zane Roskoph,2021-08-26T15:13:24Z
130793,Bengalskur tikari,und,"","",,Faroese,Zane Roskoph,2021-08-27T12:23:42Z
130793,Suðurkinesiskur tikari,und,"","",,Faroese,Zane Roskoph,2021-08-27T14:31:23Z
114122,Langfjaðraði tunfiskur,und,"","","Philips TK, Moretto P (2025) Revision of the genus _Pseudopedaria_ Felsche, 1904, with descriptions of three new species and a subspecies from Central Africa (Coleoptera: Scarabaeinae: Coprini). Catharsius La Revue (N.S.) 5: 1–26. doi:10.5281/zenodo.17036002.",Faroese,iSea,2021-09-18T19:37:15Z
60603,Grárognkelsi,und,"","","Philips TK, Moretto P (2025) Revision of the genus _Pseudopedaria_ Felsche, 1904, with descriptions of three new species and a subspecies from Central Africa (Coleoptera: Scarabaeinae: Coprini). Catharsius La Revue (N.S.) 5: 1–26. doi:10.5281/zenodo.17036002.",Faroese,Wojciech Duda,2021-09-19T14:57:10Z
60603,Reyðrognkelsi,und,"","","Philips TK, Moretto P (2025) Revision of the genus _Pseudopedaria_ Felsche, 1904, with descriptions of three new species and a subspecies from Central Africa (Coleoptera: Scarabaeinae: Coprini). Catharsius La Revue (N.S.) 5: 1–26. doi:10.5281/zenodo.17036002.",Faroese,Wojciech Duda,2021-09-19T14:57:21Z
60603,Rognkelsi,und,"","","Philips TK, Moretto P (2025) Revision of the genus _Pseudopedaria_ Felsche, 1904, with descriptions of three new species and a subspecies from Central Africa (Coleoptera: Scarabaeinae: Coprini). Catharsius La Revue (N.S.) 5: 1–26. doi:10.5281/zenodo.17036002.",Faroese,Wojciech Duda,2021-09-19T14:57:28Z
49601,Mánafiskur,und,"","","Philips TK, Moretto P (2025) Revision of the genus _Pseudopedaria_ Felsche, 1904, with descriptions of three new species and a subspecies from Central Africa (Coleoptera: Scarabaeinae: Coprini). Catharsius La Revue (N.S.) 5: 1–26. doi:10.5281/zenodo.17036002.",Faroese,Victor HOYEAU,2021-09-19T15:24:19Z
97990,Sild,und,"","",,Faroese,Zane Roskoph,2021-09-19T16:05:44Z
82128,Brugda,und,"","","Philips TK, Moretto P (2025) Revision of the genus _Pseudopedaria_ Felsche, 1904, with descriptions of three new species and a subspecies from Central Africa (Coleoptera: Scarabaeinae: Coprini). Catharsius La Revue (N.S.) 5: 1–26. doi:10.5281/zenodo.17036002.",Faroese,Maksymilian Wojtkiewicz,2021-09-19T18:54:10Z
213519,Steinbítur,und,"","","Philips TK, Moretto P (2025) Revision of the genus _Pseudopedaria_ Felsche, 1904, with descriptions of three new species and a subspecies from Central Africa (Coleoptera: Scarabaeinae: Coprini). Catharsius La Revue (N.S.) 5: 1–26. doi:10.5281/zenodo.17036002.",Faroese,,2021-10-02T13:43:53Z
213519,Hundfiskur,und,"","","Philips TK, Moretto P (2025) Revision of the genus _Pseudopedaria_ Felsche, 1904, with descriptions of three new species and a subspecies from Central Africa (Coleoptera: Scarabaeinae: Coprini). Catharsius La Revue (N.S.) 5: 1–26. doi:10.5281/zenodo.17036002.",Faroese,,2021-10-02T13:44:00Z
47639,Kluftarpill,und,"","","Philips TK, Moretto P (2025) Revision of the genus _Pseudopedaria_ Felsche, 1904, with descriptions of three new species and a subspecies from Central Africa (Coleoptera: Scarabaeinae: Coprini). Catharsius La Revue (N.S.) 5: 1–26. doi:10.5281/zenodo.17036002.",Faroese,,2021-10-02T14:10:44Z
47639,Klunta,und,"","","Philips TK, Moretto P (2025) Revision of the genus _Pseudopedaria_ Felsche, 1904, with descriptions of three new species and a subspecies from Central Africa (Coleoptera: Scarabaeinae: Coprini). Catharsius La Revue (N.S.) 5: 1–26. doi:10.5281/zenodo.17036002.",Faroese,,2021-10-02T14:10:52Z
47639,Krutt,und,"","","Philips TK, Moretto P (2025) Revision of the genus _Pseudopedaria_ Felsche, 1904, with descriptions of three new species and a subspecies from Central Africa (Coleoptera: Scarabaeinae: Coprini). Catharsius La Revue (N.S.) 5: 1–26. doi:10.5281/zenodo.17036002.",Faroese,,2021-10-02T14:11:00Z
47639,Ulka,und,"","",,Faroese,Zane Roskoph,2021-10-02T14:11:14Z
459402,Búrfiskur,und,"","","Philips TK, Moretto P (2025) Revision of the genus _Pseudopedaria_ Felsche, 1904, with descriptions of three new species and a subspecies from Central Africa (Coleoptera: Scarabaeinae: Coprini). Catharsius La Revue (N.S.) 5: 1–26. doi:10.5281/zenodo.17036002.",Faroese,,2021-10-03T16:55:52Z
213895,Stinglaksur,und,"","","Philips TK, Moretto P (2025) Revision of the genus _Pseudopedaria_ Felsche, 1904, with descriptions of three new species and a subspecies from Central Africa (Coleoptera: Scarabaeinae: Coprini). Catharsius La Revue (N.S.) 5: 1–26. doi:10.5281/zenodo.17036002.",Faroese,,2021-10-03T22:45:53Z
122916,Laksastyrja,und,"","","Philips TK, Moretto P (2025) Revision of the genus _Pseudopedaria_ Felsche, 1904, with descriptions of three new species and a subspecies from Central Africa (Coleoptera: Scarabaeinae: Coprini). Catharsius La Revue (N.S.) 5: 1–26. doi:10.5281/zenodo.17036002.",Faroese,Ralph Foster,2021-10-03T23:10:27Z
79275,mjátt tjarnaks,und,"","","Hansen, L. J. (n.d.). Vernacular species names—Tjóðsavnið. Tjóðsavnið. Retrieved June 18, 2021, from https://www.tjodsavnid.fo/vernacular-species-names
",Faroese,,2021-10-04T00:20:37Z
1289697,orri,und,"","","Hansen, L. J. (n.d.). Vernacular species names—Tjóðsavnið. Tjóðsavnið. Retrieved June 18, 2021, from https://www.tjodsavnid.fo/vernacular-species-names
",Faroese,Sean Cozart,2022-03-21T20:28:55Z
56022,Garðaskøra,und,Faroe Islands EEZ and Territorial Waters,"",,Faroese,sjurdur,2022-03-22T15:40:09Z
55908,Snjóhara,und,Faroe Islands EEZ and Territorial Waters,"",,Faroese,sjurdur,2022-03-28T07:03:15Z
1289622,sýldur drunnhvíti,und,"","","Hansen, L. J. (n.d.). Vernacular species names—Tjóðsavnið. Tjóðsavnið. Retrieved June 18, 2021, from https://www.tjodsavnid.fo/vernacular-species-names
",Faroese,Cole Gaerber,2022-04-18T20:12:48Z
1289474,teymljómari,und,"","","Hansen, L. J. (n.d.). Vernacular species names—Tjóðsavnið. Tjóðsavnið. Retrieved June 18, 2021, from https://www.tjodsavnid.fo/vernacular-species-names
",Faroese,,2022-04-18T20:56:36Z
1289488,heykljómari,und,"","","Hansen, L. J. (n.d.). Vernacular species names—Tjóðsavnið. Tjóðsavnið. Retrieved June 18, 2021, from https://www.tjodsavnid.fo/vernacular-species-names
",Faroese,,2022-04-18T20:56:54Z
1289484,notuljómari,und,"","","Hansen, L. J. (n.d.). Vernacular species names—Tjóðsavnið. Tjóðsavnið. Retrieved June 18, 2021, from https://www.tjodsavnid.fo/vernacular-species-names
",Faroese,carnifex,2022-04-18T20:58:21Z
1289470,tyrniljómari,und,"","","Hansen, L. J. (n.d.). Vernacular species names—Tjóðsavnið. Tjóðsavnið. Retrieved June 18, 2021, from https://www.tjodsavnid.fo/vernacular-species-names
",Faroese,Sean Cozart,2022-04-18T21:00:36Z
1289604,skarvur,und,"","","Hansen, L. J. (n.d.). Vernacular species names—Tjóðsavnið. Tjóðsavnið. Retrieved June 18, 2021, from https://www.tjodsavnid.fo/vernacular-species-names
",Faroese,max kirsch,2022-05-15T02:58:43Z
1419331,Morvongur,und,"","","Hansen, L. J. (n.d.). Vernacular species names—Tjóðsavnið. Tjóðsavnið. Retrieved June 18, 2021, from https://www.tjodsavnid.fo/vernacular-species-names
",Faroese,,2022-10-04T03:29:47Z
1402722,mosasev,und,"","","Hansen, L. J. (n.d.). Vernacular species names—Tjóðsavnið. Tjóðsavnið. Retrieved June 18, 2021, from https://www.tjodsavnid.fo/vernacular-species-names
",Faroese,,2022-10-07T14:11:36Z
1425393,smástør,und,"","","Hansen, L. J. (n.d.). Vernacular species names—Tjóðsavnið. Tjóðsavnið. Retrieved June 18, 2021, from https://www.tjodsavnid.fo/vernacular-species-names
",Faroese,,2022-11-06T05:06:27Z
1445691,Vanligt silvurkykt,und,"","","Hansen, L. J. (n.d.). Vernacular species names—Tjóðsavnið. Tjóðsavnið. Retrieved June 18, 2021, from https://www.tjodsavnid.fo/vernacular-species-names
",Faroese,,2023-01-30T21:51:45Z
1446175,skotsk meistaraurt,und,"","","Hansen, L. J. (n.d.). Vernacular species names—Tjóðsavnið. Tjóðsavnið. Retrieved June 18, 2021, from https://www.tjodsavnid.fo/vernacular-species-names
",Faroese,,2023-02-03T11:08:27Z
20526,Strutsur,und,"","",,Faroese,Johan Devos,2023-02-28T22:26:39Z
213520,Liri,und,"","",,Faroese,José Pedro De Campos Fogaça,2023-07-11T16:52:36Z
412646,tvíraðað bygg,und,"","","Hansen, L. J. (n.d.). Vernacular species names—Tjóðsavnið. Tjóðsavnið. Retrieved June 18, 2021, from https://www.tjodsavnid.fo/vernacular-species-names
",Faroese,,2023-10-24T08:29:44Z
4788,kviðreyð lógv,und,"","","Hansen, L. J. (n.d.). Vernacular species names—Tjóðsavnið. Tjóðsavnið. Retrieved June 18, 2021, from https://www.tjodsavnid.fo/vernacular-species-names
",Faroese,Victor HOYEAU,2023-10-29T13:13:47Z
942779,sandsmarhálmur,und,"","","Hansen, L. J. (n.d.). Vernacular species names—Tjóðsavnið. Tjóðsavnið. Retrieved June 18, 2021, from https://www.tjodsavnid.fo/vernacular-species-names
",Faroese,,2023-11-19T23:38:13Z
1520571,Lyngvevjari,und,"","","Hansen, L. J. (n.d.). Vernacular species names—Tjóðsavnið. Tjóðsavnið. Retrieved June 18, 2021, from https://www.tjodsavnid.fo/vernacular-species-names
",Faroese,,2023-12-24T13:55:26Z
1562069,akursinoppur,und,"","","Hansen, L. J. (n.d.). Vernacular species names—Tjóðsavnið. Tjóðsavnið. Retrieved June 18, 2021, from https://www.tjodsavnid.fo/vernacular-species-names
",Faroese,,2024-07-25T14:25:59Z
1578961,vætturhegri,und,"","","Hansen, L. J. (n.d.). Vernacular species names—Tjóðsavnið. Tjóðsavnið. Retrieved June 18, 2021, from https://www.tjodsavnid.fo/vernacular-species-names
",Faroese,,2024-10-23T22:12:47Z
1579015,høsnaheykur,und,"","","Hansen, L. J. (n.d.). Vernacular species names—Tjóðsavnið. Tjóðsavnið. Retrieved June 18, 2021, from https://www.tjodsavnid.fo/vernacular-species-names
",Faroese,Raúl MT,2024-10-24T23:42:26Z
411086,kúhegri,und,"","","Hansen, L. J. (n.d.). Vernacular species names—Tjóðsavnið. Tjóðsavnið. Retrieved June 18, 2021, from https://www.tjodsavnid.fo/vernacular-species-names
",Faroese,Sean Cozart,2024-11-03T09:37:31Z
145300,reyðskalli,und,"","","Hansen, L. J. (n.d.). Vernacular species names—Tjóðsavnið. Tjóðsavnið. Retrieved June 18, 2021, from https://www.tjodsavnid.fo/vernacular-species-names
",Faroese,Ken-ichi Ueda,2024-11-17T13:39:59Z
336399,rókur,und,"","","Hansen, L. J. (n.d.). Vernacular species names—Tjóðsavnið. Tjóðsavnið. Retrieved June 18, 2021, from https://www.tjodsavnid.fo/vernacular-species-names
",Faroese,,2024-11-17T14:29:23Z
115167,Svørðfiskur,und,"","","Philips TK, Moretto P (2025) Revision of the genus _Pseudopedaria_ Felsche, 1904, with descriptions of three new species and a subspecies from Central Africa (Coleoptera: Scarabaeinae: Coprini). Catharsius La Revue (N.S.) 5: 1–26. doi:10.5281/zenodo.17036002.",Faroese,,2024-12-27T01:51:42Z
51371,Amerikansk flundra,und,"","","Philips TK, Moretto P (2025) Revision of the genus _Pseudopedaria_ Felsche, 1904, with descriptions of three new species and a subspecies from Central Africa (Coleoptera: Scarabaeinae: Coprini). Catharsius La Revue (N.S.) 5: 1–26. doi:10.5281/zenodo.17036002.",Faroese,,2024-12-28T00:09:50Z
263552,Lundalús,und,"","","Hansen, L. J. (n.d.). Vernacular species names—Tjóðsavnið. Tjóðsavnið. Retrieved June 18, 2021, from https://www.tjodsavnid.fo/vernacular-species-names
",Faroese,,2025-02-20T19:31:41Z
1473095,rótmikil dreymsólja,und,Faroe Islands,FO,"Hansen, L. J. (n.d.). Vernacular species names—Tjóðsavnið. Tjóðsavnið. Retrieved June 18, 2021, from https://www.tjodsavnid.fo/vernacular-species-names
",Faroese,,2025-08-26T10:01:11Z
1596132,Norðflogmús,und,Faroe Islands,FO,"Hansen, L. J. (n.d.). Vernacular species names—Tjóðsavnið. Tjóðsavnið. Retrieved June 18, 2021, from https://www.tjodsavnid.fo/vernacular-species-names
",Faroese,Sean Cozart,2025-09-02T22:06:41Z
1596127,Niðuflogmús,und,Faroe Islands,FO,"Hansen, L. J. (n.d.). Vernacular species names—Tjóðsavnið. Tjóðsavnið. Retrieved June 18, 2021, from https://www.tjodsavnid.fo/vernacular-species-names
",Faroese,Sean Cozart,2025-09-02T22:12:27Z
1671287,Rótarvongur,und,Faroe Islands,FO,"Hansen, L. J. (n.d.). Vernacular species names—Tjóðsavnið. Tjóðsavnið. Retrieved June 18, 2021, from https://www.tjodsavnid.fo/vernacular-species-names
",Faroese,,2026-02-28T12:29:09Z
1696537,Visundur,und,"","",https://www.inaturalist.org/taxon_names/2655333/edit,Faroese,Sean Cozart,2026-07-29T04:22:56Z
1696537,Europeiskur bisonur,und,"","",https://www.inaturalist.org/taxon_names/2655334/edit,Faroese,Sean Cozart,2026-07-29T04:22:58Z
